# File produced by Open Asset Import Library (http://www.assimp.sf.net)
# (assimp v5.2.0)

mtllib left_wrist_yaw_link.mtl

# 3188 vertex positions
v  0.0415001996 -0.0156336706 0.00574772572
v  0.0415001996 -0.0162822008 0.00290632411
v  0.0415001996 0.00300000003 -8.6788866e-14
v  0.0415001996 -0.0164999999 2.73025916e-12
v  0.0415001996 -0.0162822008 -0.00290632411
v  0.0415001996 -0.0112945111 0.013263368
v  0.0415001996 -0.0131116565 0.0109847412
v  0.0415001996 -0.0145688932 0.00846073311
v  0.0415001996 -0.00412415015 0.0181520376
v  0.0415001996 -0.00675000018 0.0168874953
v  0.0415001996 -0.00915805157 0.0152457142
v  0.0415001996 0.00445723673 0.0194454733
v  0.0415001996 0.0015427632 0.0194454733
v  0.0415001996 -0.00133915816 0.0190110952
v  0.0415001996 0.0127499998 0.0168874953
v  0.0415001996 0.0101241497 0.0181520376
v  0.0415001996 0.0073391581 0.0190110952
v  0.0415001996 0.0191116557 0.0109847412
v  0.0415001996 0.0172945112 0.013263368
v  0.0415001996 0.0151580507 0.0152457142
v  0.0415001996 0.0222822018 0.00290632411
v  0.0415001996 0.0216336697 0.00574772572
v  0.0415001996 0.0205688924 0.00846073311
v  0.0415001996 0.0216336697 -0.00574772572
v  0.0415001996 0.0222822018 -0.00290632411
v  0.0415001996 0.0225000009 -2.90383689e-12
v  0.0415001996 0.0172945112 -0.013263368
v  0.0415001996 0.0191116557 -0.0109847412
v  0.0415001996 0.0205688924 -0.00846073311
v  0.0415001996 0.0101241497 -0.0181520376
v  0.0415001996 0.0127499998 -0.0168874953
v  0.0415001996 0.0151580507 -0.0152457142
v  0.0415001996 0.0015427632 -0.0194454733
v  0.0415001996 0.00445723673 -0.0194454733
v  0.0415001996 0.0073391581 -0.0190110952
v  0.0415001996 -0.00675000018 -0.0168874953
v  0.0415001996 -0.00412415015 -0.0181520376
v  0.0415001996 -0.00133915816 -0.0190110952
v  0.0415001996 -0.0131116565 -0.0109847412
v  0.0415001996 -0.0112945111 -0.013263368
v  0.0415001996 -0.00915805157 -0.0152457142
v  0.0415001996 -0.0156336706 -0.00574772572
v  0.0415001996 -0.0145688932 -0.00846073311
v  0.0410001986 0.0225000009 -2.75936912e-12
v  0.0410001986 0.0222822018 -0.00290632411
v  0.0410001986 0.0216336697 -0.00574772572
v  0.0410001986 0.0205688924 -0.00846073311
v  0.0410001986 0.0191116557 -0.0109847412
v  0.0410001986 0.0172945112 -0.013263368
v  0.0410001986 0.0151580507 -0.0152457142
v  0.0410001986 0.0127499998 -0.0168874953
v  0.0410001986 0.0101241497 -0.0181520376
v  0.0410001986 0.0073391581 -0.0190110952
v  0.0410001986 0.00445723673 -0.0194454733
v  0.0410001986 0.0015427632 -0.0194454733
v  0.0410001986 -0.00133915816 -0.0190110952
v  0.0410001986 -0.00412415015 -0.0181520376
v  0.0410001986 -0.00675000018 -0.0168874953
v  0.0410001986 -0.00915805157 -0.0152457142
v  0.0410001986 -0.0112945111 -0.013263368
v  0.0410001986 -0.0131116565 -0.0109847412
v  0.0410001986 -0.0145688932 -0.00846073311
v  0.0410001986 -0.0156336706 -0.00574772572
v  0.0410001986 -0.0162822008 -0.00290632411
v  0.0410001986 -0.0164999999 2.87472325e-12
v  0.0410001986 -0.0162822008 0.00290632411
v  0.0410001986 -0.0156336706 0.00574772572
v  0.0410001986 -0.0145688932 0.00846073311
v  0.0410001986 -0.0131116565 0.0109847412
v  0.0410001986 -0.0112945111 0.013263368
v  0.0410001986 -0.00915805157 0.0152457142
v  0.0410001986 -0.00675000018 0.0168874953
v  0.0410001986 -0.00412415015 0.0181520376
v  0.0410001986 -0.00133915816 0.0190110952
v  0.0410001986 0.0015427632 0.0194454733
v  0.0410001986 0.00445723673 0.0194454733
v  0.0410001986 0.0073391581 0.0190110952
v  0.0410001986 0.0101241497 0.0181520376
v  0.0410001986 0.0127499998 0.0168874953
v  0.0410001986 0.0151580507 0.0152457142
v  0.0410001986 0.0172945112 0.013263368
v  0.0410001986 0.0191116557 0.0109847412
v  0.0410001986 0.0205688924 0.00846073311
v  0.0410001986 0.0216336697 0.00574772572
v  0.0410001986 0.0222822018 0.00290632411
v  0.02489057 -0.0188232418 -0.0221150685
v  0.0251701009 -0.0189306289 -0.0219758973
v  0.0251825433 -0.0181416161 -0.0219957344
v  0.0279827975 -0.0194079746 -0.0179334506
v  0.027955262 -0.0193023477 -0.0182461534
v  0.027937945 -0.0208723564 -0.0182504505
v  0.0262190383 -0.0177966431 -0.0213085879
v  0.0261896383 -0.0194048714 -0.0213179104
v  0.0266386326 -0.0196646117 -0.0209218245
v  0.0221857037 -0.016653968 -0.0228746403
v  0.0220567454 -0.0166379027 -0.0228897575
v  0.0215180162 -0.017328538 -0.022954125
v  0.0227999445 -0.0167393349 -0.0227861609
v  0.0224902928 -0.016691912 -0.0228389353
v  0.0227993205 -0.0174973682 -0.0227991398
v  0.0224434491 -0.0166860763 -0.0228444263
v  0.0222147964 -0.0166575927 -0.0228712298
v  0.0219277367 -0.0166218318 -0.0229048803
v  0.0218355879 -0.0166103523 -0.0229156837
v  0.0217986777 -0.0166057535 -0.0229200106
v  0.0216695648 -0.0165896695 -0.0229351446
v  0.0215395074 -0.0165733546 -0.0229511354
v  0.0215173718 -0.0165707096 -0.0229529869
v  0.0241659414 -0.0170300826 -0.0224252287
v  0.0240350217 -0.0169994514 -0.0224641841
v  0.0240335595 -0.017767692 -0.0224855654
v  0.0236342549 -0.0169056822 -0.0225834306
v  0.0233401041 -0.0168368574 -0.0226709563
v  0.023303343 -0.0168295559 -0.02267983
v  0.0230173878 -0.0167761538 -0.0227435641
v  0.0229391623 -0.0167625491 -0.022759445
v  0.0248250272 -0.0172273591 -0.0221565887
v  0.0247673132 -0.0172085352 -0.0221828967
v  0.0246210415 -0.0179431792 -0.0222623665
v  0.0243479554 -0.0170806572 -0.0223579053
v  0.024244044 -0.0170514192 -0.022396965
v  0.0249298792 -0.0172623117 -0.0221073944
v  0.025190942 -0.0173539463 -0.0219764411
v  0.0257238578 -0.0175650511 -0.0216651466
v  0.02561309 -0.0175182112 -0.0217353236
v  0.0253656898 -0.017419355 -0.0218813717
v  0.0253791697 -0.0190166794 -0.0218617022
v  0.025698062 -0.0191584155 -0.021668762
v  0.0261212178 -0.0193683542 -0.0213712566
v  0.02737776 -0.0201918446 -0.0199861508
v  0.0276134573 -0.0204068273 -0.0195201654
v  0.0276649389 -0.0188296027 -0.0194257647
v  0.0274931025 -0.0186516121 -0.0197997969
v  0.0274024885 -0.0185687542 -0.0199643411
v  0.0273077022 -0.0201343466 -0.0201001763
v  0.027155973 -0.0183691289 -0.0203410611
v  0.0270376522 -0.0199299511 -0.0204786081
v  0.0270673577 -0.0183043703 -0.0204581749
v  0.0268450622 -0.0197972283 -0.0207060631
v  0.0267339088 -0.0180839859 -0.0208407696
v  0.0266695544 -0.0180449542 -0.0209062137
v  0.0278315376 -0.0206685271 -0.0188512728
v  0.027902877 -0.019174492 -0.0185975786
v  0.0278489459 -0.0190763976 -0.0188494269
v  0.0277475994 -0.0189298205 -0.0192007218
v  0.0280002747 -0.0212338548 -0.0169999078
v  0.028000256 -0.0196842868 -0.0170001667
v  0.0279857777 -0.0210505612 -0.0176721904
v  0.0279710218 -0.0209783185 -0.0179128498
v  0.0242327396 -0.018601479 -0.0223895535
v  0.0235019233 -0.018404251 -0.0226212367
v  0.0230616145 -0.0183076374 -0.022728689
v  0.0227661375 -0.0182509758 -0.0227884371
v  0.0215141196 -0.0180760026 -0.0229458045
v  0.0229417272 -0.0167584922 -0.0228157565
v  0.0229821391 -0.0167655721 -0.0228102244
v  0.0230876282 -0.0167929195 -0.0235228539
v  0.0214971956 -0.0165716894 -0.0236822423
v  0.0216638185 -0.0165882092 -0.0229407419
v  0.0219819788 -0.0166230518 -0.023645591
v  0.0217880812 -0.0166030582 -0.022930352
v  0.0218443032 -0.0166097768 -0.0229256507
v  0.0219123084 -0.0166179016 -0.0229199659
v  0.0220364984 -0.0166327432 -0.0229095817
v  0.0221606493 -0.0166475773 -0.0228992011
v  0.0222339984 -0.0166563429 -0.0228930693
v  0.0224088021 -0.0166772306 -0.0228784531
v  0.0225171745 -0.0166901816 -0.0228693932
v  0.0197173413 -0.0164925642 -0.0237373691
v  0.0197177324 -0.0164926667 -0.0229966529
v  0.0208582226 -0.0165242031 -0.0237153508
v  0.0206188876 -0.0165115446 -0.0229901001
v  0.0232112743 -0.0168078542 -0.0227762107
v  0.0234733615 -0.0168607906 -0.0227316618
v  0.0241645612 -0.0170369074 -0.0233413763
v  0.0234797448 -0.0168623403 -0.0227302425
v  0.0236883871 -0.0169129986 -0.0226838533
v  0.024082765 -0.0170087516 -0.0225961674
v  0.0243154094 -0.0170652382 -0.0225444417
v  0.0243567377 -0.0170766767 -0.022533359
v  0.0243977681 -0.0170881674 -0.0225221626
v  0.025174398 -0.0173496231 -0.02309875
v  0.0247544646 -0.0171938073 -0.0224162564
v  0.0249742232 -0.0172641668 -0.0223427694
v  0.025104316 -0.017307777 -0.0222960133
v  0.0251290184 -0.0173162241 -0.0222868454
v  0.0258583818 -0.0176111497 -0.0228787549
v  0.0255514719 -0.017469218 -0.0221140347
v  0.0257857852 -0.0175612662 -0.0220033582
v  0.026549086 -0.0179264601 -0.0225849394
v  0.0264020488 -0.0178306978 -0.0216505062
v  0.0269410834 -0.0181037374 -0.0212417953
v  0.0271710791 -0.0182525348 -0.0222367439
v  0.0276995674 -0.0185538083 -0.0203955621
v  0.0285527017 -0.019203037 -0.0208737161
v  0.0274124686 -0.0183733013 -0.0207671393
v  0.0281432122 -0.0188701134 -0.0214154068
v  0.0276774 -0.0185537897 -0.0218641888
v  0.0277824085 -0.0186086688 -0.0202709083
v  0.0279793683 -0.01874559 -0.0199273694
v  0.0289396103 -0.0195577852 -0.0202047471
v  0.0280854963 -0.0188249312 -0.0197147522
v  0.0281562582 -0.018881036 -0.019555524
v  0.0292309243 -0.0198774207 -0.0195034388
v  0.0283288769 -0.0190358162 -0.0190834198
v  0.02837299 -0.0190820526 -0.0189351998
v  0.0294236112 -0.0201546066 -0.0188014936
v  0.0284419954 -0.0191645548 -0.0186655875
v  0.0284827724 -0.0192226656 -0.0184745509
v  0.0285045635 -0.0192582384 -0.018358659
v  0.0286043044 -0.0195288509 -0.0175133962
v  0.0295568984 -0.0204352289 -0.0179770105
v  0.0286210869 -0.0196837503 -0.0170000773
v  0.0288624447 -0.0199338831 -0.0170000866
v  0.029240204 -0.0203251373 -0.0170000866
v  0.0296185482 -0.0207158271 -0.0170000773
v  0.0293446369 0.022597095 -0.0170000866
v  0.0290207975 0.022110898 -0.0170000866
v  0.0290239044 0.0221088566 -0.0170000866
v  0.0287047792 0.0216195304 -0.0170000866
v  0.0266407039 -0.0196973849 -0.0229136348
v  0.0260263961 -0.0193491708 -0.023314083
v  0.0355066583 -0.0193537213 -0.0233093742
v  0.0237731747 -0.0184679981 -0.0241312198
v  0.0355060063 -0.0179922525 -0.0244999994
v  0.0246041473 -0.0187271908 -0.0239137542
v  0.0355064236 -0.0186624322 -0.023969451
v  0.025352072 -0.0190239474 -0.0236434881
v  0.0233453661 -0.0183605421 -0.0242173523
v  0.0229166262 -0.0182690118 -0.0242892094
v  0.0219583977 -0.018116992 -0.0244060438
v  0.0215479229 -0.018071847 -0.0244402513
v  0.0208566338 -0.0180198904 -0.0244794041
v  0.0198382866 -0.0179924592 -0.0244999994
v  0.0355066434 -0.0192466956 -0.0234222226
v  0.027164055 -0.0200374518 -0.0224646181
v  0.0355066657 -0.0196163747 -0.0230121221
v  0.0271809492 -0.0200491864 -0.0224479642
v  0.0355065912 -0.0199575759 -0.0225765463
v  0.0276672393 -0.0204107165 -0.0218921453
v  0.0355064422 -0.020268783 -0.0221218262
v  0.0355062373 -0.0205483288 -0.0216584522
v  0.0355055928 -0.0211720262 -0.0203918647
v  0.0283960234 -0.0210738964 -0.0206127875
v  0.0355059914 -0.0208137333 -0.0211626962
v  0.0281502772 -0.020826675 -0.0211346727
v  0.0280809496 -0.0207622815 -0.0212612785
v  0.0355048925 -0.021790931 -0.0187081583
v  0.0355045795 -0.0222656783 -0.0170000773
v  0.0289996453 -0.0222638976 -0.0169999432
v  0.0289597418 -0.0219788644 -0.0180775989
v  0.0288451333 -0.0216941237 -0.0190017596
v  0.0286415778 -0.0213690922 -0.0199058838
v  0.0280001983 0.0216136277 -0.0170000866
v  0.0280003827 0.0234948862 -0.0170000866
v  0.027983984 0.0228603762 -0.0178433973
v  0.0279791206 0.0208682399 -0.0179221891
v  0.0279553067 0.0225813389 -0.0181942768
v  0.0278892778 0.0202699732 -0.0186317544
v  0.0278514996 0.0220752526 -0.0188067574
v  0.0278411265 0.0200869702 -0.0188497044
v  0.0276718456 0.0215740539 -0.0193838365
v  0.0277145039 0.019736696 -0.0192701388
v  0.0276413113 0.0215065852 -0.0194595177
v  0.0276416391 0.0195810273 -0.0194587279
v  0.0274106394 0.0210812818 -0.0199290067
v  0.0274612438 0.0192677528 -0.0198379271
v  0.0273061376 0.020921614 -0.0201020259
v  0.0273429491 0.0190973729 -0.0200431682
v  0.0271228757 0.0188261606 -0.0203677006
v  0.0269287918 0.0204416011 -0.0206107199
v  0.0269422457 0.0186347794 -0.0205949042
v  0.0267133843 0.0184209961 -0.0208467133
v  0.026475301 0.0199883915 -0.0210762192
v  0.0264432766 0.0181992948 -0.0211049914
v  0.0259486828 0.0195664186 -0.0214989614
v  0.0261878036 0.0180134643 -0.0213194136
v  0.0258784294 0.0195165873 -0.0215483308
v  0.0260526724 0.017923031 -0.0214231517
v  0.0252592303 0.0174786616 -0.0219282769
v  0.0255499426 0.017626131 -0.0217613541
v  0.0252722614 0.0191366132 -0.0219211876
v  0.025585847 0.0176454857 -0.0217394009
v  0.0256171357 0.017662568 -0.0217200182
v  0.0258551054 0.0177993849 -0.0215644073
v  0.0243723951 0.0171093028 -0.0223370288
v  0.0244056191 0.0171212256 -0.0223240796
v  0.0246136039 0.0188066196 -0.0222391319
v  0.0246626902 0.0172184762 -0.0222180765
v  0.0249404144 0.0173337124 -0.0220912658
v  0.0250030346 0.0173611231 -0.0220607836
v  0.0250049699 0.0173619781 -0.0220598299
v  0.0239768811 0.0185534041 -0.0224788077
v  0.0236871652 0.0168944839 -0.0225690622
v  0.0237603858 0.0169147197 -0.0225472823
v  0.024069421 0.0170071591 -0.0224476177
v  0.0240814425 0.0170109905 -0.0224434808
v  0.0243471824 0.0171003509 -0.0223467425
v  0.0232236777 0.0183251407 -0.0226916336
v  0.0229698475 0.0167279281 -0.0227481946
v  0.0229991879 0.0167336594 -0.02274202
v  0.0232313015 0.016782172 -0.0226898231
v  0.0234701429 0.0168381259 -0.0226296708
v  0.0235886555 0.0168682374 -0.0225972943
v  0.0227951948 0.0166956186 -0.0227830373
v  0.0224344581 0.018159451 -0.0228450596
v  0.0219956227 0.0165811609 -0.0229036976
v  0.0222147517 0.0181250293 -0.0228766203
v  0.0214120559 0.016530348 -0.0229562651
v  0.0216815881 0.0180603061 -0.0229353309
v  0.0210380815 0.0165104885 -0.022976853
v  0.0206580684 0.0180008598 -0.022989234
v  0.0197473634 0.0164925996 -0.0229966305
v  0.0197335444 0.017992625 -0.0229966305
v  0.0197166819 0.0164926462 -0.0229966305
v  0.0269313492 0.0203484297 -0.0216332525
v  0.0274115186 0.0208919086 -0.0210829303
v  0.0290001985 0.0248775333 -0.0171037447
v  0.0289621372 0.0241642613 -0.0181567147
v  0.0288641974 0.0235594045 -0.0189796928
v  0.0287786443 0.0232144184 -0.0194231328
v  0.028691316 0.0229293667 -0.0197766833
v  0.0284277853 0.0222664867 -0.0205573346
v  0.0282849856 0.021979535 -0.0208779313
v  0.0281467102 0.0217323266 -0.021146562
v  0.0257959217 0.0194042567 -0.0233719703
v  0.0256856699 0.0193396453 -0.0234269165
v  0.0257013775 0.0193778556 -0.0225558598
v  0.0256720446 0.0193318222 -0.0234335586
v  0.0254483037 0.0192082189 -0.0235378295
v  0.0226832703 0.0182554293 -0.0243008286
v  0.0230722651 0.0183380861 -0.0242369734
v  0.0239164848 0.0185671616 -0.0240582991
v  0.0247115362 0.0188590959 -0.0238254406
v  0.0263601542 0.0198388938 -0.0221268274
v  0.0221561361 0.0181637686 -0.0243711378
v  0.0197473634 0.0179922488 -0.0244999975
v  0.0200836286 0.0179952234 -0.0244978368
v  0.0211561304 0.0180476997 -0.0244589411
v  0.0269072149 0.0202183593 -0.0226514246
v  0.0263606496 0.0197760109 -0.0230496768
v  0.0261608474 0.0196360331 -0.0231723376
v  0.0279063135 0.02135556 -0.0215429179
v  0.0277761575 0.0211735275 -0.0217290111
v  0.0274080615 0.0207216814 -0.0221763756
v  0.0355073735 0.0232344158 -0.0193979088
v  0.035507977 0.0240947604 -0.0182542037
v  0.0355081707 0.0242803283 -0.0179916937
v  0.0355091766 0.0252566114 -0.0165035855
v  0.0355070569 0.0221566074 -0.0206812005
v  0.0355072655 0.0227584206 -0.0199835785
v  0.0355064869 0.0205906779 -0.0223023295
v  0.0355065912 0.020972833 -0.0219303165
v  0.0355060212 0.0183975827 -0.0241908077
v  0.0355063602 0.019716531 -0.0231022071
v  0.0355057865 0.0179922525 -0.0244999994
v  0.0355093032 0.0254318006 -0.0162153561
v  0.0290001966 0.02599754 -0.0152328573
v  0.0355093032 0.026172692 -0.0149118528
v  0.0290001966 0.0268184729 -0.0136431912
v  0.0355076753 0.02693923 -0.0133904163
v  0.0290001966 0.0270321127 -0.0131909251
v  0.0355068482 0.0276486538 -0.0117729446
v  0.0290001966 0.0279206876 -0.0110813566
v  0.0355076753 0.0282683931 -0.0101238424
v  0.0290001966 0.0286597088 -0.00891484972
v  0.0355089828 0.0287954211 -0.00845453329
v  0.0355094895 0.0289983787 -0.00771228736
v  0.0290001985 0.0291950069 -0.0069157402
v  0.0355099216 0.0292272512 -0.00677654287
v  0.0290001966 0.0292441845 -0.00670165149
v  0.0355098993 0.029563617 -0.00509501947
v  0.0290001966 0.0299205352 -0.00217708619
v  0.0290001985 0.0300000012 1.68495512e-06
v  0.0322532095 0.0299999993 1.47433286e-06
v  0.0290001985 0.029551588 -0.00516458927
v  0.0290001966 0.0296670198 -0.00445203763
v  0.0355089083 0.029804673 -0.0034113857
v  0.0355072841 0.0299503729 -0.0017212677
v  0.0355062187 0.0299999993 -1.71920776e-11
v  0.0410001986 -0.0145920655 -0.018899573
v  0.0370734893 -0.0175629109 -0.023792835
v  0.0370736681 -0.0174808986 -0.0238539297
v  0.0410001986 -0.0127157066 -0.020209562
v  0.0370757692 -0.0161553528 -0.0247823745
v  0.037076585 -0.0146909328 -0.0256893188
v  0.0410001986 -0.011281671 -0.0210434403
v  0.037076287 -0.0135579417 -0.0263137873
v  0.0410001986 -0.0103681516 -0.0215082336
v  0.037076015 -0.0131709957 -0.0265126359
v  0.0410001986 -0.00950520765 -0.0219034124
v  0.03707413 -0.0116029745 -0.0272475928
v  0.0370723158 -0.0105986567 -0.0276615005
v  0.0410001986 -0.00789198745 -0.0225352161
v  0.0370710194 -0.0099947555 -0.0278899912
v  0.0410001986 -0.00766379526 -0.0226138327
v  0.0370690972 -0.00920273643 -0.0281671267
v  0.037066903 -0.00831975322 -0.0284464043
v  0.0410001986 -0.0053074602 -0.0232792683
v  0.0370631106 -0.00665356964 -0.0288908444
v  0.0370598473 -0.00500136381 -0.0292294193
v  0.0410001986 -0.00383649371 -0.0235662181
v  0.0370582603 -0.00407239143 -0.0293765701
v  0.0410001986 -0.00266845501 -0.0237269532
v  0.0370571278 -0.00333038485 -0.0294721741
v  0.0410001986 -0.00187706307 -0.0238027405
v  0.0370579772 8.3456365e-07 -0.0296677109
v  0.0410001986 1.04614003e-06 -0.0238765217
v  0.0370550491 -0.00164932513 -0.0296175703
v  0.0370557159 -0.00225307886 -0.0295766685
v  0.0280003659 0.0244105812 -0.0156567805
v  0.0280003492 0.0252902117 -0.0141920978
v  0.0280003361 0.0258340966 -0.0131761367
v  0.0280003306 0.0260827038 -0.0126768695
v  0.0280001983 0.0290000252 -1.40646716e-10
v  0.0280002113 0.0289771222 -0.00115280214
v  0.0280002281 0.0288588908 -0.00285786367
v  0.0280002449 0.0286404714 -0.00455295015
v  0.0280002616 0.0283223074 -0.00623311708
v  0.0280002672 0.028210355 -0.00672165351
v  0.0280002803 0.0279061142 -0.00789021049
v  0.028000297 0.0273926426 -0.00952110533
v  0.0280003138 0.0267839767 -0.0111187221
v  0.0391898789 -0.020833727 3.3699298e-06
v  0.0371677019 -0.0231162757 3.36993094e-06
v  0.0371667966 -0.0230688658 -0.00341695757
v  0.0410001986 -0.015081442 -0.0185014196
v  0.0370742492 -0.0178865809 -0.0235430487
v  0.0370770469 -0.0183907505 -0.0231150705
v  0.0410001986 -0.0155352205 -0.0180635639
v  0.0370817743 -0.0188131146 -0.0226965435
v  0.0370870233 -0.0191237405 -0.0223380979
v  0.0410001986 -0.015937442 -0.0175777972
v  0.0370959155 -0.0195351429 -0.0217818413
v  0.0410001986 -0.0162855964 -0.0170515105
v  0.0371004529 -0.0197213944 -0.0214933157
v  0.0410001986 -0.0168381352 -0.0159189459
v  0.0371142253 -0.0202490203 -0.0205217972
v  0.0410001986 -0.0172479171 -0.0147254802
v  0.0371312685 -0.0209281724 -0.0188395754
v  0.0410001986 -0.0175668746 -0.0135051701
v  0.0371449217 -0.0216026157 -0.0164706167
v  0.0410001986 -0.0178253669 -0.0122700064
v  0.037146911 -0.0217143614 -0.0159832723
v  0.0371533632 -0.0221104287 -0.0139541123
v  0.0410001986 -0.0182190072 -0.00977748167
v  0.0371569283 -0.0223479122 -0.0124235423
v  0.0371584781 -0.0224567 -0.0116137713
v  0.0410001986 -0.0184900332 -0.00726857595
v  0.0371621586 -0.0227318872 -0.00909184013
v  0.0371630527 -0.0228029788 -0.00826865714
v  0.0410001986 -0.0186661128 -0.00475100847
v  0.0371648073 -0.0229369346 -0.00636307336
v  0.0410001986 -0.0187637527 -0.0022292526
v  0.0410001986 -0.0187902544 3.36992912e-06
v  0.0410001986 0.00214536372 -0.0237801932
v  0.0370542593 0.00290723518 -0.0295192599
v  0.0410001986 0.00264430698 -0.0237297807
v  0.0410001986 0.00449383864 -0.0234496426
v  0.0370557234 0.00554511324 -0.0291323476
v  0.0370558202 0.00580627937 -0.0290805157
v  0.0410001986 0.00529434159 -0.0232820269
v  0.0370563902 0.00710144732 -0.0287866201
v  0.0410001986 0.00679823011 -0.0228886288
v  0.0370572209 0.00838694349 -0.0284328219
v  0.0410001986 0.00786654744 -0.02254433
v  0.0370574407 0.00868148077 -0.0283427853
v  0.0410001986 0.00903577358 -0.0221021269
v  0.0370596685 0.0111439209 -0.0274519604
v  0.03706 0.0114697302 -0.0273147561
v  0.0410001986 0.010349418 -0.0215181261
v  0.0370623767 0.0137890959 -0.0261996053
v  0.0410001986 0.011183613 -0.0210962184
v  0.0370627344 0.0141275264 -0.0260154232
v  0.0410001986 0.0127056716 -0.020215515
v  0.0370640941 0.0153598329 -0.0252944976
v  0.0410001986 0.013221059 -0.019882258
v  0.0370726436 0.020776622 -0.0209548566
v  0.0410001986 0.0168867409 -0.0168826878
v  0.0370691344 0.0190013479 -0.0226271953
v  0.0410001986 0.0151287811 -0.0184731968
v  0.0370685272 0.0186374784 -0.0229356363
v  0.0410001986 0.0148893166 -0.0186665356
v  0.0370656736 0.01666102 -0.0244409423
v  0.0370652154 0.0162963681 -0.0246903133
v  0.0370841064 0.0243288167 -0.0164459832
v  0.0370900743 0.0257929955 -0.0138819348
v  0.0410001986 0.0211009439 -0.0111775408
v  0.0370726585 0.0207843352 -0.0209469143
v  0.037076313 0.0221444052 -0.0194360949
v  0.0410001986 0.0184784736 -0.0151230525
v  0.0370779969 0.0226708986 -0.0187863354
v  0.0410001986 0.018654665 -0.0149050336
v  0.0370809771 0.0235163644 -0.0176540464
v  0.0410001986 0.0198873561 -0.0132151349
v  0.0410001986 0.0202099327 -0.0127165737
v  0.0370979235 0.0291951988 3.36992343e-06
v  0.0410001986 0.0238798819 3.36992298e-06
v  0.0370980985 0.0291123707 -0.00216687541
v  0.0410001986 0.0237837136 -0.0021408305
v  0.0370981246 0.0290729031 -0.00263800635
v  0.0410001986 0.0237299707 -0.00267068157
v  0.0370980799 0.028727401 -0.00518619874
v  0.0410001986 0.0234538037 -0.00448767701
v  0.0370980315 0.0286630578 -0.00553327287
v  0.0410001986 0.0232813936 -0.00530884182
v  0.0370971598 0.0280322246 -0.00818601623
v  0.0410001986 0.0228925273 -0.00679163169
v  0.0370961577 0.0275748484 -0.00965388585
v  0.0410001986 0.0225378033 -0.00788963772
v  0.0370946564 0.0270376019 -0.0111197596
v  0.0410001986 0.0221060868 -0.00902958866
v  0.0410001986 0.0215068944 -0.0103759058
v  0.0299587976 -0.0201411806 -0.0188364089
v  0.0299603734 -0.0197726004 -0.0197415799
v  0.0299652629 -0.0193493012 -0.0206051189
v  0.0299713518 -0.0188710093 -0.0214066207
v  0.0299736913 -0.018334901 -0.0221270472
v  0.0249436758 -0.0170375835 -0.0233408641
v  0.0256182235 -0.0170391016 -0.0233397391
v  0.0262054652 -0.0170845184 -0.0233056489
v  0.0262783337 -0.0170910824 -0.0233008005
v  0.029972773 -0.017732406 -0.0227636062
v  0.0357381143 -0.0181027353 -0.0224339869
v  0.035721086 -0.0174659528 -0.0230076462
v  0.0268649776 -0.0170942135 -0.0232986119
v  0.0270016883 -0.0177408271 -0.0227598064
v  0.0289103184 -0.0170962811 -0.0232971348
v  0.0299713891 -0.0170905814 -0.0233011711
v  0.0357179269 -0.0170664582 -0.0233192258
v  0.0357462689 -0.0183892399 -0.0221274439
v  0.0357510448 -0.0186181571 -0.021851683
v  0.0357570201 -0.0189931467 -0.0213267375
v  0.0357815772 -0.0200093836 -0.0192681197
v  0.0357726663 -0.0196870659 -0.0200411938
v  0.0357694887 -0.0195762962 -0.020278411
v  0.0357590765 -0.0191259328 -0.0211153086
v  0.0334042311 -0.0207212884 -0.0169885363
v  0.0357890315 -0.0203710143 -0.0182262212
v  0.035783235 -0.020730095 -0.0169835668
v  0.0357420556 0.0270082504 -0.00916739274
v  0.0296379868 0.0266955774 -0.010073578
v  0.0296505969 0.0260466952 -0.0117174434
v  0.0357461981 0.0284909997 -0.00069534668
v  0.0357465073 0.0284999944 2.61335504e-06
v  0.0296215769 0.0284999833 1.89101297e-06
v  0.0357455723 0.0283981729 -0.00238301232
v  0.0296197776 0.02844912 -0.00167648017
v  0.0296192244 0.0282978863 -0.00336703518
v  0.0357449874 0.0282027628 -0.00408710958
v  0.0296195503 0.0281419512 -0.00448758435
v  0.0357444808 0.0279818065 -0.00540310284
v  0.0296199992 0.0280442704 -0.00506553752
v  0.0296230521 0.0276904255 -0.00675731711
v  0.0296315681 0.0270707235 -0.00897418056
v  0.0357429013 0.0273124184 -0.00818384066
v  0.0296287015 0.0272561964 -0.00837435946
v  0.0357433967 0.0275062695 -0.00748720625
v  0.0357443132 0.0279050991 -0.00579062523
v  0.0297059212 0.023651069 -0.0162381567
v  0.0357311592 0.0243661571 -0.0150701366
v  0.0296854544 0.0244983137 -0.0148398271
v  0.0357351601 0.0251485221 -0.0136348139
v  0.0296662394 0.0253320113 -0.0132691618
v  0.0357379802 0.0258134026 -0.0122494875
v  0.0357401706 0.026413409 -0.010822705
v  0.0357230939 0.0226557869 -0.0176837519
v  0.0357269049 0.0235295873 -0.0164253674
v  0.0357282721 0.0238078181 -0.0159926061
v  0.0297086146 0.0231425334 -0.0170001201
v  0.0296510849 0.022440115 -0.0179729648
v  0.0357212722 0.0221669767 -0.018328784
v  0.0295263976 0.0218475275 -0.0187298395
v  0.0357191972 0.0216052029 -0.019024279
v  0.035715986 0.0205814149 -0.020179823
v  0.0293280017 0.0212706961 -0.0194167309
v  0.0290541109 0.0207040068 -0.0200483054
v  0.0357151926 0.0202944726 -0.0204806663
v  0.0286820661 0.0201179367 -0.0206611268
v  0.0357129835 0.0194915682 -0.0212752316
v  0.0282257069 0.0195488222 -0.021220712
v  0.0276782401 0.0189965013 -0.0217323396
v  0.0357119031 0.0183364768 -0.0223058686
v  0.0270725377 0.0184986256 -0.0221683942
v  0.0263952315 0.0180450883 -0.0225477666
v  0.0357078649 0.0169127379 -0.023433445
v  0.0256600622 0.017645264 -0.0228697453
v  0.0248498227 0.0172928553 -0.0231447797
v  0.0239787754 0.0170012489 -0.0233666282
v  0.023653008 0.0169127472 -0.0234334357
v  0.0375178903 -0.0157790892 -0.0210200343
v  0.0395001993 -0.0142735792 -0.018554749
v  0.0395001881 -0.0129109398 -0.0195290111
v  0.0357167684 -0.0165065248 -0.0237274356
v  0.0357154682 -0.0152536556 -0.0245685894
v  0.0357129537 -0.0137691638 -0.0254473351
v  0.0395001695 -0.0115446514 -0.0203672722
v  0.0357118584 -0.0131240133 -0.0257926155
v  0.0395001732 -0.0110959727 -0.0206153635
v  0.0357104428 -0.0122667095 -0.0262192637
v  0.0395001844 -0.0101910075 -0.0210779142
v  0.0357079878 -0.0107198814 -0.0269014277
v  0.0395001955 -0.00878605805 -0.0217020381
v  0.0357069597 -0.0100378729 -0.0271681454
v  0.0395001993 -0.00753936404 -0.0221665762
v  0.0357057825 -0.00921862666 -0.027462136
v  0.0357054919 -0.00901137851 -0.0275320355
v  0.0395001993 -0.00741067529 -0.022209961
v  0.0357046351 -0.00850338675 -0.0276961327
v  0.0395001583 -0.00590730365 -0.0226562917
v  0.0357019491 -0.0068484596 -0.0281591862
v  0.0357018895 -0.0068105557 -0.0281685423
v  0.0395001508 -0.00567681342 -0.0227151327
v  0.0356996506 -0.0052038678 -0.0285150819
v  0.0395001173 -0.00451584347 -0.0229741242
v  0.035698846 -0.00452452479 -0.0286327545
v  0.0395001061 -0.00377482898 -0.023107497
v  0.0356979631 -0.00369430007 -0.028753791
v  0.0395001061 -0.00309559633 -0.0232083388
v  0.0356977545 -0.00348755065 -0.0287800729
v  0.0395001434 -0.00166421605 -0.0233548321
v  0.0356966108 -0.00219156872 -0.0289100818
v  0.0356955417 -0.000483063224 -0.0289895106
v  0.039500244 -0.000194896551 -0.0234124232
v  0.0356953815 -2.55310479e-05 -0.02899413
v  0.0395001322 9.75339731e-07 -0.0234134942
v  0.0356953889 3.77276251e-07 -0.0289941914
v  0.00930000003 0.0164925735 -0.0237373635
v  5.73046854e-08 0.0164926574 -0.0237373039
v  5.85861279e-08 0.0158341583 -0.024190804
v  0.0221861918 0.0166319516 -0.0236378945
v  0.0357061066 0.0156557728 -0.0243091453
v  0.0232357141 0.0168141685 -0.0235060528
v  0.0357065126 0.0159166194 -0.0241356045
v  0.0216097832 0.0165676791 -0.0236839037
v  0.0211395398 0.0165316109 -0.023709571
v  0.019736886 0.0164924562 -0.0237374455
v  6.20721892e-08 0.0139812455 -0.0253291428
v  0.0357039645 0.01426371 -0.0251680575
v  5.93559939e-08 0.0154325189 -0.0244543124
v  7.29372402e-08 0.00773569103 -0.0279242676
v  7.37255945e-08 0.00726114959 -0.028053686
v  0.0356985033 0.00823579822 -0.0277782567
v  0.0356973372 0.00664024614 -0.0282097552
v  7.0220942e-08 0.00935223699 -0.0274160355
v  0.035699714 0.00965622161 -0.027308492
v  6.94227325e-08 0.00982124452 -0.0272485018
v  0.0356998555 0.00982123613 -0.0272484813
v  6.7504665e-08 0.010935721 -0.026812626
v  0.0357007645 0.0108849891 -0.0268333443
v  6.58807551e-08 0.0118642915 -0.0264072884
v  0.0357010625 0.0112423925 -0.0266826414
v  6.47884164e-08 0.0124805449 -0.0261161756
v  0.0357021652 0.012708785 -0.0260034744
v  6.40043751e-08 0.0129184872 -0.0258981809
v  0.0357023105 0.012918436 -0.0258980859
v  0.0357028693 0.0134683028 -0.0256110653
v  8.02597668e-08 0.00325811538 -0.0288073458
v  0.035696201 0.00358722522 -0.0287673641
v  7.83699363e-08 0.00442636572 -0.0286483616
v  0.0356965065 0.00515885465 -0.0285234023
v  7.7648096e-08 0.00487070065 -0.0285749026
v  0.0356966183 0.00541642308 -0.0284747668
v  7.56535741e-08 0.00609179633 -0.0283355284
v  7.48411892e-08 0.00658596354 -0.0282227881
v  8.1086327e-08 0.00274528703 -0.0288616624
v  8.3802739e-08 0.00105450279 -0.0289746765
v  0.0356941968 0.000301618391 -0.0289924014
v  8.5678451e-08 -0.000115525778 -0.0289939567
v  0.0356953777 0.0019973889 -0.0289242957
v  0.035695985 0.00258565927 -0.0288766306
v  0.035696134 0.00325810187 -0.0288072098
v  1.00101857e-07 -0.00895954389 -0.0275492575
v  9.73852678e-08 -0.0073357732 -0.0280339159
v  9.65161817e-08 -0.00681054266 -0.0281684846
v  9.46687067e-08 -0.00568606937 -0.0284212139
v  9.33387199e-08 -0.00487070205 -0.0285749007
v  9.19521668e-08 -0.00401626341 -0.0287097842
v  9.1097256e-08 -0.0034875432 -0.0287800021
v  8.92356624e-08 -0.00233225897 -0.0288986024
v  8.65191865e-08 -0.000640009413 -0.0289870054
v  1.0825179e-07 -0.0136184255 -0.025529936
v  1.07354353e-07 -0.0131240133 -0.0257926155
v  1.05535122e-07 -0.0121064316 -0.026295051
v  1.02818476e-07 -0.0105516389 -0.0269689523
v  1.01935207e-07 -0.0100378199 -0.027168002
v  1.01184391e-07 -0.00959808845 -0.0273293685
v  1.12773591e-07 -0.0160257462 -0.0240616575
v  1.10968486e-07 -0.0150822736 -0.0246763136
v  1.09030296e-07 -0.014043062 -0.0252942406
v  1.13684919e-07 -0.0164926555 -0.0237373058
v  0.0395001657 -0.0150223067 -0.0179124363
v  0.0395001359 -0.0147671979 -0.0181514267
v  0.0394998789 -0.0157019496 -0.0170552731
v  0.0394996293 -0.0155719845 -0.0172521826
v  0.0395001955 -0.0151955271 -0.0177287627
v  0.0395002179 -0.0159649663 -0.0165944733
v  0.0395006165 -0.0162824336 -0.0159005392
v  0.0395005643 -0.0166032109 -0.0150010251
v  0.0395003967 -0.0169350244 -0.0138149327
v  0.0358081758 -0.0210403502 -0.0156402923
v  0.0395006984 -0.0172711778 -0.0122533506
v  0.035810601 -0.0211467259 -0.015120184
v  0.0358112715 -0.0213938337 -0.0137767382
v  0.0395002216 -0.0175822545 -0.0103184246
v  0.0358107015 -0.02153093 -0.0129237976
v  0.0358214825 -0.0218246803 -0.0106396535
v  0.0395002998 -0.0178394336 -0.00818621553
v  0.0358261131 -0.0220763851 -0.0080316402
v  0.0395004563 -0.0180423334 -0.00577637739
v  0.0358280316 -0.022238424 -0.00553589687
v  0.0395003594 -0.0181746799 -0.00306740636
v  0.0358294398 -0.0223648213 4.13102043e-06
v  0.0395001993 -0.018221397 3.36992957e-06
v  0.0358291678 -0.0223490838 -0.00220072665
v  0.035828229 -0.02225703 -0.00515171187
v  0.0376233496 0.0259441379 3.200435e-06
v  0.0395001993 0.0233882815 3.20759113e-06
v  0.0395002253 0.0233740825 -0.000809338468
v  0.0395003408 0.0232789237 -0.00224875868
v  0.0395004712 0.0230948124 -0.00368221337
v  0.0395005159 0.0229681581 -0.00440269662
v  0.0395005345 0.0228232983 -0.00510073686
v  0.0395004749 0.0224677287 -0.00649269903
v  0.0395003036 0.0220334157 -0.00784586184
v  0.0395001993 0.0216500126 -0.00885320082
v  0.0395002067 0.021463193 -0.00929859374
v  0.0395002589 0.0208220519 -0.0106612006
v  0.0395002589 0.0206668191 -0.0109600639
v  0.0395002365 0.02018141 -0.0118331462
v  0.0395001993 0.019384291 -0.0131032607
v  0.0395001471 0.0185387619 -0.0142798927
v  0.0395001248 0.0181030333 -0.014831041
v  0.0395001248 0.0176572371 -0.0153614962
v  0.0395001918 0.0167411119 -0.0163587108
v  0.0395001993 0.0165468119 -0.0165557787
v  0.039500095 0.0156432297 -0.0174138136
v  0.0394999832 0.0148252677 -0.0181160755
v  0.0394999646 0.0146474587 -0.0182602666
v  0.0394999161 0.0135645242 -0.0190791469
v  0.039499931 0.0129561871 -0.0194977708
v  0.0394999608 0.0124086272 -0.0198511668
v  0.0395000651 0.0111938631 -0.0205617938
v  0.0395000875 0.0109593216 -0.0206879992
v  0.0395001695 0.00986083038 -0.0212346334
v  0.0395001993 0.00885474589 -0.0216741245
v  0.0395001955 0.00853058044 -0.0218038354
v  0.0395002291 0.00716860313 -0.0222886838
v  0.0395002514 0.00666228915 -0.0224451292
v  0.0395002961 0.00577523047 -0.0226894431
v  0.0395003557 0.00435902271 -0.0230036266
v  0.0395003632 0.00292779412 -0.0232296623
v  0.0395002775 0.00151851424 -0.0233640447
v  0.0395003296 0.00210203859 -0.0233192332
v  0.0286600478 0.0209766366 -0.0178087279
v  0.0266093686 0.0181992073 -0.0214552004
v  0.0264558364 0.0180976484 -0.0215611532
v  0.026526155 0.0181424748 -0.0216972735
v  0.0229698233 0.0167281292 -0.0227594525
v  0.0235279202 0.0168516114 -0.0226639453
v  0.0232732259 0.0167914052 -0.0227112323
v  0.0230958685 0.0167533401 -0.0227405485
v  0.0229895115 0.0167319681 -0.0227566045
v  0.0238922555 0.0169494245 -0.0225856081
v  0.0237598345 0.0169122554 -0.0226155538
v  0.0236525424 0.0168834999 -0.0226385798
v  0.0249525178 0.0173179489 -0.0222820379
v  0.0246984735 0.0172176138 -0.0223655216
v  0.0246934984 0.0172157288 -0.0223670863
v  0.0245200992 0.0171518512 -0.0224199723
v  0.0244602673 0.0171306357 -0.0224374849
v  0.0242108908 0.0170466416 -0.022506509
v  0.0241640713 0.0170316547 -0.0225187633
v  0.0239410624 0.0169635974 -0.0225741416
v  0.0255436525 0.0175838955 -0.0220588427
v  0.0254002325 0.0175149851 -0.0221169889
v  0.025783699 0.0177072342 -0.0220775083
v  0.0252042841 0.0174254626 -0.0221921429
v  0.0251700059 0.0174103361 -0.0222048145
v  0.0263275765 0.0180166159 -0.0216440037
v  0.0260822009 0.0178701449 -0.0217898618
v  0.0259875245 0.0178164523 -0.021842014
v  0.0268169791 0.0183450691 -0.0212986395
v  0.0272025838 0.0186370034 -0.0212621335
v  0.0269020703 0.0184078757 -0.0212295242
v  0.0270764548 0.0185425282 -0.021077618
v  0.0277998671 0.0191798192 -0.020768635
v  0.0275463983 0.0189526379 -0.0205782093
v  0.0279009994 0.0193269998 -0.0200737864
v  0.0283040516 0.0197551791 -0.020214498
v  0.027933104 0.0193650331 -0.0200206637
v  0.0287011806 0.0203473363 -0.0195974484
v  0.0281972941 0.0197205301 -0.0195161141
v  0.0280793309 0.0195508488 -0.0197580047
v  0.0285360217 0.0204380807 -0.0185092129
v  0.0284348354 0.0201636273 -0.0188880991
v  0.0282133911 0.0197455157 -0.0194804072
v  0.0295258742 0.0228703152 -0.0170000866
v  0.0285938922 0.0206473302 -0.0182279851
v  0.0285538025 0.0204968005 -0.0184295271
v  0.0362014286 0.0298689064 8.9200006e-07
v  0.0363952667 0.0297826547 1.2938965e-06
v  0.0363986753 0.0297684763 -0.000851088203
v  0.0369317122 -0.0176564679 -0.0239469297
v  0.0368879661 -0.0176809467 -0.0239872504
v  0.0369418077 -0.0175681729 -0.0239990577
v  0.0361800008 -0.0179248396 -0.0243889652
v  0.0360930003 -0.0179412104 -0.0244159289
v  0.0361784212 -0.0178411882 -0.024452623
v  0.0357263833 0.0195071064 -0.0232638624
v  0.0357252434 0.017697271 -0.024701532
v  0.0357237719 0.0157799982 -0.0259925444
v  0.0355057269 0.0168477874 -0.025317505
v  0.0357221588 0.0137684755 -0.0271315221
v  0.0355052613 0.0140373688 -0.0270069148
v  0.0355055258 0.0154685229 -0.0261990074
v  0.0357205868 0.0116758896 -0.0281130858
v  0.0355050117 0.0125608929 -0.0277372748
v  0.0355052128 0.0137742758 -0.0271444563
v  0.0357191786 0.00951416325 -0.0289306939
v  0.035504818 0.0105121173 -0.0285921693
v  0.0355048552 0.0110510699 -0.0283844806
v  0.0355047509 0.00709215645 -0.0296435058
v  0.0355047472 0.0072985366 -0.029592542
v  0.0357179269 0.00729534728 -0.0295787975
v  0.0355047435 0.0079571465 -0.0294194706
v  0.0355047695 0.00951893441 -0.0289439838
v  0.0355047733 0.00637572957 -0.0298084784
v  0.035716828 0.00503343111 -0.0300542489
v  0.0355048664 0.00478512794 -0.0301097669
v  0.0355050154 0.00357145793 -0.0302807484
v  0.03571596 0.00274171098 -0.0303545445
v  0.0355050713 0.00321755162 -0.0303211194
v  0.0355054624 0.00152125419 -0.0304556005
v  0.0357158408 0.000433577894 -0.0304770805
v  0.0355058871 0.000101123012 -0.0304939821
v  0.0355057269 -0.00450656004 -0.0301535074
v  0.0355057195 -0.00357164582 -0.0302807912
v  0.0357165895 -0.00416985899 -0.0301886126
v  0.0355057344 -0.0029263678 -0.0303512588
v  0.0357157439 -0.00187433336 -0.0304217506
v  0.035505835 -0.0013685649 -0.0304631405
v  0.0355058983 -8.9457501e-08 -0.030494161
v  0.0355057903 -0.00609520869 -0.0298680179
v  0.0357181132 -0.00644032797 -0.0297799204
v  0.0355058089 -0.00644216547 -0.029793879
v  0.0357199982 -0.00867259223 -0.0291986465
v  0.0355058871 -0.00767936418 -0.0294943564
v  0.0355058499 -0.00709231431 -0.0296433792
v  0.0357219614 -0.0108535802 -0.0284476057
v  0.0355059765 -0.0105124814 -0.0285926554
v  0.0355059505 -0.00930482429 -0.0290150102
v  0.0357238017 -0.0129701272 -0.0275301635
v  0.035506051 -0.0123570235 -0.0278313588
v  0.0355059877 -0.0108488519 -0.0284644905
v  0.0357264951 -0.0179008991 -0.0245513525
v  0.0355060585 -0.0166452304 -0.0254536495
v  0.0357262865 -0.0169618875 -0.0252227839
v  0.0355061069 -0.0152613148 -0.0263224132
v  0.0357253142 -0.0150102098 -0.0264529437
v  0.0355061032 -0.0138304867 -0.0271159299
v  0.0355060771 -0.012975811 -0.0275429636
v  0.0357736871 -0.0179815758 -0.0244824141
v  0.0357348844 -0.0179844312 -0.0244871173
v  0.0363964625 -0.0178732015 -0.0243039131
v  0.0369409546 -0.0166474022 -0.0246595014
v  0.0369387716 -0.0147328498 -0.025870515
v  0.036936067 -0.0127312709 -0.0269306134
v  0.0369332358 -0.010654333 -0.027833486
v  0.0369279124 -0.00632256828 -0.0291449986
v  0.0369306132 -0.00851379056 -0.02857293
v  0.0369255915 -0.00409363164 -0.0295470562
v  0.0369246677 -0.00183982181 -0.0297767725
v  0.0369246118 0.00492755044 -0.0294161644
v  0.0369237252 0.00268399925 -0.0297103971
v  0.0369269364 0.000424950646 -0.0298333112
v  0.0369256549 0.00714166602 -0.0289503988
v  0.0369270779 0.00931362249 -0.028315736
v  0.0369308293 0.0134779792 -0.0265535451
v  0.036928907 0.0114296488 -0.0275149271
v  0.0369328037 0.015447068 -0.0254383273
v  0.0369349271 0.017324008 -0.0241744816
v  0.036940001 0.0207498074 -0.0212217215
v  0.0369372927 0.0190958902 -0.0227672122
v  0.0369432941 0.0222706925 -0.0195457172
v  0.0369471163 0.023650432 -0.0177533422
v  0.0369510613 0.0248877071 -0.0158591587
v  0.0369595997 0.0277307834 -0.0097087035
v  0.0369576588 0.02692963 -0.011823602
v  0.0369547121 0.0259812102 -0.0138777262
v  0.0369612314 0.0291935038 -0.00309329829
v  0.0369611606 0.028868705 -0.00533209834
v  0.0369606912 0.0283791386 -0.00754106557
v  0.0369458795 0.0293761976 2.81795201e-06
v  0.0369611308 0.0293475557 -0.000836162362
v  0.0358012803 0.0299778152 2.68605078e-07
v  0.0357274897 0.0299758893 -0.000859423948
v  0.0357280262 0.0298187099 -0.00316498219
v  0.0357285254 0.0294864196 -0.00545167131
v  0.0357289165 0.0289856736 -0.00770787848
v  0.0357291326 0.0283231251 -0.0099219922
v  0.0357291102 0.0275054201 -0.0120824855
v  0.0357288271 0.0265376288 -0.0141811436
v  0.0357283801 0.025421489 -0.0162056796
v  0.0357278623 0.0241583344 -0.0181411318
v  0.0357273705 0.0227494966 -0.0199725311
v  0.0357270092 0.0211963207 -0.0216849148
v  0.0366885848 0.029602116 2.02874139e-06
v  0.0366027318 0.0296495687 -0.000846754061
v  0.0363990106 0.0296123438 -0.00314062438
v  0.0366029553 0.0294940211 -0.00312713347
v  0.036399249 0.0292826667 -0.0054113511
v  0.0366030671 0.029165756 -0.00538881822
v  0.0363992751 0.0287858378 -0.00765166478
v  0.0366029181 0.02867103 -0.00762022799
v  0.0363989659 0.0281282458 -0.00984996278
v  0.0366023593 0.0280160978 -0.00980978273
v  0.0363982134 0.0273162834 -0.0119947344
v  0.0366012417 0.0272072162 -0.0119459936
v  0.036396943 0.0263551623 -0.0140781244
v  0.0365994796 0.0262496993 -0.0140210055
v  0.0363953151 0.0252467208 -0.0160881411
v  0.0365972742 0.0251454879 -0.0160228759
v  0.0363935307 0.0239922032 -0.0180099495
v  0.0365948789 0.0238958318 -0.0179368518
v  0.0363917984 0.0225928575 -0.0198287144
v  0.0365925506 0.0225019846 -0.0197481774
v  0.0363903195 0.0210499391 -0.0215296019
v  0.0365905464 0.0209652074 -0.0214420948
v  0.036388915 0.0193719603 -0.0230979938
v  0.0365887657 0.0192939509 -0.0230040755
v  0.0363873653 0.0175744407 -0.0245259143
v  0.036586985 0.0175036434 -0.0244261958
v  0.0363857299 0.015670402 -0.0258081257
v  0.0365852192 0.0156072592 -0.0257032383
v  0.0363840647 0.0136728659 -0.0269393884
v  0.0365834832 0.0136177726 -0.0268299896
v  0.036382433 0.0115948524 -0.0279144626
v  0.0365817845 0.0115481578 -0.0278012343
v  0.0363809168 0.00944810268 -0.0287267044
v  0.0365801938 0.00941008516 -0.0286102854
v  0.0363796614 0.00724463956 -0.029370483
v  0.0365789048 0.00721551664 -0.029251514
v  0.0363786519 0.00499844365 -0.0298428368
v  0.0365779027 0.00497838669 -0.0297220331
v  0.0363778137 0.00272247382 -0.0301411916
v  0.0365770608 0.00271156081 -0.0300192405
v  0.0363794453 0.000430804444 -0.0302644819
v  0.0365793109 0.000429161708 -0.03014265
v  0.036378216 -0.00186389021 -0.0302082486
v  0.0365776792 -0.00185724651 -0.0300861653
v  0.036379084 -0.00414596358 -0.0299760867
v  0.0365785696 -0.00413138373 -0.0298546609
v  0.0363809876 -0.0064023775 -0.0295696184
v  0.0365806371 -0.00637997175 -0.0294494573
v  0.03638326 -0.00862044748 -0.0289915223
v  0.0365830697 -0.00859034248 -0.0288730953
v  0.0363855213 -0.0107873967 -0.0282445066
v  0.0365854613 -0.010749707 -0.0281282496
v  0.0363878235 -0.0128904264 -0.0273321588
v  0.0365879461 -0.0128452871 -0.0272186343
v  0.0363898948 -0.0149176344 -0.0262608137
v  0.0365902297 -0.014865228 -0.0261505172
v  0.0363914259 -0.0168571863 -0.0250369646
v  0.0365919694 -0.0167977419 -0.0249303058
v  0.0363919102 -0.0177907236 -0.0243689045
v  0.0365925618 -0.0177277718 -0.0242643636
v  0.0365858562 -0.0178135596 -0.0242056753
v  0.0366649702 -0.0177839156 -0.0241568498
v  0.0367912948 0.0295212232 2.32553589e-06
v  0.0367913395 0.029508682 -0.000841755944
v  0.0367914736 0.0293538272 -0.00311129121
v  0.0367914736 0.0290271975 -0.00536229042
v  0.036791157 0.0285349078 -0.00758320838
v  0.0367903337 0.0278830677 -0.00976250041
v  0.0367888138 0.0270777997 -0.0118887099
v  0.0367864929 0.0261245277 -0.0139539205
v  0.0367836133 0.0250253081 -0.0159462187
v  0.0367804989 0.0237814169 -0.0178509429
v  0.0367774777 0.0223941263 -0.0196534283
v  0.03677487 0.0208647214 -0.0213390086
v  0.0367726497 0.0192015152 -0.0228933189
v  0.0367705971 0.0174197908 -0.0243085232
v  0.0367686711 0.0155324806 -0.0255794171
v  0.0367668308 0.0135525204 -0.0267007984
v  0.0367650352 0.0114928456 -0.0276674628
v  0.036763344 0.00936506037 -0.028472688
v  0.0367619991 0.00718104048 -0.0291108675
v  0.0367609896 0.00495465146 -0.0295791849
v  0.036760129 0.00269867969 -0.029875014
v  0.0367629267 0.000427202031 -0.0299983267
v  0.0367609374 -0.00184918998 -0.029941719
v  0.0367618501 -0.00411386555 -0.0297110341
v  0.0367640592 -0.00635325536 -0.0293073077
v  0.0367666408 -0.00855463743 -0.0287329666
v  0.0367691554 -0.0107051609 -0.027990656
v  0.0367718227 -0.0127920061 -0.0270842128
v  0.0367743224 -0.0148033686 -0.0260198638
v  0.0367762744 -0.0167275164 -0.0248039514
v  0.0367769897 -0.0176532753 -0.0241405591
v  0.0367770717 -0.0177361816 -0.0240782257
v  0.0359574854 0.0299458429 4.78207653e-07
v  0.0360998958 0.0299050268 7.07236893e-07
v  0.0359576829 0.0299333781 -0.000857491512
v  0.0361825339 0.0298636593 -0.000854690152
v  0.0359582119 0.0297764279 -0.00315974955
v  0.0361829847 0.0297070593 -0.00315156346
v  0.0359586664 0.0294447094 -0.00544310827
v  0.0361833461 0.0293762218 -0.00542955799
v  0.0359589756 0.0289448276 -0.00769594964
v  0.0361835286 0.0288776588 -0.00767705822
v  0.0359590687 0.0282833856 -0.00990665611
v  0.0361834429 0.0282178838 -0.0098824501
v  0.035958875 0.0274669807 -0.0120637016
v  0.0361829996 0.0274034031 -0.0120342104
v  0.0359583534 0.0265006926 -0.0141590489
v  0.0361821465 0.0264393482 -0.0141244242
v  0.0359576009 0.0253862459 -0.0161805321
v  0.0361810029 0.0253274813 -0.0161410235
v  0.0359567478 0.0241249278 -0.0181132108
v  0.0361797288 0.0240690596 -0.0180691089
v  0.0359559283 0.0227180216 -0.0199421439
v  0.0361784957 0.0226653386 -0.0198937878
v  0.0359552689 0.0211668238 -0.0216523875
v  0.0361774638 0.0211175866 -0.0216001589
v  0.0359544419 0.0194797721 -0.0232293736
v  0.0361763798 0.0194343124 -0.0231735893
v  0.0359532163 0.0176723786 -0.0246651657
v  0.0361750163 0.0176310595 -0.0246060994
v  0.0359517299 0.0157577731 -0.025954444
v  0.036173474 0.0157209076 -0.025892416
v  0.035950128 0.0137490882 -0.027091885
v  0.0361718535 0.0137169277 -0.0270272624
v  0.0359485522 0.0116594527 -0.0280721672
v  0.0361702628 0.0116321957 -0.0280053671
v  0.0359471254 0.00950073637 -0.0288887303
v  0.0361687988 0.00947851781 -0.0288201254
v  0.0359458849 0.00728500914 -0.029535979
v  0.0361675583 0.00726795522 -0.0294659231
v  0.0359448195 0.00502627762 -0.0300108176
v  0.0361665264 0.00501451129 -0.0299397223
v  0.0359439664 0.00273771794 -0.0303107277
v  0.0361656807 0.0027312492 -0.0302389823
v  0.0359443575 0.000433037814 -0.0304334927
v  0.0361666754 0.000432104891 -0.0303620286
v  0.0359439291 -0.00187253475 -0.0303779002
v  0.0361658596 -0.00186901994 -0.0303061139
v  0.0359447673 -0.0041654231 -0.0301449168
v  0.0361667052 -0.00415738393 -0.0300734565
v  0.0359463841 -0.00643289601 -0.0297366753
v  0.0361684561 -0.00642013224 -0.0296659656
v  0.0359483622 -0.0086620301 -0.0291560926
v  0.036170572 -0.00864449609 -0.0290864538
v  0.0359503999 -0.0108399075 -0.0284059476
v  0.0361727104 -0.0108176554 -0.0283376612
v  0.0359523669 -0.0129535329 -0.0274896417
v  0.0361748338 -0.0129267368 -0.0274230689
v  0.0359540433 -0.0149909183 -0.0264136884
v  0.0361767001 -0.0149597963 -0.0263490919
v  0.0359551944 -0.0169401541 -0.0251848027
v  0.0361780375 -0.0169049557 -0.0251223296
v  0.035955485 -0.0178782269 -0.0245139599
v  0.0359554924 -0.0179623161 -0.0244506933
v  0.0212527011 -0.0180510134 -0.022963468
v  0.0204618834 -0.0180044528 -0.022991607
v  0.0197176095 -0.0179927684 -0.0229966156
v  0.0197165683 -0.017992612 -0.0244998038
v  0.0369795635 -0.0211726222 -0.0186395124
v  0.0357354023 -0.0188427456 -0.0237892643
v  0.0369549617 -0.0198586006 -0.0215963367
v  0.0369349681 -0.018492382 -0.0232621543
v  0.0369435549 -0.019234037 -0.0224780645
v  0.0367772579 -0.0193319153 -0.0226044245
v  0.0356123187 -0.0222665351 -0.0169844218
v  0.035739053 -0.0216503311 -0.0190903097
v  0.0361950174 -0.021569021 -0.0189836491
v  0.0359702148 -0.0216206312 -0.0190434679
v  0.0359694026 -0.0212359503 -0.020082267
v  0.0357388631 -0.0212650932 -0.0201285034
v  0.0362884738 -0.0221497659 -0.0168319903
v  0.0361956805 -0.0221788231 -0.0168585815
v  0.0360302776 -0.0222198814 -0.0169013552
v  0.0359348394 -0.0222376082 -0.0169234443
v  0.0357627347 -0.0222589429 -0.0169586036
v  0.0364118926 -0.0221039541 -0.0167935695
v  0.0364105254 -0.0214975234 -0.0189123694
v  0.0366168842 -0.0220079701 -0.0167213771
v  0.0366146676 -0.0214070547 -0.0188305955
v  0.0367804542 -0.0219108351 -0.0166552421
v  0.0368053652 -0.021298442 -0.0187392682
v  0.0369654931 -0.0203761365 -0.020647116
v  0.0367947891 -0.0204889216 -0.0207612999
v  0.0366066545 -0.0205864757 -0.0208638925
v  0.0364047065 -0.0206681658 -0.0209538247
v  0.0361911096 -0.020733282 -0.0210301466
v  0.0361808278 -0.0187803973 -0.0236890297
v  0.0363902859 -0.0187276918 -0.0236089118
v  0.0363943167 -0.0194878373 -0.0228118896
v  0.036587555 -0.0186617058 -0.0235104077
v  0.0365929119 -0.0194167327 -0.0227160547
v  0.0367703214 -0.0185830072 -0.0233944133
v  0.0366001427 -0.0200553015 -0.0218240097
v  0.0367864519 -0.0199640375 -0.0217167586
v  0.0359622687 -0.0192170162 -0.0233651251
v  0.0359614529 -0.0188192036 -0.0237498097
v  0.0357358679 -0.0192410313 -0.0234054849
v  0.0357370116 -0.0199518315 -0.0225569867
v  0.0357375555 -0.0202639177 -0.0220997613
v  0.0359658748 -0.0202375706 -0.0220564976
v  0.0359633788 -0.0195861887 -0.0229522549
v  0.0357364267 -0.0196108874 -0.0229935572
v  0.0361876637 -0.0201928187 -0.0219948869
v  0.0361837335 -0.0195445735 -0.022890972
v  0.0363998078 -0.020131791 -0.0219170414
v  0.0369863175 -0.021755917 -0.0165586695
v  0.0369014591 -0.0218248498 -0.0166005343
v  0.0368094407 -0.02189143 -0.0166426226
v  0.0359679945 -0.020780975 -0.0210918318
v  0.0357384086 -0.020808896 -0.0211368874
v  0.00481195981 -0.0118722823 -0.028045034
v  0.00481195981 -0.0105122812 -0.0285920911
v  0.00481195981 -0.0137826288 -0.0271407515
v  0.00481195981 -0.016175231 -0.0257600173
v  0.00481195981 -0.016856933 -0.0253103916
v  0.00481195981 -0.0179929268 -0.0244996641
v  0.00481195981 -0.00709240651 -0.0296437684
v  0.00481195981 -0.00959237199 -0.0289192926
v  0.00481195981 -9.0104443e-08 -0.0304941926
v  0.00481195981 -0.00243952638 -0.0303948391
v  0.00481195981 -0.00357164978 -0.030280821
v  0.00481195981 -0.00485941488 -0.0300980099
v  0.00481195981 0.00243945862 -0.0303948447
v  0.00481195981 0.00357147073 -0.0302808434
v  0.00481195981 0.00709223142 -0.0296438094
v  0.00481195981 0.00485934317 -0.0300980229
v  0.00481195981 0.0137824686 -0.0271408334
v  0.00481195981 0.0118722133 -0.0280450638
v  0.00481195981 0.0105121117 -0.0285921544
v  0.00481195981 0.00959231239 -0.0289193131
v  0.00481195981 0.0179927312 -0.0244997051
v  0.00481195981 0.016856784 -0.025310494
v  0.00481195981 0.0161751807 -0.025760049
v  0.0296226889 -0.0223575532 -0.00137439102
v  0.0296229348 -0.0223631505 3.39899407e-06
v  0.032726191 -0.0223639868 3.46870047e-06
v  0.0296221711 -0.0222798306 -0.00447093183
v  0.02962102 -0.0213921145 -0.0137767289
v  0.0296211615 -0.0216391422 -0.0121536488
v  0.0296213999 -0.0218955446 -0.00997629669
v  0.0296217315 -0.0221155304 -0.00742110377
v  0.0296220053 -0.0222311225 -0.00553554296
v  0.0355055183 -0.0208088439 -0.0166435987
v  0.0352884196 -0.0208093897 -0.0166318044
v  0.0296208672 -0.0208768174 -0.0163531229
v  0.0296209846 -0.0213045236 -0.0142728277
v  0.0317355879 -0.0208526198 -0.0164452735
v  0.0286215916 0.0274999775 1.80260452e-06
v  0.0280001983 0.0275000278 3.36992616e-06
v  0.0286223963 0.0274761822 -0.00115594396
v  0.0280001983 0.0274106264 -0.00221561757
v  0.02862156 0.0268646125 -0.00587896304
v  0.0286214054 0.0269691441 -0.00537974201
v  0.0280001983 0.0269686971 -0.00537965726
v  0.0286215022 0.0271526836 -0.00436141109
v  0.0286220424 0.0273501482 -0.00287624775
v  0.0280001983 0.026162792 -0.00847109128
v  0.0286259353 0.026162792 -0.00847109221
v  0.0286232401 0.0264880098 -0.00739187561
v  0.0286222808 0.0266569834 -0.00675756577
v  0.0280001983 0.0250037909 -0.011448198
v  0.028642308 0.0250042509 -0.0114483936
v  0.0286349561 0.0254598986 -0.0103949513
v  0.0286274422 0.0260204189 -0.00889883284
v  0.0280001983 0.0235073306 -0.0142707964
v  0.0286717247 0.0234043933 -0.014441561
v  0.0286564883 0.0242139101 -0.0130382422
v  0.0286447331 0.0248632282 -0.0117517691
v  0.0284817591 0.0222795028 -0.0161205959
v  0.0286912266 0.0222842768 -0.0161139946
v  0.0286865253 0.0225883909 -0.0156846065
v  0.0280001983 0.022279162 -0.0161210652
v  0.0291222408 -0.0218624268 3.36448397e-06
v  0.0286214966 -0.019779291 -0.0166345444
v  0.0286191404 -0.0202079583 -0.0146774473
v  0.0286203269 -0.0203787461 -0.0137415342
v  0.0286215488 -0.0213616993 3.25120595e-06
v  0.0286204685 -0.0213444587 -0.00212296331
v  0.0286206882 -0.0212475974 -0.0051712282
v  0.0286208075 -0.0212226771 -0.00567162968
v  0.02862156 -0.0210618433 -0.00810130406
v  0.0286218915 -0.0208330099 -0.0104899788
v  0.0286215954 -0.0206772052 -0.0117643224
v  0.0286211874 -0.020544447 -0.0127065498
v  0.0280001983 -0.019779291 -0.0166345444
v  0.0280002002 -0.0203784052 -0.0137414755
v  0.0280002002 -0.020872334 -0.0101321591
v  0.0280001983 -0.0212223232 -0.00567160686
v  0.0280002002 -0.0213616993 3.17792569e-06
v  0.0367862284 -0.0226062778 -0.0129987961
v  0.0370032676 -0.0224370267 -0.0129208881
v  0.0370082557 -0.0229589734 -0.00831039809
v  0.037011072 -0.0232190825 -0.00367858983
v  0.0355043262 -0.0228821393 -0.0139485914
v  0.0357619859 -0.0235209931 -0.00852103997
v  0.0355041586 -0.023534866 -0.00854480173
v  0.0355041772 -0.023381656 -0.010187692
v  0.0355043449 -0.0238645095 3.37069582e-06
v  0.0355041698 -0.0237320643 -0.00557702221
v  0.0357614644 -0.0237914268 -0.00377877103
v  0.0358340591 -0.0238384791 4.56745875e-06
v  0.0360297635 -0.0237418972 -0.00376422377
v  0.0360315442 -0.0237981956 4.87925763e-06
v  0.0361485817 -0.0237654317 4.98114559e-06
v  0.0362907834 -0.0236600339 -0.00374677428
v  0.036295034 -0.0237147361 5.05272237e-06
v  0.0365477465 -0.0235438142 -0.00372620672
v  0.0364851095 -0.0236317739 5.08968378e-06
v  0.0367910117 -0.0233952273 -0.00370317348
v  0.0368107706 -0.0234371256 4.88882324e-06
v  0.0370119549 -0.0232742317 4.32391334e-06
v  0.0370839424 -0.0232053492 3.96026735e-06
v  0.036998447 -0.0220421124 -0.0152082788
v  0.0367830768 -0.0222074166 -0.0153003316
v  0.0365438424 -0.0223454759 -0.0153863113
v  0.0362899154 -0.0224518217 -0.01546288
v  0.0360306911 -0.0225247182 -0.015527687
v  0.0357628018 -0.0225660168 -0.015581605
v  0.0367892571 -0.0231329072 -0.00836126227
v  0.0365470126 -0.0232792739 -0.0084092645
v  0.036546506 -0.023052955 -0.0107446751
v  0.0362908617 -0.0233933609 -0.0084525058
v  0.0362909026 -0.0231652781 -0.0107991714
v  0.0360303 -0.0234732628 -0.0084896097
v  0.036030639 -0.0232435614 -0.0108458661
v  0.0357623361 -0.0232897848 -0.0108853569
v  0.0365456492 -0.0227480792 -0.0130719999
v  0.0362907313 -0.0228578653 -0.0131376367
v  0.0360308625 -0.0229338445 -0.0131936558
v  0.0357626528 -0.0229779575 -0.0132407881
v  0.0280002002 -0.0228617005 3.22251867e-06
v  0.0280001983 -0.0228410847 -0.00234870007
v  0.0289999135 -0.0238623507 3.37185634e-06
v  0.0289999638 -0.0238372162 -0.00261399825
v  0.0289980732 -0.0237244293 -0.00568646798
v  0.0280001983 -0.0226748921 -0.00655824924
v  0.0289976858 -0.0236753449 -0.00655623898
v  0.0280001983 -0.0223169625 -0.0107095866
v  0.0290003996 -0.0232929643 -0.0109786876
v  0.0289995074 -0.0233797003 -0.0101876725
v  0.0289978944 -0.023540765 -0.00844778772
v  0.0290024765 -0.0230011139 -0.0131826624
v  0.0280001983 -0.0218253285 -0.0141861672
v  0.0290027969 -0.0228802338 -0.0139485653
v  0.0290025901 -0.0226707123 -0.0151239512
v  0.0266217068 0.0182784423 -0.0211351961
v  0.0265107322 0.0182487424 -0.0210546628
v  0.0261488501 0.0179532133 -0.0214922
v  0.0280987546 0.0215845499 -0.017042689
v  0.028299585 0.020557994 -0.0183285605
v  0.0269726943 0.0186041873 -0.0207011104
v  0.0273154173 0.0189603958 -0.0202723052
v  0.0255596898 0.0176308788 -0.021767525
v  0.0256668851 0.0176634509 -0.0218512937
v  0.0229806919 0.016730085 -0.022751892
v  0.023713978 0.0169015788 -0.0225852486
v  0.0240729135 0.017010713 -0.0224508252
v  0.02449462 0.0171459485 -0.0223964695
v  0.0281225722 0.0197181739 -0.0194716677
v  0.0282243565 0.020117607 -0.0188979022
v  0.028590681 0.0212876555 -0.0174221396
v  0.028014686 0.0206309352 -0.0182105191
v  0.0278845523 0.0193568785 -0.0199861899
v  0.0275349207 0.0189991295 -0.0204249844
v  0.0271863714 0.0186606217 -0.0208633188
v  0.0267279819 0.0183123741 -0.0212192852
v  0.0270816684 0.0186301339 -0.0207801741
v  0.0262555592 0.0179895815 -0.0215774812
v  0.0250816271 0.0173827447 -0.0221253522
v  0.0257705618 0.0177008528 -0.0219379012
v  0.0275387205 0.0193341635 -0.0197746586
v  0.0278795771 0.0197275281 -0.0193409175
v  0.0276576094 0.0193367526 -0.0198421497
v  0.0280027464 0.0197203849 -0.0194052067
v  0.0277728923 0.019344205 -0.0199124236
v  0.0274270717 0.0189773291 -0.0203466639
v  3.35317019e-08 0.017992368 -0.0244999994
v  -6.64462929e-12 0.0179926548 -0.0229966305
v  -6.64451827e-12 -0.0179926548 -0.0229966305
v  2.13244444e-08 -0.0179924909 -0.0244999994
v  0.019717671 -0.0172474608 -0.0229966305
v  -6.64492072e-12 -0.0164926536 -0.0229966305
v  0.00930000003 0.016492663 -0.0229966305
v  9.24663068e-10 0.0164926536 -0.0229966305
v  0.0197176393 -0.0176220741 -0.0229966324
v  -0.00226627407 -0.0178493597 -0.0229966305
v  -0.00230320985 -0.0163310394 -0.0229966305
v  -0.00494373264 -0.0173001476 -0.0229966305
v  -0.00485931616 -0.0157605428 -0.0229966305
v  -0.00750711141 -0.016351724 -0.0229966305
v  -0.0072928858 -0.0147926155 -0.0229966305
v  -0.00989725813 -0.0150259733 -0.0229966305
v  -0.00954255275 -0.0134516666 -0.0229966305
v  -0.0120590199 -0.0133534884 -0.0229966305
v  -0.0115515878 -0.0117715104 -0.0229966305
v  -0.0139425108 -0.0113728624 -0.0229966305
v  -0.0132693294 -0.00979451556 -0.0229966305
v  -0.0155042689 -0.00912980083 -0.0229966305
v  -0.0146524617 -0.00757053494 -0.0229966305
v  -0.0167082567 -0.00667606154 -0.0229966305
v  -0.0156661067 -0.00515564997 -0.0229966305
v  -0.0175266881 -0.00406826846 -0.0229966305
v  -0.0162847042 -0.00261075655 -0.0229966305
v  -0.0179406814 -0.00136659713 -0.0229966305
v  -0.0164926536 -2.8193444e-08 -0.0229966305
v  -0.00230326573 0.0163310319 -0.0229966305
v  -0.00226626196 0.0178493597 -0.0229966305
v  -0.00485936971 0.0157605261 -0.0229966305
v  -0.004943721 0.0173001513 -0.0229966305
v  -0.00729293656 0.0147925904 -0.0229966305
v  -0.00750710024 0.0163517296 -0.0229966305
v  -0.00954259932 0.013451634 -0.0229966305
v  -0.00989724789 0.0150259808 -0.0229966305
v  -0.0115516279 0.0117714712 -0.0229966305
v  -0.0120590106 0.0133534968 -0.0229966305
v  -0.013269363 0.00979446992 -0.0229966305
v  -0.0139425034 0.0113728726 -0.0229966305
v  -0.0146524878 0.00757048465 -0.0229966305
v  -0.0155042624 0.00912981108 -0.0229966305
v  -0.0156661253 0.00515559642 -0.0229966305
v  -0.0167082511 0.00667607319 -0.0229966305
v  -0.0162847135 0.0026107009 -0.0229966305
v  -0.0175266862 0.00406828057 -0.0229966305
v  -0.0179406796 0.00136660936 -0.0229966305
v  -0.00954259932 0.013451634 -0.0237373039
v  -0.0021178571 -0.0163561106 -0.0237373058
v  -0.00230320985 -0.0163310394 -0.0237373039
v  -0.00433248701 -0.0159134287 -0.0237373058
v  -0.00485931616 -0.0157605428 -0.0237373039
v  -0.00652325666 -0.0151477642 -0.0237373058
v  -0.0072928858 -0.0147926155 -0.0237373039
v  -0.00954255275 -0.0134516666 -0.0237373039
v  -0.0107735517 -0.0124875233 -0.0237373058
v  -0.0115515878 -0.0117715104 -0.0237373039
v  -0.012561461 -0.0106872516 -0.0237373039
v  -0.0132693294 -0.00979451556 -0.0237373039
v  -0.0146524617 -0.00757053494 -0.0237373039
v  -0.0156661067 -0.00515564997 -0.0237373039
v  -0.015987685 -0.00404988555 -0.0237373039
v  -0.0162847042 -0.00261075655 -0.0237373039
v  -0.0164926536 -2.81935506e-08 -0.0237373039
v  -0.0162847135 0.0026107009 -0.0237373039
v  -0.015987685 0.00404988322 -0.0237373039
v  -0.0156661253 0.00515559642 -0.0237373039
v  -0.0146524878 0.00757048465 -0.0237373039
v  -0.013269363 0.00979446992 -0.0237373039
v  -0.0125614619 0.0106872506 -0.0237373039
v  -0.0115516279 0.0117714712 -0.0237373039
v  -0.0107735517 0.0124875233 -0.0237373039
v  -0.00990092568 0.0131901214 -0.0237373039
v  -0.00485936971 0.0157605261 -0.0237373039
v  -0.00652325712 0.0151477642 -0.0237373039
v  -0.00729293656 0.0147925904 -0.0237373039
v  -0.00230326573 0.0163310319 -0.0237373039
v  -0.0040631881 0.0159843098 -0.0237373039
v  -0.00433248701 0.0159134287 -0.0237373039
v  -0.0158339143 0.00854781363 -0.0244986862
v  -0.0160578713 0.00716415606 -0.0248008408
v  -0.016431937 0.00733195711 -0.0244989265
v  -0.00481258519 0.0159060359 -0.0254708845
v  -0.00481256563 0.0150301186 -0.0260075778
v  -0.00711719133 0.014792596 -0.0256043859
v  -0.00494325114 0.017298609 -0.0245008674
v  -0.00481231883 0.017334057 -0.0244995635
v  -0.00825976767 0.015986152 -0.0244986899
v  -0.00750772748 0.0163530651 -0.0244985316
v  -0.00702829473 0.0165646225 -0.0244986396
v  -0.00575918844 0.0170459244 -0.0244997311
v  -0.0105215311 0.0145957358 -0.0244995598
v  -0.00989726838 0.0150260096 -0.0244995896
v  -0.0094611207 0.0144502372 -0.0250232369
v  -0.00942278001 0.0153283458 -0.0244993847
v  -0.0135498159 0.0118384445 -0.0244993642
v  -0.0126136709 0.0128317745 -0.0244991034
v  -0.0117425118 0.0120191285 -0.0253467429
v  -0.0120594399 0.013353968 -0.0244991202
v  -0.0116027007 0.0137524968 -0.0244992226
v  -0.0155051081 0.00913031027 -0.0244988352
v  -0.0151443556 0.00971627794 -0.0244991165
v  -0.0139462845 0.00956877042 -0.025271887
v  -0.0143626304 0.010837459 -0.0244995784
v  -0.013942576 0.0113729322 -0.0244995132
v  -0.0167086255 0.00667622359 -0.024499258
v  -0.0160578713 0.00515126484 -0.0253055356
v  -0.0169294905 0.00609348388 -0.0244995039
v  -0.0160578713 0.00310382666 -0.0256438367
v  -0.0175284557 0.00406870386 -0.0244981889
v  -0.0173395816 0.00480654137 -0.0244989656
v  -0.017974034 0.000832705118 -0.0244990569
v  -0.0179420821 0.00136672484 -0.0244984943
v  -0.0160578713 0.00103557319 -0.0258134715
v  -0.0178625584 0.00217948318 -0.0244977679
v  -0.0176513102 0.00350058614 -0.0244977344
v  -0.0179852024 -0.000527654251 -0.0244993344
v  -0.0160578713 -0.00103962538 -0.0258133058
v  -0.0179420635 -0.00136668701 -0.0244985111
v  -0.0178977307 -0.00186557218 -0.0244980194
v  -0.0160578713 -0.00310785184 -0.0256433394
v  -0.0177115258 -0.00318300794 -0.0244975928
v  -0.0167086367 -0.00667620776 -0.0244992543
v  -0.0160578713 -0.00515523553 -0.0253047124
v  -0.0165473502 -0.00706719514 -0.0244990513
v  -0.0160578713 -0.0071680462 -0.0247996952
v  -0.0159818735 -0.00826788601 -0.0244986787
v  -0.017025711 -0.00581901567 -0.0244995542
v  -0.0174241439 -0.00449217251 -0.024498621
v  -0.0175284762 -0.00406866148 -0.0244981814
v  -0.0155051155 -0.00913027953 -0.0244988408
v  -0.0139462845 -0.00751335034 -0.0259705558
v  -0.0153292315 -0.00942226592 -0.0244989712
v  -0.0139462845 -0.00957273599 -0.0252703559
v  -0.0145549029 -0.0105779292 -0.0244995337
v  -0.0139425937 -0.0113729276 -0.0244995039
v  -0.0117425118 -0.0120231062 -0.0253448188
v  -0.0118682068 -0.0135241412 -0.0244991612
v  -0.0120594548 -0.0133539494 -0.0244991239
v  -0.0128274634 -0.0126180053 -0.0244991295
v  -0.0137188155 -0.0116420612 -0.0244994219
v  -0.0117425118 -0.00994941127 -0.0262452681
v  -0.00966798235 -0.0151745826 -0.0244995728
v  -0.00989726838 -0.0150259873 -0.0244996045
v  -0.0094611207 -0.0144541627 -0.0250209235
v  -0.0108124362 -0.0143816769 -0.024499489
v  -0.0094611207 -0.0123988185 -0.0261213798
v  -0.00610298617 -0.0169265419 -0.0244992599
v  -0.00733760465 -0.0164289791 -0.0244993009
v  -0.00711719133 -0.0147966146 -0.0256020185
v  -0.00750731165 -0.016352132 -0.0244992971
v  -0.00852622185 -0.0158446338 -0.0244993512
v  -0.00481195794 -0.0173392575 -0.0244986676
v  -0.0049441848 -0.0173015613 -0.0244985465
v  -0.0048119151 -0.0167133883 -0.0249381308
v  -0.00481194863 -0.0152597064 -0.025871044
v  -0.00481198216 -0.0137541015 -0.0267176088
v  -0.00711719133 -0.0126925744 -0.0267285444
v  -0.00481200079 -0.0128964176 -0.0271498691
v  -0.00481201569 -0.0122016985 -0.0274749473
v  -0.00481203245 -0.0114171896 -0.0278161652
v  -0.00711719133 -0.0105034122 -0.0276791342
v  -0.00481204921 -0.010607779 -0.0281404816
v  -0.00481208274 -0.00897776522 -0.0287119467
v  -0.00711719133 -0.00824381039 -0.0284474082
v  -0.00481209485 -0.00837620161 -0.0288963225
v  -0.00711719133 -0.00357427099 -0.0294176657
v  -0.0048121498 -0.00563174859 -0.0295652207
v  -0.00711719133 -0.00592892151 -0.0290282182
v  -0.00481212325 -0.00696441391 -0.0292750616
v  -0.00481211627 -0.00731720543 -0.029187398
v  -0.00481225038 -0.000483651675 -0.0301017314
v  -0.00481223594 -0.00121485058 -0.0300807524
v  -0.00711719133 -0.00119564997 -0.029613141
v  -0.00481221685 -0.00220914884 -0.030023165
v  -0.00481218332 -0.00392712979 -0.0298441257
v  -0.00481225969 -2.52594668e-06 -0.0301056802
v  -0.00711719133 0.00119098963 -0.029613331
v  -0.00481228391 0.00124349061 -0.0300795548
v  -0.00481230533 0.00233962247 -0.0300131012
v  -0.00711719133 0.00356964185 -0.0294182375
v  -0.00481231743 0.0029664014 -0.0299567133
v  -0.00711719133 0.00592435477 -0.0290291663
v  -0.00481235096 0.0046792184 -0.0297336224
v  -0.00481233047 0.00362696382 -0.0298827048
v  -0.00711719133 0.00823933631 -0.028448727
v  -0.00481239613 0.00695950212 -0.0292762052
v  -0.00481238449 0.00637611328 -0.0294110421
v  -0.00711719133 0.0104990611 -0.0276808143
v  -0.00481245155 0.00969911646 -0.0284721386
v  -0.00481241802 0.00805131253 -0.0289900694
v  -0.00711719133 0.0126883751 -0.0267305765
v  -0.00481248507 0.0113139171 -0.0278590117
v  -0.00481247157 0.0106676491 -0.0281173605
v  -0.00481255213 0.0144226663 -0.0263558254
v  -0.00481253257 0.0135355052 -0.0268310048
v  -0.0048125186 0.0128902216 -0.027152773
v  -0.0139462845 0.00750927301 -0.0259717591
v  -0.0139462845 0.0053994148 -0.0265007652
v  -0.0139462845 0.00325334631 -0.0268553626
v  -0.0139462845 0.00108545949 -0.0270331707
v  -0.0139462845 -0.0010897069 -0.0270329956
v  -0.0139462845 -0.00325756543 -0.026854841
v  -0.0139462845 -0.00540357735 -0.026499901
v  -0.0117425118 0.00994529016 -0.0262468606
v  -0.0117425118 0.00780475372 -0.0269742701
v  -0.0117425118 0.00561187556 -0.0275240932
v  -0.0117425118 0.00338136172 -0.0278926436
v  -0.0117425118 0.00112817099 -0.0280774459
v  -0.0117425118 -0.00113258557 -0.0280772652
v  -0.0117425118 -0.00338574662 -0.0278921016
v  -0.0117425118 -0.00561620155 -0.0275231954
v  -0.0117425118 -0.00780899171 -0.0269730203
v  -0.0094611207 0.012394716 -0.0261233635
v  -0.0094611207 0.0102560716 -0.027051609
v  -0.0094611207 0.00804864522 -0.0278017502
v  -0.0094611207 0.00578724174 -0.0283687543
v  -0.0094611207 0.00348702632 -0.0287488215
v  -0.0094611207 0.00116342539 -0.0289393999
v  -0.0094611207 -0.00116797793 -0.0289392136
v  -0.0094611207 -0.00349154836 -0.0287482627
v  -0.0094611207 -0.00579170277 -0.0283678286
v  -0.0094611207 -0.00805301592 -0.0278004613
v  -0.0094611207 -0.0102603221 -0.0270499662
v  -0.00350171514 -0.0176486149 -0.0244990364
v  -0.0021721581 -0.0178610571 -0.0244994052
v  -0.00083043729 -0.0179734807 -0.0244997721
v  -0.00134521956 0.0179422963 -0.0244998783
v  -0.00268316688 0.0177914649 -0.0244997591
v  -0.00400608918 0.0175410043 -0.024499638
v  -0.00432734471 0.0138802249 -0.0250066724
v  -0.00651102839 0.0136716543 -0.024638338
v  -0.0107463514 0.0109885167 -0.0244944859
v  -0.0127721913 -0.00858027209 -0.0244836677
v  -0.0127721913 -0.0064911521 -0.0251311753
v  -0.00432734471 -0.0138802258 -0.0250066724
v  -0.00211730041 -0.0160737913 -0.0239334628
v  -0.00211730041 0.0160737894 -0.0239334647
v  -0.00211730041 0.0140042463 -0.0252256952
v  -0.00211730041 0.0118314987 -0.026335666
v  -0.00211730041 0.0095715588 -0.027255198
v  -0.00211730041 0.00724108052 -0.0279775131
v  -0.00211730041 0.00485723838 -0.028497288
v  -0.00211730041 0.00243760087 -0.0288106948
v  -0.00211730041 -6.5276573e-10 -0.0289154202
v  -0.00211730041 -0.00243760226 -0.028810693
v  -0.00211730041 -0.00485723978 -0.028497288
v  -0.00211730041 -0.00724108145 -0.0279775131
v  -0.00211730041 -0.00957155973 -0.027255198
v  -0.00211730041 -0.0118315006 -0.026335666
v  -0.00211730041 -0.0140042482 -0.0252256952
v  -0.00865505077 -0.0133798076 -0.0241229329
v  -0.00865505077 -0.0113039417 -0.0251834113
v  -0.0107463514 -0.00888959598 -0.0253485013
v  -0.0107463514 -0.0109885177 -0.0244944859
v  -0.0147202313 0.00621760171 -0.0240929276
v  -0.0147202313 0.00417069998 -0.024539236
v  -0.0147202313 0.00209306227 -0.0248083435
v  -0.0147202313 -5.6050381e-10 -0.0248982683
v  -0.0147202313 -0.0020930632 -0.0248083435
v  -0.0147202313 -0.00417070091 -0.024539236
v  -0.0147202313 -0.00621760264 -0.0240929276
v  -0.0127721913 -0.00435419474 -0.0255971197
v  -0.0127721913 -0.00218514958 -0.0258780681
v  -0.0127721913 -5.85163029e-10 -0.0259719472
v  -0.0127721913 0.00218514842 -0.0258780681
v  -0.0127721913 0.00435419381 -0.0255971197
v  -0.0127721913 0.00649115071 -0.0251311753
v  -0.0127721913 0.00858027115 -0.0244836677
v  -0.0107463514 -0.00672516134 -0.0260193534
v  -0.0107463514 -0.0045111659 -0.0265020952
v  -0.0107463514 -0.0022639255 -0.0267931707
v  -0.0107463514 -6.06257933e-10 -0.0268904343
v  -0.0107463514 0.00226392411 -0.0267931707
v  -0.0107463514 0.00451116497 -0.0265020952
v  -0.0107463514 0.00672516041 -0.0260193534
v  -0.0107463514 0.00888959412 -0.0253485031
v  -0.00865505077 -0.00914476998 -0.0260619409
v  -0.00865505077 -0.00691820635 -0.0267520491
v  -0.00865505077 -0.00464065839 -0.0272486489
v  -0.00865505077 -0.0023289111 -0.0275480784
v  -0.00865505077 -6.23660013e-10 -0.027648136
v  -0.00865505077 0.0023289097 -0.0275480784
v  -0.00865505077 0.00464065745 -0.0272486489
v  -0.00865505077 0.00691820495 -0.0267520491
v  -0.00865505077 0.00914476905 -0.0260619409
v  -0.00865505077 0.0113039399 -0.0251834113
v  -0.00865505077 0.0133798067 -0.0241229329
v  -0.00651102839 -0.0136716561 -0.0246383362
v  -0.00651102839 -0.0115505094 -0.0257219467
v  -0.00651102839 -0.00934424158 -0.0266196411
v  -0.00651102839 -0.0070691104 -0.0273248013
v  -0.00651102839 -0.00474188337 -0.0278322324
v  -0.00651102839 -0.00237971055 -0.0281381942
v  -0.00651102839 -6.37263353e-10 -0.028240433
v  -0.00651102839 0.00237970939 -0.0281381942
v  -0.00651102839 0.00474188197 -0.0278322324
v  -0.00651102839 0.00706910901 -0.0273248013
v  -0.00651102839 0.00934423972 -0.0266196411
v  -0.00651102839 0.0115505084 -0.0257219467
v  -0.00432734471 -0.0117267203 -0.0261068139
v  -0.00432734471 -0.00948679447 -0.0270182025
v  -0.00432734471 -0.0071769543 -0.0277341194
v  -0.00432734471 -0.00481422385 -0.0282492917
v  -0.00432734471 -0.00241601467 -0.0285599232
v  -0.00432734471 -6.46984966e-10 -0.0286637209
v  -0.00432734471 0.00241601351 -0.0285599232
v  -0.00432734471 0.00481422246 -0.0282492917
v  -0.00432734471 0.00717695337 -0.0277341194
v  -0.00432734471 0.00948679261 -0.0270182025
v  -0.00432734471 0.0117267193 -0.0261068139
v  -0.00373900309 -0.00707304524 -0.0294006746
v  -0.00369527028 0.0158205237 -0.0257120766
v  -0.00370896398 0.0137515729 -0.0268937461
v  -0.00372117385 0.0115954624 -0.0279064383
v  -0.00373946899 0.00707210321 -0.0294013061
v  -0.0037313439 0.00936370715 -0.0287443027
v  -0.00259399926 0.00240892102 -0.0302639641
v  -0.00258749234 0.00479906565 -0.0299748406
v  -0.00374533562 0.00474013668 -0.029872952
v  -0.0037498842 -4.58895869e-07 -0.0302514192
v  -0.00374862715 -0.00237973221 -0.0301565267
v  -0.00374498847 -0.00474096835 -0.0298725497
v  -0.00372053054 -0.0115964068 -0.0279055573
v  -0.00373080443 -0.00936471391 -0.0287434626
v  -0.00370836398 -0.0137527958 -0.0268926676
v  -0.00369468797 -0.0158220995 -0.0257108603
v  -0.000124209851 -0.011859634 -0.0280342363
v  -9.21658066e-05 -0.0140609313 -0.0269824844
v  -5.59763685e-05 -0.0161706023 -0.0257559326
v  -0.000188213351 -0.00485030515 -0.0300772656
v  -0.000172667671 -0.00723611424 -0.0295871329
v  -0.000151228509 -0.00957928319 -0.0289045312
v  -0.000197922389 0.00243681716 -0.0303723365
v  -0.000200910566 1.5542106e-06 -0.0304707997
v  -0.000197665518 -0.00243375497 -0.0303722806
v  -0.000151971049 0.00958132278 -0.0289048385
v  -0.000173343302 0.00723864511 -0.0295873079
v  -0.000188722421 0.00485320063 -0.0300773494
v  -0.000124929953 0.0118610058 -0.0280347094
v  -9.26802313e-05 0.0140612377 -0.0269833505
v  -5.62865062e-05 0.0161698591 -0.0257570837
v  -0.00257595442 -0.00715868594 -0.0294936951
v  -0.00258704415 -0.0047980831 -0.0299744178
v  -0.00259378389 -0.00240787817 -0.0302637238
v  -0.00259610103 5.22338837e-07 -0.0303603914
v  -0.00249292073 -0.0160130598 -0.0257333722
v  -0.00251869182 -0.0139193274 -0.0269378908
v  -0.00254148967 -0.0117369434 -0.0279702526
v  -0.00256069377 -0.00947819743 -0.0288241096
v  -0.0012752139 -0.0161293279 -0.0257480014
v  -0.00130904804 -0.0140219107 -0.0269668065
v  -0.00133893685 -0.0118244328 -0.0280116294
v  -0.00136409269 -0.0095494166 -0.0288759172
v  -0.00127557409 0.0161282979 -0.0257494431
v  -0.00130959786 0.0140218958 -0.026968006
v  -0.00257654767 0.00715939607 -0.0294943657
v  -0.00256135431 0.0094785979 -0.0288250186
v  -0.00254218862 0.0117370114 -0.0279713068
v  -0.00251923618 0.0139186 -0.026939299
v  -0.00249332143 0.0160114858 -0.0257350039
v  0.0206199102 -0.0176403709 -0.0229949858
v  0.0206207149 -0.0172658134 -0.0229958091
v  0.0229651202 -0.0167644061 -0.0227812994
v  0.0236188974 -0.0168949105 -0.0225969385
v  0.0242670532 -0.0170554947 -0.0224225465
v  0.0249097627 -0.0172453839 -0.0222578067
v  0.0264109094 -0.0178649109 -0.0213188659
v  0.0265103392 -0.0178909153 -0.0214428678
v  0.0280057322 -0.0188096017 -0.0196815562
v  0.0278998185 -0.0188160613 -0.0195683241
v  0.0277916882 -0.0188339557 -0.0194586515
v  0.0283318423 -0.0192658007 -0.0183370821
v  0.025447797 -0.0174363628 -0.0219784696
v  0.0255467407 -0.0174673144 -0.0221032482
v  0.0260885041 -0.017692551 -0.0217257105
v  0.0259813257 -0.017651571 -0.021706786
v  0.0258810967 -0.0176301338 -0.0215838421
v  0.0359695926 0.0299304724 0.000851148856
v  0.0355011411 0.0268362891 0.013410937
v  0.035730727 0.0264863167 0.0140586551
v  0.0357308425 0.0274851006 0.0119911339
v  0.0355026536 0.0179492943 0.0240376908
v  0.0357302874 0.0175023545 0.0243473891
v  0.0357303582 0.019314561 0.0229373258
v  0.0358009152 -0.0179789644 0.023985073
v  0.0357301347 -0.0179010611 0.0240565017
v  0.0356209874 -0.0179904755 0.0240023918
v  0.0355060063 -0.0179925691 0.0240055714
v  0.0357301272 -0.0130017726 0.0270201359
v  0.0355060063 -0.0152829532 0.0258153304
v  0.0357301496 -0.0150288278 0.0259475242
v  0.0355060063 -0.0169753302 0.0247353632
v  0.0357301608 -0.0169680025 0.0247238819
v  0.0357301459 -0.00873220898 0.0286862496
v  0.0355060063 -0.0109035261 0.0279484019
v  0.0357301161 -0.0108988816 0.0279351771
v  0.0355060063 -0.0121740745 0.0274188239
v  0.0355060063 -0.0130075701 0.02703337
v  0.0357301235 -0.00651432108 0.0292695034
v  0.0355060063 -0.00651672203 0.0292836521
v  0.0355060063 -0.00889967848 0.0286495332
v  0.0357300341 -0.00197766279 0.029920442
v  0.0355060063 -0.00203405111 0.0299309641
v  0.0355060063 -0.00425986713 0.0296960194
v  0.0355055518 0.00261010369 0.0298862122
v  0.035505686 0.00184683746 0.0299430471
v  0.0357300229 0.00260889926 0.029872017
v  0.035505753 0.00146383327 0.0299642142
v  0.0357300192 0.00031575351 0.0299840719
v  0.0355059728 0.000200085691 0.0299993251
v  0.0355060063 4.39009246e-12 0.0299999993
v  0.0355053842 0.00357615715 0.0297861323
v  0.0357300378 0.0048873378 0.0295848772
v  0.0355051421 0.00494183507 0.0295902826
v  0.0357300676 0.0071367682 0.0291240104
v  0.035504777 0.00700017624 0.0291718133
v  0.0355050825 0.00529584568 0.0295289643
v  0.0355043523 0.00934889726 0.0285062119
v  0.0355044752 0.00868088286 0.0287165735
v  0.0357300974 0.00934430491 0.0284927338
v  0.0355045348 0.00835260283 0.0288137365
v  0.0355041735 0.0103273736 0.0281667709
v  0.0357301235 0.0114973802 0.0276948158
v  0.0355039239 0.0116501525 0.0276463926
v  0.0355038717 0.0119357947 0.0275243446
v  0.0357301608 0.0135827297 0.0267337114
v  0.0355035663 0.0135100298 0.0267865025
v  0.0355033129 0.0147887431 0.026101714
v  0.0357302167 0.0155880656 0.0256153774
v  0.0355032608 0.0150420191 0.0259564649
v  0.035502702 0.017726317 0.0242025144
v  0.035502959 0.0165241938 0.0250385534
v  0.035503149 0.0155956903 0.0256273989
v  0.0355019458 0.0210238937 0.0214026384
v  0.0355020463 0.0206026975 0.0218081959
v  0.0357304253 0.0210136548 0.0213927664
v  0.0355020911 0.0204239469 0.0219755769
v  0.0355023481 0.0193105265 0.0229592994
v  0.0355017446 0.0218292922 0.0205804855
v  0.0357304849 0.0225886609 0.0197218396
v  0.0355014764 0.0228428524 0.0194485281
v  0.0355014391 0.022985721 0.0192793123
v  0.0357305519 0.0240307059 0.0179351103
v  0.0355011299 0.0240662452 0.0179111604
v  0.035500858 0.0249505807 0.0166567396
v  0.0357306339 0.0253323894 0.0160436817
v  0.0355008207 0.0250656772 0.0164830294
v  0.0355010517 0.026720671 0.0136396149
v  0.035500519 0.0259806812 0.0150000686
v  0.0355007313 0.0253446139 0.0160508882
v  0.0355024822 0.0283351764 0.00985680334
v  0.0355023518 0.0282048434 0.0102242604
v  0.0357309431 0.0283216238 0.00985263661
v  0.0355022773 0.0281270389 0.0104366494
v  0.0355017483 0.0275656246 0.0118408576
v  0.0355029255 0.0287501793 0.00856908597
v  0.0357309841 0.02899158 0.00765642757
v  0.035503421 0.0291493759 0.00709127495
v  0.0355034918 0.0291990861 0.00688356766
v  0.0357310288 0.0294923037 0.00541554578
v  0.0355040729 0.0295496453 0.00517615722
v  0.0355046317 0.0297772754 0.00365007762
v  0.0357311554 0.02982115 0.00314297318
v  0.0355047062 0.0298005976 0.00345538137
v  0.0357314497 0.029975472 0.000851691759
v  0.0355054103 0.0299513508 0.00172967627
v  0.0355048254 0.0298352428 0.00314386259
v  0.0370978937 0.0291924998 0.000409814093
v  0.0370134786 0.0292897262 0.000837528729
v  0.0370978154 0.0291251242 0.00202330342
v  0.0370134823 0.029139122 0.00307602435
v  0.0370135568 0.0288173892 0.00529623777
v  0.0370977968 0.0289549939 0.00373279466
v  0.0370978042 0.0290806014 0.00258333678
v  0.0370136648 0.0283274725 0.0074854847
v  0.0370978676 0.0283147004 0.00711034006
v  0.0370978229 0.0286842883 0.00543136615
v  0.037013799 0.0268548615 0.0117202848
v  0.037097916 0.0272893254 0.0103747929
v  0.037013758 0.0276723243 0.00963107869
v  0.0370979048 0.0278485902 0.00876122527
v  0.0370978862 0.0281109121 0.00787802693
v  0.0370138027 0.0258788802 0.0137401922
v  0.0370978527 0.0261828359 0.0129153421
v  0.0370978825 0.0266347229 0.011956295
v  0.0370138101 0.0234791469 0.017527407
v  0.0370977707 0.024542829 0.0158095695
v  0.0370137952 0.0247512069 0.0156795271
v  0.0370977819 0.0250459686 0.0150000686
v  0.0370978303 0.0258853454 0.0135012083
v  0.037013866 0.0220700037 0.0192729477
v  0.0370977968 0.0225202423 0.0185789261
v  0.0370977707 0.0235705785 0.0172258355
v  0.0370140411 0.0188709777 0.0224141013
v  0.037097957 0.0201950092 0.0210841279
v  0.0370139889 0.0205310918 0.0209052581
v  0.0370978601 0.0213963781 0.0198638458
v  0.0370978229 0.0219749548 0.0192213561
v  0.0370979235 0.0170386415 0.0237060413
v  0.0370979458 0.0175770242 0.0233098324
v  0.0370139889 0.0171003342 0.0237915944
v  0.0370979682 0.0181691963 0.0228515845
v  0.0370979831 0.0189196896 0.0222347528
v  0.0370978862 0.0161741637 0.024304023
v  0.0370139256 0.0152299842 0.0250303429
v  0.0370978415 0.0147186378 0.025212571
v  0.0370139293 0.0132707553 0.0261229482
v  0.0370978415 0.0136598628 0.0258021187
v  0.0370140858 0.0112334713 0.0270620137
v  0.0370979533 0.0116721559 0.0267607886
v  0.0370978527 0.013218197 0.0260313805
v  0.0370141752 0.00912981573 0.0278414413
v  0.0370980985 0.0100795859 0.0273999292
v  0.0370980054 0.0112165743 0.0269548632
v  0.0370140634 0.00697278883 0.0284578279
v  0.0370979942 0.0067921998 0.0283930302
v  0.0370980874 0.00845003407 0.0279448573
v  0.0370978899 0.00475803949 0.0288038235
v  0.0370979011 0.00511315791 0.0287428871
v  0.0370139442 0.00477522612 0.0289078765
v  0.0370979495 0.00608932134 0.028551992
v  0.0370978937 0.00341698364 0.028993573
v  0.0370139629 0.00254985574 0.0291885678
v  0.0370979533 0.00171134667 0.0291440953
v  0.0370140485 0.000308911141 0.029298136
v  0.0370980315 1.4717628e-07 0.0291942433
v  0.0367806442 -0.0177301299 0.0236118492
v  0.0369323492 -0.0176528078 0.0234959088
v  0.0368604921 -0.0176092703 0.0236155801
v  0.0370139442 -0.017521793 0.0234831516
v  0.0370141678 -0.0166091733 0.0241375156
v  0.0364338905 -0.017775612 0.0238672066
v  0.0364033617 -0.0178676601 0.0238180812
v  0.0366580747 -0.0176993627 0.0237519033
v  0.0365943164 -0.0178061537 0.0237258468
v  0.0366995223 -0.0177654419 0.0236647986
v  0.0359679945 -0.0178758763 0.0240186136
v  0.0359626487 -0.0179602373 0.0239569563
v  0.0362000316 -0.0178347751 0.023956595
v  0.0360963009 -0.0179387592 0.0239247251
v  0.0361831971 -0.0179218054 0.0238992926
v  0.0370978825 -0.0175448041 0.0233339611
v  0.0370981209 -0.0165541563 0.024047276
v  0.0370983556 -0.0151287876 0.024968341
v  0.0370144099 -0.0147117274 0.0253383517
v  0.0370983817 -0.0146630025 0.0252446216
v  0.0370144099 -0.0127281034 0.026390586
v  0.0370983854 -0.0125442455 0.0263616834
v  0.0370144807 -0.0106699327 0.0272881091
v  0.037098486 -0.0104501974 0.0272600371
v  0.0370985866 -0.00979793631 0.0275012385
v  0.0370148346 -0.00854891539 0.0280249007
v  0.0370988362 -0.00852059014 0.0279231872
v  0.0370988511 -0.00790278241 0.0281041507
v  0.0370987616 -0.00695738662 0.028352825
v  0.0370986611 -0.00635647075 0.0284934919
v  0.0370146558 -0.00637773797 0.0285968874
v  0.037098445 -0.00528477505 0.0287115127
v  0.0370142683 -0.00416888436 0.0290012229
v  0.0370982438 -0.00404458074 0.028912263
v  0.0370981209 -0.00264336728 0.0290739201
v  0.0370141082 -0.0019352691 0.0292354617
v  0.0370980874 -0.00192863168 0.0291301534
v  0.0370980613 -0.00108507008 0.0291738994
v  0.0368606895 -0.0166918375 0.0242730174
v  0.0368608907 -0.0147849116 0.0254790988
v  0.0368608795 -0.0127912965 0.026536027
v  0.0368609354 -0.0107228355 0.0274375845
v  0.0368612446 -0.00859142002 0.0281776432
v  0.0366582349 -0.0167770013 0.0244124793
v  0.0366583802 -0.0148602668 0.0256239623
v  0.0366583541 -0.0128563512 0.0266857259
v  0.0366583914 -0.0107772844 0.0275914371
v  0.0366586484 -0.00863512047 0.0283348635
v  0.036861077 -0.00640961342 0.0287521705
v  0.0364340171 -0.0168491118 0.0245304089
v  0.0364341028 -0.0149240224 0.0257464685
v  0.0364340693 -0.0129113812 0.0268123262
v  0.0364340879 -0.010823329 0.0277215522
v  0.0364342779 -0.0086720176 0.0284678396
v  0.0366584957 -0.00644232426 0.0289120413
v  0.0368607193 -0.00418990897 0.0291583259
v  0.036200121 -0.0169051085 0.024621807
v  0.036200162 -0.0149734737 0.0258414261
v  0.036200121 -0.0129540516 0.0269104615
v  0.036200121 -0.0108590173 0.02782242
v  0.0362002514 -0.00870055333 0.0285709407
v  0.036434155 -0.00646986859 0.0290472843
v  0.0366581902 -0.00421145093 0.0293200854
v  0.0368605778 -0.00194520981 0.0293936245
v  0.0359680541 -0.016944062 0.0246851929
v  0.0359680578 -0.0150078116 0.0259072948
v  0.0359680206 -0.0129836658 0.026978543
v  0.0359680131 -0.01088377 0.027892407
v  0.0359680876 -0.00872027129 0.0286424942
v  0.036200162 -0.00649108551 0.0291521642
v  0.0364339091 -0.00422954839 0.0294569395
v  0.0366580635 -0.00195539813 0.0295564551
v  0.0368605219 0.000310503965 0.0294565577
v  0.0368604437 0.00256350194 0.0293464046
v  0.036860425 0.00480106147 0.0290642213
v  0.0359680317 -0.00650564581 0.0292249694
v  0.0361999832 -0.00424343953 0.0295630749
v  0.0364338048 -0.00196396071 0.0296941977
v  0.0366580188 0.000312140008 0.0296196397
v  0.0366579555 0.00257754885 0.0295088924
v  0.0366579443 0.00482767634 0.0292251762
v  0.0368605331 0.00701057911 0.0286117289
v  0.0368598476 0.0294488948 0.000841190282
v  0.0368598551 0.029297417 0.00309192436
v  0.0368599258 0.0289739426 0.00532425661
v  0.0368600301 0.0284813941 0.00752544031
v  0.036860127 0.0278226994 0.00968272984
v  0.0368601792 0.0270007588 0.0117833233
v  0.0368601941 0.0260194466 0.0138142165
v  0.0368602015 0.0248856395 0.0157640781
v  0.0368602276 0.0236066673 0.0176219828
v  0.0368602872 0.0221898574 0.0193770025
v  0.0368604138 0.0206425525 0.0210182015
v  0.036860466 0.0189733952 0.0225352533
v  0.0368604325 0.0171931274 0.0239202138
v  0.0368603803 0.0153126186 0.0251656603
v  0.0368603952 0.0133427382 0.0262641683
v  0.0368605442 0.0112943575 0.0272083133
v  0.0368606299 0.00917928107 0.0279919766
v  0.0366580375 0.0070495042 0.0287701394
v  0.0364337228 0.00485020969 0.0293613225
v  0.0364337228 0.00258942693 0.0296463352
v  0.0364337638 0.000313519296 0.0297575798
v  0.0361998938 -0.00197053608 0.0298010055
v  0.0359679163 -0.00425291387 0.02963675
v  0.0366578512 0.0296122897 0.000844828261
v  0.0366577916 0.0294599142 0.00310813356
v  0.0366578177 0.0291346982 0.00535292178
v  0.036657881 0.0286395121 0.00756638078
v  0.0366579406 0.0279772338 0.00973569974
v  0.0366579592 0.0271507241 0.0118480111
v  0.036657948 0.0261639562 0.0138902143
v  0.0366579294 0.0250238739 0.0158509221
v  0.0366579257 0.0237378236 0.017719157
v  0.0366579555 0.022313159 0.0194839463
v  0.0366580375 0.0207572412 0.0211343113
v  0.0366580635 0.0190787967 0.0226598289
v  0.0366580188 0.0172886401 0.0240525007
v  0.0366579592 0.0153976856 0.025304867
v  0.0366579518 0.0134168481 0.0264094677
v  0.0366580635 0.0113570457 0.0273588412
v  0.0366581269 0.00923021697 0.0281468835
v  0.0364338048 0.00708245765 0.0289041065
v  0.0361998565 0.00486770365 0.0294668823
v  0.0361998416 0.00259863166 0.029752899
v  0.0361998603 0.000314583362 0.0298645236
v  0.0359678529 -0.00197502412 0.0298751295
v  0.0357300676 -0.00425847527 0.0296818111
v  0.0355060063 -0.00550428266 0.0294907261
v  0.0364344269 0.0297501069 0.000847756455
v  0.0364342704 0.0295969769 0.0031216715
v  0.036434222 0.0292703323 0.00537698064
v  0.0364342332 0.02877298 0.00760081457
v  0.0364342406 0.0281077288 0.00978030358
v  0.0364341959 0.0272773858 0.0119025214
v  0.0364341252 0.0262860358 0.0139542939
v  0.0364340618 0.0251406766 0.0159241837
v  0.0364340097 0.0238486752 0.0178011712
v  0.036433991 0.0224173982 0.0195742399
v  0.0364340134 0.0208542235 0.0212323666
v  0.0364339948 0.0191679448 0.0227650646
v  0.0364339165 0.0173694361 0.0241642818
v  0.0364338383 0.0154696535 0.0254225228
v  0.0364338011 0.0134795522 0.0265322924
v  0.0364338569 0.0114100883 0.0274860952
v  0.036433883 0.00927332323 0.0282778554
v  0.0361999236 0.00710804109 0.0290079582
v  0.0359678417 0.00487986859 0.0295401253
v  0.0359678194 0.00260501145 0.0298268385
v  0.0359678268 0.000315315265 0.0299387276
v  0.0362012833 0.0298566855 0.000849865552
v  0.0362010337 0.0297029782 0.00313199032
v  0.036200922 0.0293752607 0.00539544877
v  0.036200881 0.0288762767 0.00762732374
v  0.0362008438 0.0282087661 0.00981469825
v  0.0362007432 0.0273754802 0.0119445957
v  0.0362006202 0.0263806004 0.0140037937
v  0.0362005122 0.0252311751 0.0159808118
v  0.0362004191 0.0239345841 0.017864598
v  0.036200352 0.0224982034 0.0196441002
v  0.0362003185 0.0209294241 0.0213082563
v  0.0362002552 0.0192370862 0.0228465367
v  0.0362001583 0.0174321104 0.0242508501
v  0.0362000577 0.0155254845 0.0255136676
v  0.0361999907 0.0135281989 0.0266274605
v  0.0361999981 0.0114512416 0.0275847018
v  0.0361999907 0.00930677634 0.0283793565
v  0.0359678902 0.0071258354 0.0290800016
v  0.0359692872 0.029776372 0.00313896011
v  0.0359691419 0.0294479392 0.00540807238
v  0.0359690785 0.0289478563 0.00764553063
v  0.0359690189 0.0282788128 0.00983838085
v  0.0359688923 0.027443504 0.0119736111
v  0.0359687507 0.0264461935 0.0140379686
v  0.0359686241 0.0252939649 0.016019946
v  0.035968516 0.0239942055 0.0179084651
v  0.0359684303 0.0225543007 0.0196924433
v  0.0359683633 0.0209816489 0.0213607941
v  0.0359682813 0.0192851145 0.0229029618
v  0.035968177 0.0174756516 0.0243108291
v  0.0359680764 0.0155642768 0.0255768429
v  0.0359680019 0.0135620004 0.0266934428
v  0.0359679721 0.0114798397 0.0276530758
v  0.0359679461 0.00933003146 0.0284497496
v  0.035763558 -0.0227474682 0.0141568817
v  0.0355053954 -0.0226033572 0.0150000695
v  0.0355050862 -0.0231905859 0.0113642626
v  0.0371613726 -0.0227479376 0.00853604544
v  0.0371593349 -0.02247856 0.0110411327
v  0.0370189846 -0.0225298982 0.0117534883
v  0.0371577404 -0.0221331213 0.0133930203
v  0.03564528 -0.0225987229 0.0150001775
v  0.0357394814 -0.022589894 0.0150001962
v  0.036031343 -0.0227040816 0.0141088096
v  0.0359588489 -0.0225520395 0.0150001384
v  0.0361971371 -0.0224835835 0.0150000518
v  0.0362942703 -0.0226280391 0.0140519487
v  0.0363148153 -0.0224388596 0.0150000388
v  0.0364146754 -0.0223948192 0.0150000406
v  0.0365537778 -0.0225173011 0.0139857465
v  0.0366408266 -0.0222722553 0.0150000649
v  0.0367982462 -0.0223742779 0.0139126861
v  0.0368163958 -0.0221518241 0.015000077
v  0.0369185917 -0.0220693536 0.015000076
v  0.0370165035 -0.0222048666 0.0138361715
v  0.0369958133 -0.0219997782 0.0150000732
v  0.0371654071 -0.0230684709 0.00309496303
v  0.0371644199 -0.0230177604 0.00445627095
v  0.0370220952 -0.0232060831 0.0033559436
v  0.0371632911 -0.0229331572 0.00606462499
v  0.0368014537 -0.0233844165 0.00337100518
v  0.0365553722 -0.023535952 0.0033859848
v  0.0362948664 -0.0236545634 0.00340018235
v  0.0357631482 -0.0237876214 0.00342462887
v  0.0355045199 -0.0238033421 0.00343439123
v  0.0355044454 -0.0238413624 0.00205170363
v  0.036031343 -0.0237377044 0.00341302971
v  0.0357633494 -0.0235460829 0.00773310475
v  0.0355048068 -0.0235610195 0.00775488606
v  0.035504736 -0.0236354601 0.00674031302
v  0.0370219387 -0.0229729284 0.00756281102
v  0.0368016101 -0.0231493413 0.00760191493
v  0.0365556404 -0.0232990514 0.00763994548
v  0.0362951271 -0.0234159753 0.00767512387
v  0.0360315554 -0.0234975871 0.00770608662
v  0.0367997885 -0.0227023941 0.0118172178
v  0.036554642 -0.0228483714 0.0118784942
v  0.0362946801 -0.0229618344 0.0119344573
v  0.0360314697 -0.0230403207 0.0119829765
v  0.0357635021 -0.0230859257 0.0120245051
v  0.0371567458 -0.0218291786 0.0150000686
v  0.0290007014 -0.023791641 0.00370233576
v  0.0290039945 -0.0235803816 0.00748662418
v  0.0290038381 -0.0226030201 0.0149995564
v  0.0290062428 -0.0232030675 0.0112577425
v  0.029005846 -0.0229366701 0.0131341908
v  0.0289805327 -0.0223961361 0.0159681328
v  0.0355056077 -0.0220474284 0.0173591562
v  0.0288861003 -0.0221187472 0.0170973316
v  0.0287674498 -0.0219008923 0.0178698804
v  0.0355057679 -0.0214686915 0.019169664
v  0.0285570491 -0.0216094386 0.0187762752
v  0.0284355767 -0.0214660671 0.0191746727
v  0.0355058312 -0.0211469065 0.019971963
v  0.0281420462 -0.0211589877 0.019937899
v  0.0355058834 -0.0208237749 0.0206636209
v  0.0276314337 -0.0207039975 0.0208892841
v  0.0355059132 -0.0205726847 0.0211346895
v  0.0270024464 -0.0202252585 0.0217052326
v  0.0355060026 -0.018953396 0.023217408
v  0.0262433309 -0.0197269134 0.0223885067
v  0.035505984 -0.0196435135 0.0224911999
v  0.0355059467 -0.0202331953 0.0216935463
v  0.0197201148 -0.0179927032 0.0240057055
v  0.0214914232 -0.0180818923 0.0239416473
v  0.0228568148 -0.0183116235 0.0237635951
v  0.0235984717 -0.0185133722 0.0236009676
v  0.0240394883 -0.0186621491 0.0234761871
v  0.025195647 -0.0191548727 0.0230215881
v  0.0196762178 0.0179926753 0.0240130126
v  0.019690372 0.0179926585 0.0209939629
v  0.00459506223 0.0179931875 0.024006499
v  6.06723005e-12 0.0179926548 0.0209999997
v  6.92290669e-12 0.0179926548 0.0240055081
v  0.0289970189 0.0259765591 0.0150009263
v  0.0284983162 0.0254024155 0.0149954055
v  0.0289923772 0.0257200245 0.0154369902
v  0.0289395675 0.0250068102 0.0165683869
v  0.0279985461 0.0248295497 0.0149798635
v  0.0279100742 0.0238396246 0.0164508261
v  0.0289325286 0.0249485727 0.0166560207
v  0.0289154835 0.0248199776 0.016847197
v  0.0288230237 0.0242910031 0.0176019911
v  0.0277890805 0.0232934244 0.0171407796
v  0.0286396127 0.0235786047 0.0185462739
v  0.0276047681 0.0227177441 0.0177912824
v  0.0283955261 0.0228901245 0.0193892401
v  0.0274853557 0.0224203579 0.018098902
v  0.0273461826 0.0221182816 0.018393321
v  0.0280952118 0.0222372524 0.0201346017
v  0.0271865707 0.0218133479 0.0186739899
v  0.0280658063 0.02218109 0.0201965347
v  0.0270058438 0.0215073917 0.0189403612
v  0.0277392063 0.0216243789 0.0207928494
v  0.0268028621 0.0212022997 0.0191914216
v  0.0276510324 0.0214915778 0.0209304653
v  0.0265768077 0.020900283 0.0194258932
v  0.0273253731 0.0210501347 0.0213753693
v  0.0263274945 0.0206036475 0.0196428318
v  0.026852157 0.0205154438 0.0218899399
v  0.0260547381 0.0203146972 0.0198412947
v  0.0267585684 0.0204217322 0.0219775476
v  0.0257586204 0.0200364552 0.0200207103
v  0.026302414 0.0200110134 0.0223527476
v  0.0254405607 0.0197715014 0.0201815199
v  0.0247458499 0.0192880128 0.0204495788
v  0.0256836507 0.0195503142 0.0227573998
v  0.0250132345 0.0191463102 0.0230989978
v  0.0239865035 0.018875191 0.0206521749
v  0.0248714965 0.0190716796 0.023160819
v  0.0231760275 0.0185418539 0.0207974873
v  0.0242753346 0.0187947415 0.0233869199
v  0.0235330574 0.0185247492 0.0236025844
v  0.0223294534 0.0182928182 0.0208949465
v  0.0229060482 0.0183496717 0.0237398781
v  0.0227123201 0.0183040667 0.0237753335
v  0.0214604363 0.0181222893 0.0209548343
v  0.0218475498 0.0181434713 0.0238991324
v  0.0218148734 0.0181386769 0.0239027981
v  0.0205783173 0.0180242807 0.0209851582
v  0.0208375212 0.0180332139 0.0239826478
v  0.0280000139 0.0289488863 0.00171796535
v  0.0279994402 0.0281690955 0.00688898331
v  0.0290035531 0.0295473542 0.00519170566
v  0.0279996283 0.028532058 0.00518542668
v  0.029002551 0.0297771245 0.0036500555
v  0.0279998183 0.028792521 0.00345959724
v  0.0290024355 0.0297984835 0.00347135984
v  0.0290013161 0.0299495347 0.00173935515
v  0.0279992558 0.0277055483 0.00856434368
v  0.0290048011 0.0291498229 0.00709139369
v  0.0290046707 0.0291969907 0.00689461548
v  0.0279988963 0.0264859665 0.011807547
v  0.0290070511 0.0281262025 0.0104363179
v  0.0279990751 0.0271436535 0.0102057336
v  0.0290069059 0.0282035936 0.0102253268
v  0.0290057883 0.0287485681 0.00857436936
v  0.0279987212 0.0257353503 0.0133643588
v  0.029009141 0.0268316269 0.0134187853
v  0.0290080234 0.0275638979 0.0118419416
v  0.0290101804 0.0260764565 0.0148468819
v  0.0290093012 0.0267201811 0.0136393514
v  0.0284925159 0.0253985934 0.0149902739
v  0.0279985573 0.0249494817 0.01477932
v  0.0280001983 0.0230387468 0.0150000369
v  0.0280002169 0.0237782057 0.0138288448
v  0.028000189 0.024449518 0.0125965411
v  0.0280001182 0.024994906 0.0114673274
v  0.0280002095 0.0274585262 0.00146733446
v  0.0280002002 0.0274253991 0.00199572626
v  0.0280001685 0.0273223221 0.0031146484
v  0.0280001201 0.0270838663 0.0047651059
v  0.0280000903 0.0267466027 0.00639275042
v  0.0280000884 0.0266217291 0.00689447904
v  0.0280001014 0.0263107549 0.00799965113
v  0.0280000903 0.0257779267 0.00957819447
v  0.0280001033 0.025120005 0.0111905867
v  0.0388990119 -0.0173420608 0.0150000528
v  0.037446145 -0.019116994 0.0150000304
v  0.0372961238 -0.0192965064 0.0150004243
v  0.0358163118 -0.0210722778 0.0150000695
v  0.0371308997 -0.020344073 0.0198588241
v  0.0410001986 -0.0168631673 0.0158630181
v  0.0410001986 -0.0165850651 0.0164986998
v  0.0410001986 -0.0171664059 0.0150000686
v  0.0371459424 -0.02110832 0.0178475957
v  0.0371487848 -0.0212758649 0.0172884744
v  0.0387282446 -0.0199464727 0.0150000649
v  0.0371561833 -0.0217848718 0.0152111156
v  0.0410001986 -0.0160761327 0.0173888803
v  0.0371143855 -0.0195698421 0.0212662574
v  0.0371220782 -0.0199426021 0.0206529405
v  0.0410001986 -0.0145920655 0.018906353
v  0.0410001986 -0.01481645 0.0187302269
v  0.0371006727 -0.0184712913 0.0225606635
v  0.0410001986 -0.0155186011 0.0180881899
v  0.037103653 -0.0188296679 0.0222013257
v  0.0371094197 -0.0192832462 0.021667527
v  0.0410001986 1.1172217e-06 0.0238833018
v  0.0410001986 0.000598650309 0.0238760673
v  0.0396974869 0.0208130199 0.0150000984
v  0.0390831381 0.0218354873 0.0150000695
v  0.0381613299 0.0233420245 0.0150000714
v  0.0410001986 0.0185838379 0.0150000686
v  0.0410001986 0.0179750994 0.0157251693
v  0.0410001986 0.00280183693 0.023718439
v  0.0410001986 0.00498175016 0.023357654
v  0.0410001986 0.00710944273 0.0228008106
v  0.0410001986 0.00917558651 0.0220512468
v  0.0410001986 0.0111739552 0.0211081188
v  0.0410001986 0.013077762 0.0199835803
v  0.0410001986 0.0148624079 0.018694723
v  0.0410001986 0.0165173691 0.0172508433
v  0.0410001986 -0.0187792275 0.00145089824
v  0.0410001986 -0.0187145751 0.003739879
v  0.0410001986 -0.0186470225 0.00509921368
v  0.0410001986 -0.0184645504 0.00755968364
v  0.0410001986 -0.0182742793 0.00934593473
v  0.0410001986 -0.0179883093 0.0113574993
v  0.0410001986 -0.017739255 0.0127150081
v  0.0410001986 -0.0107282456 0.0213376619
v  0.0410001986 -0.0126690492 0.0202456098
v  0.0410001986 -0.00442043459 0.0234705079
v  0.0410001986 -0.00659358641 0.022955291
v  0.0410001986 -0.00870310236 0.0222412478
v  0.0410001986 -0.0022180106 0.0237801298
v  0.0410001986 -0.0176289007 0.0132373692
v  0.0410001986 0.0203541983 0.0124913212
v  0.0410001986 0.0214998219 0.0103971399
v  0.0410001986 0.0223017074 0.00854094326
v  0.0410001986 0.0229940582 0.00644728355
v  0.0410001986 0.0225304198 0.0079173157
v  0.0410001986 0.0237860903 0.00211304985
v  0.0410001986 0.020200504 0.0127383471
v  0.0410001986 0.0191151686 0.0143161686
v  0.0410001986 0.023728203 0.00268722232
v  0.0410001986 0.0234906934 0.00429709349
v  0.0410001986 0.0232753716 0.00534297153
v  0.0279690456 0.0223624669 0.0159192532
v  0.0282043796 0.0222870689 0.0160119757
v  0.0278668758 0.0216365736 0.0167870335
v  0.0283260029 0.0215085857 0.0170065481
v  0.0278280526 0.0214438066 0.0170008801
v  0.0283536538 0.0216008686 0.0168941617
v  0.0285221208 0.022299055 0.0160064828
v  0.0286139138 0.023040222 0.01499849
v  0.0295705572 0.0235697217 0.0160131976
v  0.0295771603 0.0236194544 0.0159398168
v  0.0296219606 0.0242343247 0.0149998283
v  0.0288348105 0.0221343655 0.0170008801
v  0.0293484684 0.0227561463 0.0170008801
v  0.0293968823 0.0228147265 0.0170008801
v  0.0294529051 0.0229092017 0.0169518068
v  0.0294454973 0.0228731409 0.017000882
v  0.0286199041 -0.0200473163 0.0150000695
v  0.0291086659 -0.0205048062 0.0152055249
v  0.0294638574 -0.0209104717 0.0150000695
v  0.0284896027 -0.0196088329 0.0165772177
v  0.0284092296 -0.0194621533 0.0170008801
v  0.0294843018 -0.0205574017 0.0170008801
v  0.0290471297 -0.0202444829 0.0162288547
v  0.0285804365 -0.0198435448 0.0157995634
v  0.0295919143 -0.0208568461 0.015921738
v  0.0296213478 -0.0210705735 0.0150000695
v  0.0295423754 -0.0209907442 0.0150000695
v  0.0392466113 -0.016095968 0.0170008801
v  0.0395001993 -0.0157183949 0.0170008801
v  0.0395017378 -0.0160722081 0.016317362
v  0.0391271152 -0.0162666924 0.017000109
v  0.0370617099 -0.0190287903 0.0170006938
v  0.0379058346 -0.0179470535 0.0170003325
v  0.037689507 -0.0185510702 0.0160114728
v  0.038621854 -0.0173627883 0.0160300136
v  0.035808485 -0.0206081774 0.016931437
v  0.0358081162 -0.0205894262 0.0170008801
v  0.0360652506 -0.020270016 0.0170008801
v  0.0389552712 -0.0172718018 0.014999927
v  0.0395001993 -0.0165949147 0.0150000695
v  0.0395001993 -0.0180086922 0.0060178265
v  0.0395001993 0.0225070901 0.00636057602
v  0.0395001993 0.0227378737 0.00547599699
v  0.0395001993 -0.0181641262 0.00308712083
v  0.0395001993 -0.0181367174 0.00378141366
v  0.0395001993 0.0232597664 0.00244288566
v  0.0395001993 0.0230481103 0.00396838784
v  0.0395001993 -0.00647217594 0.0224785339
v  0.0395001993 -0.00594801875 0.0226227716
v  0.0395001993 -0.00214026775 0.0232934207
v  0.0395001993 -0.00142179418 0.023347808
v  0.0395001993 0.0127284918 0.0196227115
v  0.0395001993 0.0117688868 0.0202141479
v  0.0395001993 0.010835547 0.0207304992
v  0.0395001993 0.0205407403 0.0111862533
v  0.0395001993 0.0209337007 0.0104329437
v  0.0395001993 0.0212329328 0.00981009938
v  0.0395001993 0.0233704336 0.000911952811
v  0.0395001993 0.00249821413 0.0232559554
v  0.0395001993 0.00312155671 0.0231811441
v  0.0395001993 0.00463723112 0.0229276512
v  0.0395001993 0.00612449786 0.0225765277
v  0.0395001993 0.00681724306 0.0223769937
v  0.0395001993 0.00758674927 0.0221276712
v  0.0395001993 0.0218292624 0.00839980971
v  0.0395001993 0.0223313048 0.00695382291
v  0.0395001993 -0.0123548973 0.019861903
v  0.0395001993 -0.0177925937 0.00846565235
v  0.0395001993 -0.0175178833 0.0106584113
v  0.0395001993 -0.0172022339 0.0125165824
v  0.0395001993 -0.0170421805 0.0132833542
v  0.0395001993 -0.0129526481 0.0194771904
v  0.0395001993 -0.0116170207 0.0203022119
v  0.0395001993 -0.0102562616 0.0210226532
v  0.0395001993 -0.00445120642 0.0229638498
v  0.0395001993 -0.00293473224 0.0232065693
v  0.0395001993 3.34579795e-07 0.0233913343
v  0.0395001993 0.00157394726 0.0233362522
v  0.0395001993 0.00902559329 0.0215806793
v  0.0395001993 0.0104239136 0.0209408104
v  0.0395001993 0.0130662313 0.0193990953
v  0.0395001993 0.0143106543 0.0184995979
v  0.0395001993 0.0155023849 0.0175141077
v  0.0395001993 0.0160653219 0.0170008801
v  0.0395001993 0.0172440466 0.0157912932
v  0.0395000912 0.0179488938 0.0150000183
v  0.0395001993 -0.00885402784 0.0216511879
v  0.0395001993 -0.00741684018 0.0221848264
v  0.0395001993 0.0188949909 0.0137873525
v  0.0395001993 0.0197589379 0.0125160832
v  0.0395001993 -0.0142715098 0.018532265
v  0.0395001993 -0.0152669773 0.0176131018
v  0.0395001993 -0.0147768753 0.0181135796
v  0.0318099037 -0.0205764677 0.0170008801
v  0.0314723663 -0.0205743425 0.0170008801
v  0.035747461 0.0239103939 0.0155023159
v  0.0357458182 0.0242342241 0.0150000285
v  0.0376575105 0.0211101044 0.0149977133
v  0.0369729698 0.0207537562 0.017000502
v  0.0357473493 0.0228731446 0.0170008894
v  0.037669152 0.0203234181 0.0160133876
v  0.035747923 0.0235741287 0.016006263
v  0.0388892591 0.0172481369 0.0170008801
v  0.0387341231 0.0175425801 0.0170008801
v  0.0385780707 0.0178365428 0.0170008801
v  0.038263306 0.0184230749 0.0170008801
v  0.0376716256 0.0194918066 0.0170007069
v  0.0379636958 0.0205970891 0.0149973407
v  0.0280001983 -0.0200478174 0.0150000704
v  0.0280001983 -0.0215812344 0.0150000695
v  0.0279998742 -0.0215596221 0.0151058398
v  0.0279963724 -0.0199702065 0.0153337857
v  0.0279631969 -0.0213358849 0.0160274263
v  0.0279436242 -0.0197127555 0.016213879
v  0.0279105566 -0.0211874247 0.0165238045
v  0.0278280526 -0.0194208808 0.0170008801
v  0.0278660189 -0.0210912675 0.016812874
v  0.0277457125 -0.0192678552 0.0173635557
v  0.0277096126 -0.0208302438 0.0175022464
v  0.0276248325 -0.0190827269 0.0177715626
v  0.0274929442 -0.0205559414 0.0181177016
v  0.0275372472 -0.0189672243 0.0180107653
v  0.0273658372 -0.0187710151 0.0183928125
v  0.0271966215 -0.0202662461 0.0186825413
v  0.0272649471 -0.0186691899 0.0185800083
v  0.027040014 -0.0184686501 0.0189286247
v  0.0269194376 -0.0200420935 0.0190702844
v  0.026927609 -0.0183793753 0.0190758798
v  0.0268199854 -0.0199688934 0.0191884357
v  0.026644215 -0.0181793869 0.0193896014
v  0.0265179295 -0.0197640527 0.0194977503
v  0.0265240073 -0.0181036703 0.0195029546
v  0.0263748299 -0.0196747184 0.0196228046
v  0.0262389854 -0.0179420095 0.0197359063
v  0.0260510668 -0.0194875989 0.019864697
v  0.0260527059 -0.0178481676 0.019865917
v  0.0258916039 -0.0194021333 0.0199658573
v  0.0256738178 -0.0176778119 0.0200884342
v  0.0255123153 -0.0192138329 0.0201698281
v  0.0256351009 -0.0176614877 0.0201084968
v  0.0246461984 -0.0188496821 0.0205024108
v  0.0251080096 -0.0174562894 0.0203425083
v  0.0253198221 -0.0191254988 0.0202575941
v  0.0255126785 -0.0176110659 0.0201690979
v  0.0255942792 -0.0176444761 0.020129174
v  0.0238729715 -0.0185879003 0.0206939746
v  0.0243468974 -0.0172063354 0.0205830261
v  0.0243537817 -0.0172085837 0.0205808785
v  0.0245147366 -0.0172611177 0.020530669
v  0.024923414 -0.0173945092 0.020403184
v  0.025061598 -0.0174396131 0.0203600768
v  0.0238675401 -0.0170744658 0.020683907
v  0.0236044582 -0.0185091421 0.0207440611
v  0.0235245842 -0.0169801209 0.0207560807
v  0.0229791552 -0.0183485597 0.0208366122
v  0.0224338546 -0.0167103019 0.0208954718
v  0.0220029075 -0.0181603581 0.0209315848
v  0.0220737383 -0.0166544765 0.0209254082
v  0.0211187806 -0.0165478569 0.0209768992
v  0.0212951154 -0.0180701576 0.0209713355
v  0.0209660716 -0.0165361762 0.0209820271
v  0.0209570751 -0.0180397145 0.020983452
v  0.019718973 -0.0179926604 0.0209999997
v  0.0197177418 -0.0164926536 0.0209999997
v  0.0360952951 -0.0202315003 0.0170007721
v  0.0371806398 -0.0188647602 0.0170011688
v  0.0381327979 -0.0176325757 0.0170011874
v  0.0390433855 -0.016376337 0.017000936
v  0.0378527232 0.0191800501 0.017002292
v  0.0382695235 0.0184158217 0.0170027576
v  0.0386706293 0.0176659971 0.0170018673
v  0.039094422 0.0168566946 0.0170008969
v  0.0292453282 0.0221358091 0.0179498084
v  0.0357474089 0.0222552363 0.0177935399
v  0.0289988592 0.0214760657 0.0187352207
v  0.0357473493 0.0211856049 0.0190596674
v  0.0357473008 0.0201810561 0.0201200191
v  0.0253393967 0.0176911335 0.0223447457
v  0.0255424548 0.0177976936 0.0222599134
v  0.0357471965 0.0176948998 0.0223364793
v  0.0262333583 0.018211579 0.021922363
v  0.0268830508 0.0186925419 0.0215137415
v  0.0274262354 0.0191842988 0.0210763458
v  0.0278925952 0.0196914338 0.0206026863
v  0.0357472375 0.0187633503 0.0214469079
v  0.0357472748 0.0196286105 0.0206586532
v  0.0357472934 0.0200109836 0.0202889517
v  0.0283269826 0.0202613492 0.0200426728
v  0.028692957 0.0208521616 0.0194279533
v  0.0197201148 0.0164927281 0.0232430622
v  0.0202036723 0.0164997634 0.0232381579
v  0.0357471034 0.0149689242 0.0242503062
v  0.0212912876 0.0165666603 0.0231909379
v  0.022280287 0.0166984368 0.0230960976
v  0.023122251 0.0168721564 0.0229691397
v  0.0247590318 0.0174187738 0.0225577317
v  0.0357471891 0.0174499359 0.0225284528
v  0.0357471406 0.016077932 0.023528304
v  0.0239132401 0.0170980077 0.0228015911
v  0.035747122 0.015509476 0.023907505
v  0.0357460827 -0.0160766039 0.0235337913
v  0.0357464254 -0.0171068292 0.0227949098
v  0.0327564329 -0.0171150621 0.0227888189
v  0.0241794903 -0.0170930177 0.0228052344
v  0.0231092069 -0.016823696 0.0230040457
v  0.0220840052 -0.0166474972 0.0231322292
v  0.0213802159 -0.0165674631 0.0231893286
v  0.021013679 -0.0165377539 0.0232101008
v  7.10316745e-12 -0.0143821407 0.0246049594
v  0.0197201148 -0.0164926127 0.0232431423
v  6.70882794e-12 -0.0164926536 0.0232431144
v  7.43563457e-12 -0.0121599184 0.0257756934
v  0.0357469097 -0.0124998 0.0256124083
v  7.21983411e-12 -0.0136512024 0.0250178874
v  0.0357466266 -0.0134798689 0.0251107402
v  0.035746187 -0.0148143712 0.0243482627
v  7.94096212e-12 -0.00745012285 0.0275090113
v  0.0357472859 -0.0077414494 0.0274287555
v  7.72369842e-12 -0.00984324794 0.0267462227
v  0.0357473567 -0.00913633127 0.0269965157
v  7.63035121e-12 -0.0106388526 0.0264398344
v  0.0357472673 -0.0106137618 0.0264501236
v  0.035747014 -0.0120701548 0.0258176569
v  8.10197742e-12 -0.00499913143 0.0280581303
v  0.0357470624 -0.0061096698 0.0278371833
v  0.035747271 -0.00759783853 0.0274688248
v  8.13843177e-12 -0.00422127778 0.0281856488
v  0.0357467905 -0.00463819923 0.0281198472
v  0.0357468911 -0.00515978364 0.0280287471
v  8.22905372e-12 -0.000903722655 0.0284856688
v  0.0357463919 -0.000903726788 0.028485816
v  0.0357463658 -0.00158467353 0.0284566823
v  8.20005782e-12 -0.00250931084 0.0283893179
v  0.0357464328 -0.00254611787 0.0283866897
v  0.035746526 -0.0032051336 0.0283195414
v  0.0357467085 -0.00422126614 0.0281855669
v  0.0357465893 -5.83541005e-05 0.0284998789
v  8.23449642e-12 4.43766638e-12 0.0285
v  0.035746634 -6.73519764e-07 0.0285
v  8.20454555e-12 0.00242617819 0.0283965431
v  0.0357466377 0.00180051569 0.0284436513
v  8.10633505e-12 0.00499913143 0.0280581303
v  0.0357467048 0.00352859148 0.028280843
v  8.20224704e-12 0.00250931084 0.0283893179
v  0.0357466862 0.00304344296 0.0283373091
v  0.0357466601 0.00242622057 0.0283969939
v  7.81786788e-12 0.00894150976 0.0270610303
v  0.0357468762 0.00849504489 0.0272045452
v  7.9474604e-12 0.00745012285 0.0275090113
v  0.035746824 0.00685995538 0.0276618302
v  8.06642426e-12 0.00572293485 0.0279194918
v  0.0357467867 0.00572286826 0.0279191863
v  0.0357467681 0.00520113856 0.0280211121
v  7.72685822e-12 0.00984324794 0.0267462227
v  7.44624241e-12 0.0121599184 0.0257756934
v  0.0357469767 0.011664426 0.026004428
v  0.0357469469 0.0108015817 0.0263744555
v  0.0357469246 0.0100982878 0.0266514905
v  0.0357468873 0.00894156471 0.0270611886
v  7.10778485e-12 0.0143821407 0.0246049594
v  0.0357470363 0.0131854033 0.0252665188
v  0.0357469916 0.0120382123 0.0258334596
v  6.71242228e-12 0.0164926536 0.0232431144
v  7.0044916e-12 0.0149699096 0.024251841
v  0.0357470922 0.014654763 0.0244418494
v  0.0357962288 -0.0198213737 0.0192319341
v  0.0357905068 -0.01944145 0.0200442374
v  0.0357823782 -0.018969724 0.020851925
v  0.0357763022 -0.0185367987 0.0214399453
v  0.0357486457 -0.017353829 0.0226029102
v  0.035760548 -0.0180260632 0.0220120531
v  0.0357695594 -0.0183234252 0.0216954965
v  0.0357990302 -0.0200254507 0.0187227409
v  0.0358011089 -0.0201756693 0.0183110442
v  0.0376234762 -0.00710708834 0.0249539148
v  0.0376226567 -0.00234333542 0.0258409455
v  0.0376231112 -0.00474223169 0.0255090054
v  0.0376236439 -0.0092477072 0.0242420379
v  0.0376235358 -0.0114614889 0.0232763849
v  0.0376227014 -0.0154788056 0.0208221655
v  0.0376230814 -0.013589791 0.0221020859
v  0.0245041251 -0.01719095 0.0227289349
v  0.0300154444 -0.0199798569 0.0186800025
v  0.0300217606 -0.0187518857 0.0210692864
v  0.0300248116 -0.0192057472 0.020334838
v  0.0300081931 -0.0176910572 0.0223084539
v  0.0300152749 -0.0182490274 0.0217279401
v  0.0253567845 -0.0175042395 0.0224607289
v  0.0256398004 -0.0176201165 0.0223517511
v  0.0278180502 -0.0188172851 0.0208779201
v  0.0273208022 -0.0184864569 0.0213544164
v  0.0267259832 -0.0181405172 0.0217931774
v  0.0261001419 -0.017824091 0.0221466236
v  0.0282874443 -0.0191740803 0.0202932451
v  0.0292983521 -0.0202341583 0.0179623552
v  0.0290285591 -0.0198853761 0.0188499782
v  0.0286904555 -0.0195308998 0.0196221303
v  0.0197192188 0.0164926983 0.0209999997
v  0.0200623069 0.016497016 0.0209991317
v  0.0211125799 0.0165633131 0.0209793057
v  0.0220872965 0.0167032313 0.0209274553
v  0.0229802579 0.0169073828 0.0208393801
v  0.0237951539 0.0171676148 0.0207116622
v  0.0245453957 0.0174806491 0.020534629
v  0.0251838937 0.0178121533 0.0203194078
v  0.0257564411 0.0181755032 0.0200513229
v  0.0259516239 0.0183086209 0.0199511759
v  0.0260717925 0.0183997825 0.019884564
v  0.0263831392 0.0186545383 0.0196946971
v  0.0266662426 0.0189119 0.0194973722
v  0.0269112978 0.0191574693 0.0193036739
v  0.0273672137 0.0196852349 0.0188668258
v  0.0277333539 0.0202064514 0.0184003077
v  0.0280465074 0.020779578 0.0178307109
v  0.0282682758 0.0213319547 0.0172181856
v  0.0267473012 0.0191015471 0.0192870088
v  0.0269121639 0.0193085466 0.0191002544
v  0.0269982871 0.0193294361 0.0191377308
v  0.0274293218 0.0201922022 0.0182705987
v  0.0276328158 0.0207148828 0.0177574791
v  0.0277163368 0.0206608679 0.0178393945
v  0.0275772326 0.0201931875 0.0183386281
v  0.0272404961 0.0197515935 0.0187079012
v  0.0272818841 0.0198930688 0.0185572095
v  0.026430618 0.0187565181 0.0195873491
v  0.0270948336 0.0195720773 0.0188579932
v  0.0258484203 0.0182424877 0.0200003497
v  0.0259750206 0.0183406975 0.0199237838
v  0.0260840114 0.0184313972 0.0198523868
v  0.026302617 0.0186311007 0.0196919572
v  0.0279137325 0.02063304 0.0179541875
v  0.0273912735 0.0201101191 0.018349804
v  0.0282257218 -0.0192170534 0.0176247731
v  0.0279950034 -0.0189826395 0.0181294587
v  0.0280258469 -0.0189939253 0.019306574
v  0.0275288746 -0.018634405 0.0198043957
v  0.0269601345 -0.0182833057 0.0202186499
v  0.0263340008 -0.0179494787 0.0205567814
v  0.0257200431 -0.0176564753 0.0201744307
v  0.0255386233 -0.0175814815 0.0202527717
v  0.0256648436 -0.0176417828 0.020826228
v  0.0254575256 -0.0175489262 0.0202850942
v  0.025166627 -0.0174369067 0.0203850754
v  0.0248619728 -0.0173274297 0.0204821639
v  0.0247271452 -0.0172814596 0.0205239151
v  0.0243200883 -0.0171515439 0.0206465367
v  0.0245745126 -0.0172312055 0.0205704942
v  0.0239410363 -0.0170420595 0.020746639
v  0.0238437802 -0.0170157049 0.020769516
v  0.0231539235 -0.0168485641 0.0209006034
v  0.0227245037 -0.0167617202 0.0209206901
v  0.0261785593 -0.0178600084 0.0199449621
v  0.0276638195 -0.0187107157 0.0186496228
v  0.0272708237 -0.0184440892 0.0191179384
v  0.0267927218 -0.0181677658 0.0195436776
v  0.0262538195 -0.0178954434 0.0199027937
v  0.0262246784 -0.0178816523 0.0199193265
v  0.0238633957 -0.0170349646 0.0207106601
v  0.0262079835 -0.0178812537 0.0199056268
v  0.0280030556 -0.0193052087 0.0173311308
v  0.0268888064 -0.0183468331 0.0191431995
v  0.0281856656 -0.0197643656 0.0160631258
v  0.0280718617 -0.020047769 0.0150000695
v  -0.0146950623 -0.00748750847 0.0232431144
v  -0.015143821 -0.0065324069 0.0232431144
v  -0.0132059129 -0.00569647504 0.0246049594
v  -0.0164926536 3.35846476e-12 0.0232431144
v  -0.0164647512 0.000958962541 0.0232431144
v  -0.014357808 0.000836247113 0.0246049594
v  -0.0116620678 0.0116620678 0.0232431144
v  -0.0106012737 0.012634106 0.0232431144
v  -0.00924466178 0.0110173589 0.0246049594
v  -0.00247118878 0.000435737253 0.0283893179
v  -0.00250506541 0.000145903454 0.0283893179
v  -0.00499067362 0.000290673634 0.0280581303
v  -0.00029131319 0.00249234377 0.0283893179
v  -0.000578686886 0.00244167191 0.0283893179
v  -0.00115287898 0.00486437883 0.0280581303
v  -0.000580363732 0.00496532908 0.0280581303
v  -0.00254809204 0.00700082537 0.0275090113
v  -0.00170980359 0.00469764695 0.0280581303
v  -0.000858234824 0.00235798093 0.0283893179
v  -0.00743751833 -0.000433186098 0.0275090113
v  -0.00499067362 -0.000290673634 0.0280581303
v  -0.00250506541 -0.000145903439 0.0283893179
v  -0.000580363732 -0.00496532908 0.0280581303
v  -0.00029131319 -0.00249234377 0.0283893179
v  -0.00441764155 0.00879624765 0.0267462227
v  -0.00334360893 0.00665767258 0.0275090113
v  -0.00224360591 0.00446738675 0.0280581303
v  -0.00112617656 0.00224240194 0.0283893179
v  -0.00969370641 -0.00170926203 0.0267462227
v  -0.00733693875 -0.00129370019 0.0275090113
v  -0.00492318301 -0.000868090021 0.0280581303
v  -0.00247118878 -0.000435737253 0.0283893179
v  -0.00668198429 0.0101594636 0.0257756934
v  -0.00540895294 0.00822391361 0.0267462227
v  -0.00409390917 0.00622448651 0.0275090113
v  -0.00274706748 0.00417671306 0.0280581303
v  -0.00137888885 0.00209649862 0.0283893179
v  -0.011649074 -0.00348750385 0.0257756934
v  -0.00942972768 -0.00282307528 0.0267462227
v  -0.00713713933 -0.00213671918 0.0275090113
v  -0.0047891154 -0.00143376703 0.0280581303
v  -0.00240389351 -0.000719678414 0.0283893179
v  -0.00781624485 0.0093150381 0.0257756934
v  -0.00632711779 0.00754036522 0.0267462227
v  -0.00478884671 0.00570712518 0.0275090113
v  -0.00321337953 0.00382955675 0.0280581303
v  -0.00161295384 0.00192224362 0.0283893179
v  -0.0111654326 -0.00481629744 0.0257756934
v  -0.00903822854 -0.00389871118 0.0267462227
v  -0.00684082275 -0.00295084273 0.0275090113
v  -0.00459028268 -0.00198005466 0.0280581303
v  -0.00230408949 -0.000993887195 0.0283893179
v  -0.000864906411 -0.00739974761 0.0275090113
v  -0.00114273129 -0.00977669097 0.0267462227
v  -0.00141168036 -0.0120776976 0.0257756934
v  -0.00114273129 0.00977669097 0.0267462227
v  -0.00141168036 0.0120776976 0.0257756934
v  -0.00166966463 0.0142848939 0.0246049594
v  -0.00491898181 0.0135147916 0.0246049594
v  -0.00331674982 0.0139944684 0.0246049594
v  -0.00280427001 0.011832146 0.0257756934
v  -0.00969413854 0.0133428378 0.0232431144
v  -0.00906286202 0.013779412 0.0232431144
v  -0.00790311582 0.0120161036 0.0246049594
v  -0.00645469269 0.0128523502 0.0246049594
v  -0.00545736123 0.0108664995 0.0257756934
v  -0.00415893691 0.0114265857 0.0257756934
v  -0.00336658885 0.00924962666 0.0267462227
v  -0.00227000914 0.00957792159 0.0267462227
v  -0.00171811646 0.00724930363 0.0275090113
v  -0.000864906411 0.00739974761 0.0275090113
v  -0.0137779396 0.00412484445 0.0246049594
v  -0.0132059129 0.00569647504 0.0246049594
v  -0.0111654326 0.00481629744 0.0257756934
v  -0.016289603 0.00258001965 0.0232431144
v  -0.0162420943 0.00286391936 0.0232431144
v  -0.0141636431 0.00249743252 0.0246049594
v  -0.011649074 0.00348750385 0.0257756934
v  -0.00903822854 0.00389871118 0.0267462227
v  -0.0141636431 -0.00249743252 0.0246049594
v  -0.014357808 -0.000836247113 0.0246049594
v  -0.0121393455 -0.00070703635 0.0257756934
v  -0.0121393455 0.00070703635 0.0257756934
v  -0.00982659403 0.000572333927 0.0267462227
v  -0.00969370641 0.00170926203 0.0267462227
v  -0.00733693875 0.00129370019 0.0275090113
v  -0.00713713933 0.00213671918 0.0275090113
v  -0.0047891154 0.00143376703 0.0280581303
v  -0.00459028268 0.00198005466 0.0280581303
v  -0.00230408949 0.000993887195 0.0283893179
v  -0.00217312691 0.00125465542 0.0283893179
v  -0.00201277644 0.00149845646 0.0283893179
v  -0.0156854466 -0.00509651052 0.0232431144
v  -0.0157997906 -0.00473014638 0.0232431144
v  -0.0137779396 -0.00412484445 0.0246049594
v  -0.0119751813 -0.00211154763 0.0257756934
v  -0.00982659403 -0.000572333927 0.0267462227
v  -0.00743751833 0.000433186098 0.0275090113
v  -0.00492318301 0.000868090021 0.0280581303
v  -0.00240389351 0.000719678472 0.0283893179
v  -0.000578686886 -0.00244167191 0.0283893179
v  -0.00115287898 -0.00486437883 0.0280581303
v  -0.00171811646 -0.00724930363 0.0275090113
v  -0.00227000914 -0.00957792159 0.0267462227
v  -0.00280427001 -0.011832146 0.0257756934
v  -0.00166966463 -0.0142848939 0.0246049594
v  -0.00331674982 -0.0139944684 0.0246049594
v  -0.00191468035 0.0163811371 0.0232431144
v  -0.00258001965 0.016289603 0.0232431144
v  -0.00740188966 0.0147383744 0.0232431144
v  -0.00564082013 0.0154980253 0.0232431144
v  -0.00509651052 0.0156854466 0.0232431144
v  -0.00380346784 0.0160480924 0.0232431144
v  -0.0104611898 0.00986962393 0.0246049594
v  -0.0119963223 0.011317946 0.0232431144
v  -0.00182520656 0.00172199355 0.0283893179
v  -0.00400991924 0.00298527419 0.0280581303
v  -0.0036362363 0.00343061215 0.0280581303
v  -0.00597591605 0.00444890466 0.0275090113
v  -0.00541902287 0.00511258421 0.0275090113
v  -0.00789549761 0.00587798003 0.0267462227
v  -0.00715971878 0.00675484631 0.0267462227
v  -0.0097537525 0.00726139965 0.0257756934
v  -0.00884480402 0.00834464189 0.0257756934
v  -0.011536249 0.0085884193 0.0246049594
v  -0.013229141 0.00984873064 0.0232431144
v  -0.0124552995 0.00719107036 0.0246049594
v  -0.0142830573 0.00824632682 0.0232431144
v  -0.0133428378 0.00969413854 0.0232431144
v  -0.00645199558 0.00372506143 0.0275090113
v  -0.00852450263 0.00492162397 0.0267462227
v  -0.0105307978 0.00607995922 0.0257756934
v  -0.0146950623 0.00748750847 0.0232431144
v  -0.0157997906 0.00473014638 0.0232431144
v  -0.0156854466 0.00509651052 0.0232431144
v  -0.015143821 0.0065324069 0.0232431144
v  -0.0119751813 0.00211154763 0.0257756934
v  -0.00942972768 0.00282307528 0.0267462227
v  -0.00684082275 0.00295084273 0.0275090113
v  -0.00432937453 0.00249956571 0.0280581303
v  -0.0162420943 -0.00286391936 0.0232431144
v  -0.016289603 -0.00258001965 0.0232431144
v  -0.0164647512 -0.000958962541 0.0232431144
v  -0.0124552995 -0.00719107036 0.0246049594
v  -0.0142830573 -0.00824632682 0.0232431144
v  -0.011536249 -0.0085884193 0.0246049594
v  -0.013229141 -0.00984873064 0.0232431144
v  -0.0133428378 -0.00969413854 0.0232431144
v  -0.00201277644 -0.00149845646 0.0283893179
v  -0.00217312691 -0.00125465542 0.0283893179
v  -0.00400991924 -0.00298527419 0.0280581303
v  -0.00432937453 -0.00249956571 0.0280581303
v  -0.00597591605 -0.00444890466 0.0275090113
v  -0.00645199558 -0.00372506143 0.0275090113
v  -0.00789549761 -0.00587798003 0.0267462227
v  -0.00852450263 -0.00492162397 0.0267462227
v  -0.0097537525 -0.00726139965 0.0257756934
v  -0.0105307978 -0.00607995922 0.0257756934
v  -0.00182520656 -0.00172199355 0.0283893179
v  -0.0036362363 -0.00343061192 0.0280581303
v  -0.00541902287 -0.00511258421 0.0275090113
v  -0.00715971878 -0.00675484631 0.0267462227
v  -0.00884480402 -0.00834464189 0.0257756934
v  -0.0104611898 -0.00986962393 0.0246049594
v  -0.0119963223 -0.011317946 0.0232431144
v  -0.00924466178 -0.0110173589 0.0246049594
v  -0.0106012737 -0.012634106 0.0232431144
v  -0.0116620678 -0.0116620678 0.0232431144
v  -0.00161295384 -0.00192224362 0.0283893179
v  -0.00321337953 -0.00382955675 0.0280581303
v  -0.00478884671 -0.00570712518 0.0275090113
v  -0.00632711779 -0.00754036522 0.0267462227
v  -0.00781624485 -0.0093150381 0.0257756934
v  -0.00790311582 -0.0120161036 0.0246049594
v  -0.00906286202 -0.013779412 0.0232431144
v  -0.00969413854 -0.0133428378 0.0232431144
v  -0.00137888885 -0.00209649862 0.0283893179
v  -0.00274706748 -0.00417671306 0.0280581303
v  -0.00409390917 -0.00622448651 0.0275090113
v  -0.00540895294 -0.00822391361 0.0267462227
v  -0.00668198429 -0.0101594636 0.0257756934
v  -0.00112617656 -0.00224240194 0.0283893179
v  -0.00224360591 -0.00446738675 0.0280581303
v  -0.00334360893 -0.00665767258 0.0275090113
v  -0.00441764155 -0.00879624765 0.0267462227
v  -0.00545736123 -0.0108664995 0.0257756934
v  -0.00645469269 -0.0128523502 0.0246049594
v  -0.00740188966 -0.0147383744 0.0232431144
v  -0.000858234824 -0.0023579807 0.0283893179
v  -0.00170980359 -0.00469764695 0.0280581303
v  -0.00254809204 -0.00700082537 0.0275090113
v  -0.00336658885 -0.00924962666 0.0267462227
v  -0.00415893691 -0.0114265857 0.0257756934
v  -0.00491898181 -0.0135147916 0.0246049594
v  -0.00564082013 -0.0154980253 0.0232431144
v  -0.00509651052 -0.0156854466 0.0232431144
v  -0.00191468035 -0.0163811371 0.0232431144
v  -0.00258001965 -0.016289603 0.0232431144
v  -0.00380346784 -0.0160480924 0.0232431144
v  -0.00274799392 -0.0177813675 0.0240056552
v  -0.00281464006 -0.0177709814 0.0240056291
v  -0.00281467126 -0.0177711342 0.0209999997
v  -0.0159052331 -0.00841473322 0.0240044966
v  -0.0160327144 -0.00816904288 0.0240045581
v  -0.0160315726 -0.00816849433 0.0209999997
v  -0.00201163627 0.0178797133 0.024005523
v  -0.00281467126 0.0177711342 0.0209999997
v  -0.00281465729 0.0177710541 0.0240055695
v  -0.00407797471 0.0175243914 0.0240055602
v  -0.00459474232 0.0173948407 0.0240064245
v  -0.00556003582 0.0171120316 0.0209999997
v  -0.00556000369 0.0171119273 0.02400559
v  -0.00816849433 0.0160315726 0.0209999997
v  -0.00816867128 0.0160319414 0.0240052007
v  -0.00716536306 0.0165049806 0.0240050666
v  -0.00589299342 0.0170003287 0.0240054466
v  -0.010575817 0.0145563632 0.0209999997
v  -0.00957348291 0.0152338222 0.0240058135
v  -0.00839225017 0.0159159172 0.0240052845
v  -0.0136249103 0.0117512736 0.0240056124
v  -0.0127232065 0.0127231712 0.02400502
v  -0.0127227278 0.0127227278 0.0209999997
v  -0.0127104316 0.0127359424 0.0240050144
v  -0.011724378 0.0136490576 0.0240050443
v  -0.0106780911 0.0144812744 0.0240056459
v  -0.0105756698 0.0145561481 0.0240057018
v  -0.014472954 0.0106888106 0.0240058936
v  -0.0145563632 0.010575817 0.0209999997
v  -0.0145559758 0.0105755525 0.0240058582
v  -0.016481299 0.00721835764 0.0240054596
v  -0.0160320252 0.00816871226 0.0240051299
v  -0.0160315726 0.00816849433 0.0209999997
v  -0.0159054864 0.00841251574 0.0240051057
v  -0.0152411191 0.00956297293 0.0240053702
v  -0.0168328788 0.00635396596 0.0240058601
v  -0.0171120316 0.00556003582 0.0209999997
v  -0.0169690195 0.00598048046 0.0240059625
v  -0.0177712366 0.00281468662 0.0240054298
v  -0.0176813342 0.00333298324 0.0240054503
v  -0.0177711342 0.00281467126 0.0209999997
v  -0.0173853915 0.00463378895 0.0240057521
v  -0.017111443 0.00555985421 0.02400597
v  -0.0179926548 3.03401596e-12 0.0209999997
v  -0.0179780647 0.000710931781 0.0240059104
v  -0.0178778935 0.00202860637 0.0240055341
v  -0.017771259 -0.00281468988 0.0240054131
v  -0.017877046 -0.00203598663 0.0240055416
v  -0.0177711342 -0.00281467126 0.0209999997
v  -0.0179798454 -0.000663125538 0.0240059458
v  -0.01799196 -9.18633947e-10 0.0240060277
v  -0.0171120316 -0.00556003582 0.0209999997
v  -0.0173849966 -0.00463521201 0.0240057632
v  -0.0176793654 -0.0033436052 0.0240054242
v  -0.0164836664 -0.00721381232 0.0240052007
v  -0.0169917811 -0.00591507275 0.0240060687
v  -0.0171113387 -0.00555982348 0.0240060501
v  -0.0152400713 -0.00956566166 0.0240049642
v  -0.0145563632 -0.010575817 0.0209999997
v  -0.0145558771 -0.0105754863 0.0240059476
v  -0.0144848516 -0.010672411 0.0240060147
v  -0.0127227278 -0.0127227278 0.0209999997
v  -0.0136331115 -0.011742143 0.0240054224
v  -0.0117371697 -0.0136397583 0.0240040794
v  -0.0106890248 -0.0144733666 0.024005549
v  -0.010575817 -0.0145563632 0.0209999997
v  -0.0127150174 -0.0127332769 0.0240039993
v  -0.0127241984 -0.0127240857 0.0240040086
v  -0.0081687551 -0.0160321128 0.0240050573
v  -0.00840650406 -0.0159085225 0.0240051989
v  -0.00816849433 -0.0160315726 0.0209999997
v  -0.00957043096 -0.0152353477 0.0240060631
v  -0.0105756689 -0.0145561472 0.0240057036
v  -0.00556003582 -0.0171120316 0.0209999997
v  -0.00593476696 -0.0169856437 0.024005549
v  -0.00719167339 -0.0164937899 0.0240048897
v  -0.00347296544 -0.017654838 0.0240051132
v  -0.00459375465 -0.0173936877 0.0240074825
v  -0.00555991381 -0.0171116386 0.0240058154
v  6.06723005e-12 -0.0179926548 0.0209999997
v  6.88561708e-12 -0.017992653 0.0240055081
v  -0.000740651914 -0.0179772563 0.0240055192
v  -0.00232634018 -0.017841354 0.0240056664
v  6.06723005e-12 -0.0164926536 0.0209999997
v  -0.00258001965 -0.016289603 0.0209999997
v  -0.00509651052 -0.0156854466 0.0209999997
v  -0.00748750847 -0.0146950623 0.0209999997
v  -0.00969413854 -0.0133428378 0.0209999997
v  -0.0116620678 -0.0116620678 0.0209999997
v  -0.0133428378 -0.00969413854 0.0209999997
v  -0.0146950623 -0.00748750847 0.0209999997
v  -0.0156854466 -0.00509651052 0.0209999997
v  -0.016289603 -0.00258001965 0.0209999997
v  -0.0164926536 3.03490523e-12 0.0209999997
v  -0.016289603 0.00258001965 0.0209999997
v  -0.0156854466 0.00509651052 0.0209999997
v  -0.0146950623 0.00748750847 0.0209999997
v  -0.0133428378 0.00969413854 0.0209999997
v  -0.0116620678 0.0116620678 0.0209999997
v  -0.00969413854 0.0133428378 0.0209999997
v  -0.00748750847 0.0146950623 0.0209999997
v  -0.00509651052 0.0156854466 0.0209999997
v  -0.00258001965 0.016289603 0.0209999997
v  6.06723005e-12 0.0164926536 0.0209999997
v  0.0045950627 -0.0179930646 0.0240052585
v  0.004023524 -0.0179921221 0.0240059458
v  0.0280001909 -0.0213588811 0.000584853755
v  0.0279990453 -0.0203247946 0.0135848196
v  0.0279984754 -0.0204531811 0.0128205325
v  0.0286214612 -0.0213041902 0.00332430913
v  0.0280002262 -0.0213029217 0.00336652668
v  0.0286214314 -0.0212304164 0.00507110171
v  0.0280002784 -0.0212306809 0.00507102162
v  0.0286213867 -0.0211614985 0.00625560666
v  0.0280003119 -0.0211627744 0.00624115951
v  0.0286205448 -0.0209498871 0.00888665579
v  0.0279996675 -0.0209430438 0.00895361137
v  0.0286201313 -0.0209045466 0.0093445573
v  0.0279993489 -0.0209037699 0.00934461411
v  0.0286189076 -0.0206917059 0.0111873634
v  0.0279982928 -0.0206601527 0.0114114434
v  0.0286189187 -0.020553017 0.0121863382
v  0.0286194105 -0.0203481652 0.0134568103
v  0.0286241993 0.0235981289 0.0141309882
v  0.0286240336 0.0242922846 0.012900522
v  0.0286204722 0.0250228476 0.011406417
v  0.0286205336 0.0253759008 0.0105977757
v  0.0286206044 0.0256674457 0.0098707471
v  0.0286206808 0.025931824 0.00915376097
v  0.0286207628 0.0262169819 0.00830206554
v  0.028620895 0.0266713463 0.00670041656
v  0.0286210645 0.0270253588 0.00508703245
v  0.0286214519 0.0274438001 0.00172171229
v  0.028621424 0.0274253581 0.00199639052
v  0.0286212545 0.0272833891 0.00344234519
v  0.0286211371 0.0271365605 0.00445571728
v  0.0296217017 0.0280318074 0.00514468784
v  0.0296216719 0.0282291528 0.00391981518
v  0.0296216421 0.0283720661 0.00269738142
v  0.0296216309 0.0284122154 0.00223517511
v  0.0296215899 0.028494833 0.00054263341
v  0.0296217129 0.0279462915 0.00559059717
v  0.0296217278 0.0278288331 0.00614866056
v  0.0296217538 0.0275646336 0.00724161556
v  0.0296217762 0.0273216441 0.00811034907
v  0.0296217948 0.0270855259 0.00886703189
v  0.0296218358 0.0265106652 0.0104611022
v  0.0296218507 0.0262986757 0.0109831532
v  0.0296218786 0.0258420818 0.0120181888
v  0.0296219196 0.0250821374 0.0135327876
v  0.0358214863 -0.0214162171 0.0131439744
v  0.0358292013 -0.022122208 0.00689649628
v  0.0358278342 -0.0219675638 0.00877144653
v  0.0358251035 -0.0217052568 0.011157182
v  0.035830047 -0.0223099384 0.00324741541
v  0.0358299874 -0.0222628862 0.00446779002
v  0.0358295552 -0.0221735388 0.00613139197
v  0.0376231596 0.0220438503 0.0136814518
v  0.0357464626 0.0284953415 0.000535226252
v  0.0376230031 0.0258422252 0.00230086897
v  0.0357463285 0.0284136347 0.00222645351
v  0.0376230441 0.0255162995 0.00469086831
v  0.0357462242 0.0282305237 0.00391333923
v  0.0357462987 0.0283727534 0.00269745593
v  0.035746105 0.0278289877 0.00614869595
v  0.0357461348 0.0279470272 0.00558786187
v  0.0357461572 0.0280304011 0.00515364809
v  0.0376231074 0.0249667391 0.00705491286
v  0.0357460156 0.0274266209 0.00774927204
v  0.0357460454 0.027564792 0.0072419988
v  0.0357459448 0.0270876642 0.00886294432
v  0.0376231186 0.0241979081 0.00936061796
v  0.0357458964 0.0268683936 0.00950789824
v  0.0376231298 0.0232214406 0.0115714418
v  0.0357457064 0.0258469172 0.0120105986
v  0.0357458219 0.0265155733 0.0104524642
v  0.0357456021 0.0250849687 0.0135290846
v  0.035745658 0.0255098622 0.0127103105
v  0.0296226498 -0.0223340802 0.00229171547
v  0.0296225306 -0.0223053582 0.0033039141
v  0.0296223629 -0.0222453214 0.00477886386
v  0.0296221692 -0.0221421532 0.00656953175
v  0.0296218898 -0.0219140984 0.00932364166
v  0.0296214633 -0.0213061012 0.0137875173
v  0.0296216607 -0.0216364786 0.0116896983
v  0.0296216886 -0.0216755196 0.0113990018
v  0.0280001983 -0.0219218656 0.0131355319
v  0.0280001983 -0.0221820604 0.0113469921
v  0.0280002002 -0.0225774273 0.0074880654
v  0.0280001983 -0.0226344392 0.00671477336
v  0.0280001983 -0.0226569567 0.00638052449
v  0.0280002002 -0.0227929428 0.00370337348
v  0.0280001983 -0.0228525195 0.0012845255
v  0.0045950627 0.0177264698 0.0242027324
v  0.00459506223 0.0160046723 0.0253742076
v  0.0045950627 0.0147886919 0.0261016209
v  0.0045950627 0.0116498489 0.0276456326
v  0.00459506223 0.0139174433 0.0265763942
v  0.00459506223 0.0094826892 0.0284618791
v  0.0045950627 0.00835261401 0.0288137794
v  0.0045950627 0.00494181877 0.0295901746
v  0.00459506223 0.00716353906 0.0291321762
v  0.0045950627 0.00146383489 0.0299642645
v  0.00459506223 0.00241071545 0.0299029835
v  0.00459506223 4.53190552e-09 0.0299999993
v  0.0045950627 -0.00203405111 0.0299309641
v  0.0045950627 -0.0160046481 0.0253742244
v  0.0045950627 -0.0152829532 0.0258153304
v  0.0045950627 -0.00480245007 0.029613113
v  0.0045950627 -0.00550428266 0.0294907261
v  0.0045950627 -0.00716352928 0.0291321781
v  0.0045950627 -0.00889967848 0.0286495332
v  0.0045950627 -0.0117394915 0.0276076868
v  0.0045950627 -0.0121740745 0.0274188239
v  0.0045950627 -0.0139174284 0.0265764035
v  -0.00701823132 -0.0129558193 0.0261321869
v  -0.0086227078 -0.0142872296 0.0249303821
v  -0.00711814594 -0.0157917924 0.0244939029
v  -0.00459202332 -0.0138597693 0.0262072887
v  -0.00544113992 -0.0145329107 0.0256746672
v  -0.00459156139 -0.0148824556 0.0256404355
v  -0.00459346734 -0.00944299437 0.0281021763
v  -0.00539927417 -0.0083371345 0.0283079501
v  -0.00703090429 -0.0098787304 0.0274404269
v  -0.00459508039 0.0106556471 0.0276648458
v  -0.00578324171 0.0121955564 0.0267922096
v  -0.00755556393 0.0105857197 0.0270343479
v  -0.004594984 0.0133856079 0.0264520701
v  -0.00554395374 0.0152971651 0.0252043903
v  -0.00737816747 0.0137904817 0.025600493
v  -0.00459445314 0.0159819759 0.024969304
v  -0.0132169174 -0.00969302002 0.0251268465
v  -0.0116834184 -0.011226519 0.0252480302
v  -0.0101482281 -0.0127617093 0.0251823794
v  -0.0147373788 -0.00817255862 0.0248197298
v  -0.0162335504 -0.00667638658 0.0243289471
v  -0.0149959652 -0.0049780854 0.0255017579
v  -0.0152536826 -0.00165595207 0.0257795062
v  -0.0165271964 -0.00344685395 0.0247986075
v  -0.0167951714 -0.000114464361 0.0248577781
v  -0.0154722352 0.00173582695 0.0256436504
v  -0.0156132514 0.00513846055 0.0250962656
v  -0.0169987883 0.00326237944 0.0245030224
v  -0.014127247 0.00698147668 0.0255280212
v  -0.0156395566 0.00849378668 0.0241507739
v  -0.0140784923 0.0103077237 0.0244038291
v  -0.0124268355 0.0120553337 0.0244998503
v  -0.0106952135 0.0137253692 0.024438221
v  -0.00889477041 0.0153070847 0.024219336
v  -0.00587910227 0.00890925806 0.0280367844
v  -0.00459507108 0.00780756585 0.0285993703
v  -0.00459505571 0.00914189592 0.0282012653
v  -0.00459510554 0.00690389844 0.028830817
v  -0.007598578 0.00722707668 0.0281074904
v  -0.00459511252 0.00673875166 0.0288698617
v  -0.00586303463 0.00549153285 0.0289044622
v  -0.00459515676 0.00462769205 0.0292826816
v  -0.00459515676 0.00488565583 0.0292407237
v  -0.00459515443 0.00422708364 0.0293432102
v  -0.0075404169 0.00376964896 0.0287911762
v  -0.00459514139 0.00319598475 0.0294733196
v  -0.00459511671 0.00191371038 0.0295841377
v  -0.0057698288 0.00199906062 0.0293719731
v  -0.00459507108 2.16193848e-06 0.0296458676
v  -0.00741705019 0.000271279627 0.0290674008
v  -0.00459505199 -0.00063558406 0.0296390839
v  -0.00459497795 -0.002319586 0.0295551922
v  -0.0056363754 -0.00150939485 0.0294270795
v  -0.00459487503 -0.00362161454 0.0294241291
v  -0.00726598641 -0.00320880511 0.0289293807
v  -0.00712500792 -0.00661140075 0.0283817481
v  -0.004594211 -0.00690017501 0.0288318433
v  -0.00550041674 -0.00497437408 0.0290689003
v  -0.00459431438 -0.00656214682 0.0289106146
v  -0.00459474837 -0.00462438352 0.0292832386
v  -0.00536859361 -0.0115410406 0.0271658339
v  -0.00459268922 -0.012232176 0.0270051789
v  -0.004592977 -0.0113186184 0.0274005868
v  -0.0045922175 -0.0134275379 0.0264313016
v  -0.00459126197 -0.0165477283 0.0245985594
v  -0.00861729123 -0.0113567598 0.0263963304
v  -0.0102264872 -0.00974756386 0.0264651459
v  -0.00870375149 -0.0082058832 0.0275119636
v  -0.0118339118 -0.00814013928 0.0263381228
v  -0.0103747565 -0.00653487863 0.0273799151
v  -0.0088488413 -0.0048875669 0.0282455254
v  -0.0134276683 -0.00654638233 0.0260161981
v  -0.0120315542 -0.00487808092 0.0270452593
v  -0.0105580185 -0.00317839021 0.0279002879
v  -0.00901654456 -0.00145824708 0.0285757836
v  -0.0136618847 -0.00324775069 0.0265104696
v  -0.0122398911 -0.00149651733 0.0273485929
v  -0.0107391365 0.000264345668 0.0280107316
v  -0.00916927774 0.00202350761 0.0284926258
v  -0.013882014 0.000145605489 0.0265945196
v  -0.0124210175 0.00194622611 0.0272384025
v  -0.010880094 0.0037343232 0.0277070105
v  -0.00926915836 0.00549839064 0.027997328
v  -0.0140497396 0.00357494853 0.026264511
v  -0.0125368368 0.00539106596 0.0267163645
v  -0.010943261 0.0071724928 0.0269963033
v  -0.00927926786 0.00890776608 0.0271025263
v  -0.0125503363 0.0087795686 0.0257955082
v  -0.0108926659 0.0105211651 0.0258970056
v  -0.00916490424 0.01219506 0.0258318614
v  -0.0034891509 0.0156892613 0.0253302827
v  -0.00350453635 0.0136342226 0.0264904574
v  -0.00238377904 0.0137801291 0.0265343431
v  -0.00246220361 0.00238035666 0.0297922958
v  -0.00350334262 -0.0136348084 0.0264909938
v  -0.00238232687 -0.013782002 0.0265351124
v  -0.00240704208 -0.0116202943 0.0275460649
v  -5.91846729e-05 0.0159960855 0.0253740624
v  -5.76940729e-05 -0.0159974452 0.0253755394
v  -0.00235419092 -0.015856266 0.0253553353
v  -0.00348760677 -0.0156887174 0.0253313333
v  -0.00244370452 -0.00708751334 0.0290383305
v  -0.00245544058 -0.00475170836 0.0295088254
v  -0.000208653422 -4.46620743e-06 0.0299847703
v  -0.00246456964 -2.69065936e-06 0.0298869107
v  -0.000205554898 -0.00241168262 0.029888358
v  -0.00246233703 -0.00238593272 0.0297922753
v  -0.00019605062 -0.00480071176 0.0295997597
v  -0.000180079136 -0.00715898629 0.0291206781
v  -0.000157882911 -0.00947550312 0.02845346
v  -0.00242744572 -0.00938298739 0.0283827819
v  -0.000129786698 -0.0117313145 0.0276024919
v  -9.59977988e-05 -0.0139092105 0.0265746452
v  -9.70506153e-05 0.0139054162 0.0265742019
v  -0.000130214685 0.0117257787 0.0276027489
v  -0.00240781391 0.0116173448 0.0275457371
v  -0.000157927134 0.00946868863 0.0284538716
v  -0.00242780382 0.00937929843 0.0283825472
v  -0.00017986937 0.00715082837 0.0291212704
v  -0.00244369451 0.00708247535 0.0290384535
v  -0.000195761066 0.00479177386 0.0296002664
v  -0.00245524221 0.00474590482 0.0295090359
v  -0.00351782888 0.0114939678 0.0274845865
v  -0.00352884806 0.00927958544 0.0283072889
v  -0.00235615298 0.015856348 0.025353767
v  -0.000205378485 0.00240269466 0.029888548
v  0.0357387997 -0.0211323928 0.0199634153
v  0.0369660929 -0.0197516736 0.0212960094
v  0.0369609147 -0.019399412 0.0217951909
v  0.0367898233 -0.0195110068 0.0218986887
v  0.0356219523 -0.0205691736 0.0211321414
v  0.0357378125 -0.0205589104 0.0211248528
v  0.0357366204 -0.0198482946 0.0222086255
v  0.0357361697 -0.0194340199 0.0227067024
v  0.0358512215 -0.0198334791 0.022195356
v  0.036618121 -0.0213086791 0.01863865
v  0.0366141498 -0.0208512824 0.0198098253
v  0.0364094451 -0.0209488515 0.0198630393
v  0.0368058421 -0.0207371265 0.0197476037
v  0.0369872116 -0.0210520662 0.0185380746
v  0.036980629 -0.0206069034 0.019676704
v  0.0369916782 -0.0214224774 0.0173743702
v  0.0368109532 -0.0211889297 0.0185916182
v  0.036814224 -0.0215649735 0.0174100399
v  0.0357393622 -0.0216000341 0.0187551957
v  0.0359693021 -0.0210915077 0.0199409053
v  0.0359705761 -0.021558363 0.0187379569
v  0.0361938253 -0.0210292116 0.0199068878
v  0.0361958966 -0.0214941986 0.0187121239
v  0.0364124142 -0.0214106701 0.0186789073
v  0.0366205648 -0.0216893461 0.0174413603
v  0.0364141613 -0.021794783 0.0174681488
v  0.0361970551 -0.0218804646 0.0174902268
v  0.0362914503 -0.0188755617 0.0230462886
v  0.0362944603 -0.0197283681 0.0220994763
v  0.0363975167 -0.0192863438 0.0225542635
v  0.0357358679 -0.0189811755 0.0231691673
v  0.0358500592 -0.0189682841 0.0231543947
v  0.0359631479 -0.0189509429 0.0231343266
v  0.035964746 -0.0198136363 0.0221774168
v  0.0360746905 -0.0189295113 0.023109382
v  0.036076732 -0.0197892394 0.0221552253
v  0.0361842327 -0.0189043246 0.0230799671
v  0.0361867435 -0.0197607409 0.022129178
v  0.0358530469 -0.0205424838 0.0211132132
v  0.0359672084 -0.0205204803 0.0210976042
v  0.0361905545 -0.0204620697 0.0210559964
v  0.0356210321 -0.0189892668 0.0231782235
v  0.0356211737 -0.0194427837 0.0227153655
v  0.035621386 -0.0198576096 0.0222168099
v  0.0369564146 -0.0190074723 0.0222626477
v  0.0369530208 -0.0185796414 0.0226976871
v  0.036783427 -0.0186803434 0.0228165891
v  0.0363960788 -0.0188432839 0.0230084229
v  0.0365985371 -0.0192069747 0.0224714857
v  0.0365965441 -0.0187684484 0.022920426
v  0.0367861465 -0.0191138312 0.0223740842
v  0.0363996327 -0.0196921956 0.0220661946
v  0.0364048965 -0.0203868337 0.0210021175
v  0.0366013683 -0.0196087565 0.0219891779
v  0.0366082191 -0.0202955846 0.020936558
v  0.0367984138 -0.0201889109 0.0208597705
v  0.0369714014 -0.0200672373 0.0207721256
v  0.0359712392 -0.0219454207 0.0175073706
v  0.0357396118 -0.0219870098 0.0175188258
v  0.0268431045 -0.0200681202 0.0204667933
v  0.0262483973 -0.0196921956 0.0209984221
v  0.0248345286 -0.0189800952 0.0217713658
v  0.0255726501 -0.019323824 0.021430606
v  0.0240477957 -0.018673256 0.0220331084

# 0 UV coordinates

# 5993 vertex normals
vn 1 0 0
vn 0 0.997203767 -0.0747301653
vn 0 0.974927843 -0.222521156
vn 0 0.930873692 -0.365341157
vn 0 0.866025388 -0.5
vn 0 0.781831443 -0.623489857
vn 0 0.680172861 -0.733051777
vn 0 0.563319981 -0.826238811
vn 0 0.433883637 -0.900968909
vn 0 0.294755608 -0.955572665
vn 0 0.149041727 -0.988830924
vn 0 0 -1
vn 0 -0.149041727 -0.988830924
vn 0 -0.294755578 -0.955572665
vn 0 -0.433883637 -0.900968909
vn 0 -0.563319921 -0.826238871
vn 0 -0.68017298 -0.733051658
vn 0 -0.781831324 -0.623490036
vn 0 -0.866025388 -0.5
vn 0 -0.930873692 -0.365341157
vn 0 -0.974928021 -0.222520545
vn 0 -0.997203767 -0.0747301653
vn -2.15915723e-11 -0.997203767 -0.0747301653
vn 2.1591607e-11 -0.997203767 0.0747301653
vn 0 -0.997203767 0.0747301653
vn 0 -0.974928021 0.222520545
vn 0 -0.930873692 0.365341157
vn 0 -0.866025388 0.5
vn 0 -0.781831324 0.623490036
vn 0 -0.68017298 0.733051658
vn 0 -0.563319921 0.826238871
vn 0 -0.433883637 0.900968909
vn 0 -0.294755578 0.955572665
vn 0 -0.149041727 0.988830924
vn 0 0 1
vn 0 0.149041727 0.988830924
vn 0 0.294755608 0.955572665
vn 0 0.433883637 0.900968909
vn 0 0.563319981 0.826238811
vn 0 0.680172861 0.733051777
vn 0 0.781831443 0.623489857
vn 0 0.866025388 0.5
vn 0 0.930873692 0.365341157
vn 0 0.974927843 0.222521156
vn 0 0.997203767 0.0747301653
vn 2.15921534e-11 0.997203767 0.0747301653
vn -2.15921569e-11 0.997203767 -0.0747301653
vn -0.43639484 0.02949108 0.899271846
vn -0.995764732 0.0107332552 0.0913090333
vn -0.659017026 0.00768778799 0.752088726
vn -0.116623878 -0.00159191457 0.993174851
vn -0.170474231 -0.0167284366 0.985220134
vn -0.115854658 0.00462434441 0.993255436
vn -0.119705133 0.00291021378 0.992805243
vn -0.116621993 -0.00159404706 0.993175089
vn -0.116626844 -0.00158894004 0.993174553
vn -0.11662174 -0.00159360399 0.993175149
vn -0.116635248 -0.0015856633 0.99317354
vn -0.116626427 -0.00158961851 0.993174553
vn -0.11661388 -0.0015945601 0.993176043
vn -0.122089222 -0.000454640336 0.992519021
vn -0.0835367218 -0.00156755047 0.996503472
vn -0.290695012 -0.0260664821 0.956460655
vn -0.290690362 -0.0260665305 0.956462026
vn -0.247159779 -0.00448266137 0.968964338
vn -0.2763744 0.0399302505 0.960220158
vn -0.234086469 0.00298054074 0.972211242
vn -0.21912317 -0.00892831013 0.975656331
vn -0.201370329 -0.0145850684 0.979406595
vn -0.191111758 -0.0166465063 0.981427133
vn -0.418734133 -0.0148488302 0.907987475
vn -0.390686333 -0.0217615943 0.920266628
vn -0.357701302 -0.00982076582 0.933784425
vn -0.354650289 -0.0114296563 0.934929132
vn -0.343886226 -0.0150827626 0.938890159
vn -0.427893519 -0.0116131911 0.903754532
vn -0.431667775 -0.00949792471 0.901982665
vn -0.453065455 -0.0170010906 0.891315103
vn -0.528631091 0.0212618019 0.848585367
vn -0.548400581 0.0296588056 0.835689604
vn -0.51034832 -0.00675200811 0.859941304
vn -0.482531577 -0.0163050797 0.875726819
vn -0.480800956 -0.00455842493 0.876817942
vn -0.515563011 0.00640253816 0.856827736
vn -0.581982911 0.00757691311 0.813165724
vn -0.574115634 0.00308526726 0.818768442
vn -0.612662256 0.00661877543 0.790317118
vn -0.891961932 0.00205459772 0.45210579
vn -0.90556097 0.0165269114 0.423894078
vn -0.874485612 0.00680609513 0.48500368
vn -0.850686848 0.00589747867 0.525639653
vn -0.836031735 0.00301178684 0.548672795
vn -0.81139195 0.0100073889 0.584416807
vn -0.795578599 0.00692329137 0.605810821
vn -0.761499166 0.00576845882 0.648140252
vn -0.753041089 0.00287724379 0.65796721
vn -0.720129371 0.00782958977 0.693795621
vn -0.710972011 0.00679598888 0.703187466
vn -0.664440811 0.00548226386 0.747320771
vn -0.984014094 0.0103669511 0.177788675
vn -0.987720907 0.0208725836 0.154827997
vn -0.976938307 0.0104345484 0.213266745
vn -0.949535787 0.0100187231 0.313498735
vn -0.957692802 0.0249695014 0.286707252
vn -0.937226772 0.00972805731 0.348584741
vn -0.999767661 -8.41588189e-06 0.0215564929
vn -0.99981755 0.0012181612 0.0190638453
vn -0.997935355 0.00831874739 0.0636849478
vn -0.994925261 0.00877564307 0.100233443
vn -0.384230912 0.00295192003 0.923232317
vn -0.409064651 0.0654422343 0.910155714
vn -0.303445101 -0.00510397227 0.952835262
vn -0.333534449 0.0783252865 0.939478517
vn -0.238657311 -0.0076473956 0.971073747
vn -0.245227128 0.00490847323 0.969453216
vn -0.194005802 0.0224710517 0.980742991
vn -0.117557466 0.019277215 0.992878973
vn -0.123093121 0.0116878292 0.992326319
vn 0.174147442 0.98464638 -0.0120074023
vn 0.119031392 0.992879689 -0.00462735398
vn 0.10547512 0.994420767 -0.00154678454
vn 0.118296206 0.992968976 0.00431226147
vn 0.118299477 0.992968619 0.00431315741
vn 0.118274264 0.992971599 0.00430828054
vn 0.118305966 0.992967844 0.00431135157
vn 0.11828395 0.992970467 0.00431301631
vn 0.118304819 0.992967963 0.00430793967
vn 0.118291698 0.992969513 0.0043124035
vn 0.153532177 0.988019824 -0.0156444069
vn 0.122545123 0.991259098 -0.0488684028
vn 0.160673752 0.986895144 -0.0148970243
vn 0.0277189314 0.999615729 0.0001236151
vn 0.0210192241 0.999723792 -0.0105127841
vn 0.0737531558 0.997252405 0.00693271309
vn 0.065837279 0.997825384 -0.00316208159
vn 0.119024701 0.992880523 -0.00462696468
vn 0.182981938 0.983058691 -0.0106387222
vn 0.200176835 0.979666054 -0.0135541046
vn 0.225076944 0.973989189 -0.0261807386
vn 0.238130331 0.971175671 -0.0105701499
vn 0.238146454 0.971171916 -0.0105510131
vn 0.238142565 0.971172869 -0.0105540045
vn 0.238148957 0.971171319 -0.0105532436
vn 0.270954311 0.962440789 -0.0170731917
vn 0.27415508 0.961519301 -0.0178798046
vn 0.301442266 0.953125119 -0.0261729378
vn 0.293914586 0.955107093 -0.037211027
vn 0.312297165 0.949664414 -0.0246577654
vn 0.324535072 0.945641339 -0.0209625512
vn 0.330250174 0.94367379 -0.0203610342
vn 0.362155437 0.931942046 -0.0180951543
vn 0.352005512 0.935438931 -0.0323444605
vn 0.374445617 0.926993251 -0.0217709225
vn 0.421110898 0.906854451 -0.016753383
vn 0.413903147 0.909886599 -0.0281172376
vn 0.462646842 0.886359155 -0.0180360712
vn 0.473875225 0.88031435 -0.0221109185
vn 0.583875656 0.809786618 -0.0577478446
vn 0.590660453 0.805459619 0.0485281721
vn 0.531981766 0.845382214 -0.048211392
vn 0.540534258 0.840730548 0.0315421969
vn 0.516076267 0.856497526 -0.00879371259
vn 0.591374278 0.805476844 -0.0385168307
vn 0.5987674 0.800556719 -0.0242183637
vn 0.650056064 0.759415567 0.0267411731
vn 0.639888823 0.767762959 -0.0328986235
vn 0.645234764 0.763781011 -0.0176243987
vn 0.67756319 0.733560741 0.052884616
vn 0.680087447 0.733083785 -0.00832230318
vn 0.687442601 0.725910008 0.0218480881
vn 0.7066589 0.702613771 0.0834689811
vn 0.711974084 0.701456845 0.0324229412
vn 0.712960362 0.698604703 0.0603239089
vn 0.715224743 0.694451928 0.0786773935
vn 0.723890603 0.677283227 0.131414533
vn 0.714245141 0.689658761 0.119267426
vn 0.722394109 0.668175697 0.178011179
vn 0.711105645 0.686153591 0.15336886
vn 0.710922003 0.686401367 0.15311116
vn 0.709942818 0.687512577 0.152668506
vn -3.63162508e-05 -0.754634798 -0.656145096
vn 0.00176157535 -0.639426649 -0.768850088
vn -0.000318632956 -0.620695472 -0.784051716
vn 0.000219298134 -0.673035085 -0.739610493
vn 0.000720426033 -0.623689055 -0.781672239
vn 0.000367653149 -0.616438746 -0.787402809
vn 0.000105842999 -0.608950794 -0.793208003
vn 3.05567592e-05 -0.603757143 -0.797168314
vn 1.23268437e-05 -0.601717055 -0.798709333
vn 7.92059745e-06 -0.600220203 -0.799834788
vn 0.00260016508 -0.708940446 -0.705263555
vn -0.000936159631 -0.683596194 -0.729859829
vn -6.47744582e-06 -0.725577772 -0.688140154
vn 0.00374607998 -0.795063436 -0.606514692
vn -0.00563193951 -0.749360323 -0.662138462
vn 0.00323638041 -0.815900981 -0.578182578
vn -0.000861604523 -0.787227571 -0.616661966
vn 0.00079194014 -0.837955713 -0.545737684
vn -0.00160626567 -0.825235963 -0.564785838
vn 0.000368196605 -0.856250167 -0.51656127
vn 0.000581380562 -0.906826079 -0.421504647
vn -4.0877545e-05 -0.90373683 -0.428088516
vn -0.000246996933 -0.88161236 -0.471974134
vn 0.00139255577 -0.891025722 -0.453950673
vn -0.000839155051 -0.87375325 -0.486368746
vn -0.00026926733 -0.963477075 -0.267790705
vn 0.00311342045 -0.966722786 -0.25580737
vn -0.000915757322 -0.955699027 -0.294344306
vn 0.0015666259 -0.938596547 -0.345013142
vn 0.00301620993 -0.940816998 -0.338901639
vn -0.000770889746 -0.922869146 -0.385112941
vn -0.999812424 9.80020923e-05 0.0193682685
vn -0.999766111 0.00158760336 0.0215696003
vn -0.996623635 -0.000814178959 0.0821012557
vn -0.992625415 0.00543549377 0.121100046
vn -0.985367179 -0.00410218444 0.170395851
vn -0.976532102 0.000442629069 0.215371564
vn -0.95443815 -0.00146616984 0.29840529
vn -0.956545055 -0.00416656211 0.291554809
vn -0.927839994 0.0015382804 0.372975349
vn -0.932793677 -1.0986425e-05 0.36041081
vn -0.89752984 2.80516488e-05 0.440953702
vn -0.901901007 -0.00347399828 0.431928784
vn -0.85679245 0.00198975648 0.515657604
vn -0.865912497 -0.00133493089 0.500193715
vn -0.828178644 0.00137102837 0.560462534
vn -0.800423682 -0.00599367311 0.599404752
vn -0.782613695 -0.000378449302 0.622507572
vn -0.740180135 0.000374317664 0.672408521
vn -0.713456929 -0.00577590056 0.700675309
vn -0.69142741 0.000758027192 0.722445548
vn -0.625339687 -0.0013561747 0.78035152
vn -0.638825834 -0.00942175183 0.769293666
vn -0.577540934 0.00545454258 0.816343546
vn -0.607254565 -0.00398820033 0.794497311
vn -0.49801892 0.000206386598 0.867166162
vn -0.519632995 -0.00512065925 0.85437423
vn -0.524085164 -0.00639005424 0.851641893
vn -0.521396875 -0.00553529896 0.85329634
vn -0.547124088 -0.000405137544 0.837051392
vn -0.58172816 0.000286457565 0.813383222
vn -0.36244303 -0.00224812236 0.9320032
vn -0.381363481 0.00046870223 0.924425066
vn -0.415092617 -0.000767973834 0.909778833
vn -0.435456574 -0.00624917634 0.900188029
vn -0.432558626 -0.0052954359 0.901590228
vn -0.440688461 -0.00375304767 0.897652268
vn -0.45946297 -0.000186578196 0.888196886
vn -0.284480691 -0.00247538649 0.958678603
vn -0.307155579 0.000813635183 0.951658964
vn -0.325286984 -0.00039340739 0.945615232
vn -0.351457834 -0.0023831781 0.936200678
vn -0.340231061 -0.00617937045 0.940321565
vn -0.358619243 -0.00287667196 0.933479488
vn -0.205566317 -0.00198726426 0.978641152
vn -0.219409689 6.06865506e-05 0.975632787
vn -0.244208768 -6.87805077e-05 0.969722688
vn -0.270582676 -0.00473337481 0.962685108
vn -0.261737704 -0.00755964266 0.965109468
vn -0.274417073 -0.00439188909 0.961600721
vn -0.19497335 -0.00374720339 0.980801404
vn -0.189781427 -0.00516915089 0.981812775
vn -0.149907336 0.00494843069 0.988687694
vn -0.142631963 0.00288527622 0.989771605
vn -0.0893014893 -0.00479330309 0.995993078
vn -0.110150233 0.00580571871 0.993897974
vn -0.0547550991 -0.00401607854 0.998491764
vn -0.0522990078 -0.0050392868 0.998618782
vn -0.0153817208 0.00438425131 0.999872088
vn -0.00799949095 -7.36951988e-05 0.999967992
vn -0.71407789 0.697014391 -0.0652966797
vn -0.728757679 0.677604795 -0.0988126844
vn -0.763143778 0.523429155 -0.378990173
vn -0.7928707 0.517456889 -0.32186088
vn -0.789443731 0.510229528 -0.341239512
vn -0.805528045 0.519141793 -0.285685867
vn -0.80594629 0.516151428 -0.289893657
vn -0.812814951 0.525273025 -0.251833469
vn -0.812067151 0.535741687 -0.231360734
vn -0.809090436 0.544528723 -0.221045524
vn -0.810111821 0.552621663 -0.195775598
vn -0.802825093 0.567697108 -0.182186306
vn -0.788479447 0.595881164 -0.152400255
vn -0.790885389 0.586973011 -0.173098221
vn -0.769684672 0.628037632 -0.11469198
vn -0.77958566 0.606368423 -0.156727836
vn -0.752599418 0.650754631 -0.100560941
vn -0.494526148 0.86867255 -0.0291879717
vn -0.486848295 0.872987688 -0.029515719
vn -0.472438335 0.88083899 -0.0304090846
vn -0.159955963 0.986404181 0.0376945063
vn -0.212182373 0.976824939 0.0281366948
vn -0.210742399 0.977116287 0.0288339127
vn -0.268490702 0.962668896 0.0343710706
vn -0.295043796 0.955282629 0.0196024124
vn -0.350161582 0.936441481 0.021545887
vn -0.372038096 0.928185225 0.00773694459
vn -0.429287612 0.903161526 0.00337478961
vn -0.444545001 0.895713925 -0.00873448607
vn -0.509362996 0.860376716 -0.0173579529
vn -0.519240737 0.854220927 -0.0263763666
vn -0.567325234 0.823380172 -0.0136799216
vn -0.570314944 0.82124269 -0.0173603985
vn -0.627177119 0.77529943 -0.0745629966
vn -0.623067021 0.782155097 -0.00456509553
vn -0.668806791 0.740216136 -0.0691199154
vn -0.125718087 0.990837097 0.0493635386
vn -0.173079371 0.984811783 0.0137599334
vn -0.060623005 0.996816099 0.05179286
vn -0.00884364918 0.99996084 -0.000331555551
vn -0.00890390296 0.999960303 -0.000345607667
vn -0.0494105481 0.998664677 0.015083191
vn -0.114667408 0.993377864 -0.00719988625
vn -0.62150079 0.778814733 -0.084760949
vn -0.603869617 0.795217037 -0.054510247
vn -0.547165334 0.835068166 -0.0571952574
vn -0.548160493 0.834278166 -0.059160877
vn -0.52290839 0.851748943 -0.033023458
vn -0.749157906 0.643450201 -0.157271311
vn -0.739358604 0.660789251 -0.129253402
vn -0.701091528 0.707719505 -0.0871996358
vn -0.700199068 0.701553941 -0.132451192
vn -0.668567479 0.739483774 -0.0786208212
vn 0.00124964025 0.799137712 -0.601146698
vn -0.00026416246 0.80579412 -0.592195749
vn 7.3111747e-05 0.816576838 -0.577236772
vn -0.000542243768 0.827938735 -0.560818315
vn 0.00188332121 0.836120009 -0.548543274
vn 0.000410168519 0.735732675 -0.677271903
vn -0.000103139602 0.745146275 -0.666901052
vn 0.000323514134 0.757187128 -0.653197944
vn -0.000524366857 0.762351036 -0.64716351
vn 0.00031819928 0.776023984 -0.63070327
vn 3.93220544e-05 0.778483212 -0.627665401
vn -4.38680399e-05 0.789280057 -0.614033341
vn -0.000204054581 0.686493576 -0.727135837
vn 0.000324862543 0.703440249 -0.710754335
vn 0.00193589134 0.714184463 -0.699954867
vn 0.00185001129 0.724229097 -0.689556956
vn 0.00148915988 0.725835145 -0.687867045
vn -0.00139803183 0.697534025 -0.716550291
vn 0.00453791814 0.655374289 -0.755290627
vn 0.00239852257 0.644794226 -0.764352441
vn 0.00248974818 0.645358562 -0.763875723
vn 0.00324589573 0.649670005 -0.760209441
vn 0.00126975973 0.668225825 -0.7439574
vn 0.000152943758 0.675071418 -0.737752378
vn -0.000289946678 0.636545837 -0.771238804
vn 2.05131209e-06 0.595441878 -0.803398371
vn -2.345664e-07 0.587706983 -0.809073865
vn 4.7675614e-05 0.603038609 -0.797711968
vn 0.000149600179 0.60808605 -0.793871105
vn 0.000233295359 0.610664248 -0.791889608
vn 0.000386719912 0.614135206 -0.789200723
vn 0.00100428471 0.621896386 -0.783098876
vn -0.000980956829 0.606500685 -0.795082331
vn 0.000974015449 0.634610713 -0.77283138
vn 0.00205213879 0.642626703 -0.766176641
vn -0.00187670905 0.854532719 -0.519394159
vn -0.00295707909 0.857999802 -0.513641536
vn 0.000975294737 0.869380355 -0.494142503
vn -0.0012803073 0.888515115 -0.458845586
vn 0.000905336172 0.893056571 -0.449943453
vn -0.000187890822 0.904194832 -0.427120268
vn 0.000757940055 0.915786743 -0.401664078
vn -0.0027295067 0.92157954 -0.388180047
vn 0.00174529885 0.9360798 -0.351783454
vn -0.00306676049 0.946447074 -0.322844356
vn 0.00140907033 0.95360148 -0.301068574
vn -0.00145904382 0.964589059 -0.263753384
vn -0.00247257925 0.965966523 -0.25865522
vn 0.000268869859 0.971366584 -0.23758541
vn -4.03823979e-05 0.97461766 -0.223875955
vn 0.000294080877 0.980573773 -0.196150377
vn -1.78772393e-06 0.999335527 -0.0364486314
vn 0.000283883506 0.98058176 -0.196110636
vn -0.000115065021 0.987131059 -0.159913123
vn 0.00172502385 0.989903927 -0.141729549
vn -0.00331122917 0.993842602 -0.110751517
vn 0.0014478669 0.996303856 -0.0858868733
vn -0.00226625125 0.999450445 -0.0330715403
vn -1.30617045e-05 0.999584615 -0.0288193729
vn 0.823388875 -0.34016639 -0.454221964
vn 0.824258029 -0.324127436 -0.464262962
vn 0.824543774 -0.325472176 -0.462812513
vn 0.823613644 -0.298949122 -0.481964737
vn 0.825100183 -0.284008533 -0.488414615
vn 0.824371636 -0.273067713 -0.495827973
vn 0.825058401 -0.256233752 -0.503609896
vn 0.825152516 -0.257745266 -0.502683461
vn 0.824462473 -0.235625669 -0.514531016
vn 0.824930072 -0.23907724 -0.512184024
vn 0.825420022 -0.213827521 -0.522455275
vn 0.826200902 -0.205446973 -0.524579406
vn 0.825742662 -0.198050737 -0.528133512
vn 0.825537503 -0.183825031 -0.533569276
vn 0.82556963 -0.184588045 -0.533256054
vn 0.825950742 -0.168137595 -0.538084686
vn 0.827244997 -0.152693585 -0.540694356
vn 0.825999022 -0.143519208 -0.545094311
vn 0.825891197 -0.111623466 -0.552669823
vn 0.826330721 -0.107831165 -0.552765787
vn 0.826039135 -0.0868009925 -0.55688864
vn 0.826533377 -0.0767364353 -0.557632565
vn 0.826213419 -0.0707501769 -0.558896959
vn 0.826181412 -0.0537084453 -0.560838401
vn 0.826504648 -0.0185620412 -0.562623739
vn 0.826913774 -0.022073973 -0.561895311
vn 0.826268792 -0.0371638946 -0.562048674
vn 0.826152861 -0.0533239953 -0.560917079
vn -0.768498361 0.528694391 -0.360406071
vn -0.752920806 0.564661324 -0.338035256
vn -0.752444208 0.564649403 -0.339114726
vn -0.741815329 0.595842481 -0.307704031
vn -0.736387134 0.596463323 -0.319320291
vn -0.736783385 0.611352205 -0.288788348
vn -0.733495593 0.608433187 -0.302974075
vn -0.732076049 0.627803385 -0.264438123
vn -0.707016528 0.707057357 -0.0140553303
vn -0.699977219 0.713690639 -0.0260297451
vn -0.711322784 0.701181293 -0.0486279055
vn -0.699836254 0.709908962 -0.079110615
vn -0.708966434 0.69945848 -0.090135321
vn -0.706131816 0.698967874 -0.113233149
vn -0.710287869 0.69161886 -0.130975157
vn -0.705661595 0.694790423 -0.138953179
vn -0.708273768 0.688099861 -0.157692239
vn -0.708228111 0.688062787 -0.158058614
vn -0.707761824 0.683658063 -0.178002328
vn -0.704640567 0.685417712 -0.183532476
vn -0.716329992 0.665552437 -0.209550202
vn -0.708372772 0.668041945 -0.227877051
vn -0.723825037 0.644771934 -0.245655149
vn -0.714533448 0.637962282 -0.28713432
vn 0.748475254 -0.663096249 -0.00938941818
vn 0.822130859 -0.359286219 -0.441604197
vn 0.823899567 -0.345035732 -0.449599683
vn 0.821949363 -0.365934163 -0.436453253
vn 0.819876969 -0.397553593 -0.412010819
vn 0.819743395 -0.398474216 -0.411386698
vn 0.816018879 -0.430856317 -0.385325849
vn 0.814318836 -0.447056711 -0.370169073
vn 0.811075866 -0.464018613 -0.356149822
vn 0.80619514 -0.493449032 -0.326431394
vn 0.806967556 -0.490329325 -0.32921201
vn 0.790625334 -0.550303042 -0.268473655
vn 0.80289644 -0.519001484 -0.293248594
vn 0.77206856 -0.601094007 -0.206388399
vn 0.789805412 -0.565935612 -0.236483172
vn 0.76537019 -0.62267226 -0.162750423
vn 0.773509026 -0.608374715 -0.177662507
vn 0.763482094 -0.632134438 -0.13229169
vn 0.768879116 -0.622529864 -0.145881563
vn 0.762338817 -0.634731293 -0.126315847
vn 0.759781837 -0.64221853 -0.101424493
vn 0.759778738 -0.642223299 -0.101417214
vn 0.756742835 -0.647699475 -0.0884627029
vn 0.754047334 -0.653020859 -0.0705429688
vn 0.754834056 -0.651925743 -0.0722382292
vn 0.752462029 -0.656122565 -0.0574811921
vn 0.751599491 -0.658012331 -0.0460216179
vn 0.751936555 -0.657563865 -0.046916794
vn 0.748566449 -0.662563264 -0.025653787
vn 0.750605047 -0.660066724 -0.0300655365
vn 0.747892916 -0.663772583 -0.00787912495
vn 0.748484731 -0.663085341 -0.00940215681
vn 0.826382339 0.0252709147 -0.562542081
vn 0.825497925 0.0298439041 -0.563615561
vn 0.826191366 0.0566357002 -0.560535669
vn 0.825143993 0.084600687 -0.558551788
vn 0.825759888 0.0814037845 -0.558116555
vn 0.825930059 0.109452829 -0.55304575
vn 0.82601136 0.115517102 -0.551689208
vn 0.825473726 0.124560222 -0.550525069
vn 0.826158404 0.142590329 -0.545096517
vn 0.825496197 0.149273276 -0.544310153
vn 0.825372696 0.173184499 -0.537370443
vn 0.826301396 0.164087012 -0.538796306
vn 0.82297188 0.200957566 -0.531350434
vn 0.824779809 0.191700995 -0.531967163
vn 0.824831665 0.218715072 -0.521360219
vn 0.824993551 0.229578078 -0.516410291
vn 0.823135316 0.245371595 -0.512094736
vn 0.824145079 0.255621105 -0.505413413
vn 0.824064314 0.270123899 -0.497946829
vn 0.8242715 0.283566296 -0.490068018
vn 0.824007928 0.285420448 -0.48943451
vn 0.823159456 0.308314353 -0.476813138
vn 0.820211351 0.391395867 -0.417208105
vn 0.822205842 0.381873876 -0.422078073
vn 0.821914792 0.367520243 -0.435183823
vn 0.822055757 0.357695818 -0.443032742
vn 0.821605086 0.344645679 -0.454075366
vn 0.823449433 0.334161788 -0.458548725
vn 0.823179066 0.319800317 -0.469152451
vn 0.823291898 0.307013243 -0.477423608
vn 0.810761929 0.507518768 -0.291701496
vn 0.820052147 0.409777611 -0.399495661
vn 0.819529533 0.424901277 -0.384487003
vn 0.819542646 0.424951732 -0.384403288
vn 0.817343056 0.446605086 -0.363997579
vn 0.817302048 0.44815743 -0.362177104
vn 0.816277087 0.461831331 -0.346992075
vn 0.816751599 0.466149688 -0.340031356
vn 0.814063489 0.480949134 -0.325558811
vn 0.813810766 0.487909108 -0.315684557
vn 0.811235428 0.506032884 -0.292963833
vn 0.805884063 0.591645122 -0.0225153081
vn 0.806586504 0.590522408 -0.026485201
vn 0.80593878 0.589936197 -0.0493755341
vn 0.805945873 0.588967264 -0.0597390719
vn 0.804756403 0.588221073 -0.0797693133
vn 0.806278408 0.584819794 -0.0888873413
vn 0.805951178 0.582043946 -0.108016156
vn 0.805970192 0.579324841 -0.121633917
vn 0.804591775 0.577658176 -0.137633875
vn 0.806562304 0.571812391 -0.149959594
vn 0.80636847 0.564481556 -0.176438361
vn 0.807028353 0.561916888 -0.181533992
vn 0.807077587 0.554117084 -0.203911886
vn 0.807795942 0.551254451 -0.208768293
vn 0.807923496 0.536762178 -0.243199512
vn 0.806900561 0.53965342 -0.240178376
vn 0.810354948 0.522734344 -0.26471433
vn 0.00136961218 0.92615968 0.377129078
vn -0.0126009136 0.928848684 0.37024498
vn 0.00408617361 0.910578012 0.413317084
vn -0.010726193 0.897894859 0.440079302
vn 0.0026930552 0.884107172 0.467276454
vn -0.00851052999 0.858721137 0.512372553
vn -0.00210486725 0.851243734 0.524766326
vn -0.00237675407 0.81619978 0.577764869
vn -0.00813667383 0.80223155 0.596957564
vn -0.00185394101 0.776354313 0.630293965
vn 1.25774677e-05 0.613025606 0.790063024
vn 6.19835992e-05 0.613048375 0.790045381
vn 0.00140317623 0.611850619 0.790972054
vn -0.00723366765 0.632565379 0.77447319
vn 0.00476288097 0.627805829 0.77835542
vn 0.000516338216 0.669330001 0.742965043
vn 0.000464482553 0.629908442 0.776669264
vn -0.00750602875 0.63920182 0.769002378
vn 9.23217522e-05 0.640168488 0.768234551
vn -0.000838270178 0.641792893 0.766877532
vn -0.000532817212 0.642092764 0.766626775
vn 0.00278305891 0.642094553 0.766620398
vn -0.000104258899 0.614999115 0.788527787
vn 0.00160423166 0.683607757 0.729847848
vn -0.0203426164 0.711373985 0.702519238
vn -0.00113092165 0.714639366 0.699492157
vn -0.00556147285 0.726256907 0.687400877
vn 0.00735078519 0.726257801 0.687383115
vn 0.00692480337 0.730656505 0.682710171
vn 0.00728717353 0.76947391 0.638636708
vn 0.0108761508 0.802181065 0.596981764
vn 0.00915373769 0.813727796 0.581174076
vn 0.00699815573 0.926134467 0.377128601
vn 0.00625042291 0.92299819 0.384753495
vn 0.00947733968 0.897860944 0.440177113
vn 0.0116289528 0.906081617 0.422943175
vn 0.00473716529 0.858698308 0.512459576
vn 0.014943623 0.88057059 0.473679364
vn 0.010535147 0.846837819 0.531746864
vn -0.00269893953 0.946531773 0.322599381
vn -0.0988164842 0.95476377 0.280466467
vn 0.000548226642 0.954333484 0.298742861
vn 0.000466699596 0.954396665 0.298541009
vn 0.031289205 0.944319665 0.327538371
vn 0.00297635049 0.960687339 0.27761665
vn -0.00685324613 -0.930153668 0.367106557
vn 3.04785146e-07 -0.999916971 0.0128860762
vn 0.00478736218 -0.998479426 0.0549176522
vn -0.00481863553 -0.999529362 0.0302960295
vn 0.00199299445 -0.996020555 0.089101404
vn -0.0020356169 -0.993487298 0.11392463
vn 0.000821683556 -0.990455329 0.137831509
vn -0.00103499542 -0.986195266 0.165583342
vn -0.000871238008 -0.986016154 0.166647568
vn 0.0013010375 -0.978818178 0.204727456
vn 0.000535445928 -0.946416676 0.322947741
vn -0.000425463484 -0.955358267 0.295449406
vn -0.000420095486 -0.955370009 0.295411468
vn 0.000505296281 -0.963396013 0.268081933
vn 0.0018696317 -0.965781391 0.259350657
vn -0.00199993886 -0.973461747 0.228840932
vn 0.00373794045 -0.98096019 0.194172859
vn 0.00104564917 -0.855252326 0.518210709
vn -0.000961266749 -0.878032446 0.478600174
vn 0.00154332968 -0.883274138 0.468854338
vn -0.00118770264 -0.901540816 0.432692409
vn 0.00175533758 -0.908283651 0.418351144
vn -0.00144617516 -0.921805441 0.387650102
vn 0.00698420499 -0.941060901 0.338165045
vn 0.00116141222 -0.821394801 0.570358813
vn -0.000156490947 -0.841154337 0.540795088
vn 0.00115443231 -0.855500162 0.517801225
vn -0.00421821093 -0.831767499 0.55510813
vn 0.000917640631 -0.810780466 0.585349679
vn -0.000458911702 -0.797002494 0.603975832
vn 0.000699816796 -0.787434101 0.616398454
vn -0.000564726186 -0.777925014 0.628356874
vn 0.00224086456 -0.748490989 0.663141191
vn -0.0056095114 -0.764980733 0.644028783
vn -0.000507925462 -0.744196177 0.667960942
vn 0.000309429306 -0.723627627 0.690190494
vn 0.00041269802 -0.722829878 0.691025853
vn -0.000581972883 -0.703405023 0.710788965
vn -0.000168094004 -0.701043367 0.713118672
vn 0.000144289545 -0.679641902 0.733544052
vn -0.001428538 -0.66576463 0.746160448
vn -0.000386650674 -0.658591926 0.752500176
vn 0.000158971874 -0.641744852 0.766918182
vn -0.000936030527 -0.620853305 0.783926249
vn -0.00179479457 -0.625204146 0.780459225
vn -0.000537579705 -0.614479721 0.788932443
vn -3.45525987e-05 -0.605411589 0.795912564
vn 1.51148058e-07 -0.602486193 0.79812932
vn -0.823830128 0.329675168 0.461105466
vn -0.82393086 0.332724005 0.458729446
vn -0.827488601 0.31238243 0.466561705
vn -0.822451591 0.326155782 0.466042697
vn -0.825294852 0.286619633 0.486556888
vn -0.823305368 0.296818346 0.483804852
vn -0.825040281 0.265549004 0.498790771
vn -0.824129522 0.274081916 0.495670855
vn -0.825442731 0.250407368 0.505905569
vn -0.824537396 0.257519007 0.503807604
vn -0.825463057 0.226667196 0.516945601
vn -0.825034559 0.22941567 0.516416967
vn -0.825512111 0.204477757 0.526040494
vn -0.826026976 0.196801737 0.528155744
vn -0.825603664 0.189532816 0.531465828
vn -0.825734377 0.179225996 0.534827828
vn -0.825707376 0.180208728 0.534539163
vn -0.825808227 0.172091782 0.537052333
vn -0.826390743 0.16024147 0.539815664
vn -0.825450957 0.150856912 0.543942034
vn -0.826146007 0.133803964 0.547338307
vn -0.825926244 0.139427289 0.546265423
vn -0.826187193 0.117684491 0.550967395
vn -0.825464547 0.122875869 0.550917208
vn -0.82639277 0.095154956 0.554995954
vn -0.826015711 0.0998326242 0.554735482
vn -0.826251328 0.0804029182 0.55753392
vn -0.826075613 0.0827612653 0.557449222
vn -0.826243997 0.0702159256 0.558919132
vn -0.82650435 0.057334505 0.560002983
vn -0.826305509 0.055496566 0.56048131
vn -0.825991333 0.0256616678 0.563098371
vn -0.826409101 0.0221095253 0.562635899
vn -0.826197386 0.00539851096 0.563354909
vn -0.826246023 0.00260869251 0.563303411
vn -0.826245546 0.00157405098 0.563307941
vn 1.66447222e-07 -0.567192733 0.823585093
vn -0.00149112439 -0.580541193 0.814229488
vn 0.00216377783 -0.553912103 0.832572341
vn -0.00157086225 -0.588774443 0.808295846
vn 1.86346227e-07 -0.576144755 0.817347646
vn -0.00101075403 -0.576068759 0.817400634
vn -0.000747216283 -0.573319077 0.819331825
vn -0.000428269792 -0.569727242 0.82183373
vn 0.000220318761 -0.516259074 0.856432438
vn -0.000176806207 -0.525098205 0.851041615
vn 3.0576055e-05 -0.548558295 0.83611232
vn -9.06091154e-05 -0.565346122 0.824853778
vn 9.00670329e-08 -0.567192018 0.82358557
vn -0.000259986467 -0.263113707 0.964764774
vn -0.000320360065 -0.261060029 0.965322495
vn 0.000299822801 -0.29992044 0.953964174
vn -0.000186411256 -0.313995063 0.949424624
vn 2.75008824e-05 -0.336391717 0.941722155
vn -6.19611569e-07 -0.341770321 0.939783514
vn -6.20021183e-07 -0.364237189 0.931306243
vn 2.39988367e-05 -0.363553107 0.931573451
vn -3.663815e-05 -0.400063217 0.916487515
vn 0.00033868989 -0.388532907 0.92143476
vn -0.000466690835 -0.427131355 0.904189467
vn -0.000177674316 -0.420266926 0.907400489
vn 2.28170138e-05 -0.445616007 0.895224214
vn -3.02167064e-06 -0.449131966 0.8934654
vn -3.02290528e-06 -0.472030163 0.881582379
vn 0.000351975264 -0.462735474 0.886496305
vn -9.21169776e-05 -0.486578286 0.873636961
vn 0.000133407972 -0.134844527 0.99086678
vn -0.000311596727 -0.153391466 0.988165438
vn -0.000106731604 -0.163109466 0.986607969
vn 8.0121732e-05 -0.185546815 0.982635438
vn 0.000188129343 -0.192370802 0.981322289
vn -0.000191919535 -0.211638734 0.97734797
vn -1.77193215e-05 -0.222426951 0.97494936
vn 1.52797165e-05 -0.242948815 0.970039129
vn -0.000911248673 -0.0666924044 0.99777317
vn 0.000148984022 -0.0164761972 0.999864221
vn 2.58681539e-05 -0.0059418832 0.999982357
vn 0.000912427669 -0.0401303954 0.999194026
vn 5.68018149e-05 -0.0807612091 0.996733487
vn -5.40143592e-05 -0.105326608 0.994437695
vn -3.82790222e-06 -0.102690965 0.994713306
vn -3.82704729e-06 -0.120188579 0.992751062
vn 0.00028777204 0.286008835 0.958226919
vn -0.000298902421 0.269453526 0.963013351
vn 1.12963253e-05 0.248192191 0.96871084
vn 1.65773326e-06 0.239643931 0.970860839
vn 1.65806125e-06 0.219283253 0.975661218
vn -0.000277536572 0.210836917 0.977521181
vn 8.1998427e-05 0.185226262 0.982695878
vn -5.82223984e-05 0.170673758 0.985327601
vn 8.86947309e-05 0.155931085 0.987767935
vn -8.12582002e-05 0.144262582 0.989539444
vn 3.46478882e-05 0.131651536 0.991296053
vn 1.99326837e-06 0.126104891 0.992016912
vn 1.99372539e-06 0.10212218 0.994771838
vn -7.34235364e-05 0.0998158604 0.995005906
vn 0.000115535331 0.052168794 0.998638272
vn -0.000134079281 0.0464399643 0.998921096
vn 1.19087945e-05 0.0132526178 0.999912202
vn -2.06006225e-05 0.0100957295 0.999949038
vn -1.12859937e-06 0.00237248559 0.999997199
vn -6.21683503e-05 0.469187379 0.883098662
vn 0 0.471864671 0.881671011
vn 0 0.442727894 0.896656036
vn 9.97044699e-05 0.445538968 0.895262539
vn -0.000162313721 0.397685826 0.917521656
vn 0.000170956599 0.403511614 0.914974511
vn -6.13341981e-05 0.361234009 0.932475209
vn 4.28228941e-06 0.364215642 0.931314647
vn 4.28298972e-06 0.344502449 0.938785434
vn -8.97378122e-05 0.337765098 0.941230416
vn 5.5507393e-05 0.32559523 0.945509255
vn 6.91245441e-06 0.319586694 0.947557032
vn -1.27343628e-05 0.307391047 0.951583266
vn 9.21544779e-05 0.545861423 0.837875485
vn -0.000151182176 0.509393215 0.860533893
vn -0.000235105079 0.511085987 0.859529555
vn 2.61165351e-05 0.485306501 0.87434411
vn -9.67040178e-05 0.567324698 0.823494196
vn -3.04402015e-09 0.570525348 0.821280003
vn -0.000356672244 0.560320437 0.828275859
vn -0.00042256678 0.560905516 0.827879727
vn -0.000842701644 0.564277291 0.825584888
vn -0.00166926684 0.570370257 0.821386039
vn -0.00239999546 0.575351059 0.817903042
vn -0.00332423579 0.580468953 0.814275622
vn -9.63157436e-06 0.596782625 0.802402973
vn -0.00273880269 0.577415466 0.816445887
vn -0.00244929362 0.57640475 0.817160666
vn -3.85129133e-05 0.568048477 0.822995067
vn -2.02170795e-05 0.567988873 0.823036194
vn 8.18683184e-05 0.567733467 0.823212445
vn 0.00493273651 0.55740428 0.830226541
vn 6.58187564e-05 0.589101613 0.808058977
vn -0.820802808 0.390472651 0.416909933
vn -0.821835935 0.360540897 0.44113028
vn -0.821912766 0.361843318 0.439919144
vn -0.823372364 0.367529601 0.43241179
vn -0.823035538 0.345252663 0.451013446
vn -0.806317687 0.49318108 0.326533705
vn -0.812109292 0.458354175 0.361095518
vn -0.811081946 0.471560925 0.346087217
vn -0.817352891 0.41907686 0.395359129
vn -0.816172719 0.437558591 0.377365321
vn -0.818971217 0.408203691 0.403306216
vn -0.805047333 0.498795778 0.321094394
vn -0.798795998 0.525562346 0.292761296
vn -0.799388647 0.521544516 0.298276842
vn -0.793163657 0.547670186 0.266362041
vn -0.791027009 0.55615449 0.254889101
vn -0.787888646 0.56511569 0.244695276
vn -0.780385077 0.588983834 0.209993303
vn -0.78039062 0.588971138 0.210008278
vn -0.771719158 0.611918092 0.173221692
vn -0.771541357 0.612685084 0.171291739
vn -0.768053889 0.620684505 0.157619685
vn -0.765865684 0.628570676 0.135457039
vn -0.764937758 0.630331457 0.132485926
vn -0.761212647 0.637735188 0.117682293
vn -0.759825289 0.641914248 0.10301283
vn -0.759716094 0.642093837 0.102698423
vn -0.755901456 0.648876905 0.0870160386
vn -0.756120682 0.649719834 0.0783945322
vn -0.752754867 0.655127168 0.0645642132
vn -0.753347337 0.65530014 0.0552228503
vn -0.75055927 0.659377158 0.0433877744
vn -0.75119698 0.659293115 0.0321828425
vn -0.748501062 0.663116038 0.00482540578
vn -0.749846399 0.661535978 0.0100251073
vn -0.748596132 0.662696421 0.0209104661
vn -0.751232564 0.659246147 0.0323131643
vn -0.805996895 -0.591865897 0.00798452273
vn -0.805977702 -0.591856003 0.0103165992
vn -0.806150734 -0.591638207 0.00922812242
vn -0.805253148 -0.591643989 0.0390484631
vn -0.806332409 -0.590553522 0.0327812694
vn -0.804997385 -0.588453829 0.0755071193
vn -0.806384265 -0.587510228 0.0676469952
vn -0.805290461 -0.58393532 0.102600455
vn -0.805759549 -0.584016681 0.0983670503
vn -0.805879235 -0.579732537 0.120286644
vn -0.80622524 -0.580281973 0.115211673
vn -0.805430055 -0.57686609 0.136043832
vn -0.806658983 -0.572621465 0.146307781
vn -0.806243241 -0.569781542 0.159125388
vn -0.806723356 -0.562628388 0.180684134
vn -0.807396233 -0.563474357 0.17495127
vn -0.806106806 -0.553037107 0.21057485
vn -0.807600677 -0.554690361 0.200249255
vn -0.807889163 -0.543467462 0.227943346
vn -0.807808161 -0.542910933 0.229551122
vn -0.80978632 -0.530904472 0.249773026
vn -0.809392273 -0.528802931 0.25544396
vn -0.810513318 -0.51978606 0.269982547
vn -0.81086725 -0.511483967 0.284391373
vn -0.811086774 -0.512631714 0.281685948
vn -0.813135326 -0.493011504 0.309435993
vn -0.813753426 -0.496093184 0.30281499
vn -0.813880205 -0.487565309 0.316036493
vn -0.814890146 -0.470672697 0.338262081
vn -0.815633118 -0.474073201 0.331658334
vn -0.816450238 -0.452943087 0.358122289
vn -0.816926539 -0.458552092 0.349801362
vn -0.817380488 -0.441033661 0.370646
vn -0.817859173 -0.446437776 0.363042295
vn -0.818431318 -0.423173904 0.388708144
vn -0.819395483 -0.42792362 0.381408483
vn -0.81979835 -0.407795399 0.402036786
vn -0.819945097 -0.413153112 0.396225363
vn -0.820204139 -0.393874943 0.414882809
vn -0.821275771 -0.400171995 0.406655192
vn -0.820539296 -0.372273237 0.433737129
vn -0.82182157 -0.378888667 0.425502807
vn -0.821906447 -0.358729839 0.442473382
vn -0.821226716 -0.344131798 0.45514828
vn -0.822920561 -0.351306677 0.446525931
vn -0.822566748 -0.322385848 0.468456328
vn -0.823034286 -0.326498598 0.464772254
vn -0.823291063 -0.307834238 0.476896137
vn -0.823631525 -0.313247651 0.472765267
vn -0.82256037 -0.287200063 0.490826428
vn -0.824525416 -0.296194345 0.482106596
vn -0.823533714 -0.268859893 0.499506354
vn -0.824971497 -0.226263165 0.517906427
vn -0.824824274 -0.219088078 0.52121526
vn -0.824889779 -0.20999898 0.524840236
vn -0.823989689 -0.274831265 0.495488405
vn -0.824143112 -0.2614263 0.502438426
vn -0.824671447 -0.252035201 0.506354809
vn -0.82476598 -0.253516167 0.505460799
vn -0.824003696 -0.237606451 0.514355004
vn -0.824730992 -0.204986706 0.527066588
vn -0.825511456 -0.192264572 0.530627131
vn -0.825723052 -0.18919313 0.531401336
vn -0.824903846 -0.176859111 0.536893368
vn -0.825475395 -0.166665196 0.539270878
vn -0.825454116 -0.149923921 0.544195116
vn -0.825172424 -0.146905944 0.545443952
vn -0.826177359 -0.122058049 0.550029814
vn -0.825864077 -0.118873134 0.551196575
vn -0.825921595 -0.104262441 0.55406034
vn -0.826132953 -0.0879050717 0.556576192
vn -0.826228023 -0.00661677029 0.563296914
vn -0.82640028 -0.0182594806 0.562786996
vn -0.82594198 -0.0863185003 0.557107687
vn -0.826104164 -0.0675624758 0.559452593
vn -0.826280057 -0.0607081093 0.559978426
vn -0.82613349 -0.0576825887 0.560514212
vn -0.826152146 -0.0430692583 0.561798632
vn -0.826236486 -0.0446473062 0.561551332
vn -0.825954854 -0.0220483411 0.563304961
vn 0.780901074 -0.509282231 0.361697584
vn 0.548010707 -0.836436331 0.00764684426
vn 0.0138583118 -0.999903977 -2.41474868e-06
vn 0.0283891615 -0.999287367 -0.024875911
vn 0.0541851595 -0.998304248 -0.0212756377
vn 0.0780654177 -0.996499419 -0.0299115442
vn 0.112405151 -0.993452549 -0.0204238072
vn 0.0907032266 -0.994848073 -0.0452790037
vn 0.173817605 -0.984509468 -0.022990521
vn 0.151604012 -0.986008823 -0.0693024769
vn 0.188808754 -0.980945051 -0.0458040722
vn 0.236666486 -0.970821559 -0.0386590958
vn 0.217397347 -0.974829018 -0.0494653992
vn 0.235400051 -0.971297443 -0.03417724
vn 0.202747256 -0.978384674 -0.0407055579
vn 0.197148964 -0.979444921 -0.0426609479
vn 0.277014792 -0.960297644 -0.0330331326
vn 0.268811435 -0.962531388 -0.0356891118
vn 0.265773624 -0.963389218 -0.0352928489
vn 0.254497677 -0.966424823 -0.035411153
vn 0.40491727 -0.914097905 -0.0216113832
vn 0.372200459 -0.927990854 -0.0173129011
vn 0.359780252 -0.932818592 -0.0201913193
vn 0.351533204 -0.935913205 -0.0221559666
vn 0.341226488 -0.939577043 -0.0275573879
vn 0.327904969 -0.944027781 -0.0359152444
vn 0.316113919 -0.947452962 -0.0490397774
vn 0.325771749 -0.944711745 -0.0373166166
vn 0.298802853 -0.953808069 -0.0310965106
vn 0.285632104 -0.957807839 -0.031913314
vn 0.43495357 -0.900434792 -0.00570422085
vn 0.456907868 -0.88951236 -0.00172595133
vn 0.419427007 -0.907705426 -0.0123218633
vn 0.409860671 -0.911926091 -0.0201255903
vn 0.39958325 -0.916231036 -0.0292210989
vn 0.534975588 -0.844865441 -0.00186282082
vn 0.528022349 -0.848455787 -0.036265716
vn 0.532785654 -0.842873335 -0.0755249709
vn 0.511219025 -0.858302534 -0.0444059819
vn 0.457933635 -0.88884455 0.0158785712
vn 0.578825951 -0.815413117 -0.00787303783
vn 0.605443239 -0.794996619 -0.0376678705
vn 0.604739547 -0.796145082 -0.0210505426
vn 0.60684073 -0.794784427 0.00787352771
vn 0.64723897 -0.76043725 0.0530748479
vn 0.663337648 -0.748256862 -0.00973904878
vn 0.688308239 -0.72347492 0.0530637726
vn 0.733681202 -0.678489506 0.0369312651
vn 0.734274805 -0.677590847 0.0413662903
vn 0.781901121 -0.617029428 0.0889115706
vn 0.75820756 -0.64660269 0.0838224664
vn 0.738787651 -0.670953035 0.0633630753
vn 0.824926972 -0.539023459 0.170144558
vn 0.782413721 -0.607635081 0.136412546
vn 0.781931221 -0.618199944 0.0800774395
vn 0.78613013 -0.521469593 0.331766367
vn 0.782865524 -0.525497615 0.333127379
vn 0.788410902 -0.517921329 0.331912279
vn 0.795347452 -0.500163972 0.342430264
vn 0.810631037 -0.518381894 0.27231878
vn 0.81146729 -0.514906645 0.276391059
vn 0.812741816 -0.540005267 0.218735218
vn 0.818874776 -0.525912821 0.229912594
vn 0.479874134 -0.877314985 -0.00626417669
vn 0.525620699 -0.847433627 0.074693501
vn 0.520742416 -0.852742553 -0.0407120325
vn 0.594994903 -0.799121857 0.0859377608
vn 0.595228195 -0.803464651 -0.0121646672
vn 0.659912348 -0.744920015 0.0980297849
vn 0.664861321 -0.746779561 0.0167238675
vn 0.71713239 -0.687491238 0.114354737
vn 0.724256992 -0.687356114 0.0547121093
vn 0.765298009 -0.62895292 0.136883944
vn 0.770850778 -0.628035486 0.106585585
vn 0.799511373 -0.576047838 0.170148268
vn 0.799689114 -0.57602185 0.16939944
vn 0.814067125 -0.539227426 0.215704605
vn 0.406523615 0.913539469 -0.0135700712
vn 0.731725037 -0.406620622 -0.547026634
vn 0.339373589 -0.565575123 -0.751631796
vn 0.160378173 0.613887489 -0.772930145
vn 0.164372563 0.550853372 -0.818255603
vn 0.0340029635 0.580915332 -0.813253462
vn 0.0847104639 0.604289591 -0.792248845
vn 0.110140696 0.489658117 -0.864930034
vn 0.121349826 0.487943411 -0.864398897
vn 0.0285488646 0.538299382 -0.842269957
vn 0.162426293 0.418930054 -0.893373013
vn 0.0651657209 0.438034683 -0.896593034
vn 0.065083459 0.462303638 -0.884329975
vn 0.166946188 0.348702639 -0.922244787
vn 0.131308451 0.356459737 -0.925037563
vn 0.0151594393 0.393944144 -0.919009387
vn 0.0660355538 0.239217862 -0.968717754
vn 0.0660144985 0.253600031 -0.965053916
vn 0.150988996 0.277085453 -0.948907793
vn 0.065636225 0.290622264 -0.954584002
vn 0.0657146201 0.333175093 -0.940572143
vn 0.0816388726 0.223652244 -0.971243918
vn 0.165076286 0.202804372 -0.965204775
vn 0.039298065 0.185967088 -0.9817698
vn 0.095491007 0.1388762 -0.985695124
vn 0.16178143 0.128152594 -0.978470087
vn 0.0978180543 0.112809181 -0.988790035
vn 0.0203282535 0.0790195614 -0.996665776
vn 0.169591263 0.0522374548 -0.984129071
vn 0.0376473144 0.0270090774 -0.998926044
vn 0.0503792949 -0.134728774 -0.989600956
vn 0.125570238 -0.107703187 -0.986221135
vn 0.169423074 -0.0995196328 -0.980505824
vn 0.0240590367 -0.0716164485 -0.997142017
vn 0.138027355 -0.0237435028 -0.990143776
vn 0.127121314 -0.0224841256 -0.991632283
vn 0.07745713 0.00176996063 -0.996994138
vn 0.117735177 -0.175637886 -0.977389276
vn 0.119668588 -0.175805449 -0.977124274
vn 0.0659615025 -0.208507314 -0.975793898
vn 0.165910855 -0.248369604 -0.954351127
vn 0.131099358 -0.243915066 -0.960894585
vn 0.0658631772 -0.225028127 -0.972123623
vn 0.120079294 -0.323141396 -0.93870157
vn 0.163039431 -0.325703621 -0.931308389
vn 0.0125809135 -0.28283295 -0.959086657
vn 0.148047328 -0.393215656 -0.907448888
vn 0.0634834468 -0.386293322 -0.920188725
vn 0.0651232377 -0.3552953 -0.932482839
vn 0.0164133348 -0.58156395 -0.813335061
vn 0.122443646 -0.52767998 -0.840572059
vn 0.106402561 -0.530159712 -0.841195107
vn 0.0348019227 -0.484700739 -0.873987436
vn 0.160162762 -0.460810721 -0.872926891
vn 0.0641270801 -0.446037441 -0.892714024
vn 0.0641825125 -0.4215644 -0.904524207
vn 0.139724001 -0.594753325 -0.791672707
vn 0.0653446317 -0.604154289 -0.794183612
vn 0.049254857 -0.57711935 -0.815173149
vn 0.416001022 -0.545707047 -0.72742486
vn 0.784126759 -0.379542112 -0.491012216
vn 0.787497878 -0.369293302 -0.493426323
vn 0.78807354 -0.358305633 -0.500556886
vn 0.804301918 -0.341756672 -0.486107796
vn 0.762018263 -0.345541656 -0.547657847
vn 0.787479877 -0.324833721 -0.523792446
vn 0.79226166 -0.294377148 -0.534475029
vn 0.751173019 -0.308162183 -0.583759487
vn 0.774272382 -0.288828164 -0.563099086
vn 0.809138715 -0.248592302 -0.532443762
vn 0.751912177 -0.261967897 -0.604980052
vn 0.791727722 -0.231542647 -0.56529212
vn 0.782367527 -0.156424373 -0.602853596
vn 0.795125723 -0.181084871 -0.578777432
vn 0.755422771 -0.213117152 -0.619610786
vn 0.763261855 -0.211735904 -0.610409141
vn 0.792261004 -0.214439884 -0.571260035
vn 0.750708163 -0.116516016 -0.650277793
vn 0.805106819 -0.117544986 -0.581365824
vn 0.766331732 -0.163948491 -0.621173561
vn 0.755180478 -0.066161871 -0.652169466
vn 0.791482449 -0.0769150853 -0.606332898
vn 0.791341364 -0.0943312347 -0.604053319
vn 0.776013494 0.0817121416 -0.625400841
vn 0.808124185 0.0310769621 -0.588191748
vn 0.822143972 0.0320937186 -0.568374217
vn 0.756887197 -0.0211907513 -0.653201878
vn 0.783032656 -0.0163064376 -0.621766746
vn 0.795991182 -0.0400381833 -0.603982627
vn 0.773545206 -0.0601788126 -0.630877435
vn 0.748393655 0.136197612 -0.649120271
vn 0.770458877 0.123822875 -0.625348747
vn 0.825429082 0.0814741924 -0.5585953
vn 0.748447835 0.185559869 -0.636705101
vn 0.790225923 0.162139818 -0.590976894
vn 0.790284574 0.13526319 -0.597623706
vn 0.781681538 0.264385968 -0.564866424
vn 0.790258467 0.237139493 -0.565027773
vn 0.773884296 0.223580971 -0.592549264
vn 0.822989523 0.192587763 -0.534413934
vn 0.772127748 0.185241982 -0.607868493
vn 0.748648584 0.326149702 -0.577192962
vn 0.777568579 0.299943388 -0.55264914
vn 0.8145805 0.250667453 -0.523091197
vn 0.743626475 0.37285465 -0.554976642
vn 0.788213372 0.332946867 -0.51755774
vn 0.788274288 0.310064375 -0.531491995
vn 0.783126652 0.445375234 -0.433997154
vn 0.799008131 0.411481172 -0.438485175
vn 0.784689128 0.422543913 -0.453563243
vn 0.786623418 0.398477465 -0.471634746
vn 0.758292973 0.404825479 -0.510987341
vn 0.821804404 0.344471395 -0.453846902
vn 0.761171877 0.36544618 -0.535785854
vn 0.767227709 0.475754023 -0.430139154
vn 0.78252399 0.460312933 -0.41924715
vn 0.782461226 0.482815206 -0.393247873
vn 0.738754928 0.533303201 -0.412102997
vn 0.779964805 0.500469089 -0.375746816
vn 0.779691815 0.518653274 -0.35082677
vn 0.737935722 0.564309716 -0.37014237
vn 0.822002828 0.493706435 -0.283840239
vn 0.736168087 0.632685125 -0.240345687
vn 0.814255178 0.528753042 -0.23960118
vn 0.780468881 0.567186356 -0.262998015
vn 0.768481493 0.559621871 -0.310257256
vn 0.761363864 0.641604424 -0.0931062177
vn 0.770596325 0.62662679 -0.116276309
vn 0.754165411 0.641093731 -0.142243847
vn 0.809235156 0.571486533 -0.13616775
vn 0.733270288 0.651320279 -0.195183516
vn 0.770735323 0.608159542 -0.190023735
vn 0.770896673 0.597803056 -0.219885856
vn 0.765681803 0.643169343 -0.00803822838
vn 0.80278939 0.595831335 -0.0226753261
vn 0.724793375 0.687369406 -0.0468813963
vn 0.756109953 0.652163744 -0.0545912199
vn 0.797076166 0.598401487 -0.081149511
vn 0.0749780759 0.997147501 -0.00866955798
vn -0.00302612665 0.999580026 -0.0288211051
vn 0.148784533 0.986581981 -0.0672247037
vn 0.032706596 0.995774448 -0.0858111903
vn 0.0978215858 0.984862924 -0.143094033
vn 0.117620349 0.983043671 -0.140679106
vn 0.0262476783 0.980236053 -0.196082473
vn 0.153735861 0.964645088 -0.214068145
vn 0.0609039702 0.969556987 -0.237170801
vn 0.0610366575 0.962780774 -0.263301611
vn 0.142980516 0.948187411 -0.283720374
vn 0.0387328155 0.952878416 -0.300869524
vn 0.0911131129 0.931364119 -0.352504253
vn 0.112521216 0.930118144 -0.349598616
vn 0.030781731 0.915358722 -0.401461005
vn 0.149971679 0.89781636 -0.414046168
vn 0.0130228465 0.892986417 -0.449895144
vn 0.149628282 0.865859687 -0.477387071
vn 0.0626230985 0.86767441 -0.493172854
vn 0.0928343311 0.833803952 -0.544199169
vn 0.115903564 0.830451131 -0.544901192
vn 0.0630375296 0.852822006 -0.518382907
vn 0.15257062 0.783310354 -0.602616906
vn 0.0778610632 0.796692908 -0.599348068
vn 0.0606514476 0.81505245 -0.576203883
vn 0.165533021 0.730465114 -0.662585497
vn 0.0633568168 0.7556566 -0.651896417
vn 0.0629936457 0.774477124 -0.629457653
vn 0.039199926 0.636050582 -0.770651042
vn 0.0999958515 0.671680033 -0.734061837
vn 0.167738184 0.673152447 -0.72022891
vn 0.090178974 0.694679797 -0.713643968
vn 0.0298893563 0.725506365 -0.687566102
vn 0.524155378 0.851537108 -0.0120683238
vn 0.503514647 0.863982677 -0.0026271895
vn 0.50353694 0.861976743 -0.0587078594
vn 0.503865898 0.86178273 -0.0587339289
vn 0.504078925 0.854704082 -0.124037869
vn 0.504000604 0.854750633 -0.124035195
vn 0.504258096 0.84307158 -0.186960071
vn 0.504184842 0.84311527 -0.186960801
vn 0.504533768 0.827156246 -0.247503892
vn 0.504863679 0.826960206 -0.247486338
vn 0.505335808 0.806967914 -0.305677235
vn 0.506493926 0.806283534 -0.305566251
vn 0.50709945 0.782504618 -0.361298621
vn 0.508774936 0.781523287 -0.361066997
vn 0.509525716 0.753305554 -0.415829688
vn 0.511344016 0.752254903 -0.415499508
vn 0.512211025 0.718972743 -0.469806433
vn 0.514036477 0.71793884 -0.469393551
vn 0.514950514 0.679162562 -0.523033619
vn 0.516650677 0.678226471 -0.522571445
vn 0.517517805 0.633541942 -0.57515204
vn 0.518946648 0.632785261 -0.574697495
vn 0.519666851 0.583172143 -0.624384999
vn 0.520685554 0.582659006 -0.624015272
vn 0.521230757 0.530557573 -0.668451309
vn 0.521856487 0.530260623 -0.668198645
vn 0.522278368 0.476026118 -0.707548141
vn 0.522576332 0.475894392 -0.707416773
vn 0.522918046 0.419715852 -0.741886377
vn 0.522937894 0.419707775 -0.7418769
vn 0.523230255 0.36166814 -0.771638691
vn 0.523057163 0.361732155 -0.771726012
vn 0.523311019 0.301229298 -0.797123909
vn 0.523196161 0.301267177 -0.797184944
vn 0.523401618 0.238686249 -0.817972898
vn 0.523329794 0.238706917 -0.818012834
vn 0.523487449 0.175114244 -0.833844066
vn 0.523262382 0.17516917 -0.833973765
vn 0.523380756 0.110563807 -0.844895422
vn 0.523236036 0.110592589 -0.844981253
vn 0.523320198 0.0461497009 -0.85088551
vn 0.520204484 0.0466221049 -0.852768242
vn 0.520247102 -0.0212005787 -0.853752613
vn 0.522438109 -0.0214311965 -0.852407813
vn 0.522184551 -0.0861190334 -0.848473251
vn 0.522599995 -0.0861426666 -0.848214984
vn 0.522019506 -0.150786221 -0.839499354
vn 0.522138774 -0.150787264 -0.839424968
vn 0.521215856 -0.214738011 -0.825967073
vn 0.521716654 -0.214718536 -0.825655878
vn 0.520431042 -0.277809888 -0.807448566
vn 0.521475911 -0.277719766 -0.806805193
vn 0.519814789 -0.339513361 -0.783915341
vn 0.520877898 -0.3393718 -0.783270717
vn 0.518870354 -0.399012357 -0.756017625
vn 0.520139217 -0.39878574 -0.755264938
vn 0.517789423 -0.45624131 -0.723697424
vn 0.51949805 -0.455860943 -0.72271198
vn 0.517655909 -0.497738898 -0.695908308
vn 0.51843673 -0.497616857 -0.695414126
vn 0.517836273 -0.510230541 -0.686666131
vn 0.583416462 -0.489146054 -0.648352802
vn 0.618655205 0.785440862 -0.018664496
vn 0.598611593 0.800951481 -0.0118686697
vn 0.598489702 0.799277246 -0.0544610731
vn 0.598797739 0.799044847 -0.0544849746
vn 0.598985672 0.792460442 -0.114989586
vn 0.598984599 0.792461276 -0.114989564
vn 0.599212527 0.781601787 -0.173328996
vn 0.599262834 0.78156364 -0.173327178
vn 0.599569738 0.766714096 -0.229489908
vn 0.600058556 0.766344905 -0.229445338
vn 0.600466847 0.747729361 -0.283443749
vn 0.601745546 0.746771216 -0.283257902
vn 0.602258444 0.724654377 -0.334904164
vn 0.60411042 0.723281801 -0.334535539
vn 0.604741752 0.697086692 -0.385172158
vn 0.606836915 0.695557892 -0.384640336
vn 0.607564628 0.664716482 -0.434761107
vn 0.609698236 0.663193643 -0.434099376
vn 0.610464394 0.62732631 -0.483523458
vn 0.612448931 0.625952542 -0.482793629
vn 0.613174856 0.584693253 -0.531178296
vn 0.614829421 0.583594561 -0.53047353
vn 0.615438342 0.537837088 -0.576165676
vn 0.616657257 0.537069678 -0.575577974
vn 0.617124856 0.489046603 -0.616433561
vn 0.617914081 0.488580227 -0.616012573
vn 0.618279099 0.438613623 -0.652187884
vn 0.618715048 0.438374549 -0.65193516
vn 0.619011521 0.386631757 -0.683623135
vn 0.619188249 0.386542946 -0.683513343
vn 0.619443357 0.333094627 -0.71087122
vn 0.619460225 0.333086967 -0.710860133
vn 0.619684279 0.277364522 -0.734207273
vn 0.619744837 0.277340174 -0.73416537
vn 0.619930089 0.219730973 -0.753262877
vn 0.619975924 0.219715059 -0.753229797
vn 0.620122731 0.161200464 -0.767764449
vn 0.619999766 0.161236212 -0.76785624
vn 0.620113492 0.101759441 -0.777884483
vn 0.620043516 0.101775698 -0.777938128
vn 0.620140314 0.0429651961 -0.783313453
vn 0.617668092 0.0433894806 -0.785241067
vn 0.617710888 -0.0198624246 -0.786154389
vn 0.619452715 -0.0200566072 -0.784777701
vn 0.619232476 -0.0792822689 -0.781194925
vn 0.619555891 -0.0792982653 -0.780936837
vn 0.619030178 -0.138731226 -0.773016989
vn 0.619187117 -0.138729304 -0.772891641
vn 0.618304372 -0.197668314 -0.760675311
vn 0.618799627 -0.19763203 -0.76028192
vn 0.617523432 -0.255870491 -0.743770838
vn 0.618533611 -0.255735308 -0.7429775
vn 0.616851091 -0.312777162 -0.722263932
vn 0.617953479 -0.312563717 -0.721413493
vn 0.615899384 -0.367729038 -0.696737647
vn 0.617228389 -0.367394865 -0.695737123
vn 0.614814937 -0.420669347 -0.667113066
vn 0.616562188 -0.420132369 -0.665837705
vn 0.614675641 -0.45895651 -0.641508162
vn 0.615505695 -0.458756596 -0.640855014
vn 0.61597836 -0.447319865 -0.648440897
vn 0.632473707 -0.465083659 -0.619414389
vn 0.684176743 0.729236305 -0.0107986089
vn 0.688515902 0.725117981 -0.0122386217
vn 0.688371778 0.723678172 -0.0493372679
vn 0.688539207 0.723518014 -0.0493501946
vn 0.688695014 0.717536569 -0.104117654
vn 0.688710868 0.71752131 -0.104117729
vn 0.688900411 0.70765841 -0.156958088
vn 0.6890679 0.707497716 -0.156946927
vn 0.689320028 0.694002867 -0.207841083
vn 0.689905822 0.693444431 -0.207761317
vn 0.690234423 0.676516593 -0.256713331
vn 0.691509247 0.675312519 -0.25645256
vn 0.691912234 0.655221999 -0.303218752
vn 0.693819523 0.65344274 -0.302699596
vn 0.694310129 0.629704475 -0.348433197
vn 0.696541965 0.627657294 -0.347671747
vn 0.697106481 0.599774957 -0.392826349
vn 0.699424624 0.597697496 -0.391870975
vn 0.700018048 0.565349281 -0.43629685
vn 0.702179372 0.563473225 -0.435249388
vn 0.70274061 0.526343465 -0.478662968
vn 0.704522371 0.524862349 -0.47766909
vn 0.704996943 0.483734876 -0.51863265
vn 0.706296206 0.482713103 -0.517816365
vn 0.706667066 0.439569265 -0.55443716
vn 0.707564831 0.438908249 -0.553815424
vn 0.707856655 0.39404124 -0.586234093
vn 0.708421469 0.393656433 -0.585810244
vn 0.708659232 0.347206742 -0.614206433
vn 0.70898217 0.347005755 -0.613947332
vn 0.709187686 0.299030244 -0.638462007
vn 0.709401071 0.298910767 -0.638280869
vn 0.709583402 0.248898312 -0.659197271
vn 0.709833562 0.248774901 -0.658974469
vn 0.709987044 0.197112054 -0.676066041
vn 0.710154772 0.197041094 -0.675910532
vn 0.710280538 0.144588858 -0.688909054
vn 0.710302353 0.144581199 -0.688888133
vn 0.710402548 0.0912399814 -0.697856307
vn 0.710400283 0.0912406147 -0.697858572
vn 0.710499883 0.0390182473 -0.702614725
vn 0.708984792 0.0393191203 -0.704126835
vn 0.709024429 -0.0181497931 -0.704950333
vn 0.710119009 -0.0182824153 -0.703844249
vn 0.709938884 -0.0710853338 -0.700666547
vn 0.710199118 -0.0710963085 -0.700401723
vn 0.709755957 -0.124307647 -0.693393171
vn 0.709946394 -0.124300703 -0.693199456
vn 0.709165692 -0.177208796 -0.682408273
vn 0.709665656 -0.17715168 -0.681903183
vn 0.708500624 -0.229522705 -0.667342603
vn 0.709412217 -0.229348317 -0.666433573
vn 0.707851708 -0.280653268 -0.648212731
vn 0.708909929 -0.280370444 -0.647177815
vn 0.706989408 -0.330095947 -0.625461996
vn 0.708277643 -0.329657078 -0.624234736
vn 0.706012726 -0.377808452 -0.599004865
vn 0.707608163 -0.377151996 -0.59753412
vn 0.705841243 -0.412250549 -0.5760535
vn 0.706624031 -0.41198191 -0.575285494
vn 0.705897808 -0.425213546 -0.566481829
vn 0.692255735 -0.393817544 -0.604722857
vn 0.27551049 0.961197555 -0.0139011415
vn 0.296310693 0.954930246 -0.0175550077
vn 0.296270072 0.952897131 -0.0648931041
vn 0.296428263 0.952847004 -0.0649066046
vn 0.29666239 0.945069969 -0.137237459
vn 0.296382487 0.94516027 -0.137220398
vn 0.296665043 0.932314932 -0.206830159
vn 0.296310216 0.932430685 -0.206817061
vn 0.296695948 0.914902031 -0.273725659
vn 0.296625048 0.914925337 -0.273724705
vn 0.297159076 0.892997742 -0.338011056
vn 0.297739506 0.892806709 -0.338005036
vn 0.298451543 0.866675794 -0.399749577
vn 0.299330473 0.866386473 -0.399719596
vn 0.300226271 0.835287571 -0.460607052
vn 0.301092178 0.835003853 -0.460556298
vn 0.302126646 0.798240662 -0.521086693
vn 0.302978933 0.797964334 -0.521015108
vn 0.304070413 0.755020142 -0.58093524
vn 0.304856628 0.754769742 -0.580848575
vn 0.305893689 0.705144882 -0.63968724
vn 0.306552887 0.704940617 -0.63959682
vn 0.307397693 0.649730086 -0.695239127
vn 0.307793468 0.64961189 -0.695174515
vn 0.308411866 0.591567576 -0.744936168
vn 0.308566779 0.591523409 -0.744907141
vn 0.309036762 0.531049371 -0.788975835
vn 0.308991134 0.531061709 -0.788985372
vn 0.309369862 0.468385667 -0.827589989
vn 0.309162736 0.468438148 -0.827637672
vn 0.309483349 0.403663516 -0.860973775
vn 0.30907473 0.403759539 -0.861075521
vn 0.309344739 0.336265266 -0.889511943
vn 0.309029073 0.336333156 -0.889595985
vn 0.309235841 0.266494125 -0.912882268
vn 0.309024364 0.266535074 -0.912941933
vn 0.309170127 0.195507869 -0.930693567
vn 0.308856338 0.195561618 -0.930786431
vn 0.308955759 0.123466358 -0.943028331
vn 0.308778644 0.123492561 -0.943082869
vn 0.308817774 0.0506446064 -0.949771941
vn 0.305823326 0.051013276 -0.950720668
vn 0.305859268 -0.0230068266 -0.951798737
vn 0.308013231 -0.0232198313 -0.95109868
vn 0.307716757 -0.0960743055 -0.9466151
vn 0.308221877 -0.0961111411 -0.946447015
vn 0.307632923 -0.168388084 -0.936486781
vn 0.307842195 -0.168397903 -0.936416209
vn 0.307039052 -0.239614025 -0.921038628
vn 0.307504475 -0.239623815 -0.920880795
vn 0.306512892 -0.309730291 -0.900065005
vn 0.30738166 -0.30972603 -0.899770141
vn 0.306195647 -0.378409624 -0.873527527
vn 0.306906283 -0.37838769 -0.873287618
vn 0.305527568 -0.444458544 -0.842086375
vn 0.306342691 -0.444412738 -0.841814399
vn 0.304745823 -0.507810831 -0.805765569
vn 0.305973768 -0.507711351 -0.805362821
vn 0.304704577 -0.55396843 -0.774773538
vn 0.305153072 -0.553963065 -0.774600863
vn 0.304552197 -0.572636724 -0.761140645
vn 0.283351004 -0.534179986 -0.796469688
vn 0.200511396 0.979499161 -0.0194050036
vn 0.181702331 0.983250439 -0.0142431194
vn 0.18174158 0.981071949 -0.0668413937
vn 0.181729704 0.981074274 -0.0668403208
vn 0.181957528 0.973091662 -0.141365126
vn 0.181631505 0.973156095 -0.141340613
vn 0.181907728 0.959963679 -0.213024274
vn 0.181496322 0.960047066 -0.212999433
vn 0.181873277 0.942053676 -0.281881154
vn 0.181622684 0.942105412 -0.281869739
vn 0.182148919 0.919608057 -0.34805575
vn 0.182299048 0.919576585 -0.348060369
vn 0.183014333 0.892747462 -0.411713123
vn 0.183287799 0.892689407 -0.411717355
vn 0.184195027 0.860731125 -0.474567324
vn 0.184396565 0.860688031 -0.474567235
vn 0.185444131 0.822883606 -0.537096858
vn 0.18561545 0.822846889 -0.537093937
vn 0.18672049 0.778645754 -0.599037766
vn 0.186866567 0.778614581 -0.59903276
vn 0.187916353 0.727485716 -0.65988785
vn 0.188040078 0.727459669 -0.659881353
vn 0.188884735 0.670531332 -0.717433155
vn 0.188863993 0.670535624 -0.717434585
vn 0.189469367 0.610661149 -0.768891633
vn 0.189336687 0.610687733 -0.768903196
vn 0.189791873 0.548285246 -0.814470589
vn 0.189591914 0.54832387 -0.814491153
vn 0.189956665 0.483636111 -0.854407728
vn 0.189695865 0.483684331 -0.854438365
vn 0.190002963 0.416816413 -0.888911128
vn 0.189622208 0.4168832 -0.888961077
vn 0.189876273 0.347218633 -0.918360591
vn 0.189529255 0.347275794 -0.918410659
vn 0.189715132 0.27518782 -0.942485988
vn 0.189519063 0.275217801 -0.942516685
vn 0.189641446 0.201882213 -0.960874438
vn 0.189385608 0.201918125 -0.960917354
vn 0.189461842 0.127500653 -0.973574758
vn 0.189333186 0.127516985 -0.973597646
vn 0.189343795 0.0520453937 -0.98053056
vn 0.1872271 0.0522833876 -0.980924308
vn 0.187258452 -0.0235510096 -0.982028306
vn 0.188844338 -0.023706574 -0.981720865
vn 0.188540772 -0.0991612375 -0.977046251
vn 0.189013556 -0.0992001668 -0.976950943
vn 0.188476235 -0.173858747 -0.966566026
vn 0.188762009 -0.173877731 -0.966506839
vn 0.188119605 -0.247345418 -0.950489998
vn 0.188541397 -0.247366652 -0.950400889
vn 0.187846258 -0.319646686 -0.92873019
vn 0.188471928 -0.319667965 -0.928596079
vn 0.187726364 -0.390498549 -0.901260078
vn 0.188118979 -0.390505403 -0.901175201
vn 0.187302515 -0.458559155 -0.868700922
vn 0.187748492 -0.458559722 -0.868604362
vn 0.186815694 -0.52377063 -0.831122279
vn 0.187602088 -0.523758948 -0.830952466
vn 0.186844006 -0.571374297 -0.799137533
vn 0.187057108 -0.571386397 -0.799079001
vn 0.187035382 -0.572642624 -0.798184276
vn 0.199048653 -0.589172482 -0.783106267
vn 0.335165501 0.942067087 -0.0131792556
vn 0.403185487 0.915003121 -0.0145154325
vn 0.403113306 0.91303581 -0.0621713549
vn 0.403407872 0.912904084 -0.0621954538
vn 0.403636754 0.905429542 -0.131433219
vn 0.403458685 0.905510128 -0.131424755
vn 0.403734624 0.89317131 -0.198099434
vn 0.403493345 0.893281043 -0.198096082
vn 0.403869241 0.876432478 -0.262213171
vn 0.404013693 0.876366735 -0.262210429
vn 0.404528737 0.855275691 -0.323820889
vn 0.405441105 0.854861498 -0.323773623
vn 0.406114817 0.829749823 -0.382865518
vn 0.407469779 0.8291381 -0.382751077
vn 0.408311397 0.799290776 -0.440926433
vn 0.409723043 0.798659921 -0.440759927
vn 0.410695195 0.763409615 -0.4985331
vn 0.412092388 0.762795508 -0.498320073
vn 0.41311723 0.721666873 -0.555455744
vn 0.414417148 0.721109331 -0.555211425
vn 0.415391058 0.673642576 -0.611274004
vn 0.416488081 0.67318809 -0.611028194
vn 0.417289972 0.620429575 -0.664030313
vn 0.418044955 0.620130539 -0.663834691
vn 0.418642014 0.56469357 -0.711238384
vn 0.41904965 0.564540684 -0.711119652
vn 0.419508189 0.50680685 -0.753100038
vn 0.419634789 0.506762385 -0.753059447
vn 0.420004755 0.446941108 -0.789835215
vn 0.419885427 0.446980029 -0.78987664
vn 0.420200318 0.385168225 -0.821630776
vn 0.419886827 0.385261863 -0.821747124
vn 0.420156389 0.320839465 -0.848840773
vn 0.419904113 0.320907384 -0.848939955
vn 0.420117021 0.254255742 -0.871123254
vn 0.419961691 0.254292667 -0.871187329
vn 0.420119196 0.186533645 -0.88809067
vn 0.419816822 0.186595723 -0.888220608
vn 0.419930309 0.117788948 -0.899880171
vn 0.419745684 0.117820621 -0.899962127
vn 0.419809878 0.0486855581 -0.906305373
vn 0.416495353 0.049136091 -0.907809019
vn 0.416535318 -0.0222316533 -0.90884769
vn 0.418887347 -0.022469772 -0.907760143
vn 0.41860801 -0.0917064697 -0.903524935
vn 0.419073671 -0.0917365476 -0.903305948
vn 0.418471009 -0.160657108 -0.893907905
vn 0.418624878 -0.160661429 -0.893835068
vn 0.417727917 -0.228691176 -0.879320025
vn 0.418229163 -0.228687093 -0.879082799
vn 0.417038858 -0.295720041 -0.859434843
vn 0.418038785 -0.295675784 -0.858964145
vn 0.416544408 -0.361336738 -0.834222078
vn 0.417473257 -0.361262262 -0.833789945
vn 0.415692449 -0.424522132 -0.804351151
vn 0.416783601 -0.424396604 -0.803852558
vn 0.414708972 -0.485207349 -0.769798875
vn 0.416247755 -0.484978169 -0.769112468
vn 0.414613307 -0.52932018 -0.740213454
vn 0.415253073 -0.529267848 -0.739892125
vn 0.414409041 -0.549056113 -0.72581166
vn 0.517035127 -0.511989415 -0.685960293
vn -0.708963931 -0.687847316 -0.155679762
vn -0.715982974 -0.67729789 -0.169221655
vn -0.715166688 -0.680307508 -0.160369158
vn -0.715948522 -0.687240481 -0.122956432
vn -0.725980878 -0.673274338 -0.140190586
vn -0.714974463 -0.690800786 -0.1077305
vn -0.71365571 -0.699300289 -0.040922042
vn -0.699290991 -0.708203495 -0.0971592218
vn -0.69381249 -0.717757642 -0.0587213077
vn -0.659349799 -0.751718581 -0.013304309
vn -0.667510509 -0.743632853 -0.0379466489
vn -0.634665787 -0.772786677 0.000259704189
vn -0.653875291 -0.756137073 -0.0265286192
vn -0.616686225 -0.787066817 0.0149649167
vn -0.631629288 -0.775068164 -0.0177141782
vn -0.581434011 -0.813401461 0.017680455
vn -0.565363824 -0.824125409 0.0343669578
vn -0.591454744 -0.806307912 -0.00699152239
vn -0.520318389 -0.85343945 0.0301636755
vn -0.558760643 -0.829146206 -0.0174099263
vn -0.500892758 -0.864005864 0.0509936847
vn -0.542684853 -0.839928687 -0.0036015592
vn -0.462775648 -0.885856867 0.0331102721
vn -0.435221821 -0.898362339 0.0593888164
vn -0.48513025 -0.874294817 -0.0160381496
vn -0.396029353 -0.917623341 0.0335871316
vn -0.378495872 -0.924412489 0.0469301157
vn -0.348188341 -0.934017301 0.0798534304
vn -0.40998444 -0.910160899 -0.0593289584
vn -0.280983269 -0.957036734 0.0716178641
vn -0.348225951 -0.935272574 -0.0632767007
vn -0.294734061 -0.955496132 -0.0126073351
vn -0.21493271 -0.976625323 0.00262009306
vn -0.241410121 -0.970354676 -0.0115299309
vn -0.188144878 -0.982140839 -0.000958268938
vn -0.207325444 -0.978230298 -0.00903320126
vn -0.138166919 -0.99040705 -0.00195205119
vn -0.154369622 -0.987825871 -0.0192384124
vn -0.1088911 -0.994039953 -0.00522713223
vn -0.0948270857 -0.99548161 -0.00491302321
vn -0.0748966709 -0.997190893 -0.000904648099
vn -0.0585899465 -0.998268664 -0.00518721901
vn -0.0269919373 -0.999630511 0.00321066706
vn -0.0156872161 -0.999875903 -0.00146486075
vn 0.00125466986 -0.999999225 -0.000104955892
vn 0.762213111 -0.621415913 -0.181310236
vn 0.0360153168 -0.683145583 -0.729393542
vn 0.762218356 -0.53832221 -0.359489083
vn 0.689065933 -0.522705615 -0.501963079
vn 0.0312342886 -0.963008523 -0.267654687
vn 0.129975751 -0.953695834 -0.271238923
vn 0.294124544 -0.896211207 -0.332108706
vn 0.187489584 -0.921088696 -0.341237813
vn 0.185040191 -0.921334922 -0.341909468
vn -0.0048163468 -0.937525749 -0.347882569
vn 0.0150418142 -0.938493311 -0.3449696
vn 0.355262905 -0.898475468 -0.257934272
vn 0.296053976 -0.918093622 -0.263545364
vn 0.282340169 -0.921762705 -0.265777171
vn 0.235534728 -0.93419987 -0.267944038
vn 0.176703751 -0.945843875 -0.272314399
vn 0.172943905 -0.946578979 -0.272173911
vn 0.0953752771 -0.956913531 -0.274262756
vn 0.479988158 -0.843327403 -0.241682038
vn 0.472488195 -0.847477853 -0.241942599
vn 0.563471317 -0.794363737 -0.226906016
vn 0.561813116 -0.795498431 -0.227042437
vn 0.743772149 -0.617175996 -0.256703734
vn 0.706959784 -0.655693948 -0.265091211
vn 0.653310239 -0.702149689 -0.283145785
vn 0.662525594 -0.694179416 -0.281380057
vn 0.565186679 -0.764842212 -0.309160799
vn 0.577830851 -0.756054044 -0.307398438
vn 0.476707757 -0.814527273 -0.330597997
vn 0.489696771 -0.80728966 -0.329363734
vn 0.385006428 -0.854663312 -0.348311245
vn 0.407513082 -0.659806073 -0.631339073
vn 0.506206512 -0.622804224 -0.596548319
vn 0.509594321 -0.621927977 -0.594574809
vn 0.59996897 -0.577849329 -0.553287804
vn 0.513411999 -0.543415964 -0.664159
vn 0.581591606 -0.515020549 -0.629686475
vn 0.606914759 -0.505299926 -0.613454461
vn 0.630651236 -0.490598083 -0.601325631
vn 0.688907743 -0.458700329 -0.56124872
vn 0.784231961 -0.377922028 -0.492092639
vn 0.591750503 -0.653732002 -0.471662849
vn 0.677982986 -0.595434606 -0.431041449
vn 0.679349303 -0.59463501 -0.429992765
vn 0.767064095 -0.518813074 -0.37741977
vn 0.717563808 -0.554446399 -0.421534538
vn 0.762810886 -0.407987744 -0.501662791
vn 0.781544805 -0.401198596 -0.477731586
vn 0.776810288 -0.453228384 -0.437206805
vn 0.705257177 -0.495013297 -0.507517636
vn 0.774142206 -0.472723544 -0.420994431
vn 0.306647539 -0.661330879 -0.684550047
vn 0.197907716 -0.681186557 -0.70485276
vn 0.127231061 -0.615602314 -0.777718484
vn 0.0650900379 -0.629488528 -0.7742787
vn 0.139104694 -0.624666095 -0.768402338
vn 0.0680191368 -0.723892868 -0.686551213
vn 0.0695599318 -0.692148626 -0.718395233
vn 0.194187537 -0.680545568 -0.706504762
vn 0.197119996 -0.62001729 -0.759422302
vn 0.198147163 -0.619746566 -0.759375989
vn 0.281120837 -0.606421351 -0.743790448
vn 0.310255885 -0.603658974 -0.734395742
vn 0.337920129 -0.595757961 -0.728616774
vn 0.414445639 -0.576020598 -0.704581499
vn 0.414287359 -0.576094091 -0.70461446
vn 0.515013278 -0.543111384 -0.663167655
vn 0.0683548003 -0.823317528 -0.563449919
vn 0.0710350946 -0.823814154 -0.56239152
vn 0.0671884343 -0.854328394 -0.515372396
vn 0.180688083 -0.867138803 -0.464135915
vn 0.200645506 -0.792056322 -0.576531172
vn 0.329429835 -0.779653549 -0.532556355
vn 0.194040671 -0.773029387 -0.603965104
vn 0.0717150271 -0.78605926 -0.613977015
vn 0.0684668571 -0.785386324 -0.615207791
vn 0.310499579 -0.768383145 -0.559622467
vn 0.301444888 -0.771901846 -0.559730768
vn 0.409118593 -0.73845619 -0.536007822
vn 0.497165143 -0.702809095 -0.508808613
vn 0.401480347 -0.742220998 -0.536583185
vn 0.413712114 -0.656809628 -0.630431116
vn 0.312357247 -0.685565114 -0.657596767
vn 0.446449161 -0.666442573 -0.597107589
vn 0.19843033 -0.730365932 -0.653598487
vn 0.194264829 -0.729776502 -0.655505478
vn 0.0715723187 -0.742126405 -0.666427612
vn 0.090405263 -0.746302426 -0.659438848
vn 0.734217346 -0.653093398 -0.185456023
vn 0.675484359 -0.709433794 -0.201058537
vn 0.648480237 -0.731898665 -0.209279001
vn 0.634585381 -0.743357062 -0.21147497
vn 0.606595039 -0.76469326 -0.217455015
vn 0.404709995 -0.879075527 -0.251865089
vn 0.37969929 -0.888867915 -0.256402522
vn 0.396826684 -0.849501073 -0.347672999
vn 0.431662351 -0.834796488 -0.341734529
vn 0.294827431 -0.871016085 -0.392947495
vn 0.193931684 -0.894284725 -0.403293103
vn 0.188275144 -0.894774258 -0.404884547
vn 0.101382233 -0.906388402 -0.410099655
vn 0.495323658 -0.758706868 -0.423105627
vn 0.578063011 -0.712339461 -0.398014545
vn 0.583381653 -0.709696412 -0.394964337
vn 0.666773319 -0.65071702 -0.363291502
vn 0.670044243 -0.648594618 -0.36106199
vn 0.759845555 -0.567198813 -0.317679524
vn 0.756810725 -0.569832206 -0.320201159
vn 0.0655358285 -0.904889584 -0.42057094
vn 0.0726228431 -0.867948592 -0.491315722
vn 0.198490828 -0.852882683 -0.482900083
vn 0.19005318 -0.855215728 -0.48216784
vn 0.306518435 -0.829047203 -0.467682809
vn 0.297791451 -0.832390487 -0.467382401
vn 0.403370678 -0.797686279 -0.448317647
vn 0.395182043 -0.801703513 -0.448444724
vn 0.488635451 -0.761211276 -0.426371604
vn 0.502596259 -0.701036632 -0.505909741
vn 0.58837986 -0.655221224 -0.473808259
vn 0.600558877 -0.577635586 -0.55287081
vn 0.690015256 -0.522240818 -0.501142204
vn 0.696304023 -0.455405295 -0.554767311
vn 0.729990125 -0.431407809 -0.530095935
vn -2.33590143e-07 0.581252575 -0.813723207
vn -0.000235284853 -0.373187482 -0.927755892
vn 7.62499258e-06 -0.577819407 -0.816164672
vn -0.000597555132 -0.573121309 -0.819470286
vn -0.000987312058 -0.499827236 -0.86612457
vn 0.000312412041 -0.531677485 -0.846946836
vn -9.86302548e-05 -0.550588369 -0.834776878
vn 0.000191024985 -0.57928586 -0.815124452
vn 4.63963624e-06 -0.580907643 -0.813969493
vn 0.000305818627 -0.387076348 -0.922047615
vn -0.000361615937 -0.422437608 -0.906391919
vn -0.000597671606 -0.427847266 -0.903850853
vn 2.65124145e-05 -0.446958959 -0.894554436
vn -4.89958875e-05 -0.48499459 -0.874517143
vn 1.30337748e-05 -0.225521758 -0.974238157
vn 1.30322651e-05 -0.246046439 -0.96925801
vn -0.000647277688 -0.278342158 -0.960481763
vn -0.000341245788 -0.282855809 -0.959162414
vn 0.000201362214 -0.335121244 -0.942174971
vn -1.95100911e-05 -0.330123961 -0.9439376
vn -1.95050779e-05 -0.356052995 -0.934465766
vn -0.000803505711 -0.0406943038 -0.999171317
vn 0.000279963599 -0.0716356561 -0.997430801
vn -0.000176677422 -0.100204818 -0.994966805
vn 9.7921793e-07 -0.108559601 -0.994089961
vn 9.79443598e-07 -0.140550852 -0.990073442
vn -0.000240763242 -0.134900481 -0.990859151
vn 0.000519794354 -0.19934015 -0.979930222
vn -0.00144448609 -0.176872447 -0.984232724
vn -0.000355720345 -0.208965793 -0.977922857
vn -0.000150215754 0.10019999 -0.994967282
vn 0.000391000882 0.0790313184 -0.996872067
vn -0.00117050076 0.0270166118 -0.999634326
vn -0.00012732399 0.0406901576 -0.999171793
vn 1.03159698e-06 0.00176671578 -0.99999845
vn 1.03184857e-06 -0.0226620995 -0.999743164
vn 1.01890582e-05 0.239740029 -0.970837116
vn 1.01877931e-05 0.224398881 -0.974497378
vn -0.000604008965 0.199337229 -0.979930758
vn 7.40657997e-05 0.186108634 -0.982529163
vn -3.89902707e-05 0.140546396 -0.990074098
vn 3.12293582e-06 0.139502183 -0.990221739
vn 3.12234056e-06 0.113337465 -0.993556559
vn 7.51763309e-06 0.427843899 -0.903852642
vn -0.00083947822 0.438976437 -0.898498178
vn 0.000930172857 0.37318328 -0.927757204
vn -0.000699466094 0.393990695 -0.919114172
vn -5.18485308e-07 0.359581053 -0.933113873
vn -5.1843125e-07 0.335117847 -0.942176223
vn 4.05969113e-05 0.333899677 -0.942608595
vn -0.000106604035 0.278337628 -0.960483313
vn -0.00121509493 0.291251093 -0.956645846
vn -9.28324007e-05 0.254154056 -0.967163742
vn 2.82831888e-06 0.580952585 -0.813937426
vn -1.55629095e-05 0.581112802 -0.813822985
vn -2.92982495e-05 0.550583541 -0.834780097
vn 0.000347929687 0.538521767 -0.842611492
vn -0.00087931368 0.499823719 -0.866126716
vn -0.000283046014 0.491593391 -0.870824814
vn 1.90637038e-05 0.463295311 -0.886203945
vn 0.000269406562 0.999991715 0.00406240113
vn -0.00906798616 0.999643981 0.0250923932
vn 0.000267370284 0.999974489 0.00713742897
vn 0.0173410196 0.99936372 0.0311688893
vn 0.0458629504 0.997779429 0.0482985862
vn -0.00307741039 0.999776006 0.0209390428
vn 0.000274449645 0.987327278 0.15869692
vn 0.00143781665 0.98861444 0.150463909
vn -0.00146823295 0.991829753 0.127560318
vn 0.00116158684 0.993137062 0.116950527
vn -0.00109828066 0.995374203 0.0960676
vn 0.00215465389 0.996312141 0.0857758522
vn 7.95147862e-05 0.997898936 0.0647896528
vn 0.00117781281 0.998125494 0.0611887127
vn 0.00117790489 0.998954356 0.0457040519
vn -0.000777677807 0.974345028 0.225058258
vn 0.00961342361 0.974983096 0.222070917
vn 0.0535027981 0.978364348 0.199851483
vn -0.00243244437 0.979508936 0.20138599
vn -0.0318065397 0.984269977 0.17378436
vn -0.00158924586 0.980412483 0.196948826
vn 0.000272392557 0.979694128 0.200497612
vn 0.111148901 0.977417171 0.179726556
vn -2.90867301e-05 -0.99978888 0.0205487497
vn 0.0366899446 -0.998516619 0.0402295031
vn 0.000732307963 -0.978773177 0.204945073
vn 0.000732410932 -0.984142601 0.177377447
vn 0.0664290413 -0.988198638 0.138024166
vn 0.0435529687 -0.990338027 0.13165769
vn -0.0193642192 -0.997139752 0.0730570853
vn 4.29437108e-07 -0.957470775 0.288530201
vn 0.0679892674 -0.965420663 0.251675248
vn 0.0859391391 -0.962694287 0.256581753
vn 0.0217953511 -0.972959518 0.229945078
vn 0.000778540096 -0.917821407 0.396992773
vn 0.0674861223 -0.92974931 0.361955613
vn 0.0267747212 -0.936057091 0.350827903
vn 4.70045762e-07 -0.948821008 0.315814346
vn -0.00573048275 -0.866222382 0.499625802
vn 0.0713221356 -0.881260335 0.467218816
vn 0.0176040884 -0.892529666 0.45064494
vn 0.000778126938 -0.90681237 0.421533793
vn 0.000384195475 -0.816054583 0.577974737
vn 0.0114384508 -0.835852444 0.548835039
vn 0.0236857831 -0.832925498 0.552878022
vn 1.40954817e-05 -0.815972626 0.578090489
vn 0.775820434 -0.49896124 0.386186868
vn 0.767888308 -0.511464655 0.385683089
vn 0.76849103 -0.509768963 0.386726201
vn 0.767288089 -0.515034437 0.382110626
vn 0.766674995 -0.519948244 0.376647472
vn 0.759646475 -0.539685845 0.362872422
vn 0.759625554 -0.539495707 0.363198876
vn 0.74689585 -0.563795984 0.352534652
vn 0.750410616 -0.579979658 0.317029238
vn 0.723913252 -0.623820543 0.294614196
vn 0.736536205 -0.60111171 0.310127586
vn 0.730537593 -0.588047743 0.347152293
vn 0.711542964 -0.663713276 0.23063232
vn 0.720047414 -0.648621142 0.246621922
vn 0.715018153 -0.648388147 0.261422873
vn 0.725349844 -0.629953027 0.277537107
vn 0.723648369 -0.623626173 0.295674562
vn 0.708447695 -0.694583714 0.12512131
vn 0.703004181 -0.695867121 0.146812961
vn 0.702476978 -0.696555793 0.14606902
vn 0.708768606 -0.686401069 0.162789986
vn 0.70581001 -0.683541596 0.186019301
vn 0.703859985 -0.686135948 0.183843955
vn 0.714713335 -0.667230904 0.209732622
vn 0.710377634 -0.673395753 0.204699367
vn 0.712443888 -0.665059388 0.223874375
vn 0.706962109 -0.706949413 0.0206662863
vn 0.706532657 -0.697694123 0.118467219
vn 0.706810772 -0.700622916 0.0977039412
vn 0.709520221 -0.698571444 0.0926227197
vn 0.703673363 -0.707717896 0.0630807951
vn 0.710938036 -0.701385498 0.0512391105
vn 0.702232659 -0.711787045 0.0151175056
vn 0.707125068 0.707083166 0.00274632568
vn 0.707359135 0.685011029 0.174364403
vn 0.707970798 0.683551967 0.177578509
vn 0.708153486 0.683304071 0.17780377
vn 0.706959307 0.686913431 0.168399736
vn 0.711286128 0.686445594 0.151210055
vn 0.703838825 0.695813596 0.143018723
vn 0.709811747 0.693671227 0.122423515
vn 0.708063841 0.694834828 0.125897571
vn 0.70937264 0.69681865 0.105991751
vn 0.707120955 0.707072198 0.00537408283
vn 0.709304869 0.704888582 0.00432679011
vn 0.70230782 0.711512625 0.0226595737
vn 0.711643636 0.702322364 0.0175091568
vn 0.705143929 0.708178163 0.0354357325
vn 0.707107604 0.706372082 0.0322078839
vn 0.705688 0.706961036 0.0470162928
vn 0.710625529 0.702258348 0.0429479107
vn 0.701289117 0.709618866 0.0680783391
vn 0.712397575 0.69919759 0.0601040199
vn 0.704610169 0.704369485 0.0859543532
vn 0.707556248 0.701816738 0.0825676396
vn 0.709630191 0.697725415 0.0980010554
vn 0.705024242 0.700356662 0.111540847
vn 0 0.976842403 0.213959947
vn 0.0369637497 0.978554368 0.202644944
vn 0.000557723863 0.983754635 0.179517344
vn 0.0449648611 0.989763677 0.135447472
vn 0.0322532617 0.98970598 0.139433846
vn 0.000557713734 0.987425148 0.158086225
vn 0.000571373152 0.998762071 0.0497391559
vn 0.000571433397 0.997816086 0.0660512373
vn 0.0483363569 0.995770574 0.0781313553
vn -0.00807880703 0.995410204 0.0953584984
vn 0.00706209708 0.992584109 0.121354364
vn 0.0150976209 0.999381602 0.03175731
vn 0.0562863722 0.998113692 0.0245142579
vn -9.56277177e-07 0.999967098 0.00810834393
vn 0.631984293 -0.769985557 -0.0878526717
vn 0.720824301 -0.692401946 -0.031493444
vn 0.0209740717 -0.979982793 -0.197974339
vn 0.0620126724 -0.993763506 -0.0926740915
vn -0.0646991879 -0.99762392 -0.0236756112
vn 0.078746222 -0.996797681 -0.0139078656
vn 0.182340458 -0.983109713 -0.0157254003
vn 0.199867055 -0.979712307 -0.014728222
vn 0.269563228 -0.962873399 -0.0145096285
vn 0.300158381 -0.953764796 -0.0154172182
vn 0.327087313 -0.944888234 -0.0141471699
vn 0.412967145 -0.910642207 -0.0137451533
vn 0.3999843 -0.916401029 -0.0148882642
vn 0.522006452 -0.852866113 -0.0113421446
vn 0.512999237 -0.858299017 -0.0124317287
vn 0.625684381 -0.779981732 -0.0121472608
vn 0.629205525 -0.777149558 -0.0117881382
vn 0.702919304 -0.711198688 -0.0100441193
vn 0.728413582 -0.68503505 -0.0118591767
vn 0.691282272 -0.722501338 -0.0109846983
vn 0.715560913 -0.696784317 -0.0496403612
vn 0.732834101 -0.672101378 -0.105990343
vn 0.711220324 -0.69652915 -0.0949355513
vn 0.638151407 -0.764946699 -0.0872889012
vn 0.672702491 -0.735440552 -0.0812313035
vn 0.71659869 -0.694831967 -0.0607852601
vn 0.729824543 -0.665687025 -0.155617863
vn 0.716496348 -0.681099832 -0.15078482
vn 0.668725431 -0.726112723 -0.159895554
vn 0.626137376 -0.762566447 -0.1626174
vn 0.643677354 -0.747657776 -0.163362473
vn 0.598695993 -0.782207489 -0.17237924
vn 0.539570451 -0.822248161 -0.181029454
vn 0.554145694 -0.81373173 -0.175394595
vn 0.470795095 -0.861111999 -0.191932499
vn 0.42775178 -0.883332133 -0.191710144
vn 0.394747913 -0.89712584 -0.19834137
vn 0.345030069 -0.916474044 -0.202557653
vn 0.311710179 -0.928320944 -0.202625215
vn 0.285922498 -0.935476661 -0.207681835
vn 0.225521147 -0.951086402 -0.211127669
vn 0.190166667 -0.958959043 -0.210319176
vn 0.163238719 -0.96293205 -0.214743987
vn 0.527261972 -0.845729887 -0.08207196
vn 0.417611837 -0.904380143 -0.0877318308
vn 0.416408658 -0.904914081 -0.0879453123
vn 0.303902 -0.948235452 -0.0921578705
vn 0.301977903 -0.948821247 -0.0924530998
vn 0.185155421 -0.978075266 -0.0953217521
vn 0.182658926 -0.978511333 -0.0956622809
vn 0.0908199698 -0.991140783 -0.0969109237
vn -0.00303958752 -0.991290033 -0.131661698
vn 0.753711283 -0.644578457 -0.128210455
vn 0.692088008 -0.711044192 -0.124219157
vn 0.638469696 -0.758199871 -0.132247508
vn 0.638626754 -0.75806731 -0.132249251
vn 0.533157885 -0.833467364 -0.145171821
vn 0.534816027 -0.832395375 -0.145223066
vn 0.421173215 -0.89350456 -0.155765057
vn 0.424303353 -0.891996503 -0.155912995
vn 0.304815352 -0.938196003 -0.163938612
vn 0.309263915 -0.936690986 -0.164212838
vn 0.18343392 -0.968266904 -0.169738457
vn 0.188971162 -0.96712321 -0.170183882
vn 0.631960452 -0.770005047 -0.087853007
vn 0.617750466 -0.781307042 -0.0891271606
vn 0.529386938 -0.841168404 -0.110386632
vn 0.420479566 -0.899595916 -0.118000455
vn 0.418329269 -0.900543392 -0.118415385
vn 0.306162357 -0.943855703 -0.124100968
vn 0.30309087 -0.944780111 -0.124605127
vn 0.186706826 -0.973979712 -0.128468171
vn 0.182967037 -0.974618673 -0.129001752
vn -0.00811167713 -0.991317689 -0.131238163
vn 0.10890843 -0.979008853 -0.172280625
vn -0.0732210949 -0.976912081 -0.200702429
vn 0.0863011405 -0.972383201 -0.216847867
vn 0.645138443 -0.762841702 -0.0432312712
vn 0.627291679 -0.777537882 -0.0440457165
vn 0.627578259 -0.777308524 -0.0440104902
vn 0.523967087 -0.850380003 -0.0480864793
vn 0.523513794 -0.85065645 -0.0481346026
vn 0.414959788 -0.908387899 -0.0513787717
vn 0.413562208 -0.909017801 -0.0515070148
vn 0.302100897 -0.951749206 -0.0539304502
vn 0.299783379 -0.952471375 -0.0541132018
vn 0.184179127 -0.981309474 -0.055765748
vn 0.181217223 -0.981849015 -0.0559712201
vn 0.165142745 -0.984670937 -0.056133911
vn 0.0596925765 -0.996020436 -0.0661821887
vn -0.707423866 -0.706762433 -0.00619455939
vn -0.706707716 -0.707472861 -0.0068074218
vn -0.708968818 -0.704780996 -0.0254354645
vn -0.712865114 -0.700755239 -0.0276657585
vn -0.707563102 -0.705545247 -0.0395013765
vn -0.706928849 -0.702983797 -0.077880539
vn -0.712239265 -0.699342132 -0.0602975003
vn -0.720995367 -0.689928055 -0.0645365268
vn -0.707210243 -0.705215096 -0.0502526127
vn -0.708097875 -0.699916542 -0.0933502167
vn -0.71454066 -0.692701995 -0.0979571342
vn -0.707881987 -0.697648942 -0.110403873
vn -0.705092013 -0.698132455 -0.124323413
vn -0.713317871 -0.685847402 -0.144190669
vn -0.709786773 -0.688645959 -0.148220852
vn -0.000872516655 0.967859268 0.251490831
vn 0 0.967498064 0.252878457
vn 0.414573818 -0.875450969 0.248423249
vn 0.0418709219 -0.777474225 0.627519429
vn 0.0951655135 -0.778721094 0.620110452
vn 0.417041808 -0.834570169 0.359956563
vn 0.377128422 -0.917576075 0.125810787
vn 0.456504941 -0.888946354 0.0371162519
vn 0.192997068 -0.98117888 -0.00633560168
vn 0.250888199 -0.967235327 0.0388705283
vn 0.274530411 -0.958818197 0.0728060007
vn 0.307646751 -0.946669638 0.0957603231
vn 0.295288205 -0.829057515 0.474835217
vn 0.122898169 -0.811832368 0.570810139
vn -0.0316025652 -0.781519771 0.623079538
vn -2.40440786e-05 -0.797262788 0.603632331
vn 0.020920895 -0.802574158 0.596185386
vn -0.000776979548 -0.798436046 0.602079093
vn 0.0243078489 -0.776782095 0.629300177
vn 0.0478881449 -0.793902874 0.606155932
vn 0.0292722769 -0.788320124 0.614568532
vn 0.382744431 -0.850057125 0.361814231
vn 0.398709238 -0.842505753 0.362236053
vn 0.402507544 -0.837893367 0.368676513
vn 0.48506704 -0.826048017 0.286975056
vn 0.45402661 -0.842586637 0.289668053
vn 0.524035931 -0.830489874 0.188872799
vn 0.45324409 -0.858323634 0.240521058
vn 0.473740578 -0.862946868 0.175762698
vn 0.480937928 -0.856710076 0.186404318
vn 0.478560656 -0.847904205 0.228118658
vn 0.417998523 -0.89396894 0.161545113
vn 0.450663209 -0.883338273 0.128903806
vn 0.460924119 -0.8758322 0.143062711
vn 0.367028445 -0.923706293 0.109803639
vn 0.350585312 -0.929379344 0.115515977
vn 0.347660542 -0.932368755 0.0990991518
vn 0.364428729 -0.927500904 0.0832691044
vn 0.346821308 -0.933706582 0.0889216289
vn 0.319827169 -0.940356553 0.115931489
vn 0.33730036 -0.936202526 0.0987586379
vn 0.263243794 -0.96417582 0.0326762982
vn 0.26939249 -0.961379588 0.0563645326
vn 0.26468423 -0.962288797 0.0627898797
vn 0.545250297 -0.789674938 -0.281274945
vn 0.406949908 -0.799175978 -0.44239068
vn 0.135940373 -0.983335972 -0.120708577
vn 0.296931267 -0.952725112 0.0643945783
vn 0.285457939 -0.955243409 0.0776132718
vn 0.318107009 -0.946891367 0.0469536744
vn 0.302863687 -0.950950623 0.0629804283
vn 0.312010646 -0.947365999 0.0717427805
vn 0.325831324 -0.942135155 0.0788367838
vn 0.324727058 -0.942643166 0.0773056149
vn 0.307333827 -0.946809053 0.095386073
vn 0.321817279 -0.943074882 0.0839247182
vn 0.247249618 -0.96839112 0.0329576172
vn 0.262878954 -0.964746654 0.0125917858
vn 0.266695708 -0.963585019 0.0194234196
vn 0.24969548 -0.96790278 0.0285725091
vn 0.244144797 -0.969545186 0.0193759929
vn 0.240241349 -0.97043699 0.0231554229
vn 0.227857754 -0.973693907 0.00099862041
vn 0.226013288 -0.973862231 0.0225919802
vn 0.211119279 -0.977426648 -0.0081113046
vn 0.199037313 -0.97966224 0.0254172888
vn 0.199713781 -0.979672015 -0.0188979451
vn 0.199264556 -0.979769409 -0.0185886044
vn 0.195040613 -0.980430067 -0.0267579146
vn 0.189157173 -0.981782734 -0.0179502945
vn 0.185339004 -0.982510567 -0.0179550871
vn 0.380578667 -0.918855429 0.104233161
vn 0.358826727 -0.92476356 0.126711369
vn 0.352167457 -0.928502262 0.117735453
vn 0.402747482 -0.899825037 0.167658523
vn 0.458690226 -0.879308045 0.128143236
vn 0.434987634 -0.890054047 0.136343449
vn 0.416231424 -0.896513045 0.151709437
vn 0.402576238 -0.903589487 0.146486953
vn 0.363933891 -0.862082422 0.35265559
vn 0.498127729 -0.829760849 0.251725465
vn 0.434844464 -0.854524732 0.284073472
vn 0.362437487 -0.860015154 0.359183878
vn 0.507366896 -0.848013103 0.153142527
vn 0.463295698 -0.864063442 0.196853921
vn 0.427022308 -0.879425228 0.210388198
vn 0.37949264 -0.813490093 0.440703064
vn 0.350417823 -0.821847558 0.449192554
vn 0.384874284 -0.833607376 0.396195024
vn 0.200313389 -0.796593428 0.570362568
vn 0.202789322 -0.792209923 0.575569272
vn 0.21885772 -0.802184045 0.555519581
vn 0.239196807 -0.801371813 0.548259139
vn 0.274885029 -0.811680317 0.515376866
vn 0.075177446 -0.771784425 0.631424725
vn 0.0676481128 -0.767465472 0.637511194
vn 0.061709173 -0.766899109 0.638794005
vn 0.00900654867 -0.771542132 0.636114478
vn 0.017354859 -0.776410818 0.629988134
vn 0.0019584985 -0.786337078 0.617794633
vn 0.00398196746 -0.799887538 0.600136697
vn 0.293924659 -0.822936237 0.486193687
vn 0.295003057 -0.821389139 0.488152683
vn 0.237129107 -0.805045843 0.543756366
vn 0.232032567 -0.812483847 0.53481853
vn 0.131242603 -0.792463839 0.595631123
vn 0.0501136743 -0.793188155 0.606911123
vn 0.0416961238 -0.804456413 0.592546523
vn 0.453771114 -0.870058477 0.192587659
vn 0.452034026 -0.870568693 0.19435893
vn 0.42574507 -0.891923904 0.152357638
vn 0.406446844 -0.898842216 0.163962215
vn 0.518387556 -0.839992166 -0.160273224
vn 0.412110567 -0.905367613 0.102344327
vn 0.390840679 -0.912882268 0.117853805
vn 0.380058467 -0.915742576 0.130273148
vn 0.367560148 -0.919805348 0.137323365
vn 0.459910452 -0.886869907 0.0440929681
vn 0.404311746 -0.909234166 0.0991221741
vn 0.153399795 -0.819279909 0.552493334
vn 0.150484964 -0.809229076 0.567893088
vn 0.259043336 -0.829595029 0.494639874
vn 0.266777962 -0.818861306 0.508228004
vn 0.326535434 -0.832602739 0.447378278
vn 0.332175046 -0.824862719 0.457450777
vn 0.388733804 -0.832831502 0.394052923
vn 0.385226488 -0.837409854 0.38774389
vn 0.435697913 -0.839340866 0.325075686
vn 0.421856791 -0.855327487 0.300751984
vn 0.464044005 -0.851912141 0.242711514
vn 0.43865934 -0.875897706 0.200950682
vn 0.44264999 -0.874771774 0.197066739
vn 0.446511626 -0.860031724 0.246926665
vn 0.46568504 -0.840014637 0.278411388
vn 0.417997718 -0.841920495 0.341244489
vn 0.421470731 -0.837748647 0.347188115
vn 0.366994828 -0.833883345 0.412254065
vn 0.362460881 -0.839695692 0.404392421
vn 0.34241581 -0.832807064 0.434952706
vn 0.293606639 -0.843990922 0.448859096
vn 0.296622217 -0.840105295 0.454134762
vn 0.0102457572 0.97228229 0.233585402
vn -0.000350507471 0.975627303 0.219433933
vn 0.00308048259 0.969794154 0.243905231
vn 0.000679178338 0.971522272 0.236947328
vn -0.000581105531 0.9704054 0.241480976
vn -0.00027189558 -0.977285445 -0.211926997
vn 0.00392254349 -0.980190575 -0.198017731
vn -0.000289238262 -0.984480977 -0.175491184
vn -0.000290124561 -0.98777324 -0.155897304
vn 0.00267620035 -0.991342902 -0.131271139
vn 0.00249462086 -0.991291583 -0.131661683
vn -0.000299209089 -0.99404186 -0.108998448
vn -0.00029966986 -0.9957425 -0.0921782553
vn -0.000481778523 -0.995679677 -0.092853494
vn -0.000153824614 -0.997478545 -0.0709685832
vn 0.00127989997 -0.99779892 -0.0663001388
vn -0.000223827432 -0.998411417 -0.0563439839
vn -0.000555625651 -0.999326766 -0.0366838127
vn 0.00535293436 -0.999704123 -0.0237271823
vn -0.000331884075 -0.999953866 -0.00960253552
vn -0.00151772529 -0.999998808 0.000215067601
vn -7.54707435e-05 1 -0.000190804727
vn 1.51023664e-06 1 5.56430496e-05
vn 3.22958767e-05 0.99999994 -0.000249977573
vn 2.11191382e-05 -1 -0.000104101528
vn -5.76255297e-06 -1 0.000162482742
vn -9.05710694e-05 -1 -0.000109031593
vn 1.13360545e-06 2.96129401e-05 1
vn -7.55467966e-07 4.52227832e-05 1
vn 1.87915262e-07 -4.97219662e-06 1
vn 6.61255513e-07 1 -2.51469169e-06
vn -4.62848311e-06 1 0.000138308416
vn -1.12425059e-05 -1 0.000120700664
vn -1.60932302e-06 -0.99999994 0.00025641665
vn 0.512011409 -0.858978689 0
vn 0.0643361285 0.997928262 7.36583161e-06
vn 0.0699877962 0.997415543 -0.016247306
vn 0.134041458 0.990975738 0
vn 0.217830151 0.975986719 0
vn 0.201221213 0.97778523 -0.0587037094
vn 0.278701782 0.960377693 0
vn 0.369579405 0.929199159 0
vn 0.344162494 0.934539437 -0.0904889926
vn 0.418995202 0.907988429 0
vn 0.512008607 0.858980358 0
vn 0.64152652 0.767100871 0
vn 0.612683713 0.782262087 -0.112626478
vn 0.677169025 0.735827506 0
vn 0.754867196 0.655877709 0
vn 0.72636497 0.676532626 -0.121233173
vn 0.783567548 0.621306598 0
vn 0.849172652 0.528115273 0
vn 0.922064781 0.387035549 0
vn 0.960218251 0.279250532 0
vn 0.969382823 0.235631794 -0.0690981671
vn 0.97935909 0.202128172 0
vn 0.996842802 0.0794004053 0
vn 0.996842802 0.0794004053 -1.14255584e-11
vn 0.9968431 -0.0793968514 1.14250467e-11
vn 0.9968431 -0.0793968514 0
vn 0.971706212 -0.236192793 0
vn 0.971982181 -0.200604528 -0.122508988
vn 0.960219145 -0.279247552 0
vn 0.922065973 -0.387032688 0
vn 0.84917444 -0.528112411 0
vn 0.783568799 -0.621305048 0
vn 0.753073812 -0.654314816 -0.0689344481
vn 0.731763601 -0.68155849 0
vn 0.677170157 -0.735826433 0
vn 0.640065253 -0.765348077 -0.067518957
vn 0.626887202 -0.778593063 -0.0283773076
vn 0.589514971 -0.807757497 0
vn 0.345581561 -0.938388705 0
vn 0.3688851 -0.927444458 -0.0614045598
vn 0.418997079 -0.907987595 0
vn 0.0699984282 -0.99754709 3.11014901e-07
vn 0.0699985251 -0.99754709 0
vn 0.193294421 -0.981140792 0
vn 0.217433259 -0.974191606 -0.060609594
vn 0.254492968 -0.966896355 -0.0185683761
vn 0.278703839 -0.960377097 0
vn -0.532253146 0.26194942 -0.805039823
vn -0.198960379 0.512001097 -0.835625291
vn -0.142565578 0.556688905 -0.81839633
vn -0.251958549 0.516777575 -0.818203986
vn -0.231131941 0.523373961 -0.820157111
vn -0.206044108 0.525448918 -0.825499356
vn -0.202531949 0.532175899 -0.822052062
vn -0.172118202 0.552114129 -0.815809608
vn -0.333340526 0.483570993 -0.809347391
vn -0.315843582 0.496235013 -0.808698714
vn -0.282604426 0.500513673 -0.818303645
vn -0.421793789 0.397725433 -0.814803362
vn -0.398117304 0.422516376 -0.814237356
vn -0.376483232 0.431262881 -0.819922388
vn -0.490329266 0.301479936 -0.817732871
vn -0.481196702 0.335172802 -0.810005486
vn -0.449118942 0.352413386 -0.821034074
vn -0.546269655 0.230907038 -0.805153012
vn -0.534171224 0.205598235 -0.819994211
vn -0.536805809 0.203800976 -0.818721354
vn -0.551806152 0.135955036 -0.822816014
vn -0.554175138 0.140995979 -0.820371866
vn -0.557900906 0.177439019 -0.810716927
vn -0.567829609 0.0348410457 -0.822408438
vn -0.56476754 0.0559951812 -0.823348165
vn -0.559355795 0.0677597821 -0.826153576
vn -0.566540897 0.0906123146 -0.819036484
vn -0.559734643 0.120385773 -0.819880724
vn -0.566007316 0.00481505319 -0.824386179
vn -0.563314259 -6.60036749e-05 -0.826242745
vn -0.568482757 -0.0300352555 -0.822146714
vn -0.565529227 -0.0510664135 -0.823145747
vn -0.559879363 -0.0678632557 -0.825790346
vn -0.565219104 -0.0801532641 -0.82103765
vn -0.520293891 -0.215055913 -0.826465487
vn -0.542557716 -0.204425603 -0.814764559
vn -0.543684602 -0.256301373 -0.799197495
vn -0.541564703 -0.200609773 -0.816372097
vn -0.560025096 -0.167597234 -0.811346471
vn -0.551583886 -0.136110067 -0.822939396
vn -0.552258015 -0.135195434 -0.822637975
vn -0.5621382 -0.115640201 -0.818918824
vn -0.481077224 -0.289417207 -0.827527881
vn -0.490670234 -0.28049162 -0.824964941
vn -0.487312526 -0.326119512 -0.810044765
vn -0.455870599 -0.351143032 -0.817851186
vn -0.382036716 -0.429123491 -0.81847477
vn -0.402994215 -0.420558512 -0.812850654
vn -0.424708873 -0.388141394 -0.817905009
vn -0.424742758 -0.36058259 -0.830405831
vn -0.319730371 -0.493523777 -0.8088305
vn -0.338096589 -0.480081737 -0.809451818
vn -0.343288779 -0.443330109 -0.82801646
vn -0.212417364 -0.527145743 -0.822797775
vn -0.23630634 -0.52181226 -0.819677532
vn -0.256619304 -0.515304744 -0.817684233
vn -0.162388489 -0.567015767 -0.80754137
vn -0.181449115 -0.562208474 -0.806844354
vn -0.193201348 -0.529930592 -0.825740159
vn -0.201880008 -0.524403036 -0.827191591
vn -0.196287185 -0.480581462 -0.854700387
vn -0.208490938 -0.461640716 -0.862217724
vn -0.198954642 -0.441064864 -0.875145018
vn -0.198963746 -0.415352911 -0.887634695
vn -0.207381159 -0.390183896 -0.897078335
vn -0.207777753 -0.389603823 -0.897238672
vn -0.198584214 -0.364532441 -0.909769416
vn -0.199739024 -0.324182481 -0.924667537
vn -0.206594154 -0.314961702 -0.9263466
vn -0.198970169 -0.287183791 -0.936982572
vn -0.204400182 -0.159733042 -0.965767026
vn -0.196311519 -0.208608255 -0.95809412
vn -0.208504826 -0.238010153 -0.948618412
vn -0.209832877 -0.235787138 -0.948880732
vn -0.1989481 -0.259736657 -0.944963753
vn -0.198968351 -0.0281099025 -0.979602695
vn -0.198955908 -0.0566686168 -0.97836864
vn -0.208609328 -0.080102019 -0.974713206
vn -0.196008787 -0.101646729 -0.975319684
vn -0.202989727 -0.158112407 -0.966331005
vn -0.204984426 -0.00803684816 -0.978732228
vn -0.208932891 -7.78486719e-05 -0.97792995
vn -0.198666826 0.0205408745 -0.979851782
vn -0.199207738 0.0592976846 -0.978161573
vn -0.208888918 0.0799406767 -0.974666536
vn -0.204800114 0.0876994729 -0.974867046
vn -0.208780661 0.159427926 -0.96487999
vn -0.198954135 0.137469992 -0.970319152
vn -0.198972866 0.109111786 -0.973911941
vn -0.208510026 0.237858027 -0.948655427
vn -0.201358721 0.220574141 -0.954359293
vn -0.195528135 0.183147341 -0.963444769
vn -0.208711594 0.314668924 -0.925971329
vn -0.195747927 0.29404822 -0.93553108
vn -0.202256367 0.248269916 -0.947340727
vn -0.207106546 0.389516354 -0.89743185
vn -0.198974192 0.363768846 -0.909989834
vn -0.198958382 0.337074995 -0.920215189
vn -0.198975772 0.487408847 -0.850200713
vn -0.207049638 0.46192047 -0.862415195
vn -0.207266524 0.461625904 -0.862520814
vn -0.198963776 0.437318832 -0.877020895
vn -0.19893156 0.400696933 -0.894353509
vn -0.488159776 0.275343329 -0.828182399
vn -0.489836991 0.280511081 -0.825453341
vn -0.500415802 0.261248738 -0.825429022
vn -0.500175416 0.210594997 -0.83992517
vn -0.500174999 0.210595578 -0.839925289
vn -0.500174999 0.141163662 -0.854340553
vn -0.50017482 0.141163886 -0.854340613
vn -0.50017482 0.0707846433 -0.86302644
vn -0.500175297 0.0707840249 -0.863026261
vn -0.500175297 -6.97020223e-05 -0.86592418
vn -0.50017488 -6.91736132e-05 -0.865924418
vn -0.50017488 -0.070922561 -0.863015115
vn -0.500174761 -0.0709223896 -0.863015175
vn -0.500174761 -0.141300127 -0.854318142
vn -0.500174642 -0.141299963 -0.854318261
vn -0.500174642 -0.210730061 -0.839891732
vn -0.500174642 -0.210730061 -0.839891791
vn -0.500352919 -0.267217427 -0.823554337
vn -0.475393087 -0.262654334 -0.839651167
vn -0.425386906 0.359171629 -0.830687463
vn -0.425507218 0.360306919 -0.830134034
vn -0.428270191 0.356383115 -0.830406964
vn -0.428214341 0.290762544 -0.855622351
vn -0.428213745 0.290763319 -0.855622411
vn -0.428213775 0.219777182 -0.876544893
vn -0.428214163 0.21977666 -0.876544833
vn -0.428214163 0.147318214 -0.891588449
vn -0.428214192 0.147318169 -0.891588449
vn -0.428214192 0.073869817 -0.900653005
vn -0.428213418 0.0738707632 -0.900653303
vn -0.428213418 -7.22206823e-05 -0.903677642
vn -0.428213865 -7.27409424e-05 -0.903677404
vn -0.428213865 -0.0740142688 -0.900641322
vn -0.428214192 -0.0740146637 -0.900641143
vn -0.428214192 -0.147460416 -0.891564965
vn -0.428214312 -0.14746055 -0.891564846
vn -0.428214282 -0.219917819 -0.876509368
vn -0.428214014 -0.219917536 -0.876509547
vn -0.428214014 -0.290899634 -0.855575919
vn -0.428213894 -0.290899515 -0.855576038
vn -0.428270936 -0.356439114 -0.830382526
vn -0.428369731 -0.35643211 -0.830334604
vn -0.34689188 0.444441617 -0.825916231
vn -0.346571982 0.442627877 -0.827023864
vn -0.353537381 0.433743477 -0.828781009
vn -0.353433251 0.372452259 -0.858116686
vn -0.353433162 0.372452348 -0.858116686
vn -0.353433192 0.300989032 -0.88571471
vn -0.35343346 0.300988704 -0.88571471
vn -0.35343346 0.227506563 -0.907372892
vn -0.353433311 0.227506727 -0.907372892
vn -0.353433341 0.152499348 -0.922945738
vn -0.353433281 0.152499408 -0.922945738
vn -0.353433281 0.0764682889 -0.932329059
vn -0.353433698 0.0764678121 -0.932328939
vn -0.353433669 -7.4737356e-05 -0.935459554
vn -0.353433698 -7.47606537e-05 -0.935459554
vn -0.353433698 -0.0766177475 -0.932316661
vn -0.353433341 -0.0766173452 -0.93231684
vn -0.353433341 -0.152646601 -0.92292136
vn -0.353433371 -0.152646616 -0.92292136
vn -0.353433341 -0.227652237 -0.907336414
vn -0.35343346 -0.227652356 -0.907336295
vn -0.35343346 -0.30113098 -0.88566637
vn -0.353433073 -0.301130623 -0.885666668
vn -0.353433102 -0.372589052 -0.85805738
vn -0.35343349 -0.372589409 -0.858057022
vn -0.353511244 -0.436020136 -0.827596664
vn -0.354585201 -0.436237782 -0.827022314
vn -0.276524007 0.497161508 -0.822414041
vn -0.276326299 0.453499943 -0.847337961
vn -0.27632615 0.453500092 -0.847337902
vn -0.27632615 0.382646501 -0.881603956
vn -0.27632612 0.382646531 -0.881603956
vn -0.27632612 0.30922699 -0.909957469
vn -0.276325822 0.309227347 -0.909957409
vn -0.276325792 0.23373422 -0.932208359
vn -0.276326358 0.23373358 -0.9322083
vn -0.276326358 0.156673104 -0.948207378
vn -0.27632612 0.156673372 -0.948207438
vn -0.27632612 0.0785612091 -0.957847595
vn -0.27632606 0.0785612836 -0.957847595
vn -0.27632606 -7.65060395e-05 -0.961063921
vn -0.276326329 -7.6782977e-05 -0.961063862
vn -0.276326329 -0.0787149593 -0.957834899
vn -0.276326209 -0.0787148401 -0.957834959
vn -0.276326209 -0.156824633 -0.948182404
vn -0.276326209 -0.156824648 -0.948182404
vn -0.276326209 -0.233883426 -0.932170808
vn -0.27632606 -0.233883247 -0.932170868
vn -0.27632606 -0.309372514 -0.909907997
vn -0.276326716 -0.309373111 -0.909907579
vn -0.276326686 -0.382788062 -0.881542325
vn -0.276325613 -0.382787108 -0.88154304
vn -0.276325643 -0.453635246 -0.84726572
vn -0.276326597 -0.45363602 -0.847265005
vn -0.276531577 -0.494925141 -0.823759317
vn -0.295090884 -0.503100574 -0.812287629
vn -0.157782882 -0.987471402 -0.00219529169
vn -0.0631029233 -0.997999728 0.00381628773
vn -0.0834424198 -0.995952904 0.0333948731
vn -0.0228851885 -0.999738097 -0.000109326473
vn -0.229375556 -0.97156018 0.0588019527
vn -0.200934336 -0.979573011 0.00787796918
vn -0.274162769 -0.961682796 0.000987765961
vn -0.445837706 -0.895113766 0.000302399858
vn -0.412501723 -0.91095674 0.000302258559
vn -0.346986026 -0.937826395 0.00907409005
vn -0.373175174 -0.92596668 0.0576710738
vn -0.30790472 -0.951416671 0.00098826061
vn -0.50545603 -0.861274779 0.0521530807
vn -0.485015571 -0.87441659 0.0124715958
vn -0.543854177 -0.839179695 1.15070161e-05
vn -0.691873848 -0.722018242 0.000421811419
vn -0.664785862 -0.747033834 0.000421645673
vn -0.611868083 -0.790866971 0.0121203382
vn -0.629637003 -0.775208414 0.0510799773
vn -0.575674653 -0.817678809 1.15240646e-05
vn -0.737557054 -0.673613489 0.0474806353
vn -0.724565029 -0.689030468 0.0155739347
vn -0.768923104 -0.639341235 7.01420213e-05
vn -0.87516737 -0.483819872 0.000647377339
vn -0.856595457 -0.515988171 0.000647161971
vn -0.820570469 -0.571331918 0.0156183578
vn -0.829942822 -0.5561077 0.0440360829
vn -0.792252064 -0.610193968 7.01643148e-05
vn -0.903852224 -0.425664365 0.0431394428
vn -0.897596717 -0.440427989 0.0185281429
vn -0.924435139 -0.381339163 0.000270876219
vn -0.970969439 -0.239200503 0.00121889892
vn -0.95393616 -0.299383909 0.0193672497
vn -0.957042396 -0.287413627 0.0382525027
vn -0.937892735 -0.346925318 0.000270930555
vn -0.988221705 -0.151431158 0.0220565945
vn -0.989392936 -0.139826953 0.0393706486
vn -0.979300976 -0.202405736 0.00121918996
vn -0.998214424 0.0597248264 0.00093681243
vn -0.999780476 0.00820416864 0.0192800295
vn -0.999561369 6.81188283e-07 0.0296146087
vn -0.998680472 -0.0513462424 0.000922093051
vn -0.996074498 -0.08851403 0.000921919069
vn -0.968762279 0.247988239 0.00121154625
vn -0.9774068 0.211363509 0.00121140887
vn -0.988158822 0.151421532 0.0247731972
vn -0.986881673 0.157804355 0.0340932496
vn -0.995247006 0.0973784104 0.000936936471
vn -0.952347577 0.303483427 0.0305267051
vn -0.953831315 0.299352437 0.0243703518
vn -0.935090184 0.354409754 0.000268460572
vn -0.851556182 0.524262965 0.000653584022
vn -0.870838463 0.491568863 0.000653574301
vn -0.897439182 0.440351278 0.0263366979
vn -0.896991789 0.441182673 0.0276331343
vn -0.921338558 0.388761103 0.000268472708
vn -0.819997966 0.571741223 0.0267452803
vn -0.820396423 0.57121104 0.0258402601
vn -0.78679961 0.61720854 6.25092725e-05
vn -0.685757518 0.727829993 0.00042423734
vn -0.724363744 0.688840389 0.0282151401
vn -0.727566004 0.685674846 0.0223092455
vn -0.76430428 0.644855738 6.25184402e-05
vn -0.61167711 0.790620863 0.0277452264
vn -0.614836872 0.788329899 0.0226192512
vn -0.657459199 0.753490031 0.000424199214
vn -0.438485652 0.898737669 0.000982299913
vn -0.492030203 0.869880855 0.0348362513
vn -0.484926552 0.874257624 0.0228000581
vn -0.537367582 0.843348145 2.35259104e-05
vn -0.567507505 0.823368192 2.35529897e-05
vn -0.261317223 0.965252399 -0.00107128103
vn -0.295826524 0.955241084 -0.0010717957
vn -0.346847445 0.937453866 0.0296166856
vn -0.354518592 0.934845805 0.019491598
vn -0.403708398 0.91488719 0.000982136233
vn -0.0631037205 0.99800694 -0.000191830535
vn -0.0371634662 0.998549283 0.0389641188
vn -0.11202158 0.993679643 -0.0072026276
vn -0.200906679 0.97944504 0.0179986414
vn -0.185856372 0.981705546 0.0413716771
vn -0.248625338 0.968599737 0.000113893067
vn 0.137990057 -0.524266362 0.840299666
vn 0.188034132 -0.510586023 0.839014351
vn 0.337748498 -0.419483185 0.842591107
vn 0.473876387 0.26069811 0.841116905
vn 0.487833291 0.303392023 0.818518162
vn 0.151826292 0.52316761 0.838596702
vn 0.0769455805 0.568801939 0.818867326
vn 0.0358818881 -0.566827476 0.823054731
vn 0.0395056196 -0.548130035 0.83545965
vn 0.0481912345 -0.529019833 0.847239971
vn 0.036210686 -0.51592046 0.855870783
vn 0.0379163697 -0.471690685 0.880948484
vn 0.0494898558 -0.454376578 0.88943392
vn 0.0437540933 -0.445189178 0.89436692
vn 0.049147252 -0.376425117 0.925142527
vn 0.0371715687 -0.399786681 0.915854156
vn 0.0371747874 -0.426836103 0.903564572
vn 0.0371757187 -0.262931794 0.964097917
vn 0.046022132 -0.299602598 0.952953458
vn 0.0418537594 -0.295789599 0.954335809
vn 0.0366652943 -0.336165488 0.941088974
vn 0.0399745367 -0.363945991 0.930561841
vn 0.0371764116 -0.16299665 0.985925972
vn 0.0371687189 -0.192237824 0.980644226
vn 0.049509272 -0.212774307 0.975846291
vn 0.0440754555 -0.222210735 0.974001944
vn 0.0371743366 -0.242780834 0.969368637
vn 0.0432173051 -0.134718478 0.989941001
vn 0.0481529348 -0.128304288 0.990565121
vn 0.0392124318 -0.105245538 0.993672848
vn 0.033689674 -0.0666545182 0.997207165
vn 0.0492764264 -0.0428707227 0.997864664
vn 0.0361636356 -0.0164653622 0.999210238
vn 0.0377840959 0.0132432152 0.999198139
vn 0.0467003435 0.0428767949 0.997988284
vn 0.0388364829 0.0521294996 0.99788487
vn 0.0361962877 0.102055319 0.994120002
vn 0.0492607281 0.128296599 0.990511656
vn 0.0471427031 0.131505236 0.990193903
vn 0.0368785523 0.248023421 0.968051851
vn 0.0433678515 0.219077021 0.974743307
vn 0.0482306741 0.212787673 0.975907385
vn 0.0371724963 0.185098305 0.982016742
vn 0.0371721536 0.15582338 0.987085283
vn 0.0382874869 0.285799176 0.957524359
vn 0.0470296741 0.295721412 0.954115868
vn 0.0371739157 0.325370252 0.94485569
vn 0.0491678193 0.376424611 0.925141633
vn 0.0411104113 0.360928684 0.931686878
vn 0.0371752679 0.344264388 0.938136458
vn 0.0371748395 0.484971106 0.873739719
vn 0.0413601734 0.468785942 0.882342935
vn 0.0492494889 0.454381973 0.88944447
vn 0.0402534418 0.442369133 0.895929217
vn 0.0340177454 0.397455692 0.916990578
vn 0.0371678323 0.510732889 0.858935654
vn 0.0495098941 0.528986275 0.847184956
vn 0.0383135527 0.545460701 0.837260246
vn 0.036751084 0.570161581 0.820710123
vn 0.0367567427 0.570139885 0.820724964
vn 0.306456208 0.514131725 0.801095009
vn 0.330440879 0.429379106 0.840501308
vn 0.33463493 0.427256823 0.839923263
vn 0.409566581 0.343820333 0.845010519
vn 0.409113795 0.381046504 0.829113662
vn 0.563084424 -0.236351937 0.791879833
vn 0.482607812 -0.140350297 0.864518106
vn 0.538152874 -0.179556549 0.823499203
vn 0.538908899 -0.111223809 0.834988892
vn 0.536911964 -0.1083676 0.836649299
vn 0.55436182 -0.0441539735 0.831103742
vn 0.547581375 -0.0359164737 0.83598125
vn 0.547412932 0.0436024703 0.835725963
vn 0.556481838 0.0356635414 0.830094039
vn 0.536237836 0.110673167 0.836779833
vn 0.538882673 0.108206078 0.83540225
vn 0.538695753 0.156663403 0.827806413
vn 0.518590033 0.182150424 0.835395515
vn 0.563084483 0.236354008 0.791879237
vn 0.482571483 0.245189771 0.840836942
vn 0.482356429 0.186613947 0.855866551
vn 0.482356489 0.186614022 0.855866492
vn 0.482356489 0.112521343 0.868718088
vn 0.482356906 0.11252179 0.868717849
vn 0.482356906 0.0376000404 0.875167429
vn 0.48235625 0.0375992842 0.875167847
vn 0.48235625 -0.0376000553 0.875167787
vn 0.482356906 -0.0375992693 0.875167489
vn 0.482356906 -0.112521313 0.868717909
vn 0.482356489 -0.112521805 0.868718028
vn 0.482356489 -0.186613947 0.855866492
vn 0.482356399 -0.186614066 0.855866492
vn 0.482571453 -0.245189443 0.840837061
vn 0.473876566 -0.26069802 0.841116846
vn 0.487833589 -0.303389937 0.818518758
vn 0.428161323 -0.339496434 0.837508261
vn 0.428159922 0.339496702 0.837508857
vn 0.412657857 0.340541214 0.844834387
vn 0.412611663 0.26967302 0.870073617
vn 0.41261214 0.269673437 0.870073259
vn 0.41261217 0.194055736 0.889996409
vn 0.41261211 0.194055691 0.889996409
vn 0.41261211 0.117008924 0.903360486
vn 0.412611723 0.1170085 0.903360724
vn 0.412611693 0.0390986577 0.910067499
vn 0.412611723 0.0390986688 0.910067499
vn 0.412611723 -0.0390986577 0.910067499
vn 0.412611693 -0.0390986688 0.910067499
vn 0.412611693 -0.117008939 0.903360665
vn 0.41261211 -0.117008448 0.903360546
vn 0.41261211 -0.194055781 0.889996409
vn 0.4126122 -0.194055691 0.889996409
vn 0.4126122 -0.2696729 0.870073378
vn 0.41261223 -0.269672841 0.870073378
vn 0.412658364 -0.340541005 0.844834268
vn 0.409566402 -0.34382087 0.8450104
vn 0.409113646 -0.381045043 0.829114377
vn 0.37893334 -0.411756456 0.828773856
vn 0.378933549 0.4117558 0.828774095
vn 0.34048298 0.41899848 0.84173131
vn 0.340364546 0.354378015 0.870958209
vn 0.340364367 0.354377866 0.870958328
vn 0.340364397 0.278373361 0.898142695
vn 0.340364218 0.278373212 0.898142815
vn 0.340364218 0.200316146 0.918708682
vn 0.340364605 0.200316504 0.918708444
vn 0.340364605 0.120783277 0.932503819
vn 0.340364099 0.12078277 0.932504058
vn 0.340364069 0.0403600261 0.939427137
vn 0.340364873 0.0403608344 0.939426839
vn 0.340364873 -0.0403600186 0.939426839
vn 0.340364099 -0.0403608494 0.939427078
vn 0.340364099 -0.120783277 0.932503998
vn 0.340364605 -0.120782726 0.932503879
vn 0.340364605 -0.200316116 0.918708563
vn 0.340364188 -0.200316578 0.918708622
vn 0.340364188 -0.278372794 0.898142993
vn 0.340363801 -0.278373212 0.898142993
vn 0.340363801 -0.354378641 0.870958269
vn 0.340364397 -0.354378015 0.870958269
vn 0.340470314 -0.420053512 0.841210425
vn 0.326054811 -0.430072367 0.841858685
vn 0.325911582 -0.446566314 0.833282769
vn 0.306458265 -0.514131367 0.801094413
vn 0.199532881 0.432395458 0.879329741
vn 0.266163379 0.500612497 0.823737919
vn 0.266053051 0.438537717 0.858429074
vn 0.266053051 0.438537687 0.858429074
vn 0.266053051 0.363296658 0.892878115
vn 0.266053885 0.363297313 0.892877579
vn 0.266053885 0.285379082 0.920746505
vn 0.266053438 0.285378695 0.920746744
vn 0.266053438 0.205357954 0.941829979
vn 0.26605311 0.205357656 0.941830099
vn 0.26605311 0.123822547 0.955972672
vn 0.266053468 0.123822898 0.955972493
vn 0.266053498 0.0413766131 0.963069856
vn 0.266052932 0.0413760729 0.963070035
vn 0.266052932 -0.0413766243 0.963069975
vn 0.266053498 -0.0413760655 0.963069856
vn 0.266053498 -0.12382251 0.955972552
vn 0.266053081 -0.123822927 0.955972612
vn 0.266053081 -0.205358014 0.941830039
vn 0.266053438 -0.205357641 0.941830039
vn 0.266053438 -0.285379052 0.920746624
vn 0.266053766 -0.285378724 0.920746624
vn 0.266053736 -0.363296717 0.892877877
vn 0.2660532 -0.363297254 0.892877817
vn 0.26605323 -0.438537538 0.858429074
vn 0.266053557 -0.43853718 0.858429193
vn 0.266266406 -0.484212846 0.833450735
vn 0.233150274 -0.505248249 0.830882132
vn 0.188032046 0.510585189 0.839015305
vn 0.190198466 0.511774659 0.837801456
vn 0.1901301 0.446635753 0.87428087
vn 0.190130144 0.446635813 0.87428087
vn 0.190130159 0.370006084 0.909365714
vn 0.190129876 0.370005846 0.909365892
vn 0.190129861 0.29064855 0.937749445
vn 0.190129444 0.290648192 0.937749684
vn 0.190129444 0.209149837 0.959222138
vn 0.190129414 0.209149823 0.959222138
vn 0.190129414 0.126109451 0.973625779
vn 0.190130278 0.126110241 0.973625541
vn 0.190130278 0.0421401262 0.980854034
vn 0.190129995 0.0421398468 0.980854154
vn 0.19012998 -0.0421401262 0.980854094
vn 0.190130278 -0.0421398431 0.980854094
vn 0.190130278 -0.126109436 0.97362566
vn 0.190129429 -0.126110271 0.97362572
vn 0.190129414 -0.209149837 0.959222138
vn 0.190129489 -0.209149778 0.959222138
vn 0.190129504 -0.290648639 0.937749505
vn 0.190129861 -0.290648282 0.937749565
vn 0.190129876 -0.370005965 0.909365833
vn 0.190130159 -0.370005697 0.909365892
vn 0.190130159 -0.446635306 0.874281108
vn 0.190129563 -0.446635842 0.87428093
vn 0.190197989 -0.511774004 0.837801933
vn 0.151824698 -0.523168147 0.838596702
vn 0.0411803089 -0.586860299 0.808640361
vn 0.108726062 -0.551881313 0.826804519
vn 0.109205447 -0.526467562 0.843152463
vn 0.113068506 -0.523620427 0.844415247
vn 0.113054171 -0.452017367 0.884815812
vn 0.113053843 -0.452017665 0.884815753
vn 0.113053858 -0.374464333 0.920323491
vn 0.113054045 -0.374464184 0.920323491
vn 0.11305403 -0.294150978 0.949048996
vn 0.113054566 -0.294150501 0.949049056
vn 0.113054574 -0.211669743 0.970780373
vn 0.11305435 -0.211669952 0.970780373
vn 0.11305435 -0.127629757 0.985357463
vn 0.113054253 -0.127629846 0.985357463
vn 0.113054261 -0.0426476784 0.992673099
vn 0.113054328 -0.0426476188 0.992673099
vn 0.11305432 0.0426484346 0.992673099
vn 0.113053434 0.0426476263 0.992673218
vn 0.113053448 0.127629027 0.985357702
vn 0.11305435 0.127629831 0.985357463
vn 0.11305435 0.211669788 0.970780432
vn 0.113054574 0.211669981 0.970780373
vn 0.113054566 0.294150978 0.949048936
vn 0.113053903 0.294150412 0.949049175
vn 0.113053888 0.374464214 0.920323491
vn 0.113054015 0.374464303 0.920323431
vn 0.113054037 0.452017367 0.884815812
vn 0.113054365 0.452017635 0.884815693
vn 0.113054372 0.52624017 0.842787027
vn 0.11272525 0.526002705 0.842979372
vn 0.11308264 0.54950124 0.827804744
vn -0.136715457 -0.238890141 -0.961374223
vn -0.14260684 0.517107308 -0.843956947
vn -0.134218037 0.5573439 -0.819361508
vn -0.142006308 0.552935481 -0.821033835
vn -0.121487901 0.493671149 -0.861121058
vn -0.12025404 0.492953837 -0.861705005
vn -0.141132921 0.467427015 -0.872693241
vn -0.147545189 0.42115894 -0.894905329
vn -0.104356438 0.406638145 -0.907609582
vn -0.136945784 0.442037463 -0.886481106
vn -0.135961488 0.223096728 -0.965268016
vn -0.138059229 0.251082927 -0.958069444
vn -0.115741096 0.274124235 -0.954704106
vn -0.145567402 0.296656102 -0.943824828
vn -0.125436783 0.349199921 -0.928614557
vn -0.110265695 0.341855615 -0.933261096
vn -0.134873033 0.367800474 -0.920071781
vn -0.114670366 0.0890093818 -0.989407897
vn -0.106635772 0.119690828 -0.987067819
vn -0.111530364 0.185588524 -0.97627759
vn -0.137982905 0.196675763 -0.970710754
vn -0.136020318 0.138971776 -0.98091048
vn -0.135889232 -0.00813365821 -0.990690649
vn -0.135919616 0.0207654033 -0.990502238
vn -0.126766071 -0.02845053 -0.991524577
vn -0.114147 -0.0396510139 -0.992672265
vn -0.133253396 -0.0573076382 -0.989423752
vn -0.142213434 -0.118408196 -0.982728243
vn -0.104955293 -0.103083141 -0.989119947
vn -0.133621678 -0.196872979 -0.971280754
vn -0.103256397 -0.211608976 -0.971884668
vn -0.147782773 -0.159700051 -0.976041079
vn -0.139221743 -0.394969285 -0.908084035
vn -0.135822058 -0.368492216 -0.919655263
vn -0.116539598 -0.349573821 -0.929632545
vn -0.144375011 -0.327382058 -0.933797002
vn -0.131581858 -0.290493816 -0.947786689
vn -0.12139193 -0.420690775 -0.899045765
vn -0.118607387 -0.422697455 -0.898476005
vn -0.139732733 -0.44564569 -0.884236813
vn -0.135821834 -0.492013752 -0.859927297
vn -0.120844558 -0.486522794 -0.865269959
vn -0.149510995 -0.534035146 -0.832137585
vn -0.122925371 -0.55764246 -0.820928872
vn -0.13466984 -0.569409668 -0.810948014
vn -0.00465044845 -0.431158155 -0.902264357
vn 0.0004127422 -0.499827445 -0.866124928
vn -0.00120334735 -0.502635181 -0.864497781
vn -0.00122400327 -0.550587952 -0.834776282
vn -0.00468564639 -0.567658424 -0.82325083
vn 4.09621634e-06 -0.580907643 -0.813969493
vn -0.00532688899 -0.20126456 -0.979522407
vn -0.0028883745 -0.278341055 -0.960477948
vn -0.00359311211 -0.279717863 -0.960075498
vn -0.00368595612 -0.335118979 -0.942168593
vn -0.0082322266 -0.35663712 -0.934206724
vn -0.00298567512 -0.373185843 -0.92775178
vn -0.0030734411 -0.427845329 -0.903846741
vn -0.00464946544 0.0404044949 -0.999172568
vn -0.00467601186 -0.0406938717 -0.999160707
vn -0.00454587722 -0.0404269919 -0.999172151
vn -0.00459575979 -0.100203767 -0.994956315
vn -0.00941101927 -0.121212289 -0.992581964
vn -0.00436355546 -0.140549526 -0.990064025
vn -0.00442857994 -0.199338228 -0.979920745
vn -0.00266620005 0.279714912 -0.960079432
vn -0.00525173312 0.199334517 -0.979917407
vn -0.0042967163 0.201252386 -0.979529977
vn -0.00426570047 0.140545115 -0.990065098
vn -0.0093244845 0.121208027 -0.992583334
vn -0.00452293456 0.100198962 -0.994957149
vn -0.00451044831 0.0406897441 -0.999161661
vn -0.00803269632 0.356667578 -0.93419683
vn -0.00348924007 0.33511579 -0.942170501
vn -0.00341691868 0.278336018 -0.96047771
vn -0.00470400741 0.42783916 -0.903842628
vn 0.00081612455 0.502709091 -0.864455283
vn -0.00107393949 0.49982363 -0.866126537
vn -0.00111033185 0.550583184 -0.834779561
vn -0.00462239701 0.56787926 -0.823098898
vn 5.92879769e-06 0.580952585 -0.813937426
vn -0.0926883444 -0.199107379 -0.975584507
vn -0.0955757797 -0.197649762 -0.975602269
vn -0.0928695649 -0.119899958 -0.988432705
vn -0.0946451351 -0.11901357 -0.988371432
vn -0.0933195502 -0.0400199927 -0.994831562
vn -0.0939215571 -0.0397246592 -0.994786739
vn -0.0939879864 0.0399106666 -0.99477303
vn -0.106758848 0.0460455045 -0.993218184
vn -0.114022218 0.0601175539 -0.991657615
vn -0.0903202668 -0.563839078 -0.820931017
vn -0.104009047 -0.55745846 -0.82366389
vn -0.0951716527 -0.497281164 -0.862353623
vn -0.101956636 -0.493856341 -0.863545477
vn -0.0939016044 -0.426524937 -0.899588227
vn -0.0998824909 -0.423485875 -0.900379479
vn -0.0931358188 -0.352756768 -0.93106842
vn -0.0981664881 -0.350197047 -0.93151778
vn -0.0477985069 -0.56776917 -0.821798921
vn -0.0635503456 -0.561796606 -0.82483083
vn -0.0581651479 -0.500494897 -0.86378336
vn -0.0629256517 -0.498258352 -0.86474216
vn -0.0579530559 -0.429320186 -0.901291072
vn -0.0621229596 -0.427317262 -0.901964903
vn -0.057938002 -0.355102599 -0.933030188
vn -0.0614475869 -0.353389829 -0.933455825
vn -0.0580230765 -0.277235299 -0.95904845
vn -0.0927594155 -0.276717693 -0.956463814
vn -0.0967401713 -0.274697691 -0.956651747
vn -0.115712352 -0.274201661 -0.95468533
vn -0.130218357 -0.262776673 -0.956029058
vn -0.0211636405 0.566602826 -0.823719203
vn -0.0245201699 0.568131208 -0.822572649
vn -0.0224955324 0.500894606 -0.865215898
vn -0.0271513183 0.502884567 -0.863927007
vn -0.0253155474 0.431310326 -0.901848376
vn -0.00287121534 0.431178927 -0.902261853
vn -0.00279301917 0.373181969 -0.927753985
vn -0.0993181244 0.110789508 -0.988868833
vn -0.0921444967 0.0970045477 -0.991009355
vn -0.0959516913 0.198978513 -0.975295246
vn -0.0929240733 0.197605357 -0.97586745
vn -0.0972661152 0.276566535 -0.956059754
vn -0.0929991528 0.274707526 -0.957019806
vn -0.098821111 0.35259676 -0.930542827
vn -0.0933362022 0.350313485 -0.931970417
vn -0.100644536 0.426314324 -0.898958743
vn -0.0939761028 0.423681945 -0.900922894
vn -0.102772616 0.497061551 -0.861607552
vn -0.0949982703 0.494183928 -0.864151359
vn -0.104568586 0.559453189 -0.822239339
vn -0.106080674 0.559916496 -0.821730137
vn -0.0132226544 -0.567792892 -0.823065221
vn -0.0244740173 -0.564402878 -0.825136602
vn -0.0226415414 -0.50278151 -0.864116967
vn -0.027204385 -0.500784814 -0.865144193
vn -0.0254483968 -0.431269675 -0.901864111
vn -0.0292450432 -0.429539829 -0.902574241
vn -0.027715819 -0.356713712 -0.933802545
vn -0.0307894703 -0.355268508 -0.93425709
vn -0.0295293499 -0.279816449 -0.959599257
vn -0.0461287387 -0.27177605 -0.961254358
vn -0.0445296317 -0.201312885 -0.978514314
vn -0.0463089719 -0.199543118 -0.978794158
vn -0.0451530516 -0.121231809 -0.991596699
vn -0.0462259129 -0.120161191 -0.991677582
vn -0.0456576683 -0.0404399447 -0.998138249
vn -0.0459926426 -0.0401071049 -0.998136342
vn -0.0460266918 0.040412806 -0.998122394
vn -0.045611538 0.040003974 -0.998157918
vn -0.0462581031 0.121222131 -0.991546988
vn -0.0450909995 0.120088287 -0.991738677
vn -0.0463551059 0.201298088 -0.978432536
vn -0.0444359854 0.199472502 -0.978895366
vn -0.0463127904 0.279782802 -0.958945632
vn -0.0436193161 0.277293056 -0.9597947
vn -0.0461196452 0.356693923 -0.933082223
vn -0.0426467396 0.35358882 -0.934428275
vn -0.0453986824 0.422066808 -0.905427277
vn -0.0579085425 0.427400708 -0.902205765
vn -0.0632312819 0.500512064 -0.863417327
vn -0.0580694973 0.498445243 -0.864974141
vn -0.0639037341 0.564456463 -0.82298553
vn -0.0636976585 0.564378381 -0.823055029
vn 1.00142222e-06 -1 0.000120700664
vn -9.01288695e-06 -1 -5.03028514e-06
vn -0.0462447479 0.00229502213 0.998927474
vn -0.0465122983 -0.00153968786 0.998916507
vn -0.0417738222 -0.00766329886 0.999097705
vn -0.0341328867 0.0240874346 0.999126971
vn -0.0704241842 -0.0319995992 0.997003734
vn -0.0493876487 0.0113747055 0.998714924
vn -0.00743005611 -0.007586502 0.999943614
vn -0.000909016002 2.96870458e-05 0.999999583
vn -0.000864908739 0.00219988357 0.999997199
vn -0.00182502146 -4.81790858e-06 0.999998331
vn -0.0016223694 0.00998413563 0.999948859
vn -0.006728712 4.57626593e-05 0.99997735
vn 0.151523232 0.983743608 0.0963807479
vn 0.146837443 0.984992683 0.0907090232
vn 0.105067961 0.983288825 0.148673475
vn 0.105063528 0.983288646 0.14867796
vn 0.105076 0.983298302 0.148605064
vn 0.105097212 0.983299315 0.148583576
vn 0.105072714 0.983290553 0.148658574
vn 0.105066329 0.983292103 0.148653075
vn 0.105042875 0.983281314 0.148741007
vn 0.105055213 0.983281851 0.148728535
vn 0.105086498 0.983299375 0.148590535
vn 0.105077229 0.983298957 0.148599893
vn 0.105055876 0.983288407 0.148684666
vn 0.105082907 0.983289659 0.148657411
vn 0.10508047 0.983289242 0.148661971
vn 0.105064988 0.983292937 0.148648575
vn 0.105067939 0.983294368 0.148636758
vn 0.105083302 0.983295083 0.148621291
vn 0.105077393 0.983298421 0.148603305
vn 0.134896472 0.975378275 0.17447114
vn 0.143383473 0.988550007 0.0470117591
vn 0.14772144 0.986615956 0.0690454692
vn 0.164680526 0.984686971 0.0572008416
vn 0.175060749 0.982514441 0.0633959696
vn 0.171703845 0.982985616 0.065245837
vn 0.238350645 0.971110642 -0.0115363291
vn 0.238324583 0.971117377 -0.0115074906
vn 0.190921262 0.98070097 0.0421274714
vn 0.170658961 0.983595073 0.0584485978
vn 0.184105977 0.981865942 0.0452138484
vn 0.196117133 0.98012048 0.0300314128
vn -0.0038909025 0.77967906 0.626167238
vn 0.453257948 0.872864962 0.180731699
vn 0.225041226 0.973044097 0.0504141971
vn 0.22428529 0.974443734 0.0124683585
vn 0.224280715 0.974444866 0.0124666253
vn 0.243684202 0.969851553 0.00245196116
vn 0.241684839 0.968299687 0.0631202161
vn 0.246554971 0.966758013 0.0677462444
vn 0.282178521 0.95710355 0.0657877922
vn 0.272118479 0.961228311 0.0446285419
vn 0.276192874 0.96027565 0.0398525223
vn 0.260661066 0.964798093 0.0349355638
vn 0.270917475 0.961952031 0.0353843831
vn 0.260157406 0.96521467 0.0260522086
vn 0.232846007 0.972403347 0.0146430898
vn 0.309704959 0.950508177 0.0248396341
vn 0.299835086 0.953846395 0.016613448
vn 0.270574898 0.961512148 0.0477869101
vn 0.338123113 0.92168045 0.190204948
vn 0.405598611 0.903283894 0.139885619
vn 0.354831427 0.917318404 0.180614635
vn 0.385708034 0.911598086 0.142190918
vn 0.396148443 0.909368694 0.126944914
vn 0.374455839 0.914435267 0.15359351
vn 0.371124774 0.915079594 0.157783791
vn 0.268693715 0.939676046 0.211689875
vn 0.224545166 0.938147068 0.263551861
vn 0.228555441 0.94673878 0.226821721
vn 0.146237507 0.943270147 0.298087239
vn 0.189729065 0.951930106 0.240482673
vn 0.0742821768 0.930548728 0.358554333
vn 0.121912435 0.957400918 0.261764795
vn 0.0196075998 0.924706519 0.380175412
vn 0.0279053189 0.933456481 0.35760358
vn 0.0185951348 0.957649589 0.287335157
vn 0.0127153965 0.94998157 0.312046975
vn -0.00507835299 0.955698192 0.294304579
vn -0.00355577329 0.952254176 0.305285633
vn -0.00834302604 0.939304948 0.342981964
vn -0.0143605536 0.946928144 0.321124434
vn -0.0261193346 0.949740589 0.311946541
vn -0.00544812996 0.958816648 0.283973485
vn -0.000868828618 0.957352936 0.288919806
vn 0.202394083 0.914482236 0.350369632
vn 0.286370128 0.921433747 0.26258719
vn 0.371780336 0.915132821 0.155920982
vn 0.19741182 0.913494706 0.355747163
vn 0.198844701 0.913817465 0.35411647
vn 0.240791053 0.929829895 0.278273284
vn 0.156761646 0.914094925 0.373973638
vn 0.184509441 0.92476964 0.332802385
vn 0.129321232 0.917131305 0.377022862
vn 0.126256943 0.92260927 0.364487708
vn 0.304892629 0.947954416 0.0917761773
vn 0.316407382 0.943084061 0.102366306
vn 0.366954833 0.930233181 -0.00321758841
vn 0.345548302 0.93829608 -0.0140296789
vn 0.329444647 0.943785131 0.027126763
vn 0.304491997 0.950885653 0.0556874275
vn 0.305460721 0.950641394 0.0545406565
vn 0.314177155 0.947950721 0.0517891757
vn 0.300409883 0.951461017 0.0669017583
vn 0.286071032 0.955699384 0.0692964792
vn 0.367325574 0.92463237 0.100632593
vn 0.370441198 0.923696339 0.0977670625
vn 0.338559806 0.930911958 0.137040883
vn 0.353532493 0.926814318 0.126609758
vn 0.258565277 0.933772087 0.247414082
vn 0.389194846 0.911752105 0.131283998
vn 0.42809692 0.902908683 0.0385865644
vn 0.38964659 0.918790281 0.0632455498
vn 0.405051619 0.914246202 -0.00932892039
vn 0.363515675 0.930563807 0.0436733738
vn 0.343829602 0.937197268 0.0586729422
vn 0.315746784 0.944298804 0.0927565992
vn 0.363427788 0.92984426 0.0575319119
vn 0.346075535 0.934870243 0.0790525228
vn 0.344365597 0.935355783 0.0807585195
vn 0.275471568 0.961215138 0.0134472912
vn 0.143857032 0.89106828 0.430467755
vn 0.130821511 0.608814359 0.782451808
vn 0.114465825 -0.61286962 0.781849384
vn 0.0330907851 -0.546709836 0.836668015
vn 0.00897488836 -0.467686504 0.883848846
vn 0.112015791 -0.534553111 0.837678611
vn 0.060650859 -0.532667458 0.844148576
vn 0.0605626777 -0.581855476 0.811034143
vn 0.0624211729 -0.326889455 0.942998886
vn 0.0623200908 -0.383980691 0.921235621
vn 0.155710042 -0.394130409 0.905767977
vn 0.0643196255 -0.418874502 0.905763268
vn 0.0641349629 -0.470974088 0.879812539
vn 0.0636331737 -0.256635576 0.964411199
vn 0.0729350224 -0.104691699 0.991826653
vn 0.0633349568 0.0741191357 0.995236158
vn 0.127562821 0.0547532216 0.99031806
vn 0.159352332 0.0481829718 0.986045241
vn 0.0536341518 0.0277417582 0.998175204
vn 0.0661891699 0.00337362569 0.997801363
vn 0.0633274019 0.102849238 0.99267906
vn 0.157081515 0.123482548 0.979835451
vn 0.0580949783 0.141726434 0.988199651
vn 0.0830250084 0.204406232 0.975358903
vn 0.0629333928 0.299779892 0.951930344
vn 0.115949236 0.281911135 0.952408493
vn 0.0629494563 0.327106774 0.942888379
vn 0.157210261 0.343176454 0.92602098
vn 0.0479899496 0.365674257 0.929504871
vn 0.0683595687 0.392003804 0.917420268
vn 0.125781 0.415242076 0.900973439
vn 0.0745789409 0.42322588 0.902949512
vn 0.0538320616 0.47141844 0.880265176
vn 0.154306442 0.481222779 0.862910271
vn 0.106135935 0.494687289 0.862565756
vn 0.0728818104 0.592853904 0.802005291
vn 0.0392409898 0.570528805 0.820339561
vn 0.156677887 0.545399964 0.823402047
vn 0.0625705421 0.534526646 0.842832267
vn 0.0625443757 0.509919405 0.857945442
vn 0.0620875992 0.692276657 0.718956292
vn 0.0973298699 0.680279195 0.726462066
vn 0.14976728 0.665065885 0.731612742
vn 0.060394343 0.660909951 0.748031139
vn 0.0644167289 0.619687319 0.782200813
vn 0.0621283427 0.712975681 0.698430896
vn 0.157065719 0.718650162 0.677401185
vn 0.0307915751 0.744644284 0.666750908
vn 0.0779736862 0.76176697 0.643141687
vn 0.134327441 0.771116555 0.622362733
vn 0.0567760915 0.783510327 0.618779421
vn 0.0663149655 0.815524697 0.574910283
vn 0.142310485 0.815384984 0.56115514
vn 0.0880921558 0.83038801 0.550177693
vn 0.0869926214 0.889024556 0.449519306
vn 0.0245540962 0.878189564 0.477682114
vn 0.15446654 0.854157746 0.496542662
vn 0.0616031624 0.85386461 0.516836762
vn 0.0615569763 0.838588655 0.541276097
vn 0.06188659 0.940658689 0.333663344
vn 0.0793049112 0.93601197 0.342917413
vn 0.136645272 0.922546566 0.360882103
vn 0.0825500488 0.925358117 0.369997084
vn 0.0423785299 0.906106293 0.42092213
vn 0.0619369112 0.949959159 0.306172222
vn 0.153382942 0.945167243 0.288327247
vn 0.0217522401 0.965167999 0.260725141
vn 0.095798783 0.96805495 0.231715783
vn 0.147690117 0.96522975 0.215682968
vn 0.0353191569 0.978952885 0.201006964
vn 0.0938282087 0.984689534 0.146910712
vn 0.127864301 0.981567502 0.142042115
vn 0.0738068745 0.990190327 0.118640691
vn 0.0749620274 0.997146726 0.00889236201
vn 0.00253758207 0.999601424 0.0281157978
vn 0.152806967 0.986020863 0.0664299428
vn 0.0622581877 0.994711041 0.0816938356
vn 0.0621985719 0.991945565 0.110341877
vn 0.76568079 0.643206179 0.00432732282
vn 0.765259504 0.643704653 0.00470965356
vn 0.806167126 0.591171026 0.0247250292
vn 0.70835191 0.704267383 0.0473813601
vn 0.722296596 0.684437931 0.0991581902
vn 0.798116207 0.598937631 0.0654543266
vn 0.756017804 0.652491152 0.0518883131
vn 0.746155024 0.649710655 0.14535749
vn 0.767674208 0.625860751 0.137748569
vn 0.794314444 0.599937439 0.095601365
vn 0.713454425 0.65253365 0.255308807
vn 0.81491226 0.547625065 0.189801976
vn 0.71234858 0.671240211 0.204929486
vn 0.751179695 0.632781029 0.187928721
vn 0.79024148 0.592287123 0.157207921
vn 0.711784899 0.632441044 0.305582345
vn 0.760679722 0.587198794 0.276701927
vn 0.802604735 0.551157236 0.228147507
vn 0.759038985 0.536268771 0.369155347
vn 0.790338695 0.520345271 0.323427826
vn 0.718384862 0.601369023 0.349683374
vn 0.797668576 0.526191711 0.294698387
vn 0.77318418 0.565446973 0.287151545
vn 0.714013994 0.544781506 0.439769357
vn 0.80189538 0.471966654 0.366348565
vn 0.75033313 0.544998288 0.374135107
vn 0.744678676 0.448912978 0.493893564
vn 0.805249393 0.422562838 0.415949583
vn 0.71065855 0.511932194 0.482586622
vn 0.781478107 0.463667452 0.417497903
vn 0.783476293 0.473784298 0.402111053
vn 0.782469034 0.369059294 0.501535058
vn 0.728538871 0.419205248 0.541754663
vn 0.714044154 0.429870516 0.552586913
vn 0.788530648 0.390486747 0.475120544
vn 0.767586052 0.429363459 0.475876749
vn 0.782424629 0.354248613 0.512171507
vn 0.708215952 0.389821589 0.588616371
vn 0.810609043 0.310059279 0.496765733
vn 0.731023192 0.332343757 0.595946908
vn 0.735190034 0.329770774 0.592238843
vn 0.73115921 0.285624951 0.619535804
vn 0.781842232 0.266071051 0.563851833
vn 0.78254801 0.286850989 0.552571356
vn 0.707378328 0.245602414 0.662793636
vn 0.783850908 0.226398587 0.578205407
vn 0.781731725 0.244479343 0.573694468
vn 0.794126749 0.158562601 0.586703181
vn 0.782396913 0.105302438 0.613813043
vn 0.756401062 0.125501022 0.641955554
vn 0.782321572 0.0872651413 0.616731524
vn 0.711325288 0.0879627466 0.697337031
vn 0.814819336 0.0509899557 0.577468157
vn 0.71296984 0.0342703424 0.700356722
vn 0.802384019 0.0175190587 0.596550882
vn 0.674972177 -0.463649631 0.57397002
vn 0.718880534 -0.391802609 0.574196339
vn 0.718662202 -0.405307055 0.565022826
vn 0.523424566 -0.529766142 0.667363882
vn 0.502077401 -0.475943267 0.722077787
vn 0.571213126 -0.499883175 0.651024103
vn 0.304796904 -0.574508488 0.75963074
vn 0.278330207 -0.524301708 0.804760873
vn 0.33143279 -0.562726319 0.757292151
vn 0.759347796 -0.42493403 0.492769718
vn 0.788459659 -0.359538972 0.49906224
vn 0.782174647 -0.363187551 0.506258488
vn 0.782918572 -0.33774215 0.522464097
vn 0.729613066 -0.365776092 0.577817082
vn 0.782336712 -0.317786813 0.535687268
vn 0.782802582 -0.29160279 0.549716234
vn 0.798310578 -0.280874282 0.53273809
vn 0.765770793 -0.25709039 0.58949101
vn 0.801111817 -0.235999689 0.550021768
vn 0.77366513 -0.21985957 0.594225585
vn 0.710639238 -0.230972111 0.664562821
vn 0.782203853 -0.195556298 0.591535985
vn 0.782521844 -0.175037622 0.597512662
vn 0.782357275 -0.141835019 0.606465101
vn 0.782466054 -0.123983622 0.61022532
vn 0.773870468 -0.0725200027 0.629178286
vn 0.782419622 -0.0322276838 0.621917129
vn 0.617061496 -0.457207471 0.640465856
vn 0.62811774 -0.434894562 0.645240128
vn 0.627859592 -0.45345369 0.632591546
vn 0.717934668 -0.405576736 0.565753758
vn 0.718846083 -0.3716456 0.587486029
vn 0.717349172 -0.372648776 0.588679135
vn 0.718591928 -0.325738341 0.614426732
vn 0.717389822 -0.326468319 0.61544311
vn 0.718444467 -0.277941108 0.637641191
vn 0.717498064 -0.278453022 0.638482869
vn 0.718371809 -0.22827296 0.657140315
vn 0.717551231 -0.228659466 0.657902062
vn 0.718210459 -0.177208632 0.672882497
vn 0.722956657 -0.175951675 0.668112755
vn 0.725417078 -0.175030902 0.665683329
vn 0.524589896 -0.495767683 0.692112625
vn 0.627050817 -0.45363757 0.633261561
vn 0.628030717 -0.415805429 0.657786667
vn 0.626340151 -0.416742921 0.658804476
vn 0.62768501 -0.364461422 0.687880337
vn 0.626366556 -0.365129739 0.6887272
vn 0.627511144 -0.310971379 0.713811278
vn 0.626471996 -0.311445624 0.714516938
vn 0.627422452 -0.255366415 0.735614777
vn 0.626518607 -0.255730569 0.736258328
vn 0.627243161 -0.198278993 0.753161013
vn 0.717688501 -0.1772746 0.6734218
vn 0.718132854 -0.125183195 0.68455416
vn 0.707397759 -0.127149418 0.695285141
vn 0.788491845 -0.0981535465 0.607162654
vn 0.404557347 -0.556214571 0.725919247
vn 0.416407555 -0.531701148 0.737494826
vn 0.416451633 -0.529223025 0.739250302
vn 0.523782551 -0.495877206 0.692645371
vn 0.524742484 -0.454641193 0.719685137
vn 0.522998214 -0.455414116 0.72046572
vn 0.524325848 -0.398507684 0.752511859
vn 0.523023963 -0.399038315 0.753136337
vn 0.524157286 -0.340000719 0.780806422
vn 0.523115635 -0.340385944 0.781336963
vn 0.524059832 -0.279170543 0.804627299
vn 0.523128211 -0.279477656 0.805126786
vn 0.523859859 -0.216788739 0.823755741
vn 0.626725674 -0.19831109 0.753583193
vn 0.62722832 -0.140083998 0.766133845
vn 0.717846036 -0.12519674 0.684852481
vn 0.718100667 -0.0725340322 0.692149043
vn 0.718792081 -0.0724594966 0.691438735
vn 0.782402039 -0.0488105416 0.620857954
vn 0.305155605 -0.554176092 0.774447501
vn 0.415729672 -0.52926898 0.739623666
vn 0.416576862 -0.485356987 0.768695176
vn 0.414946049 -0.485925615 0.769217849
vn 0.416131973 -0.425423801 0.803647161
vn 0.414945662 -0.425807118 0.804057479
vn 0.415962309 -0.362953752 0.833810508
vn 0.415027022 -0.363230407 0.834155977
vn 0.415878177 -0.297986865 0.859214246
vn 0.415036649 -0.298211217 0.859543264
vn 0.415711641 -0.231413573 0.879563272
vn 0.523393393 -0.216800287 0.824049115
vn 0.523920298 -0.153182983 0.837879777
vn 0.626975 -0.140083924 0.766341209
vn 0.627271712 -0.0811531022 0.77456075
vn 0.717921257 -0.0725282207 0.692335725
vn 0.718010902 -0.0194117799 0.695761144
vn 0.712505817 -0.0195692182 0.701393247
vn 0.759640872 -0.0121685266 0.650228977
vn 0.204444245 -0.554122508 0.806939125
vn 0.187595248 -0.587316513 0.787316561
vn 0.187755346 -0.571475446 0.79885149
vn 0.30460909 -0.554178178 0.774661124
vn 0.305266023 -0.508268595 0.805279851
vn 0.303862929 -0.508640587 0.805575609
vn 0.304801643 -0.445502877 0.84179759
vn 0.303858846 -0.445736855 0.842014551
vn 0.304669052 -0.380071878 0.873339653
vn 0.303940713 -0.380239338 0.873520494
vn 0.304624349 -0.312012911 0.899917781
vn 0.303926229 -0.312159628 0.900102913
vn 0.304489732 -0.24231334 0.921178699
vn 0.415305585 -0.231412038 0.879755497
vn 0.415815711 -0.163541377 0.894623637
vn 0.523707747 -0.153178066 0.83801353
vn 0.524030328 -0.088718839 0.847066224
vn 0.627025366 -0.0811376274 0.774761796
vn 0.627130806 -0.021707302 0.778611422
vn 0.71788156 -0.019397309 0.695894957
vn 0.717869341 0.0340216421 0.695346057
vn 0.717896998 0.034024138 0.695317388
vn 0.717872143 0.0871120095 0.690703332
vn 0.717971206 0.0871130675 0.690600216
vn 0.717972636 0.13961564 0.681925774
vn 0.711561978 0.140930519 0.688344538
vn 0.77529186 0.139276832 0.616055608
vn 0.0526268929 -0.580958009 0.812230408
vn 0.187441781 -0.571455359 0.798939526
vn 0.187838688 -0.524150372 0.830652177
vn 0.186798379 -0.524350822 0.830760241
vn 0.187397778 -0.459417999 0.868226469
vn 0.186788067 -0.459530234 0.868298471
vn 0.187312156 -0.391934812 0.900722623
vn 0.186847955 -0.392015845 0.900783777
vn 0.187298134 -0.321733475 0.928120136
vn 0.186830997 -0.321810067 0.928187728
vn 0.187233612 -0.249859497 0.95000726
vn 0.304152161 -0.242304236 0.921292663
vn 0.304608166 -0.171267897 0.936953127
vn 0.415649712 -0.16353479 0.894702017
vn 0.415976286 -0.0946952477 0.904431581
vn 0.523766935 -0.0887000933 0.84723109
vn 0.523883164 -0.0237154905 0.85145992
vn 0.626969755 -0.0216871724 0.778741658
vn 0.626955688 0.0380571149 0.778124809
vn 0.627013743 0.0380633883 0.778077722
vn 0.626986861 0.0974584892 0.772909641
vn 0.62712115 0.0974646285 0.772799909
vn 0.627125978 0.156243637 0.763086498
vn 0.717955589 0.139621526 0.681942463
vn 0.717973292 0.191217631 0.669290781
vn 0.720978737 0.190362036 0.666297197
vn 0.813794553 0.184302405 0.551154315
vn 0.684025347 0.729180038 0.0201431885
vn 0.719524264 0.694466472 0.00107792392
vn 0.719265342 0.693168521 0.0466346219
vn 0.71916461 0.693271577 0.04665583
vn 0.719020069 0.687808633 0.0996467471
vn 0.719042182 0.6877864 0.0996403694
vn 0.718912661 0.67833066 0.151763514
vn 0.718986571 0.67825824 0.151736602
vn 0.718874753 0.664845526 0.202976614
vn 0.718933523 0.664789796 0.202950895
vn 0.718833208 0.647394061 0.253297716
vn 0.718812823 0.647412658 0.253308058
vn 0.718714178 0.626055539 0.30249697
vn 0.718694687 0.626072466 0.302508205
vn 0.718596578 0.601180017 0.349573433
vn 0.718606412 0.601171911 0.349567145
vn 0.718517542 0.572893322 0.394367576
vn 0.718522191 0.572889745 0.394364327
vn 0.718445957 0.541242301 0.43691209
vn 0.718429148 0.541254342 0.436924815
vn 0.718360662 0.506208897 0.477190226
vn 0.718346655 0.506218076 0.477201551
vn 0.718280017 0.46796751 0.514859378
vn 0.718262494 0.467977881 0.514874458
vn 0.718199372 0.42725265 0.549222052
vn 0.718207538 0.427248389 0.549214661
vn 0.718156159 0.384236664 0.5801844
vn 0.718127012 0.384249836 0.580211759
vn 0.718089879 0.338966548 0.607822776
vn 0.718043685 0.338984102 0.607867599
vn 0.71801573 0.291409314 0.632087052
vn 0.717926383 0.291436464 0.632175982
vn 0.717900813 0.241888851 0.652769625
vn 0.717899799 0.241889089 0.652770698
vn 0.717876017 0.191258401 0.669383526
vn 0.627067029 0.214011669 0.74898994
vn 0.627043724 0.15626882 0.763148904
vn 0.523867488 0.170882583 0.834483087
vn 0.523858368 0.1065621 0.845113575
vn 0.523710847 0.106553547 0.845206082
vn 0.523737848 0.0416101068 0.850862682
vn 0.523655772 0.0416014306 0.850913584
vn 0.523670971 -0.0236902926 0.85159117
vn 0.415819645 -0.0252925698 0.909095347
vn 0.415699571 -0.0946743041 0.904561043
vn 0.304774344 -0.0991473943 0.947249889
vn 0.304464728 -0.171260357 0.937001109
vn 0.187320024 -0.176620141 0.966290116
vn 0.186953247 -0.249843895 0.950066566
vn 0.0315864012 -0.254202604 0.966635048
vn 0.0917511955 -0.328866988 0.939908624
vn 0.618607819 0.785512209 0.0171750281
vn 0.628995121 0.777291119 0.0135540338
vn 0.628615558 0.775960982 0.0522212461
vn 0.628369629 0.776156783 0.0522707961
vn 0.628190637 0.770020187 0.111559272
vn 0.628251731 0.769972622 0.111543268
vn 0.628091514 0.759367049 0.169890255
vn 0.628261447 0.75923866 0.169835821
vn 0.628121376 0.744205713 0.227203399
vn 0.62824887 0.74411279 0.227155328
vn 0.628120482 0.724623859 0.283522278
vn 0.628091753 0.724643946 0.283534676
vn 0.627965629 0.700729012 0.338582337
vn 0.627935886 0.700748742 0.338596761
vn 0.627812088 0.672878146 0.391263276
vn 0.627826631 0.672869086 0.391255558
vn 0.627714634 0.641206205 0.441394299
vn 0.627722144 0.641201854 0.441389978
vn 0.627624571 0.605769277 0.489010215
vn 0.627626121 0.605768442 0.489009202
vn 0.627536774 0.566534936 0.534074664
vn 0.627500415 0.566552579 0.534098685
vn 0.627413869 0.523742795 0.576233685
vn 0.627407312 0.523745656 0.576238275
vn 0.627325952 0.478169262 0.614667594
vn 0.627339125 0.478164285 0.614658058
vn 0.627272367 0.430020034 0.649316669
vn 0.627262056 0.430023342 0.649324417
vn 0.627212584 0.379334986 0.680227399
vn 0.627134979 0.379355431 0.68028754
vn 0.627096057 0.326100439 0.707395971
vn 0.626948297 0.32613042 0.707513094
vn 0.626912594 0.270702958 0.730548084
vn 0.62692368 0.270701379 0.730539143
vn 0.626892447 0.214075059 0.74911797
vn 0.523755372 0.234074265 0.819078505
vn 0.523725986 0.170918882 0.834564447
vn 0.415801436 0.182474256 0.890961468
vn 0.415787637 0.113753743 0.90231961
vn 0.41563502 0.113743715 0.902391195
vn 0.415660143 0.044411093 0.908435106
vn 0.415569603 0.0444019139 0.908476949
vn 0.415584832 -0.0252664723 0.90920341
vn 0.304652691 -0.0264603551 0.952095866
vn 0.304535359 -0.0991287753 0.947328746
vn 0.187473595 -0.10223034 0.976935327
vn 0.187200695 -0.176611602 0.966314793
vn 0.158692881 -0.177512392 0.971239388
vn 0.0638661981 -0.199972391 0.977717817
vn 0.524135172 0.851589262 0.00883331336
vn 0.525057197 0.851025164 0.0084323613
vn 0.524679244 0.849376321 0.0571975224
vn 0.524405003 0.849542379 0.0572459437
vn 0.524197519 0.842798769 0.122095235
vn 0.524331629 0.842719615 0.12206541
vn 0.524145901 0.831088185 0.185912684
vn 0.524473131 0.830901206 0.185825393
vn 0.524308681 0.814424098 0.248623759
vn 0.524567604 0.814281821 0.24854359
vn 0.524414361 0.79292649 0.310253352
vn 0.524416864 0.792925179 0.310252488
vn 0.524266183 0.766738713 0.370481759
vn 0.524268568 0.766737521 0.370480806
vn 0.524122119 0.736227274 0.428095102
vn 0.5241943 0.736193776 0.428064287
vn 0.524061501 0.701532483 0.482919991
vn 0.524147153 0.701495647 0.482880533
vn 0.524030089 0.662712812 0.534980536
vn 0.524100721 0.662685037 0.534945786
vn 0.523992658 0.619743824 0.584251046
vn 0.524012446 0.61973685 0.584240735
vn 0.523906589 0.572900653 0.630322695
vn 0.523952961 0.572886169 0.630297363
vn 0.523854196 0.523028076 0.672323167
vn 0.523901463 0.523015261 0.672296286
vn 0.523819864 0.470345765 0.710202515
vn 0.523853183 0.470338225 0.710182965
vn 0.523791075 0.414878249 0.743988514
vn 0.523747683 0.414886087 0.74401468
vn 0.523697317 0.356616944 0.773670137
vn 0.523542702 0.356637627 0.773765206
vn 0.523497283 0.296043366 0.798942387
vn 0.523527265 0.296040803 0.798923731
vn 0.523488641 0.234154165 0.819226146
vn 0.415652812 0.249958396 0.874501884
vn 0.4156183 0.182513297 0.891038895
vn 0.304587632 0.191134676 0.93310982
vn 0.304569125 0.119116873 0.945012629
vn 0.304440022 0.119107738 0.945055366
vn 0.304461867 0.0464981757 0.951388955
vn 0.304405689 0.0464927852 0.951407135
vn 0.304419935 -0.0264364239 0.952171028
vn 0.187389225 -0.0272634737 0.981907308
vn 0.187280864 -0.102213547 0.97697401
vn 0.0635855868 -0.103845924 0.992558777
vn 0.0634497032 -0.162443578 0.984675705
vn 0.406455159 0.913524926 0.0163225122
vn 0.415818274 0.909352481 0.0131611181
vn 0.415435344 0.907565236 0.061145816
vn 0.415220112 0.907661498 0.0611788966
vn 0.414995641 0.900427103 0.130421042
vn 0.415245384 0.900318742 0.130374223
vn 0.415043801 0.887868226 0.198566407
vn 0.415491074 0.887681067 0.198467955
vn 0.415310174 0.870052636 0.265567034
vn 0.415698707 0.869896889 0.265469342
vn 0.41552794 0.847049415 0.331426919
vn 0.415631205 0.847010136 0.331397861
vn 0.415462911 0.819014072 0.395735413
vn 0.415554732 0.81898123 0.395706952
vn 0.415392756 0.786373496 0.457236946
vn 0.415545762 0.786322534 0.457185477
vn 0.41539821 0.749282658 0.515771091
vn 0.415577322 0.749227822 0.51570648
vn 0.415445656 0.70778656 0.571352005
vn 0.415599167 0.707743883 0.571293175
vn 0.41547659 0.661861181 0.623954296
vn 0.415580183 0.661835551 0.623912513
vn 0.415459841 0.611806631 0.673116446
vn 0.415572733 0.611782312 0.673068881
vn 0.415460438 0.558529794 0.717939436
vn 0.415598065 0.558504641 0.717879355
vn 0.415504396 0.50224781 0.758355618
vn 0.415590167 0.502234995 0.758317053
vn 0.415517569 0.442995369 0.794418216
vn 0.41552192 0.442994863 0.794416189
vn 0.415462404 0.380749732 0.826087534
vn 0.415346593 0.380758852 0.826141596
vn 0.415293485 0.316080362 0.853009105
vn 0.415368646 0.316077143 0.8529737
vn 0.415323704 0.250038922 0.87463522
vn 0.304436117 0.261823118 0.915842414
vn 0.304396242 0.191167891 0.933165431
vn 0.187289208 0.197142959 0.962318778
vn 0.187266216 0.122832462 0.974599183
vn 0.187173739 0.12282481 0.974617898
vn 0.187191069 0.0479459614 0.981152713
vn 0.187171474 0.0479440428 0.981156588
vn 0.187183648 -0.0272424724 0.981947124
vn 0.109501734 -0.0275663994 0.993604302
vn 0.0553933494 -0.0338681526 0.997890055
vn 0.335120261 0.942076921 0.0136183705
vn 0.303495407 0.952662945 0.0179969445
vn 0.30315274 0.950785637 0.0640711635
vn 0.303049862 0.950817525 0.0640847832
vn 0.302820951 0.943210304 0.136578768
vn 0.303163111 0.943108141 0.136525482
vn 0.302955657 0.930043101 0.207936838
vn 0.303472698 0.929895103 0.207844734
vn 0.303284079 0.911405504 0.278134406
vn 0.303749859 0.911278784 0.278041452
vn 0.303569645 0.887313366 0.347160518
vn 0.303759426 0.887264729 0.347118795
vn 0.30358234 0.857915223 0.414510816
vn 0.303768665 0.857870817 0.414466262
vn 0.30359897 0.823695838 0.478907943
vn 0.303834915 0.823644042 0.478847384
vn 0.303679734 0.784829319 0.540205121
vn 0.303936362 0.784778118 0.540135145
vn 0.303796679 0.741352856 0.598417521
vn 0.304032028 0.741310954 0.598349929
vn 0.303900361 0.693232834 0.653508127
vn 0.304082364 0.693204463 0.653453469
vn 0.303952664 0.640792906 0.704980314
vn 0.304131359 0.640769303 0.704924703
vn 0.3040106 0.584986866 0.751909494
vn 0.304186702 0.584967852 0.751853108
vn 0.304085016 0.526034832 0.794241607
vn 0.304243624 0.5260216 0.794189572
vn 0.304162771 0.463958532 0.832002103
vn 0.304231435 0.463954538 0.831979215
vn 0.304164827 0.398738682 0.865153849
vn 0.304098606 0.398740828 0.865176141
vn 0.304039478 0.331020951 0.893300116
vn 0.304154187 0.331020236 0.893261373
vn 0.304103911 0.261887968 0.915934205
vn 0.187188089 0.270051628 0.944474816
vn 0.187143847 0.19716382 0.962342799
vn 0.120111801 0.199257672 0.97255826
vn 0.0649047866 0.170319766 0.983248949
vn 0.20048295 0.979584694 0.0148464832
vn 0.185684502 0.982445776 0.0179329496
vn 0.185414672 0.9804371 0.0660641715
vn 0.185471445 0.980426848 0.0660573691
vn 0.185250476 0.972554982 0.140780091
vn 0.185608938 0.972493589 0.140732318
vn 0.185405269 0.958999753 0.214346424
vn 0.185902983 0.958919644 0.214273736
vn 0.185714796 0.939832151 0.286749929
vn 0.186155826 0.939766169 0.286680281
vn 0.185975567 0.91502434 0.35797143
vn 0.186231419 0.914989233 0.357928187
vn 0.186054185 0.884701014 0.427420139
vn 0.186271489 0.884674072 0.427381217
vn 0.186102256 0.849415004 0.493821889
vn 0.18638216 0.849384248 0.493769228
vn 0.186226651 0.809341133 0.557033718
vn 0.186503366 0.809314728 0.556979477
vn 0.186361149 0.764517844 0.617075324
vn 0.186624333 0.764496744 0.617021918
vn 0.186489075 0.7148996 0.673899412
vn 0.186708927 0.714885414 0.673853576
vn 0.186575785 0.66082412 0.726980686
vn 0.18677941 0.660814285 0.726937354
vn 0.186655283 0.60327965 0.775379598
vn 0.18687354 0.603272617 0.775332451
vn 0.186767533 0.542487204 0.819039345
vn 0.186937079 0.542484581 0.81900245
vn 0.186851576 0.478467077 0.857995152
vn 0.186963215 0.478467226 0.857970774
vn 0.186892331 0.411190331 0.892184854
vn 0.18689324 0.411190361 0.892184615
vn 0.18683143 0.341365844 0.921175003
vn 0.186956719 0.341370195 0.921147943
vn 0.186903074 0.270096004 0.944518626
vn 0.157485425 0.271510392 0.949463248
vn 0.0498693734 0.255636871 0.965485811
vn -0.0302846711 -0.986753404 0.159375697
vn 0.673053801 -0.735295832 0.0796154812
vn 0.740896463 -0.664417624 0.0980900973
vn 0.0324447453 -0.983491063 0.178024277
vn 0.0916604847 -0.978373706 0.185427055
vn 0.189529508 -0.964179814 0.185569063
vn 0.167348593 -0.969513834 0.178989783
vn 0.271499872 -0.944831789 0.183250442
vn 0.308141619 -0.935279667 0.174070895
vn 0.349730849 -0.920164227 0.176028684
vn 0.397556603 -0.901453912 0.171258882
vn 0.422494173 -0.891118407 0.165549472
vn 0.469608396 -0.866540492 0.169042885
vn 0.532994807 -0.831762671 0.155201197
vn 0.558611512 -0.814381063 0.157278895
vn 0.621172488 -0.7697438 0.147102967
vn 0.637511134 -0.757279634 0.141799524
vn 0.66264838 -0.735466123 0.141374424
vn 0.717032731 -0.696536839 0.0264668986
vn 0.673154533 -0.738455892 0.0393169448
vn 0.728495717 -0.684959888 0.0111321565
vn 0.704632878 -0.709455729 0.012845817
vn 0.691331327 -0.722428083 0.0125975497
vn 0.629232049 -0.777093232 0.0138969384
vn 0.62911272 -0.777189612 0.0139111066
vn 0.52494508 -0.851007819 0.0147786839
vn 0.513002872 -0.858278155 0.0136641003
vn 0.415094137 -0.909616709 0.017153915
vn 0.399970651 -0.916383684 0.0162610523
vn 0.0616817996 -0.997718811 0.0274313502
vn 0.32706058 -0.944854677 0.0167620499
vn 0.301632822 -0.953251719 0.0181318261
vn 0.26952666 -0.962840974 0.0171053745
vn 0.183681607 -0.982830822 0.0174551066
vn 0.199803054 -0.979657412 0.0187105704
vn 0.115256526 -0.993187547 0.017158797
vn 0.0786580518 -0.996838033 0.0112608597
vn 0.0636522472 -0.995297015 0.0730218664
vn 0.655414999 -0.754110277 0.0418189876
vn 0.629083633 -0.77614522 0.0430392362
vn 0.62979269 -0.775568366 0.0430683494
vn 0.524656296 -0.850004256 0.0472079962
vn 0.525848627 -0.849264085 0.0472618528
vn 0.414622098 -0.908587337 0.0505725406
vn 0.41613403 -0.90789181 0.0506448224
vn 0.301054627 -0.952126205 0.0531205982
vn 0.30281046 -0.951564372 0.0532074906
vn 0.183014005 -0.981576681 0.0548920482
vn 0.185001433 -0.981198072 0.0549985431
vn 0.129116848 -0.990075111 0.0554988123
vn 0.0624986254 -0.996760845 0.0506136492
vn 0.734236121 -0.676952899 0.0513039269
vn 0.654870689 -0.751504421 0.0799092054
vn 0.631738603 -0.770838976 0.0819369107
vn 0.630961001 -0.771461368 0.0820704848
vn 0.527912319 -0.844540775 0.0897745416
vn 0.526071906 -0.845659971 0.0900419727
vn 0.418349445 -0.903184474 0.0961331129
vn 0.415525824 -0.904450238 0.0964783654
vn 0.305078298 -0.946956396 0.100998886
vn 0.301397324 -0.948094606 0.10137216
vn 0.18713516 -0.976766944 0.104435399
vn 0.182617217 -0.977580845 0.104817286
vn 0.0662786514 -0.992114127 0.1063798
vn 0.721326709 -0.680448771 0.129140437
vn 0.740701616 -0.659267426 0.129335165
vn 0.703270793 -0.702291369 0.11044009
vn 0.634630442 -0.763457417 0.119904131
vn 0.635256588 -0.76293236 0.119930297
vn 0.529583991 -0.83798629 0.131604746
vn 0.531270683 -0.83690238 0.13170357
vn 0.418790966 -0.897052288 0.141107589
vn 0.421398312 -0.895801127 0.141293108
vn 0.304233342 -0.940968812 0.148390532
vn 0.307646513 -0.939814746 0.148667097
vn 0.184837073 -0.970700383 0.153544903
vn 0.188913941 -0.96985364 0.153933272
vn -0.000518276647 -0.987636447 0.156760782
vn 0.140658438 -0.984885931 0.101068839
vn -0.000331874471 -0.999936104 0.011299748
vn -0.00279276702 -0.999813437 0.0191131197
vn -0.000666025851 -0.999621928 0.0274870396
vn 0.000499981514 -0.998445272 0.0557381548
vn -6.37765479e-05 -0.987206578 0.159446329
vn -0.00263920333 -0.998709559 0.0507168695
vn -4.91764513e-05 -0.997319162 0.0731746778
vn -0.00114468904 -0.995031178 0.0995571837
vn 0.000237156957 -0.99477464 0.102094598
vn -0.000402336358 -0.990072191 0.140559405
vn 0.0094934199 -0.98433125 0.176073387
vn -6.71980015e-05 -0.977940738 0.208882555
vn 0.00311873388 -0.973334312 0.229370087
vn 0.00102373865 -0.971107781 0.238639221
vn -0.000363390543 -0.96247834 0.271358341
vn 0.00236342708 -0.952517033 0.304476112
vn 0.0019269475 -0.951861918 0.306521058
vn -0.000109419583 -0.940936863 0.338582128
vn -8.08126133e-05 -0.928131104 0.372253537
vn -0.00020428549 -0.927752197 0.37319681
vn -0.000471602369 -0.906003237 0.423270494
vn -0.00137998129 -0.902428865 0.430836707
vn 5.67247153e-05 -0.882466793 0.470374703
vn -0.00135625922 -0.862957418 0.505274832
vn -0.00111047726 -0.724889398 0.68886435
vn 0.000732108543 -0.807549834 0.589798868
vn 6.64365434e-05 -0.804122269 0.594463944
vn -8.41928559e-05 -0.854663014 0.519183159
vn 1.18558428e-05 -0.583202124 0.812327087
vn 0.000288595678 -0.611521959 0.7912274
vn 0.000858433254 -0.625666797 0.780089974
vn 0.00184042496 -0.63940233 0.768870115
vn 0.00133978971 -0.634216309 0.773154497
vn -0.000676260155 -0.678957164 0.73417753
vn 0.00170874852 -0.740561962 0.671985924
vn 3.39670623e-05 1 -5.39342818e-06
vn -2.43403264e-07 1 -0.000176816291
vn -0.00011593238 1 3.3006282e-14
vn -0.708218634 0.611772418 0.352364659
vn -0.708261788 0.611639559 0.352508515
vn -0.709895551 0.609752119 0.352492094
vn -0.717713356 0.596930921 0.358553976
vn -0.721538901 0.601964176 0.342082888
vn -0.72176069 0.602396429 0.340851903
vn -0.722136319 0.604946077 0.335498661
vn -0.726942778 0.594713032 0.343322903
vn -0.727954149 0.607845247 0.317185909
vn -0.733211577 0.59882319 0.322198004
vn -0.728857338 0.618340909 0.293975234
vn -0.737160563 0.60574609 0.299442798
vn -0.730156541 0.618802905 0.289748818
vn -0.72258985 0.637518525 0.267271519
vn -0.728191912 0.62986201 0.270204425
vn -0.713103056 0.653437436 0.25397557
vn -0.716973245 0.647766829 0.257580131
vn -0.705497205 0.667869866 0.237115145
vn -0.706974208 0.666056931 0.237814352
vn -0.690324485 0.688549936 0.222151041
vn -0.690080047 0.688849449 0.221981972
vn -0.676995695 0.706676304 0.205634207
vn -0.671390951 0.712754607 0.203014836
vn -0.644453228 0.743241847 0.179642931
vn -0.650208771 0.737934768 0.180778429
vn -0.61670512 0.769789815 0.164615944
vn -0.620045245 0.766832948 0.165864557
vn -0.592466235 0.79210788 0.146795288
vn -0.588600516 0.795144498 0.145926997
vn -0.535394311 0.835990727 0.120301351
vn -0.538973749 0.833096504 0.124328367
vn -0.477880359 0.87327981 0.0949354768
vn -0.45620212 0.88496393 0.0933725834
vn -0.435537845 0.896294355 0.0834460184
vn -0.370782435 0.926894069 0.0582050569
vn -0.395365685 0.915165722 0.0784705654
vn -0.329181433 0.943063736 0.047648415
vn -0.277605295 0.959811985 0.0411859825
vn -0.261910915 0.964499712 0.0338079408
vn -0.224547416 0.974115074 0.0260431599
vn -0.191083342 0.981336832 0.0215668492
vn -0.180260524 0.983478367 0.0166250989
vn -0.143865198 0.989526987 0.0117963618
vn -0.110161021 0.993883789 0.0077198497
vn -0.106775522 0.994263411 0.00627012225
vn -0.0355891548 0.999366522 9.91690031e-05
vn -0.0348910205 0.999391079 -0.000169129213
vn -0.70696044 0.706942201 0.0209677666
vn -0.703706264 0.694909453 0.147980809
vn -0.707498193 0.698927045 0.104629233
vn -0.706846893 0.699457228 0.105484597
vn -0.706245601 0.702909291 0.0844730437
vn -0.70723927 0.704149127 0.0631397441
vn -0.706179321 0.705316067 0.061968293
vn -0.706944406 0.706957698 0.0209865812
vn -0.704929233 0.683613956 0.189068168
vn -0.705523014 0.689058959 0.165635005
vn -0.708012819 0.691619158 0.142761186
vn -0.703051984 0.65787369 0.270037234
vn -0.704923153 0.665744424 0.244678855
vn -0.707582474 0.668566704 0.228791669
vn -0.702446401 0.675724506 0.223529533
vn -0.708064675 0.681517839 0.184872404
vn -0.707369089 0.636732697 0.306920856
vn -0.700983763 0.646642387 0.300791293
vn -0.708584368 0.654979408 0.262507588
vn -0.707980156 0.618624687 0.340686947
vn -0.702763319 0.627577245 0.335067928
vn -0.704399049 0.63332057 0.320510536
vn -0.710768282 0.614102781 0.343054205
vn -0.707886636 0.617515802 0.342885911
vn -0.706935525 0.607028902 0.362984955
vn -0.710925877 0.610754967 0.348658472
vn -0.710065126 0.613440514 0.345685244
vn -1 7.00860983e-05 -4.60912524e-05
vn -1 7.89252372e-05 -4.18438831e-05
vn -1 3.457809e-05 -1.93619871e-05
vn -1 8.72521632e-05 -5.95432721e-05
vn -1 8.74472389e-05 -6.39627033e-05
vn -1 9.19452941e-05 -6.10313073e-05
vn -1 9.55586147e-05 -7.76192028e-05
vn -1 9.80204786e-05 -7.42143384e-05
vn -1 4.33036512e-05 -1.12888174e-05
vn -1 5.55483239e-05 -2.56201274e-05
vn -1 5.63477915e-05 -2.80194636e-05
vn -1 6.02457221e-05 -2.3453933e-05
vn -1 7.18825177e-05 -3.78790719e-05
vn -1 7.29387975e-05 -4.3586253e-05
vn -1 -2.41172586e-07 -0.000107344531
vn -1 -2.54098467e-08 -1.13097776e-05
vn -1 8.5572774e-06 -3.44766448e-07
vn -1 1.57341346e-05 -1.09228167e-05
vn -1 1.93777196e-05 -2.70653459e-06
vn -1 3.497332e-05 -1.43961133e-05
vn -1 3.61758539e-05 -1.68278875e-05
vn -0.999999404 -0.000929372734 -0.000602684566
vn -0.999999404 -0.000923523738 -0.00060802704
vn -0.999999344 -0.000995326904 -0.000519543595
vn -0.999999523 -0.000805253454 -0.000563079841
vn -0.999999523 -0.000915021345 -0.000379256147
vn -0.999999642 -0.00071514328 -0.000457272137
vn -1 -0.000131883571 3.89523939e-06
vn -1 -0.000126926243 -2.55831546e-05
vn -1 -0.000145110884 -0.000125323873
vn -1 -0.000226645017 -4.91784303e-05
vn -0.99999994 -0.000205092088 -0.000141038676
vn -0.99999994 -0.000317714177 -7.5245538e-05
vn -0.99999994 -0.000289593649 -0.000172133266
vn -0.999999881 -0.000420225464 -0.000105384839
vn -0.999999881 -0.000419289427 -0.00010806803
vn -0.999999881 -0.000419708958 -0.00022619417
vn -0.999999821 -0.000548567914 -0.000142558754
vn -0.999999821 -0.000493344327 -0.000278961263
vn -0.999999762 -0.000640676415 -0.000223336523
vn -0.999999762 -0.000582170207 -0.000350664865
vn -0.999999702 -0.000749198196 -0.000297616905
vn -0.999999702 -0.000753996079 -0.000286994269
vn -0.126828372 0.103827454 -0.986475766
vn -0.610534489 0.508900881 -0.606850505
vn 0.777945399 -0.575653672 0.2518408
vn 0.765873253 -0.60662812 0.213167831
vn 0.773704231 -0.590288162 0.230090529
vn 0.766682744 -0.613925397 0.187864944
vn 0.763762891 -0.624170184 0.164553508
vn 0.759393513 -0.631307721 0.157391354
vn 0.760643005 -0.634910166 0.135319024
vn 0.787037909 -0.535556376 0.306187332
vn 0.793204367 -0.515914679 0.3235102
vn 0.783988416 -0.550451577 0.286993414
vn 0.805588424 -0.365818173 0.466051906
vn 0.804483593 -0.379179269 0.4571971
vn 0.805106103 -0.400250256 0.437725782
vn 0.803176999 -0.418471992 0.424014002
vn 0.797633886 -0.471604377 0.375991315
vn 0.802180231 -0.450699478 0.39163354
vn 0.796054959 -0.487803489 0.358251721
vn 0.80584234 0.00716857379 0.592086792
vn 0.805701315 0.484114707 0.341289252
vn 0.80409658 0.492003888 0.333707809
vn 0.805980086 0.48801586 0.335017323
vn 0.805796504 0.502953231 0.312618136
vn 0.806177199 0.471117079 0.357948333
vn 0.805477738 0.468144625 0.363381654
vn 0.806113303 0.453220963 0.38048929
vn 0.805190384 0.0174081139 0.592760801
vn 0.807079554 0.0421358459 0.588937283
vn 0.805739462 0.0520933457 0.589974761
vn 0.805765748 0.0829725713 0.586393297
vn 0.807209313 0.0963803604 0.582343459
vn 0.806860089 0.0998834074 0.582237124
vn 0.806854963 0.14956902 0.571501672
vn 0.80584532 0.130566835 0.577551365
vn 0.805825591 0.113608159 0.581152558
vn 0.807212651 0.201299712 0.554874897
vn 0.805479944 0.187940165 0.562032521
vn 0.806117833 0.154387236 0.571260571
vn 0.805876791 0.272796512 0.525494695
vn 0.806587458 0.252264082 0.534583509
vn 0.806582391 0.252293259 0.534577429
vn 0.805876672 0.232124075 0.544684529
vn 0.805823207 0.215904802 0.551392794
vn 0.805823863 0.288076013 0.51735878
vn 0.807216465 0.300193578 0.508217871
vn 0.805516064 0.313758701 0.502692103
vn 0.806052864 0.336668342 0.486757904
vn 0.807222784 0.345574528 0.478507727
vn 0.806660593 0.350284517 0.476024598
vn 0.807125628 0.388126194 0.444866568
vn 0.805864453 0.375948906 0.457432926
vn 0.805874825 0.362337321 0.468270689
vn 0.805899024 0.45139423 0.383105725
vn 0.805898309 0.439979076 0.396164536
vn 0.807007313 0.426974952 0.407960236
vn 0.805807769 0.422021955 0.415417016
vn 0.805790961 0.396710187 0.439683944
vn 0.00674316799 -0.767400682 -0.641132414
vn 0.108626358 -0.781211197 -0.614743352
vn 0.0899098441 -0.747821569 -0.657783508
vn 0.0757059678 -0.790682256 -0.607527912
vn 0.0180030894 -0.769696534 -0.638156056
vn 0.0202002916 -0.806365252 -0.591072738
vn -0.0190124437 -0.798800051 -0.601296067
vn 0.000442505145 -0.805496812 -0.592599928
vn 0.726369619 -0.597538233 -0.339610368
vn 0.716746151 -0.59136045 -0.369550794
vn 0.713214695 -0.601684034 -0.35958463
vn 0.735654712 -0.600974679 -0.312476516
vn 0.733031034 -0.595284641 -0.329092175
vn 0.728145003 -0.60152626 -0.328589469
vn 0.728954136 -0.599721014 -0.330091685
vn 0.727223396 -0.601017177 -0.331548542
vn 0.724718034 -0.602970481 -0.333482206
vn 0.724572778 -0.603010595 -0.333725244
vn 0.707690358 0.691946864 -0.142772347
vn 0.709588408 0.696516693 -0.10653042
vn 0.706670225 0.694694281 -0.134227782
vn 0.71581471 0.684300721 -0.139074877
vn 0.710572183 0.692261636 -0.125940427
vn 0.70400846 0.69645226 -0.139019027
vn 0.711791039 0.691582203 -0.122749999
vn 0.710568666 0.693066001 -0.1214564
vn 0.705897987 0.695433617 -0.134462297
vn 0.709043384 0.691418171 -0.138558298
vn 0.707500994 0.692036331 -0.143276334
vn -0.797194302 0.535416603 -0.278944999
vn -0.787175119 0.552212298 -0.274621427
vn -0.772603571 0.602828503 -0.199202195
vn -0.79583776 0.578388214 -0.179190725
vn -0.753062844 0.595240474 -0.28033039
vn -0.770909131 0.582802892 -0.256982386
vn -0.764082968 0.621779263 -0.171952695
vn -0.765360534 0.616137505 -0.186005041
vn -0.765744686 0.61471343 -0.189109743
vn -0.758914709 0.632460952 -0.155053496
vn -0.763394237 0.624852359 -0.16367276
vn -0.762714505 0.625489354 -0.164406881
vn -0.7701509 0.607316971 -0.195022196
vn -0.765959203 0.612989187 -0.193780079
vn -0.787297726 0.582050443 -0.203419685
vn -0.756030083 0.608692706 -0.240648568
vn -1 0 0
vn -1 -1.67678809e-05 -1.12287817e-05
vn -1 1.68373608e-05 3.68735418e-05
vn -1 2.73603359e-06 -2.72517136e-05
vn -1 8.98839971e-06 2.06036602e-05
vn -1 4.31058361e-05 7.61722622e-05
vn -1 5.47487834e-05 9.53722265e-05
vn -1 4.26632832e-05 7.65687728e-05
vn -1 -2.3787743e-06 -3.20514227e-05
vn -1 -4.45622209e-06 -1.48589497e-05
vn -1 -1.02654076e-05 -3.34450742e-05
vn -1 1.29217983e-06 -6.71172302e-07
vn -1 9.95336723e-06 2.30836558e-05
vn -1 1.45911972e-05 3.38396203e-05
vn -1 1.29312803e-05 3.03316046e-05
vn -1 -1.45162949e-06 1.21995367e-06
vn -1 -2.49202567e-05 -4.43486788e-05
vn -1 -1.37328198e-05 -2.4267245e-05
vn -1 -1.6026479e-05 -5.24831148e-06
vn -1 -3.19048049e-05 -1.35637965e-05
vn -1 -3.63349136e-05 -1.57078011e-05
vn -1 -0.000130787317 -4.2143969e-05
vn -1 -6.85557006e-06 -7.97763059e-05
vn -1 -8.16037846e-06 -8.99105798e-05
vn -1 -3.48813273e-06 -6.14333476e-05
vn -1 1.59215742e-05 3.87535074e-05
vn -1 3.40646766e-05 0.000115705676
vn -1 2.78727166e-05 9.2939561e-05
vn -1 -3.11943295e-05 -1.32602918e-05
vn -1 3.54366671e-06 1.49089522e-06
vn -1 9.64179071e-06 3.79789662e-06
vn -1 1.52337489e-05 5.64293214e-06
vn -1 -3.47307059e-06 6.45011085e-08
vn -1 -0.000161728982 -5.46255906e-05
vn -1 -3.03553043e-05 0.000109491099
vn -1 -4.78062539e-05 -5.38598433e-05
vn -1 -2.00601698e-05 -2.18891728e-05
vn -1 7.99928603e-06 8.72862802e-06
vn -1 -1.78538139e-05 -1.89979455e-05
vn -1 -3.34614524e-05 -3.45790904e-05
vn -1 -3.93061564e-05 -4.02622172e-05
vn -1 -3.28650094e-05 -3.34094366e-05
vn -1 -5.16647342e-05 -5.84662012e-05
vn -1 -5.89637275e-05 -6.75272458e-05
vn -1 -3.42061721e-05 -3.55257325e-05
vn -1 -3.74768933e-06 -9.23208336e-06
vn -1 3.79764424e-05 2.42082533e-05
vn -1 8.47612464e-05 6.01143256e-05
vn -1 9.35657881e-05 6.66658962e-05
vn -0.999999762 -0.000572702964 -0.00039003446
vn -1 7.02565812e-05 4.59537405e-05
vn -1 2.80323802e-05 1.9605628e-05
vn -1 5.74720389e-07 3.87110367e-06
vn -1 1.61099269e-05 -7.65189106e-05
vn -1 1.67309026e-05 1.52424063e-05
vn -1 6.28048365e-05 4.42654491e-05
vn -1 0.000119417913 7.49809915e-05
vn -0.999985635 -0.00447529927 0.00294375909
vn -0.999918997 0.0102442205 -0.00755350944
vn -0.999989212 0.00331832678 -0.00324953161
vn -0.999996185 0.00176285498 -0.00212781737
vn -1 1.54362369e-05 4.73799882e-05
vn -0.99999994 0.000261033274 0.000249423785
vn -0.999999762 -0.000571806333 -0.000338365731
vn -1 3.60572631e-05 6.19021448e-05
vn -0.99999994 0.000299946172 0.000210077909
vn -1 -0.000113766306 3.26178269e-06
vn -1 -0.000222321571 -4.7411897e-05
vn -0.999992192 0.00358800078 0.0016460811
vn -0.999991238 -0.0039635147 -0.00134846917
vn -0.999998987 -0.00142342795 -7.67886813e-05
vn -0.999987066 -0.00476932386 -0.00175877626
vn -0.999995053 -0.00298791635 -0.000977215706
vn 0.000267499272 0.972322106 -0.233644292
vn -0.00226475252 0.974132657 -0.225965679
vn 0.00312898774 0.965422928 -0.260669857
vn 0.00318882521 0.966246307 -0.257600337
vn 0.00607440295 0.964738667 -0.263139427
vn 0.00821250025 0.963769138 -0.266611338
vn -0.809244752 -0.494953603 -0.316455156
vn -0.805898547 -0.465976059 -0.365231246
vn -0.809801638 -0.479348958 -0.33829847
vn -0.811071754 -0.418929666 -0.408240825
vn -0.808211088 -0.42582956 -0.406772614
vn -0.807362199 -0.428594649 -0.405552566
vn -0.806483984 -0.432802737 -0.402821779
vn -0.805584311 -0.451330304 -0.38384226
vn -0.810635805 -0.448852092 -0.376033723
vn -0.810633957 -0.448854059 -0.376035422
vn -0.789430261 -0.458414108 -0.408235669
vn -0.813352883 -0.457735926 -0.359075069
vn -0.800942183 -0.477768034 -0.360872954
vn -0.803133547 -0.475453466 -0.359055072
vn -0.807051539 -0.491515934 -0.327230603
vn -3.92423099e-05 -0.827796161 -0.561028957
vn -0.000133259324 -0.831821322 -0.555043459
vn 0.000647672219 -0.836876512 -0.547391295
vn 3.91291587e-06 -0.840469062 -0.541859567
vn -6.26315887e-05 -0.817795634 -0.575508714
vn -0.000190257328 -0.817395449 -0.576076925
vn 1.17643822e-06 -0.80583781 -0.592136323
vn -0.999995291 1.86103044e-09 -0.00306417537
vn -0.999935627 -0.000578255742 -0.0113292644
vn -0.999167025 0.00362784299 -0.0406456441
vn -0.998286605 -0.00534447795 -0.0582687408
vn -0.994419813 0.000127124353 -0.105494864
vn -0.989768207 -0.00774897542 -0.142474145
vn -0.988598287 -0.0055335369 -0.150475278
vn -0.974914789 0.00289073703 -0.222559556
vn -0.974982202 0.00279741967 -0.222265303
vn -0.959164023 -0.00294475514 -0.282835126
vn -0.94242543 0.00580891361 -0.334365964
vn -0.9385674 0.00294540287 -0.345083445
vn -0.912767053 -0.00204097154 -0.408475429
vn -0.883540034 0.00925556943 -0.468264192
vn -0.878685653 0.00694559794 -0.477350295
vn -0.839986503 0.00110045564 -0.542606175
vn -0.81087923 0.00945860613 -0.585137069
vn -0.793126881 0.00594732165 -0.609027386
vn -0.763225377 0.005925145 -0.64610517
vn -0.741219521 0.0026540996 -0.671257436
vn -0.712473154 0.0088934144 -0.70164299
vn -0.684452534 0.00479050772 -0.729041696
vn -0.6563375 0.00476723863 -0.754452407
vn -0.632503688 0.000970429624 -0.774556756
vn -0.596425653 0.00563263241 -0.802648544
vn -0.571923852 0.0011822735 -0.820305824
vn -0.535238206 0.00116374844 -0.844700336
vn -0.507355571 -0.00282225362 -0.861732185
vn -0.472480476 0.00297614816 -0.881336093
vn -0.459661365 0.0012702375 -0.888093352
vn -0.339863956 0.00471556 -0.940462768
vn -0.394973934 -0.00338536524 -0.918686092
vn -0.414978445 -0.000320441322 -0.909831166
vn -0.439581543 -0.000309568306 -0.898202658
vn -0.451704949 0.000479953887 -0.89216727
vn -0.290881783 0.0229710899 -0.956483185
vn -0.29087618 0.0229689926 -0.956484973
vn -0.290874481 0.0229681134 -0.95648551
vn -0.246522278 -0.0191083048 -0.968948722
vn -0.300130934 -0.00786715839 -0.953865588
vn -0.351192325 0.00895235501 -0.936260521
vn -0.207843944 -0.00725262193 -0.978135109
vn -0.185406148 -0.00720203435 -0.982635558
vn -0.206753507 -0.00310939946 -0.978388131
vn -0.146382406 0.000129516469 -0.98922807
vn -0.128500223 -0.0071424339 -0.991683781
vn -0.0961049497 0.00377268787 -0.99536407
vn -0.0828732997 -0.000189458457 -0.996560097
vn -0.0540144593 -0.00155498239 -0.998538971
vn -0.0564399399 -0.00288871536 -0.998401821
vn -0.033578489 -0.00023679361 -0.99943608
vn -0.0358862393 -0.000732373795 -0.999355614
vn -0.0133971712 -0.000867464696 -0.999909878
vn -0.0143962866 -1.18164999e-05 -0.999896348
vn 0.115427181 -0.0928136557 -0.98897028
vn -0.0376805775 0.0302125439 -0.998833001
vn -0.0582519658 0.0451233201 -0.997281611
vn -0.0528659075 0.0408666767 -0.997765064
vn -0.461098343 0.335015357 -0.82167697
vn -0.184309065 0.133401945 -0.973773122
vn -0.184322566 0.133412287 -0.973769128
vn -0.176824301 -0.0977366045 0.979377747
vn -0.176811278 -0.0977290273 0.979380846
vn -0.602516472 -0.328161478 0.727519035
vn -0.595328748 -0.319485456 0.737233162
vn -0.62822783 -0.336892366 0.70130831
vn -0.00562986871 -0.0029079041 0.999979913
vn -0.84005475 -0.440276265 0.316961795
vn -0.520871162 -0.274436146 0.808318019
vn -0.427126557 -0.226743519 0.875300109
vn 1.19220101e-06 -0.789643466 -0.613565981
vn -0.000290066615 -0.788675487 -0.614809573
vn -0.00140424154 -0.765488446 -0.643448055
vn -0.00185259781 -0.763892591 -0.645340741
vn 0.00181917183 -0.725949824 -0.687745273
vn -0.000396463205 -0.622369528 -0.782723486
vn -0.000543201866 -0.631477475 -0.775394022
vn -0.00185748551 -0.646007657 -0.763328671
vn -0.00486199977 -0.66158849 -0.749851346
vn -0.00993659813 -0.677645802 -0.735321283
vn 0.00699709728 -0.639827549 -0.768486679
vn -0.000119084209 -0.673446357 -0.739236057
vn -0.00043699544 -0.695094109 -0.718918622
vn 2.46707568e-05 -0.700892925 -0.713266551
vn -0.00023028694 -0.704725027 -0.709480464
vn -0.000574885344 -0.720816612 -0.693125606
vn -0.00481911609 -0.741989076 -0.670394659
vn -0.000379241916 -0.554199636 -0.832383692
vn -0.00140024163 -0.561376631 -0.827559292
vn -0.00281219417 -0.570155263 -0.82153213
vn -0.00410269573 -0.577001035 -0.816733122
vn -0.000403269456 -0.615478754 -0.78815335
vn -0.000347971334 -0.616831422 -0.787095189
vn -0.000483179349 -0.588953495 -0.808166802
vn -0.00550553435 -0.58328706 -0.812247455
vn -0.00784762017 -0.591990411 -0.805906773
vn 0.010678879 -0.535525441 -0.844451547
vn 0.00576390559 -0.554924488 -0.831880748
vn 5.06016113e-05 0.582807302 -0.812610388
vn -5.65320188e-05 0.583010912 -0.812464297
vn -0.00112437364 0.591006577 -0.806665957
vn -0.000656588818 0.585787475 -0.810464442
vn -0.000250207755 0.5793221 -0.815098703
vn 5.06013457e-05 0.57343322 -0.819252312
vn 0.00109773234 0.550785542 -0.834646046
vn -0.00384359714 0.516581833 -0.856229186
vn 6.38193569e-08 0.542189777 -0.840256035
vn 0.000235127314 0.453021497 -0.891499579
vn 0.000128303014 0.455646694 -0.89016068
vn -9.59256067e-05 0.491866678 -0.870670497
vn -0.00023655055 0.49609226 -0.868269801
vn 0.000521965383 0.542186797 -0.840257823
vn 0.000335883611 0.30368793 -0.952771485
vn 0.000834662816 0.295990288 -0.955190599
vn -0.000572789926 0.359373987 -0.933193445
vn 2.65007875e-05 0.346865237 -0.937914968
vn -1.70766416e-05 0.400148511 -0.916450322
vn 7.65141303e-05 0.398330092 -0.91724211
vn -2.31734411e-05 0.431055695 -0.902325332
vn 0.000760444265 0.218619972 -0.975809813
vn -9.83891659e-05 0.240273535 -0.970705211
vn 2.76979972e-05 0.268747747 -0.963210583
vn 7.03111655e-05 0.161776945 -0.986827374
vn -3.64764237e-05 0.172055662 -0.985087216
vn 8.26932737e-05 0.197690174 -0.980264544
vn 4.11764995e-06 0.0427449085 -0.999086022
vn 0.000331666262 0.0599019602 -0.998204231
vn 1.43241732e-06 0.0726073012 -0.997360587
vn 3.12301345e-05 0.101367056 -0.994849086
vn 0.000361236394 0.118134804 -0.992997527
vn -2.31559557e-06 0.130716175 -0.991419852
vn -2.31544277e-06 0.155704051 -0.987803757
vn 4.11782412e-06 0.0166329294 -0.999861658
vn 2.24973519e-05 0.0158559605 -0.999874294
vn 3.95485849e-08 0.00209900225 -0.999997795
vn -8.02713089e-07 -0.0426032059 -0.999092042
vn 0.000769900158 -0.0312688835 -0.999510705
vn 0.000751671148 -0.131855249 -0.991268694
vn 0.00028227421 -0.115608878 -0.993294775
vn -0.000155691669 -0.0865853056 -0.996244431
vn 1.26654058e-05 -0.0962499678 -0.995357215
vn 1.26630912e-05 -0.0743612871 -0.997231364
vn 0.00025201391 -0.287680715 -0.957726359
vn -0.000329568633 -0.269334912 -0.963046491
vn 0.000341857958 -0.231218129 -0.972901881
vn -8.74589205e-06 -0.220746025 -0.975331306
vn -8.74335183e-06 -0.188121855 -0.982145667
vn 6.71609014e-05 -0.191736668 -0.981446385
vn -0.000156139693 -0.153451428 -0.988156199
vn 0.000545876508 -0.386395603 -0.922333002
vn 0.00100810372 -0.394132465 -0.919053078
vn 0.000149157189 -0.366501391 -0.930417478
vn -0.00015040685 -0.329603344 -0.944119513
vn 4.68811504e-06 -0.333865494 -0.942620754
vn 4.68692679e-06 -0.305685252 -0.952132642
vn 0.000769269944 -0.46610269 -0.884730279
vn -5.97095277e-05 -0.443048358 -0.896497726
vn 5.3378928e-05 -0.415950388 -0.90938729
vn -1.18304555e-07 -0.552258372 -0.833673
vn -5.10171012e-05 -0.551800191 -0.833976328
vn -5.09994097e-05 -0.514985859 -0.857198715
vn 7.42142292e-05 -0.520570874 -0.853818476
vn -0.000246444077 -0.489428997 -0.872043133
vn 0.806248963 -0.345804065 0.479981363
vn 0.8074072 -0.337180465 0.484151781
vn 0.80679369 -0.240743503 0.539561391
vn 0.804831028 -0.276797235 0.525005043
vn 0.807135463 -0.28950417 0.514509141
vn 0.80619663 -0.3018668 0.50884521
vn 0.805385649 -0.321802884 0.497791946
vn 0.805833459 -0.166469932 0.56826067
vn 0.806492269 -0.185593069 0.561360359
vn 0.807089925 -0.189301789 0.559259117
vn 0.806015968 -0.205400512 0.555111647
vn 0.805369556 -0.233736202 0.544745147
vn 0.807137012 -0.136190027 0.574440718
vn 0.807378948 -0.134355828 0.574532628
vn 0.806007087 -0.150500193 0.572452843
vn 0.80586493 -0.0464035273 0.590278268
vn 0.805696487 -0.0678165257 0.588433623
vn 0.807229161 -0.0821690708 0.584490657
vn 0.805937767 -0.0944684297 0.584414244
vn 0.805745959 -0.117912441 0.580405056
vn 0.806766033 -0.030575864 0.590079427
vn 0.807157576 -0.0274163485 0.58969903
vn 0.80581516 -0.0110768722 0.592063546
vn -0.781706631 0.562780142 -0.268725336
vn -0.780831814 0.565933883 -0.264613956
vn -0.788705945 0.527371645 -0.3159464
vn -0.78816402 0.529351592 -0.313981444
vn -0.797480643 0.481901556 -0.363036484
vn -0.796339035 0.48682183 -0.358954906
vn -0.805862844 0.35885188 -0.470967501
vn -0.805593312 0.377981156 -0.456234246
vn -0.80503118 0.383535981 -0.452575952
vn -0.803587914 0.425245106 -0.416428953
vn -0.804077506 0.421731204 -0.419049144
vn -0.801065624 0.448905498 -0.395951658
vn -0.778884232 0.580661476 -0.237005591
vn -0.779312551 0.56483227 -0.271360427
vn -0.772345006 0.596825063 -0.217446595
vn -0.766498506 0.608745098 -0.204718113
vn -0.772042572 0.60166204 -0.204824433
vn -0.812999964 0.545655549 -0.203202024
vn -0.763502479 0.614641726 -0.198190644
vn -0.805958211 0.157060921 -0.570756733
vn -0.808841407 0.025166072 -0.587488115
vn -0.813031018 0.00987386517 -0.582136631
vn -0.816338599 0.00184500183 -0.577570677
vn -0.805911601 0.101712324 -0.583233356
vn -0.806879997 0.0918220133 -0.583535254
vn -0.809348166 0.0766305104 -0.58230865
vn -0.808030903 0.0806009024 -0.583600521
vn -0.805820763 0.0599127561 -0.589120805
vn -0.80588156 0.0429331884 -0.590518117
vn -0.805753052 0.116942637 -0.58059144
vn -0.808662593 0.134310335 -0.57273519
vn -0.806483507 0.141956791 -0.573962212
vn -0.808605254 0.185605749 -0.558308244
vn -0.805662036 0.175300106 -0.565843165
vn -0.805945933 0.159018159 -0.570231855
vn -0.805681884 0.27008608 -0.527190924
vn -0.806003988 0.255305529 -0.534019351
vn -0.807912409 0.23564747 -0.540136874
vn -0.80759877 0.235026315 -0.540876031
vn -0.804873526 0.205888763 -0.556586385
vn -0.811116517 0.317164093 -0.491423368
vn -0.804962635 0.33292377 -0.491118044
vn -0.803121567 0.334320039 -0.493179351
vn -0.806884944 0.344036728 -0.480182707
vn -0.806003928 0.354808599 -0.473781139
vn -0.805661798 0.345063925 -0.481497616
vn -0.801253438 0.27996096 -0.528786182
vn -0.806052089 0.303276449 -0.508235574
vn -0.805562437 0.32066673 -0.498238921
vn -0.806225359 0.293692589 -0.513561428
vn -0.808806598 0.284229726 -0.514825583
vn -0.806012094 0.286076814 -0.518174291
vn -0.80513835 0.237160444 -0.543605685
vn -0.802642286 0.24396871 -0.544283628
vn -0.805310488 0.18702656 -0.562579811
vn -0.800683498 0.177865058 -0.572075188
vn -0.807165563 0.20548436 -0.55340755
vn -0.80319947 0.132351667 -0.580821514
vn -0.804710686 0.135543615 -0.577986717
vn -0.806349635 0.0934731439 -0.584006011
vn -0.802882731 0.0815608874 -0.59053123
vn -0.80576694 0.0643598661 -0.588725269
vn -0.805577159 0.0267141629 -0.591888309
vn -0.801917195 0.0182768032 -0.597155571
vn -0.805886328 0.0446909703 -0.590381145
vn -0.803768754 -0.438610107 -0.401966333
vn -0.806397915 -0.429289669 -0.406734318
vn -0.805440068 -0.45070523 -0.38487798
vn -0.804282784 -0.453922838 -0.383514374
vn -0.80649823 -0.466323167 -0.363460183
vn -0.803654671 -0.429412007 -0.412000537
vn -0.809000611 -0.408561409 -0.422605664
vn -0.807734251 -0.415450573 -0.418289602
vn -0.805135489 -0.421109885 -0.41764015
vn -0.805790603 -0.413161039 -0.424263418
vn -0.805631995 -0.398941636 -0.437952787
vn -0.80560863 -0.399147868 -0.437807888
vn -0.805919826 -0.378784627 -0.454989493
vn -0.806173623 -0.377060652 -0.455970794
vn -0.805839598 -0.365231633 -0.466077685
vn -0.80565697 -0.347023755 -0.480095118
vn -0.805369556 -0.290097028 -0.516936719
vn -0.806079984 -0.308056384 -0.505308151
vn -0.806246161 -0.310392052 -0.50361079
vn -0.805855393 -0.317089379 -0.500051379
vn -0.805859387 -0.32687816 -0.493701637
vn -0.805772424 -0.328627408 -0.492681265
vn -0.806020617 -0.348575622 -0.478357345
vn -0.80578059 -0.286683172 -0.518199146
vn -0.805881739 -0.269380212 -0.527246535
vn -0.805492103 -0.262528092 -0.531282842
vn -0.806552351 -0.245984092 -0.537554741
vn -0.806540787 -0.245874301 -0.537622333
vn -0.805723011 -0.233418316 -0.544358671
vn -0.806021452 -0.216904983 -0.550710142
vn -0.806566775 -0.210062057 -0.552561343
vn -0.805555344 -0.197799116 -0.558530331
vn -0.806038916 -0.180905357 -0.563537478
vn -0.805935204 -0.182472304 -0.563180506
vn -0.80545783 -0.159598336 -0.570759177
vn -0.804851532 -0.16426301 -0.570290864
vn -0.806404591 -0.135877728 -0.575542271
vn -0.805839837 -0.130686015 -0.577532113
vn -0.805785775 -0.113520108 -0.581224978
vn -0.80648011 -0.0907000676 -0.584263086
vn -0.805219948 -0.0978152901 -0.584852993
vn -0.806083381 -0.0683870241 -0.587837398
vn -0.805946529 -0.0705420375 -0.587770402
vn -0.805953085 -0.056944266 -0.589234293
vn -0.806242526 -0.0512017943 -0.589365184
vn -0.805942595 -0.0439927801 -0.590356827
vn -0.806057811 -0.0207037516 -0.591474593
vn -0.805722296 -0.0185186937 -0.592003882
vn 7.04353661e-05 0.614737988 -0.788731396
vn 0.00805094372 0.944809914 -0.327520043
vn 0.013072555 0.953516901 -0.301055819
vn 0.00305731618 0.943309307 -0.331900924
vn 0.00594545016 0.944258332 -0.32915163
vn 0.00808431394 0.805300117 -0.5928123
vn 0.0136290826 0.86349076 -0.504180431
vn 0.00828200672 0.850664318 -0.525644064
vn 0.0156811923 0.90575105 -0.42351988
vn 0.0156284645 0.905649483 -0.423739105
vn 0.0100658499 0.928197324 -0.371952206
vn 0.00993799139 0.939388335 -0.342710882
vn -0.000254734419 0.660178781 -0.751108468
vn 0.00718007935 0.728941977 -0.684537828
vn 0.00541493529 0.720989585 -0.692924738
vn -0.000456877169 0.649615109 -0.760263085
vn 0.00403908454 0.690299749 -0.723512232
vn 0.000489300757 0.639096797 -0.769126177
vn 0.00247527729 0.633480906 -0.773754358
vn -8.15382082e-05 0.61371839 -0.789525032
vn 0.00585420057 0.824265718 -0.566172898
vn 0.0141656613 0.794443667 -0.607172608
vn 0.0100429012 0.720992029 -0.692870617
vn 0.0021093823 0.746899307 -0.664933801
vn 0.0046636886 0.71430254 -0.699821472
vn 0.00631239265 0.767675817 -0.640807331
vn 0.00937238615 0.794843554 -0.606742084
vn 0.0290754475 0.794635952 -0.606389582
vn 0.020393528 0.850539029 -0.525516331
vn 0.0278049894 0.863051236 -0.504350483
vn -0.0144177685 0.946922243 -0.321139246
vn 0.0276308153 0.9332003 -0.358292878
vn 0.0137234079 0.905678928 -0.423742086
vn 0.00112303603 0.908994913 -0.416805744
vn 0.0271384194 0.889296234 -0.456525683
vn 0.0145473946 -0.999894202 7.47446302e-06
vn 0.0125846537 -0.999920726 0.000432397122
vn 0.061277274 -0.998117268 -0.00264412304
vn 0.0629307106 -0.99801147 -0.00357459509
vn 0.141565874 -0.989878893 -0.00994090457
vn 0.130759403 -0.991317689 -0.0138280746
vn 0.22077544 -0.975080967 -0.0218028314
vn 0.197730556 -0.979815722 -0.0293890983
vn 0.298932552 -0.953606129 -0.0357028246
vn 0.265025645 -0.963092744 -0.0470513105
vn 0.341376662 -0.938566387 -0.0505484566
vn 0.370591611 -0.926342428 -0.0674653724
vn 0.402485996 -0.912713826 -0.0704165399
vn 0.434434772 -0.896558464 -0.0863093287
vn 0.43572858 -0.895845294 -0.0871880874
vn 0.477141649 -0.873711884 -0.0946753472
vn 0.495476484 -0.861668944 -0.109680153
vn 0.540043592 -0.832806826 -0.121596538
vn 0.523350179 -0.845726609 -0.104168572
vn 0.553517878 -0.822982728 -0.127739355
vn 0.592676878 -0.790769696 -0.153027415
vn 0.579624474 -0.804593205 -0.129093856
vn 0.603059411 -0.78243649 -0.155281886
vn 0.636590958 -0.750636935 -0.176907256
vn 0.73156172 -0.604348838 -0.315562934
vn 0.731411219 -0.60447824 -0.315663904
vn 0.72884953 -0.606570423 -0.317569911
vn 0.630382657 -0.758689761 -0.164339811
vn 0.656000376 -0.728882194 -0.195944414
vn 0.673549056 -0.711197853 -0.201318905
vn 0.690054953 -0.687421739 -0.226440862
vn 0.701174438 -0.674569786 -0.230889574
vn 0.715028822 -0.648988068 -0.25990057
vn 0.719300807 -0.64344734 -0.261881381
vn 0.729856253 -0.617715836 -0.292808831
vn 0.728491127 -0.619725525 -0.291960478
vn 0.731347024 -0.608367741 -0.308253556
vn 0.734511554 -0.600084722 -0.316845566
vn 0.402644932 -0.768844426 -0.496744722
vn 0.183683053 -0.724118352 -0.664765477
vn 0.173998669 -0.731221616 -0.659575164
vn 0.10310851 -0.733833611 -0.671458781
vn 0.296654701 -0.735540867 -0.609077692
vn 0.269467324 -0.754880488 -0.59794879
vn 0.282379657 -0.764085174 -0.58003062
vn 0.317195445 -0.761928022 -0.564670444
vn 0.31217283 -0.736723423 -0.599822223
vn 0.242933556 -0.734418333 -0.633729458
vn 0.398867041 -0.780323207 -0.481664568
vn 0.331142306 -0.752669692 -0.569063365
vn 0.0692926347 -0.6626302 -0.745734394
vn 0.0958179757 -0.685900152 -0.721359789
vn 0.145952165 -0.701848328 -0.697213709
vn 0.1845254 -0.735188246 -0.652264178
vn 0.209855989 -0.736089885 -0.643531024
vn 0.240288988 -0.754076123 -0.611253142
vn 0.240420565 -0.754611492 -0.610540271
vn 0.303503662 -0.759649277 -0.575168192
vn 0.257105201 -0.748265922 -0.611551285
vn 0.298139364 -0.747214973 -0.5939551
vn 0.299093395 -0.744426191 -0.596969664
vn 0.337833285 -0.74192065 -0.579156637
vn 0.329626232 -0.748527944 -0.575371623
vn 0.272662938 -0.737664878 -0.617661238
vn 0.307322711 -0.770155728 -0.558939099
vn 0.243898407 -0.759189427 -0.603444278
vn 0.260302126 -0.735229731 -0.625843525
vn 0.282950699 -0.744733095 -0.604410112
vn 0.289263427 -0.730742693 -0.618337929
vn 0.290757656 -0.733545184 -0.614305675
vn 0.710282385 0.697197914 -0.0970257372
vn 0.698381007 0.711865127 -0.0742430314
vn 0.697687685 0.713151872 -0.0681634098
vn 0.671735346 0.739887834 -0.0365738049
vn 0.661805987 0.749606431 -0.0101541076
vn 0.645934463 0.760508835 -0.0662946552
vn 0.614784479 0.78740567 0.0450815111
vn 0.603983998 0.794745803 -0.0598533154
vn 0.5541417 0.830473244 0.056931302
vn 0.558551252 0.827538013 -0.0565802082
vn 0.539835989 0.841510475 -0.020908786
vn 0.473474234 0.880778313 0.00718840957
vn 0.490965635 0.870923758 -0.0210854746
vn 0.386388868 0.922258794 0.0119333714
vn 0.37740162 0.925939262 0.0142985238
vn 0.365203708 0.93071723 0.0197916366
vn 0.349258304 0.936158299 0.0403265357
vn 0.339822799 0.938289464 0.0642912909
vn 0.296575129 0.95497483 -0.00813911483
vn 0.343121767 0.939269602 -0.00632830616
vn 0.314625412 0.949190855 0.00689794635
vn 0.373945415 0.92733103 -0.0149008045
vn 0.360739708 0.932637751 -0.00732384808
vn 0.402717948 0.9153018 -0.00638851104
vn 0.441343129 0.897077501 -0.0216384251
vn 0.275976628 0.961144328 -0.00620192941
vn 0.261178166 0.965289116 -0.00168697257
vn 0.286457151 0.958031535 -0.0108553572
vn 0.235135823 0.971960723 -0.00186295796
vn 0.242922187 0.970025301 -0.00630401121
vn 0.0348426737 0.999392807 -5.51170124e-05
vn 0.0348745771 0.999391675 -3.75146483e-05
vn 0.0762359798 0.997089386 -0.0009229157
vn 0.080748871 0.996734202 -0.000708917854
vn 0.110730335 0.99384129 -0.00427736295
vn 0.112696186 0.99362272 -0.00366675085
vn 0.152877927 0.988237619 -0.00383665925
vn 0.169237733 0.985574543 -0.00120305992
vn 0.174448654 0.984661937 -0.00292113586
vn 0.197885498 0.98019737 -0.00738169439
vn 0.420098811 0.907451153 0.00702582486
vn 0.425659388 0.90456152 0.0241350215
vn 0.411656559 0.911226511 0.0143219298
vn 0.6261307 0.77966696 -0.00893111061
vn 0.583865464 0.811366558 0.0280256569
vn 0.588170528 0.80873096 0.00311212614
vn 0.525310636 0.850052714 0.0381983966
vn 0.532065988 0.84660387 0.0129515156
vn 0.46907407 0.88247627 0.0347158685
vn 0.476391405 0.879118145 0.0142292734
vn 0.437236756 0.899108589 0.0206814744
vn 0.43443051 0.900453329 0.0213058181
vn 0.199771196 0.948985696 -0.243962333
vn 0.163519457 0.901328743 -0.40108344
vn 0.191536173 0.932484567 -0.306245744
vn 0.11697606 0.865209162 -0.487575352
vn 0.117928542 0.954725087 -0.273117036
vn -0.0205951054 0.559165835 -0.828799963
vn 0.393306345 0.543506086 -0.741560042
vn 0.110060617 0.824593186 -0.554916859
vn 0.0526629761 0.767004728 -0.639476597
vn 0.0507146902 0.766682148 -0.640020669
vn 0.0483777188 0.766189098 -0.640791595
vn 0.0478482321 0.762858987 -0.64479202
vn 0.0521017499 0.759377182 -0.648561239
vn 0.0536498949 0.770927191 -0.634659708
vn 0.0811160728 0.789932489 -0.607804954
vn 0.063663207 0.78453964 -0.616801858
vn 0.1134822 0.817080796 -0.565243959
vn 0.294908494 0.915446222 -0.273837954
vn 0.265420705 0.921168506 -0.284605742
vn 0.265892386 0.920782149 -0.285414606
vn 0.211574003 0.915951371 -0.340983242
vn 0.210086092 0.916537046 -0.340328753
vn 0.222040787 0.908080995 -0.355087072
vn 0.186264127 0.906758785 -0.378277928
vn 0.218878567 0.90569675 -0.363050401
vn 0.172816768 0.900072992 -0.400003701
vn 0.216125533 0.899712741 -0.379218608
vn 0.0997458175 0.846574962 -0.522839904
vn 0.10366863 0.843591571 -0.526883364
vn 0.124389291 0.920408547 -0.370641947
vn 0.16146256 0.909755945 -0.382457763
vn 0.215073928 0.900062263 -0.378987044
vn 0.216154352 0.899289787 -0.380204082
vn 0.213415787 0.922114015 -0.322737426
vn 0.418682426 0.888430178 -0.188140437
vn 0.568637669 0.822569907 0.00546933571
vn 0.378849298 0.903238356 -0.201577842
vn 0.295464635 0.915311635 -0.273688197
vn 0.0875721648 0.924770594 -0.37031129
vn 0.0837647989 0.916547298 -0.391055584
vn 0.109817646 0.921950758 -0.371412069
vn 0.132145554 0.91070044 -0.391359538
vn 0.13224785 0.910504997 -0.391779512
vn 0.156863719 0.905367136 -0.394593567
vn 0.163912475 0.900965393 -0.401738852
vn 0.0309390202 0.959816396 -0.278917938
vn 0.0172909498 0.954132557 -0.29888469
vn -0.000971352682 0.957313478 -0.289050162
vn 0.0304657053 0.968929768 -0.245452628
vn -0.00079803582 0.966273606 -0.257516325
vn -0.0988591984 0.964102864 -0.2464398
vn -0.000661157654 0.974004447 -0.226527959
vn 0.0482897721 0.938793659 -0.34107849
vn 0.041785188 0.935844541 -0.349927068
vn 0.117219664 0.945117652 -0.304979056
vn 0.0823584795 0.935596883 -0.343330145
vn 0.265485346 0.917281032 -0.296838492
vn 0.265589029 0.917209446 -0.29696691
vn 0.261780798 0.909877837 -0.321858853
vn 0.224259689 0.908564985 -0.352444679
vn 0.208190799 0.910537064 -0.357181787
vn 0.490899295 0.230651215 -0.840129673
vn 0.542122185 -0.0157738421 -0.840151608
vn 0.366544187 -0.40001303 -0.840020776
vn 0.131181806 -0.0153329149 -0.991239727
vn 0.0229346156 -0.130068332 -0.991239727
vn 0.0438417941 -0.00512435753 -0.999025345
vn 0.00766489329 -0.04346966 -0.999025345
vn 0.010956198 -0.188110575 -0.982086718
vn 0.00767947268 -0.131851405 -0.991239727
vn 0.0628019646 -0.209773675 -0.975730956
vn 0.0378794149 -0.126526356 -0.991239727
vn 0.0378794186 -0.126526356 -0.991239727
vn 0.0126595423 -0.042285908 -0.999025345
vn 0.218972772 0 -0.975730956
vn 0.132074848 0 -0.991239727
vn 0.0441402532 0 -0.999025345
vn 0.0665811971 0.11787267 -0.990794122
vn 0.00767947221 0.131851405 -0.991239727
vn 0.0034888722 0.0599015988 -0.998198211
vn 0.120469727 -0.279279977 -0.952622533
vn 0.0867307559 -0.201064318 -0.975730956
vn 0.0867307931 -0.201064274 -0.975730956
vn 0.0523122437 -0.121273234 -0.991239727
vn 0.0523122586 -0.121273227 -0.991239727
vn 0.0174830873 -0.0405302793 -0.999025345
vn 0.302098513 0.03531022 -0.952622533
vn 0.217492163 0.0254211649 -0.975730956
vn 0.217492104 0.0254213028 -0.975730956
vn 0.131181806 0.0153330266 -0.991239727
vn 0.131181836 0.0153329177 -0.991239727
vn 0.0438417941 0.00512435753 -0.999025345
vn 0.193476275 -0.335110664 -0.92209965
vn 0.152077526 -0.263405949 -0.952622533
vn 0.152077511 -0.263405949 -0.952622533
vn 0.109486394 -0.189635992 -0.975730956
vn 0.0660374314 -0.114380181 -0.991239727
vn 0.0660373718 -0.114380233 -0.991239727
vn 0.0220701061 -0.0382265933 -0.999025345
vn 0.376522094 0.0892374218 -0.92209965
vn 0.295956552 0.0701430291 -0.952622533
vn 0.295956522 0.0701430738 -0.952622533
vn 0.213070288 0.0504986532 -0.975730956
vn 0.213070378 0.050498493 -0.975730956
vn 0.128514782 0.030458495 -0.991239727
vn 0.128514767 0.0304585509 -0.991239727
vn 0.0429504476 0.0101794405 -0.999025345
vn 0.278706312 -0.374367625 -0.884404719
vn 0.231071964 -0.310383588 -0.92209965
vn 0.231071994 -0.310383558 -0.92209965
vn 0.181628779 -0.243969798 -0.952622533
vn 0.181628704 -0.243969917 -0.952622533
vn 0.1307614 -0.175643206 -0.975730956
vn 0.13076143 -0.175643161 -0.975730956
vn 0.0788696185 -0.105940327 -0.991239727
vn 0.0788696557 -0.10594029 -0.991239727
vn 0.0263587367 -0.0354059152 -0.999025345
vn 0.0151015231 -0.0425983481 -0.998978138
vn 0.438574046 0.159627929 -0.884404719
vn 0.363616377 0.132345557 -0.92209965
vn 0.363616467 0.132345468 -0.92209965
vn 0.285812318 0.104027092 -0.952622533
vn 0.285812289 0.104027107 -0.952622533
vn 0.205767125 0.0748930648 -0.975730956
vn 0.20576705 0.074893184 -0.975730956
vn 0.124109752 0.0451723188 -0.991239727
vn 0.124109738 0.0451723337 -0.991239727
vn 0.0414782614 0.0150968805 -0.999025345
vn 0.00942202006 0.161769763 -0.986783564
vn 0.0127321398 0.218602315 -0.975730956
vn 0.0127321798 0.218602315 -0.975730956
vn 0.0176851042 0.303640455 -0.952622533
vn 0.0176851638 0.303640485 -0.952622533
vn 0.0209267121 0.359295338 -0.93298924
vn 0.0424695313 0.384060919 -0.922330499
vn 0.019193802 -0.329542637 -0.943945587
vn 0.0224994328 -0.386297733 -0.92209971
vn 0.0224992502 -0.386297852 -0.92209965
vn 0.0271373559 -0.465931177 -0.884404719
vn 0.0271373857 -0.465931177 -0.884404719
vn 0.133857012 -0.447113544 -0.884404778
vn 0.308457434 -0.446022511 -0.840189219
vn 0.27141875 -0.470111549 -0.839837492
vn 0.233360186 -0.40419212 -0.884404778
vn 0.184858814 -0.428550422 -0.884404778
vn 0.153264165 -0.355305851 -0.92209971
vn 0.110979348 -0.370696276 -0.92209971
vn 0.0872327834 -0.291377306 -0.952622533
vn 0.0528159812 -0.299534261 -0.952622533
vn 0.0380242355 -0.215646103 -0.975730956
vn 0.0127321798 -0.218602315 -0.975730956
vn 0.0692561343 -0.230662972 -0.970565915
vn 0.438574076 -0.1596279 -0.884404719
vn 0.534768045 -0.0894896761 -0.840246856
vn 0.528205454 -0.125186935 -0.839837611
vn 0.454140276 -0.107633173 -0.884404719
vn 0.438574076 -0.159627944 -0.884404719
vn 0.363616407 -0.132345572 -0.92209965
vn 0.463564992 0.0541830324 -0.884404719
vn 0.46672079 0 -0.884404719
vn 0.38695243 0 -0.92209965
vn 0.384336025 -0.0449223667 -0.92209965
vn 0.302098513 -0.0353101976 -0.952622533
vn 0.295956552 -0.0701430738 -0.952622533
vn 0.213070333 -0.0504986607 -0.975730956
vn 0.20576708 -0.0748931989 -0.975730956
vn 0.124109752 -0.0451723188 -0.991239727
vn 0.118026428 -0.0592750348 -0.991239727
vn 0.0394451804 -0.0198100917 -0.999025345
vn 0.0368786417 -0.0242554657 -0.999025345
vn 0.517591953 0.161542997 -0.840239525
vn 0.528205454 0.125186935 -0.839837611
vn 0.454140246 0.107633166 -0.884404719
vn 0.463564962 0.0541831069 -0.884404719
vn 0.384335995 0.0449225456 -0.92209965
vn 0.304155111 0 -0.952622533
vn 0.302098513 -0.03531022 -0.952622533
vn 0.217492133 -0.0254211612 -0.975730956
vn 0.213070318 -0.0504984781 -0.975730956
vn 0.128514782 -0.0304584932 -0.991239727
vn 0.124109745 -0.0451723449 -0.991239727
vn 0.0414782614 -0.0150968833 -0.999025345
vn 0.00766489329 0.04346966 -0.999025345
vn 0.0229346137 0.130068332 -0.991239727
vn 0.022934638 0.130068332 -0.991239727
vn 0.0380243585 0.215646088 -0.975730956
vn 0.0380242281 0.215646073 -0.975730956
vn 0.0528159849 0.299534261 -0.952622533
vn 0.0528159402 0.299534261 -0.952622533
vn 0.0671935454 0.381073743 -0.92209971
vn 0.0671937168 0.381073803 -0.92209965
vn 0.0810453594 0.459630251 -0.884404719
vn 0.081045188 0.459630191 -0.884404778
vn 0.0232996326 0.400039881 -0.916201532
vn 0.0263762753 0.452863902 -0.891189396
vn 0.0425854847 0.464266807 -0.884671032
vn 0.0286362078 0.491664976 -0.870313466
vn 0.0315632075 0.541919649 -0.839837372
vn 0.0299810097 -0.514754355 -0.856813371
vn 0.0441285335 -0.540624976 -0.840105534
vn 0.0321485102 -0.551972926 -0.833242059
vn 0.0671937019 -0.381073743 -0.92209965
vn 0.0810453445 -0.459630162 -0.884404778
vn 0.0810452029 -0.459630251 -0.884404719
vn 0.0934669152 -0.530077338 -0.842782259
vn 0.0739065707 -0.537208974 -0.840204954
vn 0.215007067 -0.49844259 -0.839837432
vn 0.176539004 -0.512705445 -0.840218484
vn 0.154473692 -0.515978098 -0.842558324
vn 0.14649865 -0.522352636 -0.840051115
vn 0.105055824 -0.532193482 -0.840079367
vn 0.27141881 -0.47011143 -0.839837551
vn 0.215007186 -0.498442411 -0.839837551
vn 0.184858739 -0.428550512 -0.884404719
vn 0.133856907 -0.447113663 -0.884404719
vn 0.110979125 -0.370696455 -0.92209965
vn 0.0671935603 -0.381073833 -0.92209965
vn 0.052815944 -0.299534261 -0.952622533
vn 0.0426530577 -0.300761491 -0.95274514
vn 0.0167532004 -0.287640363 -0.957591951
vn 0.33394897 -0.4274351 -0.840105534
vn 0.321274281 -0.431545883 -0.84294188
vn 0.278706431 -0.374367386 -0.884404778
vn 0.233360216 -0.40419206 -0.884404778
vn 0.19347617 -0.335110813 -0.92209959
vn 0.153263837 -0.355306208 -0.92209959
vn 0.120469488 -0.279280216 -0.952622533
vn 0.0872326344 -0.291377425 -0.952622533
vn 0.0628020689 -0.209773615 -0.975730956
vn 0.038024351 -0.215646043 -0.975730956
vn 0.022934638 -0.130068332 -0.991239727
vn 0.00767947221 -0.131851405 -0.991239727
vn 0.00504295761 -0.0865842104 -0.996231794
vn 0.388950437 -0.377797633 -0.840230048
vn 0.101175204 -0.0848960802 -0.991239727
vn 0.167742893 -0.140753001 -0.975730956
vn 0.167742908 -0.140752986 -0.975730956
vn 0.232996255 -0.195507035 -0.952622533
vn 0.232996196 -0.195507199 -0.952622533
vn 0.29642275 -0.248728424 -0.92209965
vn 0.29642278 -0.24872832 -0.92209965
vn 0.357528746 -0.300002337 -0.884404778
vn 0.357528716 -0.300002456 -0.884404719
vn 0.415837824 -0.348929644 -0.839837492
vn 0.415837854 -0.348929554 -0.839837492
vn 0.455159009 -0.295583576 -0.839917064
vn 0.182949066 -0.120327577 -0.975730956
vn 0.254117787 -0.167136014 -0.952622533
vn 0.254117817 -0.16713585 -0.952622533
vn 0.323294163 -0.212633833 -0.92209965
vn 0.389939487 -0.256467134 -0.884404778
vn 0.45201382 -0.29729405 -0.841011167
vn 0.436785609 -0.32123974 -0.840251982
vn 0.271802902 -0.136504501 -0.952622533
vn 0.345793426 -0.173663914 -0.92209965
vn 0.345793426 -0.173664004 -0.92209965
vn 0.417076916 -0.209463924 -0.884404719
vn 0.417076886 -0.20946373 -0.884404778
vn 0.480644554 -0.241388574 -0.843037605
vn 0.476600885 -0.258773327 -0.840171397
vn 0.517591953 -0.161542997 -0.840239525
vn 0.507065892 -0.184556887 -0.841916203
vn 0.507687509 -0.191501647 -0.83998841
vn 0.490899295 -0.230651215 -0.840129673
vn 0.539517879 -0.0582925901 -0.83995384
vn 0.536608756 -0.0627206266 -0.841497004
vn 0.463564962 -0.0541830286 -0.884404719
vn 0.454140276 -0.107633099 -0.884404719
vn 0.376522124 -0.0892372876 -0.92209965
vn 0.363616407 -0.132345438 -0.92209965
vn 0.285812289 -0.104027085 -0.952622533
vn 0.271802902 -0.136504516 -0.952622533
vn 0.195681214 -0.0982747823 -0.975730956
vn 0.182949111 -0.120327443 -0.975730956
vn 0.110346951 -0.0725762844 -0.991239727
vn 0.101175211 -0.0848960727 -0.991239727
vn 0.110346936 -0.0725763217 -0.991239727
vn 0.11802642 -0.0592750721 -0.991239727
vn 0.195681214 -0.0982747599 -0.975730956
vn 0.205767095 -0.0748930573 -0.975730956
vn 0.285812289 -0.104027115 -0.952622533
vn 0.295956522 -0.0701430216 -0.952622533
vn 0.376522154 -0.0892374367 -0.92209965
vn 0.384336084 -0.0449225567 -0.92209965
vn 0.463564992 -0.0541831106 -0.884404719
vn 0.537804723 0 -0.843069434
vn 0.0338133946 -0.0283728074 -0.999025345
vn 0.369922787 -0.392095268 -0.842269778
vn 0.320283264 -0.33948043 -0.884404719
vn 0.320283324 -0.339480251 -0.884404778
vn 0.265543014 -0.281458944 -0.92209965
vn 0.265542984 -0.281458974 -0.92209965
vn 0.208723918 -0.221234322 -0.952622533
vn 0.208723933 -0.221234292 -0.952622533
vn 0.150268286 -0.159274966 -0.975730956
vn 0.150268212 -0.15927507 -0.975730956
vn 0.0906352475 -0.0960677937 -0.991239727
vn 0.090635255 -0.0960677788 -0.991239727
vn 0.0302908756 -0.0321064591 -0.999025345
vn 0.534768045 0.0894896761 -0.840246856
vn 0.536608756 0.0627206266 -0.841497004
vn 0.539517879 0.0582925901 -0.83995384
vn 0.542122185 0.0157738421 -0.840151608
vn 0.507687509 0.191501647 -0.83998841
vn 0.507065892 0.184556887 -0.841916203
vn 0.438574076 0.1596279 -0.884404719
vn 0.454140306 0.107633114 -0.884404719
vn 0.376522183 0.0892373025 -0.92209965
vn 0.384336114 0.0449223779 -0.92209965
vn 0.302098513 0.0353101976 -0.952622533
vn 0.217492148 -0.0254213084 -0.975730956
vn 0.131181821 -0.0153330285 -0.991239727
vn 0.128514782 -0.0304585472 -0.991239727
vn 0.0429504476 -0.0101794377 -0.999025345
vn 0.476600885 0.258773327 -0.840171397
vn 0.436785609 0.32123974 -0.840251982
vn 0.0368786417 0.0242554657 -0.999025345
vn 0.110346928 0.0725763142 -0.991239727
vn 0.110346958 0.0725762919 -0.991239727
vn 0.182949141 0.120327465 -0.975730956
vn 0.182949036 0.120327562 -0.975730956
vn 0.254117727 0.167135984 -0.952622533
vn 0.254117876 0.167135879 -0.952622533
vn 0.323294163 0.212633833 -0.92209965
vn 0.389939487 0.256467134 -0.884404778
vn 0.45201382 0.29729405 -0.841011167
vn 0.455159009 0.295583576 -0.839917064
vn 0.0338133946 0.0283728074 -0.999025345
vn 0.101175219 0.0848960802 -0.991239727
vn 0.101175189 0.08489611 -0.991239727
vn 0.167742833 0.140753031 -0.975730956
vn 0.167742908 0.140752986 -0.975730956
vn 0.232996315 0.195507079 -0.952622533
vn 0.232996166 0.195507169 -0.952622533
vn 0.29642269 0.248728395 -0.92209965
vn 0.296422809 0.24872835 -0.92209965
vn 0.357528776 0.300002366 -0.884404719
vn 0.357528687 0.300002426 -0.884404778
vn 0.415837795 0.348929614 -0.839837492
vn 0.415837884 0.348929584 -0.839837492
vn 0.366544187 0.40001303 -0.840020776
vn 0.0302908756 0.0321064591 -0.999025345
vn 0.090635255 0.0960677788 -0.991239727
vn 0.0906352773 0.0960677713 -0.991239727
vn 0.150268227 0.15927501 -0.975730956
vn 0.150268286 0.159274966 -0.975730956
vn 0.208723947 0.221234307 -0.952622533
vn 0.208723918 0.221234322 -0.952622533
vn 0.265542984 0.281458974 -0.92209965
vn 0.265543014 0.281458944 -0.92209965
vn 0.320283383 0.339480311 -0.884404719
vn 0.320283204 0.33948037 -0.884404719
vn 0.369922787 0.392095268 -0.842269778
vn 0.388950437 0.377797633 -0.840230048
vn 0.308457434 0.446022511 -0.840189219
vn 0.0263587367 0.0354059152 -0.999025345
vn 0.0788696632 0.105940305 -0.991239727
vn 0.0788696185 0.105940327 -0.991239727
vn 0.130761445 0.175643176 -0.975730956
vn 0.130761385 0.175643191 -0.975730956
vn 0.181628659 0.243969873 -0.952622533
vn 0.181628808 0.243969828 -0.952622533
vn 0.231071994 0.310383558 -0.92209965
vn 0.231071964 0.310383588 -0.92209965
vn 0.278706223 0.374367535 -0.884404778
vn 0.278706491 0.374367476 -0.884404719
vn 0.321274281 0.431545883 -0.84294188
vn 0.33394897 0.4274351 -0.840105534
vn 0.0220701061 0.0382265933 -0.999025345
vn 0.0660373643 0.114380218 -0.991239727
vn 0.0660374388 0.114380188 -0.991239727
vn 0.109486394 0.189635992 -0.975730956
vn 0.152077511 0.263405949 -0.952622533
vn 0.152077541 0.263405949 -0.952622533
vn 0.193476334 0.335110754 -0.92209959
vn 0.193476126 0.335110754 -0.92209965
vn 0.233360231 0.40419209 -0.884404719
vn 0.233360186 0.40419209 -0.884404778
vn 0.27141872 0.470111489 -0.839837551
vn 0.271418869 0.470111489 -0.839837492
vn 0.0174830593 0.0405302942 -0.999025345
vn 0.0523121618 0.121273249 -0.991239727
vn 0.0523122437 0.121273227 -0.991239727
vn 0.0867308006 0.201064289 -0.975730956
vn 0.0867307484 0.201064304 -0.975730956
vn 0.120469779 0.279280096 -0.952622533
vn 0.120469451 0.279280126 -0.952622533
vn 0.153263748 0.355306 -0.92209971
vn 0.153264225 0.355306029 -0.92209959
vn 0.184858844 0.428550452 -0.884404719
vn 0.184858724 0.428550452 -0.884404778
vn 0.215007231 0.498442531 -0.839837432
vn 0.215007022 0.498442501 -0.839837492
vn 0.0126595749 0.0422859006 -0.999025345
vn 0.0378795192 0.126526326 -0.991239727
vn 0.0378794111 0.126526341 -0.991239727
vn 0.0628019571 0.209773645 -0.975730956
vn 0.0628020763 0.209773645 -0.975730956
vn 0.0872326121 0.291377366 -0.952622533
vn 0.0872327983 0.291377366 -0.952622533
vn 0.110979393 0.370696396 -0.92209965
vn 0.110979095 0.370696366 -0.92209971
vn 0.133856893 0.447113574 -0.884404778
vn 0.133857027 0.447113603 -0.884404719
vn 0.154473692 0.515978098 -0.842558324
vn 0.176539004 0.512705445 -0.840218484
vn 0.23726362 0.0154031981 -0.971323192
vn 0.480644554 0.241388574 -0.843037605
vn 0.417076975 0.20946376 -0.884404719
vn 0.417076826 0.209463879 -0.884404778
vn 0.345793396 0.173663989 -0.92209965
vn 0.345793456 0.173663929 -0.92209965
vn 0.271802902 0.136504501 -0.952622533
vn 0.271802902 0.136504516 -0.952622533
vn 0.195681214 0.0982747823 -0.975730956
vn 0.195681214 0.0982747674 -0.975730956
vn 0.118026413 0.0592750721 -0.991239727
vn 0.118026435 0.0592750385 -0.991239727
vn 0.0394451804 0.0198100917 -0.999025345
vn 0.0315629728 0.541919529 -0.839837492
vn 0.0739065707 0.537208974 -0.840204954
vn 0.0934669152 0.530077338 -0.842782259
vn 0.105055824 0.532193482 -0.840079367
vn 0.14649865 0.522352636 -0.840051115
vn -0.15398106 -0.988073826 5.18092602e-05
vn -0.887627065 -0.460562736 -0.000421404722
vn -0.0560558103 0.998427629 1.59592461e-11
vn -0.0784506425 0.996804416 -0.0150501532
vn -0.134091094 0.990969002 2.70310302e-05
vn -0.191631362 0.981466949 2.7045262e-05
vn -0.243142918 0.969727457 -0.0225881599
vn -0.233413145 0.972237408 -0.0165131129
vn -0.281263143 0.959630668 3.63104846e-05
vn -0.426456898 0.904507875 -0.000136113347
vn -0.382622838 0.923733175 -0.0177971963
vn -0.362781286 0.931857765 -0.00555645628
vn -0.317769974 0.948167861 3.63029394e-05
vn -0.522414565 0.852503061 -0.0179325379
vn -0.500057995 0.865983129 -0.00390488887
vn -0.460612446 0.887601376 -0.000136049683
vn -0.733084023 0.680138052 -0.000217116292
vn -0.707003713 0.707209826 -0.000216955406
vn -0.679449081 0.733722568 -0.000446295977
vn -0.622116387 0.782167494 -0.0344271809
vn -0.649444997 0.760402262 -0.00310206506
vn -0.590157211 0.807288349 8.66744012e-05
vn -0.560152888 0.828389227 8.67158014e-05
vn -0.781139493 0.62348634 -0.0329523236
vn -0.760401726 0.64944452 -0.00331301289
vn -0.806520939 0.591205478 0.000155976013
vn -0.904066682 0.42739138 -0.00016716159
vn -0.887572706 0.46066764 -0.000167090489
vn -0.852621257 0.522487044 -0.00665343367
vn -0.865615249 0.499883115 -0.0287590139
vn -0.82822156 0.560400784 0.000156062422
vn -0.926136315 0.376684636 -0.0194998495
vn -0.923771739 0.382638812 -0.0152751785
vn -0.939523757 0.342468798 -0.00320229051
vn -0.985287428 0.170905486 -3.44591353e-05
vn -0.975042403 0.221831262 -0.00912309531
vn -0.972237766 0.233413234 -0.0164925698
vn -0.958922446 0.283668309 0.000204903627
vn -0.947176516 0.320712596 0.000204841723
vn -0.99682349 0.0784521475 -0.0137164323
vn -0.997001946 0.0757888258 -0.0155926896
vn -0.990920365 0.134450033 -3.44647451e-05
vn -0.990898132 -0.134613797 -4.19804855e-05
vn -0.9970842 -0.0746566877 -0.0157938357
vn -0.996832311 -0.0784528404 -0.0130591989
vn -0.999833107 -0.018266011 0.00023108031
vn -0.999809027 0.0195415206 0.00023108632
vn -0.972238064 -0.233413294 -0.0164752938
vn -0.974955618 -0.222203523 -0.00933661219
vn -0.985240579 -0.17117542 -4.19721582e-05
vn -0.904295862 -0.426906079 -0.000421594479
vn -0.930993497 -0.364222616 -0.0243509766
vn -0.923848152 -0.382670462 -0.00823964365
vn -0.947765946 -0.318966508 0.000240994181
vn -0.958883107 -0.283801287 0.000241072717
vn -0.865796149 -0.500375688 -0.00460233958
vn -0.852496564 -0.522410631 -0.0183506198
vn -0.82787329 -0.560915172 0.000195585686
vn -0.806613684 -0.591078937 0.000195465065
vn -0.760402977 -0.649445593 -0.00277939416
vn -0.781873882 -0.622523606 -0.0337283686
vn -0.622053325 -0.782205641 -0.0346983708
vn -0.649444222 -0.760401368 -0.00346405804
vn -0.679838419 -0.733361483 -0.000830378616
vn -0.707501113 -0.706711888 -0.000665791449
vn -0.733870208 -0.679289401 -0.000666304433
vn -0.46123758 -0.887276649 -0.000199515212
vn -0.500656724 -0.865635693 -0.00420758873
vn -0.522415519 -0.852504551 -0.0178333167
vn -0.559849322 -0.828594446 8.71457887e-05
vn -0.589754641 -0.807582498 8.71086595e-05
vn -0.382668436 -0.923843265 -0.00886199065
vn -0.364289582 -0.930956006 -0.0247790255
vn -0.427216202 -0.904149473 -0.000199595874
vn -0.173739389 -0.984791636 5.18475681e-05
vn -0.226934716 -0.973835707 -0.0120250024
vn -0.233414888 -0.97224462 -0.0160580426
vn -0.280231655 -0.959932387 0.000136887975
vn -0.318602502 -0.947888434 0.000136870629
vn -0.0207834467 -0.999783993 6.19615605e-07
vn -0.0784515887 -0.996816397 -0.0142257782
vn -0.0853896141 -0.99630326 -0.00940286368
vn -0.140846625 -0.990031421 -0.000246229814
vn 0.0581443794 0.998308182 -1.66310316e-11
vn 0.0784467161 0.996766329 0.0174063481
vn 0.233385742 0.972120881 0.0226283055
vn 0.193664312 0.981067836 0
vn 0.13629134 0.990668774 0
vn 0.382636636 0.923766077 0.0156654641
vn 0.325568765 0.945518374 0
vn 0.270039976 0.962849081 0
vn 0.522405207 0.852487922 0.0188987684
vn 0.49999842 0.866023123 -0.00236278726
vn 0.396078289 0.91821301 0.0026115342
vn 0.717316151 0.696747839 0
vn 0.675589979 0.737277508 0
vn 0.649285316 0.76021558 0.0223798398
vn 0.615661561 0.788010716 0
vn 0.56880182 0.822474599 0
vn 0.765951812 0.642710209 0.0155374147
vn 0.760391355 0.649435401 0.00621614372
vn 0.80558604 0.592478812 0
vn 0.838670671 0.544638872 0
vn 0.852467239 0.522392511 0.0201417617
vn 0.878816962 0.477158993 0
vn 0.905074418 0.425253242 0
vn 0.923658252 0.382591963 0.0218827464
vn 0.935649514 0.352930546 0
vn 0.972330928 0.233436152 0.00895110331
vn 0.972975612 0.230599344 0.0119345887
vn 0.954587281 0.297931403 0
vn 0.996694684 0.078441076 0.0211366192
vn 0.9942137 0.107420512 0
vn 0.986285567 0.165047973 0
vn 0.996694684 -0.078441076 0.0211366173
vn 0.999576986 -0.0290841609 4.19526393e-12
vn 0.999576986 0.0290841609 -4.19526393e-12
vn 0.954587281 -0.297931403 0
vn 0.972975612 -0.230599344 0.0119345887
vn 0.972330928 -0.233436152 0.00895110331
vn 0.986285567 -0.165047973 0
vn 0.9942137 -0.107420512 0
vn 0.935649514 -0.352930546 0
vn 0.923658252 -0.382591963 0.0218827464
vn 0.905074418 -0.425253242 0
vn 0.852640212 -0.522498548 0
vn 0.838288426 -0.544390619 0.0301877446
vn 0.878816962 -0.477158993 0
vn 0.760334909 -0.649387181 0.0136760883
vn 0.766032815 -0.642778158 0.00547138928
vn 0.80558604 -0.592478812 0
vn 0.56880182 -0.822474599 0
vn 0.615661561 -0.788010716 0
vn 0.649285316 -0.76021558 0.0223798398
vn 0.675589979 -0.737277508 0
vn 0.717316151 -0.696747839 0
vn 0.499806166 -0.865690112 0.0278283097
vn 0.522495329 -0.852635026 -0.00347999576
vn 0.396078289 -0.91821301 0.0026115342
vn 0.382636636 -0.923766077 0.0156654641
vn 0.325568765 -0.945518374 0
vn 0.270039976 -0.962849081 0
vn 0.233385742 -0.972120881 0.0226283055
vn 0.193664312 -0.981067836 0
vn 0.0784586072 -0.996917367 -2.25672293e-11
vn 0.058128342 -0.998032868 0.023484746
vn 0.13629134 -0.990668774 0
vn -2.83378625e-07 -1 -1.42530635e-05
vn 2.38961456e-05 -1 -0.000172892338
vn -0.0016461846 -0.999995828 0.00238067401
vn 0.000131937471 -1 6.1974373e-07
vn -2.07798962e-06 1 5.94367201e-16
vn 0 1 -1.8268207e-05
vn 3.77819811e-06 -1 1.32849345e-05
vn 2.26700081e-06 -1 -6.52062639e-16
vn -0.000306584785 -0.00403052522 -0.999991834
vn 5.71392604e-07 0.999988258 -0.00484487927
vn -0.000665695406 0.981382072 -0.192064673
vn -0.475127876 0.867816567 -0.145423308
vn -0.0116708064 0.999782026 -0.0173130538
vn 0.000674587733 0.999797463 -0.0201131273
vn -0.000827530224 0.99910897 -0.0421962403
vn -0.000419971911 0.99910301 -0.0423445106
vn -0.000417605333 0.998311579 -0.0580846258
vn -0.000703245809 0.998320103 -0.0579353534
vn -0.000182879885 0.99678123 -0.0801697001
vn 0.00227872748 0.996732354 -0.0807428882
vn 0.000342306361 0.99513346 -0.0985358506
vn 0.00123578904 0.994992673 -0.0999400243
vn 0.00123243663 0.993395448 -0.114734538
vn 0.00822785497 0.993091762 -0.117051549
vn 0.000708508596 0.990499794 -0.137512252
vn 0.0106556285 0.989327788 -0.145317018
vn -0.00385240535 0.987241745 -0.159182087
vn 0.0218632333 0.982769191 -0.183539465
vn -0.00081063027 0.981523156 -0.191341624
vn 0.762084126 -0.636113107 0.120780408
vn 0.748508275 -0.663106203 0.00505135441
vn 0.748498619 -0.663116932 0.00507869758
vn 0.747510612 -0.664161623 0.010824671
vn 0.748918414 -0.66239804 0.018709477
vn 0.748330057 -0.662846386 0.02523458
vn 0.748933196 -0.661702871 0.0353327356
vn 0.74834317 -0.662494242 0.0329228528
vn 0.749714375 -0.659867287 0.0500354655
vn 0.749323964 -0.660390079 0.0489755236
vn 0.750743985 -0.65687716 0.0699704066
vn 0.750558913 -0.656950653 0.0712539032
vn 0.753427207 -0.650985897 0.0925461054
vn 0.75304538 -0.650910676 0.0961144641
vn 0.763861299 -0.624250591 0.163790062
vn 0.756326258 -0.640626013 0.132547885
vn 0.756092072 -0.640331924 0.135276839
vn 0.756453633 -0.643310308 0.118024416
vn 0.80608201 0.591790438 0.00398886111
vn 0.80659759 0.590584636 0.0247005634
vn 0.806846738 0.590177894 0.0262379851
vn 0.806069851 0.589957714 0.0469178855
vn 0.806061924 0.588846087 0.0593666621
vn 0.805767 0.588727534 0.0643386617
vn 0.806509197 0.584890366 0.0862908065
vn 0.805658996 0.584998786 0.0932203829
vn 0.806097865 0.579625964 0.119331397
vn 0.80534476 0.578950405 0.127421319
vn 0.806314766 0.573181272 0.146012709
vn 0.805944204 0.572179556 0.151869833
vn 0.805932522 0.567509234 0.16854094
vn 0.806639016 0.563673735 0.177778989
vn 0.805339575 0.560124934 0.194134504
vn 0.806021512 0.555693865 0.203797996
vn 0.80579412 0.547169924 0.226497173
vn 0.806977749 0.542154133 0.234213084
vn 0.807980776 0.485449016 0.333925575
vn 0.808004677 0.485498458 0.333795846
vn 0.803832948 0.469747037 0.364952534
vn 0.805783093 0.535710871 0.252443075
vn 0.806102216 0.527636409 0.267953426
vn 0.807238579 0.517808318 0.283267468
vn 0.806293547 0.516087592 0.289040267
vn 0.805740416 0.5028795 0.312881082
vn 0.805745602 0.502921462 0.312800229
vn 0.806176543 0.493276596 0.326737791
vn 0.000658336736 -0.841081619 -0.5409078
vn 0.0144822868 -0.845479012 -0.533812284
vn -0.0134351123 -0.870886505 -0.491300464
vn 0.0117727229 -0.878090143 -0.478350401
vn -0.0123946406 -0.898300529 -0.439206719
vn -0.0021438736 -0.900471449 -0.43490991
vn 0.00199150294 -0.916458011 -0.400125891
vn -0.0177395381 -0.911080122 -0.411847442
vn 0.02717942 -0.927811444 -0.372058034
vn 0.0132675618 -0.925805807 -0.37776655
vn -0.00394074712 -0.938239932 -0.345962822
vn 0.018016221 -0.948108375 -0.317436427
vn 0.012677433 -0.947403431 -0.319790512
vn -0.0123715475 -0.961963952 -0.272896111
vn 0.012927792 -0.979117751 -0.202882364
vn -0.0121884448 -0.976689875 -0.214308843
vn 0.00205951417 -0.970394075 -0.241518199
vn -0.00773457997 -0.962589324 -0.270854056
vn -0.000152375345 -0.999598384 -0.0283373855
vn -0.0103234388 -0.999413729 -0.0326446705
vn 0.00196309434 -0.99803859 -0.0625712723
vn 5.81569975e-06 -0.99775368 -0.0669897348
vn 3.24034845e-05 -0.995783627 -0.0917332023
vn -0.0108284904 -0.995156109 -0.0977092162
vn 0.0134036988 -0.989634693 -0.142980665
vn 0.0125360796 -0.989588141 -0.143381059
vn -0.00285852118 -0.984834611 -0.173472106
vn 0.70730716 -0.696202636 -0.122549869
vn 0.704580069 -0.700587094 -0.112892248
vn 0.708516121 -0.698413372 -0.101111837
vn 0.705119431 -0.704289854 -0.0823549032
vn 0.71074903 -0.700087428 -0.0686537474
vn 0.708381534 -0.703180373 -0.0610985309
vn 0.707252443 -0.705377817 -0.04728752
vn 0.704308152 -0.709049284 -0.0346277021
vn 0.711290956 -0.7025249 -0.0228887834
vn 0.707098186 -0.707083106 -0.00675154896
vn 0.706630945 -0.694915175 -0.133287624
vn 0.70860815 -0.690470219 -0.145345658
vn 0.711163819 -0.68670553 -0.150603801
vn 0.705187619 -0.689167559 -0.166608945
vn 0.709285796 -0.678176105 -0.192330047
vn 0.711016953 -0.677179098 -0.189429
vn 0.701992691 -0.675357342 -0.226050258
vn 0.712272286 -0.670034587 -0.209097698
vn 0.70073998 -0.669385612 -0.246751636
vn 0.704358935 -0.667744458 -0.24082309
vn 0.707499623 -0.655962586 -0.262977958
vn 0.706629276 -0.655586898 -0.266234636
vn 0.706601322 -0.648517489 -0.28308937
vn 0.705356061 -0.64854449 -0.286116928
vn 0.708407342 -0.633396566 -0.31139645
vn 0.704125404 -0.63465935 -0.318457037
vn 0.707364559 -0.615599394 -0.347379804
vn 0.702748179 -0.615966976 -0.355991095
vn 0.708300531 -0.597517312 -0.375876814
vn -0.768736422 0.618905246 -0.161246985
vn -0.770405829 0.616606474 -0.16208443
vn -0.762596548 0.635662436 -0.11991588
vn -0.764057934 0.625419617 -0.158321887
vn -0.757289052 0.639300883 -0.133445516
vn -0.756403148 0.640728116 -0.131612375
vn -0.750766575 0.658287048 -0.0548423864
vn -0.755825043 0.650756955 -0.0724145621
vn -0.747386515 0.661815464 -0.0584262721
vn -0.757459939 0.645882547 -0.0953424349
vn -0.750456154 0.655793846 -0.0821583048
vn -0.756821215 0.644390702 -0.109463319
vn -0.748454571 0.663071692 -0.012314423
vn -0.748920798 0.662567019 -0.0110717388
vn -0.748999774 0.662054539 -0.0261361413
vn -0.749047518 0.662022948 -0.0255612787
vn -0.749765158 0.660622418 -0.0378178433
vn -0.750219941 0.660226345 -0.0356537662
vn -0.750070989 0.659850657 -0.0446162671
vn -0.805193782 -0.467515677 -0.364817917
vn -0.812834501 -0.484893441 -0.3227669
vn -0.806010067 -0.591878653 -0.0052382811
vn -0.807826817 -0.588835597 -0.0262395274
vn -0.807031751 -0.589817047 -0.0285593141
vn -0.809133649 -0.582237542 -0.0793862119
vn -0.806441784 -0.587303221 -0.0687500685
vn -0.805987418 -0.58971113 -0.0512358285
vn -0.806841016 -0.578094244 -0.121715195
vn -0.806059897 -0.581209004 -0.111640066
vn -0.806000054 -0.584351063 -0.0943280309
vn -0.805988669 -0.571111917 -0.155606732
vn -0.805941522 -0.566330194 -0.17241919
vn -0.809043348 -0.557569742 -0.18591617
vn -0.808140397 -0.557624698 -0.189641193
vn -0.808478832 -0.538354456 -0.237774074
vn -0.806456864 -0.543350577 -0.233232647
vn -0.805661678 -0.554906428 -0.20733577
vn -0.805731475 -0.492794812 -0.328557462
vn -0.805988431 -0.512453258 -0.29626736
vn -0.808701098 -0.513646305 -0.286653072
vn -0.805918515 -0.525461435 -0.272737294
vn -0.805936158 -0.533326685 -0.256962091
vn -0.805412948 -0.490223527 -0.33315295
vn -0.804860651 -0.491698772 -0.332312614
vn -0.806487441 -0.509695053 -0.299647987
vn -0.802939415 -0.520493031 -0.290474266
vn -0.805882871 -0.524944901 -0.273835033
vn -0.803333998 -0.564950049 -0.188377127
vn -0.805642247 -0.559631228 -0.194302365
vn -0.805880666 -0.54160428 -0.239209443
vn -0.801683426 -0.55055356 -0.232797116
vn -0.805906832 -0.533650637 -0.256380916
vn -0.799835861 -0.587900281 -0.12097843
vn -0.805918872 -0.572850764 -0.149454772
vn -0.805951357 -0.567588866 -0.168182522
vn -0.807464123 -0.573402107 -0.138606161
vn -0.808941126 -0.572625637 -0.13309443
vn -0.807274163 -0.574853241 -0.133612305
vn -0.804565668 -0.588419378 -0.0802293122
vn -0.804030895 -0.588945866 -0.0817134082
vn -0.807030022 -0.588973582 -0.0425753854
vn -0.80321449 -0.595099449 -0.0265166629
vn -0.805966139 -0.591847539 -0.0116239572
vn 2.94776942e-06 -0.999954641 -0.00952390675
vn 7.24548227e-05 -0.999961853 -0.00873562507
vn 2.39619021e-05 -0.998810768 -0.048754707
vn 0.000162753146 -0.998834968 -0.0482558347
vn 0.000107638858 -0.996248484 -0.0865386203
vn 0.000112852729 -0.996254325 -0.0864713266
vn 0.000112874593 -0.993235409 -0.116118006
vn 9.94716029e-05 -0.993227661 -0.11618425
vn 5.27979246e-05 -0.987268329 -0.159063756
vn 6.35608467e-06 -0.987232029 -0.159288898
vn 5.00457754e-05 -0.982102692 -0.188346356
vn 3.37600904e-05 -0.982060432 -0.188566491
vn 2.55701761e-05 -0.978559911 -0.20596242
vn 2.5892261e-05 -0.978560627 -0.205959052
vn 2.58943601e-05 -0.972004533 -0.23496215
vn 3.98272568e-05 -0.972022355 -0.23488839
vn 4.17525407e-05 -0.96303761 -0.26936689
vn 0.00104401377 -0.96484834 -0.262805194
vn -0.000768620463 -0.956670463 -0.291171789
vn 0.00013449142 -0.954603851 -0.297878265
vn 0.000115736148 -0.946778893 -0.321884632
vn 0.00214738422 -0.940697849 -0.339238703
vn 0.000257224456 -0.936782181 -0.349912912
vn 0.000211876584 -0.92652452 -0.376234293
vn -0.00257114461 -0.914927661 -0.403609633
vn 2.15228511e-06 -0.865644276 -0.500659585
vn 9.77370873e-05 -0.865816712 -0.500361323
vn 0.000131845969 -0.887602091 -0.460611045
vn 0.00219663442 -0.893799782 -0.448460817
vn 0.000173473629 -0.900922835 -0.433979273
vn 0.000236819847 -0.918956101 -0.394359797
vn 0.000269763608 0.999919295 -0.0127027361
vn 0.000272473088 0.99985683 -0.0169196222
vn -0.00155254686 0.999883652 -0.0151738636
vn 0.00047939489 0.999597549 -0.0283643659
vn 0.000386647589 0.999257505 -0.038526956
vn 0.000789138372 0.99917233 -0.0406705067
vn 0.000137995245 0.998560846 -0.0536298491
vn 0.00098790403 0.998343945 -0.0575188436
vn 0.000320008257 0.997757018 -0.066939272
vn 0.00112751243 0.996615291 -0.0821991339
vn 0.00124305987 0.996588409 -0.0825226456
vn -0.00116094085 0.994009137 -0.109290712
vn 0.00027006623 0.981652677 -0.190677509
vn -0.00144903117 0.983259559 -0.182204604
vn 0.00139678735 0.987824142 -0.155568451
vn -0.00138687214 0.989581466 -0.143967405
vn -0.000437712704 0.991101623 -0.133106694
vn 0.00031037681 0.993457079 -0.114205576
vn -1 -1.2047326e-05 -0.000161058386
vn -1 -5.00603892e-05 -9.72297858e-06
vn -1 9.04448279e-06 -2.52400223e-05
vn -1 1.23535722e-06 1.69056534e-07
vn -1 1.22037898e-06 1.72577558e-07
vn -1 1.41198643e-06 -3.06792771e-07
vn -1 -1.97392197e-07 3.23383773e-07
vn -0.999998987 -0.00100653374 0.00101166731
vn -0.999999106 -0.000977940857 0.000910028932
vn -0.999999344 -0.00113762554 0.000165500489
vn -0.999999166 -0.00126539392 0.000315409125
vn -0.999999166 -0.0012365696 -0.000365230604
vn -0.999999821 -0.000573214958 5.82461398e-05
vn -0.999999523 0.000444548234 -0.000859255611
vn -0.99999994 -0.000351329654 2.83109039e-05
vn -1 7.22691027e-07 -0.00023765731
vn -1 7.55676738e-05 -5.09080655e-06
vn -1 7.82912102e-05 2.41092384e-05
vn -1 5.30433172e-05 -3.39009671e-06
vn -1 2.41866092e-05 2.95728678e-05
vn -1 1.75773275e-05 3.37121577e-07
vn -1 9.62450372e-07 1.27032908e-05
vn -1 -5.6502131e-06 -1.41322596e-06
vn -1 -4.75985751e-10 -1.60110212e-05
vn -1 2.35441007e-11 7.91967238e-07
vn -1 1.18470984e-06 4.67722465e-08
vn 0.704376161 0.696816027 -0.135283396
vn 0.707637668 0.693477869 -0.135415554
vn 0.708571672 0.692808568 -0.133949295
vn 0.708428204 0.692943215 -0.13401188
vn 0.705825388 0.699310124 -0.113030463
vn 0.703671634 0.701884925 -0.110470906
vn 0.707855046 0.699646294 -0.0971406326
vn 0.707262337 0.700669467 -0.0940331444
vn 0.706666946 0.702927053 -0.0807175115
vn 0.706687272 0.702904582 -0.0807358399
vn 0.70743376 0.70340246 -0.0690106824
vn 0.707080305 0.707027555 -0.0122246193
vn 0.705221593 0.706722856 -0.0566150099
vn 0.707956612 0.703852892 -0.0582109131
vn 0.70584619 0.707170725 -0.0411185697
vn 0.705519617 0.707521439 -0.0406870767
vn 0.707369447 0.706214964 -0.0298141129
vn 0.70655793 0.707072914 -0.0287005957
vn 0.706963599 0.707143664 -0.0122617343
vn 0.731012225 0.682092249 -0.0192688499
vn 0.707100153 0.707057476 -0.00889425166
vn -0.00247866451 -0.00407228526 -0.999988616
vn -0.00970617589 -0.00586943235 -0.999935687
vn -0.0186948888 -0.00283140689 -0.999821246
vn -0.0334418267 -0.00822588708 -0.999406815
vn -0.0686860681 -0.000334031356 -0.997638285
vn -0.0513115861 -0.0126057146 -0.998603106
vn -0.113486134 -0.00303042494 -0.993534982
vn -0.0949443877 -0.0141403982 -0.99538213
vn -0.174761653 -0.0043039266 -0.984601378
vn -0.149291545 -0.017711848 -0.988634586
vn -0.255200565 -0.00508572021 -0.966874778
vn -0.22116068 -0.0213524885 -0.9750036
vn -0.35736984 -0.00431382935 -0.933952987
vn -0.306795776 -0.0267650615 -0.951398969
vn -0.419369012 -0.00894817244 -0.907771766
vn -0.441686153 -0.0142392963 -0.897056639
vn -0.476914525 -0.0138983754 -0.878839791
vn -0.619832993 -0.0216786209 -0.784434259
vn -0.583337426 -0.0138502717 -0.812111795
vn -0.509201229 -0.0129832085 -0.860549569
vn -0.536058307 -0.0201697648 -0.84393996
vn -0.508503377 -0.0156830195 -0.860917151
vn -0.82023257 -0.0133767221 -0.571873784
vn -0.792875051 -0.0105261691 -0.609293342
vn -0.769380808 -0.0136614311 -0.638644278
vn -0.743697464 -0.0107451519 -0.668429971
vn -0.711323202 -0.0131626278 -0.702741861
vn -0.683283567 -0.00839212723 -0.730104864
vn -0.647351384 -0.0132503659 -0.762076497
vn -0.58269608 -0.00812164508 -0.812649608
vn -0.892335296 -0.0214297306 -0.450864196
vn -0.878083289 -0.0144970743 -0.478288203
vn -0.844634771 -0.00937209185 -0.535260975
vn -0.866620541 -0.00561739132 -0.498936176
vn -0.899611175 -0.0110162571 -0.436552823
vn -0.927640498 -0.00544762192 -0.373434603
vn -0.929964006 -0.006819095 -0.367587358
vn -0.960037589 -0.00872296374 -0.279735208
vn -0.991075695 -0.0183451697 -0.132031873
vn -0.9828071 -0.0067521804 -0.18451187
vn -0.967953563 -0.00140075805 -0.251125455
vn -0.987117112 0.0178119782 -0.159004971
vn -0.997448146 -0.0146769648 -0.0698693842
vn -0.999392152 -0.00131446181 -0.0348370112
vn -0.000327765709 0.592620552 0.805481732
vn 0.0096950708 0.652513087 0.757715404
vn 0.00580967357 0.640015006 0.768340468
vn 0.00427071191 0.633093953 0.77406317
vn 0.00326121249 0.628199935 0.778045118
vn 0.00209484831 0.62059015 0.784132302
vn 0.00139409478 0.613981962 0.78931886
vn 0.00114211079 0.610748827 0.791823566
vn 0.00090874976 0.607453883 0.794354439
vn 0.000751609332 0.604143381 0.796875298
vn 0.000570791657 0.600266814 0.799799621
vn -0.014092627 0.683441639 0.729869127
vn 0.0128151635 0.737678051 0.675031006
vn 0.00833893474 0.728655398 0.684829772
vn 0.00497875968 0.717978358 0.696047604
vn 0.00252182921 0.708936512 0.705267787
vn -0.0140656028 0.594363689 0.804073334
vn -0.00439756783 0.620961487 0.783828735
vn 0.00247281254 0.672960877 0.739673913
vn 1.19764206e-06 0.662110746 0.74940604
vn -8.33617105e-06 0.682920516 0.730492711
vn 0.000199481336 0.693328381 0.720621765
vn -0.00228148047 0.784767687 0.619785786
vn 0.00453998614 0.797865629 0.602818251
vn -0.00289742253 0.764081299 0.645113468
vn -0.000125101302 0.774523795 0.632544756
vn -0.000609618262 0.744993746 0.667071164
vn 0.00172505307 0.751890481 0.659285724
vn -0.00278129918 0.714344978 0.699788153
vn -0.00969926175 0.693573356 0.720320761
vn -0.00046003866 0.83903724 0.54407382
vn -0.000473924156 0.85548377 0.517829418
vn 0.00188612298 0.861900985 0.507073104
vn -0.00269107637 0.840172887 0.542311966
vn -0.000652665214 0.845958591 0.533248186
vn -0.000293617166 0.833620071 0.552338183
vn -0.000315191515 0.832872629 0.553464651
vn -0.000312923541 0.817316949 0.576188266
vn 0.00472546229 0.829546511 0.558417618
vn 0.000985909021 0.818859339 0.573993385
vn 0.00191883487 0.882440388 0.470420331
vn -8.56889674e-05 0.87845844 0.477818727
vn -8.56614643e-05 0.892537177 0.450973839
vn -9.5424235e-05 0.892421484 0.45120272
vn -0.000142157456 0.906972647 0.421189457
vn -0.000170821193 0.906927347 0.42128706
vn -0.000184872202 0.928464055 0.371422172
vn -0.000138508811 0.928538024 0.371237308
vn -0.00013846306 0.938836515 0.344363093
vn -0.000124204555 0.938978374 0.3439762
vn -0.000126467916 0.94247216 0.334284544
vn -0.00145231676 0.94960022 0.31346029
vn 1.34090624e-05 0.951792777 0.306741834
vn -2.69863631e-05 0.965289474 0.261182308
vn 7.11739776e-05 0.965398252 0.260780066
vn 7.1153474e-05 0.972453475 0.233097166
vn 8.20940768e-05 0.972535312 0.232755437
vn 2.67592186e-05 0.979483783 0.201522931
vn 0.000135816241 0.979566395 0.201120958
vn 4.00353338e-06 0.989074945 0.147413507
vn -2.34519594e-05 0.989057899 0.147527933
vn -2.34437321e-05 0.99293226 0.118682213
vn -3.05525755e-05 0.992901802 0.118937232
vn -5.15220527e-05 0.993872523 0.110532358
vn -0.00125590945 0.996217728 0.0868827328
vn -0.000156516078 0.996646523 0.0818269327
vn 1.27423318e-05 0.999604702 0.02811471
vn 2.39396354e-06 0.999604166 0.0281341672
vn -0.000235902218 0.999578476 0.0290305372
vn -0.000177342794 0.51336664 0.858169377
vn 0.000343552412 0.593182504 0.805067956
vn 8.61004719e-06 0.580049217 0.814581394
vn 8.61023182e-06 0.570962906 0.82097584
vn -0.000476612768 0.562524319 0.826780558
vn 0.000168857106 0.535566926 0.844492733
vn -0.000281437824 0.510910273 0.859633982
vn -0.000396340212 0.426494122 0.904490232
vn -0.000561123947 0.42439577 0.90547663
vn 0.000338225189 0.478500098 0.878087461
vn -3.43864576e-06 0.472094685 0.881547868
vn -3.43831289e-06 0.49748081 0.867474973
vn -0.000154928523 0.297314018 0.954779744
vn -6.791942e-05 0.300364763 0.953824401
vn 6.35963297e-05 0.327746511 0.944765687
vn -0.000697471725 0.352471352 0.935822368
vn -2.6476273e-05 0.366088212 0.930580139
vn -2.64691989e-05 0.392912388 0.91957593
vn -0.000372970128 0.201900452 0.979405999
vn -0.000171102118 0.20510006 0.97874099
vn 0.000128328349 0.258656204 0.965969443
vn 1.43238537e-06 0.255946994 0.966690838
vn 1.43163481e-06 0.283805996 0.958881736
vn 1.62742163e-06 0.0551817641 0.998476326
vn -0.000115256284 0.0645837411 0.997912288
vn 6.20807987e-05 0.0742571652 0.997239113
vn -0.0001250067 0.103045173 0.99467665
vn -0.000872713164 0.122652821 0.992449284
vn -3.5345422e-06 0.141956091 0.989872932
vn -3.53379824e-06 0.170669019 0.985328436
vn 1.62782794e-06 0.0277724117 0.999614298
vn -0.000136159855 0.0244046059 0.999702156
vn 4.93591723e-10 0.00336992485 0.999994338
vn -4.96827424e-09 -0.0339201577 0.999424517
vn 0 -0.0339202359 0.999424517
vn -1.07963588e-05 -0.567071438 0.823668599
vn 0.00865353737 -0.521490991 0.853212893
vn 0 -0.104971267 0.994475245
vn -0.000662408536 -0.114064664 0.993473113
vn 0.000210811922 -0.162771553 0.986663759
vn 0 -0.171789572 0.985133648
vn 0 -0.200381488 0.97971797
vn -0.000370122289 -0.211215705 0.977439404
vn 0.000645432505 -0.2571567 0.96636951
vn 0 -0.267840266 0.963463306
vn 0 -0.330260038 0.943889976
vn -0.0010333379 -0.34442395 0.938813686
vn 0.00023064937 -0.384728521 0.92302978
vn 0 -0.398573011 0.91713661
vn 0 -0.419743627 0.907642722
vn -0.000504106691 -0.435084581 0.900389433
vn 0.000858256011 -0.471945524 0.881627262
vn 0 -0.486839205 0.873491585
vn 0 -0.537938714 0.842983961
vn -0.0019345429 -0.562808156 0.826585293
vn 1.18551798e-05 -0.582925498 0.81252557
vn -0.234802544 -0.480013758 0.845254123
vn -0.162070557 -0.478435993 0.863036573
vn -0.195715651 -0.315394521 0.928558946
vn -0.202466637 0.359891295 0.910760939
vn -0.196258202 0.465767592 0.862869203
vn -0.14126201 0.490967691 0.859648645
vn -0.462753296 -0.338534534 0.819300771
vn -0.419544041 -0.389521897 0.819911897
vn -0.213048235 -0.543344915 0.812026322
vn -0.321933478 -0.476038426 0.818380237
vn -0.29042089 -0.503185928 0.813916206
vn -0.265947878 -0.504286408 0.821563721
vn -0.264413297 -0.509586334 0.818784058
vn -0.252690762 -0.535081089 0.806123793
vn -0.383616149 -0.413744897 0.825623274
vn -0.358505696 -0.449327826 0.818277597
vn -0.474683791 -0.320817947 0.819604278
vn -0.516920269 -0.244583234 0.820348978
vn -0.513831317 -0.266815513 0.815344632
vn -0.532153308 -0.17905052 0.827498496
vn -0.534100711 -0.181071952 0.825802267
vn -0.540276229 -0.15964964 0.82620436
vn -0.552918553 -0.0619293861 0.83093071
vn -0.563436329 -0.0766787603 0.822593391
vn -0.570265114 -0.0990604684 0.815465927
vn -0.580486774 -0.0107055586 0.814199328
vn -0.558268249 0.0473486036 0.828308344
vn -0.563866615 0.0431013145 0.82474041
vn -0.579075217 0.0114527056 0.815193713
vn -0.543955028 0.184196874 0.818647921
vn -0.55028379 0.162592158 0.818994224
vn -0.548075259 0.14424032 0.823898196
vn -0.575169146 0.130667791 0.807531059
vn -0.579295814 0.100451216 0.808904171
vn -0.514029801 0.22024712 0.829014242
vn -0.524179876 0.213585153 0.824388802
vn -0.537623405 0.196196243 0.820041537
vn -0.524963439 0.272546411 0.806307554
vn -0.527495205 0.304436207 0.79313767
vn -0.470714718 0.288790643 0.833683193
vn -0.488268375 0.32998842 0.807899535
vn -0.415040761 0.415515989 0.809374809
vn -0.434575617 0.403679758 0.805100441
vn -0.432611912 0.363527834 0.825042069
vn -0.46020171 0.367540777 0.808163464
vn -0.476623327 0.349127948 0.806808472
vn -0.395203561 0.426745325 0.813450992
vn -0.378059536 0.422402114 0.823800623
vn -0.372181922 0.467338085 0.801919997
vn -0.261886477 0.505249977 0.822276056
vn -0.305969 0.530481517 0.79055196
vn -0.31076616 0.468207717 0.827167392
vn -0.320145935 0.47331655 0.820657074
vn -0.345479816 0.471983731 0.811094999
vn -0.197578087 0.552033007 0.810075581
vn -0.159893915 0.54310447 0.824300587
vn -0.181629553 0.540894151 0.821245551
vn -0.171947882 0.281645626 0.943986058
vn -0.206974268 0.242745817 0.947753191
vn -0.20181936 0.246139959 0.947989464
vn -0.205152035 0.225196093 0.952470124
vn -0.181969061 0.157860473 0.970550001
vn -0.189668 0.146682978 0.970829606
vn -0.202566653 0.133504957 0.970125318
vn -0.20119974 0.122629836 0.971843898
vn -0.175408602 0.0317717232 0.983982921
vn -0.19920668 0.0171986986 0.979806542
vn -0.201753631 -0.0104237897 0.979380846
vn -0.196429327 -0.0982187688 0.975586295
vn -0.195862412 -0.0979394242 0.975728333
vn -0.194329575 -0.209408894 0.958323479
vn -0.221995637 -0.221352398 0.949589968
vn -0.157427773 -0.186515585 0.969756901
vn -0.161683097 -0.392029047 0.90563339
vn -0.1950932 -0.424540848 0.884140074
vn -0.19152154 -0.423558146 0.885391414
vn -0.195122942 -0.451368302 0.870743215
vn -0.193547159 -0.446919382 0.873385668
vn -0.234802589 -0.480013728 0.845254123
vn -0.184753954 -0.530094922 0.827565908
vn -0.187530175 -0.525380313 0.829944551
vn -0.19733341 -0.519990563 0.831065178
vn -0.183653951 -0.544667244 0.818296254
vn -0.166176289 -0.564457655 0.808562279
vn -0.336363435 -0.459064871 0.822264612
vn -0.326529473 -0.462677449 0.824201465
vn -0.286622554 -0.428193182 0.857028663
vn -0.28662318 -0.428193092 0.857028484
vn -0.233501419 -0.381259978 0.894493103
vn -0.233500779 -0.381260037 0.894493222
vn -0.189014986 -0.341122985 0.920819461
vn -0.180008098 -0.344667017 0.921304345
vn -0.402585566 -0.402969688 0.821912587
vn -0.382831931 -0.418061316 0.823810935
vn -0.338966697 -0.375848949 0.86246109
vn -0.338966787 -0.375848949 0.86246109
vn -0.288133323 -0.326627791 0.900163054
vn -0.288133651 -0.326627761 0.900162935
vn -0.235454485 -0.275313258 0.932075024
vn -0.235454679 -0.275313228 0.932074964
vn -0.19625695 -0.236945912 0.951493502
vn -0.131956413 -0.273444593 0.952793539
vn -0.448260009 -0.357366472 0.819360852
vn -0.429947346 -0.364679098 0.825926423
vn -0.391448498 -0.323368192 0.861510932
vn -0.391447306 -0.323368311 0.861511409
vn -0.342907876 -0.271852851 0.899171948
vn -0.342908353 -0.271852821 0.89917177
vn -0.29217121 -0.218596637 0.931048632
vn -0.292171061 -0.218596637 0.931048632
vn -0.23956126 -0.163940847 0.956939816
vn -0.239560485 -0.163940847 0.956939995
vn -0.198979214 -0.122140832 0.972362518
vn -0.177709565 -0.136942238 0.974508166
vn -0.505969942 -0.292088032 0.811590433
vn -0.475947529 -0.30968067 0.823147535
vn -0.443675846 -0.271139413 0.854186833
vn -0.443677396 -0.271139294 0.854186058
vn -0.397421241 -0.217340738 0.891526401
vn -0.39741993 -0.217340782 0.891526997
vn -0.34861514 -0.162151933 0.923132837
vn -0.348615885 -0.162151933 0.923132539
vn -0.297575444 -0.105926119 0.948803723
vn -0.297575951 -0.105926134 0.948803544
vn -0.244628116 -0.0490246564 0.968376815
vn -0.244627178 -0.0490246229 0.968377054
vn -0.198811114 -0.000853269186 0.980037451
vn -0.159512937 -0.0491250753 0.985972822
vn -0.560730517 -0.219911903 0.798260629
vn -0.518882096 -0.250811517 0.817223966
vn -0.49526751 -0.219548464 0.840540648
vn -0.495266795 -0.219548494 0.840541065
vn -0.451266319 -0.163495287 0.877284467
vn -0.451266676 -0.163495287 0.877284229
vn -0.404370636 -0.106397271 0.908385396
vn -0.404369831 -0.106397256 0.908385754
vn -0.354880124 -0.0486213788 0.933646619
vn -0.354880184 -0.0486213788 0.933646619
vn -0.303114265 0.00946248788 0.952907264
vn -0.303115189 0.00946243946 0.952906966
vn -0.24940519 0.0674820766 0.966045141
vn -0.249404788 0.0674820989 0.96604526
vn -0.202520683 0.116428442 0.97233212
vn -0.171121716 0.0848288238 0.981591284
vn -0.570116043 -0.129721612 0.811258256
vn -0.540297747 -0.16102922 0.825922489
vn -0.504047215 -0.110714167 0.856550515
vn -0.504047453 -0.110714175 0.856550395
vn -0.459022611 -0.0517451242 0.886916399
vn -0.459022731 -0.0517451316 0.886916339
vn -0.411052823 0.00755061628 0.911580265
vn -0.411052167 0.00755066099 0.911580563
vn -0.360445321 0.0667930245 0.930385888
vn -0.360444844 0.0667930618 0.930386066
vn -0.307525396 0.125603035 0.943213642
vn -0.307526112 0.125602975 0.943213403
vn -0.25263381 0.18360348 0.949982047
vn -0.252633899 0.183603466 0.949982047
vn -0.203451961 0.233209312 0.950905204
vn -0.164028451 0.193585485 0.967274189
vn -0.570073307 -0.042928461 0.820471525
vn -0.553601503 -0.056802202 0.830842257
vn -0.512167096 0.00140015234 0.858884692
vn -0.512167811 0.00140008784 0.858884275
vn -0.465675682 0.062173862 0.882768691
vn -0.465676039 0.0621738248 0.882768512
vn -0.41619581 0.122543298 0.900979578
vn -0.416195631 0.12254332 0.900979638
vn -0.364044964 0.182121798 0.913401842
vn -0.364044219 0.182121858 0.91340214
vn -0.309557706 0.240527749 0.919956744
vn -0.309558034 0.240527719 0.919956625
vn -0.253082842 0.29738906 0.920602441
vn -0.25308308 0.29738906 0.920602381
vn -0.203317016 0.344667584 0.916442275
vn -0.178347647 0.328655064 0.927457809
vn -0.505849779 0.239424571 0.828729093
vn -0.509605348 0.24225983 0.8255983
vn -0.470616102 0.288693309 0.83377254
vn -0.470616519 0.288693219 0.833772361
vn -0.416894138 0.347864598 0.839755595
vn -0.416893989 0.347864628 0.839755654
vn -0.360495031 0.404800415 0.840345144
vn -0.36049518 0.404800385 0.840345085
vn -0.301779896 0.459136993 0.835537016
vn -0.30177933 0.459137052 0.835537195
vn -0.254517466 0.499570996 0.828039646
vn -0.23699525 0.506469011 0.829049051
vn -0.237856552 0.504724979 0.829865634
vn -0.208187491 0.53412962 0.819367766
vn -0.571314991 0.0776255652 0.817051649
vn -0.556535661 0.0624905303 0.82847029
vn -0.518344998 0.114844166 0.847425103
vn -0.518345833 0.114844047 0.847424567
vn -0.469952464 0.176299736 0.86490643
vn -0.469952255 0.176299766 0.86490649
vn -0.418542743 0.236619443 0.876831353
vn -0.418542624 0.236619458 0.876831412
vn -0.364446491 0.2954171 0.883123696
vn -0.364446998 0.29541707 0.883123517
vn -0.308011025 0.352316231 0.883743465
vn -0.308010072 0.35231632 0.883743763
vn -0.249595299 0.406953007 0.878687322
vn -0.249595702 0.406952977 0.878687263
vn -0.200946465 0.449427068 0.870422781
vn -0.143505931 0.401789516 0.904417634
vn -0.0976908505 0.48982057 0.86633271
vn -0.115294121 0.0855257288 0.98964268
vn -0.0909916013 -0.422723144 0.901679337
vn 5.53885257e-05 -0.567071438 0.823668599
vn -0.00106363033 0.56252408 0.8267802
vn -0.011758754 -0.56625098 0.824148953
vn -0.0416390225 -0.558790326 0.828262985
vn -0.0480955914 -0.562066317 0.825692594
vn -0.0798644945 -0.561225653 0.823800564
vn -0.148359105 -0.52454406 0.838357389
vn -0.0875596702 -0.559788764 0.823996305
vn -0.0998165607 -0.557129323 0.824405015
vn -0.0989088044 -0.556972861 0.824620068
vn -0.113722391 -0.556162894 0.823255777
vn -0.130533591 -0.56759125 0.812896788
vn -0.107503518 -0.414728791 0.903572381
vn -0.130680189 -0.429125071 0.893741786
vn -0.135021344 -0.455977857 0.879689395
vn -0.114390008 -0.196717471 0.97376442
vn -0.0433350615 -0.0400374047 0.998257995
vn -0.0429549851 -0.0396809727 0.998288691
vn -0.043595776 -0.119986497 0.991817832
vn -0.0425052419 -0.118976496 0.991986871
vn -0.0437215082 -0.199176714 0.978987753
vn -0.0418652594 -0.197490335 0.97941047
vn -0.0436629839 -0.276896983 0.959907055
vn -0.0411122255 -0.274641573 0.960667372
vn -0.0434977449 -0.353095204 0.934575677
vn -0.0402658209 -0.350327045 0.935761511
vn -0.0431955904 -0.426950812 0.903242588
vn -0.0392201431 -0.42366901 0.904967606
vn -0.103887849 -0.187836915 0.97669065
vn -0.11256513 -0.225541189 0.967708766
vn -0.115515471 -0.273522645 0.95490396
vn -0.116089948 -0.273987293 0.954701066
vn -0.110880546 -0.349015981 0.930533886
vn -0.110015616 -0.3482472 0.930924535
vn -0.115127571 -0.394601762 0.911611259
vn -0.0391378477 0.426919907 0.903442085
vn -0.042816855 0.423607647 0.904833257
vn -0.0402037464 0.352982938 0.934765577
vn -0.0431932062 0.350233257 0.935666084
vn -0.0410681516 0.276821256 0.96004343
vn -0.0434319563 0.274612546 0.960573614
vn -0.112305596 0.228630617 0.967013717
vn -0.00416852394 0.199010566 0.979988456
vn -0.0418287814 0.199081779 0.979089797
vn -0.043551188 0.197453961 0.979344308
vn -0.107806079 0.196795776 0.974499524
vn -0.0999948308 0.124563783 0.987160027
vn -0.109468669 0.195062831 0.974662542
vn -0.112553991 0.159520686 0.980757236
vn -0.112131357 0.148453027 0.98254174
vn -0.0903394744 0.422697246 0.901757061
vn -0.0963777825 0.419795722 0.90248704
vn -0.0902224481 0.349500239 0.93258214
vn -0.0952052921 0.347101748 0.932982504
vn -0.0902633592 0.274050266 0.957470119
vn -0.105660319 0.266619593 0.957992613
vn -0.11335326 0.246515825 0.962486863
vn -0.109066173 0.558566689 0.822257757
vn -0.0992191434 0.556891024 0.824638069
vn -0.0759757608 0.561834157 0.823753595
vn -0.0413187966 0.558899522 0.828205347
vn -0.0317566767 0.56573683 0.823974133
vn -0.00264605763 0.565433085 0.824789941
vn -0.000242406415 0.592620552 0.805481732
vn -0.105624527 0.0395548604 0.993619084
vn -0.0432730615 0.0396778136 0.998275042
vn -0.0429714322 0.0399629697 0.998276711
vn -0.0079462016 0.0399510264 0.999170065
vn -0.00310873589 0.0645834282 0.99790746
vn -0.105251834 0.118539482 0.987355292
vn -0.0434831157 0.118908212 0.991952658
vn -0.0424821526 0.119857818 0.991881728
vn -0.00318562659 0.119809441 0.992791772
vn -0.00175080774 0.12265268 0.992448092
vn -0.0906629264 0.493171901 0.865194619
vn -0.0422154814 0.49428001 0.868277073
vn -0.037951339 0.498007208 0.866342008
vn -0.00639059162 0.497925848 0.867196083
vn -0.000973917311 0.513366401 0.85816896
vn -0.00277437223 0.201899692 0.979402304
vn -0.0028947636 0.258655131 0.96596539
vn -0.00777595071 0.276755303 0.960908949
vn -0.00248431857 0.297313124 0.954776824
vn -0.00261576078 0.352863014 0.935671329
vn -0.0028291198 0.35247004 0.935818851
vn -0.00134956778 0.42677632 0.904356182
vn -0.0015158254 0.426493675 0.904489279
vn -0.00163679325 0.478499472 0.878086329
vn -0.000566184812 -0.521510422 0.853244722
vn -0.000643334235 -0.56607163 0.824355841
vn -1.47922228e-05 -0.567057788 0.823678017
vn -0.00548540615 -0.498030752 0.867142022
vn -0.0426886603 -0.49809739 0.866069674
vn -0.03803524 -0.494427234 0.868386447
vn -0.0987512842 -0.492990434 0.864412308
vn -0.0908154696 -0.490153134 0.866892397
vn -0.124105185 -0.488577157 0.863649368
vn -0.108556241 -0.481961876 0.86944139
vn -0.00118027232 -0.486838847 0.873490989
vn -0.00109968882 -0.435084373 0.900389016
vn -0.00484745391 -0.42685765 0.904305816
vn -0.00169816497 -0.398572445 0.917135298
vn -0.00163958501 -0.352972448 0.935632288
vn 0.00299846311 -0.344422579 0.938809931
vn -0.00610257965 -0.276823491 0.96090138
vn -0.13665767 0.550610602 0.823500276
vn -0.119871691 0.559084713 0.820399344
vn -0.152022719 0.486766309 0.860202134
vn -0.142180845 0.490902603 0.859534323
vn -0.127072513 0.418498516 0.899283946
vn -0.160899103 0.400702536 0.901969492
vn -0.113842167 0.346501052 0.931115985
vn -0.135598913 0.330925733 0.933863521
vn -0.131070018 0.283436954 0.949991643
vn -0.112291932 0.032069508 0.993157625
vn -0.112439372 -0.0105723916 0.993602335
vn -0.103851795 -0.0395600088 0.993805707
vn -0.11187239 -0.0494477227 0.992491543
vn -0.113350801 -0.118520893 0.986460567
vn -0.0919060409 -0.0997379199 0.990760148
vn -0.111995295 -0.138273373 0.984041452
vn -0.00257511833 -0.267839372 0.963460147
vn -0.0025549056 -0.211215034 0.977436304
vn -0.00693986285 -0.19912307 0.979949892
vn -0.0028079818 -0.171788886 0.985129774
vn -0.00281048403 -0.119940124 0.992777169
vn 0.000155470203 -0.114064686 0.993473291
vn -0.0057193106 -0.0400260054 0.999182284
vn -0.00313684274 -0.0339199938 0.99941963
vn -0.00319200405 0.0244044829 0.999697089
vn 0.0717873946 -0.903667927 0.422174007
vn 0.66171062 -0.609337389 0.436860383
vn 0.107938439 -0.831323445 0.545206904
vn 0.17088443 -0.757435679 0.630150497
vn 0.0329100043 -0.633873403 0.772736311
vn 0.474234998 -0.819529593 0.321671218
vn 0.644119322 -0.711143076 0.281754941
vn 0.788656354 -0.57106626 0.227825582
vn 0.765539348 -0.599509478 0.233533472
vn 0.720035553 -0.67340225 0.167565435
vn 0.703021169 -0.690753222 0.169178247
vn 0.719787359 -0.678996265 0.144465461
vn 0.724847674 -0.658895552 0.201127917
vn 0.706112742 -0.673954666 0.217232406
vn 0.639676332 -0.731722295 0.235365048
vn 0.64039433 -0.714386463 0.282040924
vn 0.558361828 -0.771838903 0.304132819
vn 0.616959453 -0.764522612 0.18672505
vn 0.554997206 -0.774216413 0.304248244
vn 0.554201186 -0.792737544 0.253827244
vn 0.636854827 -0.734163404 0.235414505
vn 0.637652516 -0.747986794 0.184160426
vn 0.658576667 -0.730945349 0.178873405
vn 0.0712978691 -0.925770998 0.371301323
vn 0.115403555 -0.926333845 0.358591139
vn 0.196745649 -0.914324224 0.35398069
vn 0.191389322 -0.914953351 0.355289251
vn 0.299137592 -0.889460385 0.345509708
vn 0.293449491 -0.89071089 0.347162127
vn 0.388102114 -0.858636558 0.334843308
vn 0.383428812 -0.860120952 0.336413801
vn 0.470380723 -0.821749628 0.321666777
vn 0.469557911 -0.841121197 0.268384933
vn 0.551414311 -0.79469049 0.253789812
vn 0.55215323 -0.809899747 0.197962791
vn 0.554523826 -0.808425963 0.197359696
vn 0.39388293 -0.893125892 0.217215106
vn 0.377379239 -0.899649262 0.219581738
vn 0.346512765 -0.911683679 0.220820665
vn 0.224329516 -0.723738432 0.65259403
vn 0.168719053 -0.704201579 0.689662278
vn 0.372345448 -0.688885987 0.621928453
vn 0.226672217 -0.723037422 0.652561545
vn 0.229348525 -0.722736418 0.651959598
vn 0.28070417 -0.712629795 0.642933846
vn 0.282501996 -0.712350011 0.642456293
vn 0.330845565 -0.700722635 0.632083058
vn 0.331142575 -0.700664043 0.631992459
vn 0.169132873 -0.824130595 0.540557921
vn 0.171992794 -0.823858261 0.540070415
vn 0.226750836 -0.814493239 0.53402698
vn 0.22982806 -0.814043939 0.533396244
vn 0.279263914 -0.803101242 0.526345909
vn 0.305482477 -0.797727168 0.519915164
vn 0.327345669 -0.790447593 0.517723262
vn 0.114208415 -0.632291496 0.766266227
vn 0.0641398728 -0.635146797 0.769723773
vn 0.0156653021 -0.714187622 0.699779034
vn -0.0771479905 -0.722728431 0.686812758
vn 0.0943355113 -0.765256286 0.63677597
vn -0.0781258494 -0.801662743 0.592649281
vn 0.764331341 -0.487287074 0.42231378
vn 0.763640285 -0.412359506 0.496802926
vn 0.760093212 -0.414237648 0.500665069
vn 0.6765517 -0.47183314 0.565377116
vn 0.428017676 -0.646240711 0.631802022
vn 0.495333105 -0.621032953 0.607423425
vn 0.497737616 -0.619341731 0.607184529
vn 0.583227336 -0.579793632 0.568933368
vn 0.587395489 -0.576313972 0.568180144
vn 0.670737743 -0.527762949 0.521130681
vn 0.675203681 -0.523283005 0.519879699
vn 0.754461348 -0.465014517 0.463194966
vn 0.761768997 -0.455541432 0.460640848
vn 0.403445303 -0.584111929 0.704304695
vn 0.429442793 -0.5786286 0.693374217
vn 0.499894619 -0.555305302 0.664636314
vn 0.49926123 -0.555437207 0.665002048
vn 0.569841027 -0.52665329 0.630807042
vn 0.588912308 -0.519767046 0.618889749
vn 0.615065038 -0.50499171 0.605539739
vn 0.674412727 -0.472720623 0.567188382
vn 0.751449764 -0.532475948 0.38960579
vn 0.743662715 -0.542582095 0.390602708
vn 0.753532946 -0.557550609 0.348317951
vn 0.485435367 -0.730986297 0.479595184
vn 0.48334828 -0.731717527 0.480587006
vn 0.571936846 -0.685280919 0.450863987
vn 0.568194628 -0.68700099 0.452972949
vn 0.596676767 -0.669797063 0.441982746
vn 0.653966308 -0.645092428 0.395200968
vn 0.745664239 -0.567406058 0.349335372
vn 0.755460441 -0.498469442 0.425214916
vn 0.668886781 -0.566449165 0.481379092
vn 0.664255023 -0.571112812 0.482281476
vn 0.581193566 -0.622279823 0.524387181
vn 0.576730728 -0.62600863 0.524875998
vn 0.493290156 -0.666918695 0.558465958
vn 0.490040898 -0.669201255 0.558596134
vn 0.422996819 -0.695818901 0.58043927
vn 0.418753117 -0.759463966 0.497855753
vn 0.268999755 -0.936074078 0.226725444
vn 0.285085171 -0.931943119 0.224072561
vn 0.165502951 -0.958738744 0.231146663
vn 0.182988986 -0.956107199 0.228853837
vn 0.0907274336 -0.96851629 0.231828988
vn 0.0919015259 -0.968421638 0.231762022
vn 0.0320523046 -0.972839475 0.229250878
vn 0.00466443785 -0.952509403 0.30447346
vn 0.04254568 -0.95347923 0.29844138
vn 0.190705314 -0.93682003 0.293257058
vn 0.182975248 -0.937793851 0.295063913
vn 0.292653203 -0.912117362 0.287046969
vn 0.284842223 -0.913915515 0.289177001
vn 0.382587612 -0.880845368 0.278815567
vn 0.376905829 -0.88272953 0.28058961
vn 0.465623289 -0.843356133 0.268226415
vn 0.466242194 -0.859595537 0.209078416
vn 0.465924203 -0.859750509 0.209150016
vn 0.390537769 -0.825075328 0.408327073
vn 0.302187771 -0.854463816 0.422580302
vn 0.301200658 -0.854828238 0.422548115
vn 0.227259248 -0.873060346 0.431414932
vn 0.198241338 -0.879935384 0.431757033
vn 0.170029238 -0.883537173 0.436408192
vn 0.141818419 -0.887540102 0.438360751
vn 0.106919602 -0.884483933 0.454154521
vn 0.0370050669 -0.881863356 0.470050693
vn 0.705543935 -0.629251778 0.32595998
vn 0.738224387 -0.602621615 0.303103775
vn 0.646675527 -0.682062507 0.341469616
vn 0.650122344 -0.679798901 0.339432538
vn 0.561046124 -0.740989923 0.369000226
vn 0.563416183 -0.739777684 0.367819518
vn 0.47685656 -0.787320733 0.390811861
vn 0.478756696 -0.786568642 0.39000234
vn 0.392004251 -0.824385643 0.408314764
vn 0.396049857 -0.769228458 0.501430094
vn 0.37338987 -0.77594924 0.508412063
vn 0.377649486 -0.687410772 0.620360613
vn 0.37903446 -0.687079489 0.619882762
vn 0.38176465 -0.591697633 0.710034966
vn 0.333274364 -0.603621006 0.724271953
vn 0.330143422 -0.604096591 0.725308657
vn 0.282766432 -0.613178909 0.737600684
vn 0.276927322 -0.613761067 0.739329815
vn 0.228291526 -0.621889949 0.749090016
vn 0.20342578 -0.623641074 0.754777908
vn 0.169169381 -0.628822863 0.758922637
vn 0.105081506 -0.631939769 0.767860651
vn 0.104936101 -0.710520506 0.695808172
vn 0.106548272 -0.710195363 0.695895135
vn 0.10616222 -0.764428258 0.635908008
vn 0.106949687 -0.764272749 0.635962963
vn 0.105949372 -0.831404686 0.545473158
vn 0.22737211 -0.814181626 0.534237921
vn 0.0372350998 -0.854071319 0.518821478
vn -0.600465238 -0.797528803 -0.0582180955
vn -0.714088023 -0.691342056 0.110111289
vn -0.719612658 -0.687557459 0.0970691442
vn -0.720751882 -0.683372319 0.116271444
vn -0.722878277 -0.679295659 0.126508281
vn -0.668162286 -0.744010329 -0.00279027876
vn -0.722933829 -0.685984433 0.0824137777
vn -0.719711602 -0.692054033 0.0554657727
vn -0.719534397 -0.692257643 0.0552234054
vn -0.713736475 -0.699581861 0.0341388658
vn -0.696256459 -0.717787385 0.00287357834
vn -0.699340343 -0.714548528 0.018533688
vn -0.65942353 -0.750843763 -0.0373393036
vn -0.644747913 -0.761073172 -0.0711881816
vn -0.545779347 -0.833533764 -0.08571098
vn -0.5653162 -0.823346078 -0.0501883067
vn -0.442590803 -0.894978285 -0.0559221394
vn -0.437860906 -0.897213638 -0.0573195517
vn -0.503048718 -0.862740576 -0.0511925258
vn -0.477696031 -0.874812365 -0.0806838125
vn -0.504279137 -0.86089164 -0.0675877407
vn -0.253552854 -0.966656387 -0.0358654857
vn -0.285460621 -0.958094835 -0.0238015484
vn -0.36663425 -0.930294931 -0.0114323655
vn -0.330904573 -0.942455471 -0.0477473401
vn -0.390048683 -0.920063853 -0.0366683118
vn -0.0504724793 -0.998712301 -0.00512256473
vn -0.0379776396 -0.999278605 1.83980347e-07
vn -0.0896236524 -0.995973706 0.00198848289
vn -0.126171291 -0.991998613 0.00441962015
vn -0.166242883 -0.986081541 -0.00254378235
vn -0.188871413 -0.981991529 0.00449762912
vn -0.26223737 -0.965002656 0.00121673406
vn -0.301704317 -0.953340888 0.0107540507
vn -0.318257779 -0.947988451 0.00546426838
vn -0.361883461 -0.932209432 0.00509168115
vn -0.396593034 -0.917891324 -0.0137653621
vn -0.423750252 -0.905769229 -0.00422653556
vn -0.490031928 -0.871385396 -0.0235841312
vn -0.490070105 -0.871364892 -0.02354878
vn -0.562840939 -0.826253831 -0.022687342
vn -0.555514276 -0.830813885 -0.0339427553
vn -0.621379316 -0.783268809 -0.0194356143
vn -0.62094152 -0.783582866 -0.0207251497
vn -0.579438806 -0.810682833 -0.0839286819
vn -0.711756468 -0.690234184 0.13030529
vn -0.70627898 -0.693882167 0.140348002
vn -0.706389844 -0.693915188 0.139624655
vn -0.70742923 -0.706766069 0.00506319432
vn -0.699292839 -0.714618623 0.0176017359
vn -0.706395566 -0.707685113 0.0136786392
vn -0.70599401 -0.707305968 0.0359271802
vn -0.700225472 -0.712777734 0.040400438
vn -0.704231858 -0.708364427 0.0477207527
vn -0.705813825 -0.706479847 0.0520877354
vn -0.704974651 -0.705667198 0.0710248649
vn -0.707299769 -0.703232527 0.0720494539
vn -0.704395711 -0.702781439 0.0996242017
vn -0.706540942 -0.700300336 0.101878911
vn -0.704723716 -0.698529005 0.12418434
vn -0.70760566 -0.695103049 0.126987949

# Mesh '' with 6372 faces
usemtl DefaultMaterial
f  1//1 2//1 3//1
f  3//1 2//1 4//1
f  3//1 4//1 5//1
f  6//1 7//1 3//1
f  3//1 7//1 8//1
f  3//1 8//1 1//1
f  9//1 10//1 3//1
f  3//1 10//1 11//1
f  3//1 11//1 6//1
f  12//1 13//1 3//1
f  3//1 13//1 14//1
f  3//1 14//1 9//1
f  15//1 16//1 3//1
f  3//1 16//1 17//1
f  3//1 17//1 12//1
f  18//1 19//1 3//1
f  3//1 19//1 20//1
f  3//1 20//1 15//1
f  21//1 22//1 3//1
f  3//1 22//1 23//1
f  3//1 23//1 18//1
f  24//1 25//1 3//1
f  3//1 25//1 26//1
f  3//1 26//1 21//1
f  27//1 28//1 3//1
f  3//1 28//1 29//1
f  3//1 29//1 24//1
f  30//1 31//1 3//1
f  3//1 31//1 32//1
f  3//1 32//1 27//1
f  33//1 34//1 3//1
f  3//1 34//1 35//1
f  3//1 35//1 30//1
f  36//1 37//1 3//1
f  3//1 37//1 38//1
f  3//1 38//1 33//1
f  39//1 40//1 3//1
f  3//1 40//1 41//1
f  3//1 41//1 36//1
f  5//1 42//1 3//1
f  3//1 42//1 43//1
f  3//1 43//1 39//1
f  44//2 25//2 45//2
f  45//3 25//3 24//3
f  45//3 24//3 46//3
f  46//4 24//4 29//4
f  46//4 29//4 47//4
f  47//5 29//5 28//5
f  47//5 28//5 48//5
f  48//6 28//6 27//6
f  48//6 27//6 49//6
f  49//7 27//7 32//7
f  49//7 32//7 50//7
f  50//8 32//8 31//8
f  50//8 31//8 51//8
f  51//9 31//9 30//9
f  51//9 30//9 52//9
f  52//10 30//10 35//10
f  52//10 35//10 53//10
f  53//11 35//11 34//11
f  53//11 34//11 54//11
f  54//12 34//12 33//12
f  54//12 33//12 55//12
f  55//13 33//13 38//13
f  55//13 38//13 56//13
f  56//14 38//14 37//14
f  56//14 37//14 57//14
f  57//15 37//15 36//15
f  57//15 36//15 58//15
f  58//16 36//16 41//16
f  58//16 41//16 59//16
f  59//17 41//17 40//17
f  59//17 40//17 60//17
f  60//18 40//18 39//18
f  60//18 39//18 61//18
f  61//19 39//19 43//19
f  61//19 43//19 62//19
f  62//20 43//20 42//20
f  62//20 42//20 63//20
f  63//21 42//21 5//21
f  63//21 5//21 64//21
f  64//22 5//22 4//22
f  64//23 4//23 65//23
f  65//24 4//24 2//24
f  65//25 2//25 66//25
f  66//26 2//26 1//26
f  66//26 1//26 67//26
f  67//27 1//27 8//27
f  67//27 8//27 68//27
f  68//28 8//28 7//28
f  68//28 7//28 69//28
f  69//29 7//29 6//29
f  69//29 6//29 70//29
f  70//30 6//30 11//30
f  70//30 11//30 71//30
f  71//31 11//31 10//31
f  71//31 10//31 72//31
f  72//32 10//32 9//32
f  72//32 9//32 73//32
f  73//33 9//33 14//33
f  73//33 14//33 74//33
f  74//34 14//34 13//34
f  74//34 13//34 75//34
f  75//35 13//35 12//35
f  75//35 12//35 76//35
f  76//36 12//36 17//36
f  76//36 17//36 77//36
f  77//37 17//37 16//37
f  77//37 16//37 78//37
f  78//38 16//38 15//38
f  78//38 15//38 79//38
f  79//39 15//39 20//39
f  79//39 20//39 80//39
f  80//40 20//40 19//40
f  80//40 19//40 81//40
f  81//41 19//41 18//41
f  81//41 18//41 82//41
f  82//42 18//42 23//42
f  82//42 23//42 83//42
f  83//43 23//43 22//43
f  83//43 22//43 84//43
f  84//44 22//44 21//44
f  84//44 21//44 85//44
f  85//45 21//45 26//45
f  85//46 26//46 44//46
f  44//47 26//47 25//47
f  86//48 87//48 88//48
f  89//49 90//49 91//49
f  92//50 93//50 94//50
f  95//51 96//51 97//51
f  98//52 99//52 100//52
f  100//53 99//53 101//53
f  100//54 101//54 97//54
f  97//55 101//55 102//55
f  97//56 102//56 95//56
f  96//57 103//57 97//57
f  97//58 103//58 104//58
f  97//59 104//59 105//59
f  105//60 106//60 97//60
f  97//61 106//61 107//61
f  97//62 107//62 108//62
f  109//63 110//63 111//63
f  111//64 110//64 112//64
f  111//65 112//65 100//65
f  100//66 112//66 113//66
f  100//67 113//67 114//67
f  114//68 115//68 100//68
f  100//69 115//69 116//69
f  100//70 116//70 98//70
f  117//71 118//71 119//71
f  119//72 118//72 120//72
f  119//73 120//73 111//73
f  111//74 120//74 121//74
f  111//75 121//75 109//75
f  117//76 119//76 122//76
f  122//77 119//77 88//77
f  122//78 88//78 123//78
f  124//79 125//79 87//79
f  87//80 125//80 88//80
f  88//81 125//81 126//81
f  88//82 126//82 123//82
f  87//83 127//83 124//83
f  124//84 127//84 128//84
f  124//85 128//85 92//85
f  92//86 128//86 129//86
f  92//87 129//87 93//87
f  130//88 131//88 132//88
f  132//89 133//89 130//89
f  130//90 133//90 134//90
f  130//91 134//91 135//91
f  135//92 134//92 136//92
f  135//93 136//93 137//93
f  137//94 136//94 138//94
f  137//95 138//95 139//95
f  139//96 138//96 140//96
f  139//97 140//97 94//97
f  94//98 140//98 141//98
f  94//99 141//99 92//99
f  91//100 90//100 142//100
f  90//101 143//101 142//101
f  142//102 143//102 144//102
f  142//103 144//103 131//103
f  131//104 144//104 145//104
f  131//105 145//105 132//105
f  146//106 147//106 148//106
f  148//107 147//107 89//107
f  148//108 89//108 149//108
f  149//109 89//109 91//109
f  86//110 88//110 150//110
f  150//111 88//111 119//111
f  150//112 119//112 151//112
f  151//113 119//113 111//113
f  151//114 111//114 152//114
f  152//115 111//115 100//115
f  152//116 100//116 153//116
f  153//117 100//117 97//117
f  153//118 97//118 154//118
f  155//119 156//119 157//119
f  158//120 107//120 159//120
f  158//121 159//121 160//121
f  160//122 159//122 161//122
f  160//123 161//123 162//123
f  162//124 163//124 160//124
f  160//125 163//125 164//125
f  160//126 164//126 165//126
f  165//127 166//127 160//127
f  160//128 166//128 167//128
f  160//129 167//129 157//129
f  157//130 167//130 168//130
f  157//131 168//131 155//131
f  169//132 170//132 171//132
f  171//133 170//133 172//133
f  171//134 172//134 158//134
f  158//135 172//135 108//135
f  158//136 108//136 107//136
f  156//137 173//137 157//137
f  157//138 173//138 174//138
f  157//139 174//139 175//139
f  175//140 174//140 176//140
f  176//141 177//141 175//141
f  175//142 177//142 178//142
f  175//143 178//143 179//143
f  179//144 180//144 175//144
f  175//145 180//145 181//145
f  175//146 181//146 182//146
f  182//147 181//147 183//147
f  182//148 183//148 184//148
f  184//149 185//149 182//149
f  182//150 185//150 186//150
f  182//151 186//151 187//151
f  186//152 188//152 187//152
f  187//153 188//153 189//153
f  187//154 189//154 190//154
f  189//155 191//155 190//155
f  190//156 191//156 192//156
f  190//157 192//157 193//157
f  194//158 195//158 196//158
f  196//159 195//159 197//159
f  196//160 197//160 192//160
f  192//161 197//161 198//161
f  192//162 198//162 193//162
f  194//163 199//163 195//163
f  195//164 199//164 200//164
f  195//165 200//165 201//165
f  200//166 202//166 201//166
f  201//167 202//167 203//167
f  201//168 203//168 204//168
f  203//169 205//169 204//169
f  204//170 205//170 206//170
f  204//171 206//171 207//171
f  207//172 206//172 208//172
f  207//173 208//173 209//173
f  209//174 210//174 207//174
f  207//175 210//175 211//175
f  207//176 211//176 212//176
f  212//177 211//177 213//177
f  213//178 214//178 212//178
f  212//179 214//179 215//179
f  212//180 215//180 216//180
f  217//35 218//35 219//35
f  219//35 218//35 220//35
f  221//181 222//181 223//181
f  224//182 225//182 226//182
f  226//183 225//183 227//183
f  226//184 227//184 228//184
f  224//185 229//185 225//185
f  225//186 229//186 230//186
f  225//187 230//187 231//187
f  231//188 232//188 225//188
f  225//189 232//189 233//189
f  225//190 233//190 234//190
f  228//191 227//191 222//191
f  222//192 227//192 235//192
f  222//193 235//193 223//193
f  221//194 223//194 236//194
f  236//195 223//195 237//195
f  236//196 237//196 238//196
f  238//197 237//197 239//197
f  238//198 239//198 240//198
f  240//199 239//199 241//199
f  240//200 241//200 242//200
f  243//201 244//201 245//201
f  245//202 244//202 246//202
f  245//203 246//203 242//203
f  242//204 246//204 247//204
f  242//205 247//205 240//205
f  248//206 249//206 250//206
f  250//207 251//207 248//207
f  248//208 251//208 252//208
f  248//209 252//209 243//209
f  243//210 252//210 253//210
f  243//211 253//211 244//211
f  254//212 255//212 256//212
f  254//213 256//213 257//213
f  257//214 256//214 258//214
f  257//215 258//215 259//215
f  259//216 258//216 260//216
f  259//217 260//217 261//217
f  261//218 260//218 262//218
f  261//219 262//219 263//219
f  263//220 262//220 264//220
f  263//221 264//221 265//221
f  265//222 264//222 266//222
f  265//223 266//223 267//223
f  267//224 266//224 268//224
f  267//225 268//225 269//225
f  269//226 268//226 270//226
f  270//227 268//227 271//227
f  270//228 271//228 272//228
f  272//229 271//229 273//229
f  273//230 271//230 274//230
f  273//231 274//231 275//231
f  275//232 274//232 276//232
f  275//233 276//233 277//233
f  277//234 276//234 278//234
f  277//235 278//235 279//235
f  280//236 281//236 282//236
f  281//237 283//237 282//237
f  282//238 283//238 284//238
f  282//239 284//239 278//239
f  278//240 284//240 285//240
f  278//241 285//241 279//241
f  286//242 287//242 288//242
f  288//243 287//243 289//243
f  289//244 290//244 288//244
f  288//245 290//245 291//245
f  288//246 291//246 282//246
f  282//247 291//247 292//247
f  282//248 292//248 280//248
f  293//249 294//249 295//249
f  295//250 296//250 293//250
f  293//251 296//251 297//251
f  293//252 297//252 288//252
f  288//253 297//253 298//253
f  288//254 298//254 286//254
f  299//255 300//255 301//255
f  301//256 302//256 299//256
f  299//257 302//257 303//257
f  299//258 303//258 293//258
f  293//259 303//259 304//259
f  293//260 304//260 294//260
f  300//261 299//261 305//261
f  305//262 299//262 306//262
f  305//263 306//263 307//263
f  307//264 306//264 308//264
f  307//265 308//265 309//265
f  309//266 308//266 310//266
f  309//267 310//267 311//267
f  311//268 310//268 312//268
f  311//269 312//269 313//269
f  313//270 312//270 314//270
f  313//35 314//35 315//35
f  316//271 271//271 317//271
f  317//272 271//272 268//272
f  255//273 318//273 256//273
f  256//274 318//274 319//274
f  256//275 319//275 258//275
f  258//276 319//276 320//276
f  258//277 320//277 260//277
f  320//278 321//278 260//278
f  260//279 321//279 322//279
f  260//280 322//280 262//280
f  262//281 322//281 323//281
f  262//282 323//282 264//282
f  264//283 323//283 266//283
f  266//284 323//284 324//284
f  266//285 324//285 268//285
f  268//286 324//286 325//286
f  268//287 325//287 317//287
f  326//288 327//288 328//288
f  328//289 327//289 329//289
f  328//290 329//290 330//290
f  331//291 308//291 306//291
f  331//292 306//292 332//292
f  332//293 306//293 299//293
f  332//294 299//294 333//294
f  333//295 299//295 293//295
f  333//296 293//296 334//296
f  334//297 293//297 288//297
f  334//298 288//298 330//298
f  330//299 288//299 282//299
f  330//300 282//300 328//300
f  328//301 282//301 278//301
f  328//302 278//302 335//302
f  335//303 278//303 276//303
f  335//304 276//304 316//304
f  316//305 276//305 274//305
f  316//306 274//306 271//306
f  308//307 331//307 310//307
f  310//308 331//308 336//308
f  310//309 336//309 312//309
f  337//310 314//310 338//310
f  338//311 314//311 312//311
f  338//312 312//312 339//312
f  339//313 312//313 336//313
f  316//314 340//314 335//314
f  335//315 340//315 341//315
f  335//316 341//316 328//316
f  328//317 341//317 342//317
f  328//318 342//318 326//318
f  325//319 343//319 317//319
f  317//320 343//320 344//320
f  317//321 344//321 316//321
f  316//322 344//322 345//322
f  316//323 345//323 340//323
f  346//324 320//324 347//324
f  347//325 320//325 319//325
f  347//326 319//326 348//326
f  348//327 319//327 318//327
f  348//328 318//328 349//328
f  325//329 324//329 350//329
f  350//330 324//330 323//330
f  350//331 323//331 351//331
f  351//332 323//332 322//332
f  351//333 322//333 346//333
f  346//334 322//334 321//334
f  346//335 321//335 320//335
f  340//336 345//336 352//336
f  352//337 345//337 344//337
f  352//338 344//338 343//338
f  325//339 350//339 343//339
f  343//340 350//340 353//340
f  343//341 353//341 352//341
f  342//342 341//342 354//342
f  329//343 327//343 354//343
f  354//344 327//344 326//344
f  354//345 326//345 342//345
f  340//346 352//346 341//346
f  341//347 352//347 355//347
f  341//348 355//348 354//348
f  339//349 356//349 338//349
f  338//350 356//350 337//350
f  339//351 336//351 356//351
f  356//352 336//352 331//352
f  356//353 331//353 332//353
f  332//354 333//354 356//354
f  356//355 333//355 334//355
f  356//356 334//356 354//356
f  354//357 334//357 330//357
f  354//358 330//358 329//358
f  349//359 318//359 357//359
f  357//360 318//360 358//360
f  357//361 358//361 359//361
f  359//362 358//362 360//362
f  359//363 360//363 361//363
f  361//364 360//364 362//364
f  361//365 362//365 363//365
f  363//366 362//366 364//366
f  363//367 364//367 365//367
f  365//368 364//368 366//368
f  365//369 366//369 367//369
f  367//370 366//370 368//370
f  368//371 366//371 369//371
f  368//372 369//372 370//372
f  370//373 369//373 371//373
f  370//374 371//374 372//374
f  373//375 374//375 375//375
f  371//376 376//376 372//376
f  372//377 376//377 377//377
f  372//378 377//378 378//378
f  378//379 377//379 373//379
f  378//380 373//380 379//380
f  379//381 373//381 375//381
f  379//382 375//382 380//382
f  381//383 382//383 383//383
f  381//384 383//384 384//384
f  383//385 385//385 384//385
f  384//386 385//386 386//386
f  384//387 386//387 387//387
f  387//388 386//388 388//388
f  387//389 388//389 389//389
f  389//390 388//390 390//390
f  389//391 390//391 391//391
f  390//392 392//392 391//392
f  391//393 392//393 393//393
f  391//394 393//394 394//394
f  394//395 393//395 395//395
f  394//396 395//396 396//396
f  395//397 397//397 396//397
f  396//398 397//398 398//398
f  396//399 398//399 399//399
f  398//400 400//400 399//400
f  399//401 400//401 401//401
f  399//402 401//402 402//402
f  402//403 401//403 403//403
f  402//404 403//404 404//404
f  404//405 403//405 405//405
f  404//406 405//406 406//406
f  407//407 408//407 409//407
f  409//408 408//408 406//408
f  409//409 406//409 410//409
f  410//410 406//410 405//410
f  318//411 255//411 411//411
f  318//412 411//412 358//412
f  358//413 411//413 412//413
f  358//414 412//414 360//414
f  360//415 412//415 413//415
f  360//416 413//416 362//416
f  362//417 413//417 414//417
f  362//418 414//418 364//418
f  415//419 374//419 416//419
f  416//420 374//420 373//420
f  416//421 373//421 417//421
f  417//422 373//422 377//422
f  417//423 377//423 418//423
f  418//424 377//424 376//424
f  418//425 376//425 419//425
f  419//426 376//426 371//426
f  419//427 371//427 420//427
f  420//428 371//428 369//428
f  420//429 369//429 421//429
f  421//430 369//430 366//430
f  421//431 366//431 422//431
f  422//432 366//432 364//432
f  422//433 364//433 423//433
f  423//434 364//434 414//434
f  424//435 425//435 426//435
f  381//436 427//436 382//436
f  382//437 427//437 428//437
f  428//438 427//438 429//438
f  429//439 427//439 430//439
f  429//440 430//440 431//440
f  431//441 430//441 432//441
f  432//442 430//442 433//442
f  432//443 433//443 434//443
f  434//444 433//444 435//444
f  434//445 435//445 436//445
f  436//446 435//446 437//446
f  436//447 437//447 438//447
f  438//448 437//448 439//448
f  438//449 439//449 440//449
f  440//450 439//450 441//450
f  440//451 441//451 442//451
f  442//452 441//452 443//452
f  442//453 443//453 444//453
f  444//454 443//454 445//454
f  445//455 443//455 446//455
f  445//456 446//456 447//456
f  447//457 446//457 448//457
f  448//458 446//458 449//458
f  448//459 449//459 450//459
f  450//460 449//460 451//460
f  451//461 449//461 452//461
f  451//462 452//462 453//462
f  453//463 452//463 454//463
f  453//464 454//464 426//464
f  426//465 454//465 455//465
f  426//466 455//466 424//466
f  408//467 407//467 456//467
f  456//468 407//468 457//468
f  456//469 457//469 458//469
f  458//470 457//470 459//470
f  457//471 460//471 459//471
f  459//472 460//472 461//472
f  459//473 461//473 462//473
f  462//474 461//474 463//474
f  462//475 463//475 464//475
f  464//476 463//476 465//476
f  464//477 465//477 466//477
f  466//478 465//478 467//478
f  466//479 467//479 468//479
f  467//480 469//480 468//480
f  468//481 469//481 470//481
f  468//482 470//482 471//482
f  471//483 470//483 472//483
f  471//484 472//484 473//484
f  473//485 472//485 474//485
f  473//486 474//486 475//486
f  475//487 474//487 476//487
f  475//488 476//488 477//488
f  478//489 479//489 480//489
f  480//490 479//490 481//490
f  480//491 481//491 482//491
f  482//492 481//492 483//492
f  482//493 483//493 484//493
f  484//494 483//494 477//494
f  484//495 477//495 485//495
f  485//496 477//496 476//496
f  486//497 487//497 488//497
f  478//498 489//498 479//498
f  479//499 489//499 490//499
f  479//500 490//500 491//500
f  491//501 490//501 492//501
f  491//502 492//502 493//502
f  493//503 492//503 494//503
f  493//504 494//504 495//504
f  495//505 494//505 486//505
f  495//506 486//506 496//506
f  496//507 486//507 488//507
f  497//508 498//508 499//508
f  499//509 498//509 500//509
f  499//510 500//510 501//510
f  501//511 500//511 502//511
f  501//512 502//512 503//512
f  503//513 502//513 504//513
f  503//514 504//514 505//514
f  505//515 504//515 506//515
f  505//516 506//516 507//516
f  507//517 506//517 508//517
f  507//518 508//518 509//518
f  509//519 508//519 510//519
f  509//520 510//520 511//520
f  511//521 510//521 512//521
f  511//522 512//522 487//522
f  487//523 512//523 513//523
f  487//524 513//524 488//524
f  514//525 515//525 207//525
f  207//526 515//526 204//526
f  204//527 515//527 201//527
f  201//528 515//528 516//528
f  201//529 516//529 195//529
f  195//530 516//530 517//530
f  195//531 517//531 197//531
f  197//532 517//532 198//532
f  198//533 517//533 518//533
f  198//534 518//534 193//534
f  175//535 182//535 519//535
f  519//536 182//536 520//536
f  520//537 182//537 521//537
f  521//538 182//538 187//538
f  521//539 187//539 522//539
f  523//540 524//540 525//540
f  522//541 187//541 526//541
f  526//542 187//542 527//542
f  526//543 527//543 528//543
f  528//544 527//544 523//544
f  528//545 523//545 529//545
f  529//546 523//546 525//546
f  529//547 525//547 530//547
f  187//548 190//548 527//548
f  527//549 190//549 193//549
f  527//550 193//550 523//550
f  523//551 193//551 518//551
f  523//552 518//552 524//552
f  524//553 518//553 531//553
f  531//554 518//554 532//554
f  532//555 518//555 517//555
f  532//556 517//556 533//556
f  514//557 534//557 515//557
f  515//558 534//558 535//558
f  515//559 535//559 516//559
f  516//560 535//560 536//560
f  516//561 536//561 517//561
f  517//562 536//562 537//562
f  517//563 537//563 533//563
f  207//564 212//564 514//564
f  514//565 212//565 216//565
f  514//566 216//566 534//566
f  534//567 216//567 538//567
f  534//568 538//568 539//568
f  539//569 538//569 540//569
f  541//570 542//570 543//570
f  544//571 545//571 546//571
f  544//572 546//572 547//572
f  546//573 548//573 547//573
f  547//574 548//574 549//574
f  547//575 549//575 550//575
f  550//576 549//576 551//576
f  550//577 551//577 552//577
f  552//578 551//578 553//578
f  552//579 553//579 554//579
f  542//580 541//580 555//580
f  555//581 541//581 556//581
f  555//582 556//582 557//582
f  557//583 556//583 558//583
f  557//584 558//584 554//584
f  554//585 558//585 559//585
f  554//586 559//586 552//586
f  560//587 561//587 562//587
f  562//588 561//588 563//588
f  562//589 563//589 564//589
f  564//590 563//590 565//590
f  564//591 565//591 543//591
f  543//592 565//592 566//592
f  543//593 566//593 541//593
f  567//594 568//594 560//594
f  560//595 568//595 569//595
f  560//596 569//596 561//596
f  560//597 570//597 567//597
f  567//598 570//598 571//598
f  567//599 571//599 572//599
f  572//600 571//600 573//600
f  572//601 573//601 574//601
f  574//602 573//602 575//602
f  573//603 576//603 575//603
f  575//604 576//604 577//604
f  575//605 577//605 578//605
f  578//606 577//606 579//606
f  578//607 579//607 580//607
f  579//608 581//608 580//608
f  580//609 581//609 582//609
f  580//610 582//610 583//610
f  582//611 584//611 583//611
f  583//612 584//612 585//612
f  583//613 585//613 586//613
f  586//614 585//614 587//614
f  587//615 588//615 586//615
f  586//616 588//616 589//616
f  586//617 589//617 590//617
f  591//618 592//618 593//618
f  594//619 530//619 591//619
f  594//620 591//620 595//620
f  595//621 591//621 593//621
f  595//622 593//622 596//622
f  596//623 593//623 597//623
f  596//624 597//624 598//624
f  598//625 597//625 599//625
f  598//626 599//626 600//626
f  600//627 599//627 601//627
f  600//628 601//628 602//628
f  602//629 601//629 603//629
f  602//630 603//630 604//630
f  604//631 603//631 605//631
f  604//632 605//632 606//632
f  606//633 605//633 607//633
f  607//634 605//634 608//634
f  607//635 608//635 609//635
f  609//636 608//636 610//636
f  609//637 610//637 611//637
f  611//638 610//638 612//638
f  612//639 610//639 613//639
f  612//640 613//640 614//640
f  614//641 613//641 615//641
f  614//642 615//642 616//642
f  616//643 615//643 617//643
f  616//644 617//644 618//644
f  618//645 617//645 619//645
f  618//646 619//646 620//646
f  620//647 619//647 621//647
f  620//648 621//648 622//648
f  622//649 621//649 623//649
f  623//650 621//650 624//650
f  623//651 624//651 625//651
f  625//652 624//652 626//652
f  625//653 626//653 627//653
f  628//654 629//654 630//654
f  631//655 632//655 633//655
f  633//656 632//656 634//656
f  633//657 634//657 590//657
f  590//658 634//658 586//658
f  631//659 635//659 632//659
f  632//660 635//660 636//660
f  632//661 636//661 637//661
f  638//662 639//662 640//662
f  640//663 639//663 632//663
f  640//664 632//664 630//664
f  630//665 632//665 637//665
f  630//666 637//666 628//666
f  641//667 642//667 643//667
f  643//668 642//668 644//668
f  641//669 643//669 645//669
f  645//670 643//670 646//670
f  645//671 646//671 647//671
f  647//672 646//672 648//672
f  647//673 648//673 649//673
f  649//674 648//674 650//674
f  649//675 650//675 651//675
f  651//676 650//676 652//676
f  651//677 652//677 653//677
f  653//678 652//678 654//678
f  653//679 654//679 655//679
f  655//680 654//680 656//680
f  655//681 656//681 638//681
f  638//682 656//682 657//682
f  638//683 657//683 639//683
f  658//684 659//684 660//684
f  660//685 659//685 661//685
f  660//686 661//686 662//686
f  662//687 661//687 663//687
f  662//688 663//688 664//688
f  664//689 663//689 644//689
f  664//690 644//690 665//690
f  665//691 644//691 642//691
f  666//692 667//692 668//692
f  668//693 667//693 669//693
f  668//694 669//694 627//694
f  668//695 670//695 666//695
f  666//696 670//696 671//696
f  666//697 671//697 658//697
f  658//698 671//698 672//698
f  658//699 672//699 659//699
f  673//700 609//700 674//700
f  674//701 609//701 611//701
f  674//702 611//702 675//702
f  675//703 611//703 612//703
f  675//704 612//704 676//704
f  676//705 612//705 614//705
f  676//706 614//706 677//706
f  677//707 614//707 616//707
f  677//708 616//708 678//708
f  678//709 616//709 618//709
f  678//710 618//710 679//710
f  679//711 618//711 620//711
f  679//712 620//712 680//712
f  680//713 620//713 622//713
f  680//714 622//714 681//714
f  681//715 622//715 623//715
f  681//716 623//716 669//716
f  669//717 623//717 625//717
f  669//718 625//718 627//718
f  682//719 596//719 683//719
f  683//720 596//720 598//720
f  683//721 598//721 684//721
f  684//722 598//722 600//722
f  684//723 600//723 685//723
f  685//724 600//724 602//724
f  685//725 602//725 686//725
f  686//726 602//726 604//726
f  686//727 604//727 687//727
f  687//728 604//728 606//728
f  687//729 606//729 673//729
f  673//730 606//730 607//730
f  673//731 607//731 609//731
f  688//732 595//732 689//732
f  689//733 595//733 596//733
f  689//734 596//734 690//734
f  690//735 596//735 682//735
f  519//736 520//736 595//736
f  688//737 691//737 169//737
f  688//738 169//738 595//738
f  595//739 169//739 171//739
f  595//740 171//740 158//740
f  158//741 160//741 595//741
f  595//742 160//742 157//742
f  595//743 157//743 519//743
f  519//744 157//744 175//744
f  520//745 521//745 595//745
f  595//746 521//746 522//746
f  595//747 522//747 526//747
f  526//748 528//748 595//748
f  595//749 528//749 529//749
f  595//750 529//750 594//750
f  594//751 529//751 530//751
f  524//752 692//752 693//752
f  693//753 592//753 524//753
f  524//754 592//754 591//754
f  524//755 591//755 525//755
f  525//756 591//756 530//756
f  694//757 695//757 533//757
f  533//758 695//758 696//758
f  533//759 696//759 532//759
f  532//760 696//760 692//760
f  532//761 692//761 531//761
f  531//762 692//762 524//762
f  533//763 537//763 694//763
f  694//764 537//764 536//764
f  694//765 536//765 697//765
f  697//766 536//766 535//766
f  697//767 535//767 698//767
f  698//768 535//768 534//768
f  698//769 534//769 699//769
f  534//770 539//770 699//770
f  699//771 539//771 540//771
f  699//772 540//772 700//772
f  700//773 540//773 701//773
f  700//774 701//774 702//774
f  701//775 703//775 702//775
f  702//776 703//776 704//776
f  702//777 704//777 705//777
f  704//778 706//778 705//778
f  705//779 706//779 707//779
f  705//780 707//780 708//780
f  708//781 707//781 709//781
f  708//782 709//782 710//782
f  710//783 709//783 711//783
f  710//784 711//784 712//784
f  713//785 714//785 715//785
f  715//786 714//786 712//786
f  715//787 712//787 716//787
f  716//788 712//788 711//788
f  717//789 545//789 544//789
f  718//790 717//790 719//790
f  719//791 717//791 544//791
f  719//792 544//792 720//792
f  720//793 544//793 547//793
f  720//794 547//794 721//794
f  721//795 547//795 550//795
f  721//796 550//796 722//796
f  722//797 550//797 552//797
f  722//798 552//798 723//798
f  552//799 559//799 723//799
f  723//800 559//800 558//800
f  723//801 558//801 724//801
f  724//802 558//802 556//802
f  724//803 556//803 725//803
f  725//804 556//804 541//804
f  725//805 541//805 726//805
f  726//806 541//806 566//806
f  726//807 566//807 727//807
f  727//808 566//808 565//808
f  727//809 565//809 728//809
f  728//810 565//810 563//810
f  728//811 563//811 729//811
f  729//812 563//812 730//812
f  730//813 563//813 561//813
f  730//814 561//814 731//814
f  561//815 569//815 731//815
f  731//816 569//816 568//816
f  731//817 568//817 732//817
f  732//818 568//818 567//818
f  732//819 567//819 733//819
f  733//820 567//820 572//820
f  733//821 572//821 734//821
f  734//822 572//822 574//822
f  734//823 574//823 735//823
f  735//824 574//824 575//824
f  735//825 575//825 736//825
f  736//826 575//826 578//826
f  736//827 578//827 737//827
f  737//828 578//828 580//828
f  737//829 580//829 738//829
f  738//830 580//830 583//830
f  738//831 583//831 739//831
f  739//832 583//832 740//832
f  740//833 583//833 586//833
f  740//834 586//834 741//834
f  741//835 586//835 634//835
f  741//836 634//836 742//836
f  742//837 634//837 632//837
f  742//838 632//838 743//838
f  743//839 632//839 639//839
f  743//840 639//840 744//840
f  745//841 652//841 746//841
f  746//842 652//842 650//842
f  746//843 650//843 747//843
f  639//844 657//844 744//844
f  744//845 657//845 656//845
f  744//846 656//846 745//846
f  745//847 656//847 654//847
f  745//848 654//848 652//848
f  650//849 648//849 747//849
f  747//850 648//850 646//850
f  747//851 646//851 748//851
f  748//852 646//852 643//852
f  748//853 643//853 749//853
f  749//854 643//854 750//854
f  750//855 643//855 644//855
f  750//856 644//856 751//856
f  644//857 663//857 751//857
f  751//858 663//858 661//858
f  751//859 661//859 752//859
f  627//860 626//860 668//860
f  668//861 626//861 753//861
f  661//862 659//862 752//862
f  752//863 659//863 672//863
f  752//864 672//864 754//864
f  754//865 672//865 671//865
f  754//866 671//866 753//866
f  753//867 671//867 670//867
f  753//868 670//868 668//868
f  219//869 220//869 755//869
f  756//870 757//870 758//870
f  313//871 637//871 311//871
f  311//872 637//872 636//872
f  311//873 636//873 309//873
f  636//874 635//874 309//874
f  309//875 635//875 631//875
f  309//876 631//876 307//876
f  307//877 631//877 633//877
f  307//878 633//878 305//878
f  305//879 633//879 759//879
f  760//880 761//880 590//880
f  590//881 761//881 762//881
f  590//882 762//882 633//882
f  633//883 762//883 763//883
f  633//884 763//884 759//884
f  764//885 765//885 589//885
f  589//886 765//886 590//886
f  590//887 765//887 766//887
f  590//888 766//888 760//888
f  587//889 767//889 588//889
f  588//890 767//890 768//890
f  768//891 769//891 588//891
f  588//892 769//892 770//892
f  588//893 770//893 771//893
f  771//894 772//894 588//894
f  588//895 772//895 773//895
f  588//896 773//896 589//896
f  589//897 773//897 774//897
f  589//898 774//898 764//898
f  775//899 776//899 587//899
f  775//900 587//900 777//900
f  776//901 778//901 587//901
f  587//902 778//902 779//902
f  587//903 779//903 767//903
f  757//904 780//904 758//904
f  758//905 780//905 781//905
f  758//906 781//906 777//906
f  777//907 781//907 782//907
f  777//908 782//908 775//908
f  756//909 758//909 783//909
f  783//910 758//910 784//910
f  783//911 784//911 785//911
f  785//912 784//912 786//912
f  786//913 784//913 787//913
f  786//914 787//914 788//914
f  788//915 787//915 789//915
f  789//916 787//916 790//916
f  789//917 790//917 791//917
f  792//918 793//918 790//918
f  790//919 793//919 794//919
f  790//920 794//920 791//920
f  795//921 796//921 792//921
f  792//922 796//922 797//922
f  792//923 797//923 793//923
f  217//924 571//924 798//924
f  798//925 571//925 570//925
f  217//926 219//926 571//926
f  571//927 219//927 755//927
f  571//928 755//928 573//928
f  573//929 755//929 799//929
f  573//930 799//930 576//930
f  576//931 799//931 800//931
f  587//932 585//932 777//932
f  777//933 585//933 584//933
f  777//934 584//934 758//934
f  758//935 584//935 582//935
f  758//936 582//936 784//936
f  784//937 582//937 581//937
f  784//938 581//938 787//938
f  787//939 581//939 579//939
f  787//940 579//940 790//940
f  790//941 579//941 577//941
f  790//942 577//942 792//942
f  792//943 577//943 576//943
f  792//944 576//944 795//944
f  795//945 576//945 800//945
f  801//946 802//946 803//946
f  804//947 805//947 806//947
f  807//948 808//948 809//948
f  810//949 811//949 354//949
f  812//950 813//950 811//950
f  811//951 813//951 356//951
f  811//952 356//952 354//952
f  814//953 815//953 812//953
f  812//954 815//954 816//954
f  812//955 816//955 813//955
f  817//956 818//956 814//956
f  814//957 818//957 819//957
f  814//958 819//958 815//958
f  820//959 821//959 817//959
f  817//960 821//960 822//960
f  817//961 822//961 818//961
f  823//962 824//962 825//962
f  825//963 824//963 826//963
f  825//964 826//964 820//964
f  820//965 826//965 827//965
f  820//966 827//966 821//966
f  823//967 825//967 828//967
f  828//968 825//968 829//968
f  828//969 829//969 830//969
f  830//970 829//970 831//970
f  831//971 829//971 832//971
f  831//972 832//972 833//972
f  833//973 832//973 834//973
f  834//974 832//974 835//974
f  834//975 835//975 836//975
f  837//976 838//976 839//976
f  839//977 838//977 840//977
f  839//978 840//978 841//978
f  841//979 840//979 842//979
f  841//980 842//980 835//980
f  835//981 842//981 843//981
f  835//982 843//982 836//982
f  837//983 839//983 844//983
f  844//984 839//984 845//984
f  844//985 845//985 846//985
f  847//986 848//986 845//986
f  845//987 848//987 849//987
f  845//988 849//988 846//988
f  850//989 851//989 847//989
f  847//990 851//990 852//990
f  847//991 852//991 848//991
f  853//992 854//992 850//992
f  850//993 854//993 855//993
f  850//994 855//994 851//994
f  856//995 857//995 858//995
f  858//996 857//996 859//996
f  858//997 859//997 860//997
f  860//998 859//998 861//998
f  860//999 861//999 853//999
f  853//1000 861//1000 862//1000
f  853//1001 862//1001 854//1001
f  863//1002 864//1002 856//1002
f  856//1003 864//1003 225//1003
f  856//1004 225//1004 857//1004
f  807//1005 809//1005 865//1005
f  804//1006 806//1006 382//1006
f  382//1007 806//1007 383//1007
f  383//1008 806//1008 866//1008
f  383//1009 866//1009 385//1009
f  385//1010 866//1010 867//1010
f  385//1011 867//1011 386//1011
f  386//1012 867//1012 388//1012
f  388//1013 867//1013 868//1013
f  388//1014 868//1014 390//1014
f  390//1015 868//1015 392//1015
f  392//1016 868//1016 869//1016
f  392//1017 869//1017 393//1017
f  870//1018 398//1018 871//1018
f  871//1019 398//1019 397//1019
f  871//1020 397//1020 869//1020
f  869//1021 397//1021 395//1021
f  869//1022 395//1022 393//1022
f  872//1023 401//1023 870//1023
f  870//1024 401//1024 400//1024
f  870//1025 400//1025 398//1025
f  873//1026 405//1026 872//1026
f  872//1027 405//1027 403//1027
f  872//1028 403//1028 401//1028
f  874//1029 457//1029 875//1029
f  875//1030 457//1030 407//1030
f  875//1031 407//1031 876//1031
f  876//1032 407//1032 409//1032
f  876//1033 409//1033 873//1033
f  873//1034 409//1034 410//1034
f  873//1035 410//1035 405//1035
f  877//1036 461//1036 874//1036
f  874//1037 461//1037 460//1037
f  874//1038 460//1038 457//1038
f  878//1039 465//1039 877//1039
f  877//1040 465//1040 463//1040
f  877//1041 463//1041 461//1041
f  879//1042 470//1042 880//1042
f  880//1043 470//1043 469//1043
f  880//1044 469//1044 878//1044
f  878//1045 469//1045 467//1045
f  878//1046 467//1046 465//1046
f  881//1047 474//1047 879//1047
f  879//1048 474//1048 472//1048
f  879//1049 472//1049 470//1049
f  882//1050 485//1050 881//1050
f  881//1051 485//1051 476//1051
f  881//1052 476//1052 474//1052
f  489//1053 478//1053 883//1053
f  883//1054 478//1054 480//1054
f  883//1055 480//1055 884//1055
f  884//1056 480//1056 482//1056
f  884//1057 482//1057 882//1057
f  882//1058 482//1058 484//1058
f  882//1059 484//1059 485//1059
f  489//1060 883//1060 490//1060
f  490//1061 883//1061 885//1061
f  490//1062 885//1062 492//1062
f  492//1063 885//1063 886//1063
f  492//1064 886//1064 494//1064
f  494//1065 886//1065 486//1065
f  486//1066 886//1066 887//1066
f  486//1067 887//1067 487//1067
f  888//1068 511//1068 889//1068
f  889//1069 511//1069 487//1069
f  889//1070 487//1070 890//1070
f  890//1071 487//1071 887//1071
f  891//1072 503//1072 892//1072
f  892//1073 503//1073 505//1073
f  892//1074 505//1074 893//1074
f  893//1075 505//1075 507//1075
f  893//1076 507//1076 888//1076
f  888//1077 507//1077 509//1077
f  888//1078 509//1078 511//1078
f  894//1079 497//1079 895//1079
f  895//1080 497//1080 499//1080
f  895//1081 499//1081 891//1081
f  891//1082 499//1082 501//1082
f  891//1083 501//1083 503//1083
f  380//1084 896//1084 897//1084
f  380//1085 897//1085 379//1085
f  379//1086 897//1086 898//1086
f  379//1087 898//1087 378//1087
f  378//1088 898//1088 899//1088
f  378//1089 899//1089 372//1089
f  372//1090 899//1090 370//1090
f  370//1091 899//1091 900//1091
f  370//1092 900//1092 368//1092
f  368//1093 900//1093 367//1093
f  367//1094 900//1094 901//1094
f  367//1095 901//1095 365//1095
f  365//1096 901//1096 902//1096
f  365//1097 902//1097 363//1097
f  363//1098 902//1098 361//1098
f  361//1099 902//1099 903//1099
f  361//1100 903//1100 359//1100
f  359//1101 903//1101 904//1101
f  359//1102 904//1102 357//1102
f  905//1103 348//1103 904//1103
f  904//1104 348//1104 349//1104
f  904//1105 349//1105 357//1105
f  906//1106 346//1106 905//1106
f  905//1107 346//1107 347//1107
f  905//1108 347//1108 348//1108
f  907//1109 350//1109 906//1109
f  906//1110 350//1110 351//1110
f  906//1111 351//1111 346//1111
f  354//1112 355//1112 810//1112
f  810//1113 355//1113 352//1113
f  810//1114 352//1114 907//1114
f  907//1115 352//1115 353//1115
f  907//1116 353//1116 350//1116
f  802//1117 908//1117 803//1117
f  803//1118 908//1118 909//1118
f  803//1119 909//1119 910//1119
f  910//1120 909//1120 911//1120
f  910//1121 911//1121 912//1121
f  912//1122 911//1122 913//1122
f  912//1123 913//1123 914//1123
f  914//1124 913//1124 915//1124
f  914//1125 915//1125 916//1125
f  916//1126 915//1126 917//1126
f  916//1127 917//1127 918//1127
f  918//1128 917//1128 919//1128
f  918//1129 919//1129 920//1129
f  920//1130 919//1130 921//1130
f  920//1131 921//1131 922//1131
f  922//1132 921//1132 923//1132
f  922//1133 923//1133 924//1133
f  924//1134 923//1134 925//1134
f  924//1135 925//1135 926//1135
f  926//1136 925//1136 927//1136
f  926//1137 927//1137 928//1137
f  928//1138 927//1138 929//1138
f  928//1139 929//1139 930//1139
f  930//1140 929//1140 931//1140
f  930//1141 931//1141 932//1141
f  932//1142 931//1142 933//1142
f  932//1143 933//1143 934//1143
f  934//1144 933//1144 935//1144
f  934//1145 935//1145 936//1145
f  936//1146 935//1146 937//1146
f  936//1147 937//1147 938//1147
f  938//1148 937//1148 939//1148
f  938//1149 939//1149 940//1149
f  940//1150 939//1150 941//1150
f  940//1151 941//1151 942//1151
f  942//1152 941//1152 943//1152
f  942//1153 943//1153 944//1153
f  944//1154 943//1154 945//1154
f  944//1155 945//1155 946//1155
f  946//1156 945//1156 947//1156
f  946//1157 947//1157 948//1157
f  948//1158 947//1158 949//1158
f  948//1159 949//1159 950//1159
f  950//1160 949//1160 951//1160
f  950//1161 951//1161 952//1161
f  952//1162 951//1162 953//1162
f  952//1163 953//1163 954//1163
f  954//1164 953//1164 955//1164
f  954//1165 955//1165 956//1165
f  956//1166 955//1166 957//1166
f  956//1167 957//1167 958//1167
f  958//1168 957//1168 959//1168
f  958//1169 959//1169 960//1169
f  960//1170 959//1170 961//1170
f  960//1171 961//1171 962//1171
f  962//1172 961//1172 963//1172
f  962//1173 963//1173 964//1173
f  964//1174 963//1174 965//1174
f  964//1175 965//1175 966//1175
f  966//1176 965//1176 967//1176
f  966//1177 967//1177 968//1177
f  968//1178 967//1178 969//1178
f  908//1179 970//1179 909//1179
f  909//1180 970//1180 971//1180
f  909//1181 971//1181 911//1181
f  911//1182 971//1182 972//1182
f  911//1183 972//1183 913//1183
f  913//1184 972//1184 973//1184
f  913//1185 973//1185 915//1185
f  915//1186 973//1186 974//1186
f  915//1187 974//1187 917//1187
f  917//1188 974//1188 975//1188
f  917//1189 975//1189 919//1189
f  919//1190 975//1190 976//1190
f  919//1191 976//1191 921//1191
f  921//1192 976//1192 977//1192
f  921//1193 977//1193 923//1193
f  923//1194 977//1194 978//1194
f  923//1195 978//1195 925//1195
f  925//1196 978//1196 979//1196
f  925//1197 979//1197 927//1197
f  927//1198 979//1198 980//1198
f  927//1199 980//1199 929//1199
f  929//1200 980//1200 981//1200
f  929//1201 981//1201 931//1201
f  931//1202 981//1202 982//1202
f  931//1203 982//1203 933//1203
f  933//1204 982//1204 983//1204
f  933//1205 983//1205 935//1205
f  935//1206 983//1206 984//1206
f  935//1207 984//1207 937//1207
f  937//1208 984//1208 985//1208
f  937//1209 985//1209 939//1209
f  939//1210 985//1210 986//1210
f  939//1211 986//1211 941//1211
f  941//1212 986//1212 987//1212
f  941//1213 987//1213 943//1213
f  943//1214 987//1214 988//1214
f  943//1215 988//1215 945//1215
f  945//1216 988//1216 989//1216
f  945//1217 989//1217 947//1217
f  947//1218 989//1218 990//1218
f  947//1219 990//1219 949//1219
f  949//1220 990//1220 991//1220
f  949//1221 991//1221 951//1221
f  951//1222 991//1222 992//1222
f  951//1223 992//1223 953//1223
f  953//1224 992//1224 993//1224
f  953//1225 993//1225 955//1225
f  955//1226 993//1226 994//1226
f  955//1227 994//1227 957//1227
f  957//1228 994//1228 995//1228
f  957//1229 995//1229 959//1229
f  959//1230 995//1230 996//1230
f  959//1231 996//1231 961//1231
f  961//1232 996//1232 997//1232
f  961//1233 997//1233 963//1233
f  963//1234 997//1234 998//1234
f  963//1235 998//1235 965//1235
f  965//1236 998//1236 999//1236
f  965//1237 999//1237 967//1237
f  967//1238 999//1238 1000//1238
f  967//1239 1000//1239 969//1239
f  969//1240 1000//1240 1001//1240
f  970//1241 894//1241 971//1241
f  971//1242 894//1242 895//1242
f  971//1243 895//1243 972//1243
f  972//1244 895//1244 891//1244
f  972//1245 891//1245 973//1245
f  973//1246 891//1246 892//1246
f  973//1247 892//1247 974//1247
f  974//1248 892//1248 893//1248
f  974//1249 893//1249 975//1249
f  975//1250 893//1250 888//1250
f  975//1251 888//1251 976//1251
f  976//1252 888//1252 889//1252
f  976//1253 889//1253 977//1253
f  977//1254 889//1254 890//1254
f  977//1255 890//1255 978//1255
f  978//1256 890//1256 887//1256
f  978//1257 887//1257 979//1257
f  979//1258 887//1258 886//1258
f  979//1259 886//1259 980//1259
f  980//1260 886//1260 885//1260
f  980//1261 885//1261 981//1261
f  981//1262 885//1262 883//1262
f  981//1263 883//1263 982//1263
f  982//1264 883//1264 884//1264
f  982//1265 884//1265 983//1265
f  983//1266 884//1266 882//1266
f  983//1267 882//1267 984//1267
f  984//1268 882//1268 881//1268
f  984//1269 881//1269 985//1269
f  985//1270 881//1270 879//1270
f  985//1271 879//1271 986//1271
f  986//1272 879//1272 880//1272
f  986//1273 880//1273 987//1273
f  987//1274 880//1274 878//1274
f  987//1275 878//1275 988//1275
f  988//1276 878//1276 877//1276
f  988//1277 877//1277 989//1277
f  989//1278 877//1278 874//1278
f  989//1279 874//1279 990//1279
f  990//1280 874//1280 875//1280
f  990//1281 875//1281 991//1281
f  991//1282 875//1282 876//1282
f  991//1283 876//1283 992//1283
f  992//1284 876//1284 873//1284
f  992//1285 873//1285 993//1285
f  993//1286 873//1286 872//1286
f  993//1287 872//1287 994//1287
f  994//1288 872//1288 870//1288
f  994//1289 870//1289 995//1289
f  995//1290 870//1290 871//1290
f  995//1291 871//1291 996//1291
f  996//1292 871//1292 869//1292
f  996//1293 869//1293 997//1293
f  997//1294 869//1294 868//1294
f  997//1295 868//1295 998//1295
f  998//1296 868//1296 867//1296
f  998//1297 867//1297 999//1297
f  999//1298 867//1298 866//1298
f  999//1299 866//1299 1000//1299
f  1000//1300 866//1300 806//1300
f  1000//1301 806//1301 1001//1301
f  1001//1302 806//1302 805//1302
f  1002//1303 1003//1303 1004//1303
f  1004//1304 1003//1304 1005//1304
f  1004//1305 1005//1305 1006//1305
f  1006//1306 1005//1306 1007//1306
f  1006//1307 1007//1307 1008//1307
f  1008//1308 1007//1308 1009//1308
f  1008//1309 1009//1309 1010//1309
f  1010//1310 1009//1310 1011//1310
f  1010//1311 1011//1311 1012//1311
f  1012//1312 1011//1312 1013//1312
f  1012//1313 1013//1313 1014//1313
f  1014//1314 1013//1314 1015//1314
f  1014//1315 1015//1315 1016//1315
f  1016//1316 1015//1316 1017//1316
f  1016//1317 1017//1317 1018//1317
f  1018//1318 1017//1318 1019//1318
f  1018//1319 1019//1319 1020//1319
f  1020//1320 1019//1320 1021//1320
f  1020//1321 1021//1321 1022//1321
f  1022//1322 1021//1322 1023//1322
f  1022//1323 1023//1323 1024//1323
f  1024//1324 1023//1324 1025//1324
f  1024//1325 1025//1325 1026//1325
f  1026//1326 1025//1326 1027//1326
f  1026//1327 1027//1327 1028//1327
f  1028//1328 1027//1328 1029//1328
f  1028//1329 1029//1329 1030//1329
f  1030//1330 1029//1330 1031//1330
f  1030//1331 1031//1331 1032//1331
f  1032//1332 1031//1332 1033//1332
f  1032//1333 1033//1333 1034//1333
f  1034//1334 1033//1334 1035//1334
f  1034//1335 1035//1335 1036//1335
f  1036//1336 1035//1336 1037//1336
f  1036//1337 1037//1337 1038//1337
f  1038//1338 1037//1338 1039//1338
f  1038//1339 1039//1339 1040//1339
f  1040//1340 1039//1340 1041//1340
f  1040//1341 1041//1341 1042//1341
f  1042//1342 1041//1342 1043//1342
f  1042//1343 1043//1343 1044//1343
f  1044//1344 1043//1344 1045//1344
f  1044//1345 1045//1345 1046//1345
f  1046//1346 1045//1346 1047//1346
f  1046//1347 1047//1347 1048//1347
f  1048//1348 1047//1348 1049//1348
f  1048//1349 1049//1349 1050//1349
f  1050//1350 1049//1350 1051//1350
f  1050//1351 1051//1351 1052//1351
f  1052//1352 1051//1352 1053//1352
f  1052//1353 1053//1353 1054//1353
f  1054//1354 1053//1354 1055//1354
f  1054//1355 1055//1355 1056//1355
f  1056//1356 1055//1356 1057//1356
f  1056//1357 1057//1357 1058//1357
f  1058//1358 1057//1358 1059//1358
f  1058//1359 1059//1359 1060//1359
f  1060//1360 1059//1360 1061//1360
f  1060//1361 1061//1361 1062//1361
f  1062//1362 1061//1362 809//1362
f  1062//1363 809//1363 1063//1363
f  1063//1364 809//1364 808//1364
f  896//1365 1002//1365 897//1365
f  897//1366 1002//1366 1004//1366
f  897//1367 1004//1367 898//1367
f  898//1368 1004//1368 1006//1368
f  898//1369 1006//1369 899//1369
f  899//1370 1006//1370 1008//1370
f  899//1371 1008//1371 900//1371
f  900//1372 1008//1372 1010//1372
f  900//1373 1010//1373 901//1373
f  901//1374 1010//1374 1012//1374
f  901//1375 1012//1375 902//1375
f  902//1376 1012//1376 1014//1376
f  902//1377 1014//1377 903//1377
f  903//1378 1014//1378 1016//1378
f  903//1379 1016//1379 904//1379
f  904//1380 1016//1380 1018//1380
f  904//1381 1018//1381 905//1381
f  905//1382 1018//1382 1020//1382
f  905//1383 1020//1383 906//1383
f  906//1384 1020//1384 1022//1384
f  906//1385 1022//1385 907//1385
f  907//1386 1022//1386 1024//1386
f  907//1387 1024//1387 810//1387
f  810//1388 1024//1388 1026//1388
f  810//1389 1026//1389 811//1389
f  811//1390 1026//1390 1028//1390
f  811//1391 1028//1391 812//1391
f  812//1392 1028//1392 1030//1392
f  812//1393 1030//1393 814//1393
f  814//1394 1030//1394 1032//1394
f  814//1395 1032//1395 817//1395
f  817//1396 1032//1396 1034//1396
f  817//1397 1034//1397 820//1397
f  820//1398 1034//1398 1036//1398
f  820//1399 1036//1399 825//1399
f  825//1400 1036//1400 1038//1400
f  825//1401 1038//1401 829//1401
f  829//1402 1038//1402 1040//1402
f  829//1403 1040//1403 832//1403
f  832//1404 1040//1404 1042//1404
f  832//1405 1042//1405 835//1405
f  835//1406 1042//1406 1044//1406
f  835//1407 1044//1407 841//1407
f  841//1408 1044//1408 1046//1408
f  841//1409 1046//1409 839//1409
f  839//1410 1046//1410 1048//1410
f  839//1411 1048//1411 845//1411
f  845//1412 1048//1412 1050//1412
f  845//1413 1050//1413 847//1413
f  847//1414 1050//1414 1052//1414
f  847//1415 1052//1415 850//1415
f  850//1416 1052//1416 1054//1416
f  850//1417 1054//1417 853//1417
f  853//1418 1054//1418 1056//1418
f  853//1419 1056//1419 860//1419
f  860//1420 1056//1420 1058//1420
f  860//1421 1058//1421 858//1421
f  858//1422 1058//1422 1060//1422
f  858//1423 1060//1423 856//1423
f  856//1424 1060//1424 1062//1424
f  856//1425 1062//1425 863//1425
f  863//1426 1062//1426 1063//1426
f  1003//1427 801//1427 1005//1427
f  1005//1428 801//1428 803//1428
f  1005//1429 803//1429 1007//1429
f  1007//1430 803//1430 910//1430
f  1007//1431 910//1431 1009//1431
f  1009//1432 910//1432 912//1432
f  1009//1433 912//1433 1011//1433
f  1011//1434 912//1434 914//1434
f  1011//1435 914//1435 1013//1435
f  1013//1436 914//1436 916//1436
f  1013//1437 916//1437 1015//1437
f  1015//1438 916//1438 918//1438
f  1015//1439 918//1439 1017//1439
f  1017//1440 918//1440 920//1440
f  1017//1441 920//1441 1019//1441
f  1019//1442 920//1442 922//1442
f  1019//1443 922//1443 1021//1443
f  1021//1444 922//1444 924//1444
f  1021//1445 924//1445 1023//1445
f  1023//1446 924//1446 926//1446
f  1023//1447 926//1447 1025//1447
f  1025//1448 926//1448 928//1448
f  1025//1449 928//1449 1027//1449
f  1027//1450 928//1450 930//1450
f  1027//1451 930//1451 1029//1451
f  1029//1452 930//1452 932//1452
f  1029//1453 932//1453 1031//1453
f  1031//1454 932//1454 934//1454
f  1031//1455 934//1455 1033//1455
f  1033//1456 934//1456 936//1456
f  1033//1457 936//1457 1035//1457
f  1035//1458 936//1458 938//1458
f  1035//1459 938//1459 1037//1459
f  1037//1460 938//1460 940//1460
f  1037//1461 940//1461 1039//1461
f  1039//1462 940//1462 942//1462
f  1039//1463 942//1463 1041//1463
f  1041//1464 942//1464 944//1464
f  1041//1465 944//1465 1043//1465
f  1043//1466 944//1466 946//1466
f  1043//1467 946//1467 1045//1467
f  1045//1468 946//1468 948//1468
f  1045//1469 948//1469 1047//1469
f  1047//1470 948//1470 950//1470
f  1047//1471 950//1471 1049//1471
f  1049//1472 950//1472 952//1472
f  1049//1473 952//1473 1051//1473
f  1051//1474 952//1474 954//1474
f  1051//1475 954//1475 1053//1475
f  1053//1476 954//1476 956//1476
f  1053//1477 956//1477 1055//1477
f  1055//1478 956//1478 958//1478
f  1055//1479 958//1479 1057//1479
f  1057//1480 958//1480 960//1480
f  1057//1481 960//1481 1059//1481
f  1059//1482 960//1482 962//1482
f  1059//1483 962//1483 1061//1483
f  1061//1484 962//1484 964//1484
f  1061//1485 964//1485 809//1485
f  809//1486 964//1486 966//1486
f  809//1487 966//1487 865//1487
f  865//1488 966//1488 968//1488
f  251//1489 250//1489 146//1489
f  146//1490 148//1490 251//1490
f  251//1491 148//1491 149//1491
f  251//1492 149//1492 252//1492
f  252//1493 149//1493 91//1493
f  91//1494 142//1494 252//1494
f  252//1495 142//1495 131//1495
f  252//1496 131//1496 253//1496
f  253//1497 131//1497 244//1497
f  244//1498 131//1498 130//1498
f  244//1499 130//1499 246//1499
f  246//1500 130//1500 135//1500
f  246//1501 135//1501 247//1501
f  247//1502 135//1502 137//1502
f  247//1503 137//1503 240//1503
f  137//1504 139//1504 240//1504
f  240//1505 139//1505 94//1505
f  240//1506 94//1506 238//1506
f  238//1507 94//1507 93//1507
f  238//1508 93//1508 236//1508
f  236//1509 93//1509 129//1509
f  236//1510 129//1510 221//1510
f  129//1511 128//1511 221//1511
f  221//1512 128//1512 127//1512
f  221//1513 127//1513 222//1513
f  222//1514 127//1514 87//1514
f  87//1515 86//1515 222//1515
f  222//1516 86//1516 150//1516
f  222//1517 150//1517 228//1517
f  228//1518 150//1518 151//1518
f  228//1519 151//1519 226//1519
f  226//1520 151//1520 224//1520
f  224//1521 151//1521 152//1521
f  224//1522 152//1522 229//1522
f  229//1523 152//1523 153//1523
f  229//1524 153//1524 230//1524
f  230//1525 153//1525 154//1525
f  230//1526 154//1526 231//1526
f  231//1527 154//1527 232//1527
f  232//1528 154//1528 1064//1528
f  232//1529 1064//1529 233//1529
f  233//1530 1064//1530 1065//1530
f  233//1531 1065//1531 234//1531
f  234//1532 1065//1532 1066//1532
f  234//1533 1066//1533 1067//1533
f  1068//1534 440//1534 442//1534
f  235//1535 227//1535 1069//1535
f  434//1536 436//1536 1070//1536
f  1071//1537 1072//1537 1073//1537
f  249//1538 248//1538 1074//1538
f  1074//1539 248//1539 1075//1539
f  1076//1540 1077//1540 1078//1540
f  1078//1541 1077//1541 1075//1541
f  1078//1542 1075//1542 1079//1542
f  1079//1543 1075//1543 248//1543
f  1079//1544 248//1544 243//1544
f  1080//1545 1081//1545 1076//1545
f  1076//1546 1081//1546 1082//1546
f  1076//1547 1082//1547 1077//1547
f  1077//1548 1082//1548 1083//1548
f  1077//1549 1083//1549 1075//1549
f  1075//1550 1083//1550 1084//1550
f  1075//1551 1084//1551 1074//1551
f  1085//1552 1086//1552 1087//1552
f  1087//1553 1086//1553 1088//1553
f  1087//1554 1088//1554 1089//1554
f  1089//1555 1088//1555 1090//1555
f  438//1556 440//1556 1091//1556
f  1091//1557 440//1557 1068//1557
f  1091//1558 1068//1558 1092//1558
f  1092//1559 1068//1559 1090//1559
f  1092//1560 1090//1560 1093//1560
f  1093//1561 1090//1561 1088//1561
f  1093//1562 1088//1562 1094//1562
f  1094//1563 1088//1563 1086//1563
f  1094//1564 1086//1564 1095//1564
f  1096//1565 1097//1565 1098//1565
f  1098//1566 1097//1566 1099//1566
f  1098//1567 1099//1567 1100//1567
f  1100//1568 1099//1568 1101//1568
f  1097//1569 968//1569 1099//1569
f  1099//1570 968//1570 969//1570
f  1099//1571 969//1571 1101//1571
f  1101//1572 969//1572 1001//1572
f  1101//1573 1001//1573 805//1573
f  804//1574 382//1574 428//1574
f  1102//1575 1073//1575 1103//1575
f  1103//1576 1073//1576 1072//1576
f  1103//1577 1072//1577 1070//1577
f  1070//1578 1072//1578 432//1578
f  1070//1579 432//1579 434//1579
f  804//1580 428//1580 1071//1580
f  1071//1581 428//1581 429//1581
f  1071//1582 429//1582 1072//1582
f  1072//1583 429//1583 431//1583
f  1072//1584 431//1584 432//1584
f  1096//1585 1104//1585 1105//1585
f  1105//1586 1104//1586 1106//1586
f  227//1587 225//1587 1069//1587
f  1069//1588 225//1588 864//1588
f  1069//1589 864//1589 863//1589
f  223//1590 235//1590 1106//1590
f  1106//1591 235//1591 1069//1591
f  1106//1592 1069//1592 1105//1592
f  1105//1593 1069//1593 863//1593
f  863//1594 1063//1594 1105//1594
f  1105//1595 1063//1595 808//1595
f  1105//1596 808//1596 1096//1596
f  1096//1597 808//1597 807//1597
f  1096//1598 807//1598 1097//1598
f  1097//1599 807//1599 865//1599
f  1097//1600 865//1600 968//1600
f  239//1601 1107//1601 241//1601
f  241//1602 1107//1602 1108//1602
f  241//1603 1108//1603 242//1603
f  242//1604 1108//1604 245//1604
f  1109//1605 1108//1605 1110//1605
f  1110//1606 1108//1606 1107//1606
f  1110//1607 1107//1607 1111//1607
f  1111//1608 1107//1608 239//1608
f  1111//1609 239//1609 237//1609
f  1109//1610 1110//1610 1112//1610
f  1112//1611 1110//1611 1113//1611
f  1112//1612 1113//1612 1114//1612
f  1100//1613 1114//1613 1098//1613
f  1098//1614 1114//1614 1113//1614
f  1098//1615 1113//1615 1096//1615
f  1096//1616 1113//1616 1110//1616
f  1096//1617 1110//1617 1104//1617
f  1104//1618 1110//1618 1111//1618
f  1104//1619 1111//1619 1106//1619
f  1106//1620 1111//1620 237//1620
f  1106//1621 237//1621 223//1621
f  442//1622 1115//1622 1068//1622
f  1068//1623 1115//1623 1116//1623
f  1068//1624 1116//1624 1090//1624
f  1090//1625 1116//1625 1117//1625
f  1090//1626 1117//1626 1089//1626
f  1085//1627 1080//1627 1086//1627
f  1086//1628 1080//1628 1076//1628
f  1086//1629 1076//1629 1095//1629
f  1095//1630 1076//1630 1078//1630
f  1095//1631 1078//1631 1118//1631
f  1118//1632 1078//1632 1079//1632
f  1118//1633 1079//1633 1119//1633
f  1119//1634 1079//1634 243//1634
f  1094//1635 1102//1635 1093//1635
f  1093//1636 1102//1636 1103//1636
f  1093//1637 1103//1637 1092//1637
f  1092//1638 1103//1638 1070//1638
f  1092//1639 1070//1639 1091//1639
f  1091//1640 1070//1640 436//1640
f  1091//1641 436//1641 438//1641
f  243//1642 245//1642 1119//1642
f  1119//1643 245//1643 1108//1643
f  1119//1644 1108//1644 1118//1644
f  1118//1645 1108//1645 1109//1645
f  1118//1646 1109//1646 1095//1646
f  1095//1647 1109//1647 1112//1647
f  1095//1648 1112//1648 1094//1648
f  1094//1649 1112//1649 1114//1649
f  1094//1650 1114//1650 1102//1650
f  1102//1651 1114//1651 1100//1651
f  1102//1652 1100//1652 1073//1652
f  1073//1653 1100//1653 1101//1653
f  1073//1654 1101//1654 1071//1654
f  1071//1655 1101//1655 805//1655
f  1071//1656 805//1656 804//1656
f  337//1657 356//1657 813//1657
f  1120//1658 1121//1658 855//1658
f  225//1659 234//1659 857//1659
f  857//1660 234//1660 1067//1660
f  1122//1661 859//1661 1123//1661
f  1123//1662 859//1662 857//1662
f  1123//1663 857//1663 1124//1663
f  1124//1664 857//1664 1067//1664
f  1124//1665 1067//1665 1125//1665
f  855//1666 854//1666 1120//1666
f  1120//1667 854//1667 862//1667
f  1120//1668 862//1668 1122//1668
f  1122//1669 862//1669 861//1669
f  1122//1670 861//1670 859//1670
f  846//1671 849//1671 1126//1671
f  1126//1672 849//1672 848//1672
f  1126//1673 848//1673 1127//1673
f  1127//1674 848//1674 852//1674
f  1127//1675 852//1675 1121//1675
f  1121//1676 852//1676 851//1676
f  1121//1677 851//1677 855//1677
f  1128//1678 842//1678 1129//1678
f  1129//1679 842//1679 840//1679
f  1129//1680 840//1680 1130//1680
f  1130//1681 840//1681 838//1681
f  1130//1682 838//1682 1131//1682
f  1131//1683 838//1683 837//1683
f  1131//1684 837//1684 1126//1684
f  1126//1685 837//1685 844//1685
f  1126//1686 844//1686 846//1686
f  1132//1687 1133//1687 833//1687
f  833//1688 834//1688 1132//1688
f  1132//1689 834//1689 836//1689
f  1132//1690 836//1690 1128//1690
f  1128//1691 836//1691 843//1691
f  1128//1692 843//1692 842//1692
f  824//1693 823//1693 1134//1693
f  1134//1694 823//1694 828//1694
f  1134//1695 828//1695 1135//1695
f  1135//1696 828//1696 830//1696
f  1135//1697 830//1697 1133//1697
f  1133//1698 830//1698 831//1698
f  1133//1699 831//1699 833//1699
f  1136//1700 819//1700 1137//1700
f  1137//1701 819//1701 818//1701
f  1137//1702 818//1702 1138//1702
f  818//1703 822//1703 1138//1703
f  1138//1704 822//1704 821//1704
f  1138//1705 821//1705 1139//1705
f  1139//1706 821//1706 827//1706
f  1139//1707 827//1707 1134//1707
f  1134//1708 827//1708 826//1708
f  1134//1709 826//1709 824//1709
f  1140//1710 337//1710 1141//1710
f  1141//1711 337//1711 813//1711
f  1141//1712 813//1712 1142//1712
f  1142//1713 813//1713 816//1713
f  1142//1714 816//1714 1136//1714
f  1136//1715 816//1715 815//1715
f  1136//1716 815//1716 819//1716
f  1143//1717 1144//1717 1145//1717
f  1143//1718 1145//1718 1146//1718
f  1145//1719 713//1719 715//1719
f  715//1720 716//1720 1145//1720
f  1145//1721 716//1721 711//1721
f  1145//1722 711//1722 1146//1722
f  704//1723 1147//1723 706//1723
f  706//1724 1147//1724 1148//1724
f  706//1725 1148//1725 707//1725
f  707//1726 1148//1726 1149//1726
f  707//1727 1149//1727 709//1727
f  709//1728 1149//1728 1150//1728
f  709//1729 1150//1729 711//1729
f  711//1730 1150//1730 1151//1730
f  711//1731 1151//1731 1146//1731
f  540//1732 1152//1732 701//1732
f  701//1733 1152//1733 1153//1733
f  701//1734 1153//1734 703//1734
f  1154//1735 1155//1735 1156//1735
f  1156//1736 1155//1736 1147//1736
f  1156//1737 1147//1737 1153//1737
f  1153//1738 1147//1738 704//1738
f  1153//1739 704//1739 703//1739
f  1157//1740 1158//1740 1159//1740
f  1159//1741 1158//1741 1160//1741
f  1161//1742 1162//1742 1163//1742
f  1163//1743 1162//1743 1164//1743
f  1163//1744 1164//1744 1160//1744
f  1160//1745 1164//1745 1165//1745
f  1160//1746 1165//1746 1159//1746
f  1166//1747 1167//1747 1168//1747
f  1166//1748 1168//1748 1163//1748
f  1163//1749 1168//1749 1169//1749
f  1163//1750 1169//1750 1161//1750
f  1170//1751 1171//1751 1172//1751
f  1170//1752 1172//1752 1166//1752
f  1166//1753 1172//1753 1173//1753
f  1166//1754 1173//1754 1167//1754
f  1174//1755 1175//1755 1176//1755
f  1174//1756 1176//1756 1170//1756
f  1170//1757 1176//1757 1177//1757
f  1170//1758 1177//1758 1171//1758
f  1178//1759 1179//1759 1180//1759
f  1175//1760 1174//1760 1180//1760
f  1180//1761 1174//1761 1181//1761
f  1180//1762 1181//1762 1178//1762
f  220//1763 218//1763 1179//1763
f  1179//1764 218//1764 217//1764
f  217//1765 798//1765 1179//1765
f  1179//1766 798//1766 570//1766
f  1179//1767 570//1767 1180//1767
f  1180//1768 570//1768 560//1768
f  1180//1769 560//1769 1175//1769
f  1175//1770 560//1770 562//1770
f  1175//1771 562//1771 564//1771
f  543//1772 1177//1772 564//1772
f  564//1773 1177//1773 1176//1773
f  564//1774 1176//1774 1175//1774
f  555//1775 1173//1775 542//1775
f  542//1776 1173//1776 1172//1776
f  542//1777 1172//1777 543//1777
f  543//1778 1172//1778 1171//1778
f  543//1779 1171//1779 1177//1779
f  1164//1780 1162//1780 553//1780
f  553//1781 1162//1781 554//1781
f  1162//1782 1161//1782 554//1782
f  554//1783 1161//1783 1169//1783
f  554//1784 1169//1784 557//1784
f  557//1785 1169//1785 1168//1785
f  557//1786 1168//1786 555//1786
f  555//1787 1168//1787 1167//1787
f  555//1788 1167//1788 1173//1788
f  548//1789 546//1789 1157//1789
f  553//1790 551//1790 1164//1790
f  1164//1791 551//1791 549//1791
f  1164//1792 549//1792 1165//1792
f  1165//1793 549//1793 548//1793
f  1165//1794 548//1794 1159//1794
f  1159//1795 548//1795 1157//1795
f  1182//1796 1144//1796 1143//1796
f  216//1797 215//1797 1183//1797
f  1183//1798 215//1798 214//1798
f  1183//1799 214//1799 213//1799
f  216//1800 1183//1800 1154//1800
f  1154//1801 1183//1801 1184//1801
f  1154//1802 1184//1802 1155//1802
f  1155//1803 1184//1803 1147//1803
f  1147//1804 1184//1804 1185//1804
f  1147//1805 1185//1805 1148//1805
f  1186//1806 1182//1806 1187//1806
f  1187//1807 1182//1807 1143//1807
f  1187//1808 1143//1808 1188//1808
f  1188//1809 1143//1809 1146//1809
f  1188//1810 1146//1810 1189//1810
f  1189//1811 1146//1811 1151//1811
f  1189//1812 1151//1812 1190//1812
f  1190//1813 1151//1813 1150//1813
f  1190//1814 1150//1814 1191//1814
f  1191//1815 1150//1815 1149//1815
f  1191//1816 1149//1816 1192//1816
f  1192//1817 1149//1817 1148//1817
f  1192//1818 1148//1818 1193//1818
f  1193//1819 1148//1819 1185//1819
f  1183//1820 1194//1820 1184//1820
f  1184//1821 1194//1821 1195//1821
f  1184//1822 1195//1822 1185//1822
f  1196//1823 1192//1823 1195//1823
f  1195//1824 1192//1824 1193//1824
f  1195//1825 1193//1825 1185//1825
f  1188//1826 1189//1826 1197//1826
f  1197//1827 1189//1827 1190//1827
f  1197//1828 1190//1828 1196//1828
f  1196//1829 1190//1829 1191//1829
f  1196//1830 1191//1830 1192//1830
f  1188//1831 1197//1831 1187//1831
f  1187//1832 1197//1832 1198//1832
f  1187//1833 1198//1833 1186//1833
f  1199//1834 1200//1834 1201//1834
f  453//1835 426//1835 1202//1835
f  1203//1836 249//1836 1074//1836
f  1204//1837 1205//1837 1206//1837
f  1207//1838 1208//1838 1209//1838
f  1207//1839 1209//1839 1210//1839
f  1210//1840 1209//1840 1211//1840
f  1210//1841 1211//1841 1212//1841
f  1212//1842 1211//1842 1213//1842
f  1213//1843 1211//1843 1214//1843
f  1213//1844 1214//1844 1215//1844
f  1215//1845 1214//1845 1216//1845
f  1215//1846 1216//1846 1217//1846
f  1217//1847 1216//1847 1218//1847
f  1217//1848 1218//1848 1219//1848
f  1219//1849 1218//1849 1202//1849
f  1219//1850 1202//1850 1220//1850
f  426//1851 425//1851 1202//1851
f  1202//1852 425//1852 1221//1852
f  1202//1853 1221//1853 1220//1853
f  1201//1854 451//1854 453//1854
f  445//1855 447//1855 1200//1855
f  1200//1856 447//1856 448//1856
f  1200//1857 448//1857 1201//1857
f  1201//1858 448//1858 450//1858
f  1201//1859 450//1859 451//1859
f  442//1860 444//1860 1115//1860
f  1115//1861 444//1861 1222//1861
f  1115//1862 1222//1862 1116//1862
f  1116//1863 1222//1863 1117//1863
f  1117//1864 1222//1864 1223//1864
f  1117//1865 1223//1865 1089//1865
f  1089//1866 1223//1866 1224//1866
f  1089//1867 1224//1867 1087//1867
f  1087//1868 1224//1868 1085//1868
f  1085//1869 1224//1869 1225//1869
f  1085//1870 1225//1870 1080//1870
f  1080//1871 1225//1871 1081//1871
f  1081//1872 1225//1872 1226//1872
f  1081//1873 1226//1873 1082//1873
f  1082//1874 1226//1874 1083//1874
f  1083//1875 1226//1875 1227//1875
f  1083//1876 1227//1876 1084//1876
f  1228//1877 1229//1877 1230//1877
f  1230//1878 1229//1878 1231//1878
f  1230//1879 1231//1879 1232//1879
f  1232//1880 1231//1880 1233//1880
f  1232//1881 1233//1881 1234//1881
f  1234//1882 1233//1882 1204//1882
f  1234//1883 1204//1883 1235//1883
f  1235//1884 1204//1884 1206//1884
f  1235//1885 1206//1885 1203//1885
f  444//1886 445//1886 1222//1886
f  1222//1887 445//1887 1200//1887
f  1222//1888 1200//1888 1223//1888
f  1223//1889 1200//1889 1199//1889
f  1223//1890 1199//1890 1224//1890
f  1224//1891 1199//1891 1236//1891
f  1224//1892 1236//1892 1225//1892
f  1225//1893 1236//1893 1237//1893
f  1225//1894 1237//1894 1226//1894
f  1226//1895 1237//1895 1238//1895
f  1226//1896 1238//1896 1227//1896
f  1227//1897 1238//1897 1239//1897
f  1201//1898 1228//1898 1199//1898
f  1199//1899 1228//1899 1230//1899
f  1199//1900 1230//1900 1236//1900
f  1236//1901 1230//1901 1232//1901
f  1236//1902 1232//1902 1237//1902
f  1237//1903 1232//1903 1234//1903
f  1237//1904 1234//1904 1238//1904
f  1238//1905 1234//1905 1235//1905
f  1238//1906 1235//1906 1239//1906
f  1239//1907 1235//1907 1203//1907
f  1239//1908 1203//1908 1227//1908
f  1227//1909 1203//1909 1074//1909
f  1227//1910 1074//1910 1084//1910
f  453//1911 1202//1911 1201//1911
f  1201//1912 1202//1912 1218//1912
f  1201//1913 1218//1913 1228//1913
f  1228//1914 1218//1914 1216//1914
f  1228//1915 1216//1915 1229//1915
f  1229//1916 1216//1916 1214//1916
f  1229//1917 1214//1917 1231//1917
f  1231//1918 1214//1918 1211//1918
f  1231//1919 1211//1919 1233//1919
f  1233//1920 1211//1920 1209//1920
f  1233//1921 1209//1921 1204//1921
f  1204//1922 1209//1922 1208//1922
f  1204//1923 1208//1923 1205//1923
f  1240//1924 1241//1924 1242//1924
f  1242//1925 1241//1925 1243//1925
f  1243//1926 1241//1926 1244//1926
f  1244//1927 1241//1927 1245//1927
f  1244//1928 1245//1928 1246//1928
f  1247//1929 1248//1929 1249//1929
f  1247//1930 1249//1930 1245//1930
f  1245//1931 1249//1931 1250//1931
f  1245//1932 1250//1932 1246//1932
f  1248//1933 1247//1933 1251//1933
f  1251//1934 1247//1934 1252//1934
f  1251//1935 1252//1935 1253//1935
f  1253//1936 1252//1936 1254//1936
f  1254//1937 1252//1937 146//1937
f  1254//1938 146//1938 250//1938
f  147//1939 1194//1939 213//1939
f  213//1940 1194//1940 1183//1940
f  1255//1941 1256//1941 1257//1941
f  257//1942 1258//1942 254//1942
f  261//1943 263//1943 1259//1943
f  272//1944 1260//1944 1261//1944
f  283//1945 1262//1945 1263//1945
f  1262//1946 283//1946 281//1946
f  300//1947 1264//1947 301//1947
f  765//1948 1265//1948 766//1948
f  773//1949 1266//1949 774//1949
f  770//1950 1267//1950 771//1950
f  797//1951 796//1951 1268//1951
f  1269//1952 795//1952 800//1952
f  220//1953 1270//1953 755//1953
f  1181//1954 254//1954 1178//1954
f  1178//1955 254//1955 1258//1955
f  1178//1956 1258//1956 1179//1956
f  1270//1957 1271//1957 755//1957
f  755//1958 1271//1958 1259//1958
f  755//1959 1259//1959 799//1959
f  788//1960 789//1960 1272//1960
f  1272//1961 789//1961 791//1961
f  1272//1962 791//1962 794//1962
f  1272//1963 1273//1963 788//1963
f  788//1964 1273//1964 1274//1964
f  788//1965 1274//1965 786//1965
f  786//1966 1274//1966 785//1966
f  756//1967 783//1967 1275//1967
f  1275//1968 783//1968 785//1968
f  1275//1969 785//1969 1276//1969
f  782//1970 781//1970 1277//1970
f  1277//1971 781//1971 780//1971
f  1277//1972 780//1972 757//1972
f  779//1973 778//1973 280//1973
f  291//1974 290//1974 1278//1974
f  1278//1975 290//1975 767//1975
f  1278//1976 767//1976 779//1976
f  289//1977 769//1977 290//1977
f  290//1978 769//1978 768//1978
f  290//1979 768//1979 767//1979
f  765//1980 764//1980 295//1980
f  295//1981 764//1981 296//1981
f  764//1982 774//1982 296//1982
f  296//1983 774//1983 1266//1983
f  296//1984 1266//1984 297//1984
f  297//1985 1266//1985 773//1985
f  297//1986 773//1986 298//1986
f  298//1987 773//1987 772//1987
f  298//1988 772//1988 286//1988
f  286//1989 772//1989 771//1989
f  286//1990 771//1990 287//1990
f  287//1991 771//1991 1267//1991
f  287//1992 1267//1992 289//1992
f  289//1993 1267//1993 770//1993
f  289//1994 770//1994 769//1994
f  765//1995 295//1995 1265//1995
f  1265//1996 295//1996 294//1996
f  1265//1997 294//1997 766//1997
f  766//1998 294//1998 304//1998
f  766//1999 304//1999 760//1999
f  304//2000 303//2000 760//2000
f  760//2001 303//2001 302//2001
f  760//2002 302//2002 761//2002
f  761//2003 302//2003 762//2003
f  762//2004 302//2004 301//2004
f  762//2005 301//2005 763//2005
f  763//2006 301//2006 1264//2006
f  763//2007 1264//2007 759//2007
f  759//2008 1264//2008 300//2008
f  759//2009 300//2009 305//2009
f  779//2010 280//2010 1278//2010
f  1278//2011 280//2011 292//2011
f  1278//2012 292//2012 291//2012
f  1257//2013 279//2013 1279//2013
f  1279//2014 279//2014 285//2014
f  1279//2015 285//2015 1263//2015
f  1263//2016 285//2016 284//2016
f  1263//2017 284//2017 283//2017
f  1260//2018 272//2018 1255//2018
f  1255//2019 272//2019 273//2019
f  1255//2020 273//2020 1256//2020
f  1256//2021 273//2021 275//2021
f  1256//2022 275//2022 1257//2022
f  1257//2023 275//2023 277//2023
f  1257//2024 277//2024 279//2024
f  1280//2025 269//2025 1261//2025
f  1261//2026 269//2026 270//2026
f  1261//2027 270//2027 272//2027
f  1259//2028 263//2028 1281//2028
f  1281//2029 263//2029 265//2029
f  1281//2030 265//2030 1280//2030
f  1280//2031 265//2031 267//2031
f  1280//2032 267//2032 269//2032
f  261//2033 1259//2033 259//2033
f  259//2034 1259//2034 1271//2034
f  259//2035 1271//2035 257//2035
f  257//2036 1271//2036 1270//2036
f  257//2037 1270//2037 1258//2037
f  1258//2038 1270//2038 220//2038
f  1258//2039 220//2039 1179//2039
f  1261//2040 1282//2040 1280//2040
f  1280//2041 1282//2041 1283//2041
f  1280//2042 1283//2042 1281//2042
f  1281//2043 1283//2043 1269//2043
f  1281//2044 1269//2044 1259//2044
f  1259//2045 1269//2045 800//2045
f  1259//2046 800//2046 799//2046
f  757//2047 1255//2047 1277//2047
f  1277//2048 1255//2048 1257//2048
f  1277//2049 1257//2049 782//2049
f  782//2050 1257//2050 1279//2050
f  782//2051 1279//2051 775//2051
f  775//2052 1279//2052 1263//2052
f  775//2053 1263//2053 776//2053
f  776//2054 1263//2054 1262//2054
f  776//2055 1262//2055 778//2055
f  778//2056 1262//2056 281//2056
f  778//2057 281//2057 280//2057
f  795//2058 1269//2058 796//2058
f  796//2059 1269//2059 1283//2059
f  796//2060 1283//2060 1268//2060
f  1268//2061 1283//2061 1282//2061
f  1268//2062 1282//2062 1284//2062
f  1284//2063 1282//2063 1261//2063
f  1284//2064 1261//2064 1285//2064
f  1285//2065 1261//2065 1260//2065
f  1285//2066 1260//2066 1276//2066
f  1276//2067 1260//2067 1255//2067
f  1276//2068 1255//2068 1275//2068
f  1275//2069 1255//2069 757//2069
f  1275//2070 757//2070 756//2070
f  785//2071 1274//2071 1276//2071
f  1276//2072 1274//2072 1273//2072
f  1276//2073 1273//2073 1285//2073
f  1285//2074 1273//2074 1272//2074
f  1285//2075 1272//2075 1284//2075
f  1284//2076 1272//2076 794//2076
f  1284//2077 794//2077 1268//2077
f  1268//2078 794//2078 793//2078
f  1268//2079 793//2079 797//2079
f  1153//2080 1152//2080 540//2080
f  1153//2081 540//2081 1156//2081
f  540//2082 538//2082 1156//2082
f  1156//2083 538//2083 216//2083
f  1156//2084 216//2084 1154//2084
f  250//2085 249//2085 1254//2085
f  1254//2086 249//2086 1203//2086
f  1254//2087 1203//2087 1253//2087
f  1253//2088 1203//2088 1251//2088
f  1251//2089 1203//2089 1248//2089
f  1248//2090 1203//2090 1206//2090
f  1248//2091 1206//2091 1249//2091
f  1249//2092 1206//2092 1250//2092
f  1250//2093 1206//2093 1205//2093
f  1250//2094 1205//2094 1246//2094
f  1246//2095 1205//2095 1208//2095
f  1246//2096 1208//2096 1244//2096
f  1244//2097 1208//2097 1243//2097
f  1243//2098 1208//2098 1207//2098
f  1243//2099 1207//2099 1242//2099
f  315//2100 637//2100 313//2100
f  1286//2101 1287//2101 1140//2101
f  1140//2102 1287//2102 314//2102
f  1140//2103 314//2103 337//2103
f  1067//2104 1066//2104 1125//2104
f  1125//2105 1066//2105 1288//2105
f  1125//2106 1288//2106 1289//2106
f  1290//2107 170//2107 1291//2107
f  315//35 314//35 1292//35
f  1292//35 314//35 1287//35
f  1292//35 1287//35 1293//35
f  1288//2108 1066//2108 1294//2108
f  1294//2109 1290//2109 1288//2109
f  1288//35 1290//35 1291//35
f  1288//35 1291//35 1295//35
f  1295//35 1291//35 1296//35
f  1295//35 1296//35 1297//35
f  1297//35 1296//35 1298//35
f  1297//35 1298//35 1299//35
f  1299//35 1298//35 1300//35
f  1299//35 1300//35 1301//35
f  1301//35 1300//35 1302//35
f  1301//35 1302//35 1303//35
f  1303//35 1302//35 1304//35
f  1303//35 1304//35 1305//35
f  1305//35 1304//35 1306//35
f  1305//35 1306//35 1307//35
f  1307//35 1306//35 1308//35
f  1307//35 1308//35 1309//35
f  1309//35 1308//35 1310//35
f  1309//35 1310//35 1311//35
f  1311//35 1310//35 1312//35
f  1311//35 1312//35 1313//35
f  1313//35 1312//35 1314//35
f  1293//35 1287//35 1315//35
f  1315//35 1287//35 1316//35
f  1315//35 1316//35 1317//35
f  1317//35 1316//35 1318//35
f  1317//35 1318//35 1319//35
f  1319//35 1318//35 1320//35
f  1319//35 1320//35 1321//35
f  1321//35 1320//35 1322//35
f  1321//35 1322//35 1323//35
f  1323//35 1322//35 1324//35
f  1323//35 1324//35 1325//35
f  1325//35 1324//35 1326//35
f  1325//35 1326//35 1327//35
f  1327//35 1326//35 1328//35
f  1327//35 1328//35 1329//35
f  1329//35 1328//35 1330//35
f  1329//35 1330//35 1331//35
f  1331//35 1330//35 1332//35
f  1331//35 1332//35 1314//35
f  1314//35 1332//35 1333//35
f  1314//35 1333//35 1313//35
f  1291//2110 170//2110 691//2110
f  691//2111 170//2111 169//2111
f  628//2112 637//2112 1292//2112
f  1292//2113 637//2113 315//2113
f  1319//2114 1321//2114 1334//2114
f  1291//2115 691//2115 1335//2115
f  1291//2116 1335//2116 1296//2116
f  1296//2117 1335//2117 1336//2117
f  1296//2118 1336//2118 1298//2118
f  1336//2119 1337//2119 1298//2119
f  1298//2120 1337//2120 1338//2120
f  1298//2121 1338//2121 1300//2121
f  1338//2122 1339//2122 1300//2122
f  1300//2123 1339//2123 1340//2123
f  1300//2124 1340//2124 1302//2124
f  1302//2124 1340//2124 1341//2124
f  1302//2125 1341//2125 1304//2125
f  1341//2126 1342//2126 1304//2126
f  1304//2127 1342//2127 1343//2127
f  1304//2128 1343//2128 1306//2128
f  1343//2129 1344//2129 1306//2129
f  1306//2130 1344//2130 1345//2130
f  1306//2131 1345//2131 1308//2131
f  1308//2131 1345//2131 1346//2131
f  1308//2132 1346//2132 1310//2132
f  1346//2132 1347//2132 1310//2132
f  1310//2133 1347//2133 1348//2133
f  1310//2134 1348//2134 1312//2134
f  1312//2135 1348//2135 1349//2135
f  1312//2136 1349//2136 1314//2136
f  1314//2137 1349//2137 1350//2137
f  1314//2138 1350//2138 1331//2138
f  1331//2139 1350//2139 1351//2139
f  1331//2140 1351//2140 1329//2140
f  1351//2141 1352//2141 1329//2141
f  1329//2142 1352//2142 1353//2142
f  1329//2143 1353//2143 1327//2143
f  1327//2143 1353//2143 1354//2143
f  1327//2144 1354//2144 1325//2144
f  1354//2144 1355//2144 1325//2144
f  1325//2145 1355//2145 1356//2145
f  1325//2146 1356//2146 1323//2146
f  1356//2147 1357//2147 1323//2147
f  1323//2148 1357//2148 1358//2148
f  1323//2149 1358//2149 1321//2149
f  1321//2150 1358//2150 1359//2150
f  1321//2151 1359//2151 1334//2151
f  1360//2152 1317//2152 1361//2152
f  1361//2153 1317//2153 1319//2153
f  1361//2154 1319//2154 1362//2154
f  1362//2114 1319//2114 1334//2114
f  629//2155 1293//2155 1363//2155
f  1363//2156 1293//2156 1315//2156
f  1363//2157 1315//2157 1364//2157
f  1364//2158 1315//2158 1317//2158
f  1364//2159 1317//2159 1365//2159
f  1365//2160 1317//2160 1360//2160
f  1366//2161 1367//2161 1368//2161
f  1369//2162 1370//2162 1371//2162
f  1372//2163 1373//2163 1369//2163
f  1374//2164 1375//2164 1371//2164
f  1371//2165 1375//2165 1376//2165
f  1371//2166 1376//2166 1369//2166
f  1369//2167 1376//2167 1377//2167
f  1369//2168 1377//2168 1372//2168
f  1378//2169 1379//2169 1380//2169
f  1380//2170 1379//2170 1381//2170
f  1380//2171 1381//2171 1374//2171
f  1382//2172 1383//2172 1384//2172
f  1384//2173 1383//2173 1385//2173
f  1384//2174 1385//2174 1386//2174
f  1387//2175 1388//2175 1389//2175
f  1389//2176 1388//2176 1390//2176
f  1389//2177 1390//2177 1391//2177
f  1368//2178 1367//2178 1392//2178
f  1392//2179 1367//2179 1393//2179
f  1392//2180 1393//2180 1394//2180
f  1395//2181 1396//2181 1393//2181
f  1393//2182 1396//2182 1397//2182
f  1393//2183 1397//2183 1394//2183
f  1398//2184 1399//2184 1400//2184
f  1400//2185 1399//2185 1401//2185
f  1400//2186 1401//2186 1395//2186
f  1395//2187 1401//2187 1402//2187
f  1395//2188 1402//2188 1396//2188
f  1398//2189 1400//2189 1403//2189
f  1403//2190 1400//2190 1404//2190
f  1403//2191 1404//2191 1405//2191
f  1405//2192 1404//2192 1406//2192
f  1406//2193 1404//2193 1407//2193
f  1406//2194 1407//2194 1408//2194
f  1409//2195 1410//2195 1411//2195
f  1411//2196 1410//2196 1412//2196
f  1411//2197 1412//2197 1413//2197
f  1409//2198 1414//2198 1410//2198
f  1410//2199 1414//2199 1415//2199
f  1410//2200 1415//2200 1407//2200
f  1407//2201 1415//2201 1416//2201
f  1407//2202 1416//2202 1408//2202
f  1417//2203 1418//2203 1419//2203
f  1419//2204 1418//2204 1420//2204
f  1419//2205 1420//2205 1421//2205
f  1421//2206 1420//2206 1422//2206
f  1423//2207 1424//2207 1425//2207
f  1425//2208 1426//2208 1423//2208
f  1423//2209 1426//2209 1427//2209
f  1423//2210 1427//2210 1428//2210
f  1429//2211 1430//2211 1431//2211
f  1431//2212 1430//2212 1432//2212
f  1431//2213 1432//2213 1433//2213
f  1434//2214 1435//2214 1436//2214
f  1436//2215 1435//2215 1437//2215
f  1436//2216 1437//2216 1438//2216
f  1439//2217 1440//2217 1441//2217
f  1441//2218 1440//2218 1434//2218
f  1441//2219 1434//2219 1442//2219
f  1442//2220 1434//2220 1436//2220
f  1442//2221 1436//2221 1443//2221
f  1443//2222 1436//2222 1444//2222
f  1443//2223 1444//2223 1445//2223
f  1445//2224 1444//2224 1446//2224
f  1446//2225 1444//2225 1447//2225
f  1447//2226 1444//2226 1448//2226
f  1447//2227 1448//2227 1449//2227
f  1449//2228 1448//2228 1450//2228
f  1450//2229 1448//2229 1451//2229
f  1450//2230 1451//2230 1452//2230
f  1453//2231 1454//2231 1455//2231
f  1455//2232 1454//2232 1456//2232
f  1455//2233 1456//2233 1451//2233
f  1451//2234 1456//2234 1457//2234
f  1451//2235 1457//2235 1452//2235
f  1458//2236 1459//2236 1460//2236
f  1460//2237 1459//2237 1461//2237
f  1460//2238 1461//2238 1453//2238
f  1453//2239 1461//2239 1462//2239
f  1453//2240 1462//2240 1454//2240
f  1458//2241 1460//2241 1463//2241
f  1463//2242 1460//2242 1464//2242
f  1463//2243 1464//2243 1465//2243
f  1465//2244 1464//2244 1466//2244
f  1466//2245 1464//2245 1467//2245
f  1466//2246 1467//2246 1468//2246
f  1469//2247 1470//2247 1467//2247
f  1467//2248 1470//2248 1471//2248
f  1467//2249 1471//2249 1468//2249
f  1472//2250 1473//2250 1469//2250
f  1469//2251 1473//2251 1474//2251
f  1469//2252 1474//2252 1470//2252
f  1475//2253 1476//2253 1472//2253
f  1472//2254 1476//2254 1477//2254
f  1472//2255 1477//2255 1473//2255
f  1478//2256 1479//2256 1475//2256
f  1475//2257 1479//2257 1480//2257
f  1475//2258 1480//2258 1476//2258
f  1370//2259 1481//2259 1371//2259
f  1371//2260 1481//2260 1482//2260
f  1371//2261 1482//2261 1478//2261
f  1478//2262 1482//2262 1483//2262
f  1478//2263 1483//2263 1479//2263
f  1387//2264 1389//2264 1366//2264
f  1366//2265 1389//2265 1484//2265
f  1366//2266 1484//2266 1367//2266
f  1367//2267 1484//2267 1485//2267
f  1367//2268 1485//2268 1393//2268
f  1393//2269 1485//2269 1486//2269
f  1393//2270 1486//2270 1395//2270
f  1395//2271 1486//2271 1487//2271
f  1395//2272 1487//2272 1400//2272
f  1400//2273 1487//2273 1488//2273
f  1400//2274 1488//2274 1404//2274
f  1404//2275 1488//2275 1489//2275
f  1404//2276 1489//2276 1407//2276
f  1407//2277 1489//2277 1490//2277
f  1407//2278 1490//2278 1410//2278
f  1410//2279 1490//2279 1418//2279
f  1410//2280 1418//2280 1412//2280
f  1412//2281 1418//2281 1417//2281
f  1412//2282 1417//2282 1413//2282
f  1382//2283 1384//2283 1391//2283
f  1391//2284 1384//2284 1491//2284
f  1391//2285 1491//2285 1389//2285
f  1389//2286 1491//2286 1492//2286
f  1389//2287 1492//2287 1484//2287
f  1484//2288 1492//2288 1493//2288
f  1484//2289 1493//2289 1485//2289
f  1485//2290 1493//2290 1494//2290
f  1485//2291 1494//2291 1486//2291
f  1486//2292 1494//2292 1495//2292
f  1486//2293 1495//2293 1487//2293
f  1487//2294 1495//2294 1496//2294
f  1487//2295 1496//2295 1488//2295
f  1488//2296 1496//2296 1497//2296
f  1488//2297 1497//2297 1489//2297
f  1489//2298 1497//2298 1498//2298
f  1489//2299 1498//2299 1490//2299
f  1490//2300 1498//2300 1499//2300
f  1490//2301 1499//2301 1418//2301
f  1418//2302 1499//2302 1428//2302
f  1418//2303 1428//2303 1420//2303
f  1420//2304 1428//2304 1427//2304
f  1420//2305 1427//2305 1422//2305
f  1378//2306 1380//2306 1386//2306
f  1386//2307 1380//2307 1500//2307
f  1386//2308 1500//2308 1384//2308
f  1384//2309 1500//2309 1501//2309
f  1384//2310 1501//2310 1491//2310
f  1491//2311 1501//2311 1502//2311
f  1491//2312 1502//2312 1492//2312
f  1492//2313 1502//2313 1503//2313
f  1492//2314 1503//2314 1493//2314
f  1493//2315 1503//2315 1504//2315
f  1493//2316 1504//2316 1494//2316
f  1494//2317 1504//2317 1505//2317
f  1494//2318 1505//2318 1495//2318
f  1495//2319 1505//2319 1506//2319
f  1495//2320 1506//2320 1496//2320
f  1496//2321 1506//2321 1507//2321
f  1496//2322 1507//2322 1497//2322
f  1497//2323 1507//2323 1508//2323
f  1497//2324 1508//2324 1498//2324
f  1498//2325 1508//2325 1509//2325
f  1498//2326 1509//2326 1499//2326
f  1499//2327 1509//2327 1510//2327
f  1499//2328 1510//2328 1428//2328
f  1428//2329 1510//2329 1433//2329
f  1428//2330 1433//2330 1423//2330
f  1423//2331 1433//2331 1432//2331
f  1423//2332 1432//2332 1424//2332
f  1374//2333 1371//2333 1380//2333
f  1380//2334 1371//2334 1478//2334
f  1380//2335 1478//2335 1500//2335
f  1500//2336 1478//2336 1475//2336
f  1500//2337 1475//2337 1501//2337
f  1501//2338 1475//2338 1472//2338
f  1501//2339 1472//2339 1502//2339
f  1502//2340 1472//2340 1469//2340
f  1502//2341 1469//2341 1503//2341
f  1503//2342 1469//2342 1467//2342
f  1503//2343 1467//2343 1504//2343
f  1504//2344 1467//2344 1464//2344
f  1504//2345 1464//2345 1505//2345
f  1505//2346 1464//2346 1460//2346
f  1505//2347 1460//2347 1506//2347
f  1506//2348 1460//2348 1453//2348
f  1506//2349 1453//2349 1507//2349
f  1507//2350 1453//2350 1455//2350
f  1507//2351 1455//2351 1508//2351
f  1508//2352 1455//2352 1451//2352
f  1508//2353 1451//2353 1509//2353
f  1509//2354 1451//2354 1448//2354
f  1509//2355 1448//2355 1510//2355
f  1510//2356 1448//2356 1444//2356
f  1510//2357 1444//2357 1433//2357
f  1433//2358 1444//2358 1436//2358
f  1433//2359 1436//2359 1431//2359
f  1431//2360 1436//2360 1438//2360
f  1431//2361 1438//2361 1429//2361
f  1511//2362 1512//2362 1295//2362
f  1295//2363 1512//2363 1288//2363
f  1288//2364 1512//2364 1513//2364
f  1288//2365 1513//2365 1289//2365
f  1511//2366 1295//2366 1439//2366
f  1439//2367 1295//2367 1297//2367
f  1439//2368 1297//2368 1440//2368
f  1438//2369 1437//2369 1299//2369
f  1299//2370 1437//2370 1435//2370
f  1299//2371 1435//2371 1297//2371
f  1297//2372 1435//2372 1434//2372
f  1297//2373 1434//2373 1440//2373
f  1438//2374 1299//2374 1429//2374
f  1429//2375 1299//2375 1301//2375
f  1429//2376 1301//2376 1430//2376
f  1426//2377 1425//2377 1303//2377
f  1303//2378 1425//2378 1424//2378
f  1303//2379 1424//2379 1301//2379
f  1301//2380 1424//2380 1432//2380
f  1301//2381 1432//2381 1430//2381
f  1426//2382 1303//2382 1427//2382
f  1427//2383 1303//2383 1305//2383
f  1427//2384 1305//2384 1422//2384
f  1413//2385 1417//2385 1307//2385
f  1307//2386 1417//2386 1419//2386
f  1307//2387 1419//2387 1305//2387
f  1305//2388 1419//2388 1421//2388
f  1305//2389 1421//2389 1422//2389
f  1413//2390 1307//2390 1411//2390
f  1411//2391 1307//2391 1309//2391
f  1411//2392 1309//2392 1409//2392
f  1311//2393 1416//2393 1415//2393
f  1311//2394 1415//2394 1309//2394
f  1309//2395 1415//2395 1414//2395
f  1309//2396 1414//2396 1409//2396
f  1313//2397 1406//2397 1311//2397
f  1311//2398 1406//2398 1408//2398
f  1311//2399 1408//2399 1416//2399
f  1399//2400 1398//2400 1333//2400
f  1333//2401 1398//2401 1403//2401
f  1333//2402 1403//2402 1313//2402
f  1313//2403 1403//2403 1405//2403
f  1313//2404 1405//2404 1406//2404
f  1397//2405 1396//2405 1332//2405
f  1332//2406 1396//2406 1402//2406
f  1332//2407 1402//2407 1333//2407
f  1333//2408 1402//2408 1401//2408
f  1333//2409 1401//2409 1399//2409
f  1397//2410 1332//2410 1394//2410
f  1394//2411 1332//2411 1330//2411
f  1394//2412 1330//2412 1392//2412
f  1388//2413 1387//2413 1328//2413
f  1328//2414 1387//2414 1366//2414
f  1328//2415 1366//2415 1330//2415
f  1330//2416 1366//2416 1368//2416
f  1330//2417 1368//2417 1392//2417
f  1388//2418 1328//2418 1390//2418
f  1390//2419 1328//2419 1326//2419
f  1390//2420 1326//2420 1391//2420
f  1324//2421 1385//2421 1383//2421
f  1324//2422 1383//2422 1326//2422
f  1326//2423 1383//2423 1382//2423
f  1326//2424 1382//2424 1391//2424
f  1322//2425 1378//2425 1324//2425
f  1324//2426 1378//2426 1386//2426
f  1324//2427 1386//2427 1385//2427
f  1375//2428 1374//2428 1320//2428
f  1320//2429 1374//2429 1381//2429
f  1320//2430 1381//2430 1322//2430
f  1322//2431 1381//2431 1379//2431
f  1322//2432 1379//2432 1378//2432
f  1373//2433 1372//2433 1318//2433
f  1318//2434 1372//2434 1377//2434
f  1318//2435 1377//2435 1320//2435
f  1320//2436 1377//2436 1376//2436
f  1320//2437 1376//2437 1375//2437
f  1316//2438 1287//2438 1286//2438
f  1286//2439 1514//2439 1316//2439
f  1316//2440 1514//2440 1515//2440
f  1316//2441 1515//2441 1318//2441
f  1318//2442 1515//2442 1516//2442
f  1318//2443 1516//2443 1373//2443
f  1364//2444 1365//2444 1517//2444
f  1360//2445 1361//2445 1518//2445
f  1359//2446 1358//2446 1519//2446
f  1346//2447 1520//2447 1521//2447
f  1520//2448 1346//2448 1345//2448
f  1338//2449 1337//2449 1522//2449
f  1335//2450 1523//2450 1336//2450
f  1524//2451 630//2451 629//2451
f  630//2452 1524//2452 640//2452
f  640//2453 1524//2453 1525//2453
f  640//2454 1525//2454 638//2454
f  638//2455 1525//2455 655//2455
f  655//2456 1525//2456 1526//2456
f  655//2457 1526//2457 653//2457
f  1527//2458 649//2458 1526//2458
f  1526//2459 649//2459 651//2459
f  1526//2460 651//2460 653//2460
f  642//2461 641//2461 1528//2461
f  1528//2462 641//2462 645//2462
f  1528//2463 645//2463 1527//2463
f  1527//2464 645//2464 647//2464
f  1527//2465 647//2465 649//2465
f  660//2466 662//2466 1529//2466
f  1529//2467 662//2467 664//2467
f  1529//2468 664//2468 1528//2468
f  1528//2469 664//2469 665//2469
f  1528//2470 665//2470 642//2470
f  660//2471 1529//2471 658//2471
f  658//2472 1529//2472 1530//2472
f  658//2473 1530//2473 666//2473
f  666//2474 1530//2474 667//2474
f  667//2475 1530//2475 1531//2475
f  667//2476 1531//2476 669//2476
f  669//2477 1531//2477 681//2477
f  681//2478 1531//2478 1532//2478
f  681//2479 1532//2479 680//2479
f  680//2480 1532//2480 679//2480
f  679//2481 1532//2481 1533//2481
f  679//2482 1533//2482 678//2482
f  674//2483 675//2483 1534//2483
f  1534//2484 675//2484 676//2484
f  1534//2485 676//2485 1533//2485
f  1533//2486 676//2486 677//2486
f  1533//2487 677//2487 678//2487
f  674//2488 1534//2488 673//2488
f  673//2489 1534//2489 1535//2489
f  673//2490 1535//2490 687//2490
f  1536//2491 685//2491 1535//2491
f  1535//2492 685//2492 686//2492
f  1535//2493 686//2493 687//2493
f  690//2494 682//2494 1537//2494
f  1537//2495 682//2495 683//2495
f  1537//2496 683//2496 1536//2496
f  1536//2497 683//2497 684//2497
f  1536//2498 684//2498 685//2498
f  690//2499 1537//2499 689//2499
f  689//2500 1537//2500 1523//2500
f  689//2501 1523//2501 688//2501
f  688//2502 1523//2502 1335//2502
f  688//2503 1335//2503 691//2503
f  1340//2504 1538//2504 1341//2504
f  1341//2505 1538//2505 1539//2505
f  1341//2506 1539//2506 1342//2506
f  1540//2507 1344//2507 1541//2507
f  1541//2508 1344//2508 1343//2508
f  1354//2509 1353//2509 1542//2509
f  1542//2510 1353//2510 1352//2510
f  1542//2511 1352//2511 1543//2511
f  1543//2512 1352//2512 1351//2512
f  1543//2513 1351//2513 1544//2513
f  1544//2514 1351//2514 1350//2514
f  1544//2515 1350//2515 1545//2515
f  1545//2516 1350//2516 1349//2516
f  1545//2517 1349//2517 1546//2517
f  1546//2518 1349//2518 1348//2518
f  1546//2519 1348//2519 1547//2519
f  1547//2520 1348//2520 1347//2520
f  1547//2521 1347//2521 1548//2521
f  1347//2522 1346//2522 1548//2522
f  1548//2523 1346//2523 1521//2523
f  1548//2524 1521//2524 1547//2524
f  1547//2525 1521//2525 1549//2525
f  1547//2526 1549//2526 1546//2526
f  1546//2527 1549//2527 1550//2527
f  1546//2528 1550//2528 1545//2528
f  1545//2529 1550//2529 1551//2529
f  1545//2530 1551//2530 1544//2530
f  1544//2531 1551//2531 1552//2531
f  1544//2532 1552//2532 1543//2532
f  1543//2533 1552//2533 1553//2533
f  1543//2534 1553//2534 1542//2534
f  1542//2535 1553//2535 1554//2535
f  1542//2536 1554//2536 1354//2536
f  1354//2537 1554//2537 1555//2537
f  1354//2538 1555//2538 1355//2538
f  1355//2539 1555//2539 1356//2539
f  1345//2540 1344//2540 1520//2540
f  1520//2541 1344//2541 1540//2541
f  1520//2542 1540//2542 1521//2542
f  1521//2543 1540//2543 1556//2543
f  1521//2544 1556//2544 1549//2544
f  1549//2545 1556//2545 1557//2545
f  1549//2546 1557//2546 1550//2546
f  1550//2547 1557//2547 1558//2547
f  1550//2548 1558//2548 1551//2548
f  1551//2549 1558//2549 1559//2549
f  1551//2550 1559//2550 1552//2550
f  1552//2551 1559//2551 1560//2551
f  1552//2552 1560//2552 1553//2552
f  1553//2553 1560//2553 1561//2553
f  1553//2554 1561//2554 1554//2554
f  1554//2555 1561//2555 1562//2555
f  1554//2556 1562//2556 1555//2556
f  1555//2557 1562//2557 1563//2557
f  1555//2558 1563//2558 1356//2558
f  1356//2559 1563//2559 1519//2559
f  1356//2560 1519//2560 1357//2560
f  1357//2561 1519//2561 1358//2561
f  1343//2562 1342//2562 1541//2562
f  1541//2563 1342//2563 1539//2563
f  1541//2564 1539//2564 1540//2564
f  1540//2565 1539//2565 1564//2565
f  1540//2566 1564//2566 1556//2566
f  1556//2567 1564//2567 1565//2567
f  1556//2568 1565//2568 1557//2568
f  1557//2569 1565//2569 1566//2569
f  1557//2570 1566//2570 1558//2570
f  1558//2571 1566//2571 1567//2571
f  1558//2572 1567//2572 1559//2572
f  1559//2573 1567//2573 1568//2573
f  1559//2574 1568//2574 1560//2574
f  1560//2575 1568//2575 1569//2575
f  1560//2576 1569//2576 1561//2576
f  1561//2577 1569//2577 1570//2577
f  1561//2578 1570//2578 1562//2578
f  1562//2579 1570//2579 1571//2579
f  1562//2580 1571//2580 1563//2580
f  1563//2581 1571//2581 1572//2581
f  1563//2582 1572//2582 1519//2582
f  1519//2583 1572//2583 1573//2583
f  1519//2584 1573//2584 1359//2584
f  1359//2585 1573//2585 1574//2585
f  1359//2586 1574//2586 1334//2586
f  1334//2587 1574//2587 1362//2587
f  1340//2588 1339//2588 1538//2588
f  1538//2589 1339//2589 1575//2589
f  1538//2590 1575//2590 1539//2590
f  1539//2591 1575//2591 1576//2591
f  1539//2592 1576//2592 1564//2592
f  1564//2593 1576//2593 1577//2593
f  1564//2594 1577//2594 1565//2594
f  1565//2595 1577//2595 1578//2595
f  1565//2596 1578//2596 1566//2596
f  1566//2597 1578//2597 1579//2597
f  1566//2598 1579//2598 1567//2598
f  1567//2599 1579//2599 1580//2599
f  1567//2600 1580//2600 1568//2600
f  1568//2601 1580//2601 1581//2601
f  1568//2602 1581//2602 1569//2602
f  1569//2603 1581//2603 1582//2603
f  1569//2604 1582//2604 1570//2604
f  1570//2605 1582//2605 1583//2605
f  1570//2606 1583//2606 1571//2606
f  1571//2607 1583//2607 1584//2607
f  1571//2608 1584//2608 1572//2608
f  1572//2609 1584//2609 1585//2609
f  1572//2610 1585//2610 1573//2610
f  1573//2611 1585//2611 1586//2611
f  1573//2612 1586//2612 1574//2612
f  1574//2613 1586//2613 1518//2613
f  1574//2614 1518//2614 1362//2614
f  1362//2615 1518//2615 1361//2615
f  1339//2616 1338//2616 1575//2616
f  1575//2617 1338//2617 1522//2617
f  1575//2618 1522//2618 1576//2618
f  1576//2619 1522//2619 1587//2619
f  1576//2620 1587//2620 1577//2620
f  1577//2621 1587//2621 1588//2621
f  1577//2622 1588//2622 1578//2622
f  1578//2623 1588//2623 1589//2623
f  1578//2624 1589//2624 1579//2624
f  1579//2625 1589//2625 1590//2625
f  1579//2626 1590//2626 1580//2626
f  1580//2627 1590//2627 1591//2627
f  1580//2628 1591//2628 1581//2628
f  1581//2629 1591//2629 1592//2629
f  1581//2630 1592//2630 1582//2630
f  1582//2631 1592//2631 1593//2631
f  1582//2632 1593//2632 1583//2632
f  1583//2633 1593//2633 1594//2633
f  1583//2634 1594//2634 1584//2634
f  1584//2635 1594//2635 1595//2635
f  1584//2636 1595//2636 1585//2636
f  1585//2637 1595//2637 1596//2637
f  1585//2638 1596//2638 1586//2638
f  1586//2639 1596//2639 1597//2639
f  1586//2640 1597//2640 1518//2640
f  1518//2641 1597//2641 1517//2641
f  1518//2642 1517//2642 1360//2642
f  1360//2643 1517//2643 1365//2643
f  629//2644 1363//2644 1524//2644
f  1524//2645 1363//2645 1364//2645
f  1524//2646 1364//2646 1525//2646
f  1525//2647 1364//2647 1517//2647
f  1525//2648 1517//2648 1526//2648
f  1526//2649 1517//2649 1597//2649
f  1526//2650 1597//2650 1527//2650
f  1527//2651 1597//2651 1596//2651
f  1527//2652 1596//2652 1528//2652
f  1528//2653 1596//2653 1595//2653
f  1528//2654 1595//2654 1529//2654
f  1529//2655 1595//2655 1594//2655
f  1529//2656 1594//2656 1530//2656
f  1530//2657 1594//2657 1593//2657
f  1530//2658 1593//2658 1531//2658
f  1531//2659 1593//2659 1592//2659
f  1531//2660 1592//2660 1532//2660
f  1532//2661 1592//2661 1591//2661
f  1532//2662 1591//2662 1533//2662
f  1533//2663 1591//2663 1590//2663
f  1533//2664 1590//2664 1534//2664
f  1534//2665 1590//2665 1589//2665
f  1534//2666 1589//2666 1535//2666
f  1535//2667 1589//2667 1588//2667
f  1535//2668 1588//2668 1536//2668
f  1536//2669 1588//2669 1587//2669
f  1536//2670 1587//2670 1537//2670
f  1537//2671 1587//2671 1522//2671
f  1537//2672 1522//2672 1523//2672
f  1523//2673 1522//2673 1337//2673
f  1523//2674 1337//2674 1336//2674
f  1457//2675 1456//2675 1598//2675
f  1370//2676 1369//2676 1599//2676
f  1599//2677 1369//2677 1373//2677
f  1599//2678 1373//2678 1516//2678
f  1370//2679 1599//2679 1481//2679
f  1481//2680 1599//2680 1600//2680
f  1481//2681 1600//2681 1482//2681
f  1601//2682 1479//2682 1600//2682
f  1600//2683 1479//2683 1483//2683
f  1600//2684 1483//2684 1482//2684
f  1474//2685 1473//2685 1602//2685
f  1602//2686 1473//2686 1477//2686
f  1602//2687 1477//2687 1603//2687
f  1603//2688 1477//2688 1476//2688
f  1603//2689 1476//2689 1601//2689
f  1601//2690 1476//2690 1480//2690
f  1601//2691 1480//2691 1479//2691
f  1604//2692 1466//2692 1468//2692
f  1604//2693 1468//2693 1605//2693
f  1474//2694 1602//2694 1470//2694
f  1470//2695 1602//2695 1606//2695
f  1470//2696 1606//2696 1471//2696
f  1458//2697 1463//2697 1607//2697
f  1607//2698 1463//2698 1465//2698
f  1458//2699 1607//2699 1459//2699
f  1459//2700 1607//2700 1608//2700
f  1459//2701 1608//2701 1461//2701
f  1461//2702 1608//2702 1609//2702
f  1461//2703 1609//2703 1462//2703
f  1598//2704 1456//2704 1609//2704
f  1609//2705 1456//2705 1454//2705
f  1609//2706 1454//2706 1462//2706
f  1446//2707 1447//2707 1610//2707
f  1610//2708 1447//2708 1449//2708
f  1610//2709 1449//2709 1611//2709
f  1611//2710 1449//2710 1450//2710
f  1611//2711 1450//2711 1452//2711
f  1446//2712 1610//2712 1445//2712
f  1445//2713 1610//2713 1612//2713
f  1445//2714 1612//2714 1443//2714
f  1443//2715 1612//2715 1613//2715
f  1443//2716 1613//2716 1442//2716
f  1442//2717 1613//2717 1441//2717
f  1441//2718 1613//2718 1511//2718
f  1441//2719 1511//2719 1439//2719
f  1614//2720 1122//2720 1615//2720
f  1615//2721 1122//2721 1123//2721
f  1615//2722 1123//2722 1616//2722
f  1616//2723 1123//2723 1124//2723
f  1616//2724 1124//2724 1289//2724
f  1289//2725 1124//2725 1125//2725
f  1617//2726 1126//2726 1618//2726
f  1618//2727 1126//2727 1127//2727
f  1618//2728 1127//2728 1619//2728
f  1619//2729 1127//2729 1121//2729
f  1619//2730 1121//2730 1614//2730
f  1614//2731 1121//2731 1120//2731
f  1614//2732 1120//2732 1122//2732
f  1620//2733 1128//2733 1621//2733
f  1621//2734 1128//2734 1129//2734
f  1621//2735 1129//2735 1622//2735
f  1622//2736 1129//2736 1130//2736
f  1622//2737 1130//2737 1617//2737
f  1617//2738 1130//2738 1131//2738
f  1617//2739 1131//2739 1126//2739
f  1623//2740 1134//2740 1624//2740
f  1624//2741 1134//2741 1135//2741
f  1624//2742 1135//2742 1625//2742
f  1625//2743 1135//2743 1133//2743
f  1625//2744 1133//2744 1620//2744
f  1620//2745 1133//2745 1132//2745
f  1620//2746 1132//2746 1128//2746
f  1626//2747 1138//2747 1623//2747
f  1623//2748 1138//2748 1139//2748
f  1623//2749 1139//2749 1134//2749
f  1137//2750 1627//2750 1136//2750
f  1136//2751 1627//2751 1628//2751
f  1136//2752 1628//2752 1142//2752
f  1142//2753 1628//2753 1141//2753
f  1141//2754 1628//2754 1286//2754
f  1141//2755 1286//2755 1140//2755
f  1629//2756 1598//2756 1630//2756
f  1630//2757 1598//2757 1609//2757
f  1630//2758 1609//2758 1631//2758
f  1631//2759 1609//2759 1608//2759
f  1631//2760 1608//2760 1632//2760
f  1632//2761 1608//2761 1607//2761
f  1632//2762 1607//2762 1604//2762
f  1604//2763 1607//2763 1465//2763
f  1604//2764 1465//2764 1466//2764
f  1512//2765 1511//2765 1633//2765
f  1633//2766 1511//2766 1613//2766
f  1633//2767 1613//2767 1634//2767
f  1634//2768 1613//2768 1612//2768
f  1634//2769 1612//2769 1635//2769
f  1635//2770 1612//2770 1610//2770
f  1635//2771 1610//2771 1636//2771
f  1636//2772 1610//2772 1611//2772
f  1513//2773 1512//2773 1637//2773
f  1637//2774 1512//2774 1633//2774
f  1637//2775 1633//2775 1638//2775
f  1638//2776 1633//2776 1634//2776
f  1638//2777 1634//2777 1639//2777
f  1639//2778 1634//2778 1635//2778
f  1639//2779 1635//2779 1640//2779
f  1640//2780 1635//2780 1636//2780
f  1640//2781 1636//2781 1629//2781
f  1629//2782 1636//2782 1611//2782
f  1629//2783 1611//2783 1598//2783
f  1598//2784 1611//2784 1452//2784
f  1598//2785 1452//2785 1457//2785
f  1514//2786 1286//2786 1641//2786
f  1641//2787 1286//2787 1628//2787
f  1641//2788 1628//2788 1642//2788
f  1642//2789 1628//2789 1627//2789
f  1642//2790 1627//2790 1626//2790
f  1626//2791 1627//2791 1137//2791
f  1626//2792 1137//2792 1138//2792
f  1468//2793 1471//2793 1605//2793
f  1605//2794 1471//2794 1606//2794
f  1605//2795 1606//2795 1643//2795
f  1643//2796 1606//2796 1602//2796
f  1643//2797 1602//2797 1644//2797
f  1644//2798 1602//2798 1603//2798
f  1644//2799 1603//2799 1645//2799
f  1645//2800 1603//2800 1601//2800
f  1645//2801 1601//2801 1646//2801
f  1646//2802 1601//2802 1600//2802
f  1646//2803 1600//2803 1647//2803
f  1647//2804 1600//2804 1599//2804
f  1647//2805 1599//2805 1515//2805
f  1515//2806 1599//2806 1516//2806
f  1289//2807 1513//2807 1616//2807
f  1616//2808 1513//2808 1637//2808
f  1616//2809 1637//2809 1615//2809
f  1615//2810 1637//2810 1638//2810
f  1615//2811 1638//2811 1614//2811
f  1614//2812 1638//2812 1639//2812
f  1614//2813 1639//2813 1619//2813
f  1619//2814 1639//2814 1640//2814
f  1619//2815 1640//2815 1618//2815
f  1618//2816 1640//2816 1629//2816
f  1618//2817 1629//2817 1617//2817
f  1617//2818 1629//2818 1630//2818
f  1617//2819 1630//2819 1622//2819
f  1622//2820 1630//2820 1631//2820
f  1622//2821 1631//2821 1621//2821
f  1621//2822 1631//2822 1632//2822
f  1621//2823 1632//2823 1620//2823
f  1620//2824 1632//2824 1604//2824
f  1620//2825 1604//2825 1625//2825
f  1625//2826 1604//2826 1605//2826
f  1625//2827 1605//2827 1624//2827
f  1624//2828 1605//2828 1643//2828
f  1624//2829 1643//2829 1623//2829
f  1623//2830 1643//2830 1644//2830
f  1623//2831 1644//2831 1626//2831
f  1626//2832 1644//2832 1645//2832
f  1626//2833 1645//2833 1642//2833
f  1642//2834 1645//2834 1646//2834
f  1642//2835 1646//2835 1641//2835
f  1641//2836 1646//2836 1647//2836
f  1641//2837 1647//2837 1514//2837
f  1514//2838 1647//2838 1515//2838
f  1292//2839 1293//2839 628//2839
f  628//2840 1293//2840 629//2840
f  1648//2841 97//2841 1649//2841
f  1649//2842 97//2842 108//2842
f  1649//2843 108//2843 172//2843
f  1065//2844 1064//2844 1648//2844
f  1648//2845 1064//2845 154//2845
f  1648//2846 154//2846 97//2846
f  172//2847 170//2847 1649//2847
f  1649//2848 170//2848 1290//2848
f  1649//2849 1290//2849 1648//2849
f  1648//2850 1290//2850 1294//2850
f  1648//2851 1294//2851 1065//2851
f  1065//2852 1294//2852 1066//2852
f  115//2853 1650//2853 116//2853
f  116//2854 1650//2854 98//2854
f  107//2855 106//2855 159//2855
f  159//2856 106//2856 105//2856
f  159//2857 105//2857 161//2857
f  161//2858 105//2858 104//2858
f  161//2859 104//2859 162//2859
f  162//2860 104//2860 103//2860
f  162//2861 103//2861 163//2861
f  163//2862 103//2862 96//2862
f  163//2863 96//2863 164//2863
f  164//2864 96//2864 95//2864
f  164//2865 95//2865 165//2865
f  165//2866 95//2866 102//2866
f  165//2867 102//2867 166//2867
f  166//2868 102//2868 101//2868
f  166//2869 101//2869 167//2869
f  167//2870 101//2870 168//2870
f  168//2871 101//2871 99//2871
f  168//2872 99//2872 155//2872
f  99//2873 98//2873 155//2873
f  155//2874 98//2874 1650//2874
f  155//2875 1650//2875 156//2875
f  156//2876 1650//2876 115//2876
f  156//2877 115//2877 173//2877
f  177//2878 176//2878 1651//2878
f  1651//2879 176//2879 174//2879
f  1651//2880 174//2880 173//2880
f  115//2881 114//2881 173//2881
f  173//2882 114//2882 113//2882
f  173//2883 113//2883 1651//2883
f  1651//2884 113//2884 112//2884
f  1651//2885 112//2885 177//2885
f  177//2886 112//2886 178//2886
f  112//2887 110//2887 178//2887
f  178//2888 110//2888 109//2888
f  178//2889 109//2889 1652//2889
f  1652//2890 109//2890 121//2890
f  1652//2891 121//2891 120//2891
f  117//2892 1653//2892 118//2892
f  118//2893 1653//2893 181//2893
f  118//2894 181//2894 120//2894
f  120//2895 181//2895 180//2895
f  120//2896 180//2896 1652//2896
f  1652//2897 180//2897 179//2897
f  1652//2898 179//2898 178//2898
f  185//2899 184//2899 1653//2899
f  1653//2900 184//2900 183//2900
f  1653//2901 183//2901 181//2901
f  92//2902 141//2902 1654//2902
f  1654//2903 141//2903 140//2903
f  140//2904 200//2904 1654//2904
f  1654//2905 200//2905 199//2905
f  1654//2906 199//2906 1655//2906
f  1655//2907 199//2907 194//2907
f  1655//2908 194//2908 196//2908
f  202//2909 1656//2909 203//2909
f  203//2910 1656//2910 1657//2910
f  203//2911 1657//2911 205//2911
f  205//2912 1657//2912 1658//2912
f  205//2913 1658//2913 206//2913
f  206//2914 1658//2914 145//2914
f  206//2915 145//2915 208//2915
f  145//2916 144//2916 208//2916
f  208//2917 144//2917 143//2917
f  208//2918 143//2918 209//2918
f  209//2919 143//2919 1659//2919
f  209//2920 1659//2920 210//2920
f  210//2921 1659//2921 211//2921
f  143//2922 90//2922 1659//2922
f  1659//2923 90//2923 89//2923
f  1659//2924 89//2924 211//2924
f  211//2925 89//2925 147//2925
f  211//2926 147//2926 213//2926
f  138//2927 1656//2927 140//2927
f  140//2928 1656//2928 202//2928
f  140//2929 202//2929 200//2929
f  138//2930 136//2930 1656//2930
f  1656//2931 136//2931 134//2931
f  1656//2932 134//2932 1657//2932
f  1657//2933 134//2933 133//2933
f  1657//2934 133//2934 1658//2934
f  1658//2935 133//2935 132//2935
f  1658//2936 132//2936 145//2936
f  123//2937 126//2937 1660//2937
f  1660//2938 126//2938 125//2938
f  189//2939 188//2939 1661//2939
f  1661//2940 188//2940 186//2940
f  1661//2941 186//2941 1660//2941
f  1660//2942 186//2942 185//2942
f  1660//2943 185//2943 123//2943
f  123//2944 185//2944 1653//2944
f  123//2945 1653//2945 122//2945
f  122//2946 1653//2946 117//2946
f  1655//2947 1662//2947 1654//2947
f  1654//2948 1662//2948 1663//2948
f  1654//2949 1663//2949 92//2949
f  92//2950 1663//2950 1664//2950
f  92//2951 1664//2951 124//2951
f  196//2952 192//2952 1655//2952
f  1655//2953 192//2953 191//2953
f  1655//2954 191//2954 1662//2954
f  1662//2955 191//2955 189//2955
f  1662//2956 189//2956 1663//2956
f  1663//2957 189//2957 1661//2957
f  1663//2958 1661//2958 1664//2958
f  1664//2959 1661//2959 1660//2959
f  1664//2960 1660//2960 124//2960
f  124//2961 1660//2961 125//2961
f  1003//2962 1002//2962 1665//2962
f  1666//2963 1667//2963 1668//2963
f  1669//2964 1670//2964 1671//2964
f  1672//2965 1673//2965 1674//2965
f  1674//2966 1673//2966 1675//2966
f  1676//2967 1677//2967 1678//2967
f  1678//2968 1677//2968 1679//2968
f  1678//2969 1679//2969 1680//2969
f  1680//2970 1679//2970 1675//2970
f  1681//2971 1682//2971 1683//2971
f  1683//2972 1682//2972 1684//2972
f  1683//2973 1684//2973 1676//2973
f  1676//2974 1684//2974 1685//2974
f  1676//2975 1685//2975 1677//2975
f  1686//2976 1687//2976 1688//2976
f  1689//2977 1690//2977 1691//2977
f  1692//2978 1693//2978 1694//2978
f  1694//2979 1693//2979 1695//2979
f  1694//2980 1695//2980 1696//2980
f  1696//2981 1695//2981 1697//2981
f  1696//2982 1697//2982 1698//2982
f  1692//2983 1694//2983 1699//2983
f  1699//2984 1694//2984 1700//2984
f  1699//2985 1700//2985 1701//2985
f  1702//2986 1703//2986 1704//2986
f  1705//2987 1706//2987 1707//2987
f  1707//2988 1706//2988 1708//2988
f  1705//2989 1707//2989 1709//2989
f  1709//2990 1707//2990 1710//2990
f  1709//2991 1710//2991 1711//2991
f  1711//2992 1710//2992 1712//2992
f  1712//2993 1710//2993 1713//2993
f  1712//2994 1713//2994 1714//2994
f  1714//2995 1713//2995 1715//2995
f  1715//2996 1713//2996 1716//2996
f  1715//2997 1716//2997 1717//2997
f  1669//2998 1718//2998 1670//2998
f  1670//2999 1718//2999 1719//2999
f  1670//3000 1719//3000 1716//3000
f  1716//3001 1719//3001 1720//3001
f  1716//3002 1720//3002 1717//3002
f  1721//3003 1722//3003 1723//3003
f  1723//3004 1722//3004 1724//3004
f  1723//3005 1724//3005 1671//3005
f  1671//3006 1724//3006 1725//3006
f  1671//3007 1725//3007 1669//3007
f  1721//3008 1723//3008 1726//3008
f  1726//3009 1723//3009 1727//3009
f  1726//3010 1727//3010 1728//3010
f  1728//3011 1727//3011 1729//3011
f  1729//3012 1727//3012 1730//3012
f  1729//3013 1730//3013 1731//3013
f  1731//3014 1730//3014 1732//3014
f  1732//3015 1730//3015 1733//3015
f  1732//3016 1733//3016 1734//3016
f  1666//3017 1735//3017 1667//3017
f  1667//3018 1735//3018 1736//3018
f  1667//3019 1736//3019 1733//3019
f  1733//3020 1736//3020 1737//3020
f  1733//3021 1737//3021 1734//3021
f  1738//3022 1739//3022 1740//3022
f  1740//3023 1739//3023 1741//3023
f  1740//3024 1741//3024 1668//3024
f  1668//3025 1741//3025 1742//3025
f  1668//3026 1742//3026 1666//3026
f  1738//3027 1740//3027 1743//3027
f  1743//3028 1740//3028 1744//3028
f  1743//3029 1744//3029 1745//3029
f  1745//3030 1744//3030 1746//3030
f  1746//3031 1744//3031 1747//3031
f  1746//3032 1747//3032 1748//3032
f  1748//3033 1747//3033 1749//3033
f  1749//3034 1747//3034 1750//3034
f  1749//3035 1750//3035 1751//3035
f  896//3036 380//3036 1752//3036
f  1752//3037 380//3037 1753//3037
f  1752//3038 1753//3038 1750//3038
f  1750//3039 1753//3039 1754//3039
f  1750//3040 1754//3040 1751//3040
f  497//3041 894//3041 1755//3041
f  1755//3042 894//3042 1756//3042
f  1755//3043 1756//3043 1757//3043
f  1757//3044 1756//3044 1758//3044
f  1759//3045 1760//3045 1758//3045
f  1758//3046 1760//3046 1761//3046
f  1758//3047 1761//3047 1757//3047
f  1762//3048 1763//3048 1759//3048
f  1759//3049 1763//3049 1764//3049
f  1759//3050 1764//3050 1760//3050
f  1765//3051 1766//3051 1767//3051
f  1767//3052 1766//3052 1768//3052
f  1767//3053 1768//3053 1762//3053
f  1762//3054 1768//3054 1769//3054
f  1762//3055 1769//3055 1763//3055
f  1770//3056 1771//3056 1765//3056
f  1765//3057 1771//3057 1772//3057
f  1765//3058 1772//3058 1766//3058
f  1773//3059 1774//3059 1775//3059
f  1775//3060 1774//3060 1776//3060
f  1775//3061 1776//3061 1770//3061
f  1770//3062 1776//3062 1777//3062
f  1770//3063 1777//3063 1771//3063
f  1778//3064 1779//3064 1773//3064
f  1773//3065 1779//3065 1780//3065
f  1773//3066 1780//3066 1774//3066
f  1781//3067 1782//3067 1783//3067
f  1783//3068 1782//3068 1784//3068
f  1783//3069 1784//3069 1778//3069
f  1778//3070 1784//3070 1785//3070
f  1778//3071 1785//3071 1779//3071
f  1786//3072 1787//3072 1788//3072
f  1788//3073 1787//3073 1789//3073
f  1788//3074 1789//3074 1781//3074
f  1781//3075 1789//3075 1790//3075
f  1781//3076 1790//3076 1782//3076
f  1786//3077 1788//3077 1791//3077
f  1791//3078 1788//3078 1792//3078
f  1791//3079 1792//3079 1793//3079
f  1793//3080 1792//3080 1794//3080
f  1793//3081 1794//3081 1795//3081
f  1796//3082 1797//3082 1794//3082
f  1794//3083 1797//3083 1798//3083
f  1794//3084 1798//3084 1795//3084
f  1799//3085 1800//3085 1796//3085
f  1796//3086 1800//3086 1801//3086
f  1796//3087 1801//3087 1797//3087
f  1802//3088 1803//3088 1804//3088
f  1805//3089 1806//3089 1807//3089
f  1807//3090 1806//3090 1808//3090
f  1805//3091 1807//3091 1809//3091
f  1809//3092 1807//3092 1810//3092
f  1809//3093 1810//3093 1811//3093
f  1811//3094 1810//3094 1812//3094
f  1811//3095 1812//3095 1813//3095
f  1814//3096 1815//3096 1816//3096
f  1816//3097 1815//3097 1817//3097
f  1816//3098 1817//3098 1818//3098
f  1819//3099 1820//3099 1821//3099
f  1821//3100 1820//3100 1822//3100
f  1821//3101 1822//3101 1823//3101
f  1824//3102 1825//3102 1826//3102
f  1826//3103 1825//3103 1827//3103
f  1826//3104 1827//3104 1828//3104
f  1815//3105 1829//3105 1817//3105
f  1817//3106 1829//3106 1830//3106
f  1817//3107 1830//3107 1818//3107
f  1818//3108 1830//3108 1831//3108
f  1818//3109 1831//3109 1832//3109
f  1832//3110 1831//3110 1833//3110
f  1832//3111 1833//3111 1834//3111
f  1834//3112 1833//3112 1835//3112
f  1834//3113 1835//3113 1836//3113
f  1835//3114 1837//3114 1836//3114
f  1836//3115 1837//3115 1838//3115
f  1836//3116 1838//3116 1839//3116
f  1839//3117 1838//3117 1840//3117
f  1839//3118 1840//3118 1841//3118
f  1842//3119 1843//3119 1844//3119
f  1844//3120 1843//3120 1845//3120
f  1846//3121 1847//3121 1848//3121
f  1849//3122 1850//3122 1851//3122
f  1823//3123 1814//3123 1821//3123
f  1821//3124 1814//3124 1816//3124
f  1821//3125 1816//3125 1852//3125
f  1852//3126 1816//3126 1818//3126
f  1852//3127 1818//3127 1853//3127
f  1853//3128 1818//3128 1832//3128
f  1853//3129 1832//3129 1854//3129
f  1854//3130 1832//3130 1834//3130
f  1854//3131 1834//3131 1855//3131
f  1855//3132 1834//3132 1836//3132
f  1855//3133 1836//3133 1856//3133
f  1856//3134 1836//3134 1839//3134
f  1856//3135 1839//3135 1844//3135
f  1844//3136 1839//3136 1841//3136
f  1844//3137 1841//3137 1842//3137
f  1819//3138 1821//3138 1857//3138
f  1857//3139 1821//3139 1852//3139
f  1857//3140 1852//3140 1858//3140
f  1858//3141 1852//3141 1853//3141
f  1858//3142 1853//3142 1859//3142
f  1859//3143 1853//3143 1854//3143
f  1859//3144 1854//3144 1860//3144
f  1860//3145 1854//3145 1855//3145
f  1860//3146 1855//3146 1861//3146
f  1861//3147 1855//3147 1856//3147
f  1861//3148 1856//3148 1862//3148
f  1862//3149 1856//3149 1844//3149
f  1862//3150 1844//3150 1846//3150
f  1846//3151 1844//3151 1845//3151
f  1846//3152 1845//3152 1847//3152
f  1828//3153 1820//3153 1826//3153
f  1826//3154 1820//3154 1819//3154
f  1826//3155 1819//3155 1863//3155
f  1863//3156 1819//3156 1857//3156
f  1863//3157 1857//3157 1864//3157
f  1864//3158 1857//3158 1858//3158
f  1864//3159 1858//3159 1865//3159
f  1865//3160 1858//3160 1859//3160
f  1865//3161 1859//3161 1866//3161
f  1866//3162 1859//3162 1860//3162
f  1866//3163 1860//3163 1867//3163
f  1867//3164 1860//3164 1861//3164
f  1867//3165 1861//3165 1868//3165
f  1868//3166 1861//3166 1862//3166
f  1868//3167 1862//3167 1869//3167
f  1869//3168 1862//3168 1846//3168
f  1869//3169 1846//3169 1849//3169
f  1849//3170 1846//3170 1848//3170
f  1849//3171 1848//3171 1850//3171
f  1824//3172 1826//3172 1870//3172
f  1870//3173 1826//3173 1863//3173
f  1870//3174 1863//3174 1871//3174
f  1871//3175 1863//3175 1864//3175
f  1871//3176 1864//3176 1872//3176
f  1872//3177 1864//3177 1865//3177
f  1872//3178 1865//3178 1873//3178
f  1873//3179 1865//3179 1866//3179
f  1873//3180 1866//3180 1874//3180
f  1874//3181 1866//3181 1867//3181
f  1874//3182 1867//3182 1875//3182
f  1875//3183 1867//3183 1868//3183
f  1875//3184 1868//3184 1876//3184
f  1876//3185 1868//3185 1869//3185
f  1876//3186 1869//3186 1877//3186
f  1877//3187 1869//3187 1849//3187
f  1877//3188 1849//3188 1812//3188
f  1812//3189 1849//3189 1851//3189
f  1812//3190 1851//3190 1813//3190
f  1672//3191 1825//3191 1673//3191
f  1673//3192 1825//3192 1824//3192
f  1673//3193 1824//3193 1878//3193
f  1878//3194 1824//3194 1870//3194
f  1878//3195 1870//3195 1879//3195
f  1879//3196 1870//3196 1871//3196
f  1879//3197 1871//3197 1880//3197
f  1880//3198 1871//3198 1872//3198
f  1880//3199 1872//3199 1881//3199
f  1881//3200 1872//3200 1873//3200
f  1881//3201 1873//3201 1882//3201
f  1882//3202 1873//3202 1874//3202
f  1882//3203 1874//3203 1883//3203
f  1883//3204 1874//3204 1875//3204
f  1883//3205 1875//3205 1884//3205
f  1884//3206 1875//3206 1876//3206
f  1884//3207 1876//3207 1885//3207
f  1885//3208 1876//3208 1877//3208
f  1885//3209 1877//3209 1886//3209
f  1886//3210 1877//3210 1812//3210
f  1886//3211 1812//3211 1887//3211
f  1887//3212 1812//3212 1810//3212
f  1887//3213 1810//3213 1888//3213
f  1888//3214 1810//3214 1807//3214
f  1888//3215 1807//3215 1802//3215
f  1802//3216 1807//3216 1808//3216
f  1802//3217 1808//3217 1803//3217
f  1675//3218 1673//3218 1680//3218
f  1680//3219 1673//3219 1878//3219
f  1680//3220 1878//3220 1678//3220
f  1678//3221 1878//3221 1879//3221
f  1678//3222 1879//3222 1676//3222
f  1676//3223 1879//3223 1880//3223
f  1676//3224 1880//3224 1683//3224
f  1683//3225 1880//3225 1881//3225
f  1683//3226 1881//3226 1681//3226
f  1681//3227 1881//3227 1882//3227
f  1681//3228 1882//3228 1889//3228
f  1889//3229 1882//3229 1883//3229
f  1889//3230 1883//3230 1890//3230
f  1890//3231 1883//3231 1884//3231
f  1890//3232 1884//3232 1891//3232
f  1891//3233 1884//3233 1885//3233
f  1891//3234 1885//3234 1892//3234
f  1892//3235 1885//3235 1886//3235
f  1892//3236 1886//3236 1893//3236
f  1893//3237 1886//3237 1887//3237
f  1893//3238 1887//3238 1894//3238
f  1894//3239 1887//3239 1888//3239
f  1894//3240 1888//3240 1895//3240
f  1895//3241 1888//3241 1802//3241
f  1895//3242 1802//3242 1799//3242
f  1799//3243 1802//3243 1804//3243
f  1799//3244 1804//3244 1800//3244
f  894//3245 970//3245 1756//3245
f  1756//3246 970//3246 1896//3246
f  1756//3247 1896//3247 1758//3247
f  1758//3248 1896//3248 1897//3248
f  1758//3249 1897//3249 1759//3249
f  1759//3250 1897//3250 1898//3250
f  1759//3251 1898//3251 1762//3251
f  1762//3252 1898//3252 1899//3252
f  1762//3253 1899//3253 1767//3253
f  1767//3254 1899//3254 1900//3254
f  1767//3255 1900//3255 1765//3255
f  1765//3256 1900//3256 1901//3256
f  1765//3257 1901//3257 1770//3257
f  1770//3258 1901//3258 1902//3258
f  1770//3259 1902//3259 1775//3259
f  1775//3260 1902//3260 1903//3260
f  1775//3261 1903//3261 1773//3261
f  1773//3262 1903//3262 1904//3262
f  1773//3263 1904//3263 1778//3263
f  1778//3264 1904//3264 1905//3264
f  1778//3265 1905//3265 1783//3265
f  1783//3266 1905//3266 1906//3266
f  1783//3267 1906//3267 1781//3267
f  1781//3268 1906//3268 1907//3268
f  1781//3269 1907//3269 1788//3269
f  1788//3270 1907//3270 1908//3270
f  1788//3271 1908//3271 1792//3271
f  1792//3272 1908//3272 1909//3272
f  1792//3273 1909//3273 1794//3273
f  1794//3274 1909//3274 1910//3274
f  1794//3275 1910//3275 1796//3275
f  1796//3276 1910//3276 1911//3276
f  1796//3277 1911//3277 1799//3277
f  1799//3278 1911//3278 1912//3278
f  1799//3279 1912//3279 1895//3279
f  1895//3280 1912//3280 1913//3280
f  1895//3281 1913//3281 1894//3281
f  1894//3282 1913//3282 1914//3282
f  1894//3283 1914//3283 1893//3283
f  1893//3284 1914//3284 1915//3284
f  1893//3285 1915//3285 1892//3285
f  1892//3286 1915//3286 1916//3286
f  1892//3287 1916//3287 1891//3287
f  1891//3288 1916//3288 1917//3288
f  1891//3289 1917//3289 1890//3289
f  1890//3290 1917//3290 1918//3290
f  1890//3291 1918//3291 1889//3291
f  1889//3292 1918//3292 1686//3292
f  1889//3293 1686//3293 1681//3293
f  1681//3294 1686//3294 1688//3294
f  1681//3295 1688//3295 1682//3295
f  970//3296 908//3296 1896//3296
f  1896//3297 908//3297 1919//3297
f  1896//3298 1919//3298 1897//3298
f  1897//3299 1919//3299 1920//3299
f  1897//3300 1920//3300 1898//3300
f  1898//3301 1920//3301 1921//3301
f  1898//3302 1921//3302 1899//3302
f  1899//3303 1921//3303 1922//3303
f  1899//3304 1922//3304 1900//3304
f  1900//3305 1922//3305 1923//3305
f  1900//3306 1923//3306 1901//3306
f  1901//3307 1923//3307 1924//3307
f  1901//3308 1924//3308 1902//3308
f  1902//3309 1924//3309 1925//3309
f  1902//3310 1925//3310 1903//3310
f  1903//3311 1925//3311 1926//3311
f  1903//3312 1926//3312 1904//3312
f  1904//3313 1926//3313 1927//3313
f  1904//3314 1927//3314 1905//3314
f  1905//3315 1927//3315 1928//3315
f  1905//3316 1928//3316 1906//3316
f  1906//3317 1928//3317 1929//3317
f  1906//3318 1929//3318 1907//3318
f  1907//3319 1929//3319 1930//3319
f  1907//3320 1930//3320 1908//3320
f  1908//3321 1930//3321 1931//3321
f  1908//3322 1931//3322 1909//3322
f  1909//3323 1931//3323 1932//3323
f  1909//3324 1932//3324 1910//3324
f  1910//3325 1932//3325 1933//3325
f  1910//3326 1933//3326 1911//3326
f  1911//3327 1933//3327 1934//3327
f  1911//3328 1934//3328 1912//3328
f  1912//3329 1934//3329 1935//3329
f  1912//3330 1935//3330 1913//3330
f  1913//3331 1935//3331 1936//3331
f  1913//3332 1936//3332 1914//3332
f  1914//3333 1936//3333 1937//3333
f  1914//3334 1937//3334 1915//3334
f  1915//3335 1937//3335 1938//3335
f  1915//3336 1938//3336 1916//3336
f  1916//3337 1938//3337 1939//3337
f  1916//3338 1939//3338 1917//3338
f  1917//3339 1939//3339 1940//3339
f  1917//3340 1940//3340 1918//3340
f  1918//3341 1940//3341 1941//3341
f  1918//3342 1941//3342 1686//3342
f  1686//3343 1941//3343 1942//3343
f  1686//3344 1942//3344 1687//3344
f  908//3345 802//3345 1919//3345
f  1919//3346 802//3346 1943//3346
f  1919//3347 1943//3347 1920//3347
f  1920//3348 1943//3348 1944//3348
f  1920//3349 1944//3349 1921//3349
f  1921//3350 1944//3350 1945//3350
f  1921//3351 1945//3351 1922//3351
f  1922//3352 1945//3352 1946//3352
f  1922//3353 1946//3353 1923//3353
f  1923//3354 1946//3354 1947//3354
f  1923//3355 1947//3355 1924//3355
f  1924//3356 1947//3356 1948//3356
f  1924//3357 1948//3357 1925//3357
f  1925//3358 1948//3358 1949//3358
f  1925//3359 1949//3359 1926//3359
f  1926//3360 1949//3360 1950//3360
f  1926//3361 1950//3361 1927//3361
f  1927//3362 1950//3362 1951//3362
f  1927//3363 1951//3363 1928//3363
f  1928//3364 1951//3364 1952//3364
f  1928//3365 1952//3365 1929//3365
f  1929//3366 1952//3366 1953//3366
f  1929//3367 1953//3367 1930//3367
f  1930//3368 1953//3368 1954//3368
f  1930//3369 1954//3369 1931//3369
f  1931//3370 1954//3370 1955//3370
f  1931//3371 1955//3371 1932//3371
f  1932//3372 1955//3372 1956//3372
f  1932//3373 1956//3373 1933//3373
f  1933//3374 1956//3374 1957//3374
f  1933//3375 1957//3375 1934//3375
f  1934//3376 1957//3376 1958//3376
f  1934//3377 1958//3377 1935//3377
f  1935//3378 1958//3378 1959//3378
f  1935//3379 1959//3379 1936//3379
f  1936//3380 1959//3380 1960//3380
f  1936//3381 1960//3381 1937//3381
f  1937//3382 1960//3382 1961//3382
f  1937//3383 1961//3383 1938//3383
f  1938//3384 1961//3384 1962//3384
f  1938//3385 1962//3385 1939//3385
f  1939//3386 1962//3386 1963//3386
f  1939//3387 1963//3387 1940//3387
f  1940//3388 1963//3388 1689//3388
f  1940//3389 1689//3389 1941//3389
f  1941//3390 1689//3390 1691//3390
f  1941//3391 1691//3391 1942//3391
f  802//3392 801//3392 1943//3392
f  1943//3393 801//3393 1964//3393
f  1943//3394 1964//3394 1944//3394
f  1944//3395 1964//3395 1965//3395
f  1944//3396 1965//3396 1945//3396
f  1945//3397 1965//3397 1966//3397
f  1945//3398 1966//3398 1946//3398
f  1946//3399 1966//3399 1967//3399
f  1946//3400 1967//3400 1947//3400
f  1947//3401 1967//3401 1968//3401
f  1947//3402 1968//3402 1948//3402
f  1948//3403 1968//3403 1969//3403
f  1948//3404 1969//3404 1949//3404
f  1949//3405 1969//3405 1970//3405
f  1949//3406 1970//3406 1950//3406
f  1950//3407 1970//3407 1971//3407
f  1950//3408 1971//3408 1951//3408
f  1951//3409 1971//3409 1972//3409
f  1951//3410 1972//3410 1952//3410
f  1952//3411 1972//3411 1973//3411
f  1952//3412 1973//3412 1953//3412
f  1953//3413 1973//3413 1974//3413
f  1953//3414 1974//3414 1954//3414
f  1954//3415 1974//3415 1975//3415
f  1954//3416 1975//3416 1955//3416
f  1955//3417 1975//3417 1976//3417
f  1955//3418 1976//3418 1956//3418
f  1956//3419 1976//3419 1977//3419
f  1956//3420 1977//3420 1957//3420
f  1957//3421 1977//3421 1978//3421
f  1957//3422 1978//3422 1958//3422
f  1958//3423 1978//3423 1979//3423
f  1958//3424 1979//3424 1959//3424
f  1959//3425 1979//3425 1980//3425
f  1959//3426 1980//3426 1960//3426
f  1960//3427 1980//3427 1981//3427
f  1960//3428 1981//3428 1961//3428
f  1961//3429 1981//3429 1700//3429
f  1961//3430 1700//3430 1962//3430
f  1962//3431 1700//3431 1694//3431
f  1962//3432 1694//3432 1963//3432
f  1963//3433 1694//3433 1696//3433
f  1963//3434 1696//3434 1689//3434
f  1689//3435 1696//3435 1698//3435
f  1689//3436 1698//3436 1690//3436
f  801//3437 1003//3437 1964//3437
f  1964//3438 1003//3438 1665//3438
f  1964//3439 1665//3439 1965//3439
f  1965//3440 1665//3440 1982//3440
f  1965//3441 1982//3441 1966//3441
f  1966//3442 1982//3442 1983//3442
f  1966//3443 1983//3443 1967//3443
f  1967//3444 1983//3444 1984//3444
f  1967//3445 1984//3445 1968//3445
f  1968//3446 1984//3446 1985//3446
f  1968//3447 1985//3447 1969//3447
f  1969//3448 1985//3448 1986//3448
f  1969//3449 1986//3449 1970//3449
f  1970//3450 1986//3450 1987//3450
f  1970//3451 1987//3451 1971//3451
f  1971//3452 1987//3452 1988//3452
f  1971//3453 1988//3453 1972//3453
f  1972//3454 1988//3454 1989//3454
f  1972//3455 1989//3455 1973//3455
f  1973//3456 1989//3456 1990//3456
f  1973//3457 1990//3457 1974//3457
f  1974//3458 1990//3458 1991//3458
f  1974//3459 1991//3459 1975//3459
f  1975//3460 1991//3460 1992//3460
f  1975//3461 1992//3461 1976//3461
f  1976//3462 1992//3462 1993//3462
f  1976//3463 1993//3463 1977//3463
f  1977//3464 1993//3464 1994//3464
f  1977//3465 1994//3465 1978//3465
f  1978//3466 1994//3466 1995//3466
f  1978//3467 1995//3467 1979//3467
f  1979//3468 1995//3468 1996//3468
f  1979//3469 1996//3469 1980//3469
f  1980//3470 1996//3470 1997//3470
f  1980//3471 1997//3471 1981//3471
f  1981//3472 1997//3472 1702//3472
f  1981//3473 1702//3473 1700//3473
f  1700//3474 1702//3474 1704//3474
f  1700//3475 1704//3475 1701//3475
f  1002//3476 896//3476 1665//3476
f  1665//3477 896//3477 1752//3477
f  1665//3478 1752//3478 1982//3478
f  1982//3479 1752//3479 1750//3479
f  1982//3480 1750//3480 1983//3480
f  1983//3481 1750//3481 1747//3481
f  1983//3482 1747//3482 1984//3482
f  1984//3483 1747//3483 1744//3483
f  1984//3484 1744//3484 1985//3484
f  1985//3485 1744//3485 1740//3485
f  1985//3486 1740//3486 1986//3486
f  1986//3487 1740//3487 1668//3487
f  1986//3488 1668//3488 1987//3488
f  1987//3489 1668//3489 1667//3489
f  1987//3490 1667//3490 1988//3490
f  1988//3491 1667//3491 1733//3491
f  1988//3492 1733//3492 1989//3492
f  1989//3493 1733//3493 1730//3493
f  1989//3494 1730//3494 1990//3494
f  1990//3495 1730//3495 1727//3495
f  1990//3496 1727//3496 1991//3496
f  1991//3497 1727//3497 1723//3497
f  1991//3498 1723//3498 1992//3498
f  1992//3499 1723//3499 1671//3499
f  1992//3500 1671//3500 1993//3500
f  1993//3501 1671//3501 1670//3501
f  1993//3502 1670//3502 1994//3502
f  1994//3503 1670//3503 1716//3503
f  1994//3504 1716//3504 1995//3504
f  1995//3505 1716//3505 1713//3505
f  1995//3506 1713//3506 1996//3506
f  1996//3507 1713//3507 1710//3507
f  1996//3508 1710//3508 1997//3508
f  1997//3509 1710//3509 1707//3509
f  1997//3510 1707//3510 1702//3510
f  1702//3511 1707//3511 1708//3511
f  1702//3512 1708//3512 1703//3512
f  1998//3513 1999//3513 2000//3513
f  2001//3514 2002//3514 2003//3514
f  2003//3515 2002//3515 2004//3515
f  1999//3516 1998//3516 2005//3516
f  2005//3517 1998//3517 2006//3517
f  2006//3518 1998//3518 2007//3518
f  2006//3519 2007//3519 2008//3519
f  2008//3520 2007//3520 2009//3520
f  2009//3521 2007//3521 2010//3521
f  2009//3522 2010//3522 2011//3522
f  2011//3523 2010//3523 2012//3523
f  2012//3524 2010//3524 2013//3524
f  2012//3525 2013//3525 2014//3525
f  2014//3526 2013//3526 2015//3526
f  2014//3527 2015//3527 2016//3527
f  2016//3528 2015//3528 2017//3528
f  2017//3529 2015//3529 2018//3529
f  2017//3530 2018//3530 2019//3530
f  2020//3531 2021//3531 2022//3531
f  2022//3532 2021//3532 2023//3532
f  425//3533 2020//3533 1221//3533
f  1221//3534 2020//3534 2022//3534
f  1221//3535 2022//3535 1220//3535
f  1220//3536 2022//3536 1219//3536
f  2022//3537 2024//3537 1219//3537
f  1219//3538 2024//3538 2025//3538
f  1219//3539 2025//3539 1217//3539
f  1217//3540 2025//3540 2026//3540
f  1217//3541 2026//3541 1215//3541
f  2027//3542 2028//3542 2029//3542
f  1215//3543 2026//3543 1213//3543
f  1213//3544 2026//3544 2030//3544
f  1213//3545 2030//3545 1212//3545
f  1212//3546 2030//3546 2027//3546
f  1212//3547 2027//3547 1210//3547
f  1210//3548 2027//3548 2029//3548
f  1210//3549 2029//3549 1207//3549
f  2031//3550 2032//3550 2033//3550
f  2023//3551 2034//3551 2022//3551
f  2022//3552 2034//3552 2035//3552
f  2022//3553 2035//3553 2024//3553
f  2024//3554 2035//3554 2036//3554
f  2024//3555 2036//3555 2025//3555
f  2025//3556 2036//3556 2037//3556
f  2025//3557 2037//3557 2026//3557
f  2026//3558 2037//3558 2038//3558
f  2026//3559 2038//3559 2030//3559
f  2030//3560 2038//3560 2031//3560
f  2030//3561 2031//3561 2027//3561
f  2027//3562 2031//3562 2033//3562
f  2027//3563 2033//3563 2028//3563
f  2023//3564 2001//3564 2034//3564
f  2034//3565 2001//3565 2003//3565
f  2034//3566 2003//3566 2035//3566
f  2035//3567 2003//3567 2039//3567
f  2035//3568 2039//3568 2036//3568
f  2036//3569 2039//3569 2040//3569
f  2036//3570 2040//3570 2037//3570
f  2037//3571 2040//3571 2041//3571
f  2037//3572 2041//3572 2038//3572
f  2038//3573 2041//3573 2042//3573
f  2038//3574 2042//3574 2031//3574
f  2031//3575 2042//3575 2043//3575
f  2031//3576 2043//3576 2032//3576
f  2044//3577 2019//3577 2004//3577
f  2004//3578 2019//3578 2018//3578
f  2004//3579 2018//3579 2003//3579
f  2003//3580 2018//3580 2015//3580
f  2003//3581 2015//3581 2039//3581
f  2039//3582 2015//3582 2013//3582
f  2039//3583 2013//3583 2040//3583
f  2040//3584 2013//3584 2010//3584
f  2040//3585 2010//3585 2041//3585
f  2041//3586 2010//3586 2007//3586
f  2041//3587 2007//3587 2042//3587
f  2042//3588 2007//3588 1998//3588
f  2042//3589 1998//3589 2043//3589
f  2043//3590 1998//3590 2000//3590
f  2043//3591 2000//3591 2032//3591
f  1242//3592 1207//3592 2029//3592
f  1242//3593 2029//3593 2045//3593
f  2045//3594 2029//3594 2028//3594
f  2045//3595 2028//3595 2046//3595
f  2000//3596 1999//3596 2047//3596
f  2028//3597 2033//3597 2046//3597
f  2046//3598 2033//3598 2032//3598
f  2046//3599 2032//3599 2048//3599
f  2048//3600 2032//3600 2000//3600
f  2048//3601 2000//3601 2049//3601
f  2049//3602 2000//3602 2047//3602
f  2047//3603 1999//3603 2050//3603
f  2050//3604 1999//3604 2051//3604
f  2050//3605 2051//3605 2052//3605
f  2052//3606 2051//3606 2053//3606
f  2053//3607 2051//3607 2054//3607
f  2053//3608 2054//3608 2055//3608
f  2055//3609 2054//3609 2056//3609
f  2056//3610 2054//3610 2057//3610
f  2056//3611 2057//3611 2058//3611
f  2058//3612 2057//3612 2059//3612
f  2058//3613 2059//3613 2060//3613
f  2060//3614 2059//3614 2061//3614
f  2060//3615 2061//3615 2062//3615
f  2063//3616 2064//3616 2065//3616
f  2065//3617 2064//3617 2062//3617
f  2065//3618 2062//3618 2066//3618
f  2066//3619 2062//3619 2061//3619
f  2067//3620 2068//3620 1675//3620
f  1675//3621 2068//3621 2069//3621
f  2069//3622 2070//3622 1675//3622
f  1675//3623 2070//3623 2071//3623
f  1675//3624 2071//3624 2063//3624
f  2063//3625 2071//3625 2072//3625
f  2063//3626 2072//3626 2064//3626
f  2073//3627 2074//3627 2075//3627
f  2075//3628 2074//3628 2076//3628
f  2075//3629 2076//3629 2077//3629
f  2078//3630 2079//3630 2080//3630
f  2080//3631 2079//3631 2081//3631
f  2079//3632 2082//3632 2081//3632
f  2081//3633 2082//3633 2083//3633
f  2081//3634 2083//3634 2084//3634
f  2084//3635 2083//3635 2085//3635
f  2085//3636 2083//3636 2086//3636
f  2086//3637 2083//3637 2087//3637
f  2086//3638 2087//3638 2088//3638
f  2088//3639 2087//3639 2089//3639
f  2088//3640 2089//3640 2090//3640
f  2089//3641 2091//3641 2090//3641
f  2090//3642 2091//3642 2092//3642
f  2090//3643 2092//3643 2093//3643
f  2093//3644 2092//3644 2094//3644
f  2093//3645 2094//3645 2095//3645
f  2095//3646 2094//3646 2096//3646
f  2095//3647 2096//3647 2097//3647
f  2097//3648 2096//3648 2098//3648
f  2097//3649 2098//3649 2099//3649
f  2099//3650 2098//3650 2100//3650
f  2099//3651 2100//3651 2101//3651
f  2101//3652 2100//3652 2102//3652
f  2101//3653 2102//3653 2103//3653
f  2103//3654 2102//3654 2104//3654
f  2103//3655 2104//3655 2105//3655
f  2105//3656 2104//3656 2106//3656
f  2105//3657 2106//3657 2107//3657
f  2106//3658 2108//3658 2107//3658
f  2107//3659 2108//3659 2109//3659
f  2107//3660 2109//3660 2110//3660
f  2110//3661 2109//3661 2111//3661
f  2111//3662 2109//3662 2112//3662
f  2111//3663 2112//3663 2113//3663
f  2113//3664 2112//3664 2114//3664
f  2113//3665 2114//3665 2115//3665
f  2115//3666 2114//3666 2116//3666
f  2116//3667 2114//3667 2117//3667
f  2116//3668 2117//3668 2118//3668
f  2118//3669 2117//3669 2119//3669
f  2119//3670 2117//3670 2120//3670
f  2119//3671 2120//3671 2121//3671
f  2121//3672 2120//3672 2122//3672
f  2122//3673 2120//3673 2123//3673
f  2122//3674 2123//3674 2124//3674
f  2124//3675 2123//3675 2074//3675
f  2124//3676 2074//3676 2073//3676
f  415//3677 2125//3677 374//3677
f  2126//3678 2127//3678 2128//3678
f  2128//3679 2127//3679 2129//3679
f  2128//3680 2129//3680 2130//3680
f  2130//3681 2129//3681 2131//3681
f  2130//3682 2131//3682 2125//3682
f  2125//3683 2131//3683 2132//3683
f  2125//3684 2132//3684 374//3684
f  2133//3685 2134//3685 2126//3685
f  2126//3686 2134//3686 2135//3686
f  2126//3687 2135//3687 2127//3687
f  2136//3688 2137//3688 2138//3688
f  2138//3689 2137//3689 2139//3689
f  2138//3690 2139//3690 2133//3690
f  2133//3691 2139//3691 2140//3691
f  2133//3692 2140//3692 2134//3692
f  2141//3693 2142//3693 2136//3693
f  2136//3694 2142//3694 2143//3694
f  2136//3695 2143//3695 2137//3695
f  2078//3696 2144//3696 2141//3696
f  2141//3697 2144//3697 2145//3697
f  2141//3698 2145//3698 2142//3698
f  2078//3699 2141//3699 2146//3699
f  2146//3700 2141//3700 2147//3700
f  2146//3701 2147//3701 2082//3701
f  2082//3702 2079//3702 2146//3702
f  2146//3703 2079//3703 2078//3703
f  1170//3704 414//3704 413//3704
f  1170//3705 413//3705 1174//3705
f  1163//3706 419//3706 420//3706
f  413//3707 412//3707 1174//3707
f  1174//3708 412//3708 411//3708
f  1174//3709 411//3709 1181//3709
f  1181//3710 411//3710 255//3710
f  1181//3711 255//3711 254//3711
f  1163//3712 420//3712 1166//3712
f  420//3713 421//3713 1166//3713
f  1166//3714 421//3714 422//3714
f  1166//3715 422//3715 1170//3715
f  1170//3716 422//3716 423//3716
f  1170//3717 423//3717 414//3717
f  2125//3718 415//3718 1158//3718
f  1158//3719 415//3719 416//3719
f  1158//3720 416//3720 1160//3720
f  1160//3721 416//3721 417//3721
f  1160//3722 417//3722 1163//3722
f  1163//3723 417//3723 418//3723
f  1163//3724 418//3724 419//3724
f  2148//3725 2082//3725 2149//3725
f  2149//3726 2082//3726 2147//3726
f  2149//3727 2147//3727 2150//3727
f  2150//3728 2147//3728 2141//3728
f  2150//3729 2141//3729 2151//3729
f  2151//3730 2141//3730 2136//3730
f  1158//3731 2152//3731 2125//3731
f  2125//3732 2152//3732 2153//3732
f  2125//3733 2153//3733 2130//3733
f  2130//3734 2153//3734 2154//3734
f  2130//3735 2154//3735 2128//3735
f  2128//3736 2154//3736 2155//3736
f  2128//3737 2155//3737 2126//3737
f  2155//3738 2156//3738 2126//3738
f  2126//3739 2156//3739 2157//3739
f  2126//3740 2157//3740 2133//3740
f  2133//3741 2157//3741 2158//3741
f  2133//3742 2158//3742 2138//3742
f  2138//3743 2158//3743 2159//3743
f  2138//3744 2159//3744 2136//3744
f  2136//3745 2159//3745 2160//3745
f  2136//3746 2160//3746 2151//3746
f  2161//3747 2162//3747 2163//3747
f  2163//3748 2162//3748 2164//3748
f  2165//3749 2166//3749 2167//3749
f  2166//3750 2165//3750 2168//3750
f  2165//3751 2169//3751 2168//3751
f  2168//3752 2169//3752 2170//3752
f  2168//3753 2170//3753 2171//3753
f  2171//3754 2170//3754 2172//3754
f  2171//3755 2172//3755 2044//3755
f  2173//3756 2174//3756 2167//3756
f  2167//3757 2174//3757 2175//3757
f  2167//3758 2175//3758 2165//3758
f  2176//3759 1829//3759 2177//3759
f  2177//3760 1829//3760 2178//3760
f  2177//3761 2178//3761 2179//3761
f  2179//3762 2178//3762 2180//3762
f  2179//3763 2180//3763 2173//3763
f  2173//3764 2180//3764 2181//3764
f  2173//3765 2181//3765 2174//3765
f  1813//3766 2182//3766 2183//3766
f  2184//3767 2185//3767 1780//3767
f  1780//3768 2185//3768 2186//3768
f  1780//3769 2186//3769 1774//3769
f  1774//3770 2186//3770 1776//3770
f  2184//3771 1780//3771 2187//3771
f  2187//3772 1780//3772 1779//3772
f  2187//3773 1779//3773 2188//3773
f  1813//3774 2183//3774 1811//3774
f  1811//3775 2183//3775 2189//3775
f  1811//3776 2189//3776 1809//3776
f  1809//3777 2189//3777 1805//3777
f  1805//3778 2189//3778 2190//3778
f  1805//3779 2190//3779 1806//3779
f  2191//3780 1803//3780 2190//3780
f  2190//3781 1803//3781 1808//3781
f  2190//3782 1808//3782 1806//3782
f  2192//3783 1800//3783 2191//3783
f  2191//3784 1800//3784 1804//3784
f  2191//3785 1804//3785 1803//3785
f  1795//3786 1798//3786 2193//3786
f  2193//3787 1798//3787 1797//3787
f  2193//3788 1797//3788 2192//3788
f  2192//3789 1797//3789 1801//3789
f  2192//3790 1801//3790 1800//3790
f  1795//3791 2193//3791 1793//3791
f  1793//3792 2193//3792 2194//3792
f  1793//3793 2194//3793 1791//3793
f  1791//3794 2194//3794 1786//3794
f  1786//3795 2194//3795 2195//3795
f  1786//3796 2195//3796 1787//3796
f  2196//3797 1790//3797 2195//3797
f  2195//3798 1790//3798 1789//3798
f  2195//3799 1789//3799 1787//3799
f  1779//3800 1785//3800 2188//3800
f  2188//3801 1785//3801 1784//3801
f  2188//3802 1784//3802 2196//3802
f  2196//3803 1784//3803 1782//3803
f  2196//3804 1782//3804 1790//3804
f  62//1 63//1 449//1
f  449//1 63//1 452//1
f  452//1 63//1 64//1
f  452//1 64//1 454//1
f  459//1 54//1 458//1
f  458//1 54//1 55//1
f  458//1 55//1 456//1
f  430//1 427//1 60//1
f  60//1 427//1 381//1
f  60//1 381//1 59//1
f  449//1 446//1 62//1
f  62//1 446//1 443//1
f  62//1 443//1 61//1
f  61//1 443//1 441//1
f  61//1 441//1 60//1
f  60//1 441//1 439//1
f  60//1 439//1 437//1
f  454//1 64//1 455//1
f  455//1 64//1 65//1
f  455//1 65//1 2197//1
f  2197//1 65//1 66//1
f  2197//1 66//1 2198//1
f  2198//1 66//1 2199//1
f  2199//1 66//1 67//1
f  2199//1 67//1 2200//1
f  456//1 55//1 408//1
f  408//1 55//1 56//1
f  408//1 56//1 406//1
f  57//1 402//1 56//1
f  56//1 402//1 404//1
f  56//1 404//1 406//1
f  381//1 384//1 59//1
f  59//1 384//1 387//1
f  59//1 387//1 58//1
f  58//1 387//1 389//1
f  58//1 389//1 391//1
f  437//1 435//1 60//1
f  60//1 435//1 433//1
f  60//1 433//1 430//1
f  391//1 394//1 58//1
f  58//1 394//1 396//1
f  58//1 396//1 57//1
f  57//1 396//1 399//1
f  57//1 399//1 402//1
f  2189//1 75//1 76//1
f  2200//1 67//1 2201//1
f  2201//1 67//1 68//1
f  2201//1 68//1 2202//1
f  2202//1 68//1 69//1
f  2202//1 69//1 2203//1
f  72//1 2204//1 71//1
f  71//1 2204//1 2205//1
f  71//1 2205//1 70//1
f  70//1 2205//1 2176//1
f  70//1 2176//1 2177//1
f  74//1 2206//1 73//1
f  73//1 2206//1 2207//1
f  73//1 2207//1 72//1
f  72//1 2207//1 2208//1
f  72//1 2208//1 2204//1
f  2189//1 2183//1 75//1
f  75//1 2183//1 2182//1
f  75//1 2182//1 74//1
f  74//1 2182//1 2209//1
f  74//1 2209//1 2206//1
f  2194//1 78//1 79//1
f  47//1 512//1 510//1
f  2167//1 2166//1 70//1
f  70//1 2166//1 2168//1
f  70//1 2168//1 69//1
f  69//1 2168//1 2210//1
f  69//1 2210//1 2203//1
f  2177//1 2179//1 70//1
f  70//1 2179//1 2173//1
f  70//1 2173//1 2167//1
f  2194//1 2193//1 78//1
f  78//1 2193//1 2192//1
f  78//1 2192//1 77//1
f  77//1 2192//1 2191//1
f  77//1 2191//1 76//1
f  76//1 2191//1 2190//1
f  76//1 2190//1 2189//1
f  47//1 510//1 46//1
f  459//1 462//1 54//1
f  54//1 462//1 464//1
f  54//1 464//1 53//1
f  80//1 2196//1 79//1
f  79//1 2196//1 2195//1
f  79//1 2195//1 2194//1
f  2211//1 82//1 2212//1
f  2212//1 82//1 83//1
f  2212//1 83//1 2213//1
f  84//1 2214//1 83//1
f  83//1 2214//1 2215//1
f  83//1 2215//1 2213//1
f  2216//1 85//1 498//1
f  498//1 85//1 44//1
f  498//1 44//1 500//1
f  500//1 44//1 45//1
f  500//1 45//1 502//1
f  510//1 508//1 46//1
f  46//1 508//1 506//1
f  46//1 506//1 45//1
f  45//1 506//1 504//1
f  45//1 504//1 502//1
f  48//1 488//1 47//1
f  47//1 488//1 513//1
f  47//1 513//1 512//1
f  491//1 49//1 50//1
f  2211//1 2217//1 82//1
f  82//1 2217//1 2218//1
f  82//1 2218//1 81//1
f  81//1 2218//1 2187//1
f  81//1 2187//1 80//1
f  80//1 2187//1 2188//1
f  80//1 2188//1 2196//1
f  2216//1 2219//1 85//1
f  85//1 2219//1 2220//1
f  85//1 2220//1 84//1
f  84//1 2220//1 2221//1
f  84//1 2221//1 2214//1
f  491//1 493//1 49//1
f  49//1 493//1 495//1
f  49//1 495//1 48//1
f  48//1 495//1 496//1
f  48//1 496//1 488//1
f  51//1 481//1 50//1
f  50//1 481//1 479//1
f  50//1 479//1 491//1
f  473//1 475//1 52//1
f  52//1 475//1 477//1
f  52//1 477//1 51//1
f  51//1 477//1 483//1
f  51//1 483//1 481//1
f  464//1 466//1 53//1
f  53//1 466//1 468//1
f  53//1 468//1 52//1
f  52//1 468//1 471//1
f  52//1 471//1 473//1
f  2222//3805 2223//3805 2224//3805
f  2225//3806 2226//3806 2227//3806
f  2227//3807 2226//3807 2224//3807
f  2227//3808 2224//3808 2228//3808
f  2228//3809 2224//3809 2223//3809
f  2228//3810 2223//3810 2229//3810
f  2229//3811 2223//3811 2222//3811
f  2229//3812 2222//3812 2148//3812
f  2230//3813 2228//3813 2231//3813
f  2231//3814 2228//3814 2229//3814
f  2231//3815 2229//3815 2232//3815
f  2225//3816 2227//3816 2233//3816
f  2233//3817 2227//3817 2228//3817
f  2233//3818 2228//3818 2234//3818
f  2234//3819 2228//3819 2230//3819
f  2234//3820 2230//3820 2235//3820
f  2235//3821 2230//3821 2236//3821
f  2235//3822 2236//3822 2237//3822
f  2238//3823 2239//3823 2240//3823
f  2241//3824 2242//3824 2243//3824
f  2239//3825 2238//3825 2244//3825
f  2244//3826 2238//3826 2245//3826
f  2244//3827 2245//3827 2241//3827
f  2246//3828 2247//3828 2248//3828
f  2241//3829 2243//3829 2244//3829
f  2244//3830 2243//3830 2246//3830
f  2244//3831 2246//3831 2239//3831
f  2239//3832 2246//3832 2248//3832
f  2239//3833 2248//3833 2240//3833
f  2249//3834 2250//3834 2251//3834
f  2249//3835 2251//3835 2252//3835
f  2253//3836 2254//3836 2255//3836
f  2255//3837 2254//3837 2252//3837
f  2255//3838 2252//3838 2256//3838
f  2256//3839 2252//3839 2251//3839
f  2257//3840 2258//3840 2255//3840
f  2255//3841 2258//3841 2259//3841
f  2255//3842 2259//3842 2253//3842
f  2164//3843 2257//3843 2163//3843
f  2163//3844 2257//3844 2255//3844
f  2163//3845 2255//3845 2161//3845
f  2161//3846 2255//3846 2256//3846
f  2161//3847 2256//3847 2260//3847
f  2260//3848 2256//3848 2251//3848
f  2260//3849 2251//3849 2261//3849
f  2262//3850 2263//3850 2264//3850
f  741//3851 2265//3851 740//3851
f  740//3852 2265//3852 739//3852
f  2265//3850 2266//3850 2267//3850
f  2267//3850 2266//3850 2262//3850
f  2267//3850 2262//3850 2268//3850
f  2268//3850 2262//3850 2264//3850
f  2265//3853 722//3853 723//3853
f  2265//3854 729//3854 730//3854
f  736//3855 737//3855 2265//3855
f  2265//3856 737//3856 738//3856
f  2265//3857 738//3857 739//3857
f  2262//3850 2269//3850 2270//3850
f  2262//3850 2271//3850 2272//3850
f  2273//3850 2262//3850 2274//3850
f  2274//3850 2262//3850 2275//3850
f  2276//3850 2277//3850 2262//3850
f  2262//3850 2277//3850 2278//3850
f  2267//3850 2279//3850 2265//3850
f  2265//3850 2279//3850 718//3850
f  2265//3858 718//3858 719//3858
f  726//3859 727//3859 2265//3859
f  2265//3860 727//3860 728//3860
f  2265//3861 728//3861 729//3861
f  730//3862 731//3862 2265//3862
f  2265//3863 731//3863 732//3863
f  2265//3864 732//3864 733//3864
f  733//3865 734//3865 2265//3865
f  2265//3866 734//3866 735//3866
f  2265//3867 735//3867 736//3867
f  617//3868 615//3868 2265//3868
f  2265//3869 615//3869 613//3869
f  2265//3870 613//3870 610//3870
f  710//3871 712//3871 599//3871
f  2280//3850 2281//3850 2262//3850
f  2262//3850 2281//3850 2282//3850
f  2282//3850 2283//3850 2262//3850
f  2262//3850 2283//3850 2284//3850
f  2262//3850 2284//3850 2285//3850
f  2278//3850 2286//3850 2262//3850
f  2262//3850 2286//3850 2287//3850
f  2262//3850 2287//3850 2263//3850
f  719//3872 720//3872 2265//3872
f  2265//3873 720//3873 721//3873
f  2265//3874 721//3874 722//3874
f  723//3875 724//3875 2265//3875
f  2265//3876 724//3876 725//3876
f  2265//3877 725//3877 726//3877
f  610//3878 608//3878 2265//3878
f  2265//3850 608//3850 605//3850
f  2265//3879 605//3879 603//3879
f  603//3880 601//3880 2265//3880
f  2265//3881 601//3881 599//3881
f  2265//3882 599//3882 714//3882
f  714//3883 599//3883 712//3883
f  2288//3850 2289//3850 2290//3850
f  2290//3850 2291//3850 2288//3850
f  2288//3850 2291//3850 2292//3850
f  2288//3850 2292//3850 2293//3850
f  2289//3850 2288//3850 2262//3850
f  2262//3850 2288//3850 2294//3850
f  2262//3850 2294//3850 2295//3850
f  2270//3850 2296//3850 2262//3850
f  2262//3850 2296//3850 2297//3850
f  2262//3850 2297//3850 2271//3850
f  2272//3850 2298//3850 2262//3850
f  2262//3850 2298//3850 2299//3850
f  2262//3850 2299//3850 2280//3850
f  2285//3850 2300//3850 2262//3850
f  2262//3850 2300//3850 2301//3850
f  2262//3850 2301//3850 2275//3850
f  2273//3850 2302//3850 2262//3850
f  2262//3850 2302//3850 2303//3850
f  2262//3850 2303//3850 2304//3850
f  2304//3850 2305//3850 2262//3850
f  2262//3850 2305//3850 2306//3850
f  2262//3884 2306//3884 2307//3884
f  744//3885 745//3885 2265//3885
f  2265//3886 745//3886 746//3886
f  2265//3887 746//3887 747//3887
f  747//3888 748//3888 2265//3888
f  2265//3889 748//3889 749//3889
f  2265//3890 749//3890 750//3890
f  2295//3850 2308//3850 2262//3850
f  2262//3850 2308//3850 2309//3850
f  2262//3850 2309//3850 2269//3850
f  741//3891 742//3891 2265//3891
f  2265//3892 742//3892 743//3892
f  2265//3893 743//3893 744//3893
f  750//3894 751//3894 2265//3894
f  2265//3895 751//3895 752//3895
f  2265//3896 752//3896 754//3896
f  754//3897 753//3897 2265//3897
f  2265//3898 753//3898 626//3898
f  2265//3899 626//3899 624//3899
f  624//3900 621//3900 2265//3900
f  2265//3901 621//3901 619//3901
f  2265//3902 619//3902 617//3902
f  2307//3903 2310//3903 2262//3903
f  2262//3850 2310//3850 2311//3850
f  2262//3850 2311//3850 2276//3850
f  597//3904 705//3904 599//3904
f  599//3905 705//3905 708//3905
f  599//3906 708//3906 710//3906
f  2293//3850 2292//3850 2312//3850
f  2312//3850 2292//3850 2261//3850
f  2312//3907 2261//3907 2251//3907
f  2250//3908 2313//3908 2251//3908
f  2251//3909 2313//3909 2314//3909
f  2251//3910 2314//3910 2312//3910
f  593//3911 700//3911 597//3911
f  597//3912 700//3912 702//3912
f  597//3913 702//3913 705//3913
f  593//3914 592//3914 700//3914
f  700//3915 592//3915 693//3915
f  700//3916 693//3916 692//3916
f  692//3917 696//3917 700//3917
f  700//3918 696//3918 695//3918
f  700//3919 695//3919 694//3919
f  697//3920 698//3920 694//3920
f  694//3921 698//3921 699//3921
f  694//3922 699//3922 700//3922
f  2164//3923 2247//3923 2257//3923
f  2257//3924 2247//3924 2246//3924
f  2258//3925 2257//3925 2315//3925
f  2315//3926 2257//3926 2246//3926
f  2315//3927 2246//3927 2316//3927
f  2316//3928 2246//3928 2243//3928
f  2317//3929 2318//3929 2319//3929
f  2320//3930 2321//3930 2322//3930
f  2322//3931 2321//3931 2323//3931
f  2305//3932 2324//3932 2306//3932
f  2306//3933 2324//3933 2325//3933
f  2325//3934 2326//3934 2306//3934
f  2306//3935 2326//3935 2327//3935
f  2306//3936 2327//3936 2322//3936
f  2322//3937 2327//3937 2328//3937
f  2322//3938 2328//3938 2320//3938
f  2307//3939 2306//3939 2329//3939
f  2329//3940 2306//3940 2322//3940
f  2329//3941 2322//3941 2319//3941
f  2319//3942 2322//3942 2323//3942
f  2319//3943 2323//3943 2317//3943
f  2323//3944 2230//3944 2231//3944
f  2323//3945 2231//3945 2317//3945
f  2317//3946 2231//3946 2232//3946
f  2317//3947 2232//3947 2318//3947
f  2230//3948 2323//3948 2236//3948
f  2236//3949 2323//3949 2321//3949
f  2236//3950 2321//3950 2237//3950
f  2330//3951 2331//3951 2332//3951
f  2330//3952 2332//3952 2333//3952
f  2333//3953 2332//3953 2334//3953
f  2333//3954 2334//3954 2335//3954
f  2335//3955 2334//3955 2336//3955
f  2335//3956 2336//3956 2337//3956
f  2337//3957 2336//3957 2338//3957
f  2337//3958 2338//3958 2339//3958
f  2339//3959 2338//3959 2340//3959
f  2339//3960 2340//3960 2341//3960
f  2341//3961 2340//3961 2342//3961
f  2341//3962 2342//3962 2343//3962
f  2343//3963 2342//3963 2344//3963
f  2344//3964 2342//3964 2345//3964
f  2344//3965 2345//3965 2346//3965
f  2346//3966 2345//3966 2347//3966
f  2347//3967 2345//3967 2348//3967
f  2347//3968 2348//3968 2349//3968
f  2349//3969 2348//3969 2350//3969
f  2349//3970 2350//3970 2351//3970
f  2351//3971 2350//3971 2352//3971
f  2351//3972 2352//3972 2353//3972
f  2353//3973 2352//3973 2354//3973
f  2353//3974 2354//3974 2355//3974
f  2355//3975 2354//3975 2356//3975
f  2355//3976 2356//3976 2357//3976
f  2357//3977 2356//3977 2358//3977
f  2357//3978 2358//3978 2359//3978
f  2359//3979 2358//3979 2360//3979
f  2359//3980 2360//3980 2361//3980
f  2362//3981 2363//3981 2364//3981
f  2364//3982 2363//3982 2365//3982
f  2364//3983 2365//3983 2360//3983
f  2360//3984 2365//3984 2366//3984
f  2360//3985 2366//3985 2361//3985
f  2367//3986 2368//3986 2369//3986
f  2369//3987 2370//3987 2367//3987
f  2367//3988 2370//3988 2371//3988
f  2367//3989 2371//3989 2362//3989
f  2362//3990 2371//3990 2372//3990
f  2362//3991 2372//3991 2363//3991
f  2368//3992 2367//3992 2373//3992
f  2373//3993 2367//3993 2374//3993
f  2373//3994 2374//3994 2375//3994
f  2375//3995 2374//3995 2376//3995
f  2375//3996 2376//3996 2377//3996
f  2377//3997 2376//3997 2378//3997
f  2377//3998 2378//3998 2379//3998
f  2379//3999 2378//3999 2380//3999
f  2380//4000 2378//4000 2381//4000
f  2380//4001 2381//4001 2382//4001
f  2381//4002 2383//4002 2382//4002
f  2382//4003 2383//4003 2384//4003
f  2382//4004 2384//4004 2385//4004
f  2259//4005 2386//4005 2253//4005
f  2253//4006 2386//4006 2387//4006
f  2253//4007 2387//4007 2254//4007
f  2254//4008 2387//4008 2388//4008
f  2254//4009 2388//4009 2252//4009
f  2252//4010 2388//4010 2389//4010
f  2252//4011 2389//4011 2249//4011
f  2320//4012 2328//4012 2390//4012
f  2390//4013 2328//4013 2327//4013
f  2390//4014 2327//4014 2391//4014
f  2391//4015 2327//4015 2326//4015
f  2391//4016 2326//4016 2392//4016
f  2305//4017 2393//4017 2324//4017
f  2324//4018 2393//4018 2392//4018
f  2324//4019 2392//4019 2325//4019
f  2325//4020 2392//4020 2326//4020
f  2237//4021 2321//4021 2394//4021
f  2394//4022 2321//4022 2395//4022
f  2394//4023 2395//4023 2396//4023
f  2396//4024 2395//4024 2397//4024
f  2396//4025 2397//4025 2398//4025
f  2399//4026 2400//4026 2401//4026
f  2401//4027 2400//4027 2402//4027
f  2401//4028 2402//4028 2403//4028
f  2403//4029 2404//4029 2401//4029
f  2401//4030 2404//4030 2405//4030
f  2401//4031 2405//4031 2406//4031
f  2406//4032 2405//4032 2407//4032
f  2407//4033 2405//4033 2408//4033
f  2408//4034 2405//4034 2409//4034
f  2408//4035 2409//4035 2398//4035
f  2398//4036 2409//4036 2410//4036
f  2398//4037 2410//4037 2396//4037
f  2411//4038 2412//4038 2413//4038
f  2412//4039 2414//4039 2413//4039
f  2413//4040 2414//4040 2415//4040
f  2413//4041 2415//4041 2416//4041
f  2399//4042 2401//4042 2417//4042
f  2417//4043 2401//4043 2418//4043
f  2417//4044 2418//4044 2419//4044
f  2416//4045 2420//4045 2413//4045
f  2413//4046 2420//4046 2417//4046
f  2413//4047 2417//4047 2421//4047
f  2421//4048 2417//4048 2419//4048
f  2422//4049 2423//4049 2424//4049
f  2424//4050 2425//4050 2422//4050
f  2422//4051 2425//4051 2426//4051
f  2422//4052 2426//4052 2427//4052
f  2427//4053 2428//4053 2422//4053
f  2422//4054 2428//4054 2429//4054
f  2422//4055 2429//4055 2430//4055
f  2430//4056 2429//4056 2431//4056
f  2430//4057 2431//4057 2432//4057
f  2433//4058 2434//4058 2435//4058
f  2435//4059 2434//4059 2436//4059
f  2435//4060 2436//4060 2430//4060
f  2430//4061 2436//4061 2437//4061
f  2430//4062 2437//4062 2422//4062
f  2438//4063 2439//4063 2440//4063
f  2440//4064 2439//4064 2441//4064
f  2440//4065 2441//4065 2442//4065
f  2442//4066 2441//4066 2443//4066
f  2442//4067 2443//4067 2433//4067
f  2433//4068 2443//4068 2444//4068
f  2433//4069 2444//4069 2434//4069
f  2445//4070 2446//4070 2438//4070
f  2438//4071 2446//4071 2447//4071
f  2438//4072 2447//4072 2439//4072
f  2448//4073 2449//4073 2445//4073
f  2445//4074 2449//4074 2450//4074
f  2445//4075 2450//4075 2446//4075
f  2451//4076 2452//4076 2453//4076
f  2451//4077 2453//4077 2454//4077
f  2453//4078 2455//4078 2454//4078
f  2454//4079 2455//4079 2456//4079
f  2454//4080 2456//4080 2448//4080
f  2448//4081 2456//4081 2457//4081
f  2448//4082 2457//4082 2449//4082
f  2452//4083 2451//4083 2458//4083
f  2458//4084 2451//4084 2459//4084
f  2458//4085 2459//4085 2460//4085
f  2460//4086 2459//4086 2461//4086
f  2460//4087 2461//4087 2462//4087
f  2463//4088 2464//4088 2465//4088
f  2465//4089 2464//4089 2466//4089
f  2465//4090 2466//4090 2461//4090
f  2461//4091 2466//4091 2467//4091
f  2461//4092 2467//4092 2462//4092
f  2468//4093 2469//4093 2470//4093
f  2470//4094 2469//4094 2471//4094
f  2470//4095 2471//4095 2472//4095
f  2472//4096 2471//4096 2473//4096
f  2472//4097 2473//4097 2463//4097
f  2463//4098 2473//4098 2474//4098
f  2463//4099 2474//4099 2464//4099
f  2475//4100 2476//4100 2477//4100
f  2477//4101 2478//4101 2475//4101
f  2475//4102 2478//4102 2479//4102
f  2475//4103 2479//4103 2468//4103
f  2468//4104 2479//4104 2480//4104
f  2468//4105 2480//4105 2469//4105
f  2481//4106 2482//4106 2476//4106
f  2476//4107 2482//4107 2483//4107
f  2476//4108 2483//4108 2477//4108
f  2484//4109 2411//4109 2485//4109
f  2485//4110 2411//4110 2413//4110
f  2485//4111 2413//4111 2481//4111
f  2481//4112 2413//4112 2486//4112
f  2481//4113 2486//4113 2482//4113
f  1829//4114 2176//4114 1830//4114
f  1830//4115 2176//4115 2205//4115
f  2208//4116 1835//4116 2204//4116
f  2204//4117 1835//4117 1833//4117
f  2204//4118 1833//4118 2205//4118
f  2205//4119 1833//4119 1831//4119
f  2205//4120 1831//4120 1830//4120
f  1841//4121 1840//4121 2207//4121
f  2207//4122 1840//4122 1838//4122
f  2207//4123 1838//4123 2208//4123
f  2208//4124 1838//4124 1837//4124
f  2208//4125 1837//4125 1835//4125
f  2206//4126 1843//4126 2207//4126
f  2207//4127 1843//4127 1842//4127
f  2207//4128 1842//4128 1841//4128
f  1850//4129 1848//4129 2209//4129
f  2209//4130 1848//4130 1847//4130
f  2209//4131 1847//4131 2206//4131
f  2206//4132 1847//4132 1845//4132
f  2206//4133 1845//4133 1843//4133
f  1850//4134 2209//4134 1851//4134
f  1851//4135 2209//4135 2182//4135
f  1851//4136 2182//4136 1813//4136
f  2487//4137 2488//4137 2389//4137
f  2389//4138 2488//4138 2249//4138
f  2249//4139 2488//4139 2489//4139
f  2249//4140 2489//4140 2250//4140
f  2250//4141 2489//4141 2490//4141
f  2250//4142 2490//4142 2313//4142
f  2423//4143 2312//4143 2491//4143
f  2491//4144 2312//4144 2314//4144
f  2491//4145 2314//4145 2492//4145
f  2492//4146 2314//4146 2313//4146
f  2492//4147 2313//4147 2493//4147
f  2493//4148 2313//4148 2490//4148
f  2487//4149 2389//4149 2494//4149
f  2494//4150 2389//4150 2388//4150
f  2494//4151 2388//4151 2387//4151
f  2387//4152 2386//4152 2494//4152
f  2494//4153 2386//4153 2259//4153
f  2494//4154 2259//4154 2495//4154
f  2495//4155 2259//4155 2258//4155
f  2270//4156 2269//4156 2496//4156
f  2453//4157 2452//4157 2497//4157
f  2497//4158 2452//4158 2458//4158
f  2497//4159 2458//4159 2460//4159
f  2498//4160 2450//4160 2449//4160
f  2449//4161 2457//4161 2498//4161
f  2498//4162 2457//4162 2456//4162
f  2498//4163 2456//4163 2497//4163
f  2497//4164 2456//4164 2455//4164
f  2497//4165 2455//4165 2453//4165
f  2450//4166 2498//4166 2446//4166
f  2446//4167 2498//4167 2496//4167
f  2446//4168 2496//4168 2447//4168
f  2499//4169 2441//4169 2496//4169
f  2496//4170 2441//4170 2439//4170
f  2496//4171 2439//4171 2447//4171
f  2436//4172 2434//4172 2500//4172
f  2500//4173 2434//4173 2444//4173
f  2500//4174 2444//4174 2499//4174
f  2499//4175 2444//4175 2443//4175
f  2499//4176 2443//4176 2441//4176
f  2422//4177 2437//4177 2501//4177
f  2501//4178 2437//4178 2502//4178
f  2501//4179 2502//4179 2293//4179
f  2293//4180 2312//4180 2501//4180
f  2501//4181 2312//4181 2423//4181
f  2501//4182 2423//4182 2422//4182
f  2295//4183 2294//4183 2502//4183
f  2502//4184 2294//4184 2288//4184
f  2502//4185 2288//4185 2293//4185
f  2437//4186 2436//4186 2502//4186
f  2502//4187 2436//4187 2500//4187
f  2502//4188 2500//4188 2295//4188
f  2295//4189 2500//4189 2499//4189
f  2295//4190 2499//4190 2308//4190
f  2496//4191 2269//4191 2499//4191
f  2499//4192 2269//4192 2309//4192
f  2499//4193 2309//4193 2308//4193
f  2270//4194 2496//4194 2296//4194
f  2296//4195 2496//4195 2498//4195
f  2296//4196 2498//4196 2297//4196
f  2297//4197 2498//4197 2497//4197
f  2297//4198 2497//4198 2271//4198
f  2460//4199 2298//4199 2497//4199
f  2497//4200 2298//4200 2272//4200
f  2497//4201 2272//4201 2271//4201
f  2391//4202 2398//4202 2390//4202
f  2390//4203 2398//4203 2397//4203
f  2390//4204 2397//4204 2320//4204
f  2320//4205 2397//4205 2395//4205
f  2320//4206 2395//4206 2321//4206
f  2392//4207 2407//4207 2391//4207
f  2391//4208 2407//4208 2408//4208
f  2391//4209 2408//4209 2398//4209
f  2392//4210 2393//4210 2407//4210
f  2407//4211 2393//4211 2305//4211
f  2407//4212 2305//4212 2406//4212
f  2406//4213 2305//4213 2304//4213
f  2406//4214 2304//4214 2401//4214
f  2401//4215 2304//4215 2303//4215
f  2401//4216 2303//4216 2418//4216
f  2418//4217 2303//4217 2302//4217
f  2482//4218 2486//4218 2274//4218
f  2274//4219 2486//4219 2413//4219
f  2274//4220 2413//4220 2273//4220
f  2273//4221 2413//4221 2421//4221
f  2273//4222 2421//4222 2302//4222
f  2302//4223 2421//4223 2419//4223
f  2302//4224 2419//4224 2418//4224
f  2274//4225 2275//4225 2482//4225
f  2482//4226 2275//4226 2301//4226
f  2482//4227 2301//4227 2483//4227
f  2483//4228 2301//4228 2300//4228
f  2483//4229 2300//4229 2477//4229
f  2477//4230 2300//4230 2478//4230
f  2478//4231 2300//4231 2479//4231
f  2479//4232 2300//4232 2285//4232
f  2479//4233 2285//4233 2480//4233
f  2480//4234 2285//4234 2469//4234
f  2469//4235 2285//4235 2284//4235
f  2469//4236 2284//4236 2471//4236
f  2284//4237 2283//4237 2471//4237
f  2471//4238 2283//4238 2282//4238
f  2471//4239 2282//4239 2473//4239
f  2473//4240 2282//4240 2474//4240
f  2474//4241 2282//4241 2464//4241
f  2464//4242 2282//4242 2281//4242
f  2464//4243 2281//4243 2466//4243
f  2466//4244 2281//4244 2280//4244
f  2466//4245 2280//4245 2467//4245
f  2467//4246 2280//4246 2299//4246
f  2467//4247 2299//4247 2462//4247
f  2462//4248 2299//4248 2298//4248
f  2462//4249 2298//4249 2460//4249
f  2503//4250 2425//4250 2424//4250
f  2316//4251 2243//4251 2504//4251
f  2495//4252 2258//4252 2504//4252
f  2504//4253 2258//4253 2315//4253
f  2504//4254 2315//4254 2316//4254
f  2490//4255 2489//4255 2505//4255
f  2505//4256 2489//4256 2488//4256
f  2505//4257 2488//4257 2506//4257
f  2506//4258 2488//4258 2487//4258
f  2506//4259 2487//4259 2504//4259
f  2504//4260 2487//4260 2494//4260
f  2504//4261 2494//4261 2495//4261
f  2491//4262 2492//4262 2507//4262
f  2507//4263 2492//4263 2493//4263
f  2507//4264 2493//4264 2508//4264
f  2503//4265 2424//4265 2509//4265
f  2510//4266 2509//4266 2507//4266
f  2507//4267 2509//4267 2424//4267
f  2507//4268 2424//4268 2491//4268
f  2491//4269 2424//4269 2423//4269
f  2511//4270 2512//4270 2508//4270
f  2508//4271 2512//4271 2513//4271
f  2508//4272 2513//4272 2507//4272
f  2507//4273 2513//4273 2514//4273
f  2507//4274 2514//4274 2510//4274
f  2493//4275 2490//4275 2508//4275
f  2508//4276 2490//4276 2505//4276
f  2508//4277 2505//4277 2511//4277
f  2511//4278 2505//4278 2506//4278
f  2511//4279 2506//4279 2515//4279
f  2243//4280 2516//4280 2504//4280
f  2504//4281 2516//4281 2517//4281
f  2504//4282 2517//4282 2506//4282
f  2506//4283 2517//4283 2518//4283
f  2506//4284 2518//4284 2515//4284
f  2411//4285 2519//4285 2412//4285
f  2412//4286 2519//4286 2520//4286
f  2412//4287 2520//4287 2414//4287
f  2520//4288 2521//4288 2414//4288
f  2414//4289 2521//4289 2522//4289
f  2414//4290 2522//4290 2415//4290
f  2415//4291 2522//4291 2523//4291
f  2415//4292 2523//4292 2416//4292
f  2416//4293 2523//4293 2524//4293
f  2416//4294 2524//4294 2420//4294
f  2420//4295 2524//4295 2417//4295
f  2417//4296 2524//4296 2525//4296
f  2417//4297 2525//4297 2399//4297
f  2399//4298 2525//4298 2400//4298
f  2400//4299 2525//4299 2526//4299
f  2400//4300 2526//4300 2402//4300
f  2402//4301 2526//4301 2527//4301
f  2402//4302 2527//4302 2403//4302
f  2527//4303 2528//4303 2403//4303
f  2403//4304 2528//4304 2529//4304
f  2403//4305 2529//4305 2404//4305
f  2529//4306 2530//4306 2404//4306
f  2404//4307 2530//4307 2531//4307
f  2404//4308 2531//4308 2405//4308
f  2233//4309 2234//4309 2394//4309
f  2394//4310 2234//4310 2235//4310
f  2394//4311 2235//4311 2237//4311
f  2531//4312 2532//4312 2405//4312
f  2405//4313 2532//4313 2533//4313
f  2405//4314 2533//4314 2409//4314
f  2409//4315 2533//4315 2534//4315
f  2409//4316 2534//4316 2410//4316
f  2410//4317 2534//4317 2535//4317
f  2410//4318 2535//4318 2396//4318
f  2396//4319 2535//4319 2536//4319
f  2396//4320 2536//4320 2394//4320
f  2394//4321 2536//4321 2225//4321
f  2394//4322 2225//4322 2233//4322
f  2537//4323 2538//4323 2539//4323
f  2540//4324 2541//4324 2542//4324
f  2542//4325 2541//4325 2226//4325
f  2542//4326 2226//4326 2225//4326
f  2543//4327 2544//4327 2545//4327
f  2530//4328 2546//4328 2531//4328
f  2531//4329 2546//4329 2537//4329
f  2531//4330 2537//4330 2532//4330
f  2532//4331 2537//4331 2539//4331
f  2532//4332 2539//4332 2533//4332
f  2533//4333 2539//4333 2538//4333
f  2533//4334 2538//4334 2547//4334
f  2527//4335 2548//4335 2528//4335
f  2528//4336 2548//4336 2549//4336
f  2528//4337 2549//4337 2529//4337
f  2529//4338 2549//4338 2550//4338
f  2529//4339 2550//4339 2530//4339
f  2530//4340 2550//4340 2551//4340
f  2530//4341 2551//4341 2546//4341
f  2536//4342 2535//4342 2552//4342
f  2552//4343 2535//4343 2534//4343
f  2552//4344 2534//4344 2543//4344
f  2543//4345 2534//4345 2533//4345
f  2543//4346 2533//4346 2544//4346
f  2544//4347 2533//4347 2547//4347
f  2544//4348 2547//4348 2545//4348
f  2225//4349 2536//4349 2542//4349
f  2542//4350 2536//4350 2552//4350
f  2542//4351 2552//4351 2540//4351
f  2540//4352 2552//4352 2543//4352
f  2540//4353 2543//4353 2553//4353
f  2553//4354 2543//4354 2545//4354
f  2243//4355 2242//4355 2516//4355
f  2516//4356 2242//4356 2554//4356
f  2516//4357 2554//4357 2517//4357
f  2554//4358 2555//4358 2517//4358
f  2517//4359 2555//4359 2556//4359
f  2517//4360 2556//4360 2518//4360
f  2518//4361 2556//4361 2557//4361
f  2518//4362 2557//4362 2515//4362
f  2515//4363 2557//4363 2558//4363
f  2515//4364 2558//4364 2511//4364
f  2511//4365 2558//4365 2512//4365
f  2512//4366 2558//4366 2559//4366
f  2512//4367 2559//4367 2513//4367
f  2560//4368 2561//4368 2562//4368
f  2562//4369 2561//4369 2563//4369
f  2563//4370 2564//4370 2562//4370
f  2562//4371 2564//4371 2565//4371
f  2562//4372 2565//4372 2566//4372
f  2567//4373 2503//4373 2568//4373
f  2568//4374 2503//4374 2509//4374
f  2568//4375 2509//4375 2566//4375
f  2566//4376 2509//4376 2510//4376
f  2566//4377 2510//4377 2562//4377
f  2562//4378 2510//4378 2514//4378
f  2562//4379 2514//4379 2513//4379
f  2567//4380 2569//4380 2503//4380
f  2503//4381 2569//4381 2570//4381
f  2503//4382 2570//4382 2425//4382
f  2425//4383 2570//4383 2571//4383
f  2425//4384 2571//4384 2426//4384
f  2385//4385 2431//4385 2382//4385
f  2382//4386 2431//4386 2429//4386
f  2382//4387 2429//4387 2380//4387
f  2380//4388 2429//4388 2428//4388
f  2380//4389 2428//4389 2379//4389
f  2379//4390 2428//4390 2427//4390
f  2379//4391 2427//4391 2377//4391
f  2377//4392 2427//4392 2426//4392
f  2377//4393 2426//4393 2572//4393
f  2572//4394 2426//4394 2571//4394
f  2513//4395 2559//4395 2562//4395
f  2562//4396 2559//4396 2573//4396
f  2562//4397 2573//4397 2560//4397
f  2555//4398 2574//4398 2556//4398
f  2556//4399 2574//4399 2575//4399
f  2556//4400 2575//4400 2557//4400
f  2557//4401 2575//4401 2576//4401
f  2557//4402 2576//4402 2558//4402
f  2558//4403 2576//4403 2577//4403
f  2558//4404 2577//4404 2559//4404
f  2559//4405 2577//4405 2578//4405
f  2559//4406 2578//4406 2573//4406
f  2569//4407 2579//4407 2570//4407
f  2571//4408 2375//4408 2572//4408
f  2572//4409 2375//4409 2377//4409
f  2571//4410 2570//4410 2375//4410
f  2375//4411 2570//4411 2579//4411
f  2375//4412 2579//4412 2373//4412
f  2373//4413 2579//4413 2569//4413
f  2373//4414 2569//4414 2368//4414
f  2368//4415 2569//4415 2567//4415
f  2368//4416 2567//4416 2369//4416
f  2369//4417 2567//4417 2568//4417
f  2369//4418 2568//4418 2370//4418
f  2370//4419 2568//4419 2566//4419
f  2370//4420 2566//4420 2371//4420
f  2371//4421 2566//4421 2565//4421
f  2371//4422 2565//4422 2372//4422
f  2372//4423 2565//4423 2564//4423
f  2580//4424 2355//4424 2573//4424
f  2573//4425 2355//4425 2357//4425
f  2573//4426 2357//4426 2560//4426
f  2357//4427 2359//4427 2560//4427
f  2560//4428 2359//4428 2361//4428
f  2560//4429 2361//4429 2561//4429
f  2561//4430 2361//4430 2366//4430
f  2561//4431 2366//4431 2563//4431
f  2563//4432 2366//4432 2365//4432
f  2563//4433 2365//4433 2564//4433
f  2564//4434 2365//4434 2363//4434
f  2564//4435 2363//4435 2372//4435
f  2555//4436 2554//4436 2581//4436
f  2575//4437 2574//4437 2346//4437
f  2346//4438 2347//4438 2575//4438
f  2575//4439 2347//4439 2349//4439
f  2575//4440 2349//4440 2582//4440
f  2582//4441 2349//4441 2351//4441
f  2582//4442 2351//4442 2580//4442
f  2580//4443 2351//4443 2353//4443
f  2580//4444 2353//4444 2355//4444
f  2337//4445 2339//4445 2581//4445
f  2581//4446 2339//4446 2341//4446
f  2581//4447 2341//4447 2555//4447
f  2555//4448 2341//4448 2343//4448
f  2555//4449 2343//4449 2574//4449
f  2574//4450 2343//4450 2344//4450
f  2574//4451 2344//4451 2346//4451
f  2333//4452 2335//4452 2583//4452
f  2583//4453 2335//4453 2241//4453
f  2583//4454 2241//4454 2245//4454
f  2245//4455 2238//4455 2583//4455
f  2583//4456 2238//4456 2584//4456
f  2583//4457 2584//4457 2333//4457
f  2333//4458 2584//4458 2330//4458
f  2335//4459 2337//4459 2241//4459
f  2241//4460 2337//4460 2581//4460
f  2241//4461 2581//4461 2242//4461
f  2242//4462 2581//4462 2554//4462
f  2573//4463 2578//4463 2580//4463
f  2580//4464 2578//4464 2577//4464
f  2580//4465 2577//4465 2582//4465
f  2582//4466 2577//4466 2576//4466
f  2582//4467 2576//4467 2575//4467
f  2585//4468 2586//4468 2587//4468
f  2588//4469 2589//4469 2590//4469
f  2591//4470 2592//4470 2593//4470
f  2594//4471 2595//4471 2596//4471
f  2597//4472 2598//4472 2599//4472
f  2595//4473 2594//4473 2459//4473
f  2598//4474 2597//4474 2459//4474
f  2472//4475 2463//4475 2600//4475
f  2600//4476 2463//4476 2465//4476
f  2601//4477 2599//4477 2602//4477
f  2602//4478 2599//4478 2598//4478
f  2602//4479 2598//4479 2603//4479
f  2603//4480 2598//4480 2459//4480
f  2604//4481 2596//4481 2605//4481
f  2605//4482 2596//4482 2595//4482
f  2605//4482 2595//4482 2606//4482
f  2606//4483 2595//4483 2459//4483
f  2448//4484 2607//4484 2454//4484
f  2454//4485 2607//4485 2608//4485
f  2454//4486 2608//4486 2451//4486
f  2609//4487 2601//4487 2610//4487
f  2610//4488 2601//4488 2602//4488
f  2610//4489 2602//4489 2611//4489
f  2611//4490 2602//4490 2603//4490
f  2611//4491 2603//4491 2612//4491
f  2612//4492 2603//4492 2459//4492
f  2613//4493 2604//4493 2614//4493
f  2614//4494 2604//4494 2605//4494
f  2614//4495 2605//4495 2615//4495
f  2615//4496 2605//4496 2606//4496
f  2615//4497 2606//4497 2616//4497
f  2616//4498 2606//4498 2459//4498
f  2617//4499 2609//4499 2618//4499
f  2618//4500 2609//4500 2610//4500
f  2618//4501 2610//4501 2619//4501
f  2619//4502 2610//4502 2611//4502
f  2619//4502 2611//4502 2620//4502
f  2620//4503 2611//4503 2612//4503
f  2620//4504 2612//4504 2621//4504
f  2621//4505 2612//4505 2459//4505
f  2622//4506 2613//4506 2623//4506
f  2623//4507 2613//4507 2614//4507
f  2623//4508 2614//4508 2624//4508
f  2624//4509 2614//4509 2615//4509
f  2624//4510 2615//4510 2625//4510
f  2625//4511 2615//4511 2616//4511
f  2625//4512 2616//4512 2626//4512
f  2626//4513 2616//4513 2459//4513
f  2593//4514 2617//4514 2627//4514
f  2627//4515 2617//4515 2618//4515
f  2627//4516 2618//4516 2628//4516
f  2628//4517 2618//4517 2619//4517
f  2628//4518 2619//4518 2629//4518
f  2629//4519 2619//4519 2620//4519
f  2629//4520 2620//4520 2630//4520
f  2630//4521 2620//4521 2621//4521
f  2630//4522 2621//4522 2631//4522
f  2631//4523 2621//4523 2459//4523
f  2461//4524 2459//4524 2597//4524
f  2587//4525 2622//4525 2632//4525
f  2632//4526 2622//4526 2623//4526
f  2632//4527 2623//4527 2633//4527
f  2633//4528 2623//4528 2624//4528
f  2633//4529 2624//4529 2634//4529
f  2634//4530 2624//4530 2625//4530
f  2634//4531 2625//4531 2635//4531
f  2635//4532 2625//4532 2626//4532
f  2635//4533 2626//4533 2636//4533
f  2636//4534 2626//4534 2459//4534
f  2448//4535 2445//4535 2607//4535
f  2607//4536 2445//4536 2438//4536
f  2607//4537 2438//4537 2637//4537
f  2637//4538 2438//4538 2440//4538
f  2637//4539 2440//4539 2638//4539
f  2638//4540 2440//4540 2442//4540
f  2638//4541 2442//4541 2639//4541
f  2468//4542 2640//4542 2475//4542
f  2475//4543 2640//4543 2641//4543
f  2475//4544 2641//4544 2476//4544
f  2476//4545 2641//4545 2642//4545
f  2476//4546 2642//4546 2481//4546
f  2643//4547 2644//4547 2645//4547
f  2646//4548 2647//4548 2648//4548
f  2648//4549 2647//4549 2649//4549
f  2648//4550 2649//4550 2650//4550
f  2650//4551 2649//4551 2651//4551
f  2650//4552 2651//4552 2652//4552
f  2652//4553 2651//4553 2653//4553
f  2652//4554 2653//4554 2654//4554
f  2654//4555 2653//4555 2655//4555
f  2654//4556 2655//4556 2600//4556
f  2600//4557 2655//4557 2470//4557
f  2600//4558 2470//4558 2472//4558
f  2656//4559 2657//4559 2658//4559
f  2659//4560 2660//4560 2661//4560
f  2661//4561 2660//4561 2656//4561
f  2661//4562 2656//4562 2662//4562
f  2662//4563 2656//4563 2658//4563
f  2662//4564 2658//4564 2663//4564
f  2664//4565 2665//4565 2666//4565
f  2666//4566 2665//4566 2667//4566
f  2666//4567 2667//4567 2668//4567
f  2668//4568 2667//4568 2669//4568
f  2668//4569 2669//4569 2670//4569
f  2670//4570 2669//4570 2671//4570
f  2670//4571 2671//4571 2672//4571
f  2672//4572 2671//4572 2673//4572
f  2672//4573 2673//4573 2674//4573
f  2674//4574 2673//4574 2675//4574
f  2674//4575 2675//4575 2459//4575
f  2676//4576 2459//4576 2675//4576
f  2677//4577 2678//4577 2679//4577
f  2679//4578 2678//4578 2664//4578
f  2679//4579 2664//4579 2680//4579
f  2680//4580 2664//4580 2666//4580
f  2680//4581 2666//4581 2681//4581
f  2681//4567 2666//4567 2668//4567
f  2681//4582 2668//4582 2682//4582
f  2682//4583 2668//4583 2670//4583
f  2682//4584 2670//4584 2683//4584
f  2683//4585 2670//4585 2672//4585
f  2683//4586 2672//4586 2684//4586
f  2684//4587 2672//4587 2674//4587
f  2684//4588 2674//4588 2459//4588
f  2459//4589 2608//4589 2685//4589
f  2685//4590 2608//4590 2607//4590
f  2685//4591 2607//4591 2686//4591
f  2686//4592 2607//4592 2637//4592
f  2686//4593 2637//4593 2687//4593
f  2687//4594 2637//4594 2638//4594
f  2687//4595 2638//4595 2688//4595
f  2688//4596 2638//4596 2639//4596
f  2688//4597 2639//4597 2689//4597
f  2689//4598 2639//4598 2690//4598
f  2689//4599 2690//4599 2691//4599
f  2442//4600 2433//4600 2639//4600
f  2639//4601 2433//4601 2435//4601
f  2639//4602 2435//4602 2690//4602
f  2690//4603 2435//4603 2430//4603
f  2690//4604 2430//4604 2432//4604
f  2481//4605 2642//4605 2485//4605
f  2485//4606 2642//4606 2692//4606
f  2485//4607 2692//4607 2484//4607
f  2640//4608 2645//4608 2641//4608
f  2641//4609 2645//4609 2644//4609
f  2641//4610 2644//4610 2642//4610
f  2642//4611 2644//4611 2693//4611
f  2642//4612 2693//4612 2692//4612
f  2694//4613 2695//4613 2643//4613
f  2643//4614 2695//4614 2696//4614
f  2643//4615 2696//4615 2644//4615
f  2644//4616 2696//4616 2697//4616
f  2644//4617 2697//4617 2693//4617
f  2647//4618 2694//4618 2649//4618
f  2649//4619 2694//4619 2643//4619
f  2649//4620 2643//4620 2651//4620
f  2651//4621 2643//4621 2645//4621
f  2651//4622 2645//4622 2653//4622
f  2653//4623 2645//4623 2640//4623
f  2653//4624 2640//4624 2655//4624
f  2655//4625 2640//4625 2468//4625
f  2655//4626 2468//4626 2470//4626
f  2592//4627 2646//4627 2593//4627
f  2593//4628 2646//4628 2648//4628
f  2593//4629 2648//4629 2617//4629
f  2617//4630 2648//4630 2650//4630
f  2617//4631 2650//4631 2609//4631
f  2609//4632 2650//4632 2652//4632
f  2609//4633 2652//4633 2601//4633
f  2601//4634 2652//4634 2654//4634
f  2601//4635 2654//4635 2599//4635
f  2599//4636 2654//4636 2600//4636
f  2599//4637 2600//4637 2597//4637
f  2597//4638 2600//4638 2465//4638
f  2597//4639 2465//4639 2461//4639
f  2698//4640 2699//4640 2591//4640
f  2700//4641 2701//4641 2702//4641
f  2702//4642 2701//4642 2703//4642
f  2702//4643 2703//4643 2704//4643
f  2704//4644 2703//4644 2705//4644
f  2704//4645 2705//4645 2706//4645
f  2706//4646 2705//4646 2707//4646
f  2706//4647 2707//4647 2708//4647
f  2708//4648 2707//4648 2709//4648
f  2708//4649 2709//4649 2698//4649
f  2698//4650 2709//4650 2710//4650
f  2698//4651 2710//4651 2699//4651
f  2711//4652 2712//4652 2713//4652
f  2701//4653 2714//4653 2703//4653
f  2703//4654 2714//4654 2715//4654
f  2703//4655 2715//4655 2705//4655
f  2705//4656 2715//4656 2716//4656
f  2705//4656 2716//4656 2707//4656
f  2707//4657 2716//4657 2711//4657
f  2707//4657 2711//4657 2709//4657
f  2709//4658 2711//4658 2713//4658
f  2709//4659 2713//4659 2710//4659
f  2714//4660 2663//4660 2715//4660
f  2715//4661 2663//4661 2658//4661
f  2715//4662 2658//4662 2716//4662
f  2716//4663 2658//4663 2657//4663
f  2716//4664 2657//4664 2711//4664
f  2711//4665 2657//4665 2717//4665
f  2711//4666 2717//4666 2712//4666
f  2660//4561 2718//4561 2656//4561
f  2656//4667 2718//4667 2719//4667
f  2656//4668 2719//4668 2657//4668
f  2657//4669 2719//4669 2720//4669
f  2657//4670 2720//4670 2717//4670
f  2589//4671 2659//4671 2590//4671
f  2590//4672 2659//4672 2661//4672
f  2590//4673 2661//4673 2721//4673
f  2721//4674 2661//4674 2662//4674
f  2721//4675 2662//4675 2722//4675
f  2722//4676 2662//4676 2663//4676
f  2722//4677 2663//4677 2723//4677
f  2723//4678 2663//4678 2714//4678
f  2723//4679 2714//4679 2724//4679
f  2724//4680 2714//4680 2701//4680
f  2724//4681 2701//4681 2676//4681
f  2676//4682 2701//4682 2700//4682
f  2676//4683 2675//4683 2724//4683
f  2724//4684 2675//4684 2673//4684
f  2724//4685 2673//4685 2723//4685
f  2723//4686 2673//4686 2671//4686
f  2723//4687 2671//4687 2722//4687
f  2722//4688 2671//4688 2669//4688
f  2722//4689 2669//4689 2721//4689
f  2721//4690 2669//4690 2667//4690
f  2721//4691 2667//4691 2590//4691
f  2590//4566 2667//4566 2665//4566
f  2590//4692 2665//4692 2588//4692
f  2700//4693 2459//4693 2676//4693
f  2591//4694 2593//4694 2698//4694
f  2698//4695 2593//4695 2627//4695
f  2698//4696 2627//4696 2708//4696
f  2708//4697 2627//4697 2628//4697
f  2708//4698 2628//4698 2706//4698
f  2706//4699 2628//4699 2629//4699
f  2706//4700 2629//4700 2704//4700
f  2704//4701 2629//4701 2630//4701
f  2704//4702 2630//4702 2702//4702
f  2702//4703 2630//4703 2631//4703
f  2702//4704 2631//4704 2700//4704
f  2700//4705 2631//4705 2459//4705
f  2678//4578 2725//4578 2664//4578
f  2664//4706 2725//4706 2726//4706
f  2664//4707 2726//4707 2665//4707
f  2665//4708 2726//4708 2727//4708
f  2665//4709 2727//4709 2588//4709
f  2586//4710 2677//4710 2587//4710
f  2587//4711 2677//4711 2679//4711
f  2587//4712 2679//4712 2622//4712
f  2622//4713 2679//4713 2680//4713
f  2622//4714 2680//4714 2613//4714
f  2613//4715 2680//4715 2681//4715
f  2613//4716 2681//4716 2604//4716
f  2604//4582 2681//4582 2682//4582
f  2604//4481 2682//4481 2596//4481
f  2596//4717 2682//4717 2683//4717
f  2596//4718 2683//4718 2594//4718
f  2594//4719 2683//4719 2684//4719
f  2594//4720 2684//4720 2459//4720
f  2728//4721 2729//4721 2585//4721
f  2730//4722 2731//4722 2732//4722
f  2459//4723 2733//4723 2734//4723
f  2734//4724 2733//4724 2735//4724
f  2734//4725 2735//4725 2736//4725
f  2736//4726 2735//4726 2737//4726
f  2736//4727 2737//4727 2738//4727
f  2738//4728 2737//4728 2739//4728
f  2738//4729 2739//4729 2740//4729
f  2740//4730 2739//4730 2741//4730
f  2740//4730 2741//4730 2742//4730
f  2742//4731 2741//4731 2730//4731
f  2742//4731 2730//4731 2728//4731
f  2728//4732 2730//4732 2732//4732
f  2728//4733 2732//4733 2729//4733
f  2459//4734 2743//4734 2733//4734
f  2733//4735 2743//4735 2744//4735
f  2733//4736 2744//4736 2735//4736
f  2735//4737 2744//4737 2745//4737
f  2735//4738 2745//4738 2737//4738
f  2737//4739 2745//4739 2746//4739
f  2737//4740 2746//4740 2739//4740
f  2739//4741 2746//4741 2747//4741
f  2739//4742 2747//4742 2741//4742
f  2741//4743 2747//4743 2748//4743
f  2741//4744 2748//4744 2730//4744
f  2730//4745 2748//4745 2749//4745
f  2730//4746 2749//4746 2731//4746
f  2750//4747 2751//4747 2752//4747
f  2459//4748 2753//4748 2743//4748
f  2743//4749 2753//4749 2754//4749
f  2743//4750 2754//4750 2744//4750
f  2744//4751 2754//4751 2755//4751
f  2744//4752 2755//4752 2745//4752
f  2745//4753 2755//4753 2756//4753
f  2745//4754 2756//4754 2746//4754
f  2746//4755 2756//4755 2757//4755
f  2746//4756 2757//4756 2747//4756
f  2747//4757 2757//4757 2750//4757
f  2747//4758 2750//4758 2748//4758
f  2748//4759 2750//4759 2752//4759
f  2748//4760 2752//4760 2749//4760
f  2758//4761 2759//4761 2760//4761
f  2459//4762 2761//4762 2753//4762
f  2753//4763 2761//4763 2762//4763
f  2753//4764 2762//4764 2754//4764
f  2754//4765 2762//4765 2763//4765
f  2754//4766 2763//4766 2755//4766
f  2755//4767 2763//4767 2764//4767
f  2755//4768 2764//4768 2756//4768
f  2756//4769 2764//4769 2765//4769
f  2756//4770 2765//4770 2757//4770
f  2757//4771 2765//4771 2758//4771
f  2757//4772 2758//4772 2750//4772
f  2750//4773 2758//4773 2760//4773
f  2750//4774 2760//4774 2751//4774
f  2459//4775 2766//4775 2761//4775
f  2761//4776 2766//4776 2767//4776
f  2761//4777 2767//4777 2762//4777
f  2762//4778 2767//4778 2768//4778
f  2762//4778 2768//4778 2763//4778
f  2763//4779 2768//4779 2769//4779
f  2763//4780 2769//4780 2764//4780
f  2764//4781 2769//4781 2770//4781
f  2764//4782 2770//4782 2765//4782
f  2765//4783 2770//4783 2771//4783
f  2765//4784 2771//4784 2758//4784
f  2758//4785 2771//4785 2772//4785
f  2758//4786 2772//4786 2759//4786
f  2459//4787 2773//4787 2766//4787
f  2766//4788 2773//4788 2774//4788
f  2766//4789 2774//4789 2767//4789
f  2767//4790 2774//4790 2775//4790
f  2767//4791 2775//4791 2768//4791
f  2768//4792 2775//4792 2776//4792
f  2768//4793 2776//4793 2769//4793
f  2769//4794 2776//4794 2777//4794
f  2769//4795 2777//4795 2770//4795
f  2770//4796 2777//4796 2778//4796
f  2770//4797 2778//4797 2771//4797
f  2771//4798 2778//4798 2779//4798
f  2771//4799 2779//4799 2772//4799
f  2459//4800 2685//4800 2773//4800
f  2773//4801 2685//4801 2686//4801
f  2773//4802 2686//4802 2774//4802
f  2774//4803 2686//4803 2687//4803
f  2774//4804 2687//4804 2775//4804
f  2775//4805 2687//4805 2688//4805
f  2775//4806 2688//4806 2776//4806
f  2776//4807 2688//4807 2689//4807
f  2776//4808 2689//4808 2777//4808
f  2777//4809 2689//4809 2691//4809
f  2777//4810 2691//4810 2778//4810
f  2778//4811 2691//4811 2780//4811
f  2778//4812 2780//4812 2779//4812
f  2451//4813 2608//4813 2459//4813
f  2585//4814 2587//4814 2728//4814
f  2728//4815 2587//4815 2632//4815
f  2728//4816 2632//4816 2742//4816
f  2742//4817 2632//4817 2633//4817
f  2742//4818 2633//4818 2740//4818
f  2740//4819 2633//4819 2634//4819
f  2740//4820 2634//4820 2738//4820
f  2738//4821 2634//4821 2635//4821
f  2738//4822 2635//4822 2736//4822
f  2736//4823 2635//4823 2636//4823
f  2736//4824 2636//4824 2734//4824
f  2734//4825 2636//4825 2459//4825
f  2432//4826 2781//4826 2690//4826
f  2690//4827 2781//4827 2782//4827
f  2690//4828 2782//4828 2691//4828
f  2691//4829 2782//4829 2783//4829
f  2691//4830 2783//4830 2780//4830
f  2784//4831 2785//4831 2786//4831
f  2787//4832 2788//4832 2789//4832
f  2077//4833 2076//4833 2790//4833
f  2790//4834 2076//4834 2791//4834
f  2790//4835 2791//4835 2792//4835
f  2792//4836 2791//4836 2793//4836
f  2793//4837 2791//4837 2794//4837
f  2794//4838 2791//4838 2795//4838
f  2794//4839 2795//4839 2796//4839
f  2797//4840 2798//4840 2799//4840
f  2797//4841 2799//4841 2795//4841
f  2795//4842 2799//4842 2800//4842
f  2795//4843 2800//4843 2796//4843
f  2801//4844 2802//4844 2797//4844
f  2797//4845 2802//4845 2803//4845
f  2797//4846 2803//4846 2798//4846
f  2804//4847 2805//4847 2806//4847
f  2806//4848 2805//4848 2807//4848
f  2807//4849 2808//4849 2806//4849
f  2806//4850 2808//4850 2809//4850
f  2806//4851 2809//4851 2801//4851
f  2801//4852 2809//4852 2810//4852
f  2801//4853 2810//4853 2802//4853
f  2804//4854 2806//4854 2811//4854
f  2811//4855 2806//4855 2812//4855
f  2811//4856 2812//4856 2813//4856
f  2814//4857 2815//4857 2816//4857
f  2816//4858 2815//4858 2817//4858
f  2816//4859 2817//4859 2812//4859
f  2812//4860 2817//4860 2818//4860
f  2812//4861 2818//4861 2813//4861
f  2814//4862 2816//4862 2819//4862
f  2819//4863 2816//4863 2820//4863
f  2819//4864 2820//4864 2821//4864
f  2822//4865 2823//4865 2824//4865
f  2824//4866 2823//4866 2825//4866
f  2824//4867 2825//4867 2820//4867
f  2820//4868 2825//4868 2826//4868
f  2820//4869 2826//4869 2821//4869
f  2827//4870 2828//4870 2824//4870
f  2824//4871 2828//4871 2829//4871
f  2824//4872 2829//4872 2822//4872
f  2830//4873 2831//4873 2832//4873
f  2832//4874 2831//4874 2833//4874
f  2832//4875 2833//4875 2827//4875
f  2827//4876 2833//4876 2834//4876
f  2827//4877 2834//4877 2828//4877
f  2835//4878 2836//4878 2832//4878
f  2832//4879 2836//4879 2837//4879
f  2832//4880 2837//4880 2830//4880
f  2788//4881 2838//4881 2789//4881
f  2789//4882 2838//4882 2839//4882
f  2789//4883 2839//4883 2835//4883
f  2835//4884 2839//4884 2840//4884
f  2835//4885 2840//4885 2836//4885
f  2787//4886 2789//4886 2841//4886
f  2841//4887 2789//4887 2842//4887
f  2841//4888 2842//4888 2843//4888
f  2843//4889 2842//4889 2844//4889
f  2844//4890 2842//4890 2845//4890
f  2844//4891 2845//4891 2846//4891
f  2847//4892 2845//4892 2848//4892
f  2848//4893 2845//4893 2849//4893
f  2847//4894 2850//4894 2845//4894
f  2845//4895 2850//4895 2851//4895
f  2845//4896 2851//4896 2846//4896
f  2852//4897 2853//4897 2854//4897
f  2854//4898 2853//4898 2855//4898
f  2854//4899 2855//4899 2849//4899
f  2849//4900 2855//4900 2856//4900
f  2849//4901 2856//4901 2848//4901
f  2857//4902 2858//4902 2854//4902
f  2854//4903 2858//4903 2859//4903
f  2854//4904 2859//4904 2852//4904
f  2785//4905 2860//4905 2786//4905
f  2786//4906 2860//4906 2861//4906
f  2786//4907 2861//4907 2857//4907
f  2857//4908 2861//4908 2862//4908
f  2857//4909 2862//4909 2858//4909
f  2863//4910 2864//4910 2865//4910
f  2863//4911 2865//4911 2786//4911
f  2786//4912 2865//4912 2866//4912
f  2786//4913 2866//4913 2784//4913
f  2432//4914 2867//4914 2781//4914
f  2781//4915 2867//4915 2868//4915
f  2869//4916 2783//4916 2868//4916
f  2868//4917 2783//4917 2782//4917
f  2868//4918 2782//4918 2781//4918
f  2870//4919 2779//4919 2869//4919
f  2869//4920 2779//4920 2780//4920
f  2869//4921 2780//4921 2783//4921
f  2871//4922 2759//4922 2870//4922
f  2870//4923 2759//4923 2772//4923
f  2870//4924 2772//4924 2779//4924
f  2749//4925 2752//4925 2872//4925
f  2872//4926 2752//4926 2751//4926
f  2872//4927 2751//4927 2871//4927
f  2871//4928 2751//4928 2760//4928
f  2871//4929 2760//4929 2759//4929
f  2749//4930 2872//4930 2731//4930
f  2731//4931 2872//4931 2873//4931
f  2731//4932 2873//4932 2732//4932
f  2732//4933 2873//4933 2729//4933
f  2729//4934 2873//4934 2874//4934
f  2729//4935 2874//4935 2585//4935
f  2585//4936 2874//4936 2586//4936
f  2586//4937 2874//4937 2875//4937
f  2586//4938 2875//4938 2677//4938
f  2876//4939 2725//4939 2875//4939
f  2875//4940 2725//4940 2678//4940
f  2875//4941 2678//4941 2677//4941
f  2877//4942 2727//4942 2876//4942
f  2876//4943 2727//4943 2726//4943
f  2876//4944 2726//4944 2725//4944
f  2878//4945 2589//4945 2877//4945
f  2877//4946 2589//4946 2588//4946
f  2877//4947 2588//4947 2727//4947
f  2719//4948 2718//4948 2879//4948
f  2879//4949 2718//4949 2660//4949
f  2879//4950 2660//4950 2878//4950
f  2878//4951 2660//4951 2659//4951
f  2878//4952 2659//4952 2589//4952
f  2719//4953 2879//4953 2720//4953
f  2720//4954 2879//4954 2880//4954
f  2720//4955 2880//4955 2717//4955
f  2881//4956 2713//4956 2880//4956
f  2880//4957 2713//4957 2712//4957
f  2880//4958 2712//4958 2717//4958
f  2882//4959 2699//4959 2881//4959
f  2881//4960 2699//4960 2710//4960
f  2881//4961 2710//4961 2713//4961
f  2647//4962 2646//4962 2883//4962
f  2883//4963 2646//4963 2592//4963
f  2883//4964 2592//4964 2882//4964
f  2882//4965 2592//4965 2591//4965
f  2882//4966 2591//4966 2699//4966
f  2647//4967 2883//4967 2694//4967
f  2694//4968 2883//4968 2884//4968
f  2694//4969 2884//4969 2695//4969
f  2695//4970 2884//4970 2885//4970
f  2695//4971 2885//4971 2696//4971
f  2696//4972 2885//4972 2697//4972
f  2697//4973 2885//4973 2886//4973
f  2697//4974 2886//4974 2693//4974
f  2887//4975 2484//4975 2886//4975
f  2886//4976 2484//4976 2692//4976
f  2886//4977 2692//4977 2693//4977
f  2863//4978 2384//4978 2067//4978
f  2067//4979 2888//4979 2863//4979
f  2863//4980 2888//4980 2889//4980
f  2863//4981 2889//4981 2864//4981
f  2432//4982 2431//4982 2867//4982
f  2867//4983 2431//4983 2385//4983
f  2411//4984 2484//4984 2519//4984
f  2519//4985 2484//4985 2887//4985
f  2385//12 2384//12 2867//12
f  2867//12 2384//12 2863//12
f  2867//12 2863//12 2868//12
f  2868//12 2863//12 2786//12
f  2868//12 2786//12 2869//12
f  2869//12 2786//12 2857//12
f  2869//12 2857//12 2870//12
f  2870//12 2857//12 2854//12
f  2870//12 2854//12 2871//12
f  2871//12 2854//12 2849//12
f  2871//12 2849//12 2872//12
f  2872//12 2849//12 2845//12
f  2872//12 2845//12 2873//12
f  2873//12 2845//12 2842//12
f  2873//12 2842//12 2874//12
f  2874//12 2842//12 2789//12
f  2874//12 2789//12 2875//12
f  2875//12 2789//12 2835//12
f  2875//12 2835//12 2876//12
f  2876//12 2835//12 2832//12
f  2876//12 2832//12 2877//12
f  2877//12 2832//12 2827//12
f  2877//12 2827//12 2878//12
f  2878//12 2827//12 2824//12
f  2878//12 2824//12 2879//12
f  2879//12 2824//12 2820//12
f  2879//12 2820//12 2880//12
f  2880//12 2820//12 2816//12
f  2880//12 2816//12 2881//12
f  2881//12 2816//12 2812//12
f  2881//12 2812//12 2882//12
f  2882//12 2812//12 2806//12
f  2882//12 2806//12 2883//12
f  2883//12 2806//12 2801//12
f  2883//12 2801//12 2884//12
f  2884//12 2801//12 2797//12
f  2884//12 2797//12 2885//12
f  2885//12 2797//12 2795//12
f  2885//12 2795//12 2886//12
f  2886//12 2795//12 2791//12
f  2886//12 2791//12 2887//12
f  2887//12 2791//12 2076//12
f  2887//12 2076//12 2519//12
f  2519//4986 2076//4986 2074//4986
f  2890//4987 1186//4987 1198//4987
f  2330//4988 2584//4988 2891//4988
f  2891//4989 2584//4989 2892//4989
f  1186//4990 2890//4990 2893//4990
f  2893//4991 2890//4991 2894//4991
f  2893//4992 2894//4992 2895//4992
f  2895//4993 2894//4993 2896//4993
f  2895//4994 2896//4994 2897//4994
f  2897//4995 2896//4995 2898//4995
f  2897//4996 2898//4996 2899//4996
f  2899//4997 2898//4997 2900//4997
f  2899//4998 2900//4998 2901//4998
f  2901//4999 2900//4999 2902//4999
f  2901//5000 2902//5000 2903//5000
f  2903//5001 2902//5001 2904//5001
f  2903//5002 2904//5002 2905//5002
f  2905//5003 2904//5003 2892//5003
f  2905//5004 2892//5004 2906//5004
f  2906//5005 2892//5005 2584//5005
f  2906//5006 2584//5006 2238//5006
f  2171//5007 2044//5007 2004//5007
f  455//5008 2197//5008 424//5008
f  424//5009 2197//5009 425//5009
f  425//5010 2197//5010 2020//5010
f  2020//5011 2197//5011 2198//5011
f  2020//5012 2198//5012 2021//5012
f  2021//5013 2198//5013 2023//5013
f  2023//5014 2198//5014 2199//5014
f  2023//5015 2199//5015 2001//5015
f  2199//5016 2200//5016 2001//5016
f  2001//5017 2200//5017 2201//5017
f  2001//5018 2201//5018 2002//5018
f  2002//5019 2201//5019 2202//5019
f  2002//5020 2202//5020 2004//5020
f  2168//5021 2171//5021 2210//5021
f  2210//5022 2171//5022 2004//5022
f  2210//5023 2004//5023 2203//5023
f  2203//5024 2004//5024 2202//5024
f  497//5025 1755//5025 498//5025
f  498//5026 1755//5026 1757//5026
f  498//5027 1757//5027 2216//5027
f  2216//5028 1757//5028 1761//5028
f  2216//5029 1761//5029 2219//5029
f  2219//5030 1761//5030 1760//5030
f  2219//5031 1760//5031 2220//5031
f  2220//5032 1760//5032 1764//5032
f  2220//5033 1764//5033 2221//5033
f  2221//5034 1764//5034 1763//5034
f  2221//5035 1763//5035 2214//5035
f  1763//5036 1769//5036 2214//5036
f  2214//5037 1769//5037 1768//5037
f  2214//5038 1768//5038 2215//5038
f  2215//5039 1768//5039 1766//5039
f  2215//5040 1766//5040 2213//5040
f  2213//5041 1766//5041 1772//5041
f  2213//5042 1772//5042 2212//5042
f  2217//5043 2185//5043 2218//5043
f  2218//5044 2185//5044 2184//5044
f  2218//5045 2184//5045 2187//5045
f  1772//5046 1771//5046 2212//5046
f  2212//5047 1771//5047 1777//5047
f  2212//5048 1777//5048 2211//5048
f  2211//5049 1777//5049 1776//5049
f  2211//5050 1776//5050 2217//5050
f  2217//5051 1776//5051 2186//5051
f  2217//5052 2186//5052 2185//5052
f  2229//5053 2148//5053 2907//5053
f  2907//5054 2148//5054 2149//5054
f  2907//5055 2149//5055 2908//5055
f  2908//5056 2149//5056 2150//5056
f  2908//5057 2150//5057 2909//5057
f  2909//5058 2150//5058 2151//5058
f  2909//5059 2151//5059 2910//5059
f  2910//5060 2151//5060 2160//5060
f  2910//5061 2160//5061 2911//5061
f  2911//5062 2160//5062 2159//5062
f  2911//5063 2159//5063 2912//5063
f  2912//5064 2159//5064 2913//5064
f  2913//5065 2159//5065 2158//5065
f  2913//5066 2158//5066 2914//5066
f  2155//5067 2915//5067 2156//5067
f  2156//5068 2915//5068 2914//5068
f  2156//5069 2914//5069 2157//5069
f  2157//5070 2914//5070 2158//5070
f  1158//5071 1157//5071 2152//5071
f  2152//5072 1157//5072 2916//5072
f  2152//5073 2916//5073 2153//5073
f  2153//5074 2916//5074 2917//5074
f  2153//5075 2917//5075 2154//5075
f  2154//5076 2917//5076 2918//5076
f  2154//5077 2918//5077 2155//5077
f  2155//5078 2918//5078 2919//5078
f  2155//5079 2919//5079 2915//5079
f  2920//5080 2915//5080 2919//5080
f  2920//5081 2919//5081 2921//5081
f  2921//5082 2919//5082 2918//5082
f  2921//5083 2918//5083 2922//5083
f  2922//5084 2918//5084 2917//5084
f  2922//5085 2917//5085 2923//5085
f  2923//5086 2917//5086 2916//5086
f  2923//5087 2916//5087 2924//5087
f  2924//5088 2916//5088 1157//5088
f  2924//5089 1157//5089 546//5089
f  2920//5090 2925//5090 2915//5090
f  2915//5091 2925//5091 2926//5091
f  2915//5092 2926//5092 2914//5092
f  2914//5093 2926//5093 2927//5093
f  2914//5094 2927//5094 2913//5094
f  2913//5095 2927//5095 2928//5095
f  2913//5096 2928//5096 2912//5096
f  2912//5097 2928//5097 2929//5097
f  2912//5098 2929//5098 2911//5098
f  2911//5099 2929//5099 2930//5099
f  2911//5100 2930//5100 2910//5100
f  2910//5101 2930//5101 2931//5101
f  2910//5102 2931//5102 2909//5102
f  2909//5103 2931//5103 2932//5103
f  2909//5104 2932//5104 2908//5104
f  2908//5105 2932//5105 2933//5105
f  2908//5106 2933//5106 2907//5106
f  2907//5107 2933//5107 2232//5107
f  2907//5108 2232//5108 2229//5108
f  2261//5109 2292//5109 2260//5109
f  2260//5110 2292//5110 2161//5110
f  2934//5111 2164//5111 2162//5111
f  2161//5112 2292//5112 2162//5112
f  2162//5113 2292//5113 2291//5113
f  2162//5114 2291//5114 2934//5114
f  2935//5115 2936//5115 2262//5115
f  2262//5116 2936//5116 2937//5116
f  2262//5117 2937//5117 2289//5117
f  2289//5118 2937//5118 2934//5118
f  2289//5119 2934//5119 2290//5119
f  2290//5120 2934//5120 2291//5120
f  714//5121 713//5121 2265//5121
f  2265//5122 713//5122 2938//5122
f  2265//5123 2938//5123 2266//5123
f  2266//5124 2938//5124 2939//5124
f  2266//5125 2939//5125 2262//5125
f  2262//5126 2939//5126 2940//5126
f  2262//5127 2940//5127 2935//5127
f  2329//5128 2310//5128 2307//5128
f  2329//5129 2319//5129 2941//5129
f  545//5130 717//5130 2942//5130
f  2942//5131 717//5131 2943//5131
f  2942//5132 2943//5132 2944//5132
f  2945//5133 2946//5133 2943//5133
f  2943//5134 2946//5134 2947//5134
f  2943//5135 2947//5135 2944//5135
f  2948//5136 2949//5136 2945//5136
f  2945//5137 2949//5137 2950//5137
f  2945//5138 2950//5138 2946//5138
f  2951//5139 2952//5139 2953//5139
f  2952//5140 2951//5140 2954//5140
f  2954//5141 2951//5141 2955//5141
f  2954//5142 2955//5142 2956//5142
f  2957//5143 2958//5143 2955//5143
f  2955//5144 2958//5144 2959//5144
f  2955//5145 2959//5145 2956//5145
f  2319//5146 2318//5146 2941//5146
f  2941//5147 2318//5147 2960//5147
f  2941//5148 2960//5148 2957//5148
f  2957//5149 2960//5149 2961//5149
f  2957//5150 2961//5150 2958//5150
f  2310//5151 2329//5151 2311//5151
f  2311//5152 2329//5152 2941//5152
f  2311//5153 2941//5153 2276//5153
f  2276//5154 2941//5154 2957//5154
f  2276//5155 2957//5155 2277//5155
f  2951//5156 2287//5156 2955//5156
f  2955//5157 2287//5157 2286//5157
f  2955//5158 2286//5158 2957//5158
f  2957//5159 2286//5159 2278//5159
f  2957//5160 2278//5160 2277//5160
f  2268//5161 2264//5161 2951//5161
f  2951//5162 2264//5162 2263//5162
f  2951//5163 2263//5163 2287//5163
f  2953//5164 2948//5164 2951//5164
f  2951//5165 2948//5165 2945//5165
f  2951//5166 2945//5166 2268//5166
f  2268//5167 2945//5167 2943//5167
f  2268//5168 2943//5168 2267//5168
f  2267//5169 2943//5169 2279//5169
f  2279//5170 2943//5170 717//5170
f  2279//5171 717//5171 718//5171
f  546//5172 545//5172 2924//5172
f  2924//5173 545//5173 2942//5173
f  2924//5174 2942//5174 2923//5174
f  2923//5175 2942//5175 2944//5175
f  2923//5176 2944//5176 2922//5176
f  2922//5177 2944//5177 2947//5177
f  2922//5178 2947//5178 2921//5178
f  2921//5179 2947//5179 2946//5179
f  2921//5180 2946//5180 2920//5180
f  2920//5181 2946//5181 2950//5181
f  2920//5182 2950//5182 2925//5182
f  2925//5183 2950//5183 2949//5183
f  2925//5184 2949//5184 2926//5184
f  2926//5185 2949//5185 2948//5185
f  2926//5186 2948//5186 2927//5186
f  2927//5187 2948//5187 2953//5187
f  2927//5188 2953//5188 2928//5188
f  2953//5189 2952//5189 2928//5189
f  2928//5190 2952//5190 2954//5190
f  2928//5191 2954//5191 2929//5191
f  2929//5192 2954//5192 2956//5192
f  2929//5193 2956//5193 2930//5193
f  2930//5194 2956//5194 2959//5194
f  2930//5195 2959//5195 2931//5195
f  2931//5196 2959//5196 2932//5196
f  2318//5197 2232//5197 2960//5197
f  2960//5198 2232//5198 2933//5198
f  2960//5199 2933//5199 2961//5199
f  2961//5200 2933//5200 2932//5200
f  2961//5201 2932//5201 2958//5201
f  2958//5202 2932//5202 2959//5202
f  1145//5203 1144//5203 2962//5203
f  2938//5204 713//5204 1145//5204
f  1145//5205 2962//5205 2938//5205
f  2938//5206 2962//5206 2963//5206
f  2938//5207 2963//5207 2939//5207
f  2939//5208 2963//5208 2964//5208
f  2939//5209 2964//5209 2940//5209
f  2940//5210 2964//5210 2965//5210
f  2940//5211 2965//5211 2935//5211
f  2935//5212 2965//5212 2936//5212
f  2936//5213 2965//5213 2966//5213
f  2936//5214 2966//5214 2937//5214
f  2247//5215 2164//5215 2967//5215
f  2967//5216 2164//5216 2934//5216
f  2967//5217 2934//5217 2968//5217
f  2968//5218 2934//5218 2937//5218
f  2968//5219 2937//5219 2969//5219
f  2969//5220 2937//5220 2966//5220
f  1194//5221 147//5221 146//5221
f  1194//5222 146//5222 1195//5222
f  1195//5223 146//5223 1252//5223
f  1195//5224 1252//5224 1196//5224
f  1196//5225 1252//5225 1247//5225
f  1196//5226 1247//5226 1197//5226
f  1197//3850 1247//3850 1245//3850
f  1197//5227 1245//5227 1198//5227
f  2970//3850 2331//3850 2330//3850
f  2330//5228 2891//5228 2970//5228
f  2970//5229 2891//5229 2892//5229
f  2970//5230 2892//5230 2971//5230
f  2892//5231 2904//5231 2971//5231
f  2971//5232 2904//5232 2902//5232
f  2971//5233 2902//5233 2972//5233
f  2972//5234 2902//5234 2900//5234
f  2972//5235 2900//5235 2973//5235
f  2973//5236 2900//5236 2898//5236
f  2973//5237 2898//5237 2974//5237
f  2974//5238 2898//5238 2896//5238
f  2974//5239 2896//5239 2975//5239
f  2975//5240 2896//5240 2894//5240
f  2975//5241 2894//5241 2976//5241
f  2976//5242 2894//5242 2890//5242
f  2976//5243 2890//5243 1240//5243
f  1240//5244 2890//5244 1198//5244
f  1240//5245 1198//5245 1241//5245
f  1241//5246 1198//5246 1245//5246
f  2248//5247 2247//5247 2967//5247
f  2906//5248 2238//5248 2967//5248
f  2967//5249 2238//5249 2240//5249
f  2967//5250 2240//5250 2248//5250
f  2906//5251 2967//5251 2905//5251
f  2905//5252 2967//5252 2968//5252
f  2905//5253 2968//5253 2903//5253
f  2903//5254 2968//5254 2969//5254
f  2903//5255 2969//5255 2901//5255
f  2901//5256 2969//5256 2966//5256
f  2901//5257 2966//5257 2899//5257
f  1182//5258 1186//5258 2893//5258
f  2899//5259 2966//5259 2897//5259
f  2897//5260 2966//5260 2965//5260
f  2897//5261 2965//5261 2895//5261
f  2895//5262 2965//5262 2964//5262
f  2895//5263 2964//5263 2893//5263
f  2893//5264 2964//5264 2963//5264
f  2893//5265 2963//5265 1182//5265
f  1182//5266 2963//5266 2962//5266
f  1182//5267 2962//5267 1144//5267
f  2519//5268 2074//5268 2520//5268
f  2520//5269 2074//5269 2123//5269
f  2520//5270 2123//5270 2521//5270
f  2123//5271 2120//5271 2521//5271
f  2521//5272 2120//5272 2117//5272
f  2521//5273 2117//5273 2522//5273
f  2522//5274 2117//5274 2114//5274
f  2522//5275 2114//5275 2523//5275
f  2523//5276 2114//5276 2112//5276
f  2523//5277 2112//5277 2524//5277
f  2524//5278 2112//5278 2109//5278
f  2524//5279 2109//5279 2525//5279
f  2525//5280 2109//5280 2108//5280
f  2525//5281 2108//5281 2526//5281
f  2526//5282 2108//5282 2527//5282
f  2527//5283 2108//5283 2106//5283
f  2527//5284 2106//5284 2548//5284
f  2546//5285 2551//5285 2104//5285
f  2104//5286 2551//5286 2550//5286
f  2104//5287 2550//5287 2106//5287
f  2106//5288 2550//5288 2549//5288
f  2106//5289 2549//5289 2548//5289
f  2094//5290 2547//5290 2096//5290
f  2096//5291 2547//5291 2538//5291
f  2096//5292 2538//5292 2098//5292
f  2098//5293 2538//5293 2537//5293
f  2098//5294 2537//5294 2100//5294
f  2100//5295 2537//5295 2546//5295
f  2100//5296 2546//5296 2102//5296
f  2102//5297 2546//5297 2104//5297
f  2540//5298 2553//5298 2094//5298
f  2094//5299 2553//5299 2545//5299
f  2094//5300 2545//5300 2547//5300
f  2094//5301 2092//5301 2540//5301
f  2540//5302 2092//5302 2091//5302
f  2540//5303 2091//5303 2541//5303
f  2541//5304 2091//5304 2089//5304
f  2541//5305 2089//5305 2087//5305
f  2222//5306 2224//5306 2087//5306
f  2087//5307 2224//5307 2226//5307
f  2087//5308 2226//5308 2541//5308
f  2087//5309 2083//5309 2222//5309
f  2222//5310 2083//5310 2082//5310
f  2222//5311 2082//5311 2148//5311
f  2073//5312 2075//5312 2977//5312
f  2107//5313 2110//5313 1718//5313
f  2110//5314 2111//5314 1718//5314
f  1718//5315 2111//5315 2113//5315
f  1718//5316 2113//5316 2115//5316
f  2115//5317 2116//5317 1718//5317
f  1718//5318 2116//5318 2118//5318
f  1718//5319 2118//5319 2119//5319
f  2119//5320 2121//5320 1718//5320
f  1718//5321 2121//5321 2122//5321
f  1718//5322 2122//5322 2124//5322
f  1722//5323 2093//5323 1724//5323
f  1724//5324 2093//5324 2095//5324
f  2095//5325 2097//5325 1724//5325
f  1724//5326 2097//5326 2099//5326
f  1724//5327 2099//5327 2101//5327
f  1718//5328 1669//5328 2107//5328
f  2107//5329 1669//5329 1725//5329
f  2107//5330 1725//5330 2105//5330
f  2105//5331 1725//5331 1724//5331
f  2105//5332 1724//5332 2103//5332
f  2103//5333 1724//5333 2101//5333
f  1731//5334 2086//5334 1729//5334
f  1729//5335 2086//5335 2088//5335
f  1729//5336 2088//5336 1728//5336
f  1728//5337 2088//5337 2090//5337
f  1728//5338 2090//5338 1726//5338
f  1726//5339 2090//5339 2093//5339
f  1726//5340 2093//5340 1721//5340
f  1721//5341 2093//5341 1722//5341
f  1736//5342 2144//5342 2078//5342
f  1736//5343 2078//5343 1737//5343
f  1737//5344 2078//5344 2080//5344
f  1737//5345 2080//5345 1734//5345
f  1734//5346 2080//5346 2081//5346
f  1734//5347 2081//5347 1732//5347
f  1732//5348 2081//5348 2084//5348
f  1732//5349 2084//5349 1731//5349
f  1731//5350 2084//5350 2085//5350
f  1731//5351 2085//5351 2086//5351
f  2144//5352 1736//5352 2145//5352
f  2145//5353 1736//5353 1735//5353
f  2145//5354 1735//5354 2142//5354
f  2142//5355 1735//5355 1666//5355
f  2142//5356 1666//5356 2143//5356
f  2143//5357 1666//5357 1742//5357
f  2143//5358 1742//5358 2137//5358
f  2137//5359 1742//5359 1741//5359
f  2137//5360 1741//5360 2139//5360
f  1741//5361 1739//5361 2139//5361
f  2139//5362 1739//5362 1738//5362
f  2139//5363 1738//5363 2140//5363
f  2140//5364 1738//5364 1743//5364
f  2140//5365 1743//5365 2134//5365
f  2134//5366 1743//5366 1745//5366
f  2134//5367 1745//5367 2135//5367
f  2135//5368 1745//5368 1746//5368
f  2135//5369 1746//5369 2127//5369
f  2127//5370 1746//5370 1748//5370
f  2127//5371 1748//5371 2129//5371
f  2129//5372 1748//5372 1749//5372
f  2129//5373 1749//5373 2131//5373
f  1749//5374 1751//5374 2131//5374
f  2131//5375 1751//5375 1754//5375
f  2131//5376 1754//5376 2132//5376
f  2132//5377 1754//5377 1753//5377
f  380//5378 375//5378 1753//5378
f  1753//5379 375//5379 374//5379
f  1753//5380 374//5380 2132//5380
f  2978//5381 2979//5381 1717//5381
f  2124//5382 2073//5382 1718//5382
f  1718//5383 2073//5383 2977//5383
f  1718//5384 2977//5384 1719//5384
f  1719//5385 2977//5385 2978//5385
f  1719//5386 2978//5386 1720//5386
f  1720//5387 2978//5387 1717//5387
f  2980//5388 1712//5388 2981//5388
f  2981//5389 1712//5389 1714//5389
f  2981//5390 1714//5390 2979//5390
f  2979//5391 1714//5391 1715//5391
f  2979//5392 1715//5392 1717//5392
f  2982//5393 2983//5393 1706//5393
f  1706//5394 1705//5394 2982//5394
f  2982//5395 1705//5395 1709//5395
f  2982//5396 1709//5396 2980//5396
f  2980//5397 1709//5397 1711//5397
f  2980//5398 1711//5398 1712//5398
f  2984//5399 1704//5399 2985//5399
f  2985//5400 1704//5400 1703//5400
f  2985//5401 1703//5401 2983//5401
f  2983//5402 1703//5402 1708//5402
f  2983//5403 1708//5403 1706//5403
f  2986//5404 1695//5404 1693//5404
f  2986//5405 1693//5405 2987//5405
f  1693//5406 1692//5406 2987//5406
f  2987//5407 1692//5407 1699//5407
f  2987//5408 1699//5408 2984//5408
f  2984//5409 1699//5409 1701//5409
f  2984//5410 1701//5410 1704//5410
f  1695//5411 2986//5411 1697//5411
f  1697//5412 2986//5412 2988//5412
f  1697//5413 2988//5413 1698//5413
f  1698//5414 2988//5414 2989//5414
f  1698//5415 2989//5415 1690//5415
f  2888//5416 2067//5416 2990//5416
f  2990//5417 2067//5417 2991//5417
f  1690//5418 2989//5418 1691//5418
f  1691//5419 2989//5419 2992//5419
f  1691//5420 2992//5420 1942//5420
f  1942//5421 2992//5421 2993//5421
f  1942//5422 2993//5422 1687//5422
f  1687//5423 2993//5423 2994//5423
f  1687//5424 2994//5424 1688//5424
f  1688//5425 2994//5425 2995//5425
f  1688//5426 2995//5426 1682//5426
f  1682//5427 2995//5427 2996//5427
f  1682//5428 2996//5428 1684//5428
f  1684//5429 2996//5429 2997//5429
f  1684//5430 2997//5430 1685//5430
f  1685//5431 2997//5431 2998//5431
f  1685//5432 2998//5432 1677//5432
f  1677//5433 2998//5433 2991//5433
f  1677//5434 2991//5434 1679//5434
f  1679//5435 2991//5435 2067//5435
f  1679//5436 2067//5436 1675//5436
f  2999//5437 3000//5437 3001//5437
f  3002//5438 3003//5438 3004//5438
f  3005//5439 3006//5439 3007//5439
f  3008//5440 3009//5440 3010//5440
f  3011//5441 3012//5441 3013//5441
f  3012//5442 3011//5442 3014//5442
f  2843//5443 2844//5443 3015//5443
f  2846//5444 2851//5444 3016//5444
f  2859//5445 2858//5445 3001//5445
f  2856//5446 2855//5446 3000//5446
f  3000//5447 2855//5447 2853//5447
f  3000//5448 2853//5448 3001//5448
f  3001//5449 2853//5449 2852//5449
f  3001//5450 2852//5450 2859//5450
f  2850//5451 2847//5451 3017//5451
f  3017//5452 2847//5452 2848//5452
f  2843//5453 3015//5453 2841//5453
f  2838//5454 2788//5454 3018//5454
f  3018//5455 2788//5455 2787//5455
f  2839//5456 3019//5456 2840//5456
f  2840//5457 3019//5457 3020//5457
f  2840//5458 3020//5458 2836//5458
f  3021//5459 2831//5459 3022//5459
f  3022//5460 2831//5460 2830//5460
f  3022//5461 2830//5461 2837//5461
f  3023//5462 2834//5462 2833//5462
f  3024//5463 2829//5463 3023//5463
f  3023//5464 2829//5464 2828//5464
f  3023//5465 2828//5465 2834//5465
f  2821//5466 2826//5466 3025//5466
f  3025//5467 2826//5467 2825//5467
f  3025//5468 2825//5468 3026//5468
f  3026//5469 2825//5469 2823//5469
f  3026//5470 2823//5470 2822//5470
f  3027//5471 2814//5471 3025//5471
f  3025//5472 2814//5472 2819//5472
f  3025//5473 2819//5473 2821//5473
f  3028//5474 2817//5474 2815//5474
f  2817//5475 3028//5475 2818//5475
f  2818//5476 3028//5476 3029//5476
f  2818//5477 3029//5477 2813//5477
f  2807//5478 2805//5478 3030//5478
f  3030//5479 2805//5479 2804//5479
f  3030//5480 2804//5480 3029//5480
f  3029//5481 2804//5481 2811//5481
f  3029//5482 2811//5482 2813//5482
f  2807//5483 3030//5483 2808//5483
f  2808//5484 3030//5484 3031//5484
f  2808//5485 3031//5485 2809//5485
f  2798//5486 2803//5486 3032//5486
f  3032//5487 2803//5487 2802//5487
f  3032//5488 2802//5488 3031//5488
f  3031//5489 2802//5489 2810//5489
f  3031//5490 2810//5490 2809//5490
f  3014//5491 2794//5491 3012//5491
f  3012//5492 2794//5492 2796//5492
f  3012//5493 2796//5493 2800//5493
f  3033//5494 3034//5494 3035//5494
f  3034//5495 3033//5495 3036//5495
f  3036//5496 3033//5496 3037//5496
f  3036//5497 3037//5497 3038//5497
f  3039//5498 3040//5498 3041//5498
f  3040//5499 3039//5499 3042//5499
f  3042//5500 3039//5500 3043//5500
f  3042//5501 3043//5501 3044//5501
f  3045//5502 3046//5502 3047//5502
f  3047//5503 3046//5503 3048//5503
f  3047//5504 3048//5504 3049//5504
f  3050//5505 3051//5505 3052//5505
f  3052//5506 3051//5506 3053//5506
f  3054//5507 3055//5507 3056//5507
f  3056//5508 3055//5508 3057//5508
f  3056//5509 3057//5509 3058//5509
f  3059//5510 3060//5510 3061//5510
f  3060//5511 3059//5511 3062//5511
f  3062//5512 3059//5512 2999//5512
f  3062//5513 2999//5513 3002//5513
f  3002//5514 2999//5514 3003//5514
f  3003//5515 2999//5515 3001//5515
f  3003//5516 3001//5516 3004//5516
f  3004//5517 3001//5517 2858//5517
f  3004//5518 2858//5518 3063//5518
f  3063//5519 2858//5519 2862//5519
f  3063//5520 2862//5520 2861//5520
f  2848//5521 2856//5521 3017//5521
f  3017//5522 2856//5522 3000//5522
f  3017//5523 3000//5523 3064//5523
f  3064//5524 3000//5524 2999//5524
f  3064//5525 2999//5525 3007//5525
f  3007//5526 2999//5526 3059//5526
f  3007//5527 3059//5527 3005//5527
f  3005//5528 3059//5528 3061//5528
f  2851//5529 2850//5529 3016//5529
f  3016//5530 2850//5530 3017//5530
f  3016//5531 3017//5531 3065//5531
f  3065//5532 3017//5532 3064//5532
f  3065//5533 3064//5533 3066//5533
f  3066//5534 3064//5534 3007//5534
f  3066//5535 3007//5535 3054//5535
f  3054//5536 3007//5536 3006//5536
f  3054//5537 3006//5537 3055//5537
f  3055//5538 3006//5538 3005//5538
f  2844//5539 2846//5539 3015//5539
f  3015//5540 2846//5540 3016//5540
f  3015//5541 3016//5541 3067//5541
f  3067//5542 3016//5542 3065//5542
f  3067//5543 3065//5543 3068//5543
f  3068//5544 3065//5544 3066//5544
f  3068//5545 3066//5545 3069//5545
f  3069//5546 3066//5546 3054//5546
f  3069//5547 3054//5547 3053//5547
f  3053//5548 3054//5548 3056//5548
f  3053//5549 3056//5549 3052//5549
f  3052//5550 3056//5550 3058//5550
f  2787//5551 2841//5551 3018//5551
f  3018//5552 2841//5552 3015//5552
f  3018//5553 3015//5553 3070//5553
f  3070//5554 3015//5554 3067//5554
f  3070//5555 3067//5555 3071//5555
f  3071//5556 3067//5556 3068//5556
f  3071//5557 3068//5557 3072//5557
f  3072//5558 3068//5558 3069//5558
f  3072//5559 3069//5559 3073//5559
f  3073//5560 3069//5560 3053//5560
f  3073//5561 3053//5561 3048//5561
f  3048//5562 3053//5562 3051//5562
f  3048//5563 3051//5563 3049//5563
f  3049//5564 3051//5564 3050//5564
f  2839//5565 2838//5565 3019//5565
f  3019//5566 2838//5566 3018//5566
f  3019//5567 3018//5567 3020//5567
f  3020//5568 3018//5568 3070//5568
f  3020//5569 3070//5569 3074//5569
f  3074//5570 3070//5570 3071//5570
f  3074//5571 3071//5571 3075//5571
f  3075//5572 3071//5572 3072//5572
f  3075//5573 3072//5573 3076//5573
f  3076//5574 3072//5574 3073//5574
f  3076//5575 3073//5575 3077//5575
f  3077//5576 3073//5576 3048//5576
f  3077//5577 3048//5577 3043//5577
f  3043//5578 3048//5578 3046//5578
f  3043//5579 3046//5579 3044//5579
f  3044//5580 3046//5580 3045//5580
f  2837//5581 2836//5581 3022//5581
f  3022//5582 2836//5582 3020//5582
f  3022//5583 3020//5583 3021//5583
f  3021//5584 3020//5584 3074//5584
f  3021//5585 3074//5585 3078//5585
f  3078//5586 3074//5586 3075//5586
f  3078//5587 3075//5587 3079//5587
f  3079//5588 3075//5588 3076//5588
f  3079//5589 3076//5589 3080//5589
f  3080//5590 3076//5590 3077//5590
f  3080//5591 3077//5591 3081//5591
f  3081//5592 3077//5592 3043//5592
f  3081//5593 3043//5593 3037//5593
f  3037//5594 3043//5594 3039//5594
f  3037//5595 3039//5595 3038//5595
f  3038//5596 3039//5596 3041//5596
f  2833//5597 2831//5597 3023//5597
f  3023//5598 2831//5598 3021//5598
f  3023//5599 3021//5599 3024//5599
f  3024//5600 3021//5600 3078//5600
f  3024//5601 3078//5601 3082//5601
f  3082//5602 3078//5602 3079//5602
f  3082//5603 3079//5603 3083//5603
f  3083//5604 3079//5604 3080//5604
f  3083//5605 3080//5605 3084//5605
f  3084//5606 3080//5606 3081//5606
f  3084//5607 3081//5607 3085//5607
f  3085//5608 3081//5608 3037//5608
f  3085//5609 3037//5609 3010//5609
f  3010//5610 3037//5610 3033//5610
f  3010//5611 3033//5611 3008//5611
f  3008//5612 3033//5612 3035//5612
f  2815//5613 2814//5613 3028//5613
f  3028//5614 2814//5614 3027//5614
f  3028//5615 3027//5615 3029//5615
f  3029//5616 3027//5616 3086//5616
f  3029//5617 3086//5617 3030//5617
f  3030//5618 3086//5618 3087//5618
f  3030//5619 3087//5619 3031//5619
f  3031//5620 3087//5620 3088//5620
f  3031//5621 3088//5621 3032//5621
f  3032//5622 3088//5622 3013//5622
f  3032//5623 3013//5623 2798//5623
f  2798//5624 3013//5624 3012//5624
f  2798//5625 3012//5625 2799//5625
f  2799//5626 3012//5626 2800//5626
f  2822//5627 2829//5627 3026//5627
f  3026//5628 2829//5628 3024//5628
f  3026//5629 3024//5629 3025//5629
f  3025//5630 3024//5630 3082//5630
f  3025//5631 3082//5631 3027//5631
f  3027//5632 3082//5632 3083//5632
f  3027//5633 3083//5633 3086//5633
f  3086//5634 3083//5634 3084//5634
f  3086//5635 3084//5635 3087//5635
f  3087//5636 3084//5636 3085//5636
f  3087//5637 3085//5637 3088//5637
f  3088//5638 3085//5638 3010//5638
f  3088//5639 3010//5639 3013//5639
f  3013//5640 3010//5640 3009//5640
f  3013//5641 3009//5641 3011//5641
f  3011//5642 3009//5642 3008//5642
f  3089//5643 3090//5643 3091//5643
f  3044//5644 3045//5644 3092//5644
f  3093//5645 3094//5645 3095//5645
f  2889//5646 2888//5646 2990//5646
f  3096//5647 2978//5647 2977//5647
f  2864//5648 3097//5648 2865//5648
f  2865//5649 3097//5649 3098//5649
f  2865//5650 3098//5650 2866//5650
f  2866//5651 3098//5651 2784//5651
f  3099//5652 3004//5652 3063//5652
f  2784//5653 3098//5653 2785//5653
f  2785//5654 3098//5654 3099//5654
f  2785//5655 3099//5655 2860//5655
f  2860//5656 3099//5656 3063//5656
f  2860//5657 3063//5657 2861//5657
f  3095//5658 3060//5658 3093//5658
f  3093//5659 3060//5659 3062//5659
f  3093//5660 3062//5660 3002//5660
f  3100//5661 3101//5661 3058//5661
f  3102//5662 3103//5662 3104//5662
f  3104//5663 3103//5663 3105//5663
f  3104//5664 3105//5664 3106//5664
f  3106//5665 3105//5665 3101//5665
f  3106//5666 3101//5666 3107//5666
f  3107//5667 3101//5667 3100//5667
f  3107//5668 3100//5668 3108//5668
f  3108//5669 3100//5669 3109//5669
f  3108//5670 3109//5670 3110//5670
f  3110//5671 3109//5671 3095//5671
f  3110//5672 3095//5672 3111//5672
f  3111//5673 3095//5673 3094//5673
f  3058//5674 3057//5674 3100//5674
f  3100//5675 3057//5675 3055//5675
f  3100//5676 3055//5676 3109//5676
f  3109//5677 3055//5677 3005//5677
f  3109//5678 3005//5678 3095//5678
f  3095//5679 3005//5679 3061//5679
f  3095//5680 3061//5680 3060//5680
f  3112//5681 3091//5681 3113//5681
f  3113//5682 3091//5682 3114//5682
f  3113//5683 3114//5683 3115//5683
f  3115//5684 3114//5684 3116//5684
f  3115//5685 3116//5685 3117//5685
f  3117//5686 3116//5686 3118//5686
f  3118//5687 3036//5687 3038//5687
f  2984//5688 3117//5688 3119//5688
f  3119//5689 3117//5689 3118//5689
f  3119//5690 3118//5690 3120//5690
f  3120//5691 3118//5691 3038//5691
f  3044//5692 3092//5692 3042//5692
f  3038//5693 3041//5693 3120//5693
f  3120//5694 3041//5694 3040//5694
f  3120//5695 3040//5695 3042//5695
f  3091//5696 3090//5696 3114//5696
f  3114//5697 3090//5697 3121//5697
f  3114//5698 3121//5698 3116//5698
f  3116//5699 3121//5699 3122//5699
f  3116//5700 3122//5700 3118//5700
f  3118//5701 3122//5701 3034//5701
f  3118//5702 3034//5702 3036//5702
f  2793//5703 3089//5703 2792//5703
f  2792//5704 3089//5704 3123//5704
f  2792//5705 3123//5705 2790//5705
f  2790//5706 3123//5706 3096//5706
f  2790//5707 3096//5707 2077//5707
f  2077//5708 3096//5708 2977//5708
f  2077//5709 2977//5709 2075//5709
f  3045//5710 3103//5710 3092//5710
f  3092//5711 3103//5711 3102//5711
f  3092//5712 3102//5712 3124//5712
f  3124//5713 3102//5713 2986//5713
f  3124//5714 2986//5714 2987//5714
f  3042//5715 3092//5715 3120//5715
f  3120//5716 3092//5716 3124//5716
f  3120//5717 3124//5717 3119//5717
f  3119//5718 3124//5718 2987//5718
f  3119//5719 2987//5719 2984//5719
f  3089//5720 3091//5720 3123//5720
f  3123//5721 3091//5721 3112//5721
f  3123//5722 3112//5722 3096//5722
f  3096//5723 3112//5723 2979//5723
f  3096//5724 2979//5724 2978//5724
f  2984//5725 2985//5725 3117//5725
f  3117//5726 2985//5726 2983//5726
f  3117//5727 2983//5727 3115//5727
f  3115//5728 2983//5728 2982//5728
f  3115//5729 2982//5729 3113//5729
f  3113//5730 2982//5730 2980//5730
f  3113//5731 2980//5731 3112//5731
f  3112//5732 2980//5732 2981//5732
f  3112//5733 2981//5733 2979//5733
f  2991//5734 3097//5734 2990//5734
f  2990//5735 3097//5735 2864//5735
f  2990//5736 2864//5736 2889//5736
f  2991//5737 3111//5737 3097//5737
f  3097//5738 3111//5738 3094//5738
f  3097//5739 3094//5739 3098//5739
f  3098//5740 3094//5740 3093//5740
f  3098//5741 3093//5741 3099//5741
f  3099//5742 3093//5742 3002//5742
f  3099//5743 3002//5743 3004//5743
f  2991//5744 2998//5744 3111//5744
f  3111//5745 2998//5745 2997//5745
f  3111//5746 2997//5746 3110//5746
f  3110//5747 2997//5747 2996//5747
f  3110//5748 2996//5748 3108//5748
f  3108//5749 2996//5749 2995//5749
f  3108//5750 2995//5750 3107//5750
f  2793//5751 2794//5751 3089//5751
f  3089//5752 2794//5752 3014//5752
f  3089//5753 3014//5753 3090//5753
f  3090//5754 3014//5754 3011//5754
f  3090//5755 3011//5755 3121//5755
f  3121//5756 3011//5756 3008//5756
f  3121//5757 3008//5757 3122//5757
f  3122//5758 3008//5758 3035//5758
f  3122//5759 3035//5759 3034//5759
f  3045//5760 3047//5760 3103//5760
f  3103//5761 3047//5761 3049//5761
f  3103//5762 3049//5762 3105//5762
f  3105//5763 3049//5763 3050//5763
f  3105//5764 3050//5764 3101//5764
f  3101//5765 3050//5765 3052//5765
f  3101//5766 3052//5766 3058//5766
f  2995//5767 2994//5767 3107//5767
f  3107//5768 2994//5768 2993//5768
f  3107//5769 2993//5769 3106//5769
f  3106//5770 2993//5770 2992//5770
f  3106//5771 2992//5771 3104//5771
f  3104//5772 2992//5772 2989//5772
f  3104//5773 2989//5773 3102//5773
f  3102//5774 2989//5774 2988//5774
f  3102//5775 2988//5775 2986//5775
f  2059//5776 2057//5776 3125//5776
f  3126//5777 3127//5777 3128//5777
f  3129//5778 3130//5778 3131//5778
f  3132//5779 3131//5779 3133//5779
f  1674//5780 1675//5780 2063//5780
f  3134//5781 3135//5781 3136//5781
f  3137//5782 3138//5782 3139//5782
f  3139//5783 3138//5783 2169//5783
f  3139//5784 2169//5784 2165//5784
f  2170//5785 3140//5785 2172//5785
f  2172//5786 3140//5786 2019//5786
f  2172//5787 2019//5787 2044//5787
f  2170//5788 2169//5788 3140//5788
f  3140//5789 2169//5789 3138//5789
f  3140//5790 3138//5790 3141//5790
f  3141//5791 3138//5791 3137//5791
f  3141//5792 3137//5792 3135//5792
f  3142//5793 2016//5793 2017//5793
f  3135//5794 3134//5794 3141//5794
f  3141//5795 3134//5795 3142//5795
f  3141//5796 3142//5796 3140//5796
f  3140//5797 3142//5797 2017//5797
f  3140//5798 2017//5798 2019//5798
f  2057//5799 2054//5799 3125//5799
f  3125//5800 2054//5800 3143//5800
f  3125//5801 3143//5801 3144//5801
f  3144//5802 3143//5802 3145//5802
f  3144//5803 3145//5803 3146//5803
f  3146//5804 3145//5804 3147//5804
f  3146//5805 3147//5805 3136//5805
f  3136//5806 3147//5806 3148//5806
f  3136//5807 3148//5807 3134//5807
f  3134//5808 3148//5808 3149//5808
f  3134//5809 3149//5809 3142//5809
f  3142//5810 3149//5810 2014//5810
f  3142//5811 2014//5811 2016//5811
f  2012//5812 3150//5812 2011//5812
f  2011//5813 3150//5813 3151//5813
f  2011//5814 3151//5814 2009//5814
f  3152//5815 3153//5815 3154//5815
f  3155//5816 3132//5816 3156//5816
f  3156//5817 3132//5817 3133//5817
f  3156//5818 3133//5818 3157//5818
f  3157//5819 3133//5819 3158//5819
f  3157//5820 3158//5820 3159//5820
f  3159//5821 3158//5821 3160//5821
f  3159//5822 3160//5822 3161//5822
f  3161//5823 3160//5823 3162//5823
f  3131//5824 3130//5824 3133//5824
f  3133//5825 3130//5825 3163//5825
f  3133//5826 3163//5826 3158//5826
f  3158//5827 3163//5827 3164//5827
f  3158//5828 3164//5828 3160//5828
f  3160//5829 3164//5829 3165//5829
f  3160//5830 3165//5830 3162//5830
f  1672//5831 1674//5831 3166//5831
f  3166//5832 1674//5832 2063//5832
f  3166//5833 2063//5833 3167//5833
f  3167//5834 2063//5834 2065//5834
f  3167//5835 2065//5835 3168//5835
f  3168//5836 2065//5836 2066//5836
f  2181//5837 2180//5837 3169//5837
f  2178//5838 1829//5838 3170//5838
f  3170//5839 1829//5839 1815//5839
f  3170//5840 1815//5840 3171//5840
f  3152//5841 3154//5841 3172//5841
f  3172//5842 3154//5842 3173//5842
f  3172//5843 3173//5843 3174//5843
f  3174//5844 3173//5844 3175//5844
f  3174//5845 3175//5845 3171//5845
f  3171//5846 3175//5846 3169//5846
f  3171//5847 3169//5847 3170//5847
f  3170//5848 3169//5848 2180//5848
f  3170//5849 2180//5849 2178//5849
f  1828//5850 3152//5850 1820//5850
f  1820//5851 3152//5851 3172//5851
f  1820//5852 3172//5852 1822//5852
f  1822//5853 3172//5853 3174//5853
f  1822//5854 3174//5854 1823//5854
f  1823//5855 3174//5855 3171//5855
f  1823//5856 3171//5856 1814//5856
f  1814//5857 3171//5857 1815//5857
f  2181//5858 3127//5858 2174//5858
f  2174//5859 3127//5859 3126//5859
f  2174//5860 3126//5860 2175//5860
f  3176//5861 3177//5861 3178//5861
f  3178//5862 3177//5862 3179//5862
f  3178//5863 3179//5863 3128//5863
f  3128//5864 3179//5864 3180//5864
f  3128//5865 3180//5865 3126//5865
f  3126//5866 3180//5866 3181//5866
f  3126//5867 3181//5867 2175//5867
f  2181//5868 3169//5868 3127//5868
f  3127//5869 3169//5869 3175//5869
f  3127//5870 3175//5870 3128//5870
f  3128//5871 3175//5871 3173//5871
f  3128//5872 3173//5872 3178//5872
f  3178//5873 3173//5873 3154//5873
f  3178//5874 3154//5874 3176//5874
f  3176//5875 3154//5875 3153//5875
f  3176//5876 3153//5876 3177//5876
f  2009//5877 3151//5877 2008//5877
f  2008//5878 3151//5878 3182//5878
f  2008//5879 3182//5879 2006//5879
f  2006//5880 3182//5880 3183//5880
f  2006//5881 3183//5881 2005//5881
f  2005//5882 3183//5882 2051//5882
f  2005//5883 2051//5883 1999//5883
f  2054//5884 2051//5884 3143//5884
f  3143//5885 2051//5885 3183//5885
f  3143//5886 3183//5886 3145//5886
f  3145//5887 3183//5887 3182//5887
f  3145//5888 3182//5888 3147//5888
f  3147//5889 3182//5889 3151//5889
f  3147//5890 3151//5890 3148//5890
f  3148//5891 3151//5891 3150//5891
f  3148//5892 3150//5892 3149//5892
f  3149//5893 3150//5893 2012//5893
f  3149//5894 2012//5894 2014//5894
f  3136//5895 3165//5895 3146//5895
f  3146//5896 3165//5896 3164//5896
f  3146//5897 3164//5897 3144//5897
f  3144//5898 3164//5898 3163//5898
f  3144//5899 3163//5899 3125//5899
f  3125//5900 3163//5900 3130//5900
f  3125//5901 3130//5901 2059//5901
f  2059//5902 3130//5902 3129//5902
f  2059//5903 3129//5903 2061//5903
f  2165//5904 2175//5904 3139//5904
f  3139//5905 2175//5905 3181//5905
f  3139//5906 3181//5906 3137//5906
f  3137//5907 3181//5907 3180//5907
f  3137//5908 3180//5908 3135//5908
f  3135//5909 3180//5909 3179//5909
f  3135//5910 3179//5910 3136//5910
f  3136//5911 3179//5911 3177//5911
f  3136//5912 3177//5912 3165//5912
f  3165//5913 3177//5913 3153//5913
f  3165//5914 3153//5914 3162//5914
f  3162//5915 3153//5915 3152//5915
f  3162//5916 3152//5916 3161//5916
f  3161//5917 3152//5917 1828//5917
f  3161//5918 1828//5918 3159//5918
f  3159//5919 1828//5919 1827//5919
f  3159//5920 1827//5920 3157//5920
f  3157//5921 1827//5921 1825//5921
f  3157//5922 1825//5922 3156//5922
f  3156//5923 1825//5923 1672//5923
f  3156//5924 1672//5924 3155//5924
f  3155//5925 1672//5925 3166//5925
f  3155//5926 3166//5926 3132//5926
f  3132//5927 3166//5927 3167//5927
f  3132//5928 3167//5928 3131//5928
f  3131//5929 3167//5929 3168//5929
f  3131//5930 3168//5930 3129//5930
f  3129//5931 3168//5931 2066//5931
f  3129//5932 2066//5932 2061//5932
f  2352//5933 2350//5933 2060//5933
f  2334//5934 2050//5934 2052//5934
f  2340//5935 2338//5935 2052//5935
f  2052//5936 2338//5936 2336//5936
f  2052//5937 2336//5937 2334//5937
f  2060//5938 2350//5938 2058//5938
f  2052//5939 2053//5939 2340//5939
f  2340//5940 2053//5940 2055//5940
f  2340//5941 2055//5941 2342//5941
f  2342//5942 2055//5942 2056//5942
f  2342//5943 2056//5943 2345//5943
f  2345//5944 2056//5944 2058//5944
f  2345//5945 2058//5945 2348//5945
f  2348//5946 2058//5946 2350//5946
f  2354//5947 3184//5947 2356//5947
f  2356//5948 3184//5948 3185//5948
f  3186//5949 2364//5949 3187//5949
f  3187//5950 2364//5950 2360//5950
f  3187//5951 2360//5951 3185//5951
f  3185//5952 2360//5952 2358//5952
f  3185//5953 2358//5953 2356//5953
f  2376//5954 2374//5954 3188//5954
f  3188//5955 2374//5955 2367//5955
f  3188//5956 2367//5956 3186//5956
f  3186//5957 2367//5957 2362//5957
f  3186//5958 2362//5958 2364//5958
f  2068//5959 2067//5959 2383//5959
f  2383//5960 2067//5960 2384//5960
f  2383//5961 2381//5961 2068//5961
f  2068//5962 2381//5962 2378//5962
f  2068//5963 2378//5963 2069//5963
f  2069//5964 2378//5964 2376//5964
f  2069//5965 2376//5965 2070//5965
f  2070//5966 2376//5966 3188//5966
f  2070//5967 3188//5967 2071//5967
f  2071//5968 3188//5968 3186//5968
f  2071//5969 3186//5969 2072//5969
f  2072//5970 3186//5970 3187//5970
f  2072//5971 3187//5971 2064//5971
f  2064//5972 3187//5972 3185//5972
f  2064//5973 3185//5973 2062//5973
f  2062//5974 3185//5974 3184//5974
f  2062//5975 3184//5975 2060//5975
f  2060//5976 3184//5976 2354//5976
f  2060//5977 2354//5977 2352//5977
f  2050//5978 2334//5978 2047//5978
f  2047//5979 2334//5979 2332//5979
f  2047//5980 2332//5980 2331//5980
f  2976//5981 1240//5981 1242//5981
f  2976//5982 1242//5982 2975//5982
f  2975//5983 1242//5983 2045//5983
f  2975//5984 2045//5984 2974//5984
f  2974//5985 2045//5985 2046//5985
f  2974//5986 2046//5986 2973//5986
f  2973//5987 2046//5987 2972//5987
f  2972//5988 2046//5988 2048//5988
f  2972//5989 2048//5989 2971//5989
f  2971//5990 2048//5990 2049//5990
f  2971//5991 2049//5991 2970//5991
f  2970//5992 2049//5992 2047//5992
f  2970//5993 2047//5993 2331//5993

