# File produced by Open Asset Import Library (http://www.assimp.sf.net)
# (assimp v5.2.0)

mtllib left_shoulder_pitch_link.mtl

# 1770 vertex positions
v  0.0310357101 0.0619370304 -0.0258827712
v  0.0304359719 0.0619370304 -0.0258827712
v  0.0304359719 0.0586550459 -0.0309071541
v  0.0310357194 0.0586550459 -0.0309071541
v  0.0304359719 0.0543373264 -0.0350752436
v  0.0310357064 0.0543373264 -0.0350752436
v  0.0304359719 0.0492003784 -0.0381780304
v  0.031035699 0.0492003784 -0.0381780304
v  0.0304359719 0.043501772 -0.04005998
v  0.0310356971 0.043501772 -0.04005998
v  0.0304359719 0.0375272743 -0.0406266786
v  0.0310357008 0.0375272743 -0.0406266786
v  0.0304359719 0.0315764807 -0.0398497023
v  0.031035712 0.0315764807 -0.0398497023
v  0.0304359719 0.0259477627 -0.0377680399
v  0.0310357269 0.0259477627 -0.0377680399
v  0.0304359719 0.020923391 -0.0344860666
v  0.0310357474 0.020923391 -0.0344860666
v  0.0304359719 0.0167553071 -0.0301683266
v  0.0310357735 0.0167553071 -0.0301683266
v  0.0304359719 0.0136524932 -0.0250313673
v  0.0310357995 0.0136524932 -0.0250313673
v  0.0304359719 0.0117705576 -0.0193327758
v  0.0310358275 0.0117705576 -0.0193327758
v  0.0304359719 0.011203873 -0.0133582717
v  0.0310358554 0.011203873 -0.0133582717
v  0.0304359719 0.0119808447 -0.00740749389
v  0.0310358815 0.0119808447 -0.00740749389
v  0.0304359719 0.014062508 -0.00177877571
v  0.0310357101 0.014062508 -0.00177877571
v  0.0304359719 0.0173444841 0.00324560911
v  0.0310359243 0.0173444841 0.00324560911
v  0.0304359719 0.021662211 0.00741369696
v  0.0310359374 0.021662211 0.00741369696
v  0.0304359719 0.0267991703 0.0105165113
v  0.0310359467 0.0267991703 0.0105165113
v  0.0304359719 0.0324977562 0.0123984329
v  0.0310359485 0.0324977562 0.0123984329
v  0.0304359719 0.038472265 0.0129651316
v  0.031035943 0.038472265 0.0129651316
v  0.0304359719 0.0444230586 0.0121881561
v  0.0310359336 0.0444230586 0.0121881561
v  0.0304359719 0.0500517711 0.0101064947
v  0.0310359169 0.0500517711 0.0101064947
v  0.0304359719 0.0550761484 0.00682452042
v  0.0310358964 0.0550761484 0.00682452042
v  0.0304359719 0.0592442304 0.00250677858
v  0.0310358722 0.0592442304 0.00250677858
v  0.0304359719 0.0623470396 -0.00263017765
v  0.0310358442 0.0623470396 -0.00263017765
v  0.0304359719 0.0642289743 -0.00832876936
v  0.0310358163 0.0642289743 -0.00832876936
v  0.0304359719 0.064795658 -0.0143032735
v  0.0310357884 0.064795658 -0.0143032735
v  0.0304359719 0.0640186965 -0.0202540532
v  0.0310357623 0.0640186965 -0.0202540532
v  -0.017379038 0.00399991637 0.0225888081
v  -0.0183001515 0.00399991963 0.0218489431
v  -0.0182998981 2.77096435e-09 0.0218486544
v  -0.000274213759 -5.66674929e-09 -0.0284986887
v  -0.00195147819 -6.62671384e-09 -0.0284331162
v  -0.00027421469 0.00472661434 -0.0284987763
v  -0.00291800941 0.00469884509 -0.0283501837
v  -0.00580468262 0.00462415908 -0.0279027186
v  -0.00799961295 -1.87307769e-09 -0.0273542646
v  -0.00799970236 0.00454188557 -0.0273542404
v  -0.0136760194 2.51745802e-09 -0.0250043366
v  -0.0113624427 0.00437936001 -0.0261371378
v  -0.00862929597 0.00451463088 -0.0271621738
v  -0.0187169258 2.80625789e-09 -0.0214924943
v  -0.0187395792 0.00401872629 -0.0214727335
v  -0.0164435189 0.00410492765 -0.0232779421
v  -0.0139759444 0.00423402851 -0.0248379074
v  -0.0136759952 0.00425073598 -0.025004318
v  -0.0244607609 0.00400000717 -0.0146262925
v  -0.0236370545 0.00400003185 -0.0159236658
v  -0.0228880905 -5.04502617e-09 -0.0169819091
v  -0.0227761511 0.00400004769 -0.0171331111
v  -0.0208397694 0.00400010217 -0.0194410458
v  -0.0258802045 0.00399996247 -0.0119371433
v  -0.0259956848 -5.91889115e-09 -0.01168223
v  -0.0259962659 0.00399996573 -0.0116824517
v  -0.0280889925 0.00400030334 -0.00482274964
v  -0.0278953034 0.00400035363 -0.0058396738
v  -0.0278953034 5.00168973e-09 -0.00583968451
v  -0.0274178032 0.00399989681 -0.00777945248
v  -0.0270063635 0.00399991125 -0.00910853874
v  -0.0284423288 0.00400028843 -0.00181232113
v  -0.0284986813 4.3375521e-09 0.000274204969
v  -0.0284986738 0.00400027307 0.000274207938
v  -0.0276070964 0.00400021579 0.00707809301
v  -0.0277777631 0.00400026236 0.00637535797
v  -0.0277777705 1.79388338e-09 0.00637538405
v  -0.0281809736 0.00400022231 0.00425241608
v  -0.0284732301 0.00400024327 0.00123519602
v  -0.0257660802 1.3801329e-09 0.0121802632
v  -0.0257659629 0.00399991404 0.0121802129
v  -0.0264486652 0.00399991823 0.0106168995
v  -0.0274252463 0.0039999173 0.00775302853
v  -0.0225570835 -9.40749145e-11 0.0174191762
v  -0.022557376 0.00399991451 0.0174194053
v  -0.0236031301 0.00399991916 0.0159742143
v  -0.0251712929 0.00399992429 0.0133661805
v  -0.0196890607 0.00399992801 0.0206055213
v  -0.0204810258 0.00399992289 0.0198183786
v  -0.0217684302 0.00399991963 0.018395327
v  -0.0148756709 0.00399992568 0.0243098624
v  -0.01319235 4.1707402e-09 0.0252628662
v  -0.01319227 0.003999935 0.0252627172
v  -0.00747177703 2.30375297e-09 0.0275031365
v  -0.00939056464 0.00399992196 0.0269090906
v  -0.0122070685 0.00399992568 0.0257532857
v  -0.00503306417 0.00399993034 0.0280519649
v  -0.00647238037 0.0039999322 0.0277554486
v  -0.00747187668 0.00399992149 0.0275034867
v  -0.0034849036 0.00399992801 0.0282860417
v  -0.00140400208 -5.81681991e-09 0.0284653883
v  -0.000617744634 0.00399993127 0.0284934826
v  0.000274213467 7.49136753e-09 0.0284986831
v  0.000274213467 0.00399993639 0.0284986906
v  0.00195147819 -5.87258331e-09 0.0284331143
v  0.00477439258 0.00399993872 0.0280971341
v  0.00799961295 3.69769615e-09 0.0273542572
v  0.00799970329 0.00399994524 0.0273546334
v  0.00916101132 0.00399994804 0.0269881114
v  0.0136760203 -6.92839508e-10 0.0250043292
v  0.0133220237 0.00399996201 0.0251945332
v  0.0187171344 0.00399998529 0.0214926973
v  0.0178336855 0.00399998343 0.0222315378
v  0.0187169258 -9.81639658e-10 0.0214924887
v  0.0171476677 0.00399997411 0.0227649212
v  0.0136759346 0.00399996713 0.0250042025
v  0.021121908 0.00399998901 0.019133931
v  0.0228880905 -7.45427098e-09 0.0169819072
v  0.0228884332 0.00399999553 0.0169821735
v  0.0282338671 0.00400002999 0.00388948387
v  0.0278956518 0.00400002208 0.0058397511
v  0.0278953053 -3.17707149e-09 0.00583967846
v  0.0274369158 0.00400002347 0.00771182543
v  0.0259956848 -6.580406e-09 0.0116822282
v  0.0260498133 0.00400001742 0.0115607679
v  0.0238918234 0.00400000345 0.0155389961
v  0.0283869877 0.00400005188 -0.00253745238
v  0.0284986813 -2.51293364e-09 -0.00027421111
v  0.0282328706 0.00400004908 -0.00389319682
v  0.0277777724 8.24536794e-09 -0.00637536123
v  0.0277778003 0.00400005188 -0.00637538685
v  0.0284017008 0.00400004815 -0.00236733607
v  0.0284990799 0.00400003884 -0.000276406237
v  0.0283538699 0.00400003139 0.00288779684
v  0.0274366885 0.00400007097 -0.00771278329
v  0.0257660802 4.44485559e-10 -0.0121802697
v  0.0258535389 0.00400008354 -0.0119947819
v  0.0236392524 0.00400009006 -0.0159204882
v  0.0225570835 1.9186932e-09 -0.0174191836
v  0.0225578006 0.00400009193 -0.017419748
v  0.0182998981 -9.46346002e-10 -0.02184866
v  0.0182998013 0.0040311832 -0.0218487475
v  0.0187397134 0.0040188022 -0.021472631
v  0.0208399035 0.00400009193 -0.0194409192
v  0.0113626486 0.00437921891 -0.0261370353
v  0.0131923277 0.00427734619 -0.0252628587
v  0.013192351 5.86851145e-09 -0.0252628438
v  0.0139760245 0.00423326343 -0.0248378739
v  0.0164435506 0.00410409644 -0.0232779197
v  0.00862954836 0.0045155948 -0.0271621086
v  0.0074717761 -4.79134621e-10 -0.0275031421
v  0.00747191766 0.00456521846 -0.0275031123
v  0.00580498623 0.00462657027 -0.0279026348
v  0.00140400231 7.64143859e-09 -0.0284653958
v  0.00291829696 0.0047004153 -0.0283501688
v  1.48293125e-07 0.00472691609 -0.0285001025
v  0.0274678729 0.00431813207 -0.00772154797
v  0.028400423 0.00494511938 -0.00593097834
v  0.027896652 0.00489958609 -0.0078419894
v  0.0283989962 0.00500031514 -0.00798319839
v  0.0284745693 0.00490717823 -0.00393914059
v  0.028351739 0.00477772625 -0.00391950691
v  0.0276819356 0.00474495813 -0.00778165273
v  0.0280938651 0.00474647107 0.0058609331
v  0.028350817 0.00478447555 0.0039181863
v  0.0284733102 0.00491535058 0.00393838668
v  0.0284587909 0.00444116816 4.8644489e-07
v  0.0282251164 0.00441924017 0.0038943449
v  0.0282661654 0.0046142037 0.00390320597
v  0.027990045 0.0045856717 0.00583703583
v  0.0279282406 0.00440002186 0.00582200056
v  0.0287838783 0.00506281201 9.05140155e-07
v  0.0286214091 0.00499817962 0.00396169862
v  0.0286525507 0.00496927183 7.85509201e-07
v  0.0285474397 0.00482763676 6.91244907e-07
v  0.0284805503 0.0046466291 6.01754493e-07
v  0.0289890319 0.00511550112 0.00315102073
v  0.0288690887 0.00503962906 0.00493813772
v  0.0284004081 0.00494565396 0.00592938159
v  0.0285769012 0.00498798164 -0.00720513612
v  0.0287883654 0.00500745466 -0.00576035259
v  0.028848283 0.0050246832 -0.00518425927
v  0.0286222193 0.00499018189 -0.00396198034
v  0.0289215986 0.00505529298 -0.00431092922
v  0.0282250326 0.00441587809 -0.00389688439
v  0.0282666013 0.00460915454 -0.00390514941
v  0.0275647212 0.00458454434 -0.0077487384
v  0.0276149064 0.0046641673 -0.00776282698
v  0.0283989608 0.0050000404 0.0079823602
v  0.0280929953 0.004967649 0.00789637491
v  0.0280144848 0.00494617922 0.0078743184
v  0.0277601648 0.00481489673 0.00780280028
v  0.0289657656 0.00507903006 -0.00363866985
v  0.0289782397 0.00509858131 1.68569079e-06
v  0.0276820138 0.00474479841 0.00778079825
v  0.0275337826 0.00452225376 0.00773910759
v  0.0287556686 0.00499753607 0.00798568316
v  0.0290412679 0.00502456632 -0.00797220133
v  0.0289997328 0.00512461597 0.00280368095
v  0.0290559605 0.00509397639 -0.00517793093
v  0.0289058108 0.00503933104 -0.00517934421
v  0.0290322714 0.00508939056 0.0079885181
v  0.0289079994 0.00502470927 0.0079871919
v  0.0296407007 0.00544042047 -0.00796671864
v  0.0296032093 0.00548469275 -0.00643631537
v  0.0293291304 0.00526705291 -0.00517311785
v  0.0294705871 0.00559314108 -0.00180909876
v  0.0290835556 0.00503861625 -0.00797164161
v  0.0292349439 0.00510555785 -0.00796978548
v  0.0291969031 0.00516973389 -0.00517587457
v  0.0293788929 0.00519703794 -0.00796836149
v  0.0293923616 0.00520723965 -0.0079682488
v  0.0291104764 0.00521916896 0.00280527724
v  0.0291248783 0.00519467425 0.00798964128
v  0.0292051844 0.00534000807 0.0028073974
v  0.0291880332 0.00533591909 0.00799059216
v  0.0294320267 0.00561523624 -0.000396256597
v  0.0293820854 0.00563984644 0.00163900049
v  0.0293399971 0.00565826567 0.00367677701
v  0.0293045305 0.0056720227 0.00571737858
v  0.0292708799 0.00568252942 0.00799245946
v  -0.0282810424 0.00433242135 0.00388922868
v  -0.0284213778 0.00463031279 0.00390413636
v  -0.0286474694 0.00468167569 -3.55214033e-05
v  -0.028106926 0.00469811913 -0.00591431512
v  -0.0276631918 0.00474497816 -0.0078487806
v  -0.0275141988 0.00452094758 -0.00780661544
v  -0.0274910275 0.004443496 0.00777167408
v  -0.0282725077 0.00437315041 -0.00394198857
v  -0.0285366904 0.0043587843 -3.03012803e-05
v  -0.0280565042 0.00496342452 -0.00796015654
v  -0.0279686358 0.0049371426 -0.00793525856
v  -0.02838034 0.00490836566 -0.00597671047
v  -0.0277269874 0.0048037949 -0.00786682405
v  -0.0283780713 0.00500019314 -0.00805130787
v  -0.0287636761 0.00502766063 -0.00599873345
v  -0.0288581643 0.00505550439 -0.00517548714
v  -0.0289550964 0.00509951683 -0.0040532304
v  -0.0290347431 0.00515394425 -0.00264175353
v  -0.0286387447 0.00492444448 -0.00400213012
v  -0.028832702 0.00496642431 -2.95253722e-05
v  -0.0288797747 0.00507189054 0.00494798506
v  -0.0290017333 0.00515461341 0.00327293365
v  -0.0286486205 0.0048916135 0.00395102194
v  -0.0290728081 0.00520993769 0.00138772337
v  -0.029089639 0.00521274563 -1.51457343e-05
v  -0.0285236668 0.00476491079 0.00392342405
v  -0.0283921156 0.00489428174 0.00593716744
v  -0.0287603047 0.0050243591 0.00603913562
v  -0.0276267547 0.00469517661 0.00781009486
v  -0.0284095611 0.00468253018 -0.00396475755
v  -0.0278265271 0.00486805849 0.0078666145
v  -0.0279758368 0.00493708532 0.00790882856
v  -0.0281020273 0.00497222878 0.00794451218
v  -0.0285644326 0.00500034913 0.00726702483
v  -0.028387187 0.00499995006 0.0080250781
v  -0.0296079088 0.00545375561 -0.00755016832
v  -0.029622538 0.00543971313 -0.00803459901
v  -0.0295212548 0.00535652973 -0.00803471263
v  -0.0287041757 0.00501047075 0.0080273319
v  -0.0291201491 0.00523803383 -1.35610244e-05
v  -0.0291745309 0.0051381886 -0.0080381725
v  -0.0291997809 0.00515014259 -0.00803778693
v  -0.0292392392 0.00536141591 -1.02481181e-05
v  -0.0293643866 0.00524344714 -0.00803567749
v  -0.0293420423 0.00550961075 -5.71029113e-06
v  -0.02945075 0.00559289707 -0.00180924591
v  -0.0289549474 0.00508203404 0.00802941248
v  -0.0290648211 0.00517693674 0.00803066045
v  -0.0290984083 0.00522475922 0.00803114753
v  -0.0291650128 0.00536883529 0.00803240202
v  -0.0292463508 0.00568023836 0.00803469215
v  -0.0293289777 0.00565396342 0.00311213755
v  -0.0278978106 0.00497224228 0.00863551069
v  -0.0273986068 0.00499998685 0.0109353503
v  -0.0205742586 0.00499995332 0.0211406052
v  -0.0211994927 0.00499995565 0.0205135625
v  -0.0209865738 0.00497219851 0.0203075055
v  -0.0226746853 0.00499996031 0.0188713763
v  -0.0245254952 0.00499997381 0.016393926
v  -0.0239417404 0.00497221528 0.0167233907
v  0.00027486679 0.00443177531 0.0285630524
v  -0.000396888034 0.0044434364 0.028565878
v  -0.00504515739 0.00444330182 0.0281194076
v  -0.00943727698 0.00444318214 0.026965281
v  -0.0135878734 0.00444338564 0.0251299795
v  -0.0171260461 0.00444344757 0.0228667799
v  -0.0205302127 0.00444345968 0.0198659636
v  -0.0234211478 0.00444349134 0.0163596924
v  -0.0257160924 0.00444349833 0.0124430703
v  -0.0261055194 0.00499997661 0.0137379318
v  -0.0262876432 0.00497222319 0.0127196787
v  -0.0276242625 0.00486809248 0.00855081808
v  -0.018249942 0.00499995006 0.0231774952
v  -0.0130238831 0.0049999347 0.0264686588
v  -0.0140309036 0.00499993889 0.0259490423
v  -0.0138900243 0.00497217104 0.0256884526
v  -0.0157244932 0.00499994215 0.0249600653
v  -0.0175067279 0.00497218687 0.0233749785
v  -0.0101833846 0.0049999305 0.0276864711
v  -0.00964694563 0.00497213518 0.027564507
v  -0.00722946273 0.0049999319 0.0286006965
v  -0.00515732123 0.00497215055 0.0287447069
v  -0.00520963175 0.004999917 0.0290362667
v  0.000279783475 0.00493554072 0.0290668178
v  0.000283834961 0.0049999319 0.029498646
v  -0.000405723491 0.00497216964 0.0292010996
v  -0.00111453119 0.00499992818 0.0294793323
v  -0.00419381028 0.00499992212 0.0292003043
v  -0.0207808129 0.00486803195 0.0201084148
v  -0.0173351038 0.00486801611 0.0231458172
v  -0.0137538295 0.00486798258 0.0254366323
v  -0.00955241732 0.00486786151 0.0272943862
v  -0.00510675693 0.00486793742 0.0284628496
v  -0.000401759782 0.00486801192 0.0289147329
v  -0.0237070285 0.0048680515 0.0165593959
v  -0.0260299314 0.0048680678 0.0125949625
v  -0.0258430578 0.00469519431 0.0125045218
v  -0.0274258908 0.00469520781 0.00848936848
v  -0.0272911061 0.00444353651 0.00844762847
v  0.000276758772 0.00474489899 0.0287536904
v  -0.000398866163 0.00469513889 0.0287070386
v  -0.00507008145 0.00469499407 0.0282583684
v  -0.00948386081 0.00469489349 0.0270984694
v  -0.0136550274 0.00469506579 0.0252540316
v  -0.0172106307 0.00469515007 0.0229796637
v  -0.0206316002 0.00469514541 0.0199640319
v  -0.0235368107 0.00469516264 0.0164404679
v  0.00335950917 0.00499993702 0.0293083154
v  0.0150038498 0.00499993889 0.0253993515
v  0.0137894209 0.00499993889 0.0260781385
v  0.0135876387 0.00493551977 0.025696544
v  0.00640881062 0.00499992911 0.0287955236
v  0.00494186534 0.00499992911 0.0290830173
v  0.00486953091 0.0049355044 0.0286573991
v  0.00938503817 0.00499993004 0.0279674232
v  0.0175801925 0.00499995146 0.0236898866
v  0.0243678503 0.00493558263 0.0158486255
v  0.0247297231 0.00499997521 0.0160841104
v  0.0240474809 0.00499996776 0.0170879383
v  0.0215429571 0.0049355831 0.0195152964
v  0.0256991889 0.00499997102 0.0144840591
v  0.0265690107 0.00493561523 0.0117912097
v  0.0270766579 0.00499998499 0.0117087914
v  0.0281541422 0.00499998685 0.00880892482
v  0.0262828507 0.00474499725 0.0116641885
v  0.0239457618 0.00443181442 0.0155740688
v  0.026108643 0.00443187496 0.0115868673
v  0.0211696252 0.0044318405 0.0191771444
v  0.0241054837 0.00474492926 0.0156779625
v  0.0213109087 0.0047449558 0.0193050969
v  0.0181890503 0.00493556028 0.0226744208
v  0.0179931968 0.00474491296 0.0224303082
v  0.0174894743 0.00493555702 0.0232185293
v  0.0173011106 0.00474493066 0.0229684897
v  0.0178739559 0.00443178415 0.0222817119
v  0.0171864107 0.00443181675 0.0228163246
v  0.0133521361 0.00443170359 0.0252514202
v  0.0134412749 0.00474483287 0.0254198592
v  0.0199566521 0.00499995146 0.0217248332
v  0.0221257433 0.0049999645 0.0195114706
v  0.0122558633 0.00499993609 0.0268331952
v  0.00934359338 0.00493546203 0.0275259744
v  0.00924299192 0.00474469317 0.0272295959
v  0.00918171462 0.00443153968 0.0270490721
v  0.00478517078 0.00443166774 0.0281606298
v  0.00481709139 0.00474480353 0.0283486601
v  0.0283990055 0.00499993749 0.0261624698
v  -0.0283946004 0.00499993889 0.0261616632
v  -0.0282548014 0.00499991328 0.0312745869
v  -0.0277818497 0.00499991467 0.0337630063
v  -0.0272638705 0.00499990582 0.0348574892
v  0.0283634365 0.00499992399 0.0285728276
v  0.0280520674 0.0049999184 0.0309595894
v  0.0276401956 0.00499991328 0.0320904702
v  0.0269567575 0.00499990629 0.0330795385
v  -0.00783034693 0.0049999021 0.0394734517
v  -0.0151505098 0.00499989651 0.0388877392
v  -0.0208435394 0.0049999035 0.0378556363
v  0.0260222033 0.00499990862 0.0338339135
v  0.0249594226 0.00499991002 0.0344024189
v  0.0222408473 0.00499990629 0.0355624408
v  0.0169873834 0.00499989977 0.0372524671
v  -0.0252087284 0.00499990955 0.0364334807
v  -0.0262187663 0.00499990908 0.0358896814
v  -0.0268875882 0.00499991607 0.0353298523
v  -0.0249055177 0.00499990303 0.0365619585
v  0.0134579139 0.00499990117 0.0380633287
v  0.00688122585 0.00499989837 0.0390419811
v  -0.000376713258 0.00499989465 0.0395023488
v  0.0302531347 0.00684263231 -0.00227257912
v  0.0302526504 0.00610798784 -0.006655409
v  0.0310357846 0.00809198245 -0.0027359568
v  0.0310358945 0.00716847135 -0.00564523507
v  0.0310358908 0.00685850251 -0.00691727549
v  0.0310358834 0.00652881153 -0.00861981604
v  0.0310358759 0.00630394742 -0.0102316253
v  0.029693054 0.00537185092 -0.0110319825
v  0.031035861 0.00610491214 -0.0132867927
v  0.0297081564 0.00534847099 -0.013230483
v  0.0310358517 0.00614875089 -0.0155894551
v  0.0297030415 0.0053603719 -0.0156181455
v  0.031035848 0.00619811937 -0.0163272917
v  0.0303334575 0.00605986593 -0.0199209601
v  0.0310357455 0.00666474318 -0.0198056418
v  0.0310358331 0.00658065919 -0.0193460267
v  0.0296304841 0.00545574585 -0.0200361256
v  0.0259156227 0.00444369065 -0.012023611
v  0.0261323079 0.00500005856 -0.0136863124
v  0.0267599337 0.00500006415 -0.0124152703
v  0.0264902152 0.00497204764 -0.0122901369
v  0.0274158847 0.00500005251 -0.010891825
v  0.0242216233 0.00497207651 -0.016312642
v  0.0245545991 0.00500007486 -0.0163497217
v  0.0211899243 0.00489973649 -0.0197673738
v  0.021571232 0.0050000893 -0.0201231111
v  0.0227042418 0.0050000893 -0.0188366268
v  0.020983059 0.00467812736 -0.0195744205
v  0.0210264213 0.00474506523 -0.0196148511
v  0.0239844788 0.00486766407 -0.0161529221
v  0.0238131229 0.00469544716 -0.0160375349
v  0.0236960631 0.0044437577 -0.0159587283
v  0.0208869893 0.00443194993 -0.0194848254
v  0.0208664499 0.00433496293 -0.0194656644
v  0.026230922 0.00486762868 -0.0121698519
v  0.0260435827 0.00469538849 -0.01208298
v  -0.0259699635 0.00458250009 -0.0120565621
v  -0.0258755889 0.00429597497 -0.0120129082
v  -0.0267150383 0.00500005763 -0.0125082787
v  -0.0252594948 0.00500007346 -0.0152364532
v  -0.0240990054 0.00493173022 -0.0162345096
v  -0.0244661774 0.00500007579 -0.0164817329
v  -0.0235417821 0.0050000702 -0.0177785084
v  -0.0278806221 0.00500005484 -0.00963544659
v  -0.0263550989 0.00493166503 -0.0122349979
v  -0.0261269752 0.00479062833 -0.012129263
v  -0.02366006 0.00429609558 -0.0159390811
v  -0.0209131371 0.00452148775 -0.0195094775
v  -0.0237464793 0.00458265189 -0.0159972236
v  -0.0210262258 0.00474504661 -0.0196149703
v  -0.0238902196 0.00479074521 -0.0160939414
v  -0.0210751742 0.00480434904 -0.0196606219
v  -0.0212551728 0.00493569626 -0.01982853
v  -0.02132608 0.00496377517 -0.0198946819
v  -0.0215709489 0.0050000893 -0.0201231111
v  0.0029751882 0.00575661846 -0.028875757
v  0.00591763575 0.0056754062 -0.0284226704
v  0.00585990772 0.00543753384 -0.0281239823
v  -0.00591738196 0.00567521155 -0.0284228623
v  -0.00879714731 0.00555072119 -0.0276731905
v  -0.00893181842 0.00569232181 -0.0280999709
v  -0.019112492 0.00497255521 -0.0218970701
v  -0.0193982907 0.00505143078 -0.0222267751
v  0.0187852643 0.00445650378 -0.0215165392
v  0.019398082 0.00505138841 -0.022226112
v  0.0191123541 0.00497250026 -0.0218965579
v  0.0170207061 0.00517822756 -0.0240916796
v  0.0167685449 0.00508261845 -0.0237304829
v  0.0144664887 0.00534554338 -0.0257029384
v  0.0142509378 0.00523340283 -0.0253148954
v  0.011761236 0.00552496221 -0.0270436909
v  0.00893204752 0.00569213321 -0.0280999783
v  0.0115851024 0.0053974255 -0.0266338717
v  0.00600845227 0.00582802948 -0.0288616661
v  0.00302061578 0.00591631699 -0.0293216482
v  2.13020044e-07 0.00594750466 -0.0294762142
v  -0.0117610414 0.00552512985 -0.0270436462
v  -0.011584918 0.00539757079 -0.0266338512
v  -0.0144662764 0.00534566026 -0.0257029105
v  -0.0142507348 0.00523361983 -0.0253148954
v  -0.0170204453 0.00517829508 -0.024091607
v  0.0189087801 0.00477430085 -0.0216589458
v  0.0165934376 0.00487444689 -0.023472989
v  0.0141050648 0.00501623657 -0.0250415225
v  0.00865854602 0.00497915689 -0.027211789
v  0.00871034805 0.00531862397 -0.0273796618
v  0.00879737455 0.00555072725 -0.0276732221
v  -0.00294615678 0.00551468786 -0.0285741389
v  -0.0058596232 0.00543648144 -0.0281240847
v  -0.00871008821 0.00531824725 -0.0273796786
v  -0.011468458 0.00517261727 -0.026348602
v  -0.0165933203 0.00487491162 -0.0234729368
v  -0.0189087987 0.0047743395 -0.0216592979
v  0.0164876767 0.00454962999 -0.0233214386
v  0.0140172876 0.00468564034 -0.0248826109
v  1.29666674e-07 0.00519776484 -0.0285541061
v  -0.00292898691 0.00516937999 -0.0284034442
v  -0.00582527695 0.00509262783 -0.0279544257
v  -0.0086582629 0.00497839553 -0.0272118486
v  -0.0187851731 0.00445651216 -0.0215167273
v  -0.0164876319 0.00455036061 -0.0233214311
v  -0.0140171982 0.00468631973 -0.0248826183
v  0.011468661 0.00517247431 -0.026348561
v  0.0113988603 0.00483732903 -0.0261841603
v  0.00582558569 0.00509455381 -0.0279543586
v  0.00294648111 0.00551539613 -0.0285741556
v  2.13951367e-07 0.00578537257 -0.0290281065
v  -0.00302024069 0.00591641152 -0.0293216445
v  0.00292926165 0.00517065311 -0.0284034368
v  1.68782222e-07 0.00554302335 -0.0287254062
v  -0.00297481078 0.00575643824 -0.0288757365
v  -0.00600821478 0.00582825253 -0.0288619157
v  -0.0113986414 0.00483747851 -0.0261842329
v  -0.0141049195 0.00501667662 -0.025041556
v  -0.0167683382 0.00508280238 -0.0237303805
v  -0.0296803396 0.00536046783 -0.0156180803
v  -0.0296115223 0.00545642339 -0.0200359784
v  -0.029044671 0.00509212539 -0.0200818516
v  -0.0296866652 0.00535025727 -0.013189978
v  -0.0296723936 0.00537333451 -0.0110323764
v  -0.0283769537 0.0050000893 -0.0201231111
v  -0.031012373 0.00666474318 -0.0198056418
v  -0.0310123656 0.00623703655 -0.016782077
v  -0.0310123581 0.00610029697 -0.0137418071
v  -0.0310123544 0.00614625122 -0.0121172015
v  -0.0310123507 0.00620689942 -0.0112233423
v  -0.0310123395 0.00685834698 -0.00691716885
v  -0.031012347 0.00645711133 -0.00907221157
v  -0.0310123395 0.00705342181 -0.00609062659
v  -0.0302249771 0.00610387325 -0.00665391888
v  -0.0310123283 0.00793091021 -0.00317934388
v  -0.0302245449 0.0068345163 -0.00227493327
v  -0.0310123507 0.00809201971 -0.00273593632
v  -0.028375918 0.00528439879 -0.0241712015
v  -0.0283753108 0.00515992148 -0.0231865905
v  -0.0287043024 0.00520496722 -0.0233894326
v  -0.0295369346 0.00570546649 -0.0232589412
v  -0.0293091182 0.00547268335 -0.0233091991
v  -0.029026961 0.00529536186 -0.0233549271
v  -0.0283771139 0.00644059014 -0.028824104
v  -0.0283770468 0.0061683082 -0.0280229077
v  -0.0286982674 0.00601348514 -0.0274052918
v  -0.0283766147 0.00565031217 -0.0261289161
v  -0.0283778887 0.00891906954 -0.0337484591
v  -0.0283773337 0.00753119914 -0.0313573219
v  -0.0286957603 0.00756391231 -0.0313180573
v  -0.0286966991 0.00981573761 -0.0349385925
v  -0.0283785295 0.00977729354 -0.0349674076
v  -0.0290113632 0.00611724751 -0.027355304
v  -0.029003093 0.00767021393 -0.0312539153
v  -0.0292744581 0.00630771043 -0.0272794254
v  -0.0292559098 0.00785587914 -0.0311494116
v  -0.0294724647 0.00654828548 -0.0271904785
v  -0.0294665266 0.00670410041 -0.027686784
v  -0.0294389259 0.00808669068 -0.0310229398
v  -0.0294376481 0.00821892917 -0.0312779136
v  -0.0290016439 0.00992086902 -0.0348598845
v  -0.0292506572 0.0100967642 -0.0347281471
v  -0.0294302125 0.0103106285 -0.0345679522
v  -0.0289377738 0.00509774545 0.0170947798
v  -0.0289183501 0.0050986982 0.0261614937
v  -0.029038297 0.00524025736 0.0261614863
v  -0.0288044829 0.0050361352 0.0170942154
v  -0.0287085865 0.00501784217 0.0261615515
v  -0.0290352758 0.00519656902 0.0170954298
v  -0.0291072894 0.00535995839 0.0170963556
v  -0.0291120317 0.00569958519 0.0261616949
v  -0.0291175451 0.00569865201 0.0245383494
v  -0.029167017 0.00569448294 0.0155995153
v  -0.0292080957 0.00568802375 0.0111310882
v  -0.0301422942 0.00892318878 0.0056694299
v  -0.0293573979 0.00602913927 0.00655912142
v  -0.0294754822 0.00722036324 0.0106438901
v  -0.0293913614 0.0181169827 0.0258530676
v  -0.0294512454 0.0222387407 0.0255242288
v  -0.0294497702 0.0181796458 0.0250596423
v  -0.0310122352 0.0413702279 0.0178919081
v  -0.0294559505 0.0426443703 0.0215714984
v  -0.0294594634 0.0467165522 0.0201089457
v  -0.0310122725 0.0207939297 0.0130317379
v  -0.0307545085 0.0217031222 0.0151411435
v  -0.031012265 0.0234260187 0.0145459166
v  -0.0310123097 0.0107356412 0.0027295968
v  -0.0310123172 0.00928386208 6.31015209e-05
v  -0.0301769394 0.007690378 0.00160489464
v  -0.0310123097 0.0110946484 0.0033062771
v  -0.0309546273 0.011855646 0.00480242539
v  -0.0310122985 0.0128647787 0.00581132574
v  -0.0306310821 0.0131402668 0.00884286501
v  -0.0310122911 0.014846541 0.00811403617
v  -0.0310122836 0.0170352124 0.0102126924
v  -0.0303252321 0.0143961543 0.012886676
v  -0.0310122799 0.0182924494 0.0112529472
v  -0.0310122576 0.0262027476 0.0158068035
v  -0.0302329306 0.0229362454 0.019152604
v  -0.0310122538 0.0277124606 0.0163648911
v  -0.0310122389 0.0383139215 0.0180673972
v  -0.0310122389 0.0366867222 0.0180409439
v  -0.03052398 0.0363160074 0.0195245668
v  -0.0310122464 0.0336463749 0.0177700892
v  -0.0300694127 0.0302611236 0.0213407036
v  -0.0310122501 0.0306545775 0.0172133539
v  -0.0308752228 0.029020384 0.017378211
v  -0.0294748787 0.0382129066 0.0228258613
v  -0.0294633564 0.0494315177 0.0189818405
v  -0.0310122315 0.0473278537 0.0166734084
v  -0.0310122352 0.0443730913 0.017426081
v  -0.0294287261 0.0548896492 0.016361082
v  -0.0310122315 0.0535730235 0.01400893
v  -0.0294554699 0.0517115518 0.0179566629
v  -0.0310122315 0.0516369306 0.0150081562
v  -0.0310122315 0.0488549247 0.0161643755
v  -0.0294950064 0.0279500727 0.0248418972
v  -0.0294872206 0.0334149487 0.0239120815
v  -0.0294779893 0.0370451473 0.0231144838
v  -0.0297350716 0.016894538 0.0209849589
v  -0.0294846576 0.00843963213 0.0147193149
v  -0.0293411072 0.0109201893 0.0228619296
v  -0.0291975681 0.00941577926 0.0261671357
v  -0.0297273677 0.0242075156 0.0231911372
v  -0.0293505099 0.016028652 0.0259731635
v  -0.0250899345 0.00566779822 0.0370167382
v  -0.025107583 0.00550418906 0.0370619185
v  -0.0223772563 0.00566448644 0.0379400067
v  -0.0210008454 0.00540788099 0.0383802019
v  -0.0209905487 0.00566323381 0.0383053087
v  -0.018862376 0.00566171389 0.0387678482
v  -0.0152533427 0.00540830242 0.0394216403
v  -0.0151983872 0.00566016138 0.0393488295
v  -0.0108492645 0.00565947918 0.0397733673
v  -0.00787232537 0.00541008264 0.0400116481
v  -0.00787512772 0.00565942843 0.0399349406
v  -0.00584201375 0.00565950898 0.0399940424
v  -0.000360838865 0.00541191548 0.0400429629
v  1.16841202e-05 0.00565989688 0.0399585254
v  0.00584401516 0.0056631444 0.0396161862
v  0.00695500476 0.00541349687 0.0395822041
v  0.00741557172 0.00566417538 0.0394606255
v  0.0105825532 0.00566646131 0.0390522741
v  0.0135888606 0.00541479327 0.0386018492
v  0.0148936789 0.00567016099 0.0382628627
v  0.0171518978 0.00541509548 0.0377911776
v  0.0171411205 0.00567237241 0.0377270468
v  0.0188207552 0.00567416707 0.037262816
v  0.0224604458 0.00541473506 0.0361005776
v  0.0219282862 0.00567784673 0.0362397358
v  0.0223952346 0.0056784586 0.0360656306
v  0.0252109673 0.00541345729 0.0349405184
v  0.0251907855 0.00568237063 0.0348959938
v  -0.024981685 0.00500510633 0.0367491543
v  -0.0208964124 0.00500531588 0.0380470194
v  -0.0151824113 0.0050054444 0.0390818119
v  -0.00784220267 0.00500557106 0.0396678932
v  -0.000371199363 0.00500564091 0.0396960862
v  0.00690466212 0.00500567351 0.0392342508
v  0.013500574 0.00500562135 0.0382537842
v  0.0170418993 0.00500551285 0.0374419019
v  0.0223158114 0.00500525301 0.0357495956
v  0.0223892964 0.00504654832 0.0359326415
v  0.017095957 0.00504821865 0.0376274884
v  0.0135431197 0.00504885195 0.0384403355
v  0.00692825206 0.00504919467 0.0394225158
v  -0.000365695712 0.00504892971 0.0398853794
v  -0.00785436668 0.00504834997 0.0398573019
v  -0.0152144711 0.00504751643 0.0392704308
v  -0.0209484175 0.00504674809 0.0382323824
v  -0.0250685364 0.00506259175 0.0369641706
v  0.0224215854 0.00509697432 0.0360124335
v  0.0171201695 0.00509963837 0.0377082005
v  0.0135623682 0.00510063628 0.0385213494
v  0.00693908939 0.00510109821 0.0395040549
v  -0.000363256113 0.00510059157 0.0399670489
v  -0.00786025915 0.00509958016 0.0399385989
v  -0.0152292978 0.00509814406 0.0393510312
v  -0.0209714472 0.00509691983 0.038311284
v  -0.025085995 0.00509471539 0.0370077603
v  -0.0250996184 0.00513413129 0.03704191
v  -0.0209877528 0.00516661676 0.0383631326
v  -0.0152404886 0.005168139 0.0394041911
v  -0.00786502566 0.00517007709 0.0399924815
v  -0.00036158532 0.00517151505 0.0400215536
v  0.00694710296 0.00517230621 0.0395588502
v  0.0135763306 0.0051719225 0.0385760926
v  0.0171374977 0.00517076906 0.0377630517
v  0.0224441402 0.0051675397 0.0360672548
v  0.0251847785 0.00513449404 0.0348843113
v  0.0251471642 0.00506239943 0.0348034501
v  0.0250252113 0.00500212144 0.0345426351
v  0.0252061281 0.00523724407 0.0349302813
v  0.022457609 0.00526354555 0.0360983536
v  0.0171483923 0.00526641309 0.0377928875
v  0.0135853719 0.0052673202 0.0386052877
v  0.00695249531 0.00526727783 0.0395874232
v  -0.000360692648 0.00526614022 0.0400495119
v  -0.00786891021 0.00526437396 0.0400195122
v  -0.0152484681 0.00526220584 0.0394304208
v  -0.020997839 0.00526076043 0.0383886583
v  -0.0251155887 0.00523531996 0.0370822176
v  0.0261958614 0.00501977559 0.0341047347
v  0.026349768 0.00523592858 0.0343251303
v  0.0263180211 0.00513312081 0.0342831798
v  0.0262658708 0.00506147463 0.0342090726
v  0.0263388436 0.00568615925 0.0342988074
v  0.0263611395 0.00536716823 0.0343369804
v  0.0290605426 0.00569972349 0.0287486054
v  0.0290397704 0.0053697261 0.0287328288
v  0.029123269 0.00569953211 0.0261618346
v  0.0290448889 0.00524033559 0.0261618681
v  0.0289989859 0.0052356394 0.0287062936
v  0.0289283656 0.00513178017 0.0286707822
v  0.0289221574 0.00509773893 0.0261619873
v  0.0288256332 0.00506029185 0.0286337696
v  0.0286925677 0.00501921959 0.0286029801
v  0.0287096482 0.00501725776 0.0261622146
v  0.0283715967 0.00501803076 0.0310607068
v  0.0284919776 0.00505731395 0.031123478
v  0.0285777729 0.0051268423 0.031187281
v  0.0286299698 0.00522940047 0.031242419
v  0.0286537874 0.00536361057 0.0312803574
v  0.0286506079 0.00569879264 0.0312984325
v  0.0279308297 0.00501839165 0.0322509781
v  0.0280373842 0.00505819917 0.0323292539
v  0.0281103756 0.00512819318 0.0323984101
v  0.0281512346 0.00523082865 0.0324513875
v  0.0281654336 0.0053644455 0.0324832052
v  0.0281473696 0.00569631159 0.0324883088
v  0.0271910001 0.00501933973 0.0333058722
v  0.0272795204 0.00506049721 0.0333984271
v  0.0273416229 0.00513179228 0.0334688239
v  0.0273767691 0.00523488084 0.0335137025
v  0.0273878183 0.00536741503 0.0335329324
v  0.0273631327 0.00569210667 0.0335142054
v  -0.0284104291 0.00521770772 0.0338551067
v  -0.0277036298 0.00522649894 0.0352769084
v  -0.0277018007 0.00535853859 0.0353053324
v  -0.0273408759 0.00568374014 0.0356499441
v  -0.0265301485 0.00536260987 0.0363791771
v  -0.0287933368 0.00569949578 0.032363072
v  -0.0289733056 0.00570004247 0.0309326369
v  -0.0287909564 0.00535374647 0.0323797762
v  -0.0256197285 0.00566856191 0.0367915928
v  -0.0265058223 0.00513224397 0.036331296
v  -0.0264610145 0.00506126368 0.0362580493
v  -0.0263950173 0.00501977047 0.0361548625
v  -0.0290492084 0.00536734797 0.0292741153
v  -0.0290684234 0.00569982175 0.0292792302
v  -0.0264920201 0.00567458803 0.036325682
v  -0.0275317784 0.0050178715 0.0350534543
v  -0.0276234504 0.0050567477 0.0351446494
v  -0.0276798066 0.00512542063 0.0352216884
v  -0.0287032407 0.00501872459 0.0291424561
v  -0.0285016578 0.00501594134 0.0321390145
v  -0.0288368333 0.00505904108 0.0291725006
v  -0.0286273006 0.00505211158 0.0322000124
v  -0.0289394166 0.0051297415 0.0292099565
v  -0.028715482 0.00511832302 0.0322691686
v  -0.0284214672 0.00569656817 0.0338421799
v  -0.0284199398 0.00535200303 0.033900585
v  -0.028767949 0.00521885883 0.0323332548
v  -0.0290093701 0.00523311691 0.029246537
v  -0.0265283063 0.00523367012 0.0363713503
v  -0.0281847548 0.00501582539 0.0336328484
v  -0.0282984842 0.00505180657 0.0337096192
v  -0.0283725876 0.00511763943 0.0337877832
v  -0.0276954267 0.00517190108 0.0352524184
v  -0.0265198126 0.00517926039 0.0363555141
v  0.0283991005 0.0050000893 -0.0201231111
v  -0.0143620241 0.00648120558 -0.0306561124
v  -0.014360439 0.00719064381 -0.0324304774
v  1.34806414e-05 0.00702583883 -0.0327076726
v  -0.0143629834 0.0059236791 -0.0287681799
v  0.0284006316 0.00518487394 -0.0233844146
v  0.0284008272 0.00528759276 -0.0241702273
v  0.0143860038 0.00719069922 -0.0324303396
v  0.028401792 0.00684759021 -0.0298638418
v  0.0143871764 0.00648127729 -0.0306559149
v  0.0284013823 0.0059882747 -0.0274303369
v  0.0143869147 0.00592373637 -0.0287679788
v  0.0284019392 0.00752939889 -0.0313431658
v  0.0143832685 0.00805858895 -0.0340839028
v  0.0284020007 0.00869015884 -0.0333908945
v  0.0143791288 0.00902606454 -0.0355300233
v  0.028401928 0.00977729354 -0.0349674076
v  1.28780757e-05 0.0078455098 -0.0343283415
v  0.0037881569 0.00878530834 -0.0357103162
v  0.010757912 0.00891212188 -0.0356153511
v  -0.0211351831 0.00932773575 -0.0353040732
v  -0.0143557284 0.00902606454 -0.0355300233
v  -0.0143582691 0.00805856474 -0.0340839885
v  -0.00687976694 0.00882694405 -0.0356791317
v  1.16999527e-05 0.00876744092 -0.0357237011
v  -0.023586221 0.00946513563 -0.0352011696
v  -0.031012373 0.0124669913 -0.0329529829
v  -0.0310123991 0.010768488 -0.0304422956
v  -0.0310123954 0.0103596207 -0.0297514927
v  -0.0310123917 0.00896455161 -0.0270336848
v  -0.0310123879 0.00865085516 -0.0263209082
v  -0.0310123842 0.00759267528 -0.0234671142
v  -0.0310123768 0.00681371056 -0.0205392037
v  0.0295578856 0.00570107065 -0.0232323203
v  0.0310357958 0.00899238139 -0.0270946492
v  0.0310357995 0.00867729075 -0.0263826828
v  0.0294941422 0.00654807035 -0.0271910671
v  0.0310358144 0.00760966027 -0.0235201642
v  0.0310358182 0.00737502845 -0.0227529835
v  0.0310357809 0.010387281 -0.02979948
v  0.0294616204 0.00808569696 -0.0310219731
v  0.0310357679 0.0120250387 -0.0323479362
v  0.0294535942 0.0103106424 -0.0345679559
v  0.0310357455 0.0124669913 -0.0329529829
v  0.0291325431 0.015726611 0.0279016495
v  0.0292021129 0.0259572528 0.0263627768
v  0.0287629757 0.0259457082 0.0274291914
v  0.0294728484 0.0310190096 0.0243601948
v  0.0294791255 0.0361034125 0.0233403742
v  0.0292450506 0.0360973105 0.0240519438
v  0.0294793788 0.0363516323 0.0232833046
v  0.0294813886 0.0412880257 0.0219871793
v  0.0292619318 0.0410810001 0.0225603916
v  0.0253496394 0.00726100942 0.034426026
v  0.0276597962 0.0156934466 0.0310434271
v  0.0265388265 0.0200524274 0.0305644069
v  0.0269528944 0.015674049 0.0315378495
v  0.0263776425 0.0181949493 0.0311351027
v  0.0257917009 0.011794962 0.0330716185
v  0.0281180386 0.0435124859 0.0224715229
v  0.0277913474 0.0371553637 0.0249116737
v  0.028378183 0.0360648818 0.0250787735
v  0.0272807926 0.0293993615 0.027591018
v  0.0293868557 0.0198184755 0.0257359706
v  0.0294425078 0.0253081098 0.0251964871
v  0.0294477176 0.0259560365 0.0251165424
v  0.029296631 0.0131503977 0.0260946508
v  0.0293349139 0.0157203153 0.0259922221
v  0.0286528189 0.0157183725 0.0296306498
v  0.0282319896 0.0157080721 0.030398827
v  0.0280329715 0.0259178393 0.0282532517
v  0.0284387954 0.0259339511 0.0278811194
v  0.0288897902 0.0360869318 0.0246433336
v  0.0294736084 0.0459503084 0.0204432197
v  0.0292712674 0.0459793918 0.0208098032
v  0.0289452355 0.0410835035 0.0229863115
v  0.0289866943 0.046006795 0.0211166926
v  0.0286250561 0.046016328 0.0213262383
v  0.0282181669 0.0460066348 0.0214285068
v  0.0251217242 0.0371517353 0.0253879968
v  0.00722228084 0.0435444638 0.0242685452
v  0.00718844682 0.0497150533 0.0212227181
v  1.16436076e-05 0.0520292893 0.0201166421
v  1.1699487e-05 0.0558295213 0.0180428345
v  0.00378805562 0.0558185354 0.0180233847
v  0.0101856422 0.0557501912 0.0179015435
v  0.0284018442 0.0552130826 0.0169422589
v  0.0203605182 0.0555126444 0.0174773876
v  0.0283527244 0.05066742 0.0193044711
v  0.0214968137 0.0494984724 0.0205285884
v  0.021550497 0.043386627 0.0233393069
v  0.0253015459 0.0118014626 0.0332690142
v  0.0252534281 0.018198045 0.0315230265
v  0.021796206 0.0182006732 0.0325583741
v  0.0218633525 0.0117997425 0.0344971158
v  0.0182635579 0.0182068739 0.0333992355
v  1.16738756e-05 0.0175141469 0.0355869532
v  1.16510582e-05 0.0446409099 0.0238847584
v  1.16496612e-05 0.0435838252 0.0243987888
v  0.00725721009 0.0372985527 0.0271431915
v  1.16552492e-05 0.0364629887 0.0277198851
v  0.00729222549 0.0309907664 0.0298695248
v  1.16561805e-05 0.0310447291 0.0300997216
v  0.00732635334 0.0246361233 0.0324627757
v  1.16626998e-05 0.0274392255 0.0316214226
v  0.00735876383 0.0182421785 0.034936212
v  0.00738892565 0.0118124792 0.0373014957
v  0.0251633339 0.0308813583 0.0276080146
v  0.0216679499 0.0308967978 0.0282869637
v  0.0162635185 0.0556273311 0.0176822059
v  0.0143589154 0.0496264696 0.0209645312
v  0.0144164469 0.0434724689 0.0239240006
v  0.0216076896 0.0371781364 0.0259112641
v  0.0144770155 0.0372375883 0.0266879033
v  0.0181241445 0.0309163649 0.0288430396
v  0.0147319566 0.0118026976 0.0362762325
v  0.014667809 0.0182161741 0.0340651572
v  0.0146035161 0.0245961007 0.0317399353
v  0.0145396637 0.030939173 0.0292865746
v  0.0217309128 0.0245677512 0.030494662
v  0.0252072774 0.0245597064 0.0296434779
v  -0.0181757789 0.0180891547 0.0342923738
v  -0.0250529945 0.0431812592 0.0230527241
v  -0.0274433251 0.0331045091 0.0266383048
v  -0.02513518 0.0306714736 0.0280990209
v  -0.0265209842 0.0211816449 0.0311750192
v  -0.0252323635 0.0180122703 0.0327115469
v  -0.021462705 0.0494189374 0.0205650367
v  -0.0282229539 0.0474296696 0.0207737647
v  -0.0279423874 0.0412133262 0.0234214216
v  -0.0181884337 0.0555765368 0.0175902117
v  -0.0283786226 0.0552137643 0.0169415046
v  -0.0283496846 0.0520747714 0.0185927767
v  -0.00800071284 0.05578053 0.0179551002
v  -0.00716585433 0.0435044058 0.0243386589
v  -0.00720653916 0.0309525263 0.0300525278
v  -0.00724222278 0.0182136428 0.0352606885
v  -0.0145542175 0.0181309916 0.034761671
v  -0.0144525599 0.0308398437 0.0296289045
v  -0.021508513 0.0432493426 0.023456119
v  -0.0216164496 0.0307239313 0.028761588
v  -0.0217403211 0.0180490948 0.0336342826
v  -0.014357347 0.0433861725 0.0240275878
v  -0.0143164229 0.0495738797 0.0209993925
v  -0.0285676513 0.0306142736 0.0268249717
v  -0.0282122213 0.030579105 0.0271807108
v  -0.0283942912 0.0368453562 0.0249186251
v  -0.0277703237 0.0305432361 0.0274499375
v  -0.0287366156 0.0180438366 0.0297872517
v  -0.027116742 0.0179595035 0.0319922715
v  -0.0278428551 0.0179909766 0.0314125381
v  -0.0283727553 0.0180189572 0.0306516904
v  -0.0291709621 0.0180848259 0.0279081669
v  -0.0292245205 0.0244102124 0.0268249232
v  -0.0292458441 0.0307149943 0.0254704487
v  -0.0292509887 0.0369722918 0.0238165185
v  -0.029256111 0.0431340039 0.0218356289
v  -0.0292818192 0.0491532385 0.0194193833
v  -0.0290082153 0.0491900556 0.0196941178
v  -0.0290013906 0.0551249124 0.0167827923
v  -0.0285299141 0.0552058667 0.0169284847
v  -0.0286603663 0.0492014512 0.0198882502
v  -0.0285492558 0.043062631 0.0225153808
v  -0.0288469922 0.0306483358 0.0264108889
v  -0.0287893321 0.0243539661 0.0281917732
v  -0.0289577339 0.0431019701 0.0222198628
v  -0.0289042685 0.0369092785 0.0244287662
v  0.0294711832 0.0468055122 0.0201216321
v  0.0294592325 0.051024463 0.0183347408
v  0.0292757861 0.0505739897 0.0188616849
v  0.0287054088 0.0506648347 0.0192409419
v  0.0290231723 0.0551258102 0.0167822558
v  0.0290237591 0.0506345741 0.019094944
v  0.029385725 0.0549452193 0.0164601393
v  0.029453868 0.0548875593 0.0163605027
v  -0.0310124028 0.0304197334 -0.0402654707
v  -0.031012414 0.0290741809 -0.0444560759
v  -0.031012414 0.0279998016 -0.0441222675
v  -0.031012414 0.0304399747 -0.0448214822
v  -0.031012414 0.0262734741 -0.0434967279
v  -0.031012414 0.0251606684 -0.0430323556
v  -0.0310124028 0.0247275066 -0.0379159898
v  -0.031012414 0.02243682 -0.0416762531
v  -0.031012414 0.0198359396 -0.0400538743
v  -0.0310123991 0.0197008215 -0.0343587585
v  -0.0310124103 0.0189225394 -0.039397072
v  -0.0310124103 0.0165746324 -0.0374642164
v  -0.0310122427 0.0633716434 0.00550465239
v  -0.0310122576 0.0604078397 0.00211064727
v  -0.0310122427 0.0623653792 0.00675826473
v  -0.0310122501 0.0562987179 0.00669720909
v  -0.031012414 0.032057602 -0.0451718867
v  -0.0310123991 0.0364920609 -0.0412894227
v  -0.0310124103 0.0347484834 -0.0455640964
v  -0.0310122501 0.039507471 0.0136278756
v  -0.0310122576 0.0333595537 0.0132749081
v  -0.0310124066 0.0391180702 -0.0457106084
v  -0.0310124066 0.0381076634 -0.0457300432
v  -0.0310124103 0.0350712128 -0.0455955006
v  -0.0310122315 0.055538781 0.0128146186
v  -0.0310122464 0.0512720272 0.0102544436
v  -0.0310122352 0.0579933859 0.0110257799
v  -0.0310122389 0.0602717064 0.00900675356
v  -0.0310122427 0.0488115959 0.0114546809
v  -0.0310122464 0.0455797911 0.0126039283
v  -0.0310123917 0.0155916987 -0.0297721941
v  -0.0310124066 0.0144203557 -0.035315387
v  -0.0310124066 0.015386574 -0.0363301076
v  -0.0310123768 0.0485552251 -0.0392243341
v  -0.0310123879 0.0501615405 -0.0433208868
v  -0.0310123917 0.0486604683 -0.0438961163
v  -0.0310122613 0.0678068921 -0.00246751611
v  -0.031012265 0.0633933097 -0.00327532133
v  -0.0310122538 0.0665773973 0.000343478081
v  -0.0310122501 0.0650966614 0.00300217164
v  -0.0310123879 0.0426399857 -0.0409364551
v  -0.0310124028 0.0427667089 -0.0453720428
v  -0.0310124066 0.0397145189 -0.0456840843
v  -0.0310122687 0.0274443142 0.0115627861
v  -0.0310123805 0.0126062185 -0.0243862253
v  -0.0310123917 0.0477125384 -0.0442155972
v  -0.0310123954 0.0457506627 -0.0447742417
v  -0.0310123991 0.0434666499 -0.0452582836
v  -0.0310122613 0.0681890473 -0.00352564477
v  -0.0310122687 0.0690331683 -0.00644727983
v  -0.0310122799 0.0651054606 -0.0091905538
v  -0.0310123656 0.0580113642 -0.0386725217
v  -0.031012373 0.0555562451 -0.0404643267
v  -0.0310123656 0.0539411791 -0.0362388343
v  -0.0310123805 0.0529383793 -0.0420161262
v  -0.0310123842 0.0517759845 -0.0426021256
v  -0.0310123656 0.0108940778 -0.0184709933
v  -0.0310122874 0.0698986501 -0.0136153046
v  -0.0310122948 0.0654584169 -0.0153384665
v  -0.0310122836 0.069871217 -0.012490605
v  -0.0310122762 0.0695954412 -0.00943765696
v  -0.0310122836 0.0220583528 0.00857728813
v  -0.0310122985 0.017471781 0.00446818396
v  -0.0310122948 0.0697741956 -0.0166539084
v  -0.0310123023 0.0693606511 -0.0196684301
v  -0.0310123134 0.0644344613 -0.0214108005
v  -0.0310123507 0.0105411336 -0.0123230526
v  -0.0310123246 0.0668824241 -0.0273723025
v  -0.0310123321 0.0659189001 -0.0292613208
v  -0.0310123321 0.062084984 -0.0271030143
v  -0.0310123358 0.0651061013 -0.030648211
v  -0.031012347 0.0585277565 -0.032129731
v  -0.0310123544 0.0614258349 -0.0354824923
v  -0.0310123619 0.0592374094 -0.0376328714
v  -0.0310123172 0.0139145628 -0.000558505417
v  -0.0310123321 0.0115650762 -0.00625074748
v  -0.0310123395 0.0647595376 -0.0311943553
v  -0.031012347 0.063382484 -0.0331516527
v  -0.0310123507 0.0621339791 -0.0346902497
v  -0.0310123134 0.0686555207 -0.0226516128
v  -0.0310123134 0.068342261 -0.0236753039
v  -0.0310123246 0.0672658309 -0.0265224427
v  0.0310359672 0.0383750759 0.0180658903
v  0.0310359616 0.0414330885 0.0178838652
v  0.031035956 0.0444365218 0.0174122956
v  0.0310359504 0.0473863184 0.0166552495
v  0.0310359597 0.0183407608 0.0112890406
v  0.0310359634 0.0208452903 0.0130626168
v  0.0310359672 0.023482576 0.0145731345
v  0.0310359709 0.0277784318 0.0163856894
v  0.0310359709 0.0262566693 0.0158269349
v  0.031035969 0.0367535837 0.0180430096
v  0.0310359709 0.033717379 0.017778812
v  0.0310359709 0.030724369 0.0172280651
v  0.0310356785 0.0370908044 -0.0457174331
v  0.0310356766 0.0386982635 -0.0457227379
v  0.0310356822 0.0347484685 -0.045564279
v  0.031035956 0.0170769822 0.0102471579
v  0.0310359485 0.0148850158 0.00815279502
v  0.0310359411 0.0128989127 0.00585300382
v  0.0310359318 0.0111235362 0.00335042039
v  0.0310359299 0.0107345991 0.00272704335
v  0.0310359132 0.0576980188 0.0112598483
v  0.0310359206 0.0561731495 0.0123854037
v  0.0310356747 0.0535730086 0.0140089346
v  0.0310359374 0.051704295 0.0149751054
v  0.0310359448 0.0489116311 0.0161434337
v  0.031035684 0.0572092123 -0.0392980129
v  0.0310356859 0.0580953322 -0.0386047661
v  0.0310356729 0.0492152385 -0.0436937548
v  0.0310356747 0.052006457 -0.0424908139
v  0.0310356785 0.0546737798 -0.041025646
v  0.0310356803 0.0555807091 -0.0404483378
v  0.0310356729 0.0476966314 -0.0442208312
v  0.0310356729 0.044732254 -0.0450118482
v  0.0310358834 0.0628591776 0.0061585349
v  0.0310358927 0.0615870059 0.00764490059
v  0.0310358964 0.0608150065 0.00846332964
v  0.0310359094 0.0585883036 0.0105346153
v  0.0310357679 0.0696964264 -0.0174217597
v  0.031035712 0.0649058968 -0.0309666879
v  0.0310357232 0.0664154068 -0.0283266362
v  0.0310357269 0.0668823868 -0.0273722615
v  0.0310356766 0.0391180776 -0.0457107946
v  0.0310356729 0.0417303294 -0.0455115177
v  0.0310356729 0.0434666835 -0.0452584475
v  0.0310356822 0.0340317041 -0.0454826392
v  0.0310356896 0.0310336091 -0.0449604839
v  0.0310357139 0.0223271791 -0.0416148342
v  0.0310357083 0.0237785205 -0.0423849337
v  0.0310357008 0.0262734182 -0.0434968658
v  0.0310357008 0.0265874527 -0.0436190963
v  0.0310356952 0.0281025469 -0.0441561639
v  0.0310356896 0.0304399338 -0.0448216535
v  0.0310358461 0.0671736225 -0.000929159927
v  0.0310358517 0.0667005032 9.16187273e-05
v  0.0310358647 0.0652442649 0.00276142568
v  0.0310358796 0.0635394454 0.00528173754
v  0.0310358331 0.0682781562 -0.00379153341
v  0.0310358182 0.069097057 -0.00672249217
v  0.0310357101 0.0642848983 -0.0319048315
v  0.0310357008 0.0624287315 -0.0343443491
v  0.0310357343 0.0676672384 -0.0255533271
v  0.0310357455 0.0686554238 -0.0226515867
v  0.0310357548 0.069211252 -0.0204200204
v  0.0310356878 0.0590551272 -0.0377943702
v  0.0310356934 0.0603631362 -0.0365785621
v  0.031035699 0.0621340126 -0.0346902907
v  0.0310359187 0.00928558782 6.51180599e-05
v  0.0310357828 0.0698943734 -0.0143839847
v  0.0310357958 0.0697996393 -0.01131316
v  0.0310358033 0.0696324334 -0.00971439574
v  0.0310357455 0.0153865293 -0.0363301598
v  0.0310357362 0.0173707511 -0.0381623544
v  0.0310357288 0.0186226591 -0.0391706675
v  0.0310357194 0.0211222768 -0.0408998355
v  0.0310357604 0.0131233614 -0.0337993652
v  0.0310357474 0.0151398014 -0.0360794365
v  0.0294537395 0.0292427447 -0.0472982116
v  0.029453747 0.0298526511 -0.0474519879
v  0.0302446783 0.0301463772 -0.0461364426
v  0.029453896 0.0425215885 -0.0481287017
v  0.0294539146 0.0439805351 -0.0479044132
v  0.0302446783 0.0437235087 -0.0465808734
v  0.0302446783 0.0697568357 -0.0236702897
v  0.0294540077 0.0712587684 -0.0233464316
v  0.0302446783 0.0114625311 -0.0338584967
v  0.0302446783 0.0144502707 -0.0372989401
v  0.0302446783 0.0178803653 -0.040298529
v  0.0302446783 0.0216883924 -0.0428009592
v  0.0302446783 0.025802834 -0.0447591878
v  0.0302446783 0.0346374474 -0.0469068214
v  0.0302446783 0.0391916744 -0.0470558964
v  0.0302446783 0.0481478237 -0.0454906374
v  0.0302446783 0.0563450493 -0.0415576436
v  0.0302446783 0.0523815155 -0.0438056625
v  0.0302446783 0.0599639639 -0.0387887917
v  0.0302446783 0.0631703064 -0.0355510823
v  0.0302446783 0.0659038201 -0.031905394
v  0.0302446783 0.0681131631 -0.0279201623
v  0.0294542275 0.0688224211 -0.0295386538
v  0.0294542313 0.0693447366 -0.0284684431
v  0.0294542331 0.0695588514 -0.0280008931
v  0.0294542387 0.0701914653 -0.0264984071
v  0.0294542089 0.0671588778 -0.0324475467
v  0.0294541866 0.0652205795 -0.035182815
v  0.0294541754 0.0642080382 -0.0364131555
v  0.0294541325 0.0608726889 -0.039783027
v  0.0294541381 0.061248742 -0.0394467972
v  0.0294541605 0.0630346611 -0.0377058908
v  0.029454058 0.0551387966 -0.0438821651
v  0.0294540841 0.0571099818 -0.0426678956
v  0.0294540953 0.0579699688 -0.0420785509
v  0.0294541288 0.0606134273 -0.0400092006
v  0.0294540301 0.0529934838 -0.0450073518
v  0.0294540189 0.0521593653 -0.0453944691
v  0.0294539798 0.0490499698 -0.0466116481
v  0.0294539183 0.0442561395 -0.0478548072
v  0.0294539388 0.0458227806 -0.0475285165
v  0.0294539742 0.0485830046 -0.0467653684
v  0.029453855 0.0391925201 -0.048404444
v  0.0294538159 0.0358432159 -0.0483582132
v  0.0294537973 0.0343311988 -0.0482306182
v  0.0294537768 0.0325121991 -0.0479875021
v  0.029453706 0.0260496493 -0.0462948978
v  0.0294536483 0.0200227741 -0.0433874466
v  0.0294536557 0.0208900906 -0.0438975655
v  0.0294536743 0.0229666792 -0.0449874289
v  0.0294536985 0.0253321622 -0.0460216999
v  0.0294536259 0.0172467362 -0.0415096954
v  0.0294536091 0.0146734593 -0.0393777527
v  0.0294536036 0.0135136684 -0.0382680595
v  0.029453598 0.0123142768 -0.0370040536
v  0.0294536017 0.0130538587 -0.0377984308
v  -0.029430287 0.0693445206 -0.0284683816
v  -0.029430287 0.0696236938 -0.0278550759
v  -0.0292507466 0.0698697716 -0.0279589649
v  -0.0292506758 0.0132549834 -0.0383867547
v  -0.0290016215 0.0130995298 -0.0385418087
v  -0.0286966134 0.0166781936 -0.0418539122
v  -0.0283785295 0.0126227867 -0.0383108221
v  -0.0286966544 0.0130068203 -0.0386345573
v  -0.0286966991 0.0251735002 -0.0466234609
v  -0.0283785295 0.0237055998 -0.0460633412
v  -0.0286966581 0.0207601972 -0.0445337743
v  -0.0283785295 0.0196881723 -0.0439629704
v  -0.0283785295 0.0159734376 -0.0413644575
v  -0.0283785332 0.0298240725 -0.0481297746
v  -0.0283785295 0.029150527 -0.047962185
v  -0.0286966544 0.0298333541 -0.0480826758
v  -0.0283785295 0.0279593207 -0.0476309359
v  -0.0283785295 0.0251575503 -0.0466688648
v  -0.0283785295 0.0333398618 -0.0487815253
v  -0.0286966022 0.0346498154 -0.0488830805
v  -0.0283785295 0.0346469507 -0.0489309318
v  -0.0283785295 0.0378940068 -0.0490901209
v  -0.0286966395 0.0395307653 -0.0490091443
v  -0.0283785332 0.0395343751 -0.0490569957
v  -0.0292507019 0.0443135351 -0.0481157564
v  -0.0292507131 0.039510157 -0.0486592539
v  -0.0294302497 0.0394952446 -0.0483925976
v  -0.0292507205 0.0346778557 -0.0485339612
v  -0.0294302423 0.0347002074 -0.0482678823
v  -0.0292506982 0.0299095176 -0.0477403477
v  -0.0294302385 0.0299686622 -0.0474798903
v  -0.0292506758 0.0252971929 -0.0462949201
v  -0.0294302348 0.0253923312 -0.0460452475
v  -0.0292506833 0.0209290031 -0.0442263521
v  -0.0294302274 0.0210582837 -0.0439926088
v  -0.0292506944 0.0168885849 -0.0415737629
v  -0.0294302236 0.0170494001 -0.0413605943
v  -0.0294302199 0.0134442085 -0.038198255
v  -0.0283785332 0.0424499325 -0.0488092676
v  -0.0286966842 0.0443824604 -0.0484597869
v  -0.0283785332 0.0443925001 -0.0485067517
v  -0.0294302534 0.0439804494 -0.0479043275
v  -0.0294302534 0.0442616604 -0.0478536636
v  -0.0292507019 0.0489950106 -0.0469116271
v  -0.0283785332 0.0469310805 -0.0479403511
v  -0.0286966991 0.0491108671 -0.0472429171
v  -0.0283785369 0.0491271056 -0.0472880937
v  -0.0294302572 0.0485829897 -0.046765238
v  -0.0294302572 0.0489071757 -0.0466592796
v  -0.0292507131 0.0534660965 -0.0450740121
v  -0.0283785369 0.0512626991 -0.0465008803
v  -0.0286966916 0.0536266044 -0.0453860126
v  -0.0283785369 0.0536487363 -0.0454286039
v  -0.0294302646 0.0529874079 -0.0450101048
v  -0.0294302646 0.0533440262 -0.0448363386
v  -0.0292507205 0.0576389581 -0.0426337123
v  -0.0283785369 0.0553727075 -0.044514928
v  -0.0286966842 0.0578410737 -0.0429204442
v  -0.0283785407 0.0578687452 -0.0429596603
v  -0.0294302683 0.0571098663 -0.0426677689
v  -0.0294302683 0.0574850477 -0.0424153432
v  -0.0292507131 0.061433766 -0.0396394618
v  -0.0283785407 0.0591900572 -0.042012278
v  -0.0286967177 0.0616737828 -0.039895609
v  -0.0283785407 0.0617065281 -0.0399307311
v  -0.0294302721 0.0608725846 -0.0397828743
v  -0.0294302721 0.0612509586 -0.0394445509
v  -0.0292507354 0.0647802055 -0.0361512676
v  -0.0283785407 0.0626533329 -0.0390389152
v  -0.028696673 0.0650530607 -0.0363715328
v  -0.0283785444 0.0650902241 -0.0364018753
v  -0.0294302758 0.064207837 -0.0364130996
v  -0.0294302795 0.0645721629 -0.0359836891
v  -0.0292507652 0.0676097125 -0.0322319716
v  -0.0294302832 0.0670495406 -0.0326174684
v  -0.0290016066 0.0167566668 -0.0417490229
v  -0.029001629 0.0208230373 -0.044418633
v  -0.0290016513 0.025219379 -0.0465003885
v  -0.0290016327 0.0298613757 -0.0479545444
v  -0.0290016104 0.0346599035 -0.0487525351
v  -0.0290016327 0.0395227373 -0.0488783345
v  -0.0290016551 0.0443564355 -0.0483311638
v  -0.0290016662 0.0490673818 -0.0471190512
v  -0.0290016625 0.0535665043 -0.0452693515
v  -0.0290016625 0.057765469 -0.0428132266
v  -0.0290016811 0.061584048 -0.0397997461
v  -0.0290016625 0.0649510995 -0.0362890922
v  -0.029001629 0.06779778 -0.0323445573
v  -0.0286965985 0.0679099336 -0.0324119031
v  -0.0294302832 0.067380555 -0.032095015
v  -0.0283785481 0.070236519 -0.0281149428
v  -0.0283785444 0.0682887435 -0.0318811461
v  -0.0283785444 0.0679508373 -0.0324368104
v  -0.0283785444 0.0657043979 -0.0356436707
v  -0.0286967549 0.0718563423 -0.0235057529
v  -0.0286966693 0.0701925159 -0.028095847
v  -0.0290017072 0.0717294812 -0.0234715156
v  -0.0290016662 0.0700718984 -0.0280445181
v  -0.0292507242 0.0715171173 -0.0234146845
v  -0.0294302944 0.0712588653 -0.0233457778
v  -0.0283785481 0.0719026327 -0.023518594
v  -0.0286740307 0.0564806536 0.0161503851
v  -0.0283785556 0.0726797283 -0.0201993231
v  -0.0286966022 0.0728931502 -0.018543059
v  -0.0283785593 0.0728963688 -0.0188790672
v  -0.0283785593 0.0729424506 -0.0185495988
v  -0.028378563 0.0731403306 -0.016728811
v  -0.0286945719 0.0732105076 -0.0134774912
v  -0.0283785667 0.0732582137 -0.0141473264
v  -0.0283785779 0.0728403106 -0.00840906799
v  -0.0283785742 0.0729813948 -0.00940985139
v  -0.0286916103 0.0727945119 -0.00841596536
v  -0.0283785742 0.0730273426 -0.00979001261
v  -0.0283785667 0.0732548013 -0.0132472198
v  -0.0283785816 0.0724654719 -0.00638939114
v  -0.0286880825 0.0716607049 -0.00348632806
v  -0.0283785816 0.072070919 -0.00475247204
v  -0.0283785928 0.0698701292 0.00125364296
v  -0.0283785928 0.0703825429 0.000119657503
v  -0.0286843274 0.069830507 0.00123545784
v  -0.0283785928 0.0705432743 -0.000259532273
v  -0.0283785854 0.0715795308 -0.00307634566
v  -0.0283785965 0.0688899979 0.00317076873
v  -0.0286806952 0.0673416108 0.00564414728
v  -0.0283786003 0.0684261546 0.00398758193
v  -0.0283786114 0.0642681718 0.00969007425
v  -0.0283786077 0.0650916845 0.00873664487
v  -0.0286775287 0.064236939 0.00966322329
v  -0.0283786077 0.065757893 0.00791196525
v  -0.028378604 0.067119725 0.00605107052
v  -0.028675193 0.0605940446 0.013184879
v  -0.0283786152 0.0625868216 0.0114424638
v  -0.0283786152 0.0628277212 0.0112058455
v  -0.0290013943 0.0564077944 0.0160292499
v  -0.0292695072 0.0562818833 0.0158272814
v  -0.0294292849 0.0577447526 0.0145762684
v  -0.029268628 0.0603522696 0.0128943203
v  -0.0294293296 0.0593211465 0.013412904
v  -0.0292668696 0.0639583692 0.00941170566
v  -0.029429445 0.0629375651 0.0101465257
v  -0.0294293631 0.0604570694 0.0124843232
v  -0.0292644855 0.0670331642 0.00543678971
v  -0.0294295195 0.0651653111 0.00758952089
v  -0.0294294711 0.0637749806 0.00924388878
v  -0.0294298101 0.0710697621 -0.00367518282
v  -0.0294297803 0.0706505179 -0.00239869766
v  -0.0292589348 0.0713145658 -0.00359625276
v  -0.0294297505 0.0701732263 -0.00111713004
v  -0.0292617586 0.0694995373 0.00107570062
v  -0.0294296723 0.0687961504 0.00192868034
v  -0.0294295978 0.0671229959 0.0048407237
v  -0.0292562861 0.072440289 -0.008475082
v  -0.0294298697 0.0717387944 -0.00618675631
v  -0.029429825 0.0712456107 -0.00426664576
v  -0.029430056 0.0725929737 -0.0140335513
v  -0.0294300448 0.0725919381 -0.0134922471
v  -0.0292540584 0.0728548691 -0.0134855751
v  -0.0294299778 0.0724567175 -0.010755159
v  -0.0294298995 0.072007671 -0.00748944888
v  -0.0294301342 0.072419554 -0.0172948893
v  -0.0292525273 0.0725422874 -0.018500831
v  -0.029430164 0.0722808912 -0.018469993
v  -0.0294302162 0.0719422996 -0.0205103047
v  -0.0283786263 0.0576876216 0.015420719
v  -0.0283786226 0.0589703918 0.0145151997
v  -0.0283786189 0.060351368 0.0134394625
v  -0.0290014613 0.0605049953 0.0130757038
v  -0.0290015992 0.0641338974 0.00956850778
v  -0.0290017929 0.0672270954 0.00556596089
v  -0.0290020127 0.069707267 0.00117515062
v  -0.0290022399 0.0715315342 -0.00352781895
v  -0.0290024597 0.0726621225 -0.00843824167
v  -0.0290026385 0.0730774924 -0.0134804901
v  -0.0290027615 0.0727618858 -0.0185270924
v  -0.0290017072 0.0717294738 -0.0234715138
v  -0.0211351831 0.0277993809 -0.0481693633
v  -0.023586221 0.029052645 -0.0483397022
v  -0.0211351831 0.0290095638 -0.048505865
v  -0.0210817084 0.0290086716 -0.0485092998
v  -0.0134373624 0.0289049391 -0.0489094146
v  -0.00867495127 0.0276336838 -0.0487271585
v  -0.00687976787 0.0288525391 -0.0491115078
v  -0.00579801155 0.0276151057 -0.0487897284
v  -0.00579801155 0.0288471431 -0.0491323285
v  0.00183955953 0.0288351923 -0.049178414
v  0.0037881569 0.0276064072 -0.0488189831
v  0.0107579101 0.0288792513 -0.0490084849
v  0.0162636191 0.0277177896 -0.0484440625
v  0.00946912076 0.0288690217 -0.0490479469
v  0.00378815597 0.0288394876 -0.0491618663
v  0.0162636191 0.0289376527 -0.0487832502
v  0.0284019262 0.029150527 -0.047962185
v  0.0284019262 0.0279593207 -0.0476309359
v  -0.00215465273 0.0731085837 -0.0238635894
v  0.00378805562 0.0730941594 -0.0238595754
v  0.00378815597 0.0715047121 -0.028308725
v  0.00802385528 0.0730189905 -0.0238381457
v  0.0182115752 0.0726170242 -0.0237234123
v  0.0162636191 0.0711456761 -0.0281535927
v  0.0284018256 0.0706654638 -0.0271072797
v  0.0284018256 0.0703675449 -0.0278173666
v  0.00378815597 0.0331760943 -0.0500098877
v  -0.0086749522 0.0331887528 -0.0499149263
v  -0.0211351831 0.0708826333 -0.028039908
v  -0.0211351831 0.0687714964 -0.0321687907
v  -0.0211351831 0.0661446676 -0.0359903499
v  -0.0211351831 0.0630461574 -0.0394405685
v  -0.0211351831 0.0595279112 -0.0424615704
v  -0.0211351831 0.0556488857 -0.0450027436
v  -0.0211351831 0.051474072 -0.0470215492
v  -0.0211351831 0.0425207615 -0.0493659005
v  -0.0211351831 0.0470734499 -0.0484840795
v  -0.0211351831 0.0378923081 -0.049652189
v  -0.0211351831 0.0332656577 -0.0493381508
v  0.0284019317 0.0324579068 -0.0486527681
v  0.0162636191 0.0332277864 -0.049622193
v  0.028401928 0.0333398469 -0.0487817377
v  0.0284019206 0.0358168669 -0.0490231179
v  0.0162636191 0.0378914438 -0.0499387532
v  0.0284019131 0.0378939994 -0.0490903668
v  0.0162636191 0.0425569341 -0.0496501587
v  0.0284019001 0.0425680727 -0.0487943739
v  0.0284019094 0.0391936451 -0.0490704104
v  0.0162636191 0.0471460409 -0.0487612933
v  0.0284018889 0.045895461 -0.0481955595
v  0.0284018945 0.0443973355 -0.0485061854
v  0.0162636191 0.0515818559 -0.0472870581
v  0.0284018777 0.0491409078 -0.0472839288
v  0.0284018852 0.0469311662 -0.0479407161
v  0.0284018647 0.0532989092 -0.0455997884
v  0.0284018684 0.0522992611 -0.046061594
v  0.0284018721 0.0512628481 -0.046501264
v  0.0284018572 0.0553261563 -0.0445417911
v  0.0162636191 0.0557900667 -0.0452521257
v  0.0284018479 0.0581797771 -0.0427454785
v  0.0162636191 0.0597001314 -0.04269059
v  0.0284018461 0.0591903925 -0.042012684
v  0.0162636191 0.0663698092 -0.0361676365
v  0.0284018274 0.0655614957 -0.0358249284
v  0.0284018293 0.0647476837 -0.0368074588
v  0.0162636191 0.0632465258 -0.0396454148
v  0.028401833 0.0633231252 -0.0383673757
v  0.0284018349 0.0626537204 -0.0390393063
v  0.0284018405 0.0608505607 -0.0406838395
v  0.0284018256 0.0675351173 -0.0330915712
v  0.0162636191 0.0690176561 -0.0323154889
v  0.0284018237 0.0682892948 -0.0318814591
v  0.0284018237 0.0692402646 -0.0301800072
v  0.0284018293 0.0717315525 -0.0241017584
v  0.0284018051 0.0719027817 -0.023519475
v  -0.00867505185 0.0730021 -0.023833055
v  -0.0225046389 0.0723526627 -0.0236472953
v  -0.012329096 0.072886467 -0.0237999596
v  -0.0086749522 0.0714167804 -0.0282707363
v  -0.0086749522 0.0692713559 -0.0324666761
v  -0.0086749522 0.0666018575 -0.0363503136
v  -0.0086749522 0.0634530112 -0.039856568
v  -0.0086749522 0.0598776191 -0.0429266356
v  -0.0086749522 0.0559355803 -0.0455091074
v  -0.0086749522 0.0516929515 -0.0475606807
v  -0.0086749522 0.0472208411 -0.0490470119
v  -0.0086749522 0.0425942019 -0.0499431305
v  -0.0086749522 0.0378905684 -0.050234057
v  0.00378815597 0.0693536401 -0.0325157233
v  0.00378815597 0.0666771159 -0.0364095941
v  0.00378815597 0.0635199919 -0.0399250388
v  0.00378815597 0.0599351898 -0.0430031978
v  0.00378815597 0.055982776 -0.0455924608
v  0.00378815597 0.0517289862 -0.0476494506
v  0.00378815597 0.0472451113 -0.0491396636
v  0.00378815597 0.0426062904 -0.0500381477
v  0.00378815597 0.0378902704 -0.0503298678
v  -0.0211351831 0.0122185564 -0.0387007929
v  -0.00867495127 0.0117997639 -0.0391047858
v  0.0037881569 0.0117308162 -0.0391712673
v  0.0162636191 0.0120123103 -0.0388997272
v  0.0162636191 0.0154435569 -0.0420268178
v  0.0284019262 0.0159734376 -0.0413644575
v  0.0284019262 0.0126227867 -0.0383108221
v  0.0162636191 0.0192476604 -0.0446878225
v  0.0284019262 0.0196881723 -0.0439629704
v  0.0162636191 0.023361735 -0.0468387567
v  0.0284019262 0.0237055998 -0.0460633412
v  0.0037881569 0.0232031718 -0.0471963026
v  -0.0211351831 0.0234779157 -0.0465767942
v  -0.00867495127 0.0232420191 -0.0471087247
v  0.0037881569 0.0190445408 -0.0450220816
v  -0.00867495127 0.0190942939 -0.0449402072
v  -0.0211351831 0.0193964727 -0.0444429368
v  0.0037881569 0.0151992263 -0.0423322394
v  -0.00867495127 0.0152590713 -0.0422574431
v  -0.0211351831 0.015622572 -0.0418030582
v  0.028402308 0.0697798431 0.00144260866
v  0.0284022968 0.0705590546 -0.000298191531
v  0.0162635185 0.0713261664 6.69385408e-05
v  0.0284021739 0.0732577518 -0.0134661747
v  0.0284021609 0.0732582361 -0.0141473319
v  0.0162635185 0.0741064101 -0.0141549483
v  0.00378805562 0.0741229504 -0.019056512
v  -0.00867505185 0.0740281492 -0.0190427843
v  -0.0211352836 0.0734522417 -0.0189594943
v  -0.0211352836 0.0593044348 0.0149667161
v  -0.0211352836 0.0629784763 0.0118450606
v  -0.0211352836 0.0662000552 0.00825828686
v  -0.0211352836 0.0710616782 -4.33342757e-05
v  -0.0211352836 0.0689108297 0.00427142717
v  -0.0211352836 0.0726136416 -0.00460786093
v  -0.0211352836 0.0735386238 -0.00933943596
v  -0.0211352836 0.0738198534 -0.0141523639
v  0.0162635185 0.073735863 -0.0190005172
v  0.028402146 0.0728963539 -0.0188790616
v  0.0284021497 0.0726780072 -0.0202080682
v  0.0284021329 0.0731303543 -0.0168481339
v  0.0284022242 0.0730604529 -0.0100897932
v  0.0162635185 0.0738229305 -0.00930351857
v  0.028402226 0.0729812011 -0.00940989051
v  0.0162635185 0.0728905573 -0.00453407643
v  0.0284022372 0.0720711574 -0.0047524171
v  0.0284022223 0.0725424439 -0.00675491849
v  0.0284022223 0.0728083253 -0.00820848253
v  0.0284022521 0.0717053935 -0.00347715989
v  0.028402308 0.0691132173 0.00275899516
v  0.0162635185 0.0691581145 0.00441624038
v  0.0284023043 0.0684263632 0.00398770859
v  0.0162635185 0.0664256662 0.00843501929
v  0.0284023713 0.0657577142 0.00791183021
v  0.0284023061 0.0673832446 0.00565961422
v  0.0284023453 0.0625868663 0.0114425132
v  0.0284023602 0.0631240606 0.0109084984
v  0.0162635185 0.0631783083 0.0120504526
v  0.0284023862 0.0641305372 0.00984282792
v  0.0284023844 0.0653823391 0.00838276464
v  0.028402349 0.0606439337 0.0131970514
v  0.0162635185 0.0594748668 0.0151970917
v  0.0284024235 0.0589703135 0.0145150973
v  0.0284024514 0.0579563528 0.0152378464
v  0.00378805562 0.0597074963 0.0155115426
v  -0.00867505185 0.059650518 0.0154345296
v  -0.00867505185 0.0633842349 0.0122621255
v  -0.00867505185 0.0666581616 0.00861712266
v  -0.00867505185 0.0694129542 0.00456549181
v  -0.00867505185 0.0715987459 0.000180625953
v  -0.00867505185 0.073175922 -0.00445803441
v  -0.00867505185 0.0741159171 -0.00926649384
v  -0.00867505185 0.0744017214 -0.0141575914
v  0.00378805562 0.0744975135 -0.0141584584
v  0.00378805562 0.0742109641 -0.00925446767
v  0.00378805562 0.073268488 -0.00443339068
v  0.00378805562 0.0716871545 0.000217497261
v  0.00378805562 0.0694956258 0.00461390056
v  0.00378805562 0.0667335689 0.00867620017
v  0.00378805562 0.0634510443 0.0123308012
v  -0.0302160364 0.0554043502 0.0145066064
v  -0.0302160364 0.0693948865 -0.00286395987
v  -0.0302160364 0.0703497604 -0.0215380602
v  -0.0302160364 0.0712546185 -0.0140271895
v  -0.0302160364 0.0710164681 -0.017808428
v  -0.0302160364 0.0710611492 -0.0102433749
v  -0.0302160364 0.0704385415 -0.00650612684
v  -0.0302160364 0.0661039203 0.00394792901
v  -0.0302160364 0.0638993233 0.00702922605
v  -0.0302160364 0.0585145876 0.0123430341
v  -0.0302160364 0.0613585524 0.00983974896
v  -0.0302160364 0.0679437369 0.000635867764
v  -0.0302213114 0.0599639602 -0.0387887582
v  -0.0302213114 0.0697568208 -0.0236702841
v  -0.0302213114 0.0437235087 -0.0465808436
v  -0.0302213114 0.039191667 -0.0470558964
v  -0.0302213114 0.0346374474 -0.0469068214
v  -0.0302213114 0.030146379 -0.0461364128
v  -0.0302213114 0.0258028414 -0.044759158
v  -0.0302213114 0.0216884147 -0.0428009331
v  -0.0302213114 0.0178803783 -0.0402985327
v  -0.0302213114 0.0144502791 -0.0372989103
v  -0.0302213114 0.0114625534 -0.0338584706
v  -0.0302213114 0.0523815006 -0.0438056551
v  -0.0302213114 0.0481478237 -0.0454906039
v  -0.0302213114 0.0563450344 -0.0415576398
v  -0.0302213114 0.0631702915 -0.0355510786
v  -0.0302213114 0.0659038052 -0.0319053903
v  -0.0302213114 0.0681131557 -0.0279201586
v  0.0285399649 0.0718898475 -0.0235144943
v  0.0286979787 0.0701319501 -0.028243728
v  0.0286986623 0.0677393675 -0.0326929949
v  0.0286999457 0.0647143275 -0.0367786102
v  0.02870127 0.0616782419 -0.0398971662
v  0.0287029985 0.0576874204 -0.043029353
v  0.0287049841 0.0532779098 -0.0455598496
v  0.0287070945 0.0485746749 -0.0474195033
v  0.0287089217 0.0443861485 -0.0484616496
v  0.028711034 0.0393426344 -0.049018912
v  0.028713081 0.0342849009 -0.0488480143
v  0.0287150927 0.0292923898 -0.0479503721
v  0.0287166145 0.0251764841 -0.0466254316
v  0.0287180338 0.0205950271 -0.0444410555
v  0.0287191048 0.0163742602 -0.0416203924
v  0.0287198499 0.0126107167 -0.0382291712
v  0.0287200939 0.00981575251 -0.0349385962
v  0.0292745139 0.016585933 -0.0413397737
v  0.0292741228 0.0128621459 -0.0379841961
v  0.029275272 0.0207623467 -0.0441302322
v  0.0292762611 0.0252950694 -0.0462910235
v  0.0292771664 0.0293675475 -0.0476021171
v  0.0292783342 0.0343101062 -0.0484910458
v  0.0292796865 0.039316982 -0.0486596376
v  0.0292811003 0.0443092845 -0.0481071919
v  0.0292822774 0.0484549925 -0.0470750295
v  0.0292835943 0.0531097874 -0.045233883
v  0.0292848311 0.0574735515 -0.0427289605
v  0.0292859748 0.0614226162 -0.0396286361
v  0.0292867534 0.0644270852 -0.036542438
v  0.0292874053 0.0674208775 -0.0324998572
v  0.0292879511 0.0697882771 -0.0280970316
v  0.029274039 0.0100967642 -0.0347281471
v  0.029023638 0.0717268959 -0.0234702174
v  0.0290234871 0.0700042769 -0.0281894449
v  0.0290234312 0.0676209778 -0.0326215662
v  0.0290236603 0.0646073297 -0.0366911925
v  0.0290238019 0.0615828112 -0.039797686
v  0.0290238708 0.0576073192 -0.0429179966
v  0.0290240198 0.0532146059 -0.0454388894
v  0.0290241763 0.0485291742 -0.0472914986
v  0.0290242787 0.0443564169 -0.0483297929
v  0.0290243495 0.0393318348 -0.0488850102
v  0.0290244352 0.0342929102 -0.0487147346
v  0.0290246606 0.0293189622 -0.0478199683
v  0.0290248133 0.0252195429 -0.0465000309
v  0.0290248301 0.0206567068 -0.0443244018
v  0.0290248338 0.0164528769 -0.0415151119
v  0.029024953 0.0127045447 -0.0381373353
v  0.0290250313 0.00992087647 -0.0348598547
v  0.030965358 0.0143145556 0.0079948362
v  0.030835649 0.042617809 0.018189922
v  0.0294509642 0.010688602 0.0209975094
v  0.0301672779 0.0301738214 0.020843083
v  0.0298273265 0.0239454824 0.0221791416
v  0.0305406749 0.0363994017 0.0195253026
v  0.0303585567 0.0230876934 0.0183110274
v  0.0309931245 0.0293364767 0.0170464292
v  0.0305579472 0.0151728364 0.0118678007
v  0.0309353266 0.0222579334 0.0144693516
v  0.0298533458 0.0168619361 0.019633323
v  0.0297376774 0.00619237963 -0.00051859318
v  0.0297844652 0.00657436438 0.00143886707
v  0.0298043657 0.00696938252 0.00339507032
v  0.0298046954 0.00737177301 0.00535136089
v  0.029143488 0.00569819193 0.0221333671
v  0.029169539 0.00569600239 0.0180252772
v  0.0295763835 0.009843003 0.0170856267
v  0.0292033311 0.00569226174 0.0139177246
v  0.0296850502 0.00901060086 0.0131764086
v  0.0292471945 0.00568623422 0.00981138647
v  0.0297645498 0.00818704534 0.00926490221
v  0.0287376475 0.00501223328 0.0170737859
v  0.0288789943 0.00504963147 0.0170744099
v  0.0291271191 0.00536031555 0.0170759764
v  0.0289920643 0.00511958078 0.0170749705
v  0.0290742181 0.00522408402 0.0170754809
v  0.0293865874 0.00521959923 -0.0200589709
v  0.0292985477 0.00630642008 -0.0272803567
v  0.0292776115 0.00785566028 -0.0311480146
v  0.0293393619 0.0054591517 -0.0232836772
v  0.029081583 0.0050475914 -0.0200828165
v  0.0290569589 0.00527475961 -0.0233299527
v  0.0287380721 0.00497951126 -0.0201048087
v  0.0287298318 0.00518717198 -0.0233638063
v  0.0290361792 0.00611485355 -0.0273565706
v  0.0290254503 0.00766937574 -0.0312528387
v  0.0287229605 0.00601144321 -0.0274064112
v  0.0287194364 0.0075625293 -0.0313172564
v  0.0287453812 0.00494603021 -0.0140409693
v  0.0291051697 0.0049824561 -0.0140273552
v  0.029435534 0.00512971822 -0.0140137449
v  0.0287062954 0.0640965849 0.0097949598
v  0.0294535048 0.0557624176 0.0158544853
v  0.0294537432 0.0720280856 -0.0200571436
v  0.0291097127 0.0727038756 -0.0183737334
v  0.0294537451 0.0723006427 -0.0183189362
v  0.0294537414 0.0724805892 -0.0166177917
v  0.0291043296 0.0729951262 -0.0132557554
v  0.0294537097 0.0725867525 -0.0131681385
v  0.0294536557 0.0723509341 -0.00974394288
v  0.0291024018 0.0725526065 -0.00824993104
v  0.0294536259 0.0721517727 -0.00832178723
v  0.0294535793 0.0717809051 -0.00637769001
v  0.0291017257 0.0713974759 -0.00335950498
v  0.0294534806 0.0708872825 -0.00310057541
v  0.0294533782 0.0698515624 -0.000332559051
v  0.0291015934 0.0695458129 0.00133178907
v  0.0294533204 0.0691819191 0.00114984903
v  0.0294532701 0.0684561282 0.00257537374
v  0.0291021578 0.0670472011 0.00569567224
v  0.0294531863 0.0668580011 0.00524708256
v  0.0294531286 0.0650543123 0.00772893243
v  0.029103281 0.063950941 0.00965504255
v  0.0294531062 0.0636391267 0.00939408597
v  0.0294531472 0.0600388348 0.012834698
v  0.0294531211 0.0609730445 0.012034243
v  0.0291073192 0.06029284 0.0131513588
v  0.0294531044 0.0622811839 0.0108103622
v  0.0294531025 0.0630788505 0.00999802817
v  0.0294532254 0.0584169105 0.014095881
v  0.0291180387 0.0561947227 0.0160683654
v  0.0286850873 0.0563054122 0.0162508916
v  0.0287002455 0.0604238696 0.0133095728
v  0.0287086181 0.067213513 0.00580845587
v  0.028709393 0.0697260424 0.001419281
v  0.0287092589 0.0715879276 -0.00329667679
v  0.0287082773 0.0727508292 -0.00821664371
v  0.028705243 0.0731979758 -0.0132546425
v  0.0286974739 0.0729098246 -0.0183962975
v  0.0302444864 0.0553999655 0.0144991819
v  0.0302444864 0.0703411773 -0.0215368085
v  0.0302444864 0.0710078031 -0.0178081151
v  0.0302444864 0.0712459907 -0.0140277827
v  0.0302444864 0.0710526332 -0.0102449004
v  0.0302444864 0.0704302341 -0.00650858134
v  0.0302444864 0.0660968274 0.00394298648
v  0.0302444864 0.0679361522 0.000631717907
v  0.0302444864 0.0693868995 -0.00286728027
v  0.0302444864 0.0638927966 0.00702353381
v  0.0302444864 0.0613526702 0.00983340479
v  0.0302444864 0.0585094243 0.0123361126
v  2.12833015e-10 -6.89411239e-09 -0.0272499975
v  -0.00606369553 7.66087282e-09 -0.0265667811
v  -0.0118233319 4.33202896e-09 -0.0245514084
v  -0.0169900972 5.56588242e-09 -0.0213048942
v  -0.0213049073 3.52692608e-09 -0.0169900972
v  -0.0245514009 -5.29581667e-09 -0.0118233263
v  -0.0265667848 -1.7423557e-09 -0.00606368203
v  -0.0272499993 5.01961006e-09 1.12537082e-08
v  -0.0265667848 -2.54233878e-09 0.00606370857
v  -0.0245514009 -7.20350846e-09 0.0118233245
v  -0.0213049073 -1.70233228e-09 0.0169900917
v  -0.0169900972 4.47334969e-09 0.0213049166
v  -0.0118233319 -2.50742405e-09 0.0245514028
v  -0.00606369553 -5.83626125e-09 0.0265667755
v  2.12833015e-10 -5.60518476e-09 0.0272499956
v  0.00606369553 7.66087993e-09 -0.0265667811
v  0.0118233319 4.33204228e-09 -0.0245514084
v  0.0169900972 5.56590196e-09 -0.0213048942
v  0.0213049073 3.52695073e-09 -0.0169900972
v  0.0245514028 -5.2957887e-09 -0.0118233263
v  0.0265667867 -1.74232495e-09 -0.00606368203
v  0.0272499993 5.01964159e-09 1.12537082e-08
v  0.0265667867 -2.54230814e-09 0.00606370857
v  0.0245514028 -7.20348048e-09 0.0118233245
v  0.0213049073 -1.70230763e-09 0.0169900917
v  0.0169900972 4.47336923e-09 0.0213049166
v  0.0118233319 -2.50741028e-09 0.0245514028
v  0.00606369553 -5.83625415e-09 0.0265667755
v  2.12831863e-10 0.00200000592 0.0272500012
v  -0.00606369553 0.00200000568 0.0265667811
v  -0.0118233319 0.00200000894 0.0245514084
v  -0.0169900972 0.00199999358 0.021304898
v  -0.0213049073 0.00199999544 0.016990101
v  -0.0245514009 0.00200000429 0.0118233301
v  -0.0265667848 0.00200000079 0.00606368575
v  -0.0272499993 0.00199999404 -7.59914176e-09
v  -0.0265667848 0.00200000149 -0.00606370484
v  -0.0245514009 0.00200000615 -0.0118233208
v  -0.0213049073 0.00200000079 -0.0169900879
v  -0.0169900972 0.00199999451 -0.0213049129
v  -0.0118233319 0.00200000149 -0.0245513991
v  -0.00606369553 0.00200000498 -0.0265667718
v  2.12831863e-10 0.00200000475 -0.0272499919
v  0.00606369553 0.00200000498 -0.0265667718
v  0.0118233319 0.00200000149 -0.0245513991
v  0.0169900972 0.00199999451 -0.0213049129
v  0.0213049073 0.00200000079 -0.0169900879
v  0.0245514028 0.00200000615 -0.0118233208
v  0.0265667867 0.00200000149 -0.00606370484
v  0.0272499993 0.00199999404 -7.59914176e-09
v  0.0265667867 0.00200000079 0.00606368575
v  0.0245514028 0.00200000429 0.0118233301
v  0.0213049073 0.00199999544 0.016990101
v  0.0169900972 0.00199999358 0.021304898
v  0.0118233319 0.00200000894 0.0245514084
v  0.00606369553 0.00200000568 0.0265667811
v  2.12831863e-10 0.00199999404 -7.59914176e-09
v  -0.0304124597 0.0512720272 0.0102544436
v  -0.0304124597 0.0562987179 0.00669720909
v  -0.0304124597 0.0604078397 0.00211064727
v  -0.0304124597 0.0633933097 -0.00327532133
v  -0.0304124597 0.0651054606 -0.0091905538
v  -0.0304124597 0.0654584169 -0.0153384665
v  -0.0304124597 0.0644344613 -0.0214108005
v  -0.0304124597 0.062084984 -0.0271030143
v  -0.0304124597 0.0585277565 -0.032129731
v  -0.0304124597 0.0539411791 -0.0362388343
v  -0.0304124597 0.0485552251 -0.0392243341
v  -0.0304124597 0.0426399857 -0.0409364551
v  -0.0304124597 0.0364920609 -0.0412894227
v  -0.0304124597 0.0304197334 -0.0402654707
v  -0.0304124597 0.0247275066 -0.0379159898
v  -0.0304124597 0.0197008215 -0.0343587585
v  -0.0304124597 0.0155916987 -0.0297721941
v  -0.0304124597 0.0126062185 -0.0243862253
v  -0.0304124597 0.0108940778 -0.0184709933
v  -0.0304124597 0.0105411336 -0.0123230526
v  -0.0304124597 0.0115650762 -0.00625074748
v  -0.0304124597 0.0139145628 -0.000558505417
v  -0.0304124597 0.017471781 0.00446818396
v  -0.0304124597 0.0220583528 0.00857728813
v  -0.0304124597 0.0274443142 0.0115627861
v  -0.0304124597 0.0333595537 0.0132749081
v  -0.0304124597 0.039507471 0.0136278756
v  -0.0304124597 0.0455797911 0.0126039283
v  -0.0304124597 0.0379997604 -0.0138307717

# 0 UV coordinates

# 3418 vertex normals
vn 4.83237311e-13 -0.83721298 0.546876967
vn 4.00885759e-13 -0.694530368 0.719463408
vn 2.98431147e-13 -0.517019451 0.855973661
vn 1.8101544e-13 -0.313589096 0.949558794
vn 5.45201938e-14 -0.0944294184 0.995531559
vn -7.47103253e-14 0.12946777 0.991583645
vn -2.00191629e-13 0.34686783 0.937914014
vn -3.15635701e-13 0.546876609 0.837213218
vn -4.15254175e-13 0.719465613 0.694528043
vn -4.94046752e-13 0.855971873 0.517022371
vn -5.48067559e-13 0.949559212 0.313587815
vn -5.74606009e-13 0.995531797 0.0944266617
vn -5.72330974e-13 0.991583705 -0.129467413
vn -5.41357269e-13 0.937914014 -0.34686783
vn -4.8323769e-13 0.837213635 -0.546876013
vn -4.00885298e-13 0.694529593 -0.719464123
vn -2.98432801e-13 0.517022371 -0.855971873
vn -1.81013584e-13 0.313585848 -0.949559867
vn -5.45199329e-14 0.094428964 -0.995531619
vn 7.47103253e-14 -0.12946777 -0.991583645
vn 2.0019167e-13 -0.346867919 -0.937914014
vn 3.15635539e-13 -0.546876311 -0.837213397
vn 4.15254175e-13 -0.719465613 -0.694528043
vn 4.94047023e-13 -0.85597235 -0.517021656
vn 5.48067559e-13 -0.949559212 -0.313587815
vn 5.74606009e-13 -0.995531797 -0.0944266617
vn 5.72331082e-13 -0.991583824 0.129466191
vn 5.41357269e-13 -0.937914014 0.34686783
vn -0.626228631 -9.61548212e-05 0.779639423
vn -0.0390649699 -1.85069421e-05 -0.999236643
vn -0.056178648 0.00606595306 -0.998402297
vn -0.152812287 -0.013991965 -0.988156199
vn -0.175507978 -0.0333905853 -0.983911574
vn -0.242420435 1.51540064e-07 -0.970171273
vn -0.382239997 -0.0369011611 -0.923326015
vn -0.350746751 -0.00907717925 -0.936426342
vn -0.291790783 -8.89785895e-07 -0.956482172
vn -0.571626186 0.000812585058 -0.820513785
vn -0.613945723 -0.0838195086 -0.784885347
vn -0.534181476 -0.00461079646 -0.845357239
vn -0.485136777 6.4793785e-06 -0.874438286
vn -0.43975842 6.32149522e-06 -0.898116112
vn -0.844107568 -0.0162659399 -0.535927057
vn -0.814683318 0.000878282299 -0.57990545
vn -0.734181225 -0.00511778006 -0.678934276
vn -0.763820767 -0.0766954795 -0.640855432
vn -0.695286274 -0.000384988001 -0.718732834
vn -0.88202697 -0.0726072714 -0.465571284
vn -0.86261189 -0.00733103277 -0.505813181
vn -0.90997231 -0.000155212911 -0.414669037
vn -0.982340455 5.17533408e-07 -0.187102064
vn -0.97101301 6.61159675e-07 -0.239026695
vn -0.95036608 -0.0363969058 -0.308997661
vn -0.954029799 -0.0510298423 -0.295335561
vn -0.930884659 -0.000155513 -0.365313202
vn -0.993013322 -0.0184514113 -0.116550833
vn -0.994477272 -0.0371823944 -0.0981446505
vn -0.999635577 1.88177421e-06 -0.0269943438
vn -0.971752942 3.32575792e-06 0.236000583
vn -0.982437074 3.02831813e-06 0.186594322
vn -0.992381871 -0.0377964489 0.117259078
vn -0.995200634 -0.0168261006 0.0963978395
vn -0.999649704 1.8423226e-06 0.0264673624
vn -0.916425645 3.18805505e-05 0.400204986
vn -0.94434768 -0.0332414433 0.327265203
vn -0.946119726 -0.0277344547 0.322627187
vn -0.965557337 -0.00450352998 0.260151356
vn -0.810145378 -9.27106958e-05 0.586229026
vn -0.852241039 -0.0342953876 0.522023976
vn -0.856732905 -0.025334781 0.515137732
vn -0.893918276 3.18196617e-05 0.448230028
vn -0.667007565 -9.6231015e-05 0.745050967
vn -0.704734206 -0.024386609 0.709052205
vn -0.720371902 -0.0413904674 0.692351878
vn -0.741452992 -0.0175076425 0.670776367
vn -0.77766794 -9.27604488e-05 0.628675222
vn -0.566388726 -0.0220520571 0.823843122
vn -0.555378377 -0.0357755385 0.830827892
vn -0.492592514 4.21050208e-05 0.87026006
vn -0.364406884 -0.0366129987 0.930519819
vn -0.379570216 -0.0199079271 0.924948692
vn -0.445735812 4.20894321e-05 0.895164549
vn -0.201761767 -0.0113668721 0.979368687
vn -0.244440705 -9.12399046e-05 0.969664216
vn -0.295918345 -9.12533869e-05 0.955213249
vn -0.149349108 -0.0444769301 0.98778373
vn -0.156518683 -0.0371725 0.986975253
vn -0.0721607283 0.00717933057 0.997367203
vn -0.019834768 -0.00312332553 0.999798417
vn -0.00583777297 -1.84285068e-06 0.999982953
vn 0.0390625224 -1.84147552e-06 0.999236763
vn 0.0888584629 0.0209346507 0.995824218
vn 0.175457433 -0.0412063226 0.983624279
vn 0.224342644 -9.66207226e-05 0.974510312
vn 0.300977111 -9.63899583e-05 0.953631341
vn 0.382366389 -0.0264741909 0.92363143
vn 0.39582181 -0.00863543805 0.918286741
vn 0.641533077 -7.31804103e-05 0.767095387
vn 0.613775134 -0.0103259627 0.789413333
vn 0.571240664 -0.0367303155 0.819960356
vn 0.542033255 3.84511623e-05 0.840357006
vn 0.473643422 3.82752733e-05 0.880716681
vn 0.700244665 -7.34640271e-05 0.713902891
vn 0.733571351 -0.0410621874 0.678370833
vn 0.772900641 -0.000108292785 0.634527087
vn 0.985293627 -8.84475812e-05 0.170869634
vn 0.971265078 -8.84539404e-05 0.238000304
vn 0.950389504 -0.0357135013 0.309005409
vn 0.940769017 -0.00243565324 0.339039415
vn 0.862629235 0.00368609885 0.505823314
vn 0.87796855 -0.0485132933 0.476253837
vn 0.82105422 -0.000108196858 0.570850194
vn 0.992951632 -0.0361392535 -0.112875827
vn 0.992291093 -0.0401394293 -0.117248692
vn 0.983606398 -8.01933857e-06 -0.180328682
vn 0.996062458 -0.0209296905 -0.0861479566
vn 0.998917282 -0.000125072605 -0.0465217233
vn 0.995165467 -4.52721579e-05 0.0982122645
vn 0.995712519 -0.0804277286 0.0456945263
vn 0.992563665 -0.0260365456 0.118909732
vn 0.968978643 -8.34289676e-06 -0.247144401
vn 0.944475591 -0.0289004948 -0.327308178
vn 0.937937438 -0.00442696037 -0.346776217
vn 0.87099278 0.00373756443 -0.491281599
vn 0.852220893 -0.0349770039 -0.522011697
vn 0.811024964 -0.000228158911 -0.585011542
vn 0.649843693 -8.11949235e-07 -0.76006788
vn 0.720918536 -0.0140660768 -0.692877054
vn 0.693527102 -0.0649194345 -0.717499614
vn 0.761957347 -0.000228220568 -0.647627175
vn 0.431099296 -9.19156776e-07 -0.902304471
vn 0.476701558 -5.86815759e-07 -0.879065216
vn 0.555626154 -0.0194159001 -0.831205487
vn 0.531567097 -0.0539402328 -0.845296919
vn 0.610055983 -2.48132756e-06 -0.792358279
vn 0.349080294 -0.0410348251 -0.936193943
vn 0.364557534 -0.0231660418 -0.930892646
vn 0.282566577 -2.56977296e-06 -0.959247708
vn 0.233074427 -9.49808395e-07 -0.972458899
vn 0.156561702 -0.0288426895 -0.987246931
vn 0.152532816 -0.0249205623 -0.98798418
vn 0.0513827838 0.0079275826 -0.998647571
vn 0.0198348742 -0.00145037263 -0.999802232
vn -0.00483525172 -1.85141125e-05 -0.999988317
vn 0.963994741 -0.101290628 -0.245874658
vn 0.189360768 -0.981549084 -0.026531091
vn 0.711430788 -0.692863047 -0.1175033
vn 0.721303403 -0.687754333 0.0819471478
vn 0.997005761 0.0623385906 0.0457542166
vn 0.985123515 0.0185827948 0.170840204
vn 0.88632977 -0.450182587 0.108421326
vn 0.827478051 -0.550612509 0.110026985
vn 0.96830982 -0.210018218 0.135160714
vn 0.935860991 -0.322968125 0.140910774
vn 0.985776484 -0.0736087263 0.151084304
vn 0.58011061 -0.814469934 0.0105051948
vn 0.486876279 -0.873411357 0.0102023371
vn 0.802692115 -0.595717967 0.0283810403
vn 0.727559865 -0.685432434 0.0289650559
vn 0.937119007 -0.346323699 0.0432191975
vn 0.892927706 -0.447912157 0.0453303196
vn 0.993002057 -0.105194263 0.0536753424
vn 0.976401627 -0.208188683 0.057422474
vn 0.985525608 0.158540323 0.0600351952
vn 0.992714465 0.0193431862 0.118927859
vn 0.127902776 -0.991220832 -0.0334978886
vn 0.0483733192 -0.998467326 -0.0268880986
vn 0.163174808 -0.986540377 -0.0105862077
vn 0.152770862 -0.988167167 0.0136629725
vn 0.567052603 -0.819552362 -0.0823725015
vn 0.186017945 -0.982211888 -0.0256340802
vn 0.485659033 -0.873458683 -0.0347166695
vn 0.169272959 -0.98556304 0.00348803564
vn 0.229031801 -0.973305106 0.0148865944
vn 0.993444622 0.0177240688 -0.112931967
vn 0.990695298 0.105742842 -0.0856810287
vn 0.983465314 0.0169385169 -0.180302784
vn 0.973294377 0.119923703 -0.195745662
vn 0.959224343 -0.214190051 -0.184421375
vn 0.921231091 -0.351832271 -0.165973797
vn 0.876088977 -0.455849618 -0.157064363
vn 0.825840175 -0.545679152 -0.14220494
vn 0.749191105 -0.650564849 -0.124410868
vn 0.104390696 -0.994531274 0.00318783801
vn 0.31693548 -0.946539938 0.0601166859
vn 0.250371188 -0.96686101 0.0499408729
vn 0.437518686 -0.894985259 0.0870561302
vn 0.180974618 -0.983476698 0.00466183852
vn 0.180974603 -0.983476698 0.00466357777
vn 0.297238678 -0.954797208 -0.0033879003
vn 0.326921076 -0.944981754 0.0114928372
vn 0.484164387 -0.874426425 0.0310370866
vn 0.268314987 -0.963020086 0.0244819839
vn 0.964444995 -0.199980795 0.17278187
vn 0.639865577 -0.756247938 0.136605784
vn 0.815221727 -0.552266061 0.174401045
vn 0.804238677 -0.568273008 0.173970953
vn 0.922323227 -0.32409209 0.210438013
vn 0.959400594 -0.188897938 0.209447145
vn 0.968989789 -0.0684087798 0.237442806
vn 0.233555764 -0.972158134 0.0189819317
vn 0.243448511 -0.969882071 0.00784454122
vn 0.489567488 -0.871956289 -0.00399019383
vn 0.580105186 -0.814431846 -0.0133700063
vn 0.723588943 -0.689886332 -0.0218145587
vn 0.802611172 -0.595617414 -0.032484062
vn 0.890617013 -0.453105122 -0.0386918299
vn 0.936928868 -0.346208334 -0.048001267
vn 0.975896597 -0.212088376 -0.0514226817
vn 0.99271816 -0.105101041 -0.0588596947
vn 0.978913546 0.195270389 -0.0599808209
vn 0.991750896 0.119569592 -0.0461874455
vn -0.00688844593 -0.999877334 -0.0140668387
vn 0.0381399393 -0.998970628 -0.0245561991
vn 0.0811059475 -0.99670428 0.00156270748
vn 0.678437352 -0.734656453 0.00162207801
vn 0.236265317 -0.971678555 0.00440901378
vn 0.340529144 -0.940171659 0.0108244196
vn 0.341883153 -0.939677417 0.0110563049
vn 0.245653898 -0.969265699 0.0133495992
vn 0.246477097 -0.969142854 0.00334795332
vn 0.438004434 -0.898930073 -0.00876708236
vn 0.461750239 -0.88695097 -0.0102327997
vn 0.175673708 -0.984423161 -0.00705898413
vn 0.722124338 -0.690736771 0.0376722701
vn 0.720141292 -0.692846656 0.036878489
vn 0.194021404 -0.980888724 0.0145958057
vn 0.314994037 -0.948876679 0.0202939007
vn 0.341730416 -0.939540625 0.0219934266
vn 0.404085159 -0.914454043 0.0221122243
vn 0.47297582 -0.88067168 0.026668882
vn 0.535981476 -0.843808055 0.0266799852
vn 0.592064381 -0.805305243 0.030711446
vn 0.603330135 -0.796900332 0.0307014808
vn 0.684075713 -0.728748977 0.0310697183
vn 0.464433521 -0.885562956 -0.00893116649
vn 0.649374187 -0.760412872 -0.0092415316
vn 0.750882745 -0.660414994 -0.00520620309
vn 0.787100077 -0.616804183 -0.0051007648
vn 0.912889004 -0.408199012 0.00269874046
vn 0.903945327 -0.426773071 0.0273416042
vn 0.347458988 -0.937675655 0.00604725862
vn 0.473359436 -0.880843759 0.00671601808
vn 0.6491822 -0.760542333 0.0117407022
vn 0.59256655 -0.805440724 0.0114057204
vn 0.786789179 -0.616963327 0.0178597271
vn 0.836055458 -0.548349679 0.0179976448
vn 0.918718696 -0.393675774 0.0312310774
vn 0.896992564 -0.441471726 0.0225169007
vn 0.901398242 -0.432592064 0.0185831133
vn 0.950758517 -0.309919089 0.00290158135
vn 0.972468197 -0.232522413 0.0154575557
vn -0.902780533 -0.427609324 0.0462344699
vn -0.798847079 -0.568357825 -0.197009623
vn -0.954315543 -0.152326897 0.257057101
vn -0.965413511 -0.114054061 0.234453425
vn -0.981494486 -0.0414837264 -0.18694298
vn -0.971297741 -0.208767906 -0.11400301
vn -0.995236695 0.070859082 -0.0669548213
vn -0.99142921 -0.12787205 -0.0267736763
vn -0.996180952 -0.0832347199 0.0263729412
vn -0.267503977 -0.960985065 -0.0703513101
vn -0.456446022 -0.883058727 -0.108923651
vn -0.111459605 -0.993739605 -0.00764086563
vn -0.292436957 -0.95340091 -0.0742115676
vn -0.297051132 -0.954859853 -0.001798991
vn -0.272446275 -0.962066233 0.0141979661
vn -0.546503484 -0.837266862 -0.0178346336
vn -0.602858126 -0.797835767 0.00449204445
vn -0.595974863 -0.803002357 -0.00109629938
vn -0.66216588 -0.749174654 0.0165419485
vn -0.691821098 -0.722036421 0.00685492251
vn -0.69198674 -0.721908212 0.00169875298
vn -0.709731281 -0.704200149 0.0195868798
vn -0.69902873 -0.709250212 0.0912304446
vn -0.444423616 -0.893898249 0.0585970394
vn -0.334207237 -0.942489028 -0.00446328474
vn -0.853646219 -0.488106281 0.18177028
vn -0.884055853 -0.426086962 0.192081213
vn -0.979934394 0.00633686129 0.19921951
vn -0.978310764 -0.0915525928 0.185812324
vn -0.91139257 -0.407809585 -0.0552718826
vn -0.94356209 -0.324771136 -0.0649178848
vn -0.944502532 -0.323083431 0.0594312809
vn -0.996382892 0.0543144792 0.0653535649
vn -0.977046311 -0.190850899 0.0946381614
vn -0.484983653 -0.874500155 0.00635483908
vn -0.476624399 -0.877370417 -0.0552294888
vn -0.597674489 -0.798525155 -0.0717128068
vn -0.579485595 -0.799902022 -0.156055197
vn -0.642764091 -0.747960627 -0.16555734
vn -0.322239727 -0.943131089 0.0816415548
vn -0.393295974 -0.913638711 0.102871463
vn -0.310584456 -0.946636081 0.0861248374
vn -0.25185585 -0.965866387 0.0605864227
vn -0.0419344008 -0.999037802 -0.0128456643
vn -0.0909307823 -0.995641291 0.0207368005
vn -0.953588009 -0.188650742 -0.234692901
vn -0.981154799 -0.0106724575 -0.192928284
vn -0.737145245 -0.654090047 -0.169655785
vn -0.900945127 -0.409647584 -0.143131822
vn -0.712029636 -0.692489803 -0.11606764
vn -0.72186029 -0.690647721 -0.0438575596
vn -0.838067234 -0.54443258 -0.0351643339
vn -0.837150633 -0.545438707 0.0409318842
vn -0.793642521 -0.607590377 0.0310719032
vn -0.773226142 -0.611619353 0.167460829
vn -0.627295077 -0.767687321 0.130984724
vn -0.634102583 -0.772132814 0.0415312536
vn -0.0331195071 -0.999425352 0.00721755857
vn -0.0952950642 -0.995439947 -0.00426325668
vn -0.638016462 -0.770012856 0.00390363717
vn -0.63794136 -0.770060658 0.00611238135
vn -0.170990497 -0.985090613 -0.0189403184
vn -0.268139333 -0.963378429 0.00180748105
vn -0.427531987 -0.903752923 0.0211447775
vn -0.331474781 -0.943426967 0.00836854521
vn -0.39891082 -0.916899741 0.0128467139
vn -0.44432646 -0.895752072 0.0142208524
vn -0.719234645 -0.694610715 0.0147458706
vn -0.492823839 -0.869888246 0.0204718187
vn -0.821167409 -0.570293903 0.0211881194
vn -0.584418714 -0.810951412 0.0285062417
vn -0.86402756 -0.502616167 0.0288685597
vn -0.649653316 -0.759368777 0.0361890644
vn -0.41044271 -0.911871493 0.00521746418
vn -0.274442703 -0.961596966 -0.00352971442
vn -0.476438761 -0.879164338 -0.00872884225
vn -0.653690636 -0.756744623 -0.00511733955
vn -0.555422723 -0.831560969 -0.00346326223
vn -0.818343282 -0.574726701 -0.00187123159
vn -0.509421289 -0.860517263 -4.32082488e-05
vn -0.907693088 -0.419630915 0.00176061504
vn -0.719394028 -0.694564104 0.00728008104
vn -0.967482448 -0.252772152 0.00916216895
vn -0.821145415 -0.570299625 0.0218752008
vn -0.95568496 -0.293864191 0.0176100936
vn -0.854720056 -0.518355966 0.027580699
vn -0.0977487713 -0.994656622 0.0332165584
vn -0.0660561398 -0.995639861 0.0658621714
vn -0.0817818865 -0.994776189 0.0610908605
vn 0.00160151476 -0.14741683 0.989073157
vn -0.00576328067 -0.158303723 0.98737365
vn -0.0715885535 -0.125864789 0.989461005
vn -0.0955444872 0.0376186743 0.994714081
vn -0.147744671 -0.152669579 0.977171183
vn -0.253859848 0.0474080406 0.96607852
vn -0.244430438 -0.00912635308 0.969623864
vn -0.19940944 -0.152676016 0.967949331
vn -0.404265791 0.0262809154 0.914263904
vn -0.375035286 -0.155370608 0.913897455
vn -0.292546272 -0.150535122 0.944328249
vn -0.538832903 0.00688845664 0.842384517
vn -0.484889328 -0.17614913 0.856652677
vn -0.442034692 -0.128616273 0.887729228
vn -0.696701944 -0.152464092 0.700971544
vn -0.666836619 -0.0226441026 0.744859874
vn -0.660989046 0.0289992597 0.749834955
vn -0.620890558 -0.130294085 0.772993147
vn -0.55622983 -0.189785331 0.809067309
vn -0.732903063 -0.152409479 0.66304177
vn -0.770792544 0.0446111523 0.635522366
vn -0.777607858 -0.0124275768 0.628626704
vn -0.90829277 -0.132931083 0.396652967
vn -0.881976426 -0.162905619 0.442243576
vn -0.862769842 -0.00759167178 0.505539834
vn -0.85306859 -0.095772475 0.512934327
vn -0.797735095 -0.174364895 0.577248335
vn -0.0959425196 -0.99440223 0.0442633741
vn -0.0679294392 -0.997330725 0.0267762262
vn -0.318778247 -0.939460933 0.125672653
vn -0.0514013916 -0.996954203 0.058653079
vn -0.0428066738 -0.995633781 0.0829514414
vn -0.0470893458 -0.995630682 0.0806358159
vn -0.039798338 -0.997269213 0.0622106977
vn -0.0290365294 -0.997281551 0.0677232295
vn -0.0340998992 -0.996439695 0.0771048814
vn -0.0297196619 -0.994934916 0.0960276052
vn -0.0181801654 -0.997439027 0.0691725761
vn -0.0196927153 -0.995630026 0.0912856311
vn -0.0239076912 -0.988749146 0.147660106
vn -0.00132216746 -0.995386481 0.0959378034
vn -0.00767067214 -0.996773124 0.0799030811
vn -0.0068111103 -0.997146189 0.0751868561
vn -0.0148758693 -0.995634019 0.0921502262
vn -0.226735324 -0.939379752 0.257209659
vn -0.18468909 -0.939430475 0.288721949
vn -0.184722558 -0.93941021 0.288766444
vn -0.138684049 -0.939358234 0.313644439
vn -0.138857365 -0.939223111 0.313972324
vn -0.0872767195 -0.93922472 0.332023591
vn -0.0871601403 -0.939356983 0.331679851
vn -0.0327903889 -0.939336479 0.341426045
vn -0.0327579342 -0.939409018 0.341229618
vn 0.0167836417 -0.939560771 0.341970533
vn -0.0893263742 -0.99565196 0.0264192484
vn -0.248249128 -0.965912402 0.0733864531
vn -0.332598209 -0.939569056 0.0811687857
vn -0.389797032 -0.913657188 0.115277402
vn -0.61366421 -0.768434882 0.181450009
vn -0.0694344342 -0.995634854 0.0623706952
vn -0.0549302734 -0.99746269 0.0452863164
vn -0.264515936 -0.939396858 0.218093693
vn -0.295801282 -0.93939501 0.173316598
vn -0.553126514 -0.767472863 0.324093372
vn -0.596302569 -0.767571449 0.235068768
vn -0.812033653 -0.487983882 0.320114106
vn -0.836454511 -0.489006132 0.24742049
vn -0.947744012 -0.152330026 0.280315578
vn 0.0270109028 -0.853951275 0.519651473
vn -0.0662876889 -0.767360389 0.637780547
vn -0.061258629 -0.767572939 0.638027549
vn -0.061275553 -0.767489791 0.638125956
vn -0.162898853 -0.767547309 0.619947672
vn -0.163024291 -0.767228186 0.620309591
vn -0.259409368 -0.767224014 0.58657831
vn -0.259309351 -0.767400086 0.586392164
vn -0.345404714 -0.767556727 0.539955795
vn -0.345362842 -0.767614126 0.539900959
vn -0.423922956 -0.767476499 0.48090452
vn -0.423917145 -0.767483294 0.480898827
vn -0.494626909 -0.767480731 0.407820463
vn -0.0713384375 -0.99654901 0.0424374714
vn -0.0667595267 -0.997002125 0.0391145907
vn -0.295790195 -0.939399481 0.173311114
vn -0.318847895 -0.939434409 0.12569432
vn -0.5962134 -0.767648995 0.235041723
vn -0.613561511 -0.768512666 0.181467816
vn -0.836530387 -0.488892913 0.247387663
vn -0.00543392636 -0.51999718 0.854150712
vn -0.0241779629 -0.489148229 0.871865511
vn -0.0834427252 -0.487939596 0.868879914
vn -0.0834391266 -0.487968713 0.868863881
vn -0.221810713 -0.488036543 0.844168425
vn -0.221860424 -0.487802356 0.844290733
vn -0.353051096 -0.487790316 0.798383057
vn -0.353066385 -0.487738013 0.79840827
vn -0.470353931 -0.487934291 0.735314429
vn -0.470380396 -0.4878622 0.735345304
vn -0.577292621 -0.487705618 0.654886603
vn -0.577284992 -0.487723649 0.654879868
vn -0.673570037 -0.487731367 0.555357099
vn -0.673545301 -0.487783194 0.555341601
vn -0.753185689 -0.487791687 0.441328198
vn -0.0595859215 -0.994647622 0.0844135061
vn -0.0532998219 -0.99674648 0.0604612865
vn -0.22671552 -0.939389884 0.257190138
vn -0.264532685 -0.939389348 0.218105644
vn -0.494610578 -0.767497361 0.407808989
vn -0.55310446 -0.767493248 0.324082643
vn -0.753227174 -0.487711728 0.441345781
vn -0.812120199 -0.487826049 0.320135206
vn -0.929995418 0.0266075265 0.366606832
vn -0.924541712 -0.214074656 0.315269142
vn 0.00912263524 -0.989035964 0.147392973
vn 0.0720330924 -0.98904109 0.128875703
vn 0.0283944104 -0.989041388 0.144882187
vn 0.0314291604 -0.993102729 0.112956785
vn 0.0660487637 -0.992839515 0.099535197
vn 0.122030094 -0.989055812 0.0829292983
vn 0.100662708 -0.991893411 0.0775531307
vn 0.126224607 -0.989049017 0.0764816552
vn 0.108092763 -0.992410302 0.0586327165
vn 0.13630715 -0.988354146 0.067649357
vn 0.0972436368 -0.994845629 0.0287380088
vn 0.0805031583 -0.996305466 0.0299114641
vn 0.243880212 -0.967037559 0.0732172802
vn 0.133074537 -0.990017474 0.0464391299
vn 0.419199109 -0.895031393 0.152285621
vn 0.61999172 -0.75651896 0.208060741
vn 0.774293125 -0.568003297 0.279002458
vn 0.869460285 -0.146945566 0.47164163
vn 0.930547476 -0.147030815 0.33535549
vn 0.922334611 -0.188695788 0.337183625
vn 0.791128159 0.0505689681 0.609556437
vn 0.812098384 -0.147300646 0.564622641
vn 0.869465768 -0.146914437 0.471641183
vn 0.490157813 -0.853546679 0.176644742
vn 0.458156019 -0.853415966 0.248544186
vn 0.458338618 -0.853295207 0.248622254
vn 0.413059145 -0.853294313 0.318230927
vn 0.412898749 -0.853409767 0.318129569
vn 0.357386917 -0.85341537 0.379416406
vn 0.357539535 -0.853291631 0.379550844
vn 0.319421738 -0.853995979 0.410683066
vn 0.319280922 -0.854081929 0.410613865
vn 0.805549562 -0.518839478 0.28617394
vn 0.751477599 -0.518752754 0.407648116
vn 0.751545191 -0.518635929 0.407672256
vn 0.677285552 -0.518633068 0.521827519
vn 0.677202225 -0.51878804 0.521781683
vn 0.586187065 -0.518790841 0.622286737
vn 0.586278856 -0.518601537 0.622358084
vn 0.524426818 -0.51975137 0.674414575
vn 0.524366736 -0.519830346 0.674400449
vn 0.536141872 -0.147040203 0.831222653
vn 0.607103646 -0.147408411 0.780830264
vn 0.607131958 -0.147350863 0.780819118
vn 0.634531617 -0.147338718 0.758723199
vn 0.68566072 0.00888454635 0.727867007
vn 0.692617774 -0.14719148 0.706126988
vn 0.764472961 -0.147273809 0.627607763
vn 0.468467742 -0.147451326 0.871089041
vn 0.534346938 -0.0810265392 0.841372669
vn 0.458359808 -0.518700063 0.721703887
vn 0.458377838 -0.518655479 0.72172451
vn 0.279574186 -0.853279352 0.440173417
vn 0.279481798 -0.853371143 0.440054089
vn 0.076529406 -0.989760637 0.120486915
vn 0.0913949311 -0.988857985 0.117502548
vn 0.102631643 -0.98694545 0.124118611
vn 0.0841350928 -0.992443442 0.0893155336
vn 0.10986425 -0.988098681 0.107660845
vn 0.109951496 -0.990105808 0.0871846229
vn 0.065226458 -0.989037931 0.132474408
vn 0.0490047969 -0.99231112 0.113653541
vn 0.206429422 -0.853274405 0.478862911
vn 0.206526414 -0.853151262 0.479040474
vn 0.338456661 -0.518681109 0.785122275
vn 0.338421702 -0.518788159 0.785066605
vn 0.391544729 -0.146994799 0.908342063
vn 0.223705351 0.0753133669 0.97174269
vn 0.297685206 -0.147503406 0.943199992
vn 0.391532063 -0.147080347 0.908333659
vn 0.0759591535 -0.518861175 0.851477087
vn 0.0759404227 -0.518987834 0.851401627
vn 0.0462938994 -0.853429854 0.519147754
vn 0.0463113151 -0.853371382 0.519242287
vn 0.0110377753 -0.992242694 0.123825021
vn 0.0208071955 -0.989040434 0.146171495
vn 0.0550091974 -0.988731325 0.139227688
vn 0.0356808342 -0.989347517 0.14113228
vn 0.127885252 -0.85315609 0.505737126
vn 0.127767801 -0.853369951 0.505405903
vn 0.209549665 -0.518792987 0.828820109
vn 0.209504738 -0.518980086 0.828714311
vn 0.242442712 -0.147086218 0.958951056
vn 0.0879000351 -0.147089958 0.985209703
vn 0.0879128352 -0.146973997 0.985225856
vn 0.000199506219 -1 -5.65201981e-06
vn -5.8934661e-06 -1 -2.75377329e-06
vn 3.91318026e-05 -1 -6.0046824e-07
vn -1.06627317e-06 -1 -3.22993151e-06
vn 2.56031763e-06 -1 -2.56172962e-06
vn 9.77928721e-07 -1 -4.99760745e-06
vn -1.57657189e-06 -1 -2.58818727e-06
vn 3.46444949e-06 -1 -5.00551641e-06
vn -6.49255298e-06 -1 -1.38041707e-06
vn 2.94643723e-06 -1 -3.5625244e-06
vn -1.55498469e-06 -1 -4.19184516e-06
vn -5.5046373e-10 -1 -2.97224528e-06
vn -1.52584585e-06 -1 -4.91531728e-06
vn 3.07299075e-07 -1 -3.71344231e-06
vn 4.70823397e-06 -1 -3.77974175e-07
vn 8.47148783e-07 -1 -2.58271507e-06
vn -3.5549831e-06 -1 -6.54669111e-06
vn 1.33924516e-06 -1 -5.68499172e-06
vn -1.26773091e-06 -1 -2.48459696e-06
vn -1.69617306e-06 -1 -2.10901408e-06
vn -6.16892422e-08 -1 -4.46345803e-06
vn 1.41179589e-06 -1 -6.22800962e-06
vn 1.29105126e-06 -1 -2.66938559e-06
vn 9.6696624e-07 -1 -2.60468846e-06
vn -1.04189631e-07 -1 -3.07968503e-06
vn -6.62772663e-07 -1 -3.17533613e-06
vn -3.65934625e-06 -1 -1.16393687e-06
vn -2.4932483e-06 -1 -2.13438102e-06
vn 1.54976328e-06 -1 -4.9193718e-06
vn 3.46655753e-08 -1 -3.24398002e-06
vn -1.3457485e-06 -1 -2.2610061e-06
vn 7.69195765e-08 -1 -3.52874031e-06
vn 1.71107118e-07 -1 -3.55569568e-06
vn 1.60136938e-06 -1 -2.23332108e-06
vn -4.92492245e-06 -1 -6.3244247e-06
vn 1.60638447e-05 -1 8.59396005e-06
vn -1.64885569e-05 -1 -1.1729705e-05
vn -5.67731092e-07 -1 -3.81289578e-06
vn 9.94822358e-07 -1 -2.57638749e-06
vn -8.74061428e-08 -1 -3.00599049e-06
vn -2.05840342e-06 -1 -4.13374255e-06
vn 5.84704651e-07 -1 -3.74351544e-06
vn -8.96498875e-07 -1 -2.53074563e-06
vn -4.57476858e-07 -1 -2.70785517e-06
vn -3.61483075e-08 -1 -3.02831813e-06
vn -3.94229772e-07 -1 -3.01180876e-06
vn -6.6213338e-06 -1 -3.10666496e-06
vn 4.82712358e-06 -1 -2.32024746e-07
vn -9.64704554e-07 -1 -2.28224326e-06
vn 2.25438635e-06 -1 -3.47497553e-06
vn 2.96551184e-06 -1 -3.52732309e-06
vn 2.29642467e-07 -1 -3.70797352e-06
vn 1.30853709e-06 -1 -4.45382284e-06
vn -5.33782395e-06 -1 -2.0491168e-06
vn 0.858295143 -0.506111383 0.0847389251
vn 0.69839555 -0.71476686 0.0367689729
vn 0.698546052 -0.714566886 0.0377840251
vn 0.862016141 -0.483114272 0.15339078
vn 0.74661833 -0.656113029 0.10989435
vn 0.710661113 -0.683533788 0.166560367
vn 0.697999597 -0.715073347 0.0382968597
vn 0.649795711 -0.746246457 0.144505188
vn 0.641978383 -0.759368896 0.105936766
vn 0.558647752 -0.828929424 0.0280844476
vn 0.547292054 -0.835171461 0.0544062778
vn 0.495395154 -0.868575752 0.0126400311
vn 0.49443236 -0.869058609 -0.0165473931
vn 0.509195268 -0.860634208 -0.00538046798
vn 0.509191692 -0.858732879 -0.0574602522
vn 0.659264505 -0.739613414 -0.135433674
vn 0.486394078 -0.866807163 -0.10984581
vn 0.632756829 -0.773876309 -0.0270981397
vn 0.658422828 -0.740733624 -0.133390784
vn 0.927045643 -0.152016416 -0.342749715
vn 0.0841411576 -0.995587468 -0.0415434167
vn 0.179814786 -0.981826663 -0.0606884956
vn 0.0785511434 -0.995823264 -0.0465369597
vn 0.141869366 -0.981968403 -0.124944761
vn 0.581112742 -0.662193477 -0.473083258
vn 0.44754526 -0.821506143 -0.353314251
vn 0.268152863 -0.938928187 -0.215656862
vn 0.11478629 -0.990163922 -0.0799971819
vn 0.0772891119 -0.995348573 -0.0575119779
vn 0.502686024 -0.767155528 -0.398471028
vn 0.682753146 -0.487850785 -0.543920696
vn 0.691291034 -0.469633013 -0.549146175
vn 0.80154258 -0.15246889 -0.578171849
vn 0.751903594 -0.277389258 -0.598077059
vn 0.774632215 0.0789118782 -0.62746942
vn 0.757530987 -0.107632026 -0.643864989
vn 0.0861933231 -0.995586693 -0.0371199064
vn 0.104323417 -0.99332732 -0.0491671078
vn 0.323541462 -0.938878417 -0.117593527
vn 0.534995079 -0.820877671 -0.199850231
vn 0.602686107 -0.766844809 -0.220722646
vn 0.711364746 -0.651579916 -0.263446122
vn 0.785736859 -0.546507001 -0.289737344
vn 0.8198331 -0.487601519 -0.300197273
vn 0.877050102 -0.352178305 -0.326731682
vn 0.934884012 -0.101037666 -0.340269357
vn 0.0650118887 -0.997210383 -0.0366722196
vn 0.299703568 -0.938938737 -0.169032007
vn 0.299607664 -0.93897754 -0.16898647
vn 0.558942616 -0.76694268 -0.315249264
vn 0.55875051 -0.767119467 -0.315159559
vn 0.760382116 -0.487730235 -0.428880244
vn 0.76030004 -0.487887293 -0.428847104
vn 0.860875487 -0.152037218 -0.485569835
vn 0.860866964 -0.152083829 -0.485570401
vn -0.93811363 -0.18869251 -0.290409982
vn -0.8822335 -0.340177 -0.325489938
vn -0.108016536 -0.992477 -0.0576350614
vn -0.128736883 -0.988281548 -0.0820149109
vn -0.124301076 -0.988280714 -0.0886026472
vn -0.104387976 -0.993999183 -0.0326929875
vn -0.0724776313 -0.99693644 -0.0294070691
vn -0.263233781 -0.9609465 -0.0853805989
vn -0.146802604 -0.987699926 -0.0538315102
vn -0.459430009 -0.871539652 -0.171297237
vn -0.440957814 -0.882639766 -0.162798017
vn -0.720532894 -0.638249874 -0.27105242
vn -0.773048103 -0.567476809 -0.283490211
vn -0.623184144 -0.746989727 -0.231620193
vn -0.930870533 0.00551518146 -0.36530754
vn -0.931958199 -0.0239349641 -0.361774892
vn -0.90615046 -0.0915603042 -0.412926257
vn -0.811145067 -0.0930951089 -0.577388048
vn -0.840551674 -0.0931037292 -0.533670902
vn -0.752312064 -0.188707426 -0.631202102
vn -0.792649925 0.0741168708 -0.60515517
vn -0.734669149 -0.34060517 -0.586727679
vn -0.645569026 -0.567649007 -0.510896504
vn -0.601052403 -0.638555765 -0.480606496
vn -0.520072877 -0.74745357 -0.413324684
vn -0.368745238 -0.881677866 -0.29439947
vn -0.383663684 -0.871811867 -0.304542661
vn -0.218209043 -0.960315406 -0.173721433
vn -0.0888908729 -0.993134737 -0.0760380924
vn -0.0826312602 -0.994156182 -0.0694665536
vn -0.13150084 -0.988535643 -0.0741946995
vn -0.426650763 -0.871802747 -0.240684584
vn -0.427103966 -0.87149775 -0.240985215
vn -0.670176685 -0.638665736 -0.378112853
vn -0.670586407 -0.638066888 -0.378397226
vn -0.818821013 -0.34068206 -0.462025881
vn -0.818967283 -0.340159714 -0.462151438
vn -0.857694983 0.173532158 -0.483989567
vn -0.87946254 -0.105104767 -0.464218259
vn 0.072624892 -0.786970794 -0.612701058
vn -0.0379526094 -0.951956868 -0.303871244
vn -0.319758564 -0.881699383 -0.346930325
vn -0.0635463074 -0.993922532 -0.0898879543
vn 0.690760732 -0.107598029 -0.715033054
vn 0.610558808 -0.470203727 -0.637280464
vn 0.665991664 -0.27780959 -0.692298293
vn 0.120164268 -0.981642306 -0.148118049
vn 0.109573327 -0.983992338 -0.140544698
vn 0.0786610767 -0.982803583 -0.167061597
vn 0.10117545 -0.976950467 -0.187966123
vn 0.0687044337 -0.97524488 -0.210183576
vn 0.0875732824 -0.968918204 -0.231362104
vn 0.0583263971 -0.967227936 -0.24711974
vn 0.0472042412 -0.959344625 -0.278261811
vn 0.0219734591 -0.945717037 -0.324247539
vn 0.0255498029 -0.941955388 -0.33476451
vn 0.00749658933 -0.94165498 -0.336496174
vn -0.0552161708 -0.952752292 -0.298687607
vn -0.0505428016 -0.959550738 -0.276961744
vn -0.0696320906 -0.960596561 -0.269083023
vn -0.0617506579 -0.967535317 -0.24507609
vn -0.0836735815 -0.968806565 -0.233265013
vn 0.393337309 -0.821967244 -0.411892653
vn 0.365811318 -0.844547212 -0.391052514
vn 0.305857748 -0.843499064 -0.441543132
vn 0.320068687 -0.83130455 -0.454410374
vn 0.260838419 -0.829751015 -0.493433475
vn 0.27193132 -0.818900049 -0.505426586
vn 0.206515104 -0.458864599 -0.864172876
vn 0.12466415 -0.787742674 -0.603258073
vn 0.120027825 -0.795767188 -0.593589008
vn 0.0423730575 -0.946382046 -0.320258588
vn 0.0350471251 -0.951912999 -0.30435735
vn -0.0737159178 -0.786017597 -0.613793373
vn -0.123428151 -0.786767781 -0.604782581
vn -0.122066647 -0.795344651 -0.59373951
vn -0.172360539 -0.796414316 -0.579668939
vn -0.169283763 -0.806305826 -0.566757381
vn -0.220846295 -0.807640195 -0.546757936
vn -0.307772338 -0.843753576 -0.439722806
vn -0.36569494 -0.844680011 -0.390874505
vn -0.469673783 -0.748298585 -0.468461037
vn 0.515575349 -0.662330866 -0.54359901
vn 0.598020494 -0.509621143 -0.618593395
vn 0.517021358 -0.509245932 -0.688009858
vn 0.524548173 -0.494239181 -0.69323647
vn 0.443495959 -0.493486166 -0.74818629
vn 0.449240029 -0.481132239 -0.752791584
vn -0.0417204276 -0.444421321 -0.894845843
vn -0.125071421 -0.444651932 -0.88692826
vn -0.12525712 -0.449022889 -0.884697199
vn -0.208224952 -0.449423283 -0.868712306
vn -0.208000377 -0.458414167 -0.864055693
vn -0.289722502 -0.458946615 -0.839898109
vn -0.57363826 -0.568464875 -0.589734554
vn -0.593755186 -0.51010108 -0.622295499
vn -0.518492937 -0.50966692 -0.686589181
vn -0.522577763 -0.494420707 -0.694593906
vn -0.444995433 -0.493694097 -0.74715811
vn 0.690439463 -0.142988384 -0.709117532
vn 0.640906632 -0.142366216 -0.754301369
vn 0.613244474 -0.0867221579 -0.785118103
vn 0.600980222 -0.136444509 -0.787531376
vn 0.524112463 -0.134057432 -0.841031909
vn 0.524845481 -0.131047115 -0.841049254
vn 0.467089832 -0.129110053 -0.874732912
vn 0.0732436702 -0.960766435 -0.267512947
vn 0.214352846 -0.817290902 -0.534872353
vn 0.222774237 -0.807690203 -0.545901299
vn 0.366564989 -0.480339348 -0.796808779
vn 0.370872676 -0.470115423 -0.800902605
vn 0.441631436 -0.0585305355 -0.895285368
vn 0.421971768 -0.125715181 -0.897850513
vn 0.0584469661 -0.95298475 -0.297328115
vn 0.167222574 -0.806254804 -0.567441463
vn 0.174022958 -0.796911895 -0.578487158
vn 0.287247747 -0.46940282 -0.834954917
vn 0.290935546 -0.459409893 -0.839225292
vn 0.34288159 -0.122904696 -0.93130374
vn 0.343267798 -0.121288538 -0.931373358
vn 0.275827169 -0.11946848 -0.953753948
vn 0.251764983 -0.0412311368 -0.966909707
vn 0.209193185 -0.450241029 -0.868055999
vn 0.12462724 -0.449845791 -0.884368002
vn 0.0746657848 -0.782217562 -0.618514955
vn 0.0243472829 -0.781840563 -0.623002827
vn 0.00833423156 -0.940309465 -0.340218544
vn -0.00773064047 -0.940314054 -0.340220153
vn 0.227408066 -0.116860077 -0.966762245
vn 0.149247482 -0.115112223 -0.982076585
vn 0.125754967 -0.445288509 -0.88651216
vn 0.0417476743 -0.445061207 -0.894526482
vn 0.0247567147 -0.780392885 -0.624799192
vn -0.0244104154 -0.780395985 -0.624809027
vn -0.00810024049 -0.941490471 -0.336942226
vn -0.0238240175 -0.941761196 -0.335437387
vn 0.149324387 -0.114735574 -0.982108951
vn 0.0499892347 -0.113570541 -0.992271543
vn 0.0419273078 -0.444067717 -0.895011723
vn -0.0416808501 -0.444064707 -0.895024717
vn -0.0245155152 -0.781173348 -0.623832703
vn -0.0737633333 -0.781555176 -0.619459867
vn -0.0238641687 -0.945533693 -0.324648321
vn -0.0398109928 -0.946061075 -0.321533024
vn 0.0499484912 -0.113799691 -0.992247343
vn -0.00467850221 -0.113942802 -0.993476272
vn -0.0503248088 -0.0875296146 -0.994889915
vn -0.0545640513 -0.11356312 -0.992031336
vn -0.149223834 -0.114651226 -0.982134104
vn -0.149260029 -0.114960298 -0.98209244
vn -0.247391537 -0.117036797 -0.961821079
vn -0.240512878 -0.0465965755 -0.969526827
vn -0.284950972 -0.119669706 -0.951042652
vn -0.343056977 -0.121201672 -0.931462348
vn -0.288765818 -0.46940273 -0.834431171
vn -0.369556785 -0.470093608 -0.801523447
vn -0.216181129 -0.81763339 -0.533611655
vn -0.269587934 -0.819129705 -0.506309032
vn -0.0721710473 -0.975563347 -0.207527131
vn -0.0972053483 -0.976881564 -0.19040364
vn -0.343159318 -0.122846708 -0.931209087
vn -0.435721308 -0.126048729 -0.891211927
vn -0.367921382 -0.480652601 -0.795994341
vn -0.447612256 -0.481409341 -0.75358367
vn -0.262703568 -0.830150723 -0.491768897
vn -0.317348927 -0.831594467 -0.455785334
vn -0.0820595399 -0.983034551 -0.164040521
vn -0.114512563 -0.984047592 -0.136151582
vn -0.195724383 -0.960484207 -0.197894096
vn -0.681931257 -0.188706607 -0.706653774
vn -0.681419849 -0.143097833 -0.717767358
vn -0.608522534 -0.141835928 -0.780757904
vn -0.608469129 -0.13658382 -0.781735361
vn -0.524518132 -0.134034902 -0.840782583
vn -0.524450302 -0.131004363 -0.841302395
vn -0.475537509 -0.129392534 -0.87012738
vn -0.433977216 -0.0894775838 -0.896469474
vn -0.541980863 -0.839967012 -0.0266862474
vn -0.427819043 -0.903848708 0.00532292156
vn -0.63441664 -0.772496402 0.0276559032
vn -0.490980685 -0.871079862 0.0125644915
vn -0.492958605 -0.869956195 0.0129603967
vn -0.584489226 -0.811018646 0.0249226633
vn -0.417966753 -0.908449054 -0.00490902737
vn -0.377988398 -0.925810158 -0.000534698134
vn -0.136405215 -0.990650415 0.00231814384
vn -0.17071797 -0.985319912 -7.33004345e-06
vn -0.659393489 -0.744387388 -0.105297774
vn -0.533156276 -0.845596254 -0.0266710538
vn -0.525799751 -0.849749386 -0.038217131
vn -0.490857571 -0.871225834 -0.00494238874
vn -0.499977529 -0.865692079 0.0244885068
vn -0.507233858 -0.861716747 0.0125718536
vn -0.533221662 -0.844034851 0.0572696738
vn -0.66925931 -0.730475545 0.136005431
vn -0.535684645 -0.838763058 0.097563006
vn -0.603833258 -0.796629846 0.0276816525
vn -0.610101938 -0.791242659 0.0413604118
vn -0.688068092 -0.694772124 0.209413603
vn -0.842169046 -0.531847477 0.0888230279
vn -0.861945271 -0.47653529 0.173102543
vn -0.710409164 -0.68497014 0.161662221
vn -0.697983086 -0.715097189 0.0381524973
vn -0.624709725 -0.770199478 0.128571123
vn -0.854127824 -0.518818676 0.0359564237
vn -0.0584304817 -0.990412652 -0.125174478
vn -0.720448971 -0.689967394 -0.0699878335
vn -0.54295522 -0.838002622 -0.054325033
vn -0.104008369 -0.993222594 -0.051875636
vn -0.139303043 -0.989081919 -0.0480787046
vn -0.27531445 -0.959412992 -0.0610628501
vn -0.537680626 -0.841342926 -0.0551511012
vn -0.160199136 -0.934593499 -0.317602277
vn -0.0422578081 -0.963716507 -0.263561785
vn -0.14906399 -0.855224907 -0.496357054
vn -0.141674981 -0.909234524 -0.391434282
vn -0.14924641 -0.808544338 -0.56919378
vn -0.365084082 -0.865423203 -0.343156427
vn -0.344465882 -0.872701764 -0.346027315
vn -0.370280445 -0.862703919 -0.344433397
vn -0.61467135 -0.732336938 -0.293021679
vn -0.641297877 -0.711336732 -0.287640512
vn -0.722602963 -0.675165832 -0.148310676
vn -0.609421432 -0.774783313 -0.168274373
vn -0.54397732 -0.821511447 -0.170902327
vn -0.336117208 -0.922291517 -0.190797344
vn -0.283626616 -0.939988911 -0.189675376
vn -0.306262672 -0.933132052 -0.188328892
vn -0.195602417 -0.964002013 -0.180110469
vn -0.78934598 -0.597529113 -0.141038477
vn -0.791388333 -0.580475748 -0.191709131
vn -0.744399309 -0.618728459 -0.251087159
vn -0.819734991 -0.526675522 -0.225049824
vn -0.820974469 -0.505160451 -0.266108721
vn -0.384994298 -0.783747435 -0.487359524
vn -0.374533921 -0.787392735 -0.489629447
vn -0.394350827 -0.779503942 -0.486683756
vn -0.644024253 -0.648855329 -0.405240148
vn -0.660430312 -0.635980844 -0.399199367
vn -0.796019673 -0.512473226 -0.322061986
vn -0.82931006 -0.470705271 -0.301133454
vn -0.762943208 -0.646463275 0.00170239701
vn -0.0331540443 -0.999447227 0.00246222061
vn -0.0871713385 -0.996193349 -3.62453939e-05
vn -0.0569271483 -0.998377323 -0.00141211424
vn -0.359667212 -0.933078647 0.00192141079
vn -0.419567198 -0.907723725 0.00099423842
vn -0.419577211 -0.907717288 -0.00207243627
vn -0.274399906 -0.961613178 0.00218641153
vn -0.653636694 -0.756799102 0.00376950623
vn -0.818310797 -0.574762702 0.00391198322
vn -0.915039718 -0.40333131 0.00511885481
vn -0.907669485 -0.419651419 0.00536947418
vn -0.711840332 -0.702336609 0.00256575085
vn -0.711837232 -0.702337384 0.00314725074
vn -0.915057719 -0.403319567 0.00163860328
vn -0.987344384 -0.158498198 0.00542152114
vn -0.994397104 -0.105653226 0.003438032
vn -0.988413751 -0.151682287 0.00554111227
vn -0.990765631 -0.13526617 0.00930374581
vn -0.981504619 -0.191342413 0.00606328016
vn -0.967440248 -0.252786309 0.0125880251
vn -0.967552066 -0.248711452 0.0445602499
vn -0.997313678 -0.00868707523 0.0727322549
vn -0.928577363 0.124741443 0.349547803
vn -0.982880712 -0.0918708816 0.159703493
vn -0.931352496 -0.319791943 0.174113974
vn -0.929888904 -0.366806567 0.027560167
vn -0.862082124 -0.49254325 0.119229175
vn -0.916926742 -0.38717255 0.0966581181
vn -0.861655653 -0.46692282 0.198828101
vn -0.962627172 -0.229917109 0.143132865
vn -0.972736239 -0.189398184 0.133837864
vn -0.970734835 -0.195258543 0.139813974
vn -0.977552176 -0.159694076 0.137439355
vn -0.975958943 -0.150846303 0.157319754
vn -0.983567238 -0.137437135 0.117075093
vn -0.98356384 -0.115103595 0.139116064
vn -0.979531288 -0.0832239687 0.183281705
vn -0.985163331 -0.0789735019 0.152369335
vn -0.983755589 -0.0622408055 0.168377548
vn -0.950245857 -0.00506351888 0.31145969
vn -0.951534033 -0.0272876173 0.306330472
vn -0.965530276 0.0055685644 0.260231256
vn -0.974914312 -0.0407192856 0.218824267
vn -0.974364161 -0.0598218925 0.216877565
vn -0.939590633 0.0196232796 0.341737241
vn -0.95382756 0.00486744242 0.300315261
vn -0.928440154 0.104842126 0.356380403
vn -0.884464622 0.17782326 0.431394547
vn -0.898504376 0.108359158 0.425380081
vn -0.888738453 0.0702722147 0.452996492
vn -0.862116575 0.233127415 0.449896276
vn -0.862589836 0.232020676 0.449561059
vn -0.867386341 0.206566006 0.452737719
vn -0.876710534 0.184605584 0.444183975
vn -0.87899518 0.150789633 0.452360392
vn -0.985346615 0.0127701713 0.170085341
vn -0.982641578 0.0324766748 0.182649329
vn -0.973935783 -0.00510007795 0.226766542
vn -0.96154654 0.0612666458 0.267721206
vn -0.96147418 0.0683693737 0.266257495
vn -0.997326076 -0.00866788905 0.072564587
vn -0.993975282 -0.10560026 0.0293552168
vn -0.993558466 -0.11318437 0.00555162877
vn -0.999038339 -0.0338124521 0.0279131494
vn -0.999125123 -0.0416807681 0.00341732125
vn -0.999192774 -0.0230467878 0.0329030827
vn -0.949882448 -0.296808839 0.0981214046
vn -0.943108737 -0.315853149 0.103839979
vn -0.966471732 -0.256001025 0.0198951121
vn -0.971832395 -0.235017523 0.0175670274
vn -0.980708838 -0.193449065 0.0280639734
vn -0.985707283 -0.167995319 0.0126005104
vn -0.985568881 -0.169019029 0.00930475909
vn -0.975779235 -0.0606149696 0.210192189
vn -0.980009496 -0.0470837355 0.193299055
vn -0.976492465 -0.0413926765 0.211539805
vn -0.991467178 -0.016494181 0.129308745
vn -0.995125771 -0.0272579212 0.0947719216
vn -0.992463768 0.00585426576 0.12239854
vn -0.992091417 -0.0463784374 0.116634913
vn -0.989304781 -0.0388852246 0.140584663
vn -0.991034508 -0.0889742449 0.099670656
vn -0.979956508 -0.10901548 0.166735783
vn -0.982169151 -0.108946487 0.153213665
vn -0.963300765 -0.222419709 0.150270075
vn -0.965987563 -0.255129516 0.0421535447
vn -0.98007971 -0.152672946 0.127022564
vn -0.983000338 -0.176496238 0.0505902916
vn -0.988471806 -0.106329389 0.107784912
vn -0.990893781 -0.122936055 0.0549200848
vn -0.995647609 -0.0390729904 0.0846119076
vn -0.998021364 -0.0609045811 0.0156207159
vn -0.996937692 -0.0191067439 0.0758296922
vn -0.998081326 -0.0213790368 0.0581088997
vn -0.997271776 -0.015356198 0.0722024441
vn -0.308627695 0.283967406 0.90780586
vn -0.305784553 -0.00696218619 0.952075303
vn -0.244163364 0.281980097 0.92783159
vn -0.203501537 0.283103257 0.937251151
vn -0.178294674 -0.000615556492 0.98397696
vn -0.149046823 0.304487467 0.940782905
vn -0.0927791372 0.295145273 0.950937033
vn -0.0796822235 0.00125613331 0.996819496
vn -0.0518585183 0.293107063 0.954672158
vn -0.0277872942 0.293636352 0.955513239
vn -0.00417162664 0.104162507 0.994551539
vn 0.00573844276 0.314590573 0.949210107
vn 0.0566825978 0.244459674 0.968001306
vn 0.0621864758 0.142279059 0.98787123
vn 0.0941084698 0.289133132 0.952651918
vn 0.12399742 0.239242271 0.963009775
vn 0.146155104 -0.0241240915 0.988967478
vn 0.167668402 0.361028165 0.91735816
vn 0.219023332 0.158823743 0.962706506
vn 0.224642396 0.244534731 0.943259537
vn 0.258117229 0.243837342 0.934836268
vn 0.303430498 -0.0114515601 0.952784777
vn 0.309975177 0.128728211 0.941989601
vn 0.341632247 0.205982223 0.916983485
vn 0.379760593 0.213184431 0.900185704
vn 0.379540145 0.178782195 0.907736838
vn -0.00777197909 -0.999666572 0.0246250536
vn -0.00827475172 -0.999628186 0.0259822123
vn -0.00485396478 -0.999625623 0.0269272011
vn -0.00503159454 -0.999602318 0.0277471952
vn -0.00223493599 -0.999599636 0.0282068327
vn -0.00231968914 -0.999576688 0.0290006176
vn -0.00010060308 -0.999575436 0.0291358866
vn -0.000115918723 -0.999560356 0.0296486393
vn 0.00188282505 -0.999560297 0.0295917504
vn 0.00189023314 -0.999554276 0.0297930762
vn 0.00437572319 -0.999555469 0.0294901524
vn 0.0043236753 -0.999568522 0.0290529523
vn 0.00651741261 -0.999570787 0.028561648
vn 0.00638207467 -0.999593675 0.0277809016
vn 0.00865524076 -0.99959451 0.0271267463
vn 0.008139438 -0.999646842 0.0252977796
vn 0.0627197474 -0.978673935 0.195610598
vn 0.065523617 -0.97643894 0.205605641
vn 0.0482569858 -0.976376057 0.210620686
vn 0.0489852615 -0.975414097 0.214866921
vn 0.032486219 -0.975274265 0.218597338
vn 0.0327940211 -0.974676132 0.221203595
vn 0.0141920578 -0.974596918 0.223516136
vn 0.0141559364 -0.974826276 0.222515807
vn -0.000832230842 -0.974829018 0.222952202
vn -0.00075036881 -0.975440919 0.220260039
vn -0.0174855702 -0.975522399 0.219203711
vn -0.0170259178 -0.976484656 0.214913428
vn -0.0382521786 -0.976662636 0.2113453
vn -0.0375153907 -0.977419853 0.207949534
vn -0.0636930168 -0.977591634 0.200643569
vn -0.0743516907 -0.970481753 0.229427591
vn 0.154215634 -0.86221534 0.482495815
vn 0.158321083 -0.853596509 0.496293664
vn 0.116213866 -0.853113651 0.508617163
vn 0.117442265 -0.849172056 0.51489228
vn 0.0777264163 -0.848303974 0.523773789
vn 0.0782696903 -0.845677853 0.527923107
vn 0.0338843614 -0.84513545 0.533477187
vn 0.0338887423 -0.845077217 0.533569157
vn -0.00193918531 -0.845077872 0.534639776
vn -0.00190861977 -0.846090674 0.533035576
vn -0.0422020406 -0.846652985 0.530469358
vn -0.0417680107 -0.849511027 0.525914848
vn -0.0935136825 -0.85075438 0.517177165
vn -0.0930297226 -0.852264583 0.514772296
vn -0.156292349 -0.853503823 0.497095466
vn -0.170457706 -0.824589312 0.539440989
vn -0.219119281 -0.681052506 0.698680341
vn -0.237857684 -0.614955544 0.751833379
vn -0.140815213 -0.6119259 0.778278708
vn -0.140651643 -0.612966776 0.777488768
vn -0.06284675 -0.609973073 0.789925992
vn -0.0629408509 -0.608741164 0.790868282
vn -0.00296148169 -0.607386172 0.794401228
vn -0.00292684021 -0.609303057 0.792932034
vn 0.0501642115 -0.609324515 0.791332543
vn 0.0500547364 -0.612616777 0.788793504
vn 0.115723394 -0.613898933 0.780856073
vn 0.115213871 -0.619099796 0.776814818
vn 0.174272627 -0.620983541 0.764204502
vn 0.173309818 -0.62752831 0.759059906
vn 0.236343205 -0.62879163 0.74078536
vn 0.233295053 -0.641999483 0.730349302
vn 0.296878338 -0.643230021 0.705775023
vn 0.201100066 -0.862773478 0.463875771
vn 0.242147133 -0.777427614 0.580492079
vn 0.0824771747 -0.978757918 0.187697768
vn 0.0824612528 -0.978768528 0.187649474
vn 0.00981506146 -0.999648511 0.0246266592
vn 0.00560717424 -0.999897957 0.0131373955
vn 0.350941688 -0.442191988 0.82541275
vn 0.366125345 -0.332851052 0.869000793
vn 0.287012041 -0.331397206 0.898776948
vn 0.28842923 -0.314943105 0.904223084
vn 0.211304441 -0.312941134 0.925968826
vn 0.211687431 -0.304295719 0.928758621
vn 0.139786109 -0.301854998 0.943050027
vn 0.140067562 -0.292549074 0.94593662
vn 0.0604845211 -0.290725082 0.954892933
vn 0.0605191626 -0.283372253 0.957098544
vn -0.0036613734 -0.283332944 0.959014595
vn -0.00377597939 -0.275699168 0.961236537
vn -0.0763118342 -0.277657568 0.957644403
vn -0.0764535367 -0.273810029 0.958740294
vn -0.171138644 -0.278064907 0.945193887
vn -0.171358615 -0.274863333 0.946090043
vn -0.291742116 -0.279281735 0.914815962
vn -0.275879622 -0.392966628 0.877193034
vn 0.389804035 -0.0640800819 0.918665648
vn 0.38851738 -0.0208289567 0.921205938
vn 0.303988218 -0.0197024345 0.952472031
vn 0.303449154 0.00380334514 0.95284003
vn 0.222300723 0.00597041799 0.97495985
vn 0.221816748 0.017494332 0.974931419
vn 0.146445602 0.0196061097 0.989024401
vn 0.146108165 0.0327873304 0.988725126
vn 0.0630171448 0.0345234424 0.997415125
vn 0.0627836362 0.0448584817 0.997018516
vn -0.00400222745 0.0448798165 0.998984396
vn -0.00417597592 0.0537915826 0.998543441
vn -0.0794825703 0.0518615358 0.995486259
vn -0.0795654058 0.0571599565 0.995189488
vn -0.17805399 0.0531163514 0.982586086
vn -0.178049535 0.0528280847 0.982602417
vn -0.302330852 0.0485279709 0.951966941
vn -0.302930355 0.080711022 0.949588835
vn 0.00674147299 -0.999897838 0.0126051791
vn 0.0342298076 -0.998098135 0.0512686744
vn 0.0845833346 -0.978776813 0.186659127
vn 0.417843014 -0.450886995 0.78873831
vn 0.294093221 -0.77727592 0.55619359
vn 0.291911542 -0.782040656 0.550636053
vn 0.147909731 -0.948577583 0.27986306
vn 0.456758231 0.137112617 0.878960788
vn 0.462812334 0.178501695 0.868298292
vn 0.457572877 -0.119200617 0.881146014
vn 0.466683686 -0.0640668869 0.882100761
vn 0.419158578 -0.441913366 0.793106973
vn 0.997659326 -0.0639562011 0.0241969042
vn 0.985689819 -0.168246284 0.010429875
vn 0.955664456 -0.293984056 0.0166981965
vn 0.824656844 -0.565464199 0.0138336886
vn 0.757910788 -0.652320921 0.00697564706
vn 0.568787336 -0.822426856 0.00975176506
vn 0.29555127 -0.955322385 -0.00293155713
vn 0.354171842 -0.935174763 0.00323013961
vn 0.0584146604 -0.998291671 0.00121116266
vn 0.0556697547 -0.998448908 0.000815809064
vn 0.0543566756 -0.998496413 0.00708887447
vn 0.0578777939 -0.998298585 0.00707588531
vn 0.292185605 -0.955618441 0.0376963429
vn 0.286838859 -0.957252562 0.0372955278
vn 0.591852367 -0.802228749 0.0783569962
vn 0.551182985 -0.83099246 0.0751590133
vn 0.857727408 -0.50025779 0.11851497
vn 0.802640378 -0.585203707 0.115347609
vn 0.967309117 -0.211303875 0.140227377
vn 0.938951671 -0.313599497 0.141510144
vn 0.988714576 0.00130123959 0.149805799
vn 0.984933734 -0.0695679039 0.158322036
vn 0.0528506488 -0.99841696 0.0192440357
vn 0.0505794287 -0.998538673 0.0190325491
vn 0.280109882 -0.95431602 0.104016237
vn 0.261517644 -0.960077047 0.0993003324
vn 0.563525736 -0.798155129 0.213042498
vn 0.521459818 -0.828980565 0.20216541
vn 0.814701319 -0.486895829 0.314951152
vn 0.771699727 -0.557401001 0.306241244
vn 0.913923383 -0.183343038 0.362117916
vn 0.894271672 -0.26138863 0.363254905
vn 0.925636292 0.0446046442 0.37577641
vn 0.920954525 -0.0122648841 0.389477044
vn 0.0496615842 -0.998176694 0.0343084745
vn 0.0453996882 -0.998432338 0.0327374265
vn 0.254410148 -0.950333834 0.179279417
vn 0.234239325 -0.957536519 0.168094486
vn 0.500896931 -0.788564622 0.356746584
vn 0.465453058 -0.818390191 0.337032557
vn 0.716595352 -0.469045401 0.516224265
vn 0.683925331 -0.530674636 0.5006302
vn 0.798504114 -0.151112437 0.582714558
vn 0.783275187 -0.221544221 0.58085978
vn 0.800037801 0.0949912816 0.592381775
vn 0.79393661 0.0338792205 0.607055902
vn 0.0389413759 -0.998076081 0.0482458808
vn 0.0373414233 -0.9981938 0.0470606834
vn 0.197562128 -0.948761225 0.24661988
vn 0.191246167 -0.951676011 0.240286544
vn 0.387332171 -0.783888757 0.485275388
vn 0.376240909 -0.795967579 0.474213481
vn 0.55389905 -0.455451459 0.696964741
vn 0.542224348 -0.483899772 0.686901569
vn 0.615113497 -0.123600766 0.77869004
vn 0.608312845 -0.163399875 0.776695549
vn 0.610823154 0.13603723 0.779992878
vn 0.605203331 0.0916212425 0.790780902
vn -0.892146826 -0.0832214952 0.444013774
vn -0.675272703 -0.0314265229 0.736898363
vn -0.992177844 -0.000800186419 0.124829687
vn -0.374654412 0.284118295 0.882559299
vn -0.329671174 -0.680709302 0.654180229
vn -0.290982425 -0.769850373 0.568031371
vn -0.255410731 -0.824328125 0.505221248
vn -0.145074323 -0.94661808 0.287867397
vn -0.987354577 -0.158498734 0.00301040686
vn -0.980554104 -0.178863779 0.0807549208
vn -0.996640146 -0.0584822372 0.0573429167
vn -0.998224318 -0.057906419 0.013967609
vn -0.438650131 0.101704076 0.892884254
vn -0.460085571 0.204383314 0.86403054
vn -0.608123004 0.205787539 0.766705871
vn -0.19956997 -0.957633972 0.207627162
vn -0.223522112 -0.945395887 0.237201273
vn -0.40452525 -0.809446037 0.425624788
vn -0.440692991 -0.764189482 0.470960796
vn -0.0100611849 -0.999668658 0.0236936603
vn -0.214819238 -0.961684942 0.17033726
vn -0.0732455105 -0.987991273 0.136045158
vn -0.0095212888 -0.997613192 0.0683904216
vn -0.040209353 -0.998036444 0.0480254851
vn -0.0512099303 -0.997195721 0.0545731299
vn -0.0422982611 -0.998535991 0.0337158963
vn -0.0497430488 -0.998484731 0.0235333834
vn -0.285096049 -0.958324432 0.0182887334
vn -0.269235641 -0.962934196 0.0164297484
vn -0.557972848 -0.829046428 0.0367195643
vn -0.58001703 -0.813649952 0.0394203812
vn -0.969136834 0.0370169878 0.24372834
vn -0.971495271 0.00476202881 0.237011164
vn -0.943146288 -0.240125939 0.22981438
vn -0.977600932 -0.194488257 0.0804409161
vn -0.95191139 -0.297530562 0.0730773956
vn -0.958168566 -0.286083519 0.00832207967
vn -0.762932241 -0.646453738 0.00565735484
vn -0.667970657 -0.147754386 0.729372203
vn -0.680301547 -0.0540893376 0.730933785
vn -0.426952481 -0.0608675294 0.902223229
vn -0.794318318 0.375607818 0.477469593
vn -0.888158321 0.0729682297 0.453707427
vn -0.869660437 -0.212485611 0.445578963
vn -0.963259816 -0.144815236 0.226183787
vn -0.814975739 -0.547098458 0.191043928
vn -0.866890967 -0.494173348 0.0655193925
vn -0.817226171 -0.573423266 0.0576807633
vn -0.828200161 -0.560432434 -1.63210789e-05
vn -0.566364825 -0.824142456 0.0044785114
vn -0.359665632 -0.933077753 -0.00255221315
vn -0.288751304 -0.957403779 0.000801125891
vn -0.0420352109 -0.999084175 0.0079897698
vn -0.0468589999 -0.998637199 0.0229766164
vn -0.232650459 -0.966508508 0.108328685
vn -0.273073137 -0.952930808 0.131734118
vn -0.494686067 -0.836533368 0.235579386
vn -0.566112518 -0.776134908 0.277725011
vn -0.77391082 -0.509097338 0.376672149
vn -0.557795405 -0.579961717 0.593724489
vn -0.590334833 -0.501460314 0.632488966
vn -0.387239575 -0.510647953 0.767648458
vn -0.410291463 -0.392634153 0.823103487
vn -0.0569278374 -0.998378217 0.000397510565
vn -0.0481326245 -0.998840094 0.0013111044
vn -0.0550968163 -0.998477161 0.002779047
vn -0.0373813473 -0.999270201 0.00785279274
vn -0.25221169 -0.966195941 0.0534295514
vn -0.265553266 -0.962371171 0.0576470867
vn -0.536228776 -0.835976183 0.116629995
vn -0.578213036 -0.805430949 0.13019456
vn -0.86656487 -0.459196359 0.195458516
vn -0.758477211 -0.536110461 0.370537311
vn -0.848333061 -0.317528665 0.423682094
vn -0.627210915 -0.395293385 0.671080947
vn -0.648152947 -0.304344058 0.698049009
vn -0.426539958 -0.313506961 0.848396778
vn -0.448106974 0.0805607885 0.890342653
vn 0.000211981896 -1 1.86223424e-05
vn 5.77186573e-13 -1 -4.85239271e-09
vn -1.12550822e-06 -1 -4.98712643e-06
vn -6.82324799e-06 -1 -4.68239568e-06
vn 1.09734374e-05 -1 -8.97712027e-07
vn -1.38255473e-06 -1 -5.24901725e-06
vn -0.0178028904 -0.928379774 -0.371206224
vn -0.0270837098 -0.982154071 -0.186117813
vn 5.76261369e-13 -0.998398662 -0.0565691143
vn 0.0103103649 -0.999333024 -0.0350314304
vn -0.00197421969 -0.991562545 -0.12961404
vn 0.0452063009 -0.927579939 -0.370879829
vn 0.0434237756 -0.942050695 -0.332648277
vn 0.031433709 -0.958580673 -0.283081353
vn 0.024550613 -0.977380157 -0.210060179
vn 0.0634427518 -0.868201315 -0.492139757
vn 0.0647988468 -0.82931608 -0.555009902
vn 0.0667302758 -0.821404517 -0.56642884
vn 0.0215170942 -0.853074968 -0.521344483
vn 0.0226385482 -0.84952426 -0.527063549
vn 0.0392244272 -0.830457091 -0.555700004
vn -0.0554315969 -0.829803884 -0.555295289
vn -0.0332096033 -0.830641389 -0.555816531
vn -0.0214501154 -0.857692659 -0.513715148
vn -0.0107686752 -0.834292293 -0.551217258
vn 0.00590125751 -0.834319651 -0.551249385
vn -0.0810741782 -0.81499356 -0.573770344
vn -0.059340924 -0.863354504 -0.501096487
vn -0.0509198084 -0.927312195 -0.370808959
vn -0.0489687026 -0.91739434 -0.394955307
vn -0.0342242308 -0.958488643 -0.283069283
vn -0.0336203389 -0.94628346 -0.321585625
vn -0.0308519192 -0.964118242 -0.263674259
vn -0.0158269368 -0.982460797 -0.185796335
vn -0.0158998109 -0.982854128 -0.183698028
vn 5.77014348e-13 -0.999702334 -0.0243986007
vn -0.00846267771 -0.993146181 -0.11657206
vn -0.00876063015 -0.996837258 -0.0789853856
vn 0.00142040115 -0.992102087 -0.125424966
vn -0.00649767788 -0.99862045 -0.0521049686
vn 0.00640242361 -0.948567688 -0.316509634
vn -0.00643489417 -0.948551655 -0.31655702
vn -0.00964165293 -0.947659314 -0.319137722
vn -0.0148124676 -0.959790885 -0.280324936
vn -0.0141303642 -0.958957493 -0.283197522
vn -0.0136623746 -0.973989189 -0.226182327
vn -0.0170370322 -0.979511678 -0.20066537
vn 0.0171178076 -0.945546687 -0.325036079
vn 0.0025742799 -0.928535819 -0.371233821
vn 0.0147975693 -0.959787607 -0.280336916
vn 0.0141208107 -0.958958328 -0.283195287
vn 0.013655033 -0.973988354 -0.226186261
vn 0.00903233141 -0.996811211 -0.0792829543
vn 0.00873648282 -0.99309653 -0.116974212
vn 0.0163464863 -0.982459784 -0.185756862
vn 0.0270340256 -0.982181191 -0.185981795
vn 0.0170216449 -0.979522586 -0.200613394
vn -0.0697155669 -0.836042821 -0.54421699
vn -0.0646650791 -0.849167049 -0.524150491
vn -0.0653294548 -0.883508921 -0.463836193
vn -0.021024609 -0.885228693 -0.464680701
vn -0.0189314298 -0.892204285 -0.451235145
vn 0.0209040288 -0.892163217 -0.451229215
vn 0.0191209558 -0.885273755 -0.464677006
vn 0.0573557727 -0.883952022 -0.464046508
vn 0.0543334968 -0.906843007 -0.417951673
vn 5.77186573e-13 -1 -8.1491844e-06
vn -0.000250781974 -0.99999994 8.57778468e-06
vn -5.08257699e-06 -1 -3.05000754e-06
vn -4.52269933e-06 -1 1.17778484e-06
vn -1.00983141e-06 -1 -2.59497506e-06
vn 2.19216599e-06 -1 -4.63769948e-06
vn -0.862040699 -0.419794768 -0.284003884
vn -0.8551476 -0.436581939 -0.279497355
vn -0.857067645 -0.443367332 -0.262412786
vn -0.855849802 -0.457380921 -0.241503298
vn -0.85577023 -0.46026203 -0.236254409
vn -0.833835542 -0.507481337 -0.217211887
vn -0.833502352 -0.505708337 -0.222559795
vn -0.82749635 -0.532786071 -0.177168965
vn -0.827976882 -0.525781214 -0.19495739
vn -0.771588326 -0.619279742 -0.145410061
vn -0.768169343 -0.618724465 -0.164608479
vn -0.680561721 -0.729135513 -0.0720913112
vn -0.659793377 -0.736416638 -0.149543479
vn 0.656859338 -0.750517011 -0.0725260526
vn 0.827739775 -0.513106883 -0.22708638
vn 0.828112483 -0.525219023 -0.195894688
vn 0.771611154 -0.619361281 -0.144940749
vn 0.762345195 -0.618872881 -0.189277977
vn 0.760433197 -0.640248895 -0.108732514
vn 0.658843458 -0.731346369 -0.176232189
vn 0.82096529 -0.507468402 -0.261709332
vn 0.854961932 -0.478814274 -0.199441731
vn 0.855178416 -0.436050832 -0.280231237
vn 0.857342362 -0.435146511 -0.274975628
vn 0.862280786 -0.408935815 -0.298736215
vn 0.923272967 0.0509925447 0.380745053
vn 0.947969854 0.0614836328 0.312366694
vn 0.916315734 0.101349771 0.387419313
vn 0.450347513 0.212827101 0.867116928
vn 0.553487837 0.23029311 0.800385118
vn 0.412204772 0.234708235 0.880340397
vn 0.396661729 0.232394859 0.888060868
vn 0.345036715 0.320839345 0.882049739
vn 0.289736271 0.295419931 0.910373509
vn 0.98938328 0.0150152799 0.144551963
vn 0.980390012 0.00940546393 0.196842492
vn 0.981006145 0.0159646384 0.193318725
vn 0.992351532 -0.021994127 0.121469058
vn 0.994370818 -0.0106108626 0.105423465
vn 0.994410396 -0.00601227907 0.105412498
vn 0.986981511 0.0261958987 0.158686221
vn 0.873781383 0.0796626806 0.479749918
vn 0.918479383 0.0733405873 0.388608694
vn 0.739889443 0.131440595 0.659762859
vn 0.787924409 0.125555679 0.602835715
vn 0.560090005 0.182990834 0.807968795
vn 0.597586453 0.179291561 0.78150171
vn 0.43688187 0.214614242 0.873541594
vn 0.452670693 0.214415804 0.865514338
vn 0.425516576 0.25698033 0.867696226
vn 0.657127917 0.204608083 0.725478113
vn 0.628278434 0.210902318 0.748856723
vn 0.801650882 0.149009332 0.578923225
vn 0.848924041 0.130102947 0.512251139
vn 0.921183348 0.0827500522 0.3802284
vn 0.957763135 0.060032472 0.281222075
vn 0.980849922 0.024005169 0.193280086
vn 0.908718407 0.132586822 0.395792335
vn 0.868960321 0.165075511 0.46653837
vn 0.785699546 0.206854776 0.582998574
vn 0.722401977 0.240157455 0.648428679
vn 0.483150363 0.307268858 0.819848537
vn 0.947357833 0.0708228573 0.312245458
vn 0.943580806 0.092008017 0.318103492
vn 0.846345007 0.15008451 0.511052608
vn 0.789074302 0.185458645 0.585633695
vn 0.623193562 0.239935577 0.74435252
vn 0.390710473 0.31628558 0.864470243
vn 0.390782714 0.316273183 0.86444211
vn 0.218278185 0.369033784 0.903420568
vn 0.384473741 0.251989812 0.888077199
vn 0.473891675 0.215689316 0.853759229
vn 0.661663294 0.174826637 0.729134679
vn 0.738053143 0.147200406 0.65849036
vn 0.804459393 0.126619861 0.580355465
vn 0.872624278 0.0937727243 0.479305238
vn 0.962467194 0.0471636355 0.267268568
vn 0.963459909 0.015668001 0.267393917
vn 0.999692976 -0.00513086887 0.0242418703
vn 0.164336801 0.346108675 0.923689425
vn 0.00453595351 0.442634732 0.896690547
vn 0.00591492187 0.479013383 0.87778765
vn 0.016028177 0.471196502 0.881882608
vn 0.0218276139 0.473667711 0.880433083
vn 0.0760059059 0.459136546 0.885108292
vn 0.0787366927 0.462825477 0.882945716
vn 0.0919317901 0.410737455 0.907107115
vn 0.0953852236 0.416602373 0.904070854
vn 0.365482122 0.238763615 0.899674833
vn 0.316281289 0.25201878 0.914577842
vn 0.277585238 0.254917294 0.926263273
vn 0.375390559 0.229560494 0.897988796
vn 0.357865512 0.260840237 0.896601737
vn 0.336944491 0.261073023 0.904604495
vn 0.193826854 0.270487279 0.943009973
vn 0.29865256 0.293254465 0.908189654
vn 0.254233271 0.295223325 0.92098242
vn 0.0547964014 0.345479339 0.936825156
vn 0.0216655321 0.454223514 0.890624285
vn 0.0186279621 0.437233359 0.89915514
vn 0.0186870415 0.418102086 0.908207834
vn 0.0233829152 0.422564924 0.906030953
vn 0.0272782408 0.396724761 0.917532206
vn 0.0319130607 0.401939631 0.915109873
vn 0.0320574008 0.377790034 0.925336182
vn 0.0429975763 0.388477027 0.920454681
vn 0.0310270209 0.360749245 0.932146609
vn 0.0454369411 0.370644569 0.927662671
vn 0.0488293543 0.34503901 0.937317312
vn 0.0459901616 0.341768652 0.938658118
vn 0.0927616805 0.330266684 0.939318478
vn 0.221178114 0.305394292 0.926182806
vn 0.165366381 0.330128342 0.929338038
vn 0.181445464 0.329278231 0.926635504
vn 0.0571737401 0.460268885 0.885936618
vn 0.0622932576 0.463658065 0.883821666
vn 0.0628512129 0.41744554 0.906525731
vn 0.0788136572 0.432641536 0.898114562
vn 0.0800517127 0.382124662 0.920637012
vn 0.102374896 0.403963685 0.909028471
vn 0.103500202 0.373943329 0.921658337
vn 0.171120986 0.307717264 0.935963511
vn 0.22051248 0.305853635 0.926189959
vn 0.257592499 0.317231745 0.912693858
vn 0.174050197 0.307422966 0.935519993
vn 0.172174826 0.338842928 0.924954772
vn 0.205924585 0.354806721 0.911979854
vn 0.181679785 0.325487405 0.92792803
vn 0.227532998 0.299881011 0.926444888
vn 0.217773825 0.300502688 0.928586364
vn 0.279658258 0.270819128 0.921112478
vn 0.115978673 0.379815012 0.917763293
vn 0.117757566 0.336255342 0.934379756
vn 0.219022498 0.331393361 0.917718709
vn 0.222443432 0.284753174 0.932434738
vn 0.323050737 0.277438909 0.904801548
vn 0.326720834 0.23662895 0.915019274
vn 0.365904212 0.23344557 0.900898039
vn 0.316162676 0.25345239 0.914222658
vn 0.29005748 0.27309522 0.917216241
vn 0.27608338 0.274170667 0.921199441
vn 0.227351844 0.302365452 0.925681531
vn 0.108398169 0.307519704 0.94534725
vn 0.148256376 0.327032655 0.933311164
vn 0.147038713 0.351147383 0.924702704
vn 0.140472203 0.35142976 0.925615847
vn 0.13902314 0.380099833 0.91443789
vn 0.114807472 0.368837953 0.922376156
vn 0.114050858 0.379390359 0.918180466
vn 0.0413189679 0.469344765 0.882047772
vn 0.0375772417 0.467395753 0.883249223
vn 0.0377753153 0.433368802 0.9004246
vn 0.0473188944 0.442332089 0.895602167
vn 0.0477796495 0.405187011 0.912984431
vn 0.0606975406 0.417598069 0.906602263
vn 0.061389599 0.381205618 0.922449768
vn 0.0764242187 0.395941913 0.915089786
vn 0.0773388594 0.360332221 0.929612517
vn 0.0936164334 0.376608253 0.921630204
vn 0.0947536305 0.341727495 0.935010195
vn 0.111707158 0.359020531 0.926620603
vn 0.113058954 0.324849665 0.938983679
vn 0.130350009 0.342841983 0.930305481
vn 0.13078396 0.333878785 0.933499098
vn 0.12051066 0.329387575 0.936472654
vn -0.199362367 0.341756165 0.918399334
vn -0.18774797 0.368505657 0.910469234
vn -0.230929315 0.330361903 0.915168107
vn -0.263341814 0.332044899 0.905757844
vn -0.30958584 0.309937984 0.8989411
vn -0.0942102894 0.41510728 0.904881418
vn -0.143889681 0.382274389 0.912777126
vn -0.12655215 0.359052181 0.924697816
vn -0.0727199167 0.463805467 0.882947505
vn -0.012539912 0.478984296 0.877733886
vn -0.024133075 0.459924549 0.887629986
vn -0.0156022003 0.454274803 0.890724957
vn -0.0109899314 0.388813078 0.921251118
vn -0.0111224316 0.402119577 0.915519595
vn -0.0222190972 0.414269209 0.909883142
vn -0.0122684306 0.422648668 0.906210542
vn -0.0123719033 0.437275797 0.899242342
vn 0.00566967903 0.345993578 0.938219726
vn -0.00815597922 0.351984322 0.935970366
vn -0.0272325836 0.350001037 0.936353385
vn -0.0507943071 0.350722522 0.935100853
vn -0.0676517487 0.354648679 0.93254894
vn -0.0910290703 0.347922742 0.933093488
vn -0.147005498 0.342324734 0.928010345
vn -0.124423504 0.348189801 0.929130018
vn -0.123493902 0.372467399 0.919791996
vn -0.0673523322 0.374097615 0.924940348
vn -0.110501684 0.422397792 0.89964962
vn -0.112004712 0.372376412 0.921298385
vn -0.17630817 0.38520804 0.905831218
vn -0.179017201 0.338027418 0.923953652
vn -0.24274601 0.350168318 0.904685855
vn -0.245440662 0.316703886 0.916219175
vn -0.304159641 0.326746702 0.894831538
vn -0.240210399 0.329770833 0.912989676
vn -0.174530476 0.338183552 0.92475456
vn -0.173592791 0.354864746 0.918660223
vn -0.117520049 0.371196806 0.921087384
vn -0.116951868 0.388207823 0.914120853
vn -0.0805003718 0.406853914 0.909939349
vn -0.0802124441 0.423444778 0.902363837
vn -0.063989982 0.439013153 0.896199048
vn -0.00598898809 0.371021062 0.928605139
vn -0.0169674475 0.378419846 0.925478518
vn -0.0598910861 0.377898008 0.923908114
vn -0.0595445298 0.413736582 0.908447325
vn -0.0461501442 0.407525271 0.912027061
vn -0.0459281355 0.458404064 0.887556374
vn 0.00097709801 0.439567208 0.898209155
vn -0.040993683 0.473314285 0.879939258
vn -0.0637881532 0.461420029 0.884885669
vn -0.0732595772 0.465155274 0.882192492
vn -0.0960028097 0.42089799 0.902013481
vn -0.676415563 0.232617348 0.698821247
vn -0.481705666 0.285140902 0.828646064
vn -0.999636948 -0.0230293181 0.013984723
vn -0.991712213 0.0305945836 0.124783099
vn -0.451295793 0.276354045 0.848504901
vn -0.599513888 0.238958821 0.763859749
vn -0.603426218 0.237482697 0.761235058
vn -0.806854725 0.16262798 0.567923963
vn -0.850043476 0.135168657 0.509073198
vn -0.999638915 -0.0226977188 0.0143807484
vn -0.995892942 0.00177578093 0.0905213356
vn -0.994232118 -0.013329058 0.106417947
vn -0.99429065 -0.00594595727 0.106539741
vn -0.989297867 0.0164516326 0.144979611
vn -0.987993121 0.010842164 0.154117018
vn -0.97753948 0.0411010012 0.20670563
vn -0.975277424 0.0384161249 0.217619359
vn -0.936741352 0.0990298167 0.335721165
vn -0.894882917 0.13591899 0.425100684
vn -0.900350332 0.14640522 0.409798443
vn -0.818993032 0.210741386 0.533702612
vn -0.85426873 0.19826743 0.480536073
vn -0.706324339 0.312416524 0.635217965
vn -0.748671949 0.302470744 0.589916706
vn -0.0999560356 0.462509751 0.880961716
vn -0.398809046 0.412408173 0.819067061
vn -0.123969175 0.418956608 0.899503767
vn -0.277869999 0.373690248 0.884954154
vn -0.204446927 0.375754356 0.903886139
vn -0.303854287 0.33689934 0.891162932
vn -0.292569369 0.337009281 0.894889891
vn -0.331488371 0.323200375 0.886372924
vn -0.280539244 0.322315514 0.904107511
vn -0.945966542 0.080176495 0.314195782
vn -0.946883738 0.0713032037 0.313571453
vn -0.944405138 0.0713368654 0.32095173
vn -0.906847715 0.146925777 0.395019025
vn -0.913050711 0.103268676 0.39455542
vn -0.950271606 0.0623358339 0.305119872
vn -0.949754775 0.0692434385 0.305239558
vn -0.973713815 0.0304132737 0.225735322
vn -0.973355234 0.0396209396 0.225853309
vn -0.998347521 -0.00190747273 0.0574335828
vn -0.333035827 0.42270571 0.842856467
vn -0.458104193 0.391905457 0.797841251
vn -0.466643006 0.340823919 0.816139281
vn -0.534913123 0.319978952 0.781972766
vn -0.542191803 0.29115817 0.788197279
vn -0.65450865 0.248986766 0.713879585
vn -0.657357633 0.237128049 0.715297997
vn -0.682629883 0.202742741 0.702076793
vn -0.806154251 0.167159826 0.567602813
vn -0.485771328 0.265689224 0.83272773
vn -0.598540485 0.244306818 0.76293087
vn -0.394570768 0.293779045 0.870636404
vn -0.389522314 0.293449581 0.873017609
vn -0.373158336 0.296595633 0.879081249
vn -0.968310535 0.0552708358 0.243556723
vn -0.915587664 0.104180299 0.388388515
vn -0.916954339 0.0905876979 0.388572574
vn -0.850765109 0.140680403 0.506367207
vn -0.813632011 0.151365459 0.56133008
vn -0.810378432 0.170088083 0.560675383
vn -0.853591323 0.150118217 0.4988451
vn -0.849772453 0.170578837 0.498788208
vn -0.766523004 0.195977136 0.611584365
vn -0.7555902 0.245656893 0.607236505
vn -0.701001406 0.263090849 0.662857592
vn -0.691989839 0.322348773 0.645942211
vn -0.841541648 0.223944053 0.49158594
vn 0.858291149 0.202193707 0.471650332
vn 0.161197901 0.453714669 0.876446366
vn 0.281448036 0.447727978 0.84872061
vn 0.41130349 0.41732946 0.810349047
vn 0.682138681 0.334826648 0.650059938
vn 0.713414133 0.323549628 0.621575356
vn 0.822705209 0.25769189 0.506706059
vn 0.860255182 0.232969508 0.453526407
vn 0.867510438 0.177231565 0.464773744
vn 0.842407703 0.209640577 0.496387035
vn 0.717733562 0.271217734 0.641326308
vn 0.686983824 0.286285818 0.66790247
vn 0.476750314 0.348701566 0.806917787
vn 0.416448921 0.366114825 0.832184017
vn 0.214868486 0.396643877 0.892471373
vn 0.164955407 0.405064285 0.899284542
vn -1 7.53429845e-07 2.42497094e-06
vn -1 6.57058138e-07 2.45591491e-06
vn -1 8.55491351e-07 2.36093297e-06
vn -1 9.39976928e-07 2.25252325e-06
vn -1 9.34237335e-07 2.26343263e-06
vn -1 1.13535384e-06 2.28045974e-06
vn -1 1.34343554e-06 2.15369982e-06
vn -1 1.1294635e-06 2.64327673e-06
vn -1 -2.23517782e-06 2.5634497e-06
vn -1 1.62004289e-06 1.96792394e-06
vn -1 2.61969399e-06 2.10279904e-06
vn -1 1.20094126e-06 2.70036639e-06
vn -1 5.31872388e-07 2.45535875e-06
vn -1 1.05708693e-06 2.63068682e-06
vn -1 1.66640973e-06 1.93473306e-06
vn -1 1.0287406e-06 3.19000105e-06
vn -1 -3.20502451e-08 1.66616292e-06
vn -1 1.3225216e-06 2.15898763e-06
vn -1 2.44683633e-07 2.51463416e-06
vn -1 1.75707976e-06 2.89204013e-06
vn -1 1.2300552e-06 3.77037259e-06
vn -1 1.32731486e-06 2.92285927e-06
vn -1 1.05098025e-06 3.03104639e-06
vn -1 1.20019661e-06 2.7743572e-06
vn -1 1.55615021e-06 3.01518298e-06
vn -1 1.45017145e-08 3.13352371e-06
vn -1 9.82455617e-07 2.36391202e-06
vn -1 1.99001965e-06 2.35464267e-06
vn -1 1.0677029e-06 3.2030498e-06
vn -1 -4.07481409e-08 2.50640392e-06
vn -1 1.38480641e-06 2.88965953e-06
vn -1 1.12024543e-06 3.00523379e-06
vn -1 3.74044589e-07 2.4112112e-06
vn -1 1.97717873e-06 2.81238067e-06
vn -1 -1.10810442e-05 5.02974808e-06
vn -1 9.60745524e-07 2.48517381e-06
vn -1 1.20338086e-06 1.14586135e-06
vn -1 1.52855648e-07 3.44490491e-06
vn -1 1.24867381e-06 3.21773996e-06
vn -1 3.32330472e-07 2.79587243e-06
vn -1 1.18879859e-06 2.04228991e-06
vn -1 1.19594608e-06 2.06724326e-06
vn -1 9.04379363e-07 3.60068998e-06
vn -1 1.62229355e-06 3.40580459e-06
vn -1 9.74174441e-07 2.40970007e-06
vn -1 -7.30108241e-08 1.64183405e-06
vn -1 1.11927534e-06 2.66049028e-06
vn -1 7.91921536e-07 2.43565955e-06
vn -1 2.24182691e-06 2.34314643e-06
vn -1 1.31302716e-06 3.01744262e-06
vn -1 1.34829259e-06 3.02775948e-06
vn -1 3.77399033e-07 3.08197355e-06
vn -1 1.50921164e-06 2.14538522e-06
vn -1 7.21802394e-07 2.47509706e-06
vn -1 7.35067943e-07 5.82776511e-06
vn -1 2.73105502e-06 -8.53882557e-06
vn -1 -1.06689595e-06 3.16557544e-06
vn -1 1.10169481e-06 2.79944788e-06
vn -1 1.07517644e-06 2.81284838e-06
vn -1 1.04081721e-06 2.78499897e-06
vn -1 4.75418346e-06 3.49528159e-06
vn -1 7.91716502e-07 2.85937972e-07
vn -1 9.23833397e-07 2.81705525e-06
vn -1 9.03319119e-07 2.78057996e-06
vn -1 1.36662686e-06 2.28559747e-06
vn -1 1.4681965e-06 2.32441948e-06
vn -1 7.13981251e-07 2.45533306e-06
vn -1 1.41342491e-06 3.55346924e-06
vn -1 9.30471458e-07 3.0929682e-06
vn -1 1.27692533e-06 2.88439924e-06
vn -1 1.27237956e-06 2.88740307e-06
vn -1 1.05400227e-06 1.69620353e-06
vn -1 -5.53575831e-07 4.98281588e-06
vn -1 3.88871712e-07 3.32173909e-06
vn -1 9.33787078e-07 2.47738444e-06
vn -1 9.68813424e-07 2.52796758e-06
vn -1 9.76916567e-07 2.67520636e-06
vn -1 1.1900803e-06 2.85183251e-06
vn -1 1.18887897e-06 2.84639327e-06
vn -1 9.93789513e-07 2.79101596e-06
vn -1 8.36696245e-07 2.56991234e-06
vn -1 8.65959578e-07 2.65979475e-06
vn -1 8.5458214e-07 2.65893004e-06
vn -1 7.38141637e-07 2.42174178e-06
vn -1 7.23091944e-07 2.37236577e-06
vn -1 1.25880752e-06 2.85516171e-06
vn -1 1.49492834e-07 5.10870814e-06
vn -1 9.41976964e-07 2.59742228e-06
vn -1 8.97688096e-07 2.47529942e-06
vn -1 8.82141251e-07 2.49030609e-06
vn -1 9.5378175e-07 2.26606426e-06
vn -1 1.72503599e-06 3.06427341e-06
vn -1 1.13700605e-06 2.01972466e-06
vn -1 1.16670026e-06 3.23070253e-06
vn -1 1.27407259e-06 2.16816102e-06
vn -1 1.25650854e-06 2.10143162e-06
vn -1 7.54099062e-07 2.58657587e-06
vn -1 8.95551125e-07 3.07175901e-06
vn -1 1.76396236e-06 3.21487823e-06
vn -1 1.76872811e-06 3.30570128e-06
vn -1 -3.33783428e-05 -3.82812359e-05
vn -1 1.22196598e-05 6.77507842e-06
vn -1 3.32954954e-07 2.4803735e-06
vn -1 3.49529302e-07 2.60384513e-06
vn -1 -1.42570332e-06 8.87558542e-07
vn -1 3.88114495e-06 4.35820448e-06
vn -1 1.46287834e-06 2.77735921e-06
vn -1 5.43102317e-07 2.58005753e-06
vn -1 4.35312046e-07 2.06799041e-06
vn -1 1.41049748e-06 3.44143723e-06
vn -1 1.03954574e-06 4.09711311e-06
vn -1 4.26802586e-07 1.68213853e-06
vn -1 1.34849165e-06 2.84005387e-06
vn -1 1.12305611e-06 3.2481812e-06
vn -1 1.63768937e-06 -3.86517002e-07
vn -1 1.02970546e-06 3.50290043e-06
vn -1 -5.77186573e-13 1.6878e-17
vn -1 1.53022108e-06 2.64066489e-06
vn -1 1.04239007e-06 3.53119935e-06
vn -1 1.51467577e-06 -6.83338385e-07
vn 1 1.54649138e-06 -4.71774547e-06
vn 1 9.92593186e-07 -4.38432744e-06
vn 1 1.18825812e-06 -4.28161275e-06
vn 1 7.95757785e-07 -4.28060139e-06
vn 1 1.61608943e-06 -4.3825753e-06
vn 1 8.96984034e-07 -4.48656874e-06
vn 1 1.00820012e-06 -4.22649828e-06
vn 1 1.09601092e-06 -4.30855289e-06
vn 1 1.61371577e-06 -4.39493124e-06
vn 1 6.86302428e-07 -4.48967376e-06
vn 1 1.21538517e-06 -4.72405463e-06
vn 1 1.03000571e-06 -4.78679885e-06
vn 1 1.35855498e-06 -4.4622625e-06
vn 1 7.97712005e-07 -4.33513105e-06
vn 1 1.1976191e-06 -4.18828949e-06
vn 1 1.14393447e-06 -4.48873334e-06
vn 1 1.29607031e-06 -4.50177731e-06
vn 1 1.05898005e-06 -4.8600582e-06
vn 1 1.13188605e-06 -4.74207854e-06
vn 1 1.17513548e-06 -4.34550066e-06
vn 1 1.24179405e-06 -4.31209173e-06
vn 1 -1.53522396e-05 -3.26046866e-05
vn 1 3.07959308e-05 -2.55686118e-05
vn 1 3.36085213e-05 -2.3957029e-05
vn 1 1.45940203e-06 -4.64231152e-06
vn 1 -8.66105183e-05 1.27313215e-05
vn 1 2.806665e-05 3.6724341e-05
vn 1 0.000117709453 -4.4161905e-05
vn 1 1.26329576e-06 -4.63720153e-06
vn 1 1.00749764e-06 -3.96889845e-06
vn 1 1.96652763e-06 -5.05723528e-06
vn 1 1.33089293e-06 -4.38801544e-06
vn 1 1.36863093e-06 -4.72407373e-06
vn 1 1.24315113e-06 -4.80571634e-06
vn 1 1.3399482e-06 -4.61966238e-06
vn 1 9.02616478e-07 -4.64439017e-06
vn 1 9.80385948e-07 -4.626394e-06
vn 1 1.63936966e-06 -4.72334432e-06
vn 1 1.19662616e-06 -4.61316768e-06
vn 1 1.22369875e-06 -4.58587419e-06
vn 1 1.73655849e-06 -4.77946242e-06
vn 1 4.03147737e-07 -4.17148158e-06
vn 1 1.25540191e-06 -4.3962259e-06
vn 1 1.37536631e-06 -4.81632287e-06
vn 1 7.46171565e-07 -4.22069661e-06
vn 1 1.28553143e-06 -4.54996552e-06
vn 1 -3.97975873e-06 -1.9576903e-06
vn 1 -3.97905478e-06 -1.95639973e-06
vn 1 1.34289465e-07 -4.72073316e-06
vn 1 1.74770025e-06 -4.21590175e-06
vn 1 1.07807534e-06 -4.79206665e-06
vn 1 6.79565176e-07 -4.66257279e-06
vn 1 9.08808659e-07 -4.6641203e-06
vn 1 -4.03788988e-07 -3.54512326e-06
vn 1 1.25889949e-06 -4.74201079e-06
vn 1 1.69210739e-06 -4.55318877e-06
vn 1 1.36833955e-06 -4.67732434e-06
vn 1 9.82517236e-07 -4.49604613e-06
vn 1 -1.81179041e-06 -4.65488938e-06
vn 1 2.19333992e-06 -4.2170127e-06
vn 1 9.3019878e-07 -4.64308414e-06
vn 1 1.04284447e-06 -4.73395312e-06
vn 1 -9.97916572e-07 -4.26745191e-06
vn 1 1.32663831e-06 -4.85930968e-06
vn 1 1.00064722e-06 -4.33789319e-06
vn 1 1.43578461e-06 -4.57171791e-06
vn 1 1.45102888e-06 -4.93090556e-06
vn 1 6.72982935e-07 -3.72660838e-06
vn 1 1.0734567e-06 -4.14091528e-06
vn 1 9.88151101e-07 -4.57657643e-06
vn 1 1.1856157e-06 -4.75280058e-06
vn 1 -1.8876375e-06 -7.35948845e-07
vn 1 1.7770351e-06 6.92826916e-07
vn 1 8.61554383e-07 -4.47319007e-06
vn 1 -4.09175163e-06 -2.3305729e-06
vn 1 -4.08427923e-06 -2.46053969e-06
vn 1 -9.8689668e-07 -8.90072533e-06
vn 1 1.29118735e-06 -4.49500521e-06
vn 1 1.28919589e-06 -4.55731151e-06
vn 1 1.55913528e-06 -4.144998e-06
vn 1 8.0192001e-07 -5.45879948e-06
vn 1 1.09927203e-06 -4.26690985e-06
vn 1 1.32259333e-06 -4.1996509e-06
vn 1 1.784848e-08 -5.39949224e-06
vn 1 3.47495952e-05 -2.31142549e-05
vn 1 2.16324934e-05 -5.70963311e-05
vn 1 8.07703782e-06 2.74573486e-05
vn 1 1.48194276e-05 3.30701114e-05
vn 1 1.50283893e-06 -3.29480349e-06
vn 1 1.01725186e-06 -4.97157225e-06
vn 1 1.02924105e-06 -4.21418099e-06
vn 1 1.23546602e-06 -4.55930012e-06
vn 1 1.25152803e-06 -4.52931863e-06
vn 1 1.19045728e-06 -4.76747346e-06
vn 1 9.96956601e-07 -4.00341287e-06
vn 1 1.96977498e-06 -4.94351161e-06
vn 1 1.12106352e-06 -4.52668655e-06
vn 1 1.00689169e-06 -3.93043456e-06
vn 1 1.68516215e-06 -4.97551628e-06
vn 1 1.18518437e-05 -2.82850342e-05
vn 1 -1.19366823e-05 8.34881757e-06
vn 1 1.24576275e-06 -4.83692429e-06
vn 1 1.26678344e-06 -4.59815647e-06
vn 1 1.61017419e-06 -5.84459258e-06
vn 1 1.02658669e-06 -4.9442433e-06
vn 1 1.27873955e-06 -4.5490815e-06
vn 1 1.41335158e-06 -4.81967072e-06
vn 1 1.37388997e-06 -4.6422042e-06
vn 1 9.07436117e-07 -4.53308166e-06
vn 1 9.07726189e-07 -4.52807399e-06
vn 1 1.33495917e-06 -4.82064388e-06
vn 1 -1.7933944e-05 2.03250711e-05
vn 1 1.34055369e-06 -4.44583156e-06
vn 1 1.35140431e-06 -4.45661362e-06
vn 1 1.28384056e-06 -4.72677993e-06
vn 1 1.26866883e-06 -4.67092104e-06
vn 1 1.0394765e-06 -4.02475553e-06
vn 1 1.44873741e-06 -4.95200538e-06
vn 1 1.2168623e-06 -4.561065e-06
vn 1 1.0889454e-06 -4.79823439e-06
vn 1 1.56226031e-06 -0.000190187522
vn 0.862402856 -0.12376985 -0.490858823
vn 0.862415314 0.0769065917 -0.500325084
vn 0.862291455 0.485208869 -0.145002618
vn 0.862565815 -0.399816632 -0.310043365
vn 0.851249933 -0.393088073 -0.347642511
vn 0.857799232 -0.388076544 -0.337012023
vn 0.862267315 -0.36097756 -0.355232686
vn 0.862279713 -0.343562305 -0.372073382
vn 0.849284351 -0.347533524 -0.39741227
vn 0.861804545 -0.31817162 -0.395043999
vn 0.862765074 -0.287642866 -0.415810049
vn 0.850272715 -0.289056659 -0.439866513
vn 0.862143934 -0.258558124 -0.435724199
vn 0.836951971 -0.14986065 -0.526358426
vn 0.860604286 -0.170149624 -0.480009705
vn 0.862313509 -0.18367067 -0.47189033
vn 0.861489177 -0.218216449 -0.458495319
vn 0.841248453 -0.220086709 -0.49382472
vn 0.862330616 -0.237329558 -0.447281331
vn 0.854511499 -0.0878185779 -0.511955082
vn 0.856175601 -0.088650763 -0.509022951
vn 0.862324536 -0.11529775 -0.493054599
vn 0.862255514 0.0144016333 -0.50626874
vn 0.859739661 -0.00168494869 -0.51072979
vn 0.848639429 -0.0173058435 -0.52868855
vn 0.862299204 -0.0330389887 -0.505320191
vn 0.862226367 -0.0573223568 -0.503269136
vn 0.862280488 0.0385230482 -0.504963636
vn 0.849070311 0.0550723411 -0.525401413
vn 0.862090766 0.0730865896 -0.501455724
vn 0.861303568 0.121566914 -0.493333161
vn 0.846160293 0.13739945 -0.514911771
vn 0.862336099 0.0968388692 -0.496989578
vn 0.862319231 0.292145193 -0.413590014
vn 0.862187266 0.272032112 -0.427354276
vn 0.852001667 0.258286655 -0.455391228
vn 0.859988987 0.245688722 -0.447276235
vn 0.864479303 0.185877472 -0.467038691
vn 0.840628386 0.214360282 -0.497386783
vn 0.862403512 0.165985033 -0.478235483
vn 0.844484746 0.330010235 -0.421827823
vn 0.850972176 0.319144338 -0.417124987
vn 0.86216712 0.326840609 -0.38709569
vn 0.853493869 0.416923434 -0.312606901
vn 0.857922673 0.408877015 -0.311108083
vn 0.862317204 0.385451287 -0.328384489
vn 0.861487329 0.360797793 -0.357301712
vn 0.839228332 0.396640897 -0.371983618
vn 0.862329841 0.344729245 -0.370876044
vn 0.866159201 0.473086566 -0.161112666
vn 0.828989923 0.513499022 -0.221572861
vn 0.862061381 0.472683012 -0.182813868
vn 0.862190485 0.45503056 -0.222653881
vn 0.85207969 0.457772046 -0.253781259
vn 0.859852135 0.443208665 -0.253417432
vn 0.862838268 0.421500981 -0.279010832
vn 0.862510681 0.454767287 -0.221950516
vn 0.862635076 0.459893405 -0.210615382
vn 0.867342591 0.46420294 -0.179534137
vn 0.88443023 0.430102438 -0.18109408
vn 0.857668757 0.487057447 -0.16486159
vn 0.873628855 0.422395915 -0.241566315
vn 0.864655852 0.439364165 -0.243576229
vn 0.860885918 0.415129662 -0.294181585
vn 0.87365973 0.389268309 -0.29187125
vn 0.862793028 0.390357673 -0.321261615
vn 0.862418294 0.337387741 -0.377364844
vn 0.867069721 0.353982121 -0.350552082
vn 0.877765596 0.334411472 -0.343069315
vn 0.86258316 0.374606669 -0.340029657
vn 0.862341821 0.265551448 -0.431102127
vn 0.862630725 0.285937279 -0.417262584
vn 0.870918989 0.298615396 -0.390293479
vn 0.864759684 0.309546322 -0.395438761
vn 0.862372279 0.332810491 -0.381511807
vn 0.884425759 0.21675311 -0.413290709
vn 0.862440467 0.249712005 -0.440273046
vn 0.862515926 0.21301724 -0.459009737
vn 0.869834483 0.182429343 -0.458374888
vn 0.866529107 0.181931615 -0.464788318
vn 0.862564981 0.0896105543 -0.497947425
vn 0.863808095 0.102717735 -0.493238956
vn 0.874021709 0.116254397 -0.47177434
vn 0.862001419 0.135071456 -0.488578826
vn 0.862376869 0.158290714 -0.48088482
vn 0.877001941 0.0396513455 -0.47884798
vn 0.861419857 0.0529471003 -0.505126178
vn 0.86259234 -0.00699269166 -0.505851328
vn 0.87234515 -0.0159945451 -0.488628775
vn 0.861994743 -0.0426352583 -0.505121052
vn 0.862211227 -0.0856403932 -0.499256939
vn 0.881827474 -0.0930946916 -0.462291747
vn 0.863277376 -0.0668745786 -0.500279844
vn 0.861488581 -0.15347594 -0.484027505
vn 0.869024694 -0.149544179 -0.471627653
vn 0.86748153 -0.149131671 -0.474589854
vn 0.862789631 -0.256310999 -0.435773671
vn 0.861480057 -0.23598589 -0.449625164
vn 0.874319077 -0.208579585 -0.438247293
vn 0.86204356 -0.203052759 -0.464381784
vn 0.862377346 -0.180161908 -0.473124713
vn 0.873453498 -0.272808313 -0.403304547
vn 0.864433646 -0.27609849 -0.420147657
vn 0.860625982 -0.324887663 -0.392136425
vn 0.873286307 -0.32072264 -0.366753399
vn 0.862410903 -0.349959373 -0.365753859
vn 0.862296104 -0.404771775 -0.304311126
vn 0.861183345 -0.392571181 -0.322879434
vn 0.873496354 -0.367574155 -0.31920743
vn 0.864786327 -0.367517501 -0.342162967
vn 0.862329245 -0.361806542 -0.354237556
vn -0.829840899 0.507860363 -0.231175154
vn -0.660798371 -0.56815964 -0.490448892
vn -0.394735813 -0.695474267 -0.600415826
vn -0.0307540353 -0.658992946 -0.751520097
vn -0.251417637 -0.737074316 -0.627304256
vn -0.14896372 -0.748466969 -0.646225214
vn -0.357906967 -0.399602592 -0.843931496
vn 0.0287691765 -0.463123411 -0.885826766
vn -0.329903334 -0.518083811 -0.78914696
vn -0.00909908023 -0.573172271 -0.819384336
vn -0.334638923 -0.634753764 -0.696494401
vn -0.149034336 -0.238758951 -0.959574342
vn -0.205653355 -0.26218611 -0.942849457
vn -0.375594258 -0.276953429 -0.884435296
vn -0.149547502 -0.321114004 -0.935158432
vn -0.149311155 -0.380594701 -0.912608266
vn -0.149202347 -0.180232912 -0.972242117
vn -0.338860124 -0.154230624 -0.928109229
vn -0.148823604 -0.112301417 -0.982466221
vn -0.149028003 -0.0484197289 -0.987646818
vn -0.361186206 -0.0240792707 -0.932182789
vn -0.148940548 0.0199648552 -0.9886446
vn -0.829493463 0.062796697 -0.554974973
vn -0.829044521 -0.0144924261 -0.55899483
vn -0.829444587 -0.0145247867 -0.558400154
vn -0.829024255 -0.0918128341 -0.551624179
vn -0.829481363 -0.0917553008 -0.550946116
vn -0.829083204 -0.167206407 -0.533538282
vn -0.829515934 -0.167063653 -0.53290993
vn -0.829194367 -0.239227742 -0.505180001
vn -0.829426467 -0.239105374 -0.504856825
vn -0.829195678 -0.306760728 -0.46726051
vn -0.829321444 -0.306670845 -0.467096239
vn -0.829170883 -0.368601382 -0.42024833
vn -0.829330325 -0.368459672 -0.420057923
vn -0.829257011 -0.42305091 -0.365185857
vn -0.829394519 -0.422907174 -0.365040094
vn -0.149155438 0.0837158188 -0.985263586
vn -0.377847612 0.104167335 -0.919989288
vn -0.149036586 0.152156278 -0.977055073
vn -0.808001876 0.0637622997 -0.585719466
vn -0.829953492 0.0989076793 -0.548994064
vn -0.829580784 0.139096081 -0.540784597
vn -0.149260685 0.215323761 -0.96506834
vn -0.383592546 0.230165035 -0.894360542
vn -0.148964122 0.281546533 -0.947914183
vn -0.803779364 0.14530696 -0.576909542
vn -0.829956353 0.173301309 -0.530225515
vn -0.829612255 0.212248266 -0.516424358
vn -0.149190277 0.341994137 -0.927783549
vn -0.383419722 0.351243824 -0.854176283
vn -0.148934394 0.405335963 -0.901954174
vn -0.799070358 0.225303277 -0.557427168
vn -0.829941452 0.244351029 -0.501487494
vn -0.829612136 0.281858265 -0.481974721
vn -0.149165645 0.463043302 -0.873693585
vn -0.37785247 0.467525989 -0.799153924
vn -0.148938343 0.522936821 -0.839258254
vn -0.794014931 0.303356856 -0.526796818
vn -0.82991755 0.311425716 -0.462872416
vn -0.829600275 0.345866978 -0.438337058
vn -0.149173126 0.576177478 -0.803596258
vn -0.360165149 0.577940702 -0.732301593
vn -0.148970976 0.630265474 -0.761953473
vn -0.78966552 0.376471758 -0.484455794
vn -0.829948902 0.371827811 -0.415847212
vn -0.829662085 0.402851671 -0.386485845
vn -0.149225444 0.677975357 -0.719778538
vn -0.337518305 0.679427028 -0.651506186
vn -0.14884536 0.72624737 -0.671125829
vn -0.784204841 0.444190115 -0.433264285
vn -0.829881132 0.425443679 -0.360963941
vn -0.829605103 0.452700466 -0.326829731
vn -0.7784881 0.50551486 -0.372036308
vn -0.660333872 -0.568441331 -0.490747988
vn -0.660470247 -0.495110542 -0.564486146
vn -0.65986073 -0.495422065 -0.564925492
vn -0.660131156 -0.412238032 -0.627922475
vn -0.660158277 -0.412227005 -0.627901196
vn -0.66056788 -0.321318805 -0.678530991
vn -0.660392821 -0.321370274 -0.678677022
vn -0.660958409 -0.22441186 -0.716081917
vn -0.659970582 -0.224585742 -0.716938019
vn -0.660651445 -0.123248413 -0.740506232
vn -0.659503758 -0.123310797 -0.741518199
vn -0.660198331 -0.0194668528 -0.750838995
vn -0.659762025 -0.019437056 -0.751223147
vn -0.66048342 0.0844195932 -0.746079743
vn -0.660120904 0.0844882578 -0.746392727
vn -0.660865426 0.186953261 -0.726846159
vn -0.660224736 0.187150285 -0.727377534
vn -0.660987616 0.285258055 -0.694062829
vn -0.66008836 0.285634696 -0.694763422
vn -0.660875738 0.378861606 -0.64784807
vn -0.660038114 0.379299492 -0.648445547
vn -0.660827518 0.464909732 -0.589207888
vn -0.660245478 0.465268612 -0.589577019
vn -0.661073625 0.541442573 -0.519443572
vn -0.659866869 0.542284727 -0.520098984
vn -0.660708666 0.608608842 -0.439385206
vn -0.659184277 0.609775782 -0.440056324
vn -0.394135892 -0.695640147 -0.600617766
vn -0.394323915 -0.60591799 -0.690921128
vn -0.393642545 -0.606072605 -0.69117403
vn -0.394017875 -0.50441277 -0.768321335
vn -0.394013286 -0.504413545 -0.768323183
vn -0.394568115 -0.393244326 -0.830466688
vn -0.394361466 -0.393268436 -0.830553412
vn -0.395105839 -0.27461192 -0.87662971
vn -0.39378041 -0.274688184 -0.877202034
vn -0.394651175 -0.150729015 -0.906383574
vn -0.393194824 -0.150724903 -0.907016993
vn -0.394033968 -0.0237707198 -0.918788433
vn -0.393532753 -0.0237391349 -0.919004023
vn -0.394356698 0.103363596 -0.913125813
vn -0.394002348 0.103406794 -0.913273871
vn -0.394806981 0.228937492 -0.88978374
vn -0.394158453 0.229053438 -0.890041351
vn -0.394926876 0.349334598 -0.849704742
vn -0.394047141 0.349538535 -0.85002923
vn -0.394790381 0.463890523 -0.793061256
vn -0.393961668 0.46412313 -0.793337226
vn -0.394677281 0.569201827 -0.721276045
vn -0.394284725 0.569329023 -0.721390307
vn -0.394985825 0.663030148 -0.635906637
vn -0.393774897 0.663467348 -0.63620156
vn -0.394465119 0.745135903 -0.537744999
vn -0.392969579 0.745720208 -0.538030028
vn -0.7737481 0.557054877 -0.301668316
vn -0.279705346 0.852789581 -0.44103837
vn -0.148897752 0.844895959 -0.513790131
vn -0.148453936 0.801972389 -0.578620553
vn -0.342212617 0.769584 -0.539102018
vn -0.149117559 0.768360376 -0.622403681
vn -0.394532174 0.863877177 -0.313146263
vn -0.394372255 0.863945723 -0.313158512
vn -0.660427272 0.705943525 -0.255889714
vn -0.660613179 0.705784023 -0.255849928
vn -0.829084277 0.525652051 -0.190549612
vn -0.829595566 0.524917781 -0.190348417
vn -0.829742372 0.471482784 -0.298716605
vn -0.829477787 0.493733197 -0.261140049
vn -0.66003269 0.664071202 -0.35123539
vn -0.659747541 0.664304733 -0.351329505
vn -0.393658966 0.812611938 -0.429760873
vn -0.393688768 0.812599659 -0.42975685
vn -0.148653522 0.874167264 -0.462313414
vn -0.14880763 0.929673553 -0.336991608
vn -0.1488543 0.929665923 -0.336992145
vn -0.100142188 0.510102153 0.8542642
vn -0.1491687 0.962778389 -0.225402996
vn -0.377823144 0.906311989 -0.189336389
vn -0.178160146 0.971015871 -0.159333318
vn -0.154474691 0.97847414 -0.136842713
vn -0.154436335 0.982218981 -0.106748946
vn -0.387202799 0.920200109 -0.0574950986
vn -0.240260154 0.969698012 -0.0442814864
vn -0.146339804 0.979548633 0.138090983
vn -0.207133383 0.97124517 0.117382064
vn -0.355816454 0.931398392 0.0767572448
vn -0.184490517 0.980713904 0.0645251647
vn -0.141497731 0.989931464 0.00375235733
vn -0.146263346 0.972636282 0.18051517
vn -0.393997699 0.8956635 0.206282973
vn -0.313284367 0.92321974 0.222526848
vn -0.141159266 0.902158141 0.407657683
vn -0.231603563 0.89566499 0.37966305
vn -0.375304818 0.864149332 0.335249513
vn -0.206634253 0.918252766 0.337807834
vn -0.120092891 0.952666759 0.27929157
vn -0.141037866 0.881484151 0.450659543
vn -0.399121106 0.798306942 0.451008201
vn -0.382569045 0.803424895 0.456233859
vn -0.136516333 0.749702871 0.647540689
vn -0.266412556 0.749770105 0.605697215
vn -0.405035198 0.723403573 0.559136629
vn -0.198741555 0.790890813 0.578786254
vn -0.0994884819 0.840710044 0.532267511
vn -0.406050175 0.635030031 0.65716064
vn -0.353697717 0.655445814 0.667299569
vn -0.136349842 0.718116403 0.682435036
vn -0.333216608 0.477527946 0.812978327
vn -0.748796284 0.310209364 0.585725427
vn -0.87294656 0.258457959 0.413719505
vn -0.706344306 0.413923174 0.574234605
vn -0.771689475 0.377640933 0.511744678
vn -0.744063139 0.464312196 0.480400056
vn -0.815519333 0.39691624 0.421171904
vn -0.842238545 0.341188371 0.417402327
vn -0.699585557 0.565390229 0.436937034
vn -0.836644709 0.419317245 0.352418303
vn -0.836861849 0.401294023 0.372324228
vn -0.832941771 0.525725782 0.172685951
vn -0.767108142 0.601172209 0.223912969
vn -0.700407624 0.665443182 0.258097857
vn -0.865008712 0.457190931 0.206727862
vn -0.754504323 0.571468949 0.322717369
vn -0.798588932 0.521860301 0.299862534
vn -0.855363011 0.421942651 0.300530344
vn -0.70030421 0.695652127 0.160131723
vn -0.807071865 0.571885407 0.146908417
vn -0.832878828 0.530499518 0.157743737
vn -0.831040442 0.556210935 0.00107814686
vn -0.831036806 0.555538893 0.0274662152
vn -0.700843334 0.710911393 0.0585111678
vn -0.861281335 0.50338912 0.0692377463
vn -0.790940762 0.59925741 0.123706318
vn -0.797258317 0.602787733 -0.0320326686
vn -0.744261205 0.666581094 -0.0417723469
vn -0.828893363 0.555554509 -0.0655361935
vn -0.828606725 0.552281499 -0.0916297361
vn -0.704122245 0.695060432 -0.145268142
vn -0.829989016 0.542256117 -0.130677059
vn -0.0354740955 0.523371339 0.851365983
vn -0.320501715 0.54627645 0.773860872
vn -0.400966614 0.535662353 0.743163228
vn -0.171764761 0.605392396 0.777172387
vn -0.0946084186 0.663224339 0.742416799
vn -0.39622128 0.445303261 0.802940667
vn -0.395275801 0.537107766 0.745165944
vn -0.395836532 0.537001312 0.74494499
vn -0.395249575 0.638316274 0.660552859
vn -0.395895213 0.638158321 0.660318851
vn -0.395262927 0.72678405 0.561740339
vn -0.395868182 0.726605594 0.561544955
vn -0.395245671 0.799768865 0.451830328
vn -0.395903796 0.799546182 0.451648235
vn -0.395280212 0.856366873 0.332248867
vn -0.395889342 0.856138527 0.332112134
vn -0.395284981 0.895124495 0.20615992
vn -0.395900786 0.894876122 0.20605661
vn -0.395303011 0.915445209 0.0754692033
vn -0.395902365 0.915191472 0.0754049644
vn -0.395291656 0.916768193 -0.057276845
vn -0.395925254 0.916492939 -0.0573051237
vn -0.395294726 0.899143457 -0.187838197
vn -0.395178169 0.899194241 -0.187840268
vn -0.663737535 0.37882328 0.64493835
vn -0.663029373 0.437747031 0.607264042
vn -0.662742317 0.437873513 0.607486129
vn -0.662924111 0.520283878 0.53836447
vn -0.662681222 0.520416737 0.538535058
vn -0.662741482 0.592514038 0.457931012
vn -0.662658572 0.592567384 0.457982033
vn -0.662579 0.652131379 0.368393451
vn -0.662585318 0.652126789 0.368390203
vn -0.662351489 0.698474705 0.270967811
vn -0.662498713 0.698358238 0.270908117
vn -0.662105799 0.730296493 0.168175235
vn -0.662420273 0.730032086 0.168084979
vn -0.661867142 0.747088671 0.0615665577
vn -0.662368059 0.746651232 0.061485488
vn -0.661669195 0.748335004 -0.0467825457
vn -0.6623469 0.747733831 -0.0468052402
vn -0.661531448 0.734057069 -0.153415635
vn -0.661227643 0.734324813 -0.153444096
vn -0.0773003623 -0.267111152 -0.960560381
vn -0.0810492337 -0.288193524 -0.954136014
vn -0.0698529631 -0.267242461 -0.961094201
vn -0.0661865175 -0.267309427 -0.961335003
vn -0.053984262 -0.26800862 -0.961902857
vn -0.0466309115 -0.310794353 -0.949332595
vn -0.0318200402 -0.257657796 -0.96571213
vn -0.0226788875 -0.270126581 -0.962557673
vn -0.0198768061 -0.267857909 -0.963253379
vn -0.00623255782 -0.267905653 -0.963424981
vn -0.00318363658 -0.285392404 -0.958405495
vn 0.0315529667 -0.311891317 -0.949593723
vn 0.0313213393 -0.313060522 -0.949216545
vn 0.020707719 -0.2678487 -0.963238418
vn 0.00877241325 -0.267895848 -0.963407934
vn 0.0422180034 -0.267651409 -0.962590456
vn 0.0696983784 -0.267238766 -0.96110642
vn 0.0697007701 -0.267261207 -0.961100042
vn 0.00251358165 0.941708148 -0.336421579
vn 0.0409238376 0.942712069 -0.331087828
vn 0.0696608648 0.91988939 -0.385941505
vn 0.0206729546 -0.191874012 -0.981201828
vn -0.019841291 -0.190080792 -0.981567919
vn -0.0800734162 0.937121034 -0.33969453
vn -0.0744978935 0.88788867 -0.453986496
vn -0.0772100538 0.885591567 -0.458002418
vn -0.0769724473 0.821646631 -0.564776063
vn -0.0713823289 0.81694591 -0.572279572
vn -0.0773456246 0.85186094 -0.518025637
vn -0.077214703 0.649513125 -0.756419599
vn -0.0655951574 0.636004925 -0.76889205
vn -0.0773171186 0.683600008 -0.725750029
vn -0.0771695077 0.741792321 -0.666174889
vn -0.0681953952 0.732718825 -0.677105963
vn -0.077126205 0.774733603 -0.627566278
vn -0.0771859139 0.434041113 -0.897580445
vn -0.0594579428 0.409182429 -0.910513282
vn -0.0771306381 0.466887355 -0.880946696
vn -0.076999329 0.546360135 -0.834003448
vn -0.0626496151 0.527796447 -0.847057223
vn -0.0773560181 0.580951154 -0.810254157
vn -0.0671576634 0.189729288 -0.979536951
vn -0.0773126855 0.217111379 -0.973080337
vn -0.0772028565 0.31444326 -0.946131647
vn -0.0568876527 0.284262359 -0.957057297
vn -0.077306658 0.344829828 -0.935476363
vn -0.0678621978 0.0615937077 -0.995791614
vn -0.0771690235 0.0844104141 -0.993438363
vn -0.0772061422 0.153415516 -0.985141039
vn -0.0771952495 -0.181729332 -0.980313897
vn -0.0772807971 -0.113226481 -0.990559161
vn -0.0688408762 -0.0675597936 -0.995337427
vn -0.0772845075 -0.0488200858 -0.995813072
vn -0.0773450211 0.0201297347 -0.996801138
vn -0.0538938642 -0.191489324 -0.980013907
vn -0.0660739094 -0.191496819 -0.979266644
vn -0.0723480731 -0.191413283 -0.978839457
vn -0.0695950165 -0.164592415 -0.983903408
vn -0.0811086595 -0.240659639 -0.967214704
vn -0.00621765247 -0.181382149 -0.983393013
vn 0.0315292627 -0.178070769 -0.983512461
vn 0.0696296766 -0.203896686 -0.976513088
vn 0.0660634488 -0.191497788 -0.97926718
vn 0.0696773529 -0.14434579 -0.987071097
vn 0.0696394369 -0.0967524722 -0.992869258
vn 0.0635571852 -0.0675852597 -0.995687068
vn 0.0696937814 -0.0322799906 -0.997046053
vn 0.0701386258 0.0615877025 -0.995634258
vn 0.0624309666 0.0813710019 -0.994726658
vn 0.0697119683 0.0153178209 -0.997449577
vn 0.0652090982 0.18975167 -0.979664266
vn 0.0613838993 0.202641159 -0.977327287
vn 0.069333896 0.155249655 -0.985439181
vn 0.0635387301 0.314748377 -0.947046101
vn 0.0696742907 0.284213543 -0.956225991
vn 0.0697039738 0.238351092 -0.968674421
vn 0.0667157471 0.418447554 -0.905787289
vn 0.0696901083 0.38958326 -0.918350816
vn 0.0696623772 0.345214069 -0.93593502
vn 0.0576870032 0.461900115 -0.885053933
vn 0.0691562817 0.434293628 -0.898112714
vn 0.0697153881 0.531429768 -0.844228745
vn 0.0647192672 0.546843231 -0.83472985
vn 0.0696952492 0.585591197 -0.80760479
vn 0.0691292062 0.768287718 -0.636360884
vn 0.0640758425 0.742479146 -0.666797519
vn 0.0661964715 0.73679924 -0.672863245
vn 0.0696709231 0.706715643 -0.704058945
vn 0.0695312396 0.649881005 -0.756848812
vn 0.0581862442 0.672718227 -0.7376073
vn 0.069673948 0.623380244 -0.778808475
vn 0.0703430176 0.808736622 -0.583949447
vn 0.0643021315 0.822386861 -0.565283179
vn 0.0696681887 0.84661144 -0.527631879
vn 0.0695193112 0.888209105 -0.454149395
vn 0.0591045991 0.900954127 -0.429870039
vn 0.0696552694 0.870789826 -0.486696273
vn 0.0659588575 0.940413177 -0.333575338
vn 0.0687685087 0.937344909 -0.341548622
vn 0.0726968721 0.956841171 -0.281371891
vn -0.0169204045 0.933073401 -0.359287798
vn -0.0543027632 0.934570968 -0.351608187
vn -0.0792522579 0.937625527 -0.338492841
vn -0.0465307273 0.942822695 -0.33003071
vn -0.0465510897 0.889397621 -0.454758048
vn -0.046551574 0.889398158 -0.454756886
vn -0.0465515554 0.82319814 -0.565842509
vn -0.0465514176 0.823197961 -0.565842867
vn -0.046551425 0.743204415 -0.667443037
vn -0.0465508364 0.743203342 -0.667444229
vn -0.0465507992 0.650751829 -0.75786221
vn -0.0465502478 0.650750697 -0.757863164
vn -0.0465500988 0.547392964 -0.835580051
vn -0.0465515181 0.547396123 -0.835577905
vn -0.0465515554 0.434867918 -0.899290204
vn -0.0465495735 0.43486318 -0.899292588
vn -0.0465494357 0.315042675 -0.947935283
vn -0.0465527736 0.315051109 -0.947932303
vn -0.0465528965 0.189952433 -0.980688989
vn -0.0465506166 0.189946473 -0.980690241
vn -0.0465505943 0.0616691038 -0.997010529
vn -0.0465497971 0.0616669804 -0.997010708
vn -0.0465497375 -0.0676470399 -0.996622801
vn -0.0465506464 -0.0676446185 -0.99662292
vn -0.0465958118 -0.178877041 -0.982767463
vn -0.0317681916 -0.194789231 -0.980330527
vn -0.0328296684 0.941204607 -0.336238086
vn -0.00766979298 0.941684723 -0.336409032
vn -0.00766969612 0.890337229 -0.455237031
vn -0.007669935 0.890337527 -0.455236465
vn -0.00767003885 0.824067116 -0.566440284
vn -0.00767047377 0.824067771 -0.566439331
vn -0.00767068332 0.743988037 -0.668148875
vn -0.00766923837 0.743985474 -0.668151736
vn -0.00766911032 0.651437759 -0.758663297
vn -0.00766963838 0.651438832 -0.758662403
vn -0.00766962627 0.54797405 -0.836460173
vn -0.00766939158 0.547973573 -0.836460471
vn -0.00766935572 0.435322285 -0.900242031
vn -0.00767071499 0.435325533 -0.900240421
vn -0.00767076761 0.315383762 -0.948933184
vn -0.00766867213 0.315378517 -0.948934972
vn -0.00766857341 0.190147012 -0.981725693
vn -0.00766916573 0.190148547 -0.981725395
vn -0.00766916387 0.0617320873 -0.998063266
vn -0.00767095014 0.0617367961 -0.998062968
vn -0.0076710647 -0.0677160397 -0.997675121
vn -0.00767042767 -0.0677177161 -0.997675061
vn -0.00767559558 -0.184794068 -0.982747316
vn 0.00875747483 -0.191907674 -0.981373906
vn 0.0184106641 0.941551626 -0.336365283
vn 0.0312916487 0.937295616 -0.347127914
vn 0.0312701538 0.889928281 -0.455027223
vn 0.0312705636 0.889927804 -0.455028206
vn 0.0312706381 0.823688984 -0.566178977
vn 0.0312703922 0.823689342 -0.566178441
vn 0.0312704295 0.743643522 -0.667844653
vn 0.0312700346 0.743644238 -0.667843878
vn 0.0312701054 0.651139379 -0.758313715
vn 0.0312702544 0.651139081 -0.758313954
vn 0.0312702395 0.547721684 -0.836076021
vn 0.0312691517 0.547724128 -0.836074471
vn 0.0312690027 0.43512544 -0.899826705
vn 0.0312700234 0.435122997 -0.899827838
vn 0.0312699303 0.315233558 -0.948498785
vn 0.0312707722 0.315231413 -0.948499501
vn 0.031270802 0.190061152 -0.981274128
vn 0.0312699415 0.190063402 -0.981273711
vn 0.0312700011 0.0617084205 -0.997604251
vn 0.0312695727 0.0617095605 -0.997604191
vn 0.0312695839 -0.067686595 -0.997216523
vn 0.0312705152 -0.0676890612 -0.997216284
vn 0.0313016884 -0.178426564 -0.983455241
vn 0.0421471372 -0.191746518 -0.980539083
vn -0.0772443414 -0.323795825 -0.942968488
vn -0.0771526992 -0.671580732 -0.736903489
vn -0.0809523314 -0.759036422 -0.645995677
vn -0.0771813989 -0.756588042 -0.649320841
vn -0.0697312206 -0.759686112 -0.646540463
vn -0.0554024167 -0.760370195 -0.647122681
vn -0.046593342 -0.751992762 -0.657522619
vn -0.0331988037 -0.763392031 -0.645081758
vn -0.0107628601 -0.758002937 -0.652162373
vn -0.00767479977 -0.754158139 -0.65664798
vn 0.005900166 -0.76152426 -0.648109555
vn 0.0226812754 -0.761341572 -0.647954106
vn 0.03129806 -0.752506852 -0.657840312
vn 0.0391943194 -0.758610308 -0.650364697
vn 0.0695671067 -0.671956599 -0.737315893
vn 0.069565326 -0.571807384 -0.817433178
vn 0.0695676282 -0.462192684 -0.884046495
vn 0.0695678666 -0.344951481 -0.936038911
vn 0.0695676804 -0.344951928 -0.936038733
vn 0.0312715881 -0.345620573 -0.937853158
vn -0.06809894 -0.344988376 -0.936133325
vn -0.046552401 -0.345416218 -0.937294245
vn -0.0465527959 -0.345415205 -0.937294602
vn -0.0226343498 -0.345701516 -0.938071489
vn -0.00767511176 -0.354387909 -0.935066998
vn -0.00317710685 -0.34578535 -0.938308239
vn 0.031270545 -0.34561798 -0.937854111
vn 0.0695652142 -0.462198466 -0.884043694
vn 0.0312722139 -0.463094294 -0.885757148
vn 0.0312716141 -0.463092893 -0.885757923
vn -0.00767107774 -0.463305861 -0.886165261
vn -0.00767097669 -0.463306099 -0.886165142
vn -0.0465521775 -0.46281743 -0.885230422
vn -0.046552822 -0.462815881 -0.885231197
vn -0.0771516934 -0.461937219 -0.883550584
vn -0.0772917122 -0.383758008 -0.920193374
vn 0.0695670322 -0.571803629 -0.817435682
vn 0.0312714465 -0.572911978 -0.819020152
vn 0.0312720984 -0.572913408 -0.819019139
vn -0.0076697534 -0.573176861 -0.819395781
vn -0.00767104886 -0.573174059 -0.819397748
vn -0.0465528592 -0.572569489 -0.81853348
vn -0.0465520509 -0.572571278 -0.818532228
vn -0.0771499202 -0.571484268 -0.816978335
vn -0.0771495849 -0.461934298 -0.883552313
vn 0.0666521415 -0.759842336 -0.646681607
vn 0.0695330873 -0.765578866 -0.639573455
vn 0.0695665926 -0.671957612 -0.737314999
vn 0.0312709212 -0.673260093 -0.738744199
vn 0.0312714614 -0.673261166 -0.738743186
vn -0.00766870612 -0.673570812 -0.739082932
vn -0.00766983675 -0.673568547 -0.739084959
vn -0.0465527922 -0.672858119 -0.73830539
vn -0.0465528928 -0.672857881 -0.738305569
vn -0.0771524087 -0.671580434 -0.736903846
vn -0.0771524608 -0.571487486 -0.816975832
vn 0.0697986633 0.910508156 0.407557428
vn 0.0697036088 0.997567475 0.000705647632
vn 0.0184090398 0.977654815 -0.209409192
vn -0.0169470422 0.977680326 -0.209413484
vn -0.0543721579 0.975550234 -0.212944612
vn -0.0772893652 0.574972928 0.814513683
vn -0.0771377906 0.645564735 0.759799898
vn -0.0608379319 0.664978504 0.744380474
vn -0.0772847608 0.61268729 0.786537528
vn -0.0772993267 0.775556028 0.626528263
vn -0.0724447221 0.754799426 0.651942968
vn -0.0661928356 0.742334366 0.666751981
vn -0.075662002 0.722808361 0.686894
vn -0.0773110688 0.698644638 0.711279631
vn -0.0759562254 0.908650339 0.410591304
vn -0.0671900585 0.892946243 0.445120722
vn -0.0715489611 0.888102233 0.45404315
vn -0.0773048624 0.8669734 0.492322117
vn -0.0771375597 0.824490726 0.560593247
vn -0.0556420349 0.843592823 0.534092784
vn -0.0772670209 0.80457598 0.588801563
vn -0.0772886351 0.969250858 0.233621895
vn -0.0772869587 0.956741452 0.280486256
vn -0.0669546872 0.944646358 0.321185857
vn -0.0772425383 0.935703337 0.34422791
vn -0.077310957 0.917942882 0.389106452
vn -0.0648581535 0.981139839 0.182093531
vn -0.0698035508 0.979028523 0.191391215
vn -0.077302523 0.987245798 0.139176354
vn -0.0704127252 0.99581939 0.058187671
vn -0.0743131936 0.995083451 0.0654708445
vn -0.077309303 0.989804566 0.119625106
vn -0.0773092061 0.98739773 -0.1380907
vn -0.0758646205 0.991280973 -0.107733659
vn -0.0662727207 0.99489671 -0.0760821253
vn -0.0772585422 0.99597317 -0.0454811044
vn -0.0773039237 0.997000396 0.00377915241
vn -0.0792365894 0.975412726 -0.205649197
vn -0.0646896958 0.971632659 -0.227475747
vn -0.0772962719 0.983850956 -0.161439121
vn 0.0408439934 0.980879903 -0.190279827
vn 0.0696972087 0.984371126 -0.161727548
vn 0.0695496202 0.994674325 -0.0760648102
vn 0.0581152737 0.997192621 -0.0472177267
vn 0.0696808472 0.991013229 -0.114181466
vn 0.0663381591 0.996098042 0.0582064018
vn 0.0663387775 0.996098101 0.0582045689
vn 0.0697205961 0.990858138 0.115495302
vn 0.0696588084 0.971040845 0.228532925
vn 0.0631204844 0.979465723 0.191475078
vn 0.0658451542 0.981544197 0.17954208
vn 0.0697135627 0.987396836 0.142082661
vn 0.0693466663 0.944490433 0.321136743
vn 0.0621895567 0.938886523 0.338562399
vn 0.069676131 0.958907723 0.275029421
vn 0.0623246245 0.890395701 0.450900316
vn 0.0640853718 0.893130481 0.445208967
vn 0.0696749091 0.870754421 0.486756742
vn 0.0695687234 0.824953198 0.560903192
vn 0.05851404 0.809473395 0.584233642
vn 0.0696616024 0.846353173 0.528046906
vn 0.0696986243 0.703289568 0.707478523
vn 0.0676875636 0.72534126 0.685053587
vn 0.0630400553 0.742482603 0.666892469
vn 0.0678952858 0.757422864 0.649384975
vn 0.069723472 0.78007561 0.621788323
vn 0.0696547851 0.668580711 0.740370154
vn 0.0630769208 0.646205604 0.760552168
vn 0.0696849748 0.617207527 0.783708394
vn 0.0697056428 0.57902503 0.812324524
vn 0.0657420382 0.547920406 0.833943188
vn 0.0759656057 0.526203871 0.846958518
vn 0.0217463616 0.563929021 0.825536907
vn 0.0412470475 0.542101443 0.839300156
vn 0.0570883602 0.541678309 0.838645041
vn -0.0125011792 0.555063367 0.831714153
vn -0.0465451926 0.646792233 0.761244595
vn -0.0465421639 0.646798253 0.761239648
vn -0.0465422124 0.743159771 0.667493343
vn -0.0465449989 0.743154883 0.667498589
vn -0.0465449281 0.826058447 0.561659157
vn -0.0465438403 0.826060057 0.561656892
vn -0.046543736 0.893998802 0.445645392
vn -0.0465436056 0.893998981 0.445645094
vn -0.0465436615 0.945744812 0.32155934
vn -0.0465438738 0.945744634 0.321559846
vn -0.0465437919 0.980358839 0.19165127
vn -0.0465428345 0.980359375 0.191648856
vn -0.046542991 0.997215331 0.05826924
vn -0.0465434901 0.997215271 0.0582705177
vn -0.0465435237 0.996008158 -0.0761671215
vn -0.0465442799 0.996008277 -0.0761651769
vn -0.0465738699 0.978862762 -0.199144498
vn -0.0328223035 0.977293909 -0.209330708
vn 0.00251550088 0.977817416 -0.209444016
vn -0.00767410686 0.980298877 -0.197370827
vn -0.00766817667 0.997059464 -0.0762470141
vn -0.00766874617 0.997059584 -0.0762455687
vn -0.0076686712 0.998267889 0.0583301149
vn -0.00766942371 0.99826777 0.0583320223
vn -0.00766958063 0.981393456 0.191854194
vn -0.00766835688 0.981394053 0.191851139
vn -0.00766814407 0.94674325 0.321898192
vn -0.00766859017 0.946742892 0.321899265
vn -0.00766860088 0.894943058 0.446114391
vn -0.00766906608 0.894942582 0.446115464
vn -0.00766902464 0.826931655 0.562250137
vn -0.00766881881 0.826931953 0.56224972
vn -0.00766888307 0.743941069 0.668201208
vn -0.00766993407 0.743939281 0.668203175
vn -0.00766994245 0.647478998 0.762044728
vn -0.00766895711 0.647480905 0.762043118
vn -0.0076721753 0.544806004 0.838527024
vn -0.0465480536 0.539461851 0.840722442
vn -0.0408777967 0.553224087 0.832028925
vn -0.0674271062 0.538012683 0.840235651
vn -0.0726831034 0.5223158 0.849648952
vn 0.0059051672 0.542549729 0.840002954
vn 0.0312747434 0.542293787 0.839606643
vn 0.0312667489 0.647181451 0.761694551
vn 0.0312652029 0.647178471 0.761697114
vn 0.0312651731 0.743599236 0.667894185
vn 0.0312648118 0.74359864 0.66789484
vn 0.0312648043 0.826551735 0.561991811
vn 0.0312653743 0.82655251 0.561990559
vn 0.0312652774 0.894531846 0.445909411
vn 0.0312659405 0.894532621 0.445907891
vn 0.031265758 0.946308196 0.321750283
vn 0.0312640816 0.946306884 0.321754366
vn 0.0312642306 0.980942547 0.191766039
vn 0.0312650986 0.980942965 0.191763863
vn 0.0312649645 0.997809231 0.0583033115
vn 0.0312644765 0.997809172 0.058304552
vn 0.0312644653 0.996601343 -0.0762119815
vn 0.0312645398 0.996601343 -0.0762121752
vn 0.0312441736 0.975407541 -0.218183205
vn 0.0647563487 0.976687968 -0.204663739
vn 0.0726152807 0.971102178 -0.227348968
vn -0.862188816 0.256061852 0.437107295
vn -0.862334967 0.474492282 0.176735654
vn -0.862333477 0.48975876 -0.128519833
vn -0.8671031 0.497143596 -0.0313119255
vn -0.861474991 0.504303575 -0.0594875924
vn -0.866015792 0.492214143 -0.0879877806
vn -0.872447968 0.482117176 -0.0799848735
vn -0.857101083 0.500811696 -0.120686963
vn -0.866265476 0.498932242 0.0255108997
vn -0.862293065 0.506408632 0.000983792706
vn -0.862039506 0.506127238 -0.0268914234
vn -0.869855583 0.486600131 0.0810653567
vn -0.857962132 0.508921564 0.0699983984
vn -0.867146671 0.497445136 0.0245970357
vn -0.862179875 0.481301814 0.158096269
vn -0.867977083 0.476005614 0.141543046
vn -0.87082696 0.472571075 0.135414049
vn -0.862321496 0.490436882 0.125989527
vn -0.862180233 0.496139646 0.102424182
vn -0.860507309 0.441708803 0.253811955
vn -0.863796175 0.409761786 0.293174744
vn -0.865055442 0.408622533 0.291044086
vn -0.8553738 0.274466336 0.439322084
vn -0.878358185 0.283821017 0.384619921
vn -0.862175584 0.289300323 0.415882915
vn -0.862166286 0.320631444 0.392255992
vn -0.870211065 0.325521141 0.369822562
vn -0.856661141 0.353808671 0.375434577
vn -0.868323386 0.367936015 0.33262229
vn -0.874061763 0.356135428 0.330429465
vn -0.860694468 0.389748067 0.327569097
vn -0.865580201 0.260018468 0.427973509
vn -0.854932725 0.29622677 0.42583999
vn -0.864834964 0.295691282 0.405742705
vn -0.858538747 0.338781416 0.384887487
vn -0.860402048 0.337994188 0.381402969
vn -0.863767505 0.373790443 0.337914795
vn -0.854060531 0.380689889 0.354479581
vn -0.876116931 0.439278364 0.198629498
vn -0.852522075 0.482831597 0.200199187
vn -0.867747426 0.434473127 0.241345212
vn -0.859652877 0.446600825 0.248082012
vn -0.864508212 0.408767402 0.292463273
vn -0.852720499 0.430084646 0.296470761
vn -0.863928258 0.392741561 0.315249205
vn -0.865629315 0.493878782 0.0822779462
vn -0.858642817 0.492432773 0.142275959
vn -0.859929144 0.490666538 0.140599266
vn -0.862801433 0.475482702 0.171726197
vn -0.855421543 0.478435695 0.198376477
vn -0.864428878 0.460620552 0.201472998
vn -0.859009445 0.447269797 0.249103397
vn -0.868117511 0.483048767 -0.114174664
vn -0.840259612 0.537153661 -0.0736864433
vn -0.873113215 0.479910135 -0.0857883245
vn -0.850669622 0.525260389 -0.0215120763
vn -0.866030574 0.499002278 -0.0314289927
vn -0.860598683 0.509132266 0.0124209998
vn -0.853314579 0.52071625 0.0266247373
vn -0.867295802 0.495774418 0.0447856002
vn -0.851238489 0.515740991 0.0969758406
vn -0.863033652 0.326704681 -0.385275155
vn -0.862239957 0.485361487 -0.144797996
vn -0.862471998 0.0897359774 -0.498085886
vn -0.861722827 0.0549095273 -0.504399359
vn -0.86457783 0.0523877442 -0.499760598
vn -0.85918653 -0.0133047262 -0.511489451
vn -0.864127576 -0.016464876 -0.503003359
vn -0.859843314 -0.0838738754 -0.503621519
vn -0.863464475 -0.0852820426 -0.497147918
vn -0.860322654 -0.152485773 -0.486408263
vn -0.862784505 -0.152809456 -0.481925517
vn -0.860807657 -0.217838526 -0.459952742
vn -0.862259448 -0.217654124 -0.45731318
vn -0.861464262 -0.278706074 -0.424502403
vn -0.861782014 -0.278584629 -0.423936695
vn -0.862188637 -0.334056705 -0.380837113
vn -0.861011565 -0.334797204 -0.382844478
vn -0.86265415 -0.382885456 -0.330494374
vn -0.860284925 -0.384927601 -0.334276259
vn -0.862295449 -0.404723495 -0.304377139
vn -0.865468383 0.185245082 -0.465455413
vn -0.862257123 0.15734601 -0.481409311
vn -0.861525476 0.124005608 -0.492337793
vn -0.866222382 0.246505335 -0.434619308
vn -0.862488806 0.221672729 -0.454944283
vn -0.861761928 0.190106347 -0.4703466
vn -0.866623461 0.303196192 -0.396277428
vn -0.862466395 0.28252548 -0.419917941
vn -0.861756444 0.253166676 -0.439638972
vn -0.866937041 0.35414508 -0.350715667
vn -0.862254977 0.337590486 -0.377556652
vn -0.861560464 0.311501145 -0.400849819
vn -0.867751658 0.397637665 -0.298146546
vn -0.862605989 0.385743231 -0.327281415
vn -0.861914694 0.362976998 -0.354049057
vn -0.854538441 0.488275915 -0.17706129
vn -0.897798836 0.400832653 -0.182456732
vn -0.862177789 0.472498357 -0.182742447
vn -0.861787677 0.446060956 -0.241560757
vn -0.868118763 0.434109479 -0.240663111
vn -0.86262244 0.427304953 -0.270726919
vn -0.861950815 0.408329517 -0.300512493
vn -0.862026095 0.451521873 -0.230302051
vn -0.862332523 0.4615466 -0.208224356
vn -0.85329473 0.486323446 -0.188089415
vn -0.858016133 0.480433792 -0.18163614
vn -0.862995803 0.483098418 -0.147831574
vn -0.838040233 0.470727205 -0.275870442
vn -0.855554283 0.452787846 -0.251018077
vn -0.862326384 0.427538991 -0.271299958
vn -0.861975253 0.414619207 -0.291701138
vn -0.848743856 0.423085093 -0.317226887
vn -0.862321079 0.393196166 -0.319059789
vn -0.859399199 0.363302141 -0.359784037
vn -0.849104643 0.370223075 -0.376770705
vn -0.862190425 0.377697051 -0.337598354
vn -0.844033599 0.316154808 -0.43318978
vn -0.862397552 0.307613194 -0.402050436
vn -0.861588895 0.258839577 -0.436653882
vn -0.850995541 0.259092718 -0.456812441
vn -0.862336278 0.227935597 -0.45212999
vn -0.862038791 0.138807267 -0.487464577
vn -0.86233151 0.161715761 -0.479825348
vn -0.852817059 0.193101466 -0.485195756
vn -0.844430327 0.191683114 -0.500194967
vn -0.862089038 0.206109166 -0.46294874
vn -0.865145683 0.119994961 -0.486954004
vn -0.862058282 0.121260293 -0.492088854
vn -0.834434748 0.114257343 -0.539132535
vn -0.862196207 0.0097424686 -0.506480753
vn -0.862323463 0.0224948507 -0.505857944
vn -0.855990112 0.0538987368 -0.514174938
vn -0.854233027 0.0528766066 -0.517194331
vn -0.862228334 0.0812623128 -0.499958694
vn -0.850015342 -0.0233165566 -0.526241601
vn -0.858573973 -0.0167729557 -0.51241529
vn -0.862312198 -0.0490409434 -0.50399667
vn -0.861906588 -0.073133707 -0.50176537
vn -0.849495769 -0.0892021358 -0.519999981
vn -0.862330139 -0.107197188 -0.494869173
vn -0.862324238 -0.172504246 -0.476066411
vn -0.849004328 -0.159704998 -0.503672421
vn -0.851840377 -0.155414864 -0.500214159
vn -0.862141848 -0.130948797 -0.48945263
vn -0.85035187 -0.288983673 -0.43976143
vn -0.862831712 -0.26753363 -0.428890616
vn -0.860654235 -0.218824342 -0.459771931
vn -0.846835077 -0.237038374 -0.476112515
vn -0.862169683 -0.195105895 -0.467543721
vn -0.862965405 -0.38939774 -0.321962953
vn -0.820947111 -0.413522959 -0.393757045
vn -0.861488819 -0.383389592 -0.332940608
vn -0.862331569 -0.34962818 -0.36625731
vn -0.849539816 -0.347264677 -0.397101194
vn -0.864127755 -0.319863379 -0.388549358
vn -0.861180663 -0.296752304 -0.412681341
vn 0.0994885489 0.954620123 -0.280717671
vn 0.336996436 0.886132598 -0.31812337
vn 0.383278906 0.870491803 -0.308773816
vn 0.125256434 0.841989756 -0.524751425
vn 0.272609025 0.839848459 -0.46940273
vn 0.406016201 0.804898024 -0.432770133
vn 0.0975448862 0.89822787 -0.428569317
vn 0.173885167 0.90808171 -0.380987555
vn 0.222471729 0.790427029 -0.570728898
vn 0.355766028 0.751155615 -0.556053698
vn 0.146310404 0.761842549 -0.631022334
vn 0.146290615 0.73047477 -0.667087436
vn 0.349535823 0.671396255 -0.653491974
vn 0.274896175 0.681144059 -0.678582966
vn 0.392295688 0.568013668 -0.723508477
vn 0.308016151 0.594517469 -0.74274832
vn 0.0782390758 0.671794295 -0.7365942
vn 0.147052974 0.414822936 -0.897940636
vn 0.147241905 0.457627982 -0.876867414
vn 0.411590278 0.453760415 -0.790376425
vn 0.0730286613 0.531303525 -0.844028056
vn 0.192904368 0.57599318 -0.794367552
vn 0.254318208 0.377692848 -0.890320361
vn 0.404628009 0.336411357 -0.85035497
vn 0.219739482 0.337597072 -0.915282905
vn 0.102227591 0.28341341 -0.95353359
vn 0.335532397 0.227588877 -0.914123237
vn 0.315946251 0.226694286 -0.921296716
vn 0.15719232 0.0151645355 -0.987451553
vn 0.125736237 0.0808831677 -0.988761008
vn 0.391736537 0.101207219 -0.914494157
vn 0.147331461 0.153926104 -0.977036417
vn 0.147789598 0.200794876 -0.968421221
vn 0.357399911 -0.0302203838 -0.933462381
vn 0.368950903 -0.0312385056 -0.928923786
vn 0.0823051333 -0.0966588408 -0.991908729
vn 0.22296904 -0.141054153 -0.964566529
vn 0.387612015 -0.162974194 -0.907301664
vn 0.128432259 -0.202700138 -0.970782042
vn 0.155771509 -0.264642388 -0.951682508
vn 0.315848142 -0.290630639 -0.903201938
vn -0.05963609 -0.345173806 -0.93664217
vn 0.370388061 -0.399669528 -0.838496864
vn -0.0111160427 -0.463286579 -0.886138797
vn 0.318767577 -0.526587903 -0.788094163
vn 0.0630260408 -0.572056472 -0.817789197
vn 0.239265516 -0.649934828 -0.721343696
vn 0.162077859 -0.664682329 -0.729334056
vn 0.13605234 -0.755078971 -0.64136225
vn 0.149058342 -0.753028214 -0.640882313
vn 0.703096092 -0.476064742 -0.528221786
vn 0.807063162 -0.408208042 -0.426632404
vn 0.756854713 -0.363194376 -0.543379068
vn 0.788324714 -0.344720542 -0.509619296
vn 0.851402462 -0.334632993 -0.403899223
vn 0.700759172 -0.307110846 -0.643909574
vn 0.829932213 -0.259255439 -0.493962735
vn 0.829864919 -0.2828767 -0.480941772
vn 0.83137852 -0.135867178 -0.538841188
vn 0.819515944 -0.171789467 -0.546701014
vn 0.788835108 -0.188504651 -0.584983051
vn 0.830829799 -0.198046759 -0.520095468
vn 0.827614784 -0.22487089 -0.514282882
vn 0.808897018 -0.11606618 -0.576380253
vn 0.710036397 -0.124807946 -0.693016112
vn 0.829821706 -0.0739350691 -0.55310899
vn 0.830170333 -0.0468890108 -0.555534601
vn 0.725127637 -0.0233695786 -0.688217819
vn 0.824159324 -0.00782671198 -0.566303909
vn 0.835281491 0.045375213 -0.547947049
vn 0.711047351 0.0771384984 -0.698900044
vn 0.822993398 0.086305134 -0.561456442
vn 0.828589141 0.17504774 -0.531787872
vn 0.838637888 0.14514038 -0.524995983
vn 0.750672281 0.159415662 -0.641153514
vn 0.8307513 0.113488652 -0.544951916
vn 0.830639958 0.0986207947 -0.548006594
vn 0.780869126 0.227704495 -0.581716478
vn 0.761068761 0.238402158 -0.603273332
vn 0.830830336 0.234275147 -0.504812896
vn 0.831024528 0.258349717 -0.492598861
vn 0.69056958 0.359921455 -0.627351701
vn 0.820210695 0.300028712 -0.487070024
vn 0.831238806 0.370527327 -0.414429218
vn 0.824658275 0.37183094 -0.426239967
vn 0.765589178 0.397126734 -0.506125987
vn 0.772875547 0.391142428 -0.499670863
vn 0.834060371 0.311850071 -0.455074579
vn 0.83137089 0.387899727 -0.39794001
vn 0.742885888 0.479564637 -0.467052758
vn 0.829945743 0.413058192 -0.37493062
vn 0.832207799 0.428120583 -0.352339208
vn 0.715946555 0.560999751 -0.41557166
vn 0.825545847 0.46044299 -0.3262918
vn 0.83527869 0.47728774 -0.272957712
vn 0.710242629 0.619974315 -0.333447576
vn 0.817121089 0.518059075 -0.252839684
vn 0.618073642 0.744604945 -0.252088308
vn 0.831355512 0.512191534 -0.215656757
vn 0.831219077 0.50546062 -0.231483132
vn 0.829755783 -0.43105799 -0.354534
vn 0.770408332 -0.485951334 -0.41270116
vn 0.829825461 -0.408418119 -0.380242527
vn 0.829873443 -0.398679316 -0.390339434
vn 0.746061206 0.625500679 -0.22834532
vn 0.663112581 0.708187044 -0.242389902
vn 0.662667394 0.659593999 -0.35469383
vn 0.663148224 0.659197569 -0.354532093
vn 0.662132919 0.602256 -0.445945889
vn 0.663599312 0.60113132 -0.445283204
vn 0.662859142 0.536487639 -0.522301435
vn 0.663828194 0.535798669 -0.521777689
vn 0.662517309 0.462482661 -0.589220285
vn 0.663286686 0.462005854 -0.588728607
vn 0.662069619 0.373045594 -0.650000632
vn 0.663155258 0.37248075 -0.649217367
vn 0.661869526 0.275652409 -0.697097182
vn 0.662997544 0.275189012 -0.696207762
vn 0.662011385 0.180991307 -0.727312267
vn 0.662912965 0.180704817 -0.726561844
vn 0.661332548 0.0823933557 -0.745553851
vn 0.662192106 0.0822325125 -0.744808316
vn 0.660707653 -0.0253405143 -0.750215471
vn 0.661810577 -0.0254072379 -0.749240458
vn 0.660241663 -0.132944018 -0.73919338
vn 0.661975503 -0.132826284 -0.737662256
vn 0.660714507 -0.230037168 -0.714520335
vn 0.662011683 -0.229815766 -0.713389933
vn 0.660445154 -0.323169082 -0.67777133
vn 0.661213338 -0.322939426 -0.677131474
vn 0.66020304 -0.417320818 -0.624480009
vn 0.660612941 -0.417150527 -0.624160171
vn 0.659959376 -0.502934217 -0.558131516
vn 0.660620809 -0.502588153 -0.55766058
vn 0.660604596 -0.572194576 -0.485998958
vn 0.660960376 -0.571979582 -0.485768199
vn 0.394962281 -0.700217724 -0.594726801
vn 0.394450158 -0.700357616 -0.594901919
vn 0.394624233 -0.615096509 -0.682589173
vn 0.393450856 -0.615370989 -0.683019042
vn 0.39440462 -0.510582089 -0.76403594
vn 0.393349081 -0.510770679 -0.764453948
vn 0.394820303 -0.395426005 -0.82931006
vn 0.393014401 -0.395642072 -0.830064476
vn 0.395121753 -0.281533092 -0.874424338
vn 0.392932445 -0.281644285 -0.875374556
vn 0.394871026 -0.16264379 -0.904225588
vn 0.391820461 -0.162657395 -0.905549169
vn 0.394011855 -0.0310345702 -0.918581247
vn 0.391892195 -0.0309105162 -0.919491708
vn 0.393913597 0.100957237 -0.913586199
vn 0.39188233 0.101200461 -0.914432466
vn 0.393872589 0.221954644 -0.891964436
vn 0.392242342 0.222260058 -0.892606497
vn 0.393619686 0.338026196 -0.854869485
vn 0.391563594 0.338491023 -0.855629444
vn 0.393161148 0.457668364 -0.79747349
vn 0.391345203 0.45817095 -0.798077881
vn 0.392796487 0.567798376 -0.723405778
vn 0.391386986 0.568252385 -0.723813117
vn 0.392824709 0.658908665 -0.641504526
vn 0.391293436 0.659470081 -0.641863465
vn 0.392168611 0.739275157 -0.547426701
vn 0.390245765 0.740018308 -0.547796667
vn 0.391315818 0.810503483 -0.435839444
vn 0.390706599 0.810753405 -0.435921192
vn 0.391642213 0.864331126 -0.315512359
vn 0.328680336 0.888796091 -0.31939128
vn 0.97768265 -0.159003049 0.137312084
vn 0.924580216 0.0590967312 0.376376063
vn 0.998885453 -0.0228691213 0.041289866
vn 0.982032359 0.0359462202 0.18525742
vn 0.981841922 0.0232518557 0.18827039
vn 0.989347637 -0.0231710412 0.143716097
vn 0.992344022 0.00723328255 0.123292565
vn 0.992091119 0.00227570487 0.125499144
vn 0.960329711 0.0615540482 0.271988839
vn 0.962238908 0.0127467848 0.271907598
vn 0.926611125 0.0951402634 0.363785893
vn 0.935592949 0.0466025807 0.349991471
vn 0.906515658 0.134080738 0.400314569
vn 0.907327533 0.150229916 0.392667413
vn 0.899059355 0.108839892 0.424082726
vn 0.883812606 0.184579089 0.429890543
vn 0.862228155 0.232725769 0.449890316
vn 0.861715198 0.231846452 0.45132491
vn 0.874076307 0.18748866 0.448150188
vn 0.86749357 0.158249497 0.471605748
vn 0.882522941 0.0279443543 0.469438374
vn 0.931781709 0.0334262028 0.361476809
vn 0.948763669 -0.00445748586 0.315955132
vn 0.963420749 -0.00105767418 0.267991275
vn 0.96207571 3.71940478e-05 0.272782624
vn 0.950031698 -0.027059434 0.310978293
vn 0.982457638 -0.0768063217 0.169934675
vn 0.980987012 -0.0668924898 0.182180792
vn 0.97775507 -0.0585295931 0.20141834
vn 0.979229391 -0.0557427332 0.194942445
vn 0.977536857 -0.15920651 0.138112009
vn 0.981686056 -0.094683677 0.165310353
vn 0.981245279 -0.0948591009 0.167807817
vn 0.980856895 -0.0978054181 0.168385878
vn 0.987747788 -0.0486612357 0.148278251
vn 0.988304079 -0.088130936 0.124450684
vn 0.984942496 -0.127236113 0.117043793
vn 0.981664896 -0.121254854 0.147075996
vn 0.982028246 -0.130384132 0.136456877
vn 0.916911125 -0.395253509 0.0552147217
vn 0.92462635 -0.334526092 0.18209441
vn 0.951850832 -0.302230835 0.0513465479
vn 0.951821208 -0.300396919 0.0616284348
vn 0.944946289 -0.320546836 0.0657742396
vn 0.943895638 -0.329478353 0.022473352
vn 0.921556532 -0.382275164 0.0678181574
vn 0.920245647 -0.390387654 0.0273016095
vn 0.887558639 -0.455691725 0.0677104145
vn 0.886024654 -0.462572575 0.0314162299
vn 0.922830224 -0.385013223 -0.0122154914
vn 0.862076223 -0.466252595 0.198577806
vn 0.862017751 -0.466321617 0.198669493
vn 0.998164296 -0.0603554547 0.00502989534
vn 0.998174906 -0.0600529574 0.00636181422
vn 0.994998693 -0.0861664712 0.0505266488
vn 0.995368481 -0.0957761407 0.00827594195
vn 0.989790261 -0.131294474 0.0554706976
vn 0.989908814 -0.141295224 0.0107815033
vn 0.980023265 -0.189663351 0.0598515607
vn 0.97974658 -0.199808225 0.0131648462
vn 0.97381866 -0.220348015 0.0558926426
vn 0.960112393 -0.279184967 0.0154903037
vn 0.96023941 -0.278559744 0.0185673703
vn 0.996774077 -0.00763784815 0.0798943266
vn 0.992837846 -0.0584354252 0.104203269
vn 0.990941465 0.00967781991 0.13394548
vn 0.986100912 -0.0696082413 0.150863096
vn 0.97678405 -0.00738729537 0.214098901
vn 0.972620726 -0.0594293401 0.224671066
vn 0.972898245 -0.0418469273 0.227415472
vn 0.960368872 -0.23648034 0.14754203
vn 0.959934771 -0.22855407 0.162136659
vn 0.973436058 -0.221948877 0.0562222116
vn 0.97678715 -0.162488535 0.139586315
vn 0.981883407 -0.180410072 0.0579411201
vn 0.985328794 -0.112279415 0.128532231
vn 0.990175247 -0.128600761 0.0549078211
vn 0.991214454 -0.0779087022 0.106883541
vn 0.997502148 -0.0553086586 0.04393664
vn 0.996172607 -0.0489248596 0.0724329948
vn 0.999234855 -0.0134209367 0.0367371999
vn 0.985731006 -0.168253705 0.00500338385
vn 0.055669684 -0.998448968 0.000723465579
vn 0.255777836 -0.966734707 0.00132241892
vn 0.354171842 -0.935174644 0.00326836365
vn 0.988899827 -0.148353487 0.00827060547
vn 0.526092291 -0.850425124 0.00200315495
vn 0.786139011 -0.618032932 0.00456229225
vn 0.757922888 -0.652334154 0.00361315324
vn 0.932173967 -0.361992121 0.00365632051
vn 0.988390207 -0.151778057 0.00694099767
vn 0.989698052 -0.143029481 0.00635228585
vn 0.972503304 -0.232518286 0.0131371468
vn 0.975317776 -0.220544472 0.0107419752
vn 0.987157464 -0.159594581 0.00704707298
vn 0.912857175 -0.408215195 0.00721652992
vn 0.932157993 -0.361995786 0.00636920333
vn 0.750816882 -0.660480142 0.00632425211
vn 0.786132812 -0.618032813 0.00553204212
vn 0.461640835 -0.887052894 0.00499001611
vn 0.52608192 -0.850424409 0.00401153415
vn 0.175578073 -0.984460115 0.00326037873
vn 0.255774438 -0.96673429 0.00207058457
vn -0.00703507382 -0.999973953 0.0016032065
vn 0.0361315086 -0.999347031 -5.73668376e-06
vn 0.697269976 -0.713324428 -0.0705892146
vn 0.796242237 -0.55907464 -0.231157675
vn 0.818133652 -0.48624903 -0.306951433
vn 0.747051179 -0.66204226 -0.0601213053
vn 0.494202077 -0.866393626 -0.0715989023
vn 0.552794814 -0.830983281 -0.0623271987
vn 0.19823654 -0.97765857 -0.0698997825
vn 0.264121771 -0.962494671 -0.0619971827
vn 0.816913605 -0.533864319 -0.218268305
vn 0.617857218 -0.728750288 -0.295254886
vn 0.643390357 -0.710423529 -0.285214394
vn 0.34340328 -0.871995687 -0.348851949
vn 0.373143733 -0.862304926 -0.342336088
vn -0.0570654534 -0.996358991 -0.0633428693
vn 0.0105092637 -0.998343825 -0.0565610714
vn 0.01503345 -0.991452992 -0.129595488
vn 0.187992677 -0.962306917 -0.196530148
vn 0.33483088 -0.92317003 -0.188799873
vn 0.272578478 -0.941570878 -0.197851494
vn 0.612375021 -0.7732656 -0.16449064
vn 0.558263183 -0.810451746 -0.177511141
vn 0.793899417 -0.593134463 -0.133847728
vn 0.749311984 -0.644989967 -0.150065109
vn 0.829146087 -0.473476082 -0.29721579
vn 0.646196544 -0.646591365 -0.405400604
vn 0.660325527 -0.637023628 -0.397707224
vn 0.377494693 -0.785518825 -0.490365118
vn 0.394343942 -0.780288815 -0.485429943
vn 0.398449033 -0.778784215 -0.484493047
vn 0.149227887 -0.81401974 -0.561340272
vn 0.0857532844 -0.974075615 -0.209339529
vn 0.0923116058 -0.938916504 -0.331533313
vn 0.374252528 -0.861889303 -0.342172265
vn 0.127861604 -0.900732994 -0.415128291
vn 0.129904419 -0.86258316 -0.488953114
vn -0.154537991 -0.987986863 1.70690128e-05
vn 0.0375393406 -0.999233484 0.0111008855
vn 0.10042619 -0.994912505 0.00797887798
vn 0.31516704 -0.948984325 0.0099256942
vn 0.404289126 -0.914577425 0.00992470328
vn 0.406780839 -0.913472712 0.0098488722
vn 0.536202967 -0.843965828 0.0144220535
vn 0.603471816 -0.797284365 0.0126242926
vn 0.603637278 -0.797126651 0.0145322774
vn 0.59023577 -0.807099521 0.0145644564
vn 0.684148133 -0.7288059 0.0279881954
vn 0.696648359 -0.71690762 -0.0269176215
vn -0.0603015088 -0.998165369 -0.00543865981
vn 0.194752991 -0.980836034 -0.00565040484
vn 0.101137564 -0.994810581 -0.0110945934
vn 0.491859406 -0.870601535 -0.0112804463
vn 0.407661021 -0.912977397 -0.0168749765
vn 0.593331993 -0.804783165 -0.0167696606
vn 0.634892702 -0.77258271 -0.00521085877
vn 0.184137285 0.74619329 0.639757037
vn 0.860535443 0.255310535 0.440789372
vn 0.747309268 0.647028446 -0.151271403
vn 0.680292785 0.717623889 -0.149055973
vn 0.763599634 0.637895525 -0.100024655
vn 0.763526082 0.642194271 -0.0679298118
vn 0.682196736 0.730027974 -0.0408264883
vn 0.761819541 0.647482991 -0.0199184064
vn 0.754287124 0.654992521 0.0451194346
vn 0.687981725 0.722885549 0.064169012
vn 0.75702107 0.647073805 0.0906343684
vn 0.757237077 0.641567409 0.122406244
vn 0.673997104 0.71892947 0.16990678
vn 0.76969111 0.615921736 0.167976364
vn 0.740067661 0.629873514 0.23571004
vn 0.680482924 0.681585729 0.269042492
vn 0.756238818 0.596268833 0.269381315
vn 0.756480157 0.582813561 0.296759307
vn 0.681949854 0.634759068 0.363352805
vn 0.745522678 0.571953714 0.342147499
vn 0.764863431 0.521102369 0.378729761
vn 0.671353459 0.583911836 0.456433475
vn 0.75804311 0.496963888 0.422371328
vn 0.761053622 0.422084123 0.492587477
vn 0.712390304 0.479462087 0.512460887
vn 0.674922943 0.510225773 0.533055961
vn 0.737441599 0.481919855 0.473215789
vn 0.757631361 0.478487641 0.443896681
vn 0.761185646 0.398122579 0.511951923
vn 0.681886077 0.42535013 0.595070302
vn 0.779230356 0.34619993 0.522442043
vn 0.762560606 0.311127067 0.56718713
vn 0.712972343 0.378383756 0.590335608
vn 0.0380815156 0.527352035 0.84879303
vn 0.424198776 0.525265098 0.737666547
vn 0.420303613 0.526685417 0.738882542
vn 0.186069265 0.714311123 0.674639046
vn 0.324030101 0.666963279 0.670943022
vn 0.437375128 0.621372163 0.650076687
vn 0.209977999 0.655267179 0.725626767
vn 0.158294857 0.610913277 0.775711119
vn 0.380957991 0.723015726 0.576297879
vn 0.438168406 0.708012164 0.55382961
vn 0.162738755 0.800054729 0.577432692
vn 0.208240569 0.82981509 0.517728508
vn 0.434763461 0.781518519 0.447447777
vn 0.360763997 0.814093411 0.455083787
vn 0.42489019 0.842002809 0.332414776
vn 0.187550738 0.89653796 0.401303381
vn 0.187241659 0.876351774 0.443788409
vn 0.186272621 0.966462672 0.176783398
vn 0.396071762 0.893800437 0.210352033
vn 0.403871149 0.890302718 0.21035482
vn 0.201484978 0.941530704 0.27004385
vn 0.158475906 0.928820014 0.334931046
vn 0.19304511 0.981189668 0.000691679597
vn 0.15431644 0.986339033 0.0576348193
vn 0.424143404 0.902071536 0.0798077211
vn 0.284065366 0.952357233 0.111007012
vn 0.186415613 0.972454607 0.139932901
vn 0.320133626 0.94631201 -0.0448112376
vn 0.40932712 0.910923541 -0.0516687334
vn 0.140383005 0.983590305 -0.113325767
vn 0.214864522 0.96372366 -0.158334866
vn 0.466433585 0.864636719 -0.186662942
vn 0.0988832489 0.968900144 -0.22683619
vn 0.281472981 0.460014254 0.842116296
vn 0.442206234 0.470666677 0.76349628
vn 0.441252381 0.52046591 0.731034577
vn 0.449595779 0.518758714 0.727154016
vn 0.449618965 0.617172718 0.645709395
vn 0.453110397 0.61620295 0.644193232
vn 0.451573551 0.702762485 0.549732864
vn 0.453937113 0.701960504 0.548810184
vn 0.453722984 0.773357511 0.442779422
vn 0.454081208 0.773216605 0.442658246
vn 0.453876078 0.828813732 0.32720685
vn 0.454442143 0.828565657 0.327049404
vn 0.4536798 0.867288053 0.204905033
vn 0.453540772 0.867353797 0.204934612
vn 0.453216195 0.887934268 0.0785354599
vn 0.451877922 0.888599098 0.0787273943
vn 0.452417791 0.890370488 -0.0505820066
vn 0.448554575 0.892338395 -0.0503089018
vn 0.447163641 0.874465466 -0.188028634
vn 0.328890294 0.926437914 -0.183150187
vn 0.86353153 0.252760142 0.436377853
vn 0.862296283 0.256216407 0.436804622
vn 0.862386048 0.489697754 -0.12839964
vn 0.865364552 0.486284912 -0.121124677
vn 0.855766773 0.509286523 -0.0910522342
vn 0.863742113 0.497462362 -0.0805030689
vn 0.859920502 0.509417892 -0.0320963077
vn 0.85864979 0.511477768 -0.0333330296
vn 0.864654899 0.502127528 0.0154869715
vn 0.855237842 0.517560005 0.0264544524
vn 0.863903999 0.500924706 0.0523858964
vn 0.856605172 0.508959293 0.0847822279
vn 0.862713575 0.49778682 0.089070417
vn 0.861460805 0.443933606 0.246593252
vn 0.862408102 0.45928213 0.212866604
vn 0.854573309 0.479730427 0.198904872
vn 0.865468144 0.467375338 0.180347234
vn 0.857085645 0.496172816 0.138624415
vn 0.862321079 0.384698749 0.329255551
vn 0.862183392 0.400256425 0.310539156
vn 0.854328573 0.422687799 0.302419752
vn 0.865626335 0.414723486 0.280527085
vn 0.85667789 0.45286721 0.247010753
vn 0.865803838 0.340809941 0.366377294
vn 0.854188383 0.343552649 0.390299618
vn 0.862177491 0.319963396 0.392776489
vn 0.862172425 0.289306939 0.415884852
vn 0.843230069 0.319239557 0.432491779
vn 0.868041992 0.26289916 0.421173453
vn 0.859480977 0.282377303 0.42609328
vn 0.869328737 0.282236814 0.405721456
vn 0.859803617 0.313470602 0.403080523
vn 0.866517425 0.32478568 0.379027486
vn 0.87072444 0.324925244 0.369137585
vn 0.862330914 0.345939964 0.36974436
vn 0.878839195 0.363550156 0.308986902
vn 0.867080569 0.365210593 0.338810474
vn 0.862205803 0.361440182 0.354911447
vn 0.859571874 0.371734798 0.350641519
vn 0.853058696 0.38709116 0.349930495
vn 0.860166788 0.378336072 0.342015892
vn 0.863531828 0.410131663 0.293436199
vn 0.867880285 0.401848555 0.29206425
vn 0.858156085 0.440571249 0.263562322
vn 0.870340884 0.430493534 0.239127651
vn 0.861976206 0.45175308 0.230035141
vn 0.861151278 0.488684237 0.14002195
vn 0.867284954 0.478555173 0.137119681
vn 0.853684485 0.481078923 0.199463978
vn 0.878662407 0.447154939 0.167346522
vn 0.862528861 0.461128026 0.208338439
vn 0.858202219 0.512642503 0.0262030978
vn 0.863703966 0.499126285 0.0699175075
vn 0.87071085 0.4851107 0.080809541
vn 0.863036513 0.496189952 0.0946759582
vn 0.86076957 0.491058409 0.133930638
vn 0.855393827 0.504381895 -0.117899545
vn 0.876161695 0.476198554 -0.0746702328
vn 0.864905536 0.494100183 -0.0883371606
vn 0.86112982 0.50556469 -0.0534768812
vn 0.869960129 0.492146164 -0.031008089
vn 0.85675633 0.515477657 -0.0158552509
vn 0.870202065 0.491529793 0.0338640362
vn -6.38439303e-07 -1 8.2705327e-07
vn -8.11459472e-07 -1 1.41017426e-05
vn 2.10066764e-06 -1 6.94267237e-06
vn 8.14303235e-07 -1 6.75431693e-07
vn 7.10128347e-07 -1 1.10155634e-06
vn 1.32731213e-06 -1 2.49244681e-06
vn 1.62403251e-06 -1 -2.38810969e-07
vn 5.44006707e-06 -1 4.96753364e-06
vn 5.42999123e-06 -1 3.01911518e-06
vn 2.81890919e-07 -1 -1.5304696e-06
vn 6.34152514e-07 -1 2.07533344e-06
vn -5.28409237e-06 -1 -1.23202301e-06
vn -5.18088927e-06 -1 -6.19928016e-07
vn 8.11165194e-07 -1 1.20655272e-06
vn 4.43174969e-07 -1 -4.69279513e-07
vn -3.7917473e-06 -1 -8.19858258e-07
vn -3.30435637e-06 -1 1.0738537e-06
vn -6.62335879e-06 -1 1.50833694e-06
vn -6.05873765e-06 -1 3.42976864e-06
vn -7.56609609e-07 -1 1.5401323e-06
vn -7.99436464e-07 -1 1.41515306e-06
vn 1.33831759e-06 -1 9.29575279e-08
vn 9.06790149e-07 -1 -9.46543196e-07
vn -3.2814803e-06 -1 3.07220353e-06
vn -2.28237514e-06 -1 4.99471207e-06
vn -2.37181143e-06 -1 5.12656243e-06
vn -2.19376329e-06 -1 5.39430766e-06
vn 5.10795353e-08 -1 -1.15122859e-07
vn 7.75567696e-06 -1 8.785104e-06
vn 5.29367583e-07 -1 -1.09916959e-06
vn 7.9842448e-06 -1 -2.73626938e-06
vn 3.31623323e-06 -1 -8.12866256e-06
vn -2.19376375e-06 -1 5.39430857e-06
vn -2.37181212e-06 -1 5.12656334e-06
vn 1.11507336e-06 -1 -1.39330725e-08
vn 7.22379809e-07 -1 -7.69596852e-07
vn -3.5782773e-06 -1 3.35698655e-06
vn -3.65198343e-06 -1 3.17944568e-06
vn -7.99436464e-07 -1 1.41515295e-06
vn -1.53829581e-06 -1 -7.41017686e-07
vn 3.93481332e-06 -1 -2.69159068e-06
vn 4.44953366e-06 -1 -9.39998131e-07
vn 7.88973102e-06 -1 -1.39034535e-06
vn 8.29406599e-06 -1 1.80641663e-07
vn -6.25729353e-06 -1 -1.02396484e-06
vn -6.46629496e-06 -1 -1.9756601e-06
vn -5.04512172e-07 -1 -1.5841772e-07
vn -6.5278789e-07 -1 -1.03770651e-06
vn 3.86786212e-07 -1 -4.56750541e-07
vn 5.70439852e-07 -1 1.42315366e-06
vn -3.64506354e-06 -1 -2.30226033e-06
vn -3.64460379e-06 -1 -2.2133213e-06
vn -3.01226783e-06 -1 -1.35060895e-06
vn -2.4942276e-06 -1 -6.11980795e-06
vn 7.1012812e-07 -1 1.10155588e-06
vn 8.14303007e-07 -1 6.7543084e-07
vn 2.10066764e-06 -1 6.94267283e-06
vn 1.03839432e-06 -1 9.55412816e-06
vn 1.19147603e-06 -1 -2.19127469e-06
vn -7.49336596e-06 -1 1.21338144e-05
vn 1 5.77186573e-13 -1.6878e-17
vn 0.111965463 2.82593419e-06 -0.993712127
vn 0.330277443 2.68423196e-06 -0.943883896
vn 0.53203398 2.40792451e-06 -0.84672296
vn 0.532031119 -7.98163182e-06 -0.846724808
vn 0.707105756 -6.66553524e-06 -0.707107842
vn 0.70710808 3.46304751e-06 -0.707105458
vn 0.846724451 2.60562388e-06 -0.532031655
vn 0.846724272 1.51300128e-06 -0.532031953
vn 0.943883479 9.39252175e-07 -0.330278665
vn 0.943882942 -3.79163635e-06 -0.330280125
vn 0.993712187 -1.28535953e-06 -0.111964539
vn 0.993712187 -1.05542983e-06 -0.111964464
vn 0.993712187 1.05543097e-06 0.111964464
vn 0.993712187 1.28536067e-06 0.111964539
vn 0.943882942 3.79163748e-06 0.330280125
vn 0.943883479 -9.39251095e-07 0.330278665
vn 0.846724272 -1.51300026e-06 0.532031953
vn 0.846724451 -2.60562297e-06 0.532031655
vn 0.70710808 -3.46304682e-06 0.707105458
vn 0.707105756 6.66553615e-06 0.707107842
vn 0.532031119 7.98163182e-06 0.846724808
vn 0.532034457 -4.14682154e-06 0.846722662
vn 0.330277443 -4.62266871e-06 0.943883896
vn 0.111965463 -4.86670206e-06 0.993712127
vn 0.111964799 -2.82593419e-06 0.993712187
vn -0.11196547 -2.82593419e-06 0.993712127
vn -0.111964807 -4.86670251e-06 0.993712187
vn -0.330277473 -4.62266871e-06 0.943883896
vn -0.532031119 -4.14683291e-06 0.846724808
vn -0.532034457 7.98161182e-06 0.846722662
vn -0.70710808 6.66551296e-06 0.707105458
vn -0.707105756 -3.4630591e-06 0.707107842
vn -0.846724153 -2.60562661e-06 0.532032132
vn -0.846724331 -1.51300105e-06 0.532031834
vn -0.943882942 -9.39256324e-07 0.330280125
vn -0.943883479 3.79161975e-06 0.330278665
vn -0.993712246 1.28535521e-06 0.111964159
vn -0.993712246 1.05542767e-06 0.111964233
vn -0.993712246 -1.05542881e-06 -0.111964233
vn -0.993712246 -1.28535635e-06 -0.111964159
vn -0.943883479 -3.79162066e-06 -0.330278665
vn -0.943882942 9.39255244e-07 -0.330280125
vn -0.846724331 1.51300003e-06 -0.532031834
vn -0.846724153 2.60562547e-06 -0.532032132
vn -0.707105756 3.46305819e-06 -0.707107842
vn -0.70710808 -6.66551387e-06 -0.707105458
vn -0.53203398 -7.98161454e-06 -0.84672296
vn -0.532031119 2.40792906e-06 -0.846724808
vn -0.330277473 2.6842315e-06 -0.943883896
vn -0.11196547 2.82593396e-06 -0.993712127
vn -1.11530021e-08 -1 4.37201237e-07
vn -2.01669309e-06 -1 1.58261923e-06
vn 6.7770867e-07 -1 2.85064544e-07
vn 1.11541576e-08 -1 4.37201237e-07
vn 1.05301027e-07 -1 6.53804818e-07
vn 9.53859399e-07 -1 -1.10824396e-06
vn 2.48631807e-07 -1 -2.23917212e-07
vn 9.25353163e-08 -1 -8.4166453e-07
vn 5.77186573e-13 -1 -1.24708561e-06
vn 5.77186573e-13 -1 1.11515635e-06
vn -8.89343994e-07 -1 -7.34869104e-07
vn 8.10534402e-07 -1 6.20738774e-07
vn 7.75838487e-07 -1 5.77231447e-07
vn -8.20387811e-08 -1 -3.89901516e-07
vn 8.20399393e-08 -1 -3.89901516e-07
vn -4.0280554e-07 -1 -5.00564397e-07
vn -8.10533209e-07 -1 6.20738831e-07
vn 8.89345131e-07 -1 -7.34869104e-07
vn 4.02806648e-07 -1 -5.00564397e-07
vn -9.25341581e-08 -1 -8.4166453e-07
vn -7.75837464e-07 -1 5.77231617e-07
vn -9.53858375e-07 -1 -1.10824419e-06
vn -1.05299875e-07 -1 6.53804818e-07
vn -6.77707419e-07 -1 2.85064573e-07
vn 2.01669422e-06 -1 1.58261935e-06
vn -2.48630641e-07 -1 -2.23917226e-07
vn 2.53041728e-13 -0.43843171 -0.898764491
vn 3.33401655e-13 -0.577656209 -0.816280127
vn 4.29882448e-13 -0.744808912 -0.667277813
vn 5.04811308e-13 -0.874620974 -0.484807372
vn 5.5442402e-13 -0.960571051 -0.278034627
vn 5.76236758e-13 -0.998356104 -0.0573157966
vn 5.69154316e-13 -0.986078858 0.166278213
vn 5.3353242e-13 -0.924356163 0.381530762
vn 4.71156859e-13 -0.816282153 0.577653348
vn 3.85154501e-13 -0.667274535 0.744811833
vn 2.79841661e-13 -0.484811872 0.874618471
vn 1.60491656e-13 -0.278030425 0.960572243
vn 3.30998453e-14 -0.0573176779 0.998355985
vn -9.59568389e-14 0.166278079 0.986078918
vn -2.20198697e-13 0.381530523 0.924356222
vn -3.33401817e-13 0.577656567 0.816279948
vn -4.29882448e-13 0.744808912 0.667277813
vn -5.04811037e-13 0.874620557 0.484808117
vn -5.54424182e-13 0.960571349 0.278033644
vn -5.76236812e-13 0.998356164 0.0573142022
vn -5.6915437e-13 0.986078978 -0.166277677
vn -5.33532528e-13 0.924356341 -0.381530255
vn -4.71156317e-13 0.816281259 -0.57765466
vn -3.85154934e-13 0.66727531 -0.744811177
vn -2.79841227e-13 0.484811127 -0.874618888
vn -1.60491656e-13 0.278030425 -0.960572243
vn -3.31000757e-14 0.0573180765 -0.998355985
vn 9.59567576e-14 -0.166277945 -0.986078918
vn 1.93371225e-13 -0.335051328 -0.942199886
vn -0.273759425 -0.366955251 -0.889044225

# Mesh '' with 3534 faces
usemtl DefaultMaterial
f  1//1 2//1 3//1
f  1//1 3//1 4//1
f  4//2 3//2 5//2
f  4//2 5//2 6//2
f  6//3 5//3 7//3
f  6//3 7//3 8//3
f  8//4 7//4 9//4
f  8//4 9//4 10//4
f  10//5 9//5 11//5
f  10//5 11//5 12//5
f  12//6 11//6 13//6
f  12//6 13//6 14//6
f  14//7 13//7 15//7
f  14//7 15//7 16//7
f  16//8 15//8 17//8
f  16//8 17//8 18//8
f  18//9 17//9 19//9
f  18//9 19//9 20//9
f  20//10 19//10 21//10
f  20//10 21//10 22//10
f  22//11 21//11 23//11
f  22//11 23//11 24//11
f  24//12 23//12 25//12
f  24//12 25//12 26//12
f  26//13 25//13 27//13
f  26//13 27//13 28//13
f  28//14 27//14 29//14
f  28//14 29//14 30//14
f  30//15 29//15 31//15
f  30//15 31//15 32//15
f  32//16 31//16 33//16
f  32//16 33//16 34//16
f  34//17 33//17 35//17
f  34//17 35//17 36//17
f  36//18 35//18 37//18
f  36//18 37//18 38//18
f  38//19 37//19 39//19
f  38//19 39//19 40//19
f  40//20 39//20 41//20
f  40//20 41//20 42//20
f  42//21 41//21 43//21
f  42//21 43//21 44//21
f  44//22 43//22 45//22
f  44//22 45//22 46//22
f  46//23 45//23 47//23
f  46//23 47//23 48//23
f  48//24 47//24 49//24
f  48//24 49//24 50//24
f  50//25 49//25 51//25
f  50//25 51//25 52//25
f  52//26 51//26 53//26
f  52//26 53//26 54//26
f  54//27 53//27 55//27
f  54//27 55//27 56//27
f  56//28 55//28 2//28
f  56//28 2//28 1//28
f  57//29 58//29 59//29
f  60//30 61//30 62//30
f  62//31 61//31 63//31
f  63//32 61//32 64//32
f  64//33 61//33 65//33
f  64//34 65//34 66//34
f  67//35 68//35 65//35
f  65//36 68//36 69//36
f  65//37 69//37 66//37
f  70//38 71//38 67//38
f  67//39 71//39 72//39
f  72//40 73//40 67//40
f  67//41 73//41 74//41
f  67//42 74//42 68//42
f  75//43 76//43 77//43
f  77//44 76//44 78//44
f  77//45 78//45 70//45
f  70//46 78//46 79//46
f  70//47 79//47 71//47
f  75//48 77//48 80//48
f  80//49 77//49 81//49
f  80//50 81//50 82//50
f  83//51 84//51 85//51
f  85//52 84//52 86//52
f  85//53 86//53 81//53
f  81//54 86//54 87//54
f  81//55 87//55 82//55
f  83//56 85//56 88//56
f  88//57 85//57 89//57
f  88//58 89//58 90//58
f  91//59 92//59 93//59
f  93//60 92//60 94//60
f  93//61 94//61 89//61
f  89//62 94//62 95//62
f  89//63 95//63 90//63
f  96//64 97//64 98//64
f  96//65 98//65 93//65
f  93//66 98//66 99//66
f  93//67 99//67 91//67
f  100//68 101//68 102//68
f  100//69 102//69 96//69
f  96//70 102//70 103//70
f  96//71 103//71 97//71
f  58//72 104//72 59//72
f  59//73 104//73 105//73
f  59//74 105//74 100//74
f  100//75 105//75 106//75
f  100//76 106//76 101//76
f  57//77 59//77 107//77
f  107//78 59//78 108//78
f  107//79 108//79 109//79
f  110//80 111//80 108//80
f  108//81 111//81 112//81
f  108//82 112//82 109//82
f  113//83 114//83 110//83
f  110//84 114//84 115//84
f  110//85 115//85 111//85
f  113//86 110//86 116//86
f  116//87 110//87 117//87
f  116//88 117//88 118//88
f  118//89 117//89 119//89
f  118//90 119//90 120//90
f  120//91 119//91 121//91
f  120//92 121//92 122//92
f  122//93 121//93 123//93
f  122//94 123//94 124//94
f  124//95 123//95 125//95
f  125//96 123//96 126//96
f  125//97 126//97 127//97
f  128//98 129//98 130//98
f  130//99 129//99 131//99
f  130//100 131//100 126//100
f  126//101 131//101 132//101
f  126//102 132//102 127//102
f  128//103 130//103 133//103
f  133//104 130//104 134//104
f  133//105 134//105 135//105
f  136//106 137//106 138//106
f  138//107 137//107 139//107
f  138//108 139//108 140//108
f  140//109 139//109 141//109
f  140//110 141//110 134//110
f  134//111 141//111 142//111
f  134//112 142//112 135//112
f  143//113 144//113 145//113
f  145//114 144//114 146//114
f  145//115 146//115 147//115
f  143//116 148//116 144//116
f  144//117 148//117 149//117
f  144//118 149//118 138//118
f  138//119 149//119 150//119
f  138//120 150//120 136//120
f  147//121 146//121 151//121
f  151//122 146//122 152//122
f  151//123 152//123 153//123
f  153//124 152//124 154//124
f  154//125 152//125 155//125
f  154//126 155//126 156//126
f  157//127 158//127 159//127
f  157//128 159//128 155//128
f  155//129 159//129 160//129
f  155//130 160//130 156//130
f  161//131 162//131 163//131
f  163//132 162//132 164//132
f  163//133 164//133 157//133
f  157//134 164//134 165//134
f  157//135 165//135 158//135
f  161//136 163//136 166//136
f  166//137 163//137 167//137
f  166//138 167//138 168//138
f  168//139 167//139 169//139
f  169//140 167//140 170//140
f  169//141 170//141 171//141
f  171//142 170//142 172//142
f  172//143 170//143 60//143
f  172//144 60//144 62//144
f  147//145 151//145 173//145
f  174//146 175//146 176//146
f  177//147 178//147 179//147
f  180//148 181//148 182//148
f  150//149 149//149 183//149
f  137//150 136//150 184//150
f  181//151 180//151 185//151
f  185//152 180//152 186//152
f  185//153 186//153 184//153
f  184//154 186//154 187//154
f  184//155 187//155 137//155
f  188//156 189//156 190//156
f  190//157 189//157 182//157
f  190//158 182//158 191//158
f  191//159 182//159 181//159
f  191//160 181//160 192//160
f  192//161 181//161 185//161
f  192//162 185//162 183//162
f  183//163 185//163 184//163
f  183//164 184//164 150//164
f  150//165 184//165 136//165
f  193//166 194//166 195//166
f  176//167 196//167 174//167
f  174//168 196//168 197//168
f  174//169 197//169 198//169
f  179//170 175//170 177//170
f  177//171 175//171 174//171
f  177//172 174//172 199//172
f  199//173 174//173 198//173
f  199//174 198//174 200//174
f  145//175 201//175 143//175
f  143//176 201//176 148//176
f  145//177 147//177 201//177
f  201//178 147//178 173//178
f  201//179 173//179 202//179
f  202//180 173//180 203//180
f  202//181 203//181 178//181
f  178//182 203//182 204//182
f  178//183 204//183 179//183
f  194//184 205//184 206//184
f  194//185 206//185 195//185
f  195//186 206//186 207//186
f  195//187 207//187 208//187
f  209//188 210//188 188//188
f  188//189 210//189 193//189
f  188//190 193//190 189//190
f  189//191 193//191 195//191
f  189//192 195//192 182//192
f  182//193 195//193 208//193
f  182//194 208//194 180//194
f  180//195 208//195 211//195
f  180//196 211//196 186//196
f  186//197 211//197 212//197
f  186//198 212//198 187//198
f  187//199 212//199 139//199
f  187//200 139//200 137//200
f  200//201 209//201 199//201
f  199//202 209//202 188//202
f  199//203 188//203 177//203
f  177//204 188//204 190//204
f  177//205 190//205 178//205
f  178//206 190//206 191//206
f  178//207 191//207 202//207
f  202//208 191//208 192//208
f  202//209 192//209 201//209
f  201//210 192//210 183//210
f  201//211 183//211 148//211
f  148//212 183//212 149//212
f  194//213 213//213 205//213
f  176//214 214//214 196//214
f  196//215 214//215 197//215
f  215//216 193//216 210//216
f  210//217 209//217 216//217
f  216//218 209//218 200//218
f  216//219 200//219 217//219
f  217//220 200//220 198//220
f  217//221 198//221 197//221
f  193//222 218//222 194//222
f  194//223 218//223 219//223
f  194//224 219//224 213//224
f  220//225 221//225 222//225
f  222//226 221//226 223//226
f  197//227 214//227 217//227
f  217//228 214//228 224//228
f  217//229 224//229 216//229
f  216//230 224//230 225//230
f  216//231 225//231 226//231
f  226//232 225//232 227//232
f  226//233 227//233 222//233
f  222//234 227//234 228//234
f  222//235 228//235 220//235
f  193//236 215//236 218//236
f  218//237 215//237 229//237
f  218//238 229//238 230//238
f  230//239 229//239 231//239
f  230//240 231//240 232//240
f  233//241 234//241 231//241
f  210//242 216//242 215//242
f  215//243 216//243 226//243
f  215//244 226//244 229//244
f  229//245 226//245 222//245
f  229//246 222//246 231//246
f  231//247 222//247 223//247
f  231//248 223//248 233//248
f  234//249 235//249 231//249
f  231//250 235//250 236//250
f  231//251 236//251 232//251
f  232//252 236//252 237//252
f  238//253 239//253 240//253
f  241//254 242//254 243//254
f  99//255 244//255 91//255
f  91//256 244//256 92//256
f  84//257 83//257 245//257
f  245//258 83//258 88//258
f  245//259 88//259 246//259
f  246//260 88//260 90//260
f  246//261 90//261 95//261
f  247//262 248//262 249//262
f  249//263 248//263 250//263
f  251//264 247//264 252//264
f  252//265 247//265 249//265
f  252//266 249//266 253//266
f  253//267 249//267 254//267
f  255//268 256//268 257//268
f  258//269 259//269 260//269
f  260//270 259//270 261//270
f  260//271 261//271 257//271
f  257//272 261//272 262//272
f  257//273 262//273 255//273
f  257//274 263//274 260//274
f  260//275 263//275 264//275
f  260//276 264//276 258//276
f  258//277 264//277 265//277
f  266//278 239//278 244//278
f  244//279 239//279 238//279
f  244//280 238//280 92//280
f  92//281 238//281 94//281
f  267//282 245//282 240//282
f  240//283 245//283 246//283
f  240//284 246//284 238//284
f  238//285 246//285 95//285
f  238//286 95//286 94//286
f  255//287 254//287 256//287
f  256//288 254//288 249//288
f  256//289 249//289 241//289
f  241//290 249//290 250//290
f  241//291 250//291 242//291
f  263//292 268//292 264//292
f  264//293 268//293 269//293
f  264//294 269//294 265//294
f  265//295 269//295 270//295
f  265//296 270//296 271//296
f  271//297 270//297 272//297
f  86//298 84//298 243//298
f  243//299 84//299 245//299
f  243//300 245//300 241//300
f  241//301 245//301 267//301
f  241//302 267//302 256//302
f  256//303 267//303 240//303
f  256//304 240//304 257//304
f  257//305 240//305 239//305
f  257//306 239//306 263//306
f  263//307 239//307 266//307
f  263//308 266//308 268//308
f  273//309 274//309 275//309
f  271//310 272//310 276//310
f  271//311 276//311 265//311
f  255//312 262//312 277//312
f  277//313 262//313 261//313
f  251//314 252//314 278//314
f  278//315 252//315 253//315
f  278//316 253//316 279//316
f  279//317 253//317 254//317
f  279//318 254//318 255//318
f  255//319 277//319 279//319
f  279//320 277//320 280//320
f  279//321 280//321 281//321
f  281//322 280//322 282//322
f  281//323 282//323 275//323
f  275//324 282//324 283//324
f  275//325 283//325 273//325
f  265//326 276//326 258//326
f  258//327 276//327 284//327
f  258//328 284//328 259//328
f  259//329 284//329 285//329
f  259//330 285//330 261//330
f  261//331 285//331 286//331
f  261//332 286//332 277//332
f  277//333 286//333 287//333
f  277//334 287//334 280//334
f  280//335 287//335 288//335
f  280//336 288//336 282//336
f  282//337 288//337 289//337
f  282//338 289//338 283//338
f  290//339 291//339 272//339
f  292//340 293//340 294//340
f  295//341 296//341 297//341
f  298//342 299//342 120//342
f  120//343 299//343 118//343
f  118//344 299//344 116//344
f  116//345 299//345 300//345
f  116//346 300//346 113//346
f  301//347 115//347 300//347
f  300//348 115//348 114//348
f  300//349 114//349 113//349
f  302//350 112//350 301//350
f  301//351 112//351 111//351
f  301//352 111//352 115//352
f  303//353 107//353 302//353
f  302//354 107//354 109//354
f  302//355 109//355 112//355
f  105//356 104//356 304//356
f  304//357 104//357 58//357
f  304//358 58//358 303//358
f  303//359 58//359 57//359
f  303//360 57//360 107//360
f  105//361 304//361 106//361
f  106//362 304//362 305//362
f  106//363 305//363 101//363
f  98//364 97//364 306//364
f  306//365 97//365 103//365
f  306//366 103//366 305//366
f  305//367 103//367 102//367
f  305//368 102//368 101//368
f  307//369 291//369 308//369
f  308//370 291//370 290//370
f  308//371 290//371 309//371
f  292//372 294//372 310//372
f  311//373 312//373 313//373
f  313//374 312//374 314//374
f  313//375 314//375 315//375
f  311//376 313//376 316//376
f  316//377 313//377 317//377
f  316//378 317//378 318//378
f  318//379 317//379 319//379
f  318//380 319//380 320//380
f  321//381 322//381 323//381
f  323//382 322//382 324//382
f  323//383 324//383 319//383
f  319//384 324//384 325//384
f  319//385 325//385 320//385
f  326//386 327//386 315//386
f  315//387 327//387 313//387
f  313//388 327//388 328//388
f  313//389 328//389 317//389
f  317//390 328//390 329//390
f  317//391 329//391 319//391
f  319//392 329//392 330//392
f  319//393 330//393 323//393
f  323//394 330//394 331//394
f  323//395 331//395 321//395
f  272//396 270//396 290//396
f  290//397 270//397 269//397
f  290//398 269//398 309//398
f  309//399 269//399 268//399
f  309//400 268//400 266//400
f  293//401 295//401 294//401
f  294//402 295//402 297//402
f  294//403 297//403 332//403
f  332//404 297//404 333//404
f  332//405 333//405 334//405
f  334//406 333//406 335//406
f  334//407 335//407 336//407
f  336//408 335//408 244//408
f  336//409 244//409 99//409
f  337//410 321//410 338//410
f  338//411 321//411 331//411
f  338//412 331//412 339//412
f  339//413 331//413 330//413
f  339//414 330//414 340//414
f  340//415 330//415 329//415
f  340//416 329//416 341//416
f  341//417 329//417 328//417
f  341//418 328//418 342//418
f  342//419 328//419 327//419
f  342//420 327//420 343//420
f  343//421 327//421 326//421
f  343//422 326//422 344//422
f  296//423 307//423 297//423
f  297//424 307//424 308//424
f  297//425 308//425 333//425
f  333//426 308//426 309//426
f  333//427 309//427 335//427
f  335//428 309//428 266//428
f  335//429 266//429 244//429
f  298//430 337//430 299//430
f  299//431 337//431 338//431
f  299//432 338//432 300//432
f  300//433 338//433 339//433
f  300//434 339//434 301//434
f  301//435 339//435 340//435
f  301//436 340//436 302//436
f  302//437 340//437 341//437
f  302//438 341//438 303//438
f  303//439 341//439 342//439
f  303//440 342//440 304//440
f  304//441 342//441 343//441
f  304//442 343//442 305//442
f  305//443 343//443 344//443
f  305//444 344//444 306//444
f  314//445 310//445 315//445
f  315//446 310//446 294//446
f  315//447 294//447 326//447
f  326//448 294//448 332//448
f  326//449 332//449 344//449
f  344//450 332//450 334//450
f  344//451 334//451 306//451
f  306//452 334//452 336//452
f  306//453 336//453 98//453
f  98//454 336//454 99//454
f  345//455 322//455 321//455
f  346//456 347//456 348//456
f  349//457 350//457 351//457
f  349//458 351//458 352//458
f  346//459 348//459 353//459
f  354//460 355//460 356//460
f  354//461 356//461 357//461
f  355//462 354//462 358//462
f  358//463 354//463 359//463
f  358//464 359//464 360//464
f  205//465 361//465 206//465
f  206//466 361//466 360//466
f  206//467 360//467 207//467
f  207//468 360//468 359//468
f  207//469 359//469 208//469
f  208//470 359//470 211//470
f  212//471 211//471 362//471
f  363//472 141//472 364//472
f  364//473 141//473 139//473
f  364//474 139//474 212//474
f  365//475 135//475 363//475
f  363//476 135//476 142//476
f  363//477 142//477 141//477
f  211//478 359//478 362//478
f  362//479 359//479 354//479
f  362//480 354//480 366//480
f  366//481 354//481 357//481
f  366//482 357//482 367//482
f  367//483 357//483 368//483
f  367//484 368//484 369//484
f  369//485 368//485 370//485
f  369//486 370//486 371//486
f  212//487 362//487 364//487
f  364//488 362//488 366//488
f  364//489 366//489 363//489
f  363//490 366//490 367//490
f  363//491 367//491 365//491
f  365//492 367//492 369//492
f  365//493 369//493 372//493
f  372//494 369//494 371//494
f  372//495 371//495 373//495
f  132//496 131//496 373//496
f  373//497 131//497 129//497
f  373//498 129//498 372//498
f  372//499 129//499 128//499
f  372//500 128//500 365//500
f  365//501 128//501 133//501
f  365//502 133//502 135//502
f  127//503 132//503 374//503
f  374//504 132//504 373//504
f  374//505 373//505 375//505
f  375//506 373//506 371//506
f  375//507 371//507 348//507
f  348//508 371//508 370//508
f  348//509 370//509 353//509
f  353//510 370//510 368//510
f  353//511 368//511 376//511
f  376//512 368//512 357//512
f  376//513 357//513 377//513
f  377//514 357//514 356//514
f  347//515 378//515 348//515
f  348//516 378//516 379//516
f  348//517 379//517 375//517
f  375//518 379//518 380//518
f  375//519 380//519 374//519
f  374//520 380//520 381//520
f  374//521 381//521 127//521
f  122//522 124//522 381//522
f  381//523 124//523 125//523
f  381//524 125//524 127//524
f  298//525 382//525 337//525
f  337//526 382//526 383//526
f  337//527 383//527 321//527
f  321//528 383//528 351//528
f  321//529 351//529 345//529
f  345//530 351//530 350//530
f  378//531 352//531 379//531
f  379//532 352//532 351//532
f  379//533 351//533 380//533
f  380//534 351//534 383//534
f  380//535 383//535 381//535
f  381//536 383//536 382//536
f  381//537 382//537 122//537
f  122//538 382//538 298//538
f  122//539 298//539 120//539
f  205//540 384//540 361//540
f  361//541 384//541 360//541
f  272//542 291//542 385//542
f  385//543 291//543 307//543
f  385//544 307//544 296//544
f  376//545 377//545 384//545
f  384//546 377//546 356//546
f  356//547 355//547 384//547
f  384//548 355//548 358//548
f  384//549 358//549 360//549
f  296//550 295//550 385//550
f  385//551 295//551 293//551
f  385//552 293//552 386//552
f  386//553 293//553 292//553
f  386//554 292//554 387//554
f  387//555 292//555 310//555
f  387//556 310//556 388//556
f  384//557 389//557 376//557
f  376//558 389//558 390//558
f  376//559 390//559 353//559
f  353//560 390//560 391//560
f  353//561 391//561 392//561
f  318//562 393//562 316//562
f  316//563 393//563 394//563
f  316//564 394//564 311//564
f  311//565 394//565 395//565
f  392//566 396//566 353//566
f  353//567 396//567 397//567
f  353//568 397//568 346//568
f  346//569 397//569 398//569
f  346//570 398//570 347//570
f  347//571 398//571 399//571
f  347//572 399//572 378//572
f  400//573 401//573 310//573
f  310//574 401//574 402//574
f  310//575 402//575 388//575
f  400//576 310//576 403//576
f  403//577 310//577 314//577
f  403//578 314//578 395//578
f  395//579 314//579 312//579
f  395//580 312//580 311//580
f  378//581 399//581 352//581
f  352//582 399//582 404//582
f  352//583 404//583 349//583
f  349//584 404//584 405//584
f  349//585 405//585 350//585
f  318//586 320//586 393//586
f  393//587 320//587 325//587
f  393//588 325//588 406//588
f  325//589 324//589 406//589
f  406//590 324//590 322//590
f  406//591 322//591 405//591
f  405//592 322//592 345//592
f  405//593 345//593 350//593
f  407//594 223//594 408//594
f  408//595 223//595 221//595
f  408//596 221//596 220//596
f  409//597 407//597 410//597
f  410//598 407//598 408//598
f  410//599 408//599 411//599
f  411//600 408//600 220//600
f  411//601 220//601 412//601
f  412//602 220//602 413//602
f  413//603 220//603 414//603
f  413//604 414//604 415//604
f  415//605 414//605 416//605
f  415//606 416//606 417//606
f  417//607 416//607 418//607
f  417//608 418//608 419//608
f  420//609 421//609 422//609
f  419//610 418//610 422//610
f  422//611 418//611 423//611
f  422//612 423//612 420//612
f  151//613 153//613 424//613
f  425//614 426//614 427//614
f  428//615 176//615 175//615
f  429//616 430//616 425//616
f  431//617 432//617 433//617
f  434//618 435//618 436//618
f  436//619 435//619 431//619
f  436//620 431//620 429//620
f  429//621 431//621 433//621
f  429//622 433//622 430//622
f  436//623 437//623 434//623
f  434//624 437//624 438//624
f  434//625 438//625 439//625
f  438//626 154//626 156//626
f  439//627 438//627 440//627
f  440//628 438//628 156//628
f  440//629 156//629 160//629
f  426//630 428//630 427//630
f  427//631 428//631 175//631
f  427//632 175//632 441//632
f  441//633 175//633 179//633
f  441//634 179//634 442//634
f  179//635 204//635 442//635
f  442//636 204//636 203//636
f  442//637 203//637 424//637
f  424//638 203//638 173//638
f  424//639 173//639 151//639
f  425//640 427//640 429//640
f  429//641 427//641 441//641
f  429//642 441//642 436//642
f  436//643 441//643 442//643
f  436//644 442//644 437//644
f  437//645 442//645 424//645
f  437//646 424//646 438//646
f  438//647 424//647 153//647
f  438//648 153//648 154//648
f  87//649 86//649 243//649
f  243//650 443//650 444//650
f  445//651 446//651 447//651
f  447//652 446//652 448//652
f  447//653 448//653 449//653
f  251//654 450//654 247//654
f  247//655 450//655 445//655
f  247//656 445//656 248//656
f  445//657 451//657 248//657
f  248//658 451//658 452//658
f  248//659 452//659 250//659
f  443//660 243//660 452//660
f  452//661 243//661 242//661
f  452//662 242//662 250//662
f  87//663 243//663 82//663
f  82//664 243//664 444//664
f  82//665 444//665 80//665
f  78//666 76//666 453//666
f  453//667 76//667 75//667
f  454//668 79//668 78//668
f  78//669 453//669 454//669
f  454//670 453//670 455//670
f  454//671 455//671 456//671
f  456//672 455//672 457//672
f  456//673 457//673 458//673
f  458//674 457//674 459//674
f  459//675 457//675 447//675
f  459//676 447//676 460//676
f  460//677 447//677 449//677
f  460//678 449//678 461//678
f  445//679 447//679 451//679
f  451//680 447//680 457//680
f  451//681 457//681 452//681
f  452//682 457//682 455//682
f  452//683 455//683 443//683
f  443//684 455//684 453//684
f  443//685 453//685 444//685
f  444//686 453//686 75//686
f  444//687 75//687 80//687
f  462//688 463//688 464//688
f  465//689 466//689 467//689
f  458//690 459//690 468//690
f  460//691 461//691 469//691
f  440//692 160//692 159//692
f  434//693 439//693 470//693
f  470//694 439//694 440//694
f  432//695 431//695 471//695
f  471//696 431//696 472//696
f  471//697 472//697 473//697
f  473//698 472//698 474//698
f  473//699 474//699 475//699
f  475//700 474//700 476//700
f  475//701 476//701 477//701
f  478//702 477//702 479//702
f  480//703 463//703 481//703
f  481//704 463//704 462//704
f  481//705 462//705 482//705
f  467//706 466//706 483//706
f  483//707 466//707 484//707
f  483//708 484//708 485//708
f  485//709 484//709 486//709
f  485//710 486//710 487//710
f  431//711 435//711 472//711
f  472//712 435//712 488//712
f  472//713 488//713 474//713
f  474//714 488//714 489//714
f  474//715 489//715 476//715
f  476//716 489//716 490//716
f  491//717 464//717 492//717
f  492//718 464//718 463//718
f  492//719 463//719 493//719
f  493//720 463//720 480//720
f  493//721 480//721 478//721
f  494//722 495//722 465//722
f  465//723 495//723 466//723
f  466//724 495//724 496//724
f  466//725 496//725 484//725
f  484//726 496//726 497//726
f  484//727 497//727 486//727
f  498//728 499//728 468//728
f  468//729 499//729 456//729
f  468//730 456//730 458//730
f  435//731 434//731 488//731
f  488//732 434//732 470//732
f  488//733 470//733 489//733
f  489//734 470//734 500//734
f  489//735 500//735 490//735
f  490//736 500//736 501//736
f  502//737 503//737 494//737
f  494//738 503//738 495//738
f  495//739 503//739 504//739
f  495//740 504//740 496//740
f  496//741 504//741 505//741
f  496//742 505//742 497//742
f  454//743 456//743 506//743
f  506//744 456//744 499//744
f  506//745 499//745 507//745
f  507//746 499//746 498//746
f  507//747 498//747 508//747
f  440//748 159//748 470//748
f  470//749 159//749 158//749
f  470//750 158//750 500//750
f  500//751 158//751 165//751
f  500//752 165//752 501//752
f  501//753 165//753 164//753
f  501//754 164//754 162//754
f  477//755 476//755 479//755
f  479//756 476//756 490//756
f  479//757 490//757 509//757
f  509//758 490//758 501//758
f  509//759 501//759 510//759
f  510//760 501//760 162//760
f  510//761 162//761 161//761
f  478//762 479//762 493//762
f  493//763 479//763 509//763
f  493//764 509//764 492//764
f  492//765 509//765 510//765
f  492//766 510//766 491//766
f  491//767 510//767 161//767
f  491//768 161//768 166//768
f  166//769 168//769 491//769
f  491//770 168//770 511//770
f  491//771 511//771 464//771
f  464//772 511//772 512//772
f  464//773 512//773 462//773
f  462//774 512//774 513//774
f  462//775 513//775 482//775
f  482//776 513//776 514//776
f  168//777 169//777 511//777
f  511//778 169//778 515//778
f  511//779 515//779 512//779
f  512//780 515//780 516//780
f  512//781 516//781 513//781
f  513//782 516//782 517//782
f  513//783 517//783 514//783
f  514//784 517//784 518//784
f  169//785 171//785 515//785
f  515//786 171//786 502//786
f  515//787 502//787 516//787
f  516//788 502//788 494//788
f  516//789 494//789 517//789
f  517//790 494//790 465//790
f  517//791 465//791 518//791
f  518//792 465//792 467//792
f  171//793 172//793 502//793
f  502//794 172//794 62//794
f  502//795 62//795 503//795
f  503//796 62//796 63//796
f  503//797 63//797 504//797
f  504//798 63//798 64//798
f  504//799 64//799 505//799
f  505//800 64//800 66//800
f  66//801 69//801 505//801
f  505//802 69//802 519//802
f  505//803 519//803 497//803
f  497//804 519//804 520//804
f  497//805 520//805 486//805
f  486//806 520//806 521//806
f  486//807 521//807 487//807
f  487//808 521//808 469//808
f  69//809 68//809 519//809
f  519//810 68//810 508//810
f  519//811 508//811 520//811
f  520//812 508//812 498//812
f  520//813 498//813 521//813
f  521//814 498//814 468//814
f  521//815 468//815 469//815
f  469//816 468//816 459//816
f  469//817 459//817 460//817
f  79//818 454//818 71//818
f  71//819 454//819 506//819
f  71//820 506//820 72//820
f  72//821 506//821 507//821
f  72//822 507//822 73//822
f  73//823 507//823 508//823
f  73//824 508//824 74//824
f  74//825 508//825 68//825
f  522//826 523//826 524//826
f  525//827 278//827 279//827
f  275//828 274//828 526//828
f  525//829 279//829 526//829
f  526//830 279//830 281//830
f  526//831 281//831 275//831
f  522//832 524//832 525//832
f  525//833 524//833 278//833
f  278//834 524//834 527//834
f  278//835 527//835 251//835
f  528//836 523//836 529//836
f  529//837 523//837 522//837
f  529//838 522//838 530//838
f  530//839 522//839 525//839
f  530//840 525//840 531//840
f  531//841 525//841 526//841
f  531//842 526//842 532//842
f  533//843 534//843 273//843
f  532//844 526//844 534//844
f  534//845 526//845 274//845
f  534//846 274//846 273//846
f  535//847 536//847 537//847
f  537//848 536//848 538//848
f  537//849 538//849 539//849
f  535//850 533//850 536//850
f  536//851 533//851 273//851
f  536//852 273//852 538//852
f  538//853 273//853 283//853
f  540//854 541//854 542//854
f  543//855 544//855 523//855
f  523//856 544//856 524//856
f  541//857 527//857 542//857
f  542//858 527//858 524//858
f  542//859 524//859 545//859
f  545//860 524//860 544//860
f  546//861 547//861 548//861
f  548//862 547//862 549//862
f  550//863 551//863 552//863
f  552//864 551//864 546//864
f  553//865 554//865 550//865
f  546//866 548//866 552//866
f  552//867 548//867 555//867
f  552//868 555//868 556//868
f  556//869 555//869 557//869
f  556//870 557//870 558//870
f  543//871 557//871 544//871
f  544//872 557//872 555//872
f  544//873 555//873 545//873
f  545//874 555//874 548//874
f  545//875 548//875 542//875
f  542//876 548//876 549//876
f  542//877 549//877 540//877
f  543//878 559//878 557//878
f  557//879 559//879 560//879
f  557//880 560//880 558//880
f  558//881 560//881 561//881
f  558//882 561//882 562//882
f  550//883 552//883 553//883
f  553//884 552//884 556//884
f  553//885 556//885 563//885
f  563//886 556//886 558//886
f  563//887 558//887 564//887
f  564//888 558//888 562//888
f  564//889 562//889 565//889
f  566//890 567//890 568//890
f  276//891 272//891 569//891
f  569//892 272//892 385//892
f  569//893 385//893 570//893
f  570//894 567//894 569//894
f  569//895 567//895 566//895
f  569//896 566//896 276//896
f  276//897 566//897 284//897
f  571//898 285//898 284//898
f  285//899 571//899 286//899
f  286//900 571//900 572//900
f  286//901 572//901 287//901
f  284//902 566//902 571//902
f  571//903 566//903 568//903
f  571//904 568//904 572//904
f  572//905 568//905 573//905
f  572//906 573//906 574//906
f  574//907 575//907 572//907
f  572//908 575//908 576//908
f  572//909 576//909 287//909
f  287//910 576//910 288//910
f  577//911 578//911 579//911
f  580//912 581//912 582//912
f  583//913 584//913 585//913
f  586//914 587//914 588//914
f  589//915 590//915 591//915
f  283//916 289//916 591//916
f  283//917 591//917 538//917
f  538//918 591//918 590//918
f  538//919 590//919 539//919
f  592//920 589//920 577//920
f  592//921 593//921 594//921
f  594//922 593//922 595//922
f  594//923 595//923 596//923
f  596//924 595//924 597//924
f  597//925 595//925 598//925
f  597//926 598//926 599//926
f  588//927 587//927 600//927
f  600//928 587//928 601//928
f  600//929 601//929 602//929
f  603//930 604//930 605//930
f  605//931 604//931 606//931
f  605//932 606//932 607//932
f  607//933 606//933 608//933
f  607//934 608//934 609//934
f  603//935 605//935 583//935
f  583//936 605//936 610//936
f  583//937 610//937 584//937
f  611//938 612//938 585//938
f  585//939 612//939 613//939
f  585//940 613//940 583//940
f  614//941 615//941 616//941
f  616//942 615//942 617//942
f  616//943 617//943 611//943
f  611//944 617//944 618//944
f  611//945 618//945 612//945
f  581//946 619//946 607//946
f  607//947 619//947 620//947
f  607//948 620//948 605//948
f  605//949 620//949 621//949
f  605//950 621//950 610//950
f  582//951 581//951 622//951
f  579//952 575//952 623//952
f  623//953 575//953 574//953
f  623//954 574//954 624//954
f  624//955 574//955 573//955
f  624//956 573//956 625//956
f  589//957 591//957 577//957
f  577//958 591//958 289//958
f  577//959 289//959 578//959
f  578//960 289//960 288//960
f  578//961 288//961 579//961
f  579//962 288//962 576//962
f  579//963 576//963 575//963
f  608//964 602//964 609//964
f  609//965 602//965 601//965
f  609//966 601//966 607//966
f  607//967 601//967 626//967
f  607//968 626//968 581//968
f  581//969 626//969 601//969
f  581//970 601//970 622//970
f  622//971 601//971 587//971
f  622//972 587//972 598//972
f  598//973 587//973 586//973
f  598//974 586//974 599//974
f  592//975 577//975 593//975
f  593//976 577//976 579//976
f  593//977 579//977 595//977
f  595//978 579//978 623//978
f  595//979 623//979 598//979
f  598//980 623//980 624//980
f  598//981 624//981 622//981
f  622//982 624//982 625//982
f  622//983 625//983 582//983
f  582//984 625//984 627//984
f  582//985 627//985 580//985
f  628//986 629//986 630//986
f  630//987 629//987 631//987
f  630//988 631//988 632//988
f  632//989 631//989 633//989
f  633//990 631//990 634//990
f  633//991 634//991 635//991
f  635//992 634//992 636//992
f  636//993 634//993 637//993
f  636//994 637//994 638//994
f  638//995 637//995 639//995
f  639//996 637//996 640//996
f  639//997 640//997 641//997
f  641//998 640//998 642//998
f  642//999 640//999 643//999
f  642//1000 643//1000 644//1000
f  644//1001 643//1001 645//1001
f  645//1002 643//1002 646//1002
f  645//1003 646//1003 647//1003
f  647//1004 646//1004 648//1004
f  647//1005 648//1005 649//1005
f  649//1006 648//1006 650//1006
f  650//1007 648//1007 651//1007
f  650//1008 651//1008 652//1008
f  652//1009 651//1009 653//1009
f  653//1010 651//1010 654//1010
f  653//1011 654//1011 655//1011
f  656//1012 403//1012 657//1012
f  657//1013 403//1013 395//1013
f  657//1014 395//1014 658//1014
f  658//1015 395//1015 394//1015
f  658//1016 394//1016 659//1016
f  659//1017 394//1017 393//1017
f  659//1018 393//1018 660//1018
f  660//1019 393//1019 406//1019
f  660//1020 406//1020 661//1020
f  661//1021 406//1021 405//1021
f  661//1022 405//1022 662//1022
f  662//1023 405//1023 404//1023
f  662//1024 404//1024 663//1024
f  663//1025 404//1025 399//1025
f  663//1026 399//1026 664//1026
f  664//1027 399//1027 398//1027
f  664//1028 665//1028 663//1028
f  663//1029 665//1029 666//1029
f  663//1030 666//1030 662//1030
f  662//1031 666//1031 667//1031
f  662//1032 667//1032 661//1032
f  661//1033 667//1033 668//1033
f  661//1034 668//1034 660//1034
f  660//1035 668//1035 669//1035
f  660//1036 669//1036 659//1036
f  659//1037 669//1037 670//1037
f  659//1038 670//1038 658//1038
f  658//1039 670//1039 671//1039
f  658//1040 671//1040 657//1040
f  657//1041 671//1041 672//1041
f  657//1042 672//1042 656//1042
f  656//1043 672//1043 673//1043
f  665//1044 674//1044 666//1044
f  666//1045 674//1045 675//1045
f  666//1046 675//1046 667//1046
f  667//1047 675//1047 676//1047
f  667//1048 676//1048 668//1048
f  668//1049 676//1049 677//1049
f  668//1050 677//1050 669//1050
f  669//1051 677//1051 678//1051
f  669//1052 678//1052 670//1052
f  670//1053 678//1053 679//1053
f  670//1054 679//1054 671//1054
f  671//1055 679//1055 680//1055
f  671//1056 680//1056 672//1056
f  672//1057 680//1057 681//1057
f  672//1058 681//1058 673//1058
f  673//1059 681//1059 682//1059
f  683//1060 682//1060 684//1060
f  684//1061 682//1061 681//1061
f  684//1062 681//1062 685//1062
f  685//1063 681//1063 680//1063
f  685//1064 680//1064 686//1064
f  686//1065 680//1065 679//1065
f  686//1066 679//1066 687//1066
f  687//1067 679//1067 678//1067
f  687//1068 678//1068 688//1068
f  688//1069 678//1069 677//1069
f  688//1070 677//1070 689//1070
f  689//1071 677//1071 676//1071
f  689//1072 676//1072 690//1072
f  690//1073 676//1073 675//1073
f  690//1074 675//1074 691//1074
f  691//1075 675//1075 674//1075
f  691//1076 674//1076 692//1076
f  692//1077 674//1077 665//1077
f  692//1078 665//1078 693//1078
f  693//1079 665//1079 664//1079
f  693//1080 664//1080 694//1080
f  694//1081 664//1081 398//1081
f  694//1082 398//1082 397//1082
f  692//1083 695//1083 691//1083
f  691//1084 695//1084 696//1084
f  691//1085 696//1085 690//1085
f  690//1086 696//1086 697//1086
f  690//1087 697//1087 689//1087
f  689//1088 697//1088 698//1088
f  689//1089 698//1089 688//1089
f  688//1090 698//1090 699//1090
f  688//1091 699//1091 687//1091
f  687//1092 699//1092 700//1092
f  687//1093 700//1093 686//1093
f  686//1094 700//1094 701//1094
f  686//1095 701//1095 685//1095
f  685//1096 701//1096 702//1096
f  685//1097 702//1097 684//1097
f  684//1098 702//1098 703//1098
f  684//1099 703//1099 683//1099
f  683//1100 703//1100 704//1100
f  695//1101 654//1101 696//1101
f  696//1102 654//1102 651//1102
f  696//1103 651//1103 697//1103
f  697//1104 651//1104 648//1104
f  697//1105 648//1105 698//1105
f  698//1106 648//1106 646//1106
f  698//1107 646//1107 699//1107
f  699//1108 646//1108 643//1108
f  699//1109 643//1109 700//1109
f  700//1110 643//1110 640//1110
f  700//1111 640//1111 701//1111
f  701//1112 640//1112 637//1112
f  701//1113 637//1113 702//1113
f  702//1114 637//1114 634//1114
f  702//1115 634//1115 703//1115
f  703//1116 634//1116 631//1116
f  703//1117 631//1117 704//1117
f  704//1118 631//1118 629//1118
f  397//1119 396//1119 694//1119
f  694//1120 396//1120 705//1120
f  694//1121 705//1121 693//1121
f  706//1122 692//1122 707//1122
f  707//1123 692//1123 693//1123
f  707//1124 693//1124 708//1124
f  708//1125 693//1125 705//1125
f  709//1126 655//1126 710//1126
f  710//1127 655//1127 654//1127
f  710//1128 654//1128 706//1128
f  706//1129 654//1129 695//1129
f  706//1130 695//1130 692//1130
f  711//1131 712//1131 713//1131
f  713//1132 712//1132 714//1132
f  712//1133 715//1133 714//1133
f  714//1134 715//1134 716//1134
f  714//1135 716//1135 717//1135
f  716//1136 718//1136 717//1136
f  717//1137 718//1137 719//1137
f  717//1138 719//1138 720//1138
f  720//1139 719//1139 389//1139
f  720//1140 389//1140 384//1140
f  390//1141 389//1141 721//1141
f  721//1142 389//1142 719//1142
f  721//1143 719//1143 722//1143
f  722//1144 719//1144 718//1144
f  722//1145 718//1145 723//1145
f  723//1146 718//1146 716//1146
f  723//1147 716//1147 724//1147
f  724//1148 716//1148 715//1148
f  724//1149 715//1149 725//1149
f  725//1150 715//1150 712//1150
f  725//1151 712//1151 726//1151
f  726//1152 712//1152 711//1152
f  391//1153 390//1153 727//1153
f  727//1154 390//1154 721//1154
f  727//1155 721//1155 728//1155
f  728//1156 721//1156 722//1156
f  728//1157 722//1157 729//1157
f  729//1158 722//1158 723//1158
f  729//1159 723//1159 730//1159
f  730//1160 723//1160 724//1160
f  730//1161 724//1161 731//1161
f  731//1162 724//1162 725//1162
f  731//1163 725//1163 732//1163
f  732//1164 725//1164 726//1164
f  392//1165 391//1165 733//1165
f  733//1166 391//1166 727//1166
f  733//1167 727//1167 734//1167
f  734//1168 727//1168 728//1168
f  734//1169 728//1169 735//1169
f  735//1170 728//1170 729//1170
f  735//1171 729//1171 736//1171
f  736//1172 729//1172 730//1172
f  736//1173 730//1173 737//1173
f  737//1174 730//1174 731//1174
f  737//1175 731//1175 738//1175
f  738//1176 731//1176 732//1176
f  396//1177 392//1177 705//1177
f  705//1178 392//1178 733//1178
f  705//1179 733//1179 708//1179
f  708//1180 733//1180 734//1180
f  708//1181 734//1181 707//1181
f  707//1182 734//1182 735//1182
f  707//1183 735//1183 706//1183
f  706//1184 735//1184 736//1184
f  706//1185 736//1185 710//1185
f  710//1186 736//1186 737//1186
f  710//1187 737//1187 709//1187
f  709//1188 737//1188 738//1188
f  739//1189 740//1189 741//1189
f  742//1190 741//1190 743//1190
f  744//1191 745//1191 746//1191
f  629//1192 628//1192 747//1192
f  683//1193 748//1193 682//1193
f  682//1194 748//1194 749//1194
f  682//1195 749//1195 673//1195
f  673//1196 749//1196 750//1196
f  751//1197 573//1197 568//1197
f  746//1198 745//1198 751//1198
f  751//1199 745//1199 752//1199
f  751//1200 752//1200 573//1200
f  629//1201 747//1201 743//1201
f  743//1202 747//1202 753//1202
f  743//1203 753//1203 742//1203
f  754//1204 750//1204 755//1204
f  755//1205 750//1205 749//1205
f  755//1206 749//1206 756//1206
f  756//1207 749//1207 748//1207
f  403//1208 656//1208 400//1208
f  400//1209 656//1209 673//1209
f  400//1210 673//1210 401//1210
f  401//1211 673//1211 750//1211
f  401//1212 750//1212 402//1212
f  402//1213 750//1213 754//1213
f  402//1214 754//1214 388//1214
f  388//1215 754//1215 387//1215
f  757//1216 758//1216 759//1216
f  759//1217 758//1217 760//1217
f  759//1218 760//1218 761//1218
f  761//1219 760//1219 762//1219
f  763//1220 744//1220 764//1220
f  764//1221 744//1221 746//1221
f  764//1222 746//1222 765//1222
f  765//1223 746//1223 751//1223
f  765//1224 751//1224 766//1224
f  766//1225 751//1225 568//1225
f  766//1226 568//1226 567//1226
f  741//1227 740//1227 743//1227
f  743//1228 740//1228 767//1228
f  743//1229 767//1229 629//1229
f  742//1230 763//1230 741//1230
f  741//1231 763//1231 764//1231
f  741//1232 764//1232 739//1232
f  739//1233 764//1233 765//1233
f  739//1234 765//1234 762//1234
f  762//1235 765//1235 766//1235
f  762//1236 766//1236 761//1236
f  761//1237 766//1237 567//1237
f  761//1238 567//1238 759//1238
f  759//1239 567//1239 570//1239
f  759//1240 570//1240 757//1240
f  386//1241 387//1241 768//1241
f  768//1242 387//1242 754//1242
f  768//1243 754//1243 769//1243
f  769//1244 754//1244 755//1244
f  769//1245 755//1245 770//1245
f  770//1246 755//1246 756//1246
f  770//1247 756//1247 771//1247
f  771//1248 756//1248 748//1248
f  771//1249 748//1249 772//1249
f  772//1250 748//1250 683//1250
f  772//1251 683//1251 704//1251
f  570//1252 385//1252 757//1252
f  757//1253 385//1253 386//1253
f  757//1254 386//1254 758//1254
f  758//1255 386//1255 768//1255
f  758//1256 768//1256 760//1256
f  760//1257 768//1257 769//1257
f  760//1258 769//1258 762//1258
f  762//1259 769//1259 770//1259
f  762//1260 770//1260 739//1260
f  739//1261 770//1261 771//1261
f  739//1262 771//1262 740//1262
f  740//1263 771//1263 772//1263
f  740//1264 772//1264 767//1264
f  767//1265 772//1265 704//1265
f  767//1266 704//1266 629//1266
f  773//1267 176//1267 428//1267
f  432//1268 773//1268 433//1268
f  433//1269 773//1269 430//1269
f  428//1270 426//1270 773//1270
f  773//1271 426//1271 425//1271
f  773//1272 425//1272 430//1272
f  774//1273 775//1273 776//1273
f  483//1274 485//1274 777//1274
f  773//1275 432//1275 778//1275
f  778//1276 432//1276 471//1276
f  778//1277 471//1277 779//1277
f  780//1278 781//1278 782//1278
f  782//1279 781//1279 783//1279
f  782//1280 783//1280 784//1280
f  784//1281 783//1281 779//1281
f  785//1282 786//1282 787//1282
f  787//1283 786//1283 788//1283
f  787//1284 788//1284 789//1284
f  790//1285 791//1285 786//1285
f  786//1286 791//1286 792//1286
f  786//1287 792//1287 788//1287
f  793//1288 794//1288 795//1288
f  795//1289 794//1289 796//1289
f  795//1290 796//1290 790//1290
f  790//1291 796//1291 797//1291
f  790//1292 797//1292 791//1292
f  550//1293 554//1293 798//1293
f  550//1294 775//1294 551//1294
f  551//1295 775//1295 774//1295
f  551//1296 774//1296 546//1296
f  546//1297 774//1297 777//1297
f  546//1298 777//1298 547//1298
f  547//1299 777//1299 549//1299
f  549//1300 777//1300 485//1300
f  549//1301 485//1301 540//1301
f  469//1302 461//1302 527//1302
f  485//1303 487//1303 540//1303
f  540//1304 487//1304 469//1304
f  540//1305 469//1305 541//1305
f  541//1306 469//1306 527//1306
f  481//1307 482//1307 776//1307
f  776//1308 482//1308 514//1308
f  776//1309 514//1309 774//1309
f  774//1310 514//1310 518//1310
f  774//1311 518//1311 777//1311
f  777//1312 518//1312 467//1312
f  777//1313 467//1313 483//1313
f  776//1314 780//1314 481//1314
f  481//1315 780//1315 782//1315
f  481//1316 782//1316 480//1316
f  480//1317 782//1317 784//1317
f  480//1318 784//1318 478//1318
f  471//1319 473//1319 779//1319
f  779//1320 473//1320 475//1320
f  779//1321 475//1321 784//1321
f  784//1322 475//1322 477//1322
f  784//1323 477//1323 478//1323
f  798//1324 793//1324 550//1324
f  550//1325 793//1325 795//1325
f  550//1326 795//1326 775//1326
f  775//1327 795//1327 790//1327
f  775//1328 790//1328 776//1328
f  776//1329 790//1329 786//1329
f  776//1330 786//1330 780//1330
f  780//1331 786//1331 785//1331
f  780//1332 785//1332 781//1332
f  527//1333 461//1333 449//1333
f  251//1334 527//1334 450//1334
f  450//1335 527//1335 445//1335
f  449//1336 448//1336 527//1336
f  527//1337 448//1337 446//1337
f  527//1338 446//1338 445//1338
f  799//1339 565//1339 800//1339
f  800//1340 565//1340 562//1340
f  800//1341 562//1341 801//1341
f  801//1342 562//1342 561//1342
f  801//1343 561//1343 802//1343
f  802//1344 561//1344 560//1344
f  802//1345 560//1345 803//1345
f  803//1346 560//1346 559//1346
f  803//1347 559//1347 804//1347
f  804//1348 559//1348 543//1348
f  804//1349 543//1349 805//1349
f  805//1350 543//1350 523//1350
f  805//1351 523//1351 528//1351
f  420//1352 423//1352 806//1352
f  807//1353 808//1353 809//1353
f  809//1354 808//1354 810//1354
f  809//1355 810//1355 806//1355
f  806//1356 810//1356 811//1356
f  806//1357 811//1357 420//1357
f  420//1358 811//1358 421//1358
f  807//1359 809//1359 812//1359
f  812//1360 809//1360 813//1360
f  812//1361 813//1361 814//1361
f  814//1362 813//1362 815//1362
f  814//1363 815//1363 816//1363
f  817//1364 818//1364 819//1364
f  820//1365 821//1365 822//1365
f  823//1366 824//1366 825//1366
f  826//1367 655//1367 709//1367
f  827//1368 828//1368 829//1368
f  829//1369 828//1369 830//1369
f  829//1370 830//1370 831//1370
f  832//1371 833//1371 834//1371
f  834//1372 833//1372 835//1372
f  817//1373 836//1373 818//1373
f  818//1374 836//1374 837//1374
f  818//1375 837//1375 838//1375
f  713//1376 839//1376 817//1376
f  817//1377 839//1377 840//1377
f  817//1378 840//1378 836//1378
f  711//1379 841//1379 726//1379
f  726//1380 841//1380 842//1380
f  726//1381 842//1381 732//1381
f  732//1382 842//1382 827//1382
f  732//1383 827//1383 738//1383
f  738//1384 827//1384 829//1384
f  738//1385 829//1385 709//1385
f  709//1386 829//1386 831//1386
f  709//1387 831//1387 826//1387
f  835//1388 843//1388 834//1388
f  834//1389 843//1389 844//1389
f  834//1390 844//1390 845//1390
f  845//1391 844//1391 819//1391
f  845//1392 819//1392 822//1392
f  822//1393 819//1393 818//1393
f  822//1394 818//1394 820//1394
f  820//1395 818//1395 838//1395
f  824//1396 846//1396 825//1396
f  825//1397 846//1397 847//1397
f  825//1398 847//1398 848//1398
f  848//1399 847//1399 849//1399
f  848//1400 849//1400 850//1400
f  821//1401 823//1401 822//1401
f  822//1402 823//1402 825//1402
f  822//1403 825//1403 845//1403
f  845//1404 825//1404 848//1404
f  845//1405 848//1405 834//1405
f  834//1406 848//1406 850//1406
f  834//1407 850//1407 832//1407
f  832//1408 850//1408 851//1408
f  835//1409 828//1409 843//1409
f  843//1410 828//1410 827//1410
f  843//1411 827//1411 844//1411
f  844//1412 827//1412 842//1412
f  844//1413 842//1413 819//1413
f  819//1414 842//1414 841//1414
f  819//1415 841//1415 817//1415
f  817//1416 841//1416 711//1416
f  817//1417 711//1417 713//1417
f  852//1418 833//1418 832//1418
f  853//1419 854//1419 855//1419
f  856//1420 855//1420 857//1420
f  857//1421 855//1421 854//1421
f  857//1422 854//1422 858//1422
f  859//1423 860//1423 861//1423
f  861//1424 860//1424 862//1424
f  861//1425 862//1425 851//1425
f  851//1426 862//1426 863//1426
f  831//1427 830//1427 864//1427
f  864//1428 830//1428 865//1428
f  864//1429 865//1429 866//1429
f  655//1430 826//1430 653//1430
f  653//1431 826//1431 867//1431
f  653//1432 867//1432 652//1432
f  652//1433 867//1433 868//1433
f  652//1434 868//1434 650//1434
f  650//1435 868//1435 649//1435
f  869//1436 641//1436 642//1436
f  855//1437 870//1437 853//1437
f  853//1438 870//1438 871//1438
f  853//1439 871//1439 872//1439
f  872//1440 871//1440 873//1440
f  872//1441 873//1441 874//1441
f  874//1442 873//1442 875//1442
f  874//1443 875//1443 876//1443
f  876//1444 875//1444 877//1444
f  876//1445 877//1445 878//1445
f  878//1446 877//1446 869//1446
f  878//1447 869//1447 879//1447
f  879//1448 869//1448 642//1448
f  879//1449 642//1449 644//1449
f  835//1450 833//1450 880//1450
f  880//1451 833//1451 852//1451
f  880//1452 852//1452 881//1452
f  860//1453 882//1453 862//1453
f  862//1454 882//1454 883//1454
f  862//1455 883//1455 863//1455
f  863//1456 883//1456 884//1456
f  863//1457 884//1457 885//1457
f  885//1458 884//1458 886//1458
f  885//1459 886//1459 887//1459
f  645//1460 647//1460 888//1460
f  888//1461 647//1461 649//1461
f  888//1462 649//1462 889//1462
f  889//1463 649//1463 868//1463
f  889//1464 868//1464 890//1464
f  890//1465 868//1465 891//1465
f  881//1466 892//1466 880//1466
f  880//1467 892//1467 893//1467
f  880//1468 893//1468 835//1468
f  835//1469 893//1469 828//1469
f  886//1470 891//1470 887//1470
f  887//1471 891//1471 868//1471
f  887//1472 868//1472 866//1472
f  866//1473 868//1473 867//1473
f  866//1474 867//1474 864//1474
f  864//1475 867//1475 826//1475
f  864//1476 826//1476 831//1476
f  830//1477 828//1477 865//1477
f  865//1478 828//1478 893//1478
f  865//1479 893//1479 866//1479
f  866//1480 893//1480 892//1480
f  866//1481 892//1481 887//1481
f  887//1482 892//1482 881//1482
f  887//1483 881//1483 885//1483
f  885//1484 881//1484 852//1484
f  885//1485 852//1485 863//1485
f  863//1486 852//1486 832//1486
f  863//1487 832//1487 851//1487
f  882//1488 858//1488 883//1488
f  883//1489 858//1489 854//1489
f  883//1490 854//1490 884//1490
f  884//1491 854//1491 853//1491
f  884//1492 853//1492 886//1492
f  886//1493 853//1493 872//1493
f  886//1494 872//1494 891//1494
f  891//1495 872//1495 874//1495
f  891//1496 874//1496 890//1496
f  890//1497 874//1497 876//1497
f  890//1498 876//1498 889//1498
f  889//1499 876//1499 878//1499
f  889//1500 878//1500 888//1500
f  888//1501 878//1501 879//1501
f  888//1502 879//1502 645//1502
f  645//1503 879//1503 644//1503
f  632//1504 633//1504 894//1504
f  895//1505 896//1505 897//1505
f  897//1506 896//1506 898//1506
f  897//1507 898//1507 899//1507
f  899//1508 898//1508 628//1508
f  900//1509 901//1509 895//1509
f  895//1510 901//1510 902//1510
f  895//1511 902//1511 896//1511
f  903//1512 904//1512 905//1512
f  856//1513 906//1513 855//1513
f  855//1514 906//1514 907//1514
f  855//1515 907//1515 870//1515
f  877//1516 875//1516 908//1516
f  908//1517 875//1517 873//1517
f  908//1518 873//1518 907//1518
f  907//1519 873//1519 871//1519
f  907//1520 871//1520 870//1520
f  641//1521 869//1521 639//1521
f  639//1522 869//1522 909//1522
f  639//1523 909//1523 638//1523
f  638//1524 909//1524 636//1524
f  636//1525 909//1525 910//1525
f  636//1526 910//1526 635//1526
f  633//1527 635//1527 894//1527
f  894//1528 635//1528 910//1528
f  894//1529 910//1529 911//1529
f  911//1530 910//1530 909//1530
f  900//1531 895//1531 912//1531
f  912//1532 895//1532 897//1532
f  912//1533 897//1533 913//1533
f  913//1534 897//1534 899//1534
f  913//1535 899//1535 914//1535
f  914//1536 899//1536 628//1536
f  914//1537 628//1537 630//1537
f  630//1538 632//1538 914//1538
f  914//1539 632//1539 894//1539
f  914//1540 894//1540 913//1540
f  913//1541 894//1541 911//1541
f  913//1542 911//1542 912//1542
f  912//1543 911//1543 915//1543
f  912//1544 915//1544 900//1544
f  900//1545 915//1545 916//1545
f  869//1546 877//1546 909//1546
f  909//1547 877//1547 908//1547
f  909//1548 908//1548 911//1548
f  911//1549 908//1549 907//1549
f  911//1550 907//1550 915//1550
f  915//1551 907//1551 906//1551
f  915//1552 906//1552 916//1552
f  916//1553 906//1553 903//1553
f  916//1554 903//1554 900//1554
f  900//1555 903//1555 905//1555
f  900//1556 905//1556 901//1556
f  917//1557 918//1557 919//1557
f  919//1558 918//1558 920//1558
f  625//1559 573//1559 752//1559
f  745//1560 744//1560 921//1560
f  747//1561 922//1561 753//1561
f  753//1562 922//1562 923//1562
f  753//1563 923//1563 742//1563
f  742//1564 923//1564 924//1564
f  742//1565 924//1565 763//1565
f  625//1566 752//1566 627//1566
f  627//1567 752//1567 925//1567
f  627//1568 925//1568 580//1568
f  580//1569 925//1569 581//1569
f  581//1570 925//1570 926//1570
f  581//1571 926//1571 619//1571
f  619//1572 926//1572 927//1572
f  619//1573 927//1573 620//1573
f  610//1574 928//1574 584//1574
f  584//1575 928//1575 929//1575
f  584//1576 929//1576 585//1576
f  585//1577 929//1577 930//1577
f  585//1578 930//1578 611//1578
f  931//1579 932//1579 616//1579
f  616//1580 932//1580 614//1580
f  904//1581 933//1581 905//1581
f  905//1582 933//1582 934//1582
f  905//1583 934//1583 901//1583
f  901//1584 934//1584 935//1584
f  901//1585 935//1585 902//1585
f  902//1586 935//1586 919//1586
f  902//1587 919//1587 896//1587
f  896//1588 919//1588 920//1588
f  896//1589 920//1589 898//1589
f  610//1590 621//1590 928//1590
f  928//1591 621//1591 620//1591
f  928//1592 620//1592 936//1592
f  936//1593 620//1593 927//1593
f  936//1594 927//1594 937//1594
f  937//1595 927//1595 926//1595
f  937//1596 926//1596 921//1596
f  921//1597 926//1597 925//1597
f  921//1598 925//1598 745//1598
f  745//1599 925//1599 752//1599
f  933//1600 932//1600 934//1600
f  934//1601 932//1601 931//1601
f  934//1602 931//1602 935//1602
f  935//1603 931//1603 938//1603
f  935//1604 938//1604 919//1604
f  919//1605 938//1605 939//1605
f  919//1606 939//1606 917//1606
f  917//1607 924//1607 918//1607
f  918//1608 924//1608 923//1608
f  918//1609 923//1609 920//1609
f  920//1610 923//1610 922//1610
f  920//1611 922//1611 898//1611
f  898//1612 922//1612 747//1612
f  898//1613 747//1613 628//1613
f  744//1614 763//1614 921//1614
f  921//1615 763//1615 924//1615
f  921//1616 924//1616 937//1616
f  937//1617 924//1617 917//1617
f  937//1618 917//1618 936//1618
f  936//1619 917//1619 939//1619
f  936//1620 939//1620 928//1620
f  928//1621 939//1621 938//1621
f  928//1622 938//1622 929//1622
f  929//1623 938//1623 931//1623
f  929//1624 931//1624 930//1624
f  930//1625 931//1625 616//1625
f  930//1626 616//1626 611//1626
f  940//1627 941//1627 942//1627
f  861//1628 943//1628 859//1628
f  859//1629 943//1629 944//1629
f  943//1630 945//1630 944//1630
f  944//1631 945//1631 942//1631
f  944//1632 942//1632 946//1632
f  946//1633 942//1633 941//1633
f  946//1634 941//1634 947//1634
f  846//1635 940//1635 847//1635
f  847//1636 940//1636 942//1636
f  847//1637 942//1637 849//1637
f  849//1638 942//1638 945//1638
f  849//1639 945//1639 850//1639
f  850//1640 945//1640 943//1640
f  850//1641 943//1641 851//1641
f  851//1642 943//1642 861//1642
f  948//1643 949//1643 950//1643
f  949//1644 948//1644 951//1644
f  950//1645 952//1645 948//1645
f  948//1646 952//1646 953//1646
f  948//1647 953//1647 954//1647
f  953//1648 955//1648 954//1648
f  954//1649 955//1649 956//1649
f  954//1650 956//1650 957//1650
f  957//1651 956//1651 958//1651
f  957//1652 958//1652 959//1652
f  960//1653 961//1653 962//1653
f  962//1654 961//1654 963//1654
f  951//1655 948//1655 964//1655
f  964//1656 948//1656 965//1656
f  964//1657 965//1657 966//1657
f  604//1658 967//1658 968//1658
f  969//1659 970//1659 965//1659
f  965//1660 970//1660 971//1660
f  965//1661 971//1661 966//1661
f  615//1662 972//1662 973//1662
f  973//1663 972//1663 974//1663
f  973//1664 974//1664 963//1664
f  963//1665 974//1665 975//1665
f  963//1666 975//1666 962//1666
f  615//1667 973//1667 617//1667
f  617//1668 973//1668 976//1668
f  617//1669 976//1669 618//1669
f  618//1670 976//1670 977//1670
f  618//1671 977//1671 612//1671
f  604//1672 603//1672 967//1672
f  967//1673 603//1673 583//1673
f  967//1674 583//1674 977//1674
f  977//1675 583//1675 613//1675
f  977//1676 613//1676 612//1676
f  799//1677 978//1677 979//1677
f  979//1678 978//1678 957//1678
f  979//1679 957//1679 980//1679
f  980//1680 957//1680 959//1680
f  981//1681 982//1681 983//1681
f  984//1682 985//1682 986//1682
f  986//1683 985//1683 961//1683
f  986//1684 961//1684 987//1684
f  987//1685 961//1685 960//1685
f  988//1686 989//1686 965//1686
f  965//1687 989//1687 990//1687
f  965//1688 990//1688 969//1688
f  991//1689 608//1689 968//1689
f  968//1690 608//1690 606//1690
f  968//1691 606//1691 604//1691
f  588//1692 600//1692 991//1692
f  991//1693 600//1693 602//1693
f  991//1694 602//1694 608//1694
f  802//1695 992//1695 801//1695
f  801//1696 992//1696 978//1696
f  801//1697 978//1697 800//1697
f  800//1698 978//1698 799//1698
f  983//1699 993//1699 981//1699
f  981//1700 993//1700 994//1700
f  981//1701 994//1701 988//1701
f  988//1702 994//1702 995//1702
f  988//1703 995//1703 989//1703
f  984//1704 996//1704 985//1704
f  985//1705 996//1705 997//1705
f  985//1706 997//1706 998//1706
f  999//1707 1000//1707 1001//1707
f  1001//1708 1000//1708 1002//1708
f  1001//1709 1002//1709 981//1709
f  981//1710 1002//1710 1003//1710
f  981//1711 1003//1711 982//1711
f  805//1712 1004//1712 804//1712
f  804//1713 1004//1713 992//1713
f  804//1714 992//1714 803//1714
f  803//1715 992//1715 802//1715
f  1005//1716 1006//1716 1007//1716
f  1007//1717 1006//1717 998//1717
f  1007//1718 998//1718 1008//1718
f  1008//1719 998//1719 997//1719
f  588//1720 991//1720 586//1720
f  586//1721 991//1721 1009//1721
f  586//1722 1009//1722 599//1722
f  599//1723 1009//1723 597//1723
f  597//1724 1009//1724 1010//1724
f  597//1725 1010//1725 596//1725
f  1005//1726 1011//1726 1006//1726
f  1006//1727 1011//1727 1012//1727
f  1006//1728 1012//1728 1013//1728
f  805//1729 528//1729 1004//1729
f  1004//1730 528//1730 529//1730
f  1004//1731 529//1731 1014//1731
f  1014//1732 529//1732 530//1732
f  1014//1733 530//1733 531//1733
f  1015//1734 1016//1734 1017//1734
f  1017//1735 1016//1735 1018//1735
f  1019//1736 1020//1736 1001//1736
f  1001//1737 1020//1737 1021//1737
f  1001//1738 1021//1738 999//1738
f  596//1739 1010//1739 594//1739
f  594//1740 1010//1740 1022//1740
f  594//1741 1022//1741 592//1741
f  1023//1742 535//1742 537//1742
f  537//1743 539//1743 1023//1743
f  1023//1744 539//1744 590//1744
f  1023//1745 590//1745 1022//1745
f  1022//1746 590//1746 589//1746
f  1022//1747 589//1747 592//1747
f  1018//1748 1024//1748 1017//1748
f  1017//1749 1024//1749 1025//1749
f  1017//1750 1025//1750 1019//1750
f  1019//1751 1025//1751 1026//1751
f  1019//1752 1026//1752 1020//1752
f  531//1753 532//1753 1014//1753
f  1014//1754 532//1754 534//1754
f  1014//1755 534//1755 1023//1755
f  1023//1756 534//1756 533//1756
f  1023//1757 533//1757 535//1757
f  1012//1758 1027//1758 1013//1758
f  1013//1759 1027//1759 1028//1759
f  1013//1760 1028//1760 1017//1760
f  1017//1761 1028//1761 1029//1761
f  1017//1762 1029//1762 1015//1762
f  1030//1763 40//1763 1031//1763
f  1031//1764 40//1764 42//1764
f  1031//1765 42//1765 1032//1765
f  1032//1766 42//1766 1033//1766
f  1034//1767 34//1767 1035//1767
f  1035//1768 34//1768 36//1768
f  1035//1769 36//1769 1036//1769
f  38//1770 1037//1770 36//1770
f  36//1771 1037//1771 1038//1771
f  36//1772 1038//1772 1036//1772
f  1030//1773 1039//1773 40//1773
f  40//1774 1039//1774 1040//1774
f  40//1775 1040//1775 38//1775
f  38//1776 1040//1776 1041//1776
f  38//1777 1041//1777 1037//1777
f  12//1778 1042//1778 1043//1778
f  1042//1779 12//1779 1044//1779
f  1034//1780 1045//1780 34//1780
f  34//1781 1045//1781 1046//1781
f  34//1782 1046//1782 32//1782
f  32//1783 1046//1783 1047//1783
f  32//1784 1047//1784 30//1784
f  30//1785 1047//1785 1048//1785
f  30//1786 1048//1786 1049//1786
f  1050//1787 1051//1787 46//1787
f  46//1788 1051//1788 1052//1788
f  46//1789 1052//1789 44//1789
f  44//1790 1052//1790 1053//1790
f  44//1791 1053//1791 42//1791
f  42//1792 1053//1792 1054//1792
f  42//1793 1054//1793 1033//1793
f  6//1794 1055//1794 1056//1794
f  1057//1795 1058//1795 8//1795
f  8//1796 1058//1796 1059//1796
f  8//1797 1059//1797 6//1797
f  6//1798 1059//1798 1060//1798
f  6//1799 1060//1799 1055//1799
f  1057//1800 8//1800 1061//1800
f  1061//1801 8//1801 10//1801
f  1061//1802 10//1802 1062//1802
f  1063//1803 1064//1803 48//1803
f  48//1804 1064//1804 1065//1804
f  48//1805 1065//1805 46//1805
f  46//1806 1065//1806 1066//1806
f  46//1807 1066//1807 1050//1807
f  1067//1808 54//1808 56//1808
f  1068//1809 1069//1809 1//1809
f  1//1810 1069//1810 1070//1810
f  1043//1811 1071//1811 12//1811
f  12//1812 1071//1812 1072//1812
f  12//1813 1072//1813 10//1813
f  10//1814 1072//1814 1073//1814
f  10//1815 1073//1815 1062//1815
f  1044//1816 12//1816 1074//1816
f  1074//1817 12//1817 14//1817
f  1074//1818 14//1818 1075//1818
f  1076//1819 1077//1819 16//1819
f  16//1820 1077//1820 1078//1820
f  1078//1821 1079//1821 16//1821
f  16//1822 1079//1822 1080//1822
f  16//1823 1080//1823 14//1823
f  14//1824 1080//1824 1081//1824
f  14//1825 1081//1825 1075//1825
f  1082//1826 1083//1826 50//1826
f  50//1827 1083//1827 1084//1827
f  50//1828 1084//1828 48//1828
f  48//1829 1084//1829 1085//1829
f  48//1830 1085//1830 1063//1830
f  1082//1831 50//1831 1086//1831
f  1086//1832 50//1832 52//1832
f  1086//1833 52//1833 1087//1833
f  1068//1834 1//1834 1088//1834
f  1088//1835 1//1835 4//1835
f  1088//1836 4//1836 1089//1836
f  1070//1837 1090//1837 1//1837
f  1//1838 1090//1838 1091//1838
f  1//1839 1091//1839 56//1839
f  56//1840 1091//1840 1092//1840
f  56//1841 1092//1841 1067//1841
f  1056//1842 1093//1842 6//1842
f  6//1843 1093//1843 1094//1843
f  6//1844 1094//1844 4//1844
f  4//1845 1094//1845 1095//1845
f  4//1846 1095//1846 1089//1846
f  1049//1847 1096//1847 30//1847
f  30//1848 1096//1848 409//1848
f  30//1849 409//1849 28//1849
f  28//1850 409//1850 410//1850
f  28//1851 410//1851 411//1851
f  1067//1852 1097//1852 54//1852
f  54//1853 1097//1853 1098//1853
f  54//1854 1098//1854 52//1854
f  52//1855 1098//1855 1099//1855
f  52//1856 1099//1856 1087//1856
f  1100//1857 1101//1857 18//1857
f  18//1858 1101//1858 1102//1858
f  18//1859 1102//1859 16//1859
f  16//1860 1102//1860 1103//1860
f  16//1861 1103//1861 1076//1861
f  814//1862 816//1862 20//1862
f  20//1863 816//1863 1104//1863
f  20//1864 1104//1864 18//1864
f  18//1865 1104//1865 1105//1865
f  18//1866 1105//1866 1100//1866
f  415//1867 26//1867 413//1867
f  413//1868 26//1868 28//1868
f  413//1869 28//1869 412//1869
f  412//1870 28//1870 411//1870
f  814//1871 20//1871 812//1871
f  812//1872 20//1872 22//1872
f  812//1873 22//1873 807//1873
f  421//1874 811//1874 24//1874
f  24//1875 811//1875 810//1875
f  24//1876 810//1876 22//1876
f  22//1877 810//1877 808//1877
f  22//1878 808//1878 807//1878
f  415//1879 417//1879 26//1879
f  26//1880 417//1880 419//1880
f  26//1881 419//1881 24//1881
f  24//1882 419//1882 422//1882
f  24//1883 422//1883 421//1883
f  1106//1884 1107//1884 1108//1884
f  1109//1885 1110//1885 1111//1885
f  1112//1886 1113//1886 1091//1886
f  1104//1887 816//1887 1114//1887
f  1104//1888 1114//1888 1105//1888
f  1105//1889 1114//1889 1115//1889
f  1105//1890 1115//1890 1100//1890
f  1100//1891 1115//1891 1101//1891
f  1101//1892 1115//1892 1116//1892
f  1101//1893 1116//1893 1102//1893
f  1102//1894 1116//1894 1103//1894
f  1103//1895 1116//1895 1117//1895
f  1103//1896 1117//1896 1076//1896
f  1081//1897 1080//1897 1118//1897
f  1080//1898 1079//1898 1118//1898
f  1118//1899 1079//1899 1078//1899
f  1118//1900 1078//1900 1117//1900
f  1117//1901 1078//1901 1077//1901
f  1117//1902 1077//1902 1076//1902
f  1119//1903 1074//1903 1108//1903
f  1108//1904 1074//1904 1075//1904
f  1108//1905 1075//1905 1081//1905
f  1071//1906 1043//1906 1120//1906
f  1120//1907 1043//1907 1042//1907
f  1120//1908 1042//1908 1119//1908
f  1119//1909 1042//1909 1044//1909
f  1119//1910 1044//1910 1074//1910
f  1071//1911 1120//1911 1072//1911
f  1072//1912 1120//1912 1111//1912
f  1072//1913 1111//1913 1073//1913
f  1121//1914 1061//1914 1111//1914
f  1111//1915 1061//1915 1062//1915
f  1111//1916 1062//1916 1073//1916
f  1055//1917 1060//1917 1122//1917
f  1122//1918 1060//1918 1059//1918
f  1122//1919 1059//1919 1123//1919
f  1123//1920 1059//1920 1058//1920
f  1123//1921 1058//1921 1121//1921
f  1121//1922 1058//1922 1057//1922
f  1121//1923 1057//1923 1061//1923
f  1055//1924 1122//1924 1056//1924
f  1056//1925 1122//1925 1124//1925
f  1056//1926 1124//1926 1093//1926
f  1125//1927 1126//1927 1088//1927
f  1088//1928 1089//1928 1125//1928
f  1125//1929 1089//1929 1095//1929
f  1125//1930 1095//1930 1124//1930
f  1124//1931 1095//1931 1094//1931
f  1124//1932 1094//1932 1093//1932
f  1091//1933 1090//1933 1112//1933
f  1112//1934 1090//1934 1070//1934
f  1112//1935 1070//1935 1127//1935
f  1127//1936 1070//1936 1069//1936
f  1127//1937 1069//1937 1126//1937
f  1126//1938 1069//1938 1068//1938
f  1126//1939 1068//1939 1088//1939
f  1128//1940 1129//1940 1127//1940
f  1127//1941 1129//1941 1130//1941
f  1127//1942 1130//1942 1112//1942
f  1112//1943 1130//1943 1131//1943
f  1112//1944 1131//1944 1113//1944
f  1128//1945 1127//1945 1132//1945
f  1132//1946 1127//1946 1126//1946
f  1132//1947 1126//1947 1133//1947
f  1133//1948 1126//1948 1125//1948
f  1133//1949 1125//1949 1134//1949
f  1124//1950 1135//1950 1136//1950
f  1124//1951 1136//1951 1125//1951
f  1125//1952 1136//1952 1137//1952
f  1125//1953 1137//1953 1134//1953
f  1138//1954 1139//1954 1122//1954
f  1122//1955 1139//1955 1140//1955
f  1122//1956 1140//1956 1124//1956
f  1124//1957 1140//1957 1141//1957
f  1124//1958 1141//1958 1135//1958
f  1138//1959 1122//1959 1142//1959
f  1142//1960 1122//1960 1123//1960
f  1142//1961 1123//1961 1143//1961
f  1143//1962 1123//1962 1121//1962
f  1143//1963 1121//1963 1144//1963
f  1110//1964 1145//1964 1111//1964
f  1111//1965 1145//1965 1146//1965
f  1111//1966 1146//1966 1121//1966
f  1121//1967 1146//1967 1147//1967
f  1121//1968 1147//1968 1144//1968
f  1109//1969 1111//1969 1148//1969
f  1148//1970 1111//1970 1120//1970
f  1148//1971 1120//1971 1149//1971
f  1149//1972 1120//1972 1119//1972
f  1149//1973 1119//1973 1150//1973
f  1108//1974 1107//1974 1119//1974
f  1119//1975 1107//1975 1151//1975
f  1119//1976 1151//1976 1150//1976
f  1081//1977 1118//1977 1108//1977
f  1108//1978 1118//1978 1152//1978
f  1108//1979 1152//1979 1106//1979
f  1153//1980 1154//1980 1117//1980
f  1117//1981 1154//1981 1155//1981
f  1117//1982 1155//1982 1118//1982
f  1118//1983 1155//1983 1156//1983
f  1118//1984 1156//1984 1152//1984
f  1153//1985 1117//1985 1157//1985
f  1157//1986 1117//1986 1116//1986
f  1157//1987 1116//1987 1158//1987
f  1158//1988 1116//1988 1115//1988
f  1158//1989 1115//1989 1159//1989
f  816//1990 815//1990 1114//1990
f  1114//1991 815//1991 1160//1991
f  1114//1992 1160//1992 1115//1992
f  1115//1993 1160//1993 1161//1993
f  1115//1994 1161//1994 1159//1994
f  1162//1995 1163//1995 1164//1995
f  563//1996 564//1996 1165//1996
f  553//1997 563//1997 1166//1997
f  1167//1998 1168//1998 1169//1998
f  1169//1999 1168//1999 554//1999
f  1169//2000 554//2000 553//2000
f  1170//2001 1171//2001 1172//2001
f  1172//2002 1171//2002 1173//2002
f  1172//2003 1173//2003 1167//2003
f  1167//2004 1173//2004 1174//2004
f  1167//2005 1174//2005 1168//2005
f  1175//2006 1176//2006 1177//2006
f  1177//2007 1176//2007 1178//2007
f  1177//2008 1178//2008 1170//2008
f  1170//2009 1178//2009 1179//2009
f  1170//2010 1179//2010 1171//2010
f  1175//2011 1177//2011 1180//2011
f  1180//2012 1177//2012 1181//2012
f  1180//2013 1181//2013 1182//2013
f  1182//2014 1181//2014 1183//2014
f  1183//2015 1181//2015 1184//2015
f  1183//2016 1184//2016 1185//2016
f  1186//2017 1187//2017 1188//2017
f  1188//2018 1187//2018 1189//2018
f  1188//2019 1189//2019 1190//2019
f  1190//2020 1189//2020 1191//2020
f  1190//2021 1191//2021 1192//2021
f  1192//2022 1191//2022 1193//2022
f  1192//2023 1193//2023 1194//2023
f  1194//2024 1193//2024 1195//2024
f  1194//2025 1195//2025 1196//2025
f  1196//2026 1195//2026 1197//2026
f  1196//2027 1197//2027 1198//2027
f  1198//2028 1197//2028 1165//2028
f  1198//2029 1165//2029 1199//2029
f  1199//2030 1165//2030 564//2030
f  1199//2031 564//2031 565//2031
f  1185//2032 1184//2032 1200//2032
f  1200//2033 1184//2033 1201//2033
f  1200//2034 1201//2034 1202//2034
f  1188//2035 1203//2035 1186//2035
f  1186//2036 1203//2036 1204//2036
f  1186//2037 1204//2037 1205//2037
f  1202//2038 1201//2038 1206//2038
f  1206//2039 1201//2039 1207//2039
f  1206//2040 1207//2040 1208//2040
f  1204//2041 1209//2041 1205//2041
f  1205//2042 1209//2042 1210//2042
f  1205//2043 1210//2043 1211//2043
f  1208//2044 1207//2044 1212//2044
f  1212//2045 1207//2045 1213//2045
f  1212//2046 1213//2046 1214//2046
f  1210//2047 1215//2047 1211//2047
f  1211//2048 1215//2048 1216//2048
f  1211//2049 1216//2049 1217//2049
f  1214//2050 1213//2050 1218//2050
f  1218//2051 1213//2051 1219//2051
f  1218//2052 1219//2052 1220//2052
f  1216//2053 1221//2053 1217//2053
f  1217//2054 1221//2054 1222//2054
f  1217//2055 1222//2055 1223//2055
f  1220//2056 1219//2056 1224//2056
f  1224//2057 1219//2057 1225//2057
f  1224//2058 1225//2058 1226//2058
f  1222//2059 1227//2059 1223//2059
f  1223//2060 1227//2060 1228//2060
f  1223//2061 1228//2061 1229//2061
f  1226//2062 1225//2062 1230//2062
f  1230//2063 1225//2063 1231//2063
f  1230//2064 1231//2064 1232//2064
f  1228//2065 1233//2065 1229//2065
f  1229//2066 1233//2066 1234//2066
f  1229//2067 1234//2067 1235//2067
f  1235//2068 1234//2068 1236//2068
f  563//2069 1165//2069 1166//2069
f  1166//2070 1165//2070 1197//2070
f  1166//2071 1197//2071 1237//2071
f  1237//2072 1197//2072 1195//2072
f  1237//2073 1195//2073 1238//2073
f  1238//2074 1195//2074 1193//2074
f  1238//2075 1193//2075 1239//2075
f  1239//2076 1193//2076 1191//2076
f  1239//2077 1191//2077 1240//2077
f  1240//2078 1191//2078 1189//2078
f  1240//2079 1189//2079 1241//2079
f  1241//2080 1189//2080 1187//2080
f  1241//2081 1187//2081 1242//2081
f  1242//2082 1187//2082 1186//2082
f  1242//2083 1186//2083 1243//2083
f  1243//2084 1186//2084 1205//2084
f  1243//2085 1205//2085 1244//2085
f  1244//2086 1205//2086 1211//2086
f  1244//2087 1211//2087 1245//2087
f  1245//2088 1211//2088 1217//2088
f  1245//2089 1217//2089 1246//2089
f  1246//2090 1217//2090 1223//2090
f  1246//2091 1223//2091 1247//2091
f  1247//2092 1223//2092 1229//2092
f  1247//2093 1229//2093 1248//2093
f  1248//2094 1229//2094 1235//2094
f  1248//2095 1235//2095 1249//2095
f  553//2096 1166//2096 1169//2096
f  1169//2097 1166//2097 1237//2097
f  1169//2098 1237//2098 1167//2098
f  1167//2099 1237//2099 1238//2099
f  1167//2100 1238//2100 1172//2100
f  1172//2101 1238//2101 1239//2101
f  1172//2102 1239//2102 1170//2102
f  1170//2103 1239//2103 1240//2103
f  1170//2104 1240//2104 1177//2104
f  1177//2105 1240//2105 1241//2105
f  1177//2106 1241//2106 1181//2106
f  1181//2107 1241//2107 1242//2107
f  1181//2108 1242//2108 1184//2108
f  1184//2109 1242//2109 1243//2109
f  1184//2110 1243//2110 1201//2110
f  1201//2111 1243//2111 1244//2111
f  1201//2112 1244//2112 1207//2112
f  1207//2113 1244//2113 1245//2113
f  1207//2114 1245//2114 1213//2114
f  1213//2115 1245//2115 1246//2115
f  1213//2116 1246//2116 1219//2116
f  1219//2117 1246//2117 1247//2117
f  1219//2118 1247//2118 1225//2118
f  1225//2119 1247//2119 1248//2119
f  1225//2120 1248//2120 1231//2120
f  1231//2121 1248//2121 1249//2121
f  1231//2122 1249//2122 1250//2122
f  1162//2123 1164//2123 1251//2123
f  1252//2124 1253//2124 1250//2124
f  1250//2125 1253//2125 1254//2125
f  1250//2126 1254//2126 1231//2126
f  1231//2127 1254//2127 1255//2127
f  1231//2128 1255//2128 1232//2128
f  1256//2129 1257//2129 1258//2129
f  1258//2130 1257//2130 1259//2130
f  1258//2131 1259//2131 1260//2131
f  1260//2132 1259//2132 1164//2132
f  1260//2133 1164//2133 1261//2133
f  1261//2134 1164//2134 1163//2134
f  1236//2135 1251//2135 1235//2135
f  1235//2136 1251//2136 1164//2136
f  1235//2137 1164//2137 1249//2137
f  1249//2138 1164//2138 1259//2138
f  1249//2139 1259//2139 1250//2139
f  1250//2140 1259//2140 1257//2140
f  1250//2141 1257//2141 1252//2141
f  1252//2142 1257//2142 1256//2142
f  1252//2143 1256//2143 1262//2143
f  1263//2144 933//2144 904//2144
f  1262//2145 1256//2145 1264//2145
f  1264//2146 1256//2146 1265//2146
f  1264//2147 1265//2147 1266//2147
f  1266//2148 1265//2148 1267//2148
f  1267//2149 1265//2149 1268//2149
f  1268//2150 1265//2150 1269//2150
f  1268//2151 1269//2151 1270//2151
f  1271//2152 1272//2152 1273//2152
f  1273//2153 1272//2153 1274//2153
f  1273//2154 1274//2154 1269//2154
f  1269//2155 1274//2155 1275//2155
f  1269//2156 1275//2156 1270//2156
f  1271//2157 1273//2157 1276//2157
f  1276//2158 1273//2158 1277//2158
f  1276//2159 1277//2159 1278//2159
f  1279//2160 1280//2160 1281//2160
f  1281//2161 1280//2161 1282//2161
f  1281//2162 1282//2162 1277//2162
f  1277//2163 1282//2163 1283//2163
f  1277//2164 1283//2164 1278//2164
f  1279//2165 1281//2165 1284//2165
f  1284//2166 1281//2166 1285//2166
f  1284//2167 1285//2167 1286//2167
f  1287//2168 1288//2168 1289//2168
f  1289//2169 1288//2169 1290//2169
f  1289//2170 1290//2170 1285//2170
f  1285//2171 1290//2171 1291//2171
f  1285//2172 1291//2172 1286//2172
f  1292//2173 1293//2173 1289//2173
f  1289//2174 1293//2174 1294//2174
f  1289//2175 1294//2175 1287//2175
f  1295//2176 932//2176 933//2176
f  1296//2177 614//2177 932//2177
f  614//2178 1296//2178 1297//2178
f  1297//2179 1296//2179 1298//2179
f  1297//2180 1298//2180 1299//2180
f  1300//2181 1301//2181 1298//2181
f  1298//2182 1301//2182 1302//2182
f  1298//2183 1302//2183 1299//2183
f  1303//2184 1304//2184 1300//2184
f  1300//2185 1304//2185 1305//2185
f  1300//2186 1305//2186 1301//2186
f  1306//2187 1307//2187 1308//2187
f  1308//2188 1307//2188 1309//2188
f  1308//2189 1309//2189 1310//2189
f  1310//2190 1309//2190 1311//2190
f  1310//2191 1311//2191 1303//2191
f  1303//2192 1311//2192 1312//2192
f  1303//2193 1312//2193 1304//2193
f  1313//2194 1314//2194 1308//2194
f  1308//2195 1314//2195 1315//2195
f  1308//2196 1315//2196 1306//2196
f  1316//2197 1317//2197 1318//2197
f  1318//2198 1317//2198 1319//2198
f  1318//2199 1319//2199 1313//2199
f  1313//2200 1319//2200 1320//2200
f  1313//2201 1320//2201 1314//2201
f  1316//2202 1318//2202 1321//2202
f  1321//2203 1318//2203 1322//2203
f  1321//2204 1322//2204 1323//2204
f  1323//2205 1322//2205 1324//2205
f  1324//2206 1322//2206 1260//2206
f  1324//2207 1260//2207 1261//2207
f  904//2208 1325//2208 1263//2208
f  1263//2209 1325//2209 1326//2209
f  1263//2210 1326//2210 1292//2210
f  1292//2211 1326//2211 1327//2211
f  1292//2212 1327//2212 1293//2212
f  933//2213 1263//2213 1295//2213
f  1295//2214 1263//2214 1292//2214
f  1295//2215 1292//2215 1328//2215
f  1328//2216 1292//2216 1289//2216
f  1328//2217 1289//2217 1329//2217
f  1329//2218 1289//2218 1285//2218
f  1329//2219 1285//2219 1330//2219
f  1330//2220 1285//2220 1281//2220
f  1330//2221 1281//2221 1331//2221
f  1331//2222 1281//2222 1277//2222
f  1331//2223 1277//2223 1332//2223
f  1332//2224 1277//2224 1273//2224
f  1332//2225 1273//2225 1333//2225
f  1333//2226 1273//2226 1269//2226
f  1333//2227 1269//2227 1334//2227
f  1334//2228 1269//2228 1265//2228
f  1334//2229 1265//2229 1335//2229
f  1335//2230 1265//2230 1256//2230
f  1335//2231 1256//2231 1336//2231
f  932//2232 1295//2232 1296//2232
f  1296//2233 1295//2233 1328//2233
f  1296//2234 1328//2234 1298//2234
f  1298//2235 1328//2235 1329//2235
f  1298//2236 1329//2236 1300//2236
f  1300//2237 1329//2237 1330//2237
f  1300//2238 1330//2238 1303//2238
f  1303//2239 1330//2239 1331//2239
f  1303//2240 1331//2240 1310//2240
f  1310//2241 1331//2241 1332//2241
f  1310//2242 1332//2242 1308//2242
f  1308//2243 1332//2243 1333//2243
f  1308//2244 1333//2244 1313//2244
f  1313//2245 1333//2245 1334//2245
f  1313//2246 1334//2246 1318//2246
f  1318//2247 1334//2247 1335//2247
f  1318//2248 1335//2248 1322//2248
f  1322//2249 1335//2249 1336//2249
f  1322//2250 1336//2250 1260//2250
f  1178//2251 1176//2251 1337//2251
f  1337//2252 1176//2252 1338//2252
f  1337//2253 1338//2253 1339//2253
f  1339//2254 1340//2254 1337//2254
f  1337//2255 1340//2255 1341//2255
f  1337//2256 1341//2256 1342//2256
f  1342//2257 1341//2257 1343//2257
f  1342//2258 1343//2258 1344//2258
f  1343//2259 1345//2259 1344//2259
f  1344//2260 1345//2260 1346//2260
f  1344//2261 1346//2261 1347//2261
f  1348//2262 1349//2262 1350//2262
f  1350//2263 1349//2263 1347//2263
f  1350//2264 1347//2264 1351//2264
f  1351//2265 1347//2265 1346//2265
f  1348//2266 1352//2266 1349//2266
f  1349//2267 1352//2267 1353//2267
f  1349//2268 1353//2268 1354//2268
f  1355//2269 1356//2269 1357//2269
f  1358//2270 1359//2270 1360//2270
f  1361//2271 1362//2271 1360//2271
f  1350//2272 1351//2272 1363//2272
f  1345//2273 1343//2273 1364//2273
f  1262//2274 1365//2274 1252//2274
f  1252//2275 1365//2275 1366//2275
f  1252//2276 1366//2276 1253//2276
f  1367//2277 1255//2277 1366//2277
f  1366//2278 1255//2278 1254//2278
f  1366//2279 1254//2279 1253//2279
f  1368//2280 1369//2280 1224//2280
f  1224//2281 1226//2281 1368//2281
f  1368//2282 1226//2282 1230//2282
f  1368//2283 1230//2283 1367//2283
f  1367//2284 1230//2284 1232//2284
f  1367//2285 1232//2285 1255//2285
f  1370//2286 1371//2286 1212//2286
f  1212//2287 1214//2287 1370//2287
f  1370//2288 1214//2288 1218//2288
f  1370//2289 1218//2289 1369//2289
f  1369//2290 1218//2290 1220//2290
f  1369//2291 1220//2291 1224//2291
f  1372//2292 1202//2292 1373//2292
f  1373//2293 1202//2293 1206//2293
f  1373//2294 1206//2294 1371//2294
f  1371//2295 1206//2295 1208//2295
f  1371//2296 1208//2296 1212//2296
f  1374//2297 1185//2297 1372//2297
f  1372//2298 1185//2298 1200//2298
f  1372//2299 1200//2299 1202//2299
f  1175//2300 1180//2300 1375//2300
f  1375//2301 1180//2301 1182//2301
f  1375//2302 1182//2302 1374//2302
f  1374//2303 1182//2303 1183//2303
f  1374//2304 1183//2304 1185//2304
f  1341//2305 1340//2305 1375//2305
f  1375//2306 1340//2306 1339//2306
f  1375//2307 1339//2307 1175//2307
f  1175//2308 1339//2308 1338//2308
f  1175//2309 1338//2309 1176//2309
f  1345//2310 1364//2310 1346//2310
f  1350//2311 1363//2311 1348//2311
f  1353//2312 1352//2312 1376//2312
f  1376//2313 1352//2313 1377//2313
f  1376//2314 1377//2314 1378//2314
f  1378//2315 1377//2315 1379//2315
f  1379//2316 1377//2316 1380//2316
f  1379//2317 1380//2317 1381//2317
f  1382//2318 1383//2318 1380//2318
f  1380//2319 1383//2319 1384//2319
f  1380//2320 1384//2320 1381//2320
f  1385//2321 1386//2321 1382//2321
f  1382//2322 1386//2322 1387//2322
f  1382//2323 1387//2323 1383//2323
f  1388//2324 1389//2324 1385//2324
f  1385//2325 1389//2325 1390//2325
f  1385//2326 1390//2326 1386//2326
f  1391//2327 1392//2327 1388//2327
f  1388//2328 1392//2328 1393//2328
f  1388//2329 1393//2329 1389//2329
f  1391//2330 1388//2330 1394//2330
f  1394//2331 1388//2331 1395//2331
f  1394//2332 1395//2332 1396//2332
f  1396//2333 1395//2333 1397//2333
f  1396//2334 1397//2334 1398//2334
f  1399//2335 1400//2335 1401//2335
f  1399//2336 1401//2336 1402//2336
f  1401//2337 1403//2337 1402//2337
f  1402//2338 1403//2338 1404//2338
f  1402//2339 1404//2339 1397//2339
f  1397//2340 1404//2340 1405//2340
f  1397//2341 1405//2341 1398//2341
f  1400//2342 1399//2342 1406//2342
f  1406//2343 1399//2343 1407//2343
f  1406//2344 1407//2344 1408//2344
f  1360//2345 1362//2345 1407//2345
f  1407//2346 1362//2346 1409//2346
f  1407//2347 1409//2347 1408//2347
f  1361//2348 1360//2348 1410//2348
f  1410//2349 1360//2349 1359//2349
f  1410//2350 1359//2350 1411//2350
f  1355//2351 1357//2351 1412//2351
f  1413//2352 1414//2352 1415//2352
f  1262//2353 1413//2353 1365//2353
f  1365//2354 1413//2354 1415//2354
f  1365//2355 1415//2355 1366//2355
f  1366//2356 1415//2356 1416//2356
f  1366//2357 1416//2357 1367//2357
f  1367//2358 1416//2358 1417//2358
f  1367//2359 1417//2359 1368//2359
f  1368//2360 1417//2360 1418//2360
f  1368//2361 1418//2361 1369//2361
f  1369//2362 1418//2362 1419//2362
f  1369//2363 1419//2363 1370//2363
f  1370//2364 1419//2364 1420//2364
f  1370//2365 1420//2365 1371//2365
f  1371//2366 1420//2366 1421//2366
f  1371//2367 1421//2367 1373//2367
f  1373//2368 1421//2368 1422//2368
f  1373//2369 1422//2369 1372//2369
f  1372//2370 1422//2370 1423//2370
f  1372//2371 1423//2371 1374//2371
f  1374//2372 1423//2372 1424//2372
f  1374//2373 1424//2373 1375//2373
f  1375//2374 1424//2374 1364//2374
f  1375//2375 1364//2375 1341//2375
f  1341//2376 1364//2376 1343//2376
f  1414//2377 1412//2377 1415//2377
f  1415//2378 1412//2378 1357//2378
f  1415//2379 1357//2379 1416//2379
f  1416//2380 1357//2380 1425//2380
f  1416//2381 1425//2381 1417//2381
f  1417//2382 1425//2382 1426//2382
f  1417//2383 1426//2383 1418//2383
f  1418//2384 1426//2384 1427//2384
f  1418//2385 1427//2385 1419//2385
f  1419//2386 1427//2386 1428//2386
f  1419//2387 1428//2387 1420//2387
f  1420//2388 1428//2388 1429//2388
f  1420//2389 1429//2389 1421//2389
f  1421//2390 1429//2390 1430//2390
f  1421//2391 1430//2391 1422//2391
f  1422//2392 1430//2392 1431//2392
f  1422//2393 1431//2393 1423//2393
f  1423//2394 1431//2394 1432//2394
f  1423//2395 1432//2395 1424//2395
f  1424//2396 1432//2396 1433//2396
f  1424//2397 1433//2397 1364//2397
f  1364//2398 1433//2398 1363//2398
f  1364//2399 1363//2399 1346//2399
f  1346//2400 1363//2400 1351//2400
f  1356//2401 1358//2401 1357//2401
f  1357//2402 1358//2402 1360//2402
f  1357//2403 1360//2403 1425//2403
f  1425//2404 1360//2404 1407//2404
f  1425//2405 1407//2405 1426//2405
f  1426//2406 1407//2406 1399//2406
f  1426//2407 1399//2407 1427//2407
f  1427//2408 1399//2408 1402//2408
f  1427//2409 1402//2409 1428//2409
f  1428//2410 1402//2410 1397//2410
f  1428//2411 1397//2411 1429//2411
f  1429//2412 1397//2412 1395//2412
f  1429//2413 1395//2413 1430//2413
f  1430//2414 1395//2414 1388//2414
f  1430//2415 1388//2415 1431//2415
f  1431//2416 1388//2416 1385//2416
f  1431//2417 1385//2417 1432//2417
f  1432//2418 1385//2418 1382//2418
f  1432//2419 1382//2419 1433//2419
f  1433//2420 1382//2420 1380//2420
f  1433//2421 1380//2421 1363//2421
f  1363//2422 1380//2422 1377//2422
f  1363//2423 1377//2423 1348//2423
f  1348//2424 1377//2424 1352//2424
f  1179//2425 1178//2425 1337//2425
f  1434//2426 1168//2426 1174//2426
f  554//2427 1168//2427 798//2427
f  798//2428 1168//2428 1434//2428
f  798//2429 1434//2429 793//2429
f  793//2430 1434//2430 794//2430
f  794//2431 1434//2431 1435//2431
f  794//2432 1435//2432 796//2432
f  796//2433 1435//2433 797//2433
f  797//2434 1435//2434 1436//2434
f  797//2435 1436//2435 791//2435
f  791//2436 1436//2436 792//2436
f  792//2437 1436//2437 1437//2437
f  792//2438 1437//2438 788//2438
f  1438//2439 1439//2439 1440//2439
f  1441//2440 1442//2440 1439//2440
f  1443//2441 1444//2441 1442//2441
f  1354//2442 1444//2442 1349//2442
f  1349//2443 1444//2443 1443//2443
f  1349//2444 1443//2444 1445//2444
f  1179//2445 1337//2445 1446//2445
f  1446//2446 1337//2446 1342//2446
f  1446//2447 1342//2447 1447//2447
f  1447//2448 1342//2448 1344//2448
f  1447//2449 1344//2449 1445//2449
f  1445//2450 1344//2450 1347//2450
f  1445//2451 1347//2451 1349//2451
f  1442//2452 1441//2452 1443//2452
f  1443//2453 1441//2453 1448//2453
f  1443//2454 1448//2454 1445//2454
f  1445//2455 1448//2455 1449//2455
f  1445//2456 1449//2456 1447//2456
f  1447//2457 1449//2457 1450//2457
f  1447//2458 1450//2458 1446//2458
f  1446//2459 1450//2459 1171//2459
f  1446//2460 1171//2460 1179//2460
f  1439//2461 1438//2461 1441//2461
f  1441//2462 1438//2462 1451//2462
f  1441//2463 1451//2463 1448//2463
f  1448//2464 1451//2464 1452//2464
f  1448//2465 1452//2465 1449//2465
f  1449//2466 1452//2466 1453//2466
f  1449//2467 1453//2467 1450//2467
f  1450//2468 1453//2468 1173//2468
f  1450//2469 1173//2469 1171//2469
f  789//2470 788//2470 1440//2470
f  1440//2471 788//2471 1437//2471
f  1440//2472 1437//2472 1438//2472
f  1438//2473 1437//2473 1436//2473
f  1438//2474 1436//2474 1451//2474
f  1451//2475 1436//2475 1435//2475
f  1451//2476 1435//2476 1452//2476
f  1452//2477 1435//2477 1434//2477
f  1452//2478 1434//2478 1453//2478
f  1453//2479 1434//2479 1174//2479
f  1453//2480 1174//2480 1173//2480
f  1454//2481 1455//2481 1456//2481
f  1457//2482 1458//2482 1459//2482
f  1358//2483 1356//2483 1460//2483
f  1355//2484 1412//2484 1461//2484
f  1414//2485 1413//2485 1462//2485
f  1463//2486 1326//2486 1325//2486
f  1464//2487 1293//2487 1463//2487
f  1463//2488 1293//2488 1327//2488
f  1463//2489 1327//2489 1326//2489
f  1290//2490 1288//2490 1465//2490
f  1465//2491 1288//2491 1287//2491
f  1465//2492 1287//2492 1464//2492
f  1464//2493 1287//2493 1294//2493
f  1464//2494 1294//2494 1293//2494
f  1280//2495 1279//2495 1466//2495
f  1466//2496 1279//2496 1467//2496
f  1279//2497 1284//2497 1467//2497
f  1467//2498 1284//2498 1286//2498
f  1467//2499 1286//2499 1465//2499
f  1465//2500 1286//2500 1291//2500
f  1465//2501 1291//2501 1290//2501
f  1276//2502 1278//2502 1468//2502
f  1468//2503 1278//2503 1283//2503
f  1468//2504 1283//2504 1466//2504
f  1466//2505 1283//2505 1282//2505
f  1466//2506 1282//2506 1280//2506
f  1276//2507 1468//2507 1271//2507
f  1271//2508 1468//2508 1469//2508
f  1271//2509 1469//2509 1272//2509
f  1470//2510 1275//2510 1469//2510
f  1469//2511 1275//2511 1274//2511
f  1469//2512 1274//2512 1272//2512
f  1266//2513 1267//2513 1462//2513
f  1462//2514 1267//2514 1268//2514
f  1462//2515 1268//2515 1470//2515
f  1470//2516 1268//2516 1270//2516
f  1470//2517 1270//2517 1275//2517
f  1413//2518 1262//2518 1462//2518
f  1462//2519 1262//2519 1264//2519
f  1462//2520 1264//2520 1266//2520
f  1358//2521 1460//2521 1359//2521
f  1471//2522 1472//2522 1473//2522
f  1459//2523 1458//2523 1471//2523
f  1471//2524 1458//2524 1474//2524
f  1471//2525 1474//2525 1472//2525
f  1457//2526 1459//2526 1475//2526
f  1475//2527 1459//2527 1476//2527
f  1475//2528 1476//2528 1477//2528
f  1478//2529 1479//2529 1480//2529
f  1478//2530 1480//2530 1476//2530
f  1476//2531 1480//2531 1481//2531
f  1476//2532 1481//2532 1477//2532
f  1456//2533 1455//2533 1478//2533
f  1478//2534 1455//2534 1482//2534
f  1478//2535 1482//2535 1479//2535
f  1454//2536 1456//2536 1483//2536
f  1483//2537 1456//2537 1484//2537
f  1483//2538 1484//2538 1485//2538
f  1486//2539 1487//2539 1484//2539
f  1484//2540 1487//2540 1488//2540
f  1484//2541 1488//2541 1485//2541
f  1489//2542 1490//2542 1491//2542
f  1491//2543 1490//2543 1492//2543
f  1491//2544 1492//2544 1486//2544
f  1486//2545 1492//2545 1493//2545
f  1486//2546 1493//2546 1487//2546
f  1489//2547 1491//2547 1494//2547
f  1494//2548 1491//2548 1495//2548
f  1494//2549 1495//2549 1496//2549
f  1496//2550 1495//2550 1497//2550
f  1497//2551 1495//2551 860//2551
f  1497//2552 860//2552 859//2552
f  857//2553 858//2553 1495//2553
f  1495//2554 858//2554 882//2554
f  1495//2555 882//2555 860//2555
f  906//2556 856//2556 1498//2556
f  1463//2557 1499//2557 1464//2557
f  1464//2558 1499//2558 1500//2558
f  1464//2559 1500//2559 1465//2559
f  1465//2560 1500//2560 1501//2560
f  1465//2561 1501//2561 1467//2561
f  1467//2562 1501//2562 1502//2562
f  1467//2563 1502//2563 1466//2563
f  1466//2564 1502//2564 1503//2564
f  1466//2565 1503//2565 1468//2565
f  1468//2566 1503//2566 1504//2566
f  1468//2567 1504//2567 1469//2567
f  1469//2568 1504//2568 1505//2568
f  1469//2569 1505//2569 1470//2569
f  1470//2570 1505//2570 1506//2570
f  1470//2571 1506//2571 1462//2571
f  1462//2572 1506//2572 1461//2572
f  1462//2573 1461//2573 1414//2573
f  1414//2574 1461//2574 1412//2574
f  1356//2575 1355//2575 1460//2575
f  1460//2576 1355//2576 1461//2576
f  1460//2577 1461//2577 1507//2577
f  1507//2578 1461//2578 1506//2578
f  1507//2579 1506//2579 1508//2579
f  1508//2580 1506//2580 1505//2580
f  1508//2581 1505//2581 1509//2581
f  1509//2582 1505//2582 1504//2582
f  1509//2583 1504//2583 1510//2583
f  1510//2584 1504//2584 1503//2584
f  1510//2585 1503//2585 1511//2585
f  1511//2586 1503//2586 1502//2586
f  1511//2587 1502//2587 1512//2587
f  1512//2588 1502//2588 1501//2588
f  1512//2589 1501//2589 1513//2589
f  1513//2590 1501//2590 1500//2590
f  1513//2591 1500//2591 1498//2591
f  1498//2592 1500//2592 1499//2592
f  1498//2593 1499//2593 906//2593
f  906//2594 1499//2594 1463//2594
f  906//2595 1463//2595 903//2595
f  903//2596 1463//2596 1325//2596
f  903//2597 1325//2597 904//2597
f  856//2598 857//2598 1498//2598
f  1498//2599 857//2599 1495//2599
f  1498//2600 1495//2600 1513//2600
f  1513//2601 1495//2601 1491//2601
f  1513//2602 1491//2602 1512//2602
f  1512//2603 1491//2603 1486//2603
f  1512//2604 1486//2604 1511//2604
f  1511//2605 1486//2605 1484//2605
f  1511//2606 1484//2606 1510//2606
f  1510//2607 1484//2607 1456//2607
f  1510//2608 1456//2608 1509//2608
f  1509//2609 1456//2609 1478//2609
f  1509//2610 1478//2610 1508//2610
f  1508//2611 1478//2611 1476//2611
f  1508//2612 1476//2612 1507//2612
f  1507//2613 1476//2613 1459//2613
f  1507//2614 1459//2614 1460//2614
f  1460//2615 1459//2615 1471//2615
f  1460//2616 1471//2616 1359//2616
f  1359//2617 1471//2617 1473//2617
f  1359//2618 1473//2618 1411//2618
f  1514//2619 615//2619 614//2619
f  1309//2620 1307//2620 1515//2620
f  1516//2621 1261//2621 1027//2621
f  1517//2622 1321//2622 1518//2622
f  1518//2623 1321//2623 1323//2623
f  1518//2624 1323//2624 1516//2624
f  1516//2625 1323//2625 1324//2625
f  1516//2626 1324//2626 1261//2626
f  1519//2627 1317//2627 1517//2627
f  1517//2628 1317//2628 1316//2628
f  1517//2629 1316//2629 1321//2629
f  1520//2630 1320//2630 1519//2630
f  1519//2631 1320//2631 1319//2631
f  1519//2632 1319//2632 1317//2632
f  1307//2633 1306//2633 1515//2633
f  1515//2634 1306//2634 1315//2634
f  1515//2635 1315//2635 1520//2635
f  1520//2636 1315//2636 1314//2636
f  1520//2637 1314//2637 1320//2637
f  1311//2638 1521//2638 1312//2638
f  1312//2639 1521//2639 1522//2639
f  1312//2640 1522//2640 1304//2640
f  614//2641 1297//2641 1514//2641
f  1514//2642 1297//2642 1299//2642
f  1514//2643 1299//2643 1523//2643
f  1523//2644 1299//2644 1302//2644
f  1523//2645 1302//2645 1524//2645
f  1524//2646 1302//2646 1301//2646
f  1524//2647 1301//2647 1522//2647
f  1522//2648 1301//2648 1305//2648
f  1522//2649 1305//2649 1304//2649
f  615//2650 1514//2650 972//2650
f  972//2651 1514//2651 1523//2651
f  972//2652 1523//2652 974//2652
f  974//2653 1523//2653 1524//2653
f  974//2654 1524//2654 975//2654
f  975//2655 1524//2655 1522//2655
f  975//2656 1522//2656 962//2656
f  1309//2657 1515//2657 1311//2657
f  1311//2658 1515//2658 1525//2658
f  1311//2659 1525//2659 1521//2659
f  1521//2660 1525//2660 987//2660
f  1521//2661 987//2661 1522//2661
f  1522//2662 987//2662 960//2662
f  1522//2663 960//2663 962//2663
f  1519//2664 997//2664 1520//2664
f  1520//2665 997//2665 996//2665
f  1520//2666 996//2666 1515//2666
f  1515//2667 996//2667 984//2667
f  1515//2668 984//2668 1525//2668
f  1525//2669 984//2669 986//2669
f  1525//2670 986//2670 987//2670
f  1027//2671 1012//2671 1516//2671
f  1516//2672 1012//2672 1011//2672
f  1516//2673 1011//2673 1518//2673
f  1518//2674 1011//2674 1005//2674
f  1518//2675 1005//2675 1517//2675
f  1517//2676 1005//2676 1007//2676
f  1517//2677 1007//2677 1519//2677
f  1519//2678 1007//2678 1008//2678
f  1519//2679 1008//2679 997//2679
f  999//2680 1021//2680 1526//2680
f  1527//2681 1027//2681 1261//2681
f  1204//2682 1203//2682 1528//2682
f  1528//2683 1203//2683 1188//2683
f  1528//2684 1188//2684 1529//2684
f  1529//2685 1188//2685 1190//2685
f  1529//2686 1190//2686 1530//2686
f  1530//2687 1190//2687 1192//2687
f  1530//2688 1192//2688 1531//2688
f  1531//2689 1192//2689 1194//2689
f  1531//2690 1194//2690 1532//2690
f  1532//2691 1194//2691 1196//2691
f  1532//2692 1196//2692 1533//2692
f  1533//2693 1196//2693 1198//2693
f  1533//2694 1198//2694 1534//2694
f  1534//2695 1198//2695 1199//2695
f  1534//2696 1199//2696 1535//2696
f  1535//2697 1199//2697 565//2697
f  1535//2698 565//2698 1536//2698
f  1536//2699 565//2699 799//2699
f  1537//2700 1210//2700 1538//2700
f  1538//2701 1210//2701 1209//2701
f  1538//2702 1209//2702 1204//2702
f  1539//2703 1216//2703 1537//2703
f  1537//2704 1216//2704 1215//2704
f  1537//2705 1215//2705 1210//2705
f  1526//2706 1222//2706 1539//2706
f  1539//2707 1222//2707 1221//2707
f  1539//2708 1221//2708 1216//2708
f  1540//2709 1228//2709 1526//2709
f  1526//2710 1228//2710 1227//2710
f  1526//2711 1227//2711 1222//2711
f  1541//2712 1234//2712 1540//2712
f  1540//2713 1234//2713 1233//2713
f  1540//2714 1233//2714 1228//2714
f  1261//2715 1163//2715 1527//2715
f  1527//2716 1163//2716 1162//2716
f  1527//2717 1162//2717 1542//2717
f  1542//2718 1162//2718 1251//2718
f  1542//2719 1251//2719 1541//2719
f  1541//2720 1251//2720 1236//2720
f  1541//2721 1236//2721 1234//2721
f  1016//2722 1015//2722 1542//2722
f  1542//2723 1015//2723 1029//2723
f  1542//2724 1029//2724 1527//2724
f  1527//2725 1029//2725 1028//2725
f  1527//2726 1028//2726 1027//2726
f  1016//2727 1542//2727 1018//2727
f  1018//2728 1542//2728 1541//2728
f  1018//2729 1541//2729 1024//2729
f  1024//2730 1541//2730 1025//2730
f  1025//2731 1541//2731 1540//2731
f  1025//2732 1540//2732 1026//2732
f  1526//2733 1021//2733 1540//2733
f  1540//2734 1021//2734 1020//2734
f  1540//2735 1020//2735 1026//2735
f  999//2736 1526//2736 1000//2736
f  1000//2737 1526//2737 1539//2737
f  1000//2738 1539//2738 1002//2738
f  1002//2739 1539//2739 1537//2739
f  1002//2740 1537//2740 1003//2740
f  994//2741 993//2741 1538//2741
f  1538//2742 993//2742 983//2742
f  1538//2743 983//2743 1537//2743
f  1537//2744 983//2744 982//2744
f  1537//2745 982//2745 1003//2745
f  1204//2746 1528//2746 1538//2746
f  1538//2747 1528//2747 995//2747
f  1538//2748 995//2748 994//2748
f  970//2749 969//2749 1529//2749
f  1529//2750 969//2750 990//2750
f  1529//2751 990//2751 1528//2751
f  1528//2752 990//2752 989//2752
f  1528//2753 989//2753 995//2753
f  970//2754 1529//2754 971//2754
f  971//2755 1529//2755 1530//2755
f  971//2756 1530//2756 966//2756
f  966//2757 1530//2757 964//2757
f  964//2758 1530//2758 1531//2758
f  964//2759 1531//2759 951//2759
f  1532//2760 952//2760 950//2760
f  1532//2761 950//2761 1531//2761
f  1531//2762 950//2762 949//2762
f  1531//2763 949//2763 951//2763
f  1534//2764 956//2764 1533//2764
f  1533//2765 956//2765 955//2765
f  1533//2766 955//2766 1532//2766
f  1532//2767 955//2767 953//2767
f  1532//2768 953//2768 952//2768
f  799//2769 979//2769 1536//2769
f  1536//2770 979//2770 980//2770
f  1536//2771 980//2771 1535//2771
f  1535//2772 980//2772 959//2772
f  1535//2773 959//2773 1534//2773
f  1534//2774 959//2774 958//2774
f  1534//2775 958//2775 956//2775
f  1411//2776 1543//2776 1410//2776
f  1410//2777 1543//2777 1544//2777
f  1410//2778 1544//2778 1361//2778
f  1406//2779 1408//2779 1545//2779
f  1545//2780 1408//2780 1409//2780
f  1545//2781 1409//2781 1544//2781
f  1544//2782 1409//2782 1362//2782
f  1544//2783 1362//2783 1361//2783
f  1406//2784 1545//2784 1400//2784
f  1400//2785 1545//2785 1546//2785
f  1400//2786 1546//2786 1401//2786
f  1401//2787 1546//2787 1403//2787
f  1403//2788 1546//2788 1547//2788
f  1403//2789 1547//2789 1404//2789
f  1548//2790 1398//2790 1547//2790
f  1547//2791 1398//2791 1405//2791
f  1547//2792 1405//2792 1404//2792
f  1392//2793 1391//2793 1549//2793
f  1549//2794 1391//2794 1394//2794
f  1549//2795 1394//2795 1548//2795
f  1548//2796 1394//2796 1396//2796
f  1548//2797 1396//2797 1398//2797
f  1392//2798 1549//2798 1393//2798
f  1393//2799 1549//2799 1550//2799
f  1393//2800 1550//2800 1389//2800
f  1389//2801 1550//2801 1390//2801
f  1390//2802 1550//2802 1551//2802
f  1390//2803 1551//2803 1386//2803
f  1381//2804 1384//2804 1552//2804
f  1552//2805 1384//2805 1383//2805
f  1552//2806 1383//2806 1551//2806
f  1551//2807 1383//2807 1387//2807
f  1551//2808 1387//2808 1386//2808
f  1381//2809 1552//2809 1379//2809
f  1379//2810 1552//2810 1553//2810
f  1379//2811 1553//2811 1378//2811
f  1378//2812 1553//2812 1376//2812
f  1376//2813 1553//2813 1554//2813
f  1376//2814 1554//2814 1353//2814
f  1353//2815 1554//2815 1354//2815
f  1354//2816 1554//2816 1555//2816
f  1354//2817 1555//2817 1444//2817
f  1444//2818 1555//2818 1556//2818
f  1444//2819 1556//2819 1442//2819
f  1442//2820 1556//2820 1557//2820
f  1442//2821 1557//2821 1439//2821
f  1439//2822 1557//2822 1558//2822
f  1439//2823 1558//2823 1440//2823
f  1440//2824 1558//2824 1559//2824
f  1440//2825 1559//2825 789//2825
f  1560//2826 1158//2826 1561//2826
f  1561//2827 1158//2827 1159//2827
f  1562//2828 1153//2828 1560//2828
f  1560//2829 1153//2829 1157//2829
f  1560//2830 1157//2830 1158//2830
f  1563//2831 1155//2831 1562//2831
f  1562//2832 1155//2832 1154//2832
f  1562//2833 1154//2833 1153//2833
f  1107//2834 1106//2834 1564//2834
f  1564//2835 1106//2835 1152//2835
f  1564//2836 1152//2836 1563//2836
f  1563//2837 1152//2837 1156//2837
f  1563//2838 1156//2838 1155//2838
f  1107//2839 1564//2839 1151//2839
f  1151//2840 1564//2840 1565//2840
f  1151//2841 1565//2841 1150//2841
f  1150//2842 1565//2842 1149//2842
f  1149//2843 1565//2843 1566//2843
f  1149//2844 1566//2844 1148//2844
f  1148//2845 1566//2845 1109//2845
f  1109//2846 1566//2846 1567//2846
f  1109//2847 1567//2847 1110//2847
f  1144//2848 1147//2848 1568//2848
f  1568//2849 1147//2849 1146//2849
f  1568//2850 1146//2850 1567//2850
f  1567//2851 1146//2851 1145//2851
f  1567//2852 1145//2852 1110//2852
f  1144//2853 1568//2853 1143//2853
f  1143//2854 1568//2854 1569//2854
f  1143//2855 1569//2855 1142//2855
f  1142//2856 1569//2856 1138//2856
f  1138//2857 1569//2857 1570//2857
f  1138//2858 1570//2858 1139//2858
f  1136//2859 1135//2859 1571//2859
f  1571//2860 1135//2860 1141//2860
f  1571//2861 1141//2861 1570//2861
f  1570//2862 1141//2862 1140//2862
f  1570//2863 1140//2863 1139//2863
f  1136//2864 1571//2864 1137//2864
f  1137//2865 1571//2865 1572//2865
f  1137//2866 1572//2866 1134//2866
f  1134//2867 1572//2867 1133//2867
f  1133//2868 1572//2868 1573//2868
f  1133//2869 1573//2869 1132//2869
f  1132//2870 1573//2870 1128//2870
f  1128//2871 1573//2871 1574//2871
f  1128//2872 1574//2872 1129//2872
f  1113//2873 1131//2873 1574//2873
f  1574//2874 1131//2874 1130//2874
f  1574//2875 1130//2875 1129//2875
f  815//2876 1575//2876 1160//2876
f  1160//2877 1575//2877 1561//2877
f  1160//2878 1561//2878 1161//2878
f  1161//2879 1561//2879 1159//2879
f  1576//2880 1113//2880 1577//2880
f  1577//2881 1113//2881 1574//2881
f  1577//2882 1574//2882 1578//2882
f  1578//2883 1574//2883 1573//2883
f  1578//2884 1573//2884 1579//2884
f  1579//2885 1573//2885 1572//2885
f  1579//2886 1572//2886 1580//2886
f  1580//2887 1572//2887 1571//2887
f  1580//2888 1571//2888 1581//2888
f  1581//2889 1571//2889 1570//2889
f  1581//2890 1570//2890 1582//2890
f  1582//2891 1570//2891 1569//2891
f  1582//2892 1569//2892 1583//2892
f  1583//2893 1569//2893 1568//2893
f  1583//2894 1568//2894 1584//2894
f  1584//2895 1568//2895 1567//2895
f  1584//2896 1567//2896 1585//2896
f  1585//2897 1567//2897 1566//2897
f  1585//2898 1566//2898 1586//2898
f  1586//2899 1566//2899 1565//2899
f  1586//2900 1565//2900 1587//2900
f  1587//2901 1565//2901 1564//2901
f  1587//2902 1564//2902 1588//2902
f  1588//2903 1564//2903 1563//2903
f  1588//2904 1563//2904 1589//2904
f  1589//2905 1563//2905 1562//2905
f  1589//2906 1562//2906 1590//2906
f  1590//2907 1562//2907 1560//2907
f  1590//2908 1560//2908 1591//2908
f  1591//2909 1560//2909 1561//2909
f  1591//2910 1561//2910 1592//2910
f  1592//2911 1561//2911 1575//2911
f  1592//2912 1559//2912 1591//2912
f  1591//2913 1559//2913 1558//2913
f  1591//2914 1558//2914 1590//2914
f  1590//2915 1558//2915 1557//2915
f  1590//2916 1557//2916 1589//2916
f  1589//2917 1557//2917 1556//2917
f  1589//2918 1556//2918 1588//2918
f  1588//2919 1556//2919 1555//2919
f  1588//2920 1555//2920 1587//2920
f  1587//2921 1555//2921 1554//2921
f  1587//2922 1554//2922 1586//2922
f  1586//2923 1554//2923 1553//2923
f  1586//2924 1553//2924 1585//2924
f  1585//2925 1553//2925 1552//2925
f  1585//2926 1552//2926 1584//2926
f  1584//2927 1552//2927 1551//2927
f  1584//2928 1551//2928 1583//2928
f  1583//2929 1551//2929 1550//2929
f  1583//2930 1550//2930 1582//2930
f  1582//2931 1550//2931 1549//2931
f  1582//2932 1549//2932 1581//2932
f  1581//2933 1549//2933 1548//2933
f  1581//2934 1548//2934 1580//2934
f  1580//2935 1548//2935 1547//2935
f  1580//2936 1547//2936 1579//2936
f  1579//2937 1547//2937 1546//2937
f  1579//2938 1546//2938 1578//2938
f  1578//2939 1546//2939 1545//2939
f  1578//2940 1545//2940 1577//2940
f  1577//2941 1545//2941 1544//2941
f  1577//2942 1544//2942 1576//2942
f  1576//2943 1544//2943 1543//2943
f  1046//2944 1593//2944 1047//2944
f  1594//2945 1031//2945 1032//2945
f  1595//2946 839//2946 713//2946
f  821//2947 820//2947 1596//2947
f  1596//2948 820//2948 838//2948
f  1596//2949 838//2949 1597//2949
f  1597//2950 838//2950 837//2950
f  1597//2951 837//2951 836//2951
f  821//2952 1598//2952 823//2952
f  823//2953 1598//2953 1594//2953
f  823//2954 1594//2954 824//2954
f  824//2955 1594//2955 1032//2955
f  824//2956 1032//2956 846//2956
f  846//2957 1032//2957 940//2957
f  940//2958 1032//2958 1033//2958
f  940//2959 1033//2959 941//2959
f  1052//2960 947//2960 1053//2960
f  1053//2961 947//2961 941//2961
f  1053//2962 941//2962 1054//2962
f  1054//2963 941//2963 1033//2963
f  1031//2964 1594//2964 1030//2964
f  1030//2965 1594//2965 1598//2965
f  1030//2966 1598//2966 1039//2966
f  821//2967 1596//2967 1598//2967
f  1598//2968 1596//2968 1040//2968
f  1598//2969 1040//2969 1039//2969
f  1036//2970 1038//2970 1599//2970
f  1599//2971 1038//2971 1037//2971
f  1599//2972 1037//2972 1600//2972
f  1600//2973 1037//2973 1041//2973
f  1593//2974 1046//2974 1601//2974
f  1035//2975 1036//2975 1602//2975
f  1602//2976 1036//2976 1599//2976
f  1602//2977 1599//2977 1035//2977
f  1035//2978 1599//2978 1603//2978
f  1035//2979 1603//2979 1034//2979
f  1034//2980 1603//2980 1601//2980
f  1034//2981 1601//2981 1045//2981
f  1045//2982 1601//2982 1046//2982
f  1604//2983 1096//2983 1605//2983
f  1605//2984 1096//2984 1049//2984
f  1605//2985 1049//2985 1606//2985
f  1606//2986 1049//2986 1607//2986
f  1607//2987 235//2987 1606//2987
f  1606//2988 235//2988 234//2988
f  1606//2989 234//2989 1605//2989
f  1605//2990 234//2990 233//2990
f  1605//2991 233//2991 1604//2991
f  1604//2992 233//2992 223//2992
f  1604//2993 223//2993 1096//2993
f  1096//2994 223//2994 407//2994
f  1096//2995 407//2995 409//2995
f  713//2996 1608//2996 1595//2996
f  1595//2997 1608//2997 1609//2997
f  1595//2998 1609//2998 1610//2998
f  1610//2999 1609//2999 1611//2999
f  1610//3000 1611//3000 1612//3000
f  1612//3001 1611//3001 1613//3001
f  1612//3002 1613//3002 1614//3002
f  1614//3003 1613//3003 237//3003
f  1614//3004 237//3004 1607//3004
f  1607//3005 237//3005 236//3005
f  1607//3006 236//3006 235//3006
f  840//3007 1603//3007 836//3007
f  836//3008 1603//3008 1599//3008
f  836//3009 1599//3009 1597//3009
f  1597//3010 1599//3010 1600//3010
f  1597//3011 1600//3011 1596//3011
f  1596//3012 1600//3012 1041//3012
f  1596//3013 1041//3013 1040//3013
f  1049//3014 1048//3014 1607//3014
f  1607//3015 1048//3015 1047//3015
f  1607//3016 1047//3016 1614//3016
f  1614//3017 1047//3017 1593//3017
f  1614//3018 1593//3018 1612//3018
f  1612//3019 1593//3019 1601//3019
f  1612//3020 1601//3020 1610//3020
f  1610//3021 1601//3021 1603//3021
f  1610//3022 1603//3022 1595//3022
f  1595//3023 1603//3023 840//3023
f  1595//3024 840//3024 839//3024
f  1608//3025 713//3025 714//3025
f  384//3026 1615//3026 720//3026
f  720//3027 1615//3027 1616//3027
f  720//3028 1616//3028 717//3028
f  1617//3029 1611//3029 1609//3029
f  1616//3030 1618//3030 717//3030
f  717//3031 1618//3031 1619//3031
f  717//3032 1619//3032 714//3032
f  714//3033 1619//3033 1617//3033
f  714//3034 1617//3034 1608//3034
f  1608//3035 1617//3035 1609//3035
f  232//3036 237//3036 1613//3036
f  1613//3037 1611//3037 232//3037
f  232//3038 1611//3038 1617//3038
f  232//3039 1617//3039 230//3039
f  230//3040 1617//3040 1619//3040
f  230//3041 1619//3041 218//3041
f  218//3042 1619//3042 1618//3042
f  218//3043 1618//3043 219//3043
f  219//3044 1618//3044 1616//3044
f  219//3045 1616//3045 213//3045
f  213//3046 1616//3046 1615//3046
f  213//3047 1615//3047 205//3047
f  205//3048 1615//3048 384//3048
f  806//3049 423//3049 1620//3049
f  813//3050 809//3050 1621//3050
f  815//3051 813//3051 1622//3051
f  806//3052 1620//3052 1623//3052
f  1623//3053 1620//3053 1624//3053
f  1623//3054 1624//3054 1625//3054
f  1625//3055 1624//3055 1626//3055
f  1625//3056 1626//3056 1627//3056
f  813//3057 1621//3057 1622//3057
f  1622//3058 1621//3058 1628//3058
f  1622//3059 1628//3059 1629//3059
f  1629//3060 1628//3060 1630//3060
f  1629//3061 1630//3061 1631//3061
f  1626//3062 773//3062 1627//3062
f  1627//3063 773//3063 778//3063
f  1627//3064 778//3064 779//3064
f  779//3065 1630//3065 1627//3065
f  1627//3066 1630//3066 1628//3066
f  1627//3067 1628//3067 1625//3067
f  1625//3068 1628//3068 1621//3068
f  1625//3069 1621//3069 1623//3069
f  1623//3070 1621//3070 809//3070
f  1623//3071 809//3071 806//3071
f  815//3072 1622//3072 1575//3072
f  1575//3073 1622//3073 1629//3073
f  1575//3074 1629//3074 1592//3074
f  1592//3075 1629//3075 1631//3075
f  1592//3076 1631//3076 1559//3076
f  1559//3077 1631//3077 787//3077
f  1559//3078 787//3078 789//3078
f  779//3079 783//3079 1630//3079
f  1630//3080 783//3080 781//3080
f  1630//3081 781//3081 1631//3081
f  1631//3082 781//3082 785//3082
f  1631//3083 785//3083 787//3083
f  1632//3084 176//3084 773//3084
f  176//3085 1632//3085 214//3085
f  214//3086 1632//3086 1633//3086
f  214//3087 1633//3087 224//3087
f  224//3088 1633//3088 225//3088
f  225//3089 1633//3089 1634//3089
f  225//3090 1634//3090 227//3090
f  1634//3091 416//3091 414//3091
f  227//3092 1634//3092 228//3092
f  228//3093 1634//3093 414//3093
f  228//3094 414//3094 220//3094
f  1620//3095 423//3095 418//3095
f  773//3096 1626//3096 1632//3096
f  1632//3097 1626//3097 1624//3097
f  1632//3098 1624//3098 1633//3098
f  1633//3099 1624//3099 1620//3099
f  1633//3100 1620//3100 1634//3100
f  1634//3101 1620//3101 418//3101
f  1634//3102 418//3102 416//3102
f  1493//3103 1492//3103 1635//3103
f  946//3104 947//3104 1636//3104
f  1113//3105 1576//3105 1637//3105
f  1637//3106 1576//3106 1638//3106
f  1637//3107 1638//3107 1639//3107
f  1639//3108 1638//3108 1640//3108
f  1640//3109 1638//3109 1641//3109
f  1640//3110 1641//3110 1642//3110
f  1642//3111 1641//3111 1643//3111
f  1643//3112 1641//3112 1644//3112
f  1643//3113 1644//3113 1645//3113
f  1645//3114 1644//3114 1646//3114
f  1646//3115 1644//3115 1647//3115
f  1646//3116 1647//3116 1648//3116
f  1648//3117 1647//3117 1649//3117
f  1649//3118 1647//3118 1650//3118
f  1649//3119 1650//3119 1651//3119
f  1651//3120 1650//3120 1652//3120
f  1652//3121 1650//3121 1653//3121
f  1652//3122 1653//3122 1654//3122
f  1654//3123 1653//3123 1655//3123
f  1655//3124 1653//3124 1656//3124
f  1655//3125 1656//3125 1657//3125
f  1658//3126 1659//3126 1660//3126
f  1660//3127 1659//3127 1661//3127
f  1660//3128 1661//3128 1656//3128
f  1656//3129 1661//3129 1662//3129
f  1656//3130 1662//3130 1657//3130
f  1658//3131 1660//3131 1663//3131
f  1663//3132 1660//3132 1664//3132
f  1663//3133 1664//3133 1636//3133
f  1636//3134 1664//3134 944//3134
f  1636//3135 944//3135 946//3135
f  859//3136 1665//3136 1497//3136
f  1497//3137 1665//3137 1666//3137
f  1497//3138 1666//3138 1496//3138
f  1492//3139 1490//3139 1635//3139
f  1635//3140 1490//3140 1489//3140
f  1635//3141 1489//3141 1666//3141
f  1666//3142 1489//3142 1494//3142
f  1666//3143 1494//3143 1496//3143
f  1493//3144 1635//3144 1487//3144
f  1487//3145 1635//3145 1667//3145
f  1487//3146 1667//3146 1488//3146
f  1488//3147 1667//3147 1485//3147
f  1485//3148 1667//3148 1668//3148
f  1485//3149 1668//3149 1483//3149
f  1669//3150 1455//3150 1668//3150
f  1668//3151 1455//3151 1454//3151
f  1668//3152 1454//3152 1483//3152
f  1481//3153 1480//3153 1670//3153
f  1670//3154 1480//3154 1479//3154
f  1670//3155 1479//3155 1669//3155
f  1669//3156 1479//3156 1482//3156
f  1669//3157 1482//3157 1455//3157
f  1458//3158 1457//3158 1671//3158
f  1671//3159 1457//3159 1475//3159
f  1671//3160 1475//3160 1670//3160
f  1670//3161 1475//3161 1477//3161
f  1670//3162 1477//3162 1481//3162
f  1458//3163 1671//3163 1474//3163
f  1474//3164 1671//3164 1672//3164
f  1474//3165 1672//3165 1472//3165
f  1472//3166 1672//3166 1473//3166
f  1473//3167 1672//3167 1543//3167
f  1473//3168 1543//3168 1411//3168
f  859//3169 944//3169 1665//3169
f  1665//3170 944//3170 1664//3170
f  1665//3171 1664//3171 1666//3171
f  1666//3172 1664//3172 1660//3172
f  1666//3173 1660//3173 1635//3173
f  1635//3174 1660//3174 1656//3174
f  1635//3175 1656//3175 1667//3175
f  1667//3176 1656//3176 1653//3176
f  1667//3177 1653//3177 1668//3177
f  1668//3178 1653//3178 1650//3178
f  1668//3179 1650//3179 1669//3179
f  1669//3180 1650//3180 1647//3180
f  1669//3181 1647//3181 1670//3181
f  1670//3182 1647//3182 1644//3182
f  1670//3183 1644//3183 1671//3183
f  1671//3184 1644//3184 1641//3184
f  1671//3185 1641//3185 1672//3185
f  1672//3186 1641//3186 1638//3186
f  1672//3187 1638//3187 1543//3187
f  1543//3188 1638//3188 1576//3188
f  1636//3189 947//3189 1673//3189
f  1673//3190 947//3190 1052//3190
f  1091//3191 1113//3191 1674//3191
f  1091//3192 1674//3192 1092//3192
f  1092//3193 1674//3193 1675//3193
f  1092//3194 1675//3194 1067//3194
f  1067//3195 1675//3195 1676//3195
f  1067//3196 1676//3196 1097//3196
f  1097//3197 1676//3197 1098//3197
f  1098//3198 1676//3198 1677//3198
f  1098//3199 1677//3199 1099//3199
f  1099//3200 1677//3200 1678//3200
f  1099//3201 1678//3201 1087//3201
f  1679//3202 1083//3202 1680//3202
f  1680//3203 1083//3203 1082//3203
f  1680//3204 1082//3204 1681//3204
f  1681//3205 1082//3205 1086//3205
f  1681//3206 1086//3206 1087//3206
f  1064//3207 1063//3207 1682//3207
f  1682//3208 1063//3208 1085//3208
f  1682//3209 1085//3209 1679//3209
f  1679//3210 1085//3210 1084//3210
f  1679//3211 1084//3211 1083//3211
f  1065//3212 1683//3212 1066//3212
f  1066//3213 1683//3213 1684//3213
f  1066//3214 1684//3214 1050//3214
f  1050//3215 1684//3215 1673//3215
f  1050//3216 1673//3216 1051//3216
f  1051//3217 1673//3217 1052//3217
f  1636//3218 1673//3218 1663//3218
f  1663//3219 1673//3219 1684//3219
f  1663//3220 1684//3220 1658//3220
f  1658//3221 1684//3221 1659//3221
f  1659//3222 1684//3222 1683//3222
f  1659//3223 1683//3223 1661//3223
f  1655//3224 1657//3224 1683//3224
f  1683//3225 1657//3225 1662//3225
f  1683//3226 1662//3226 1661//3226
f  1065//3227 1064//3227 1683//3227
f  1683//3228 1064//3228 1682//3228
f  1683//3229 1682//3229 1655//3229
f  1655//3230 1682//3230 1679//3230
f  1655//3231 1679//3231 1654//3231
f  1654//3232 1679//3232 1652//3232
f  1652//3233 1679//3233 1680//3233
f  1652//3234 1680//3234 1651//3234
f  1087//3235 1678//3235 1681//3235
f  1681//3236 1678//3236 1648//3236
f  1681//3237 1648//3237 1680//3237
f  1680//3238 1648//3238 1649//3238
f  1680//3239 1649//3239 1651//3239
f  1676//3240 1643//3240 1677//3240
f  1677//3241 1643//3241 1645//3241
f  1677//3242 1645//3242 1678//3242
f  1678//3243 1645//3243 1646//3243
f  1678//3244 1646//3244 1648//3244
f  1113//3245 1637//3245 1674//3245
f  1674//3246 1637//3246 1639//3246
f  1674//3247 1639//3247 1675//3247
f  1675//3248 1639//3248 1640//3248
f  1675//3249 1640//3249 1676//3249
f  1676//3250 1640//3250 1642//3250
f  1676//3251 1642//3251 1643//3251
f  61//3252 1685//3252 65//3252
f  65//3253 1685//3253 1686//3253
f  65//3254 1686//3254 67//3254
f  67//3255 1686//3255 1687//3255
f  67//3256 1687//3256 70//3256
f  70//3257 1687//3257 1688//3257
f  70//3258 1688//3258 77//3258
f  77//3259 1688//3259 1689//3259
f  77//3260 1689//3260 81//3260
f  81//3261 1689//3261 1690//3261
f  81//3262 1690//3262 85//3262
f  85//3263 1690//3263 1691//3263
f  85//3264 1691//3264 89//3264
f  89//3265 1691//3265 1692//3265
f  89//3266 1692//3266 93//3266
f  93//3267 1692//3267 1693//3267
f  93//3268 1693//3268 96//3268
f  96//3269 1693//3269 1694//3269
f  96//3270 1694//3270 100//3270
f  100//3271 1694//3271 1695//3271
f  100//3272 1695//3272 59//3272
f  59//3273 1695//3273 1696//3273
f  59//3274 1696//3274 108//3274
f  108//3275 1696//3275 1697//3275
f  108//3276 1697//3276 110//3276
f  110//3277 1697//3277 1698//3277
f  110//3278 1698//3278 117//3278
f  117//3279 1698//3279 1699//3279
f  117//3280 1699//3280 119//3280
f  61//3281 60//3281 1685//3281
f  1685//3282 60//3282 170//3282
f  1685//3283 170//3283 1700//3283
f  1700//3284 170//3284 167//3284
f  1700//3285 167//3285 1701//3285
f  1701//3286 167//3286 163//3286
f  1701//3287 163//3287 1702//3287
f  1702//3288 163//3288 157//3288
f  1702//3289 157//3289 1703//3289
f  1703//3290 157//3290 155//3290
f  1703//3291 155//3291 1704//3291
f  1704//3292 155//3292 152//3292
f  1704//3293 152//3293 1705//3293
f  1705//3294 152//3294 146//3294
f  1705//3295 146//3295 1706//3295
f  1706//3296 146//3296 144//3296
f  1706//3297 144//3297 1707//3297
f  1707//3298 144//3298 138//3298
f  1707//3299 138//3299 1708//3299
f  1708//3300 138//3300 140//3300
f  1708//3301 140//3301 1709//3301
f  1709//3302 140//3302 134//3302
f  1709//3303 134//3303 1710//3303
f  1710//3304 134//3304 130//3304
f  1710//3305 130//3305 1711//3305
f  1711//3306 130//3306 126//3306
f  1711//3307 126//3307 1712//3307
f  1712//3308 126//3308 123//3308
f  1712//3309 123//3309 1699//3309
f  1699//3310 123//3310 121//3310
f  1699//3311 121//3311 119//3311
f  13//3312 11//3312 27//3312
f  21//3312 19//3312 17//3312
f  51//3312 49//3312 31//3312
f  13//3312 27//3312 15//3312
f  11//3312 9//3312 27//3312
f  27//3312 9//3312 7//3312
f  27//3312 7//3312 5//3312
f  51//3312 31//3312 53//3312
f  39//3312 37//3312 35//3312
f  21//3312 17//3312 23//3312
f  5//3312 3//3312 27//3312
f  27//3312 3//3312 2//3312
f  27//3312 2//3312 29//3312
f  29//3312 2//3312 31//3312
f  31//3312 2//3312 55//3312
f  31//3312 55//3312 53//3312
f  49//3312 47//3312 31//3312
f  31//3312 47//3312 45//3312
f  31//3312 45//3312 43//3312
f  43//3312 41//3312 31//3312
f  31//3312 41//3312 39//3312
f  31//3312 39//3312 33//3312
f  33//3312 39//3312 35//3312
f  15//3312 27//3312 17//3312
f  17//3312 27//3312 25//3312
f  17//3312 25//3312 23//3312
f  1713//3313 1699//3313 1714//3313
f  1714//3313 1699//3313 1698//3313
f  1714//3314 1698//3314 1715//3314
f  1715//3314 1698//3314 1697//3314
f  1715//3315 1697//3315 1716//3315
f  1716//3316 1697//3316 1696//3316
f  1716//3317 1696//3317 1717//3317
f  1717//3318 1696//3318 1695//3318
f  1717//3319 1695//3319 1718//3319
f  1718//3320 1695//3320 1694//3320
f  1718//3321 1694//3321 1719//3321
f  1719//3322 1694//3322 1693//3322
f  1719//3323 1693//3323 1720//3323
f  1720//3324 1693//3324 1692//3324
f  1720//3325 1692//3325 1721//3325
f  1721//3326 1692//3326 1691//3326
f  1721//3327 1691//3327 1722//3327
f  1722//3328 1691//3328 1690//3328
f  1722//3329 1690//3329 1723//3329
f  1723//3330 1690//3330 1689//3330
f  1723//3331 1689//3331 1724//3331
f  1724//3332 1689//3332 1688//3332
f  1724//3333 1688//3333 1725//3333
f  1725//3334 1688//3334 1687//3334
f  1725//3335 1687//3335 1726//3335
f  1726//3335 1687//3335 1686//3335
f  1726//3336 1686//3336 1727//3336
f  1727//3337 1686//3337 1685//3337
f  1727//3338 1685//3338 1728//3338
f  1728//3339 1685//3339 1700//3339
f  1728//3340 1700//3340 1729//3340
f  1729//3340 1700//3340 1701//3340
f  1729//3341 1701//3341 1730//3341
f  1730//3342 1701//3342 1702//3342
f  1730//3343 1702//3343 1731//3343
f  1731//3344 1702//3344 1703//3344
f  1731//3345 1703//3345 1732//3345
f  1732//3346 1703//3346 1704//3346
f  1732//3347 1704//3347 1733//3347
f  1733//3348 1704//3348 1705//3348
f  1733//3349 1705//3349 1734//3349
f  1734//3350 1705//3350 1706//3350
f  1734//3351 1706//3351 1735//3351
f  1735//3352 1706//3352 1707//3352
f  1735//3353 1707//3353 1736//3353
f  1736//3354 1707//3354 1708//3354
f  1736//3355 1708//3355 1737//3355
f  1737//3356 1708//3356 1709//3356
f  1737//3357 1709//3357 1738//3357
f  1738//3358 1709//3358 1710//3358
f  1738//3359 1710//3359 1739//3359
f  1739//3360 1710//3360 1711//3360
f  1739//3361 1711//3361 1740//3361
f  1740//3361 1711//3361 1712//3361
f  1740//3362 1712//3362 1713//3362
f  1713//3362 1712//3362 1699//3362
f  1713//3363 1714//3363 1741//3363
f  1738//3364 1739//3364 1741//3364
f  1741//3365 1739//3365 1740//3365
f  1741//3366 1740//3366 1713//3366
f  1735//3367 1736//3367 1741//3367
f  1741//3368 1736//3368 1737//3368
f  1741//3369 1737//3369 1738//3369
f  1732//3370 1733//3370 1741//3370
f  1741//3371 1733//3371 1734//3371
f  1741//3372 1734//3372 1735//3372
f  1729//3373 1730//3373 1741//3373
f  1741//3374 1730//3374 1731//3374
f  1741//3375 1731//3375 1732//3375
f  1726//3376 1727//3376 1741//3376
f  1741//3377 1727//3377 1728//3377
f  1741//3378 1728//3378 1729//3378
f  1723//3379 1724//3379 1741//3379
f  1741//3380 1724//3380 1725//3380
f  1741//3381 1725//3381 1726//3381
f  1720//3371 1721//3371 1741//3371
f  1741//3382 1721//3382 1722//3382
f  1741//3383 1722//3383 1723//3383
f  1717//3384 1718//3384 1741//3384
f  1741//3385 1718//3385 1719//3385
f  1741//3372 1719//3372 1720//3372
f  1714//3386 1715//3386 1741//3386
f  1741//3387 1715//3387 1716//3387
f  1741//3388 1716//3388 1717//3388
f  976//3389 973//3389 1742//3389
f  1742//3390 973//3390 963//3390
f  1742//3390 963//3390 1743//3390
f  1743//3391 963//3391 961//3391
f  1743//3391 961//3391 1744//3391
f  1744//3392 961//3392 985//3392
f  1744//3392 985//3392 1745//3392
f  1745//3393 985//3393 998//3393
f  1745//3393 998//3393 1746//3393
f  1746//3394 998//3394 1006//3394
f  1746//3394 1006//3394 1747//3394
f  1747//3395 1006//3395 1013//3395
f  1747//3395 1013//3395 1748//3395
f  1748//3396 1013//3396 1017//3396
f  1748//3396 1017//3396 1749//3396
f  1749//3397 1017//3397 1019//3397
f  1749//3397 1019//3397 1750//3397
f  1750//3398 1019//3398 1001//3398
f  1750//3398 1001//3398 1751//3398
f  1751//3399 1001//3399 981//3399
f  1751//3399 981//3399 1752//3399
f  1752//3400 981//3400 988//3400
f  1752//3400 988//3400 1753//3400
f  1753//3401 988//3401 965//3401
f  1753//3401 965//3401 1754//3401
f  1754//3402 965//3402 948//3402
f  1754//3402 948//3402 1755//3402
f  1755//3403 948//3403 954//3403
f  1755//3403 954//3403 1756//3403
f  1756//3404 954//3404 957//3404
f  1756//3404 957//3404 1757//3404
f  1757//3405 957//3405 978//3405
f  1757//3405 978//3405 1758//3405
f  1758//3406 978//3406 992//3406
f  1758//3406 992//3406 1759//3406
f  1759//3407 992//3407 1004//3407
f  1759//3407 1004//3407 1760//3407
f  1760//3408 1004//3408 1014//3408
f  1760//3408 1014//3408 1761//3408
f  1761//3409 1014//3409 1023//3409
f  1761//3409 1023//3409 1762//3409
f  1762//3410 1023//3410 1022//3410
f  1762//3410 1022//3410 1763//3410
f  1763//3411 1022//3411 1010//3411
f  1763//3411 1010//3411 1764//3411
f  1764//3412 1010//3412 1009//3412
f  1764//3412 1009//3412 1765//3412
f  1765//3413 1009//3413 991//3413
f  1765//3413 991//3413 1766//3413
f  1766//3414 991//3414 968//3414
f  1766//3414 968//3414 1767//3414
f  1767//3415 968//3415 967//3415
f  1767//3415 967//3415 1768//3415
f  1768//3416 967//3416 977//3416
f  1768//3416 977//3416 1769//3416
f  1769//3417 977//3417 976//3417
f  1769//3418 976//3418 1742//3418
f  1755//1759 1756//1759 1770//1759
f  1752//1759 1753//1759 1770//1759
f  1770//1759 1753//1759 1754//1759
f  1770//1759 1754//1759 1755//1759
f  1749//1759 1750//1759 1770//1759
f  1770//1759 1750//1759 1751//1759
f  1770//1759 1751//1759 1752//1759
f  1746//1759 1747//1759 1770//1759
f  1770//1759 1747//1759 1748//1759
f  1770//1759 1748//1759 1749//1759
f  1743//1759 1744//1759 1770//1759
f  1770//1759 1744//1759 1745//1759
f  1770//1759 1745//1759 1746//1759
f  1768//1759 1769//1759 1770//1759
f  1770//1759 1769//1759 1742//1759
f  1770//1759 1742//1759 1743//1759
f  1765//1759 1766//1759 1770//1759
f  1770//1759 1766//1759 1767//1759
f  1770//1759 1767//1759 1768//1759
f  1762//1759 1763//1759 1770//1759
f  1770//1759 1763//1759 1764//1759
f  1770//1759 1764//1759 1765//1759
f  1759//1759 1760//1759 1770//1759
f  1770//1759 1760//1759 1761//1759
f  1770//1759 1761//1759 1762//1759
f  1756//1759 1757//1759 1770//1759
f  1770//1759 1757//1759 1758//1759
f  1770//1759 1758//1759 1759//1759

