# File produced by Open Asset Import Library (http://www.assimp.sf.net)
# (assimp v5.2.0)

mtllib left_elbow_link.mtl

# 905 vertex positions
v  0.0414000936 0.0211660229 0.0196784064
v  0.0406961627 0.0214733724 0.0197840929
v  0.0388226472 0.0216656029 0.00527909491
v  0.0442117676 0.0185675193 -0.0399873815
v  0.0444611646 0.0183469374 -0.0400191694
v  0.0449118279 0.0178823508 -0.0291301459
v  0.0451563485 0.0176304448 -0.0401198752
v  0.0455692708 0.017108459 -0.0401911996
v  0.0459423847 0.0165171307 -0.0301889256
v  0.0462550856 0.0159701519 -0.0403431244
v  0.0465230681 0.0153621556 -0.0404241942
v  0.046580229 0.0151838586 -0.0310872961
v  0.0466407463 0.0150145292 -0.0311926939
v  0.0471466556 0.0117599005 -0.0328844599
v  0.0470109619 0.0135326916 -0.0320385061
v  0.0471519604 0.0117596667 -0.0409385525
v  0.0470166802 0.0135270115 -0.040681202
v  0.0465920307 0.0151799666 -0.0404487401
v  0.045936577 0.0165538006 -0.0402656011
v  0.0449342541 0.0178781617 -0.0400854535
v  0.0435753688 0.0190593544 -0.0280859303
v  0.0434188172 0.0191756189 -0.0398969427
v  0.0436898172 0.0189818591 -0.0399263315
v  0.0423601232 0.0198311582 -0.0273241773
v  0.0404650196 0.0207053162 -0.0263753347
v  0.0398239233 0.0209074263 -0.0395647399
v  0.0410730541 0.0204387717 -0.0396737568
v  0.0416820683 0.020167416 -0.0397282988
v  0.0428590775 0.0195377171 -0.0398396179
v  0.0399999991 0.0210193489 -0.009910875
v  0.036599014 0.0217375439 -0.0392770171
v  0.0400000028 0.0209602155 -0.014959204
v  0.0372515023 0.021603642 -0.0393375158
v  0.0399999991 0.0208763219 -0.0261777602
v  0.0385472402 0.0212906748 -0.0394535661
v  0.0391884334 0.0211087037 -0.0395096056
v  0.0184405092 0.0227113459 -0.036303021
v  0.0233995523 0.022703113 -0.0374454893
v  0.0292252973 0.0226509888 -0.00826349296
v  0.0260303225 0.022664262 -0.0379312411
v  0.0331588462 0.0224053264 -0.00902597886
v  0.0313222148 0.0224167686 -0.0387069806
v  0.0339675248 0.0221519414 -0.0390131585
v  0.0395583101 0.0218759924 0.0199781377
v  0.0382421911 0.0222232025 0.0202344432
v  0.0359025784 0.0225921758 0.0207663141
v  0.0334560685 0.0227101222 0.0214198232
v  0.016997952 0.0227102116 -0.0359053984
v  0.0369036235 0.0218624976 -0.00957832485
v  0.0347693786 0.0220443625 -0.0390973724
v  0.0400000028 0.0213079918 0.00582744414
v  0.0418118499 0.0205531903 0.00671536848
v  0.0428119339 0.0203763004 0.0195053071
v  0.0450720862 0.0183229987 0.0193830263
v  0.044754453 0.0187035203 0.0193835627
v  0.0435627103 0.0194724109 0.00785420556
v  0.0441849977 0.0192928091 0.0194008742
v  0.0428633951 0.0203422215 0.019500114
v  0.0448411703 0.018301582 0.00894098636
v  0.0458433777 0.0169355273 0.0100480532
v  0.0460071452 0.0168650392 0.0194379855
v  0.0458914563 0.0168528855 0.0101100784
v  0.0460326076 0.0165969729 0.0102987895
v  0.0465304218 0.0156328641 0.0195353981
v  0.0466879569 0.0149929971 0.0113736801
v  0.0469873808 0.0137497149 0.0197444744
v  0.0470534712 0.013195686 0.0123803634
v  0.0471330099 0.0117610469 0.0130516859
v  0.047131028 0.0117611997 0.0200197864
v  0.0400000028 0.0211692639 -0.000600238214
v  0.0689429045 0.0117621338 -0.0429312289
v  0.0689425245 0.0140622985 -0.0424878523
v  0.0709408 0.0108710453 -0.0400484391
v  0.0709404871 0.0139407357 -0.0389182642
v  0.0689431876 0.0169346165 -0.041629903
v  0.0689429566 0.0178708863 -0.0412687697
v  0.0709400773 0.0168550741 -0.0374820642
v  0.0689424425 0.0197644364 -0.0404009111
v  0.070939593 0.0194723513 -0.0358395427
v  0.068941921 0.0222617202 -0.0389353223
v  0.070939377 0.0205252897 -0.0350697674
v  0.0689417198 0.023175668 -0.0382927917
v  0.0709390417 0.0220513307 -0.0338256098
v  0.0689413771 0.024586793 -0.0371693484
v  0.0689411834 0.0252005644 -0.0366248973
v  0.0709386691 0.0233852826 -0.03259499
v  0.0689402297 0.0272341091 -0.0345302783
v  0.0709383786 0.0243864544 -0.0315687731
v  0.0689395443 0.0285198931 -0.0329196341
v  0.070937708 0.0263775457 -0.0292052943
v  0.0689392984 0.0290288329 -0.0322039016
v  0.0689382479 0.0305835009 -0.0296534337
v  0.0709369257 0.0282207206 -0.0264956821
v  0.068937853 0.0311182272 -0.0286103748
v  0.068937242 0.0319285057 -0.0267962217
v  0.0709360987 0.0297557618 -0.023630809
v  0.0689366385 0.0326474644 -0.0248483401
v  0.0689362511 0.0329807438 -0.0237833504
v  0.0709352419 0.0309825223 -0.0206199903
v  0.0689352155 0.0337446816 -0.0206268337
v  0.0709350184 0.031244617 -0.0198319089
v  0.0671909004 0.00788873341 0.0241391826
v  0.0678271949 0.00863579661 0.0232884139
v  0.0507532619 0.0078642508 0.0241040718
v  0.0500224866 0.00859445892 0.0233197305
v  0.0498474352 0.00884809159 0.0231200885
v  0.0679827109 0.00885406882 0.0230719149
v  0.0493929945 0.00984444283 0.0225509815
v  0.0689232126 0.0117620481 0.021379007
v  0.0625927821 0.0117617929 0.0215841718
v  0.068800509 0.0106769521 0.0217703637
v  0.0560003817 0.0117616728 0.0217972454
v  0.0682414845 0.00926704798 0.0226996001
v  0.0687185451 0.0103680585 0.0219312701
v  0.0492860116 0.0102433618 0.022392299
v  0.0492266342 0.0105434116 0.022292424
v  0.0491335392 0.0115255993 0.0220588371
v  0.0491307229 0.0117618274 0.0220203772
v  0.0670707896 0.00773314992 0.0242958218
v  0.0669767633 0.0075412672 0.0244177822
v  0.0511548184 0.00705737527 0.0245147627
v  0.0668969154 0.00710203312 0.024519166
v  0.0511231124 0.00730734225 0.0244828183
v  0.0669001937 0.00719165616 0.0245150942
v  0.0510374717 0.00752899703 0.0243962239
v  0.0669481978 0.00745624118 0.0244544335
v  0.0668968558 0.00441106968 0.0245191138
v  0.0511549786 0.00438874867 0.0245145857
v  0.0668969527 0.00172010623 0.0245191082
v  0.0511548705 0.00172011845 0.0245145801
v  0.0668969825 -0.00356883369 0.0245191976
v  0.0511548668 -0.00348005537 0.024514677
v  0.0203764904 0.0227101818 -0.0144844232
v  0.0161341988 0.0227101855 -0.0190967973
v  0.0233384594 0.0227101836 -0.00896194205
v  0.0248339791 0.0227101818 -0.00287634647
v  -0.00131133001 0.0227101874 -0.0249655861
v  -0.00822908152 0.0227101874 -0.0286625978
v  0.00493854657 0.0227101892 -0.0245073587
v  0.0108781364 0.0227101874 -0.0225092508
v  0.0200721826 0.0227101892 0.014903266
v  0.0231478792 0.0227101874 0.00944329798
v  0.0247690957 0.0227101855 0.00338997785
v  -0.00747882761 0.0227101855 -0.0238551274
v  -0.00896194577 0.0227101836 -0.0233384557
v  -0.0144007839 0.0227101855 -0.0261128265
v  -0.0131763862 0.0227101855 -0.021245772
v  -0.0198503714 0.0227101836 -0.0222536456
v  -0.018046042 0.0227101836 -0.0173014589
v  -0.0243045837 0.0227101818 -0.0172785763
v  -0.021781791 0.0227101836 -0.0122700324
v  -0.0275400709 0.0227101818 -0.0114370836
v  -0.0293945763 0.0227101836 -0.00502208993
v  -0.0241489056 0.0227101836 -0.00646763854
v  -0.0297751129 0.0227101874 0.00164473103
v  -0.024998663 0.0227101874 -0.000258856278
v  -0.028662594 0.0227101855 0.00822907686
v  -0.0242776554 0.0227101855 0.00596618932
v  -0.026112821 0.0227101855 0.0144007849
v  -0.0220311973 0.0227101855 0.0118163582
v  -0.0222536493 0.0227101874 0.0198503789
v  -0.01840044 0.0227101874 0.0169240627
v  -0.0172785725 0.0227101855 0.0243045893
v  -0.0136135109 0.0227101836 0.0209683646
v  -0.0114370789 0.0227101836 0.0275400635
v  -0.00797120109 0.0227101836 0.0236951485
v  -0.00502208667 0.0227101836 0.0293945689
v  -0.00182802568 0.0227101836 0.0249330774
v  0.00164473406 0.0227101855 0.0297751073
v  0.004430003 0.0227101855 0.0246043727
v  0.008229075 0.0227101874 0.0286625996
v  0.0104096886 0.0227101855 0.0227296818
v  0.0157352965 0.0227101874 0.0194267984
v  0.0486369729 0.0158629194 -0.0423151404
v  0.0490267985 0.0138755385 -0.0426196232
v  0.0491505824 0.0117621589 -0.0429372229
v  0.0482436158 0.0170346722 -0.0421295501
v  0.0474035256 0.018702073 -0.0418499298
v  0.0464211404 0.0200232547 -0.0416066796
v  0.0457936488 0.020676475 -0.0414752252
v  0.045017641 0.0213491432 -0.0413284376
v  0.0437171906 0.0222447217 -0.0411056057
v  0.0415400229 0.0233252179 -0.0407638215
v  0.0389852822 0.0241778959 -0.0403797813
v  0.0383064263 0.0243521556 -0.0402777903
v  0.0349637978 0.0249876045 -0.0397611558
v  0.0305660293 0.0254419856 -0.039013654
v  0.0169976708 0.0257106125 -0.0359053724
v  0.0215843134 0.0257053208 -0.0371218063
v  0.0277303588 0.0255910829 -0.0384763516
v  0.016997939 0.0227650926 -0.035905391
v  0.0169981401 0.0242098793 -0.0359054431
v  0.0709237903 0.0109281829 0.0191263426
v  0.0709238797 0.0119104823 0.0188024677
v  0.0689259768 0.0152319623 0.0204216316
v  0.0709242374 0.0148673877 0.0175982751
v  0.0689292699 0.0184702016 0.0192600954
v  0.070924677 0.017704308 0.0160842799
v  0.0689310282 0.0205793045 0.0183116142
v  0.0709251836 0.0203323457 0.0143119963
v  0.0689328164 0.0230228584 0.0169504769
v  0.068933472 0.0252445918 0.0153729431
v  0.0709259883 0.0235614888 0.0115166288
v  0.068933323 0.0265015569 0.014281583
v  0.0689332187 0.0270038974 0.0137939574
v  0.0709264353 0.0250087641 0.00997620635
v  0.0689325854 0.0287935212 0.0117453104
v  0.0709267929 0.026037585 0.00874007773
v  0.0689311624 0.0303159375 0.00946485996
v  0.0709276721 0.0281631332 0.00568610569
v  0.0689301491 0.0314457007 0.00726394355
v  0.0709279329 0.0286982711 0.00477470877
v  0.0689291432 0.0326087512 0.00422646571
v  0.0709286109 0.0299072117 0.00239949767
v  0.0689291656 0.0335168391 0.00083055126
v  0.0709296167 0.0312445257 -0.00107204355
v  0.0689293742 0.0337445885 -0.000278268941
v  0.0709309429 0.0323329158 -0.00570598152
v  0.0689305663 0.0343866646 -0.00452331454
v  0.0689312443 0.034592215 -0.00683359616
v  0.0709323063 0.0326992199 -0.0104520163
v  0.0689326078 0.0347096808 -0.0111255581
v  0.0689332336 0.0346159413 -0.0137000885
v  0.0709336698 0.0323329382 -0.0151980892
v  0.0689337403 0.0344710276 -0.0155627951
v  0.0689344853 0.034186624 -0.0179722533
v  0.0620399676 0.0326613896 0.0041094129
v  0.0621216558 0.0311778113 0.0079785306
v  0.0619592816 0.0337445699 -0.000280235865
v  0.0622851662 0.026859073 0.0142495511
v  0.0622036308 0.0292562451 0.0113507016
v  0.0623655692 0.0239486657 0.016698692
v  0.0624441057 0.0204873923 0.0187217463
v  0.0625200793 0.0164376292 0.0203423295
v  0.04714261 0.0337448232 -0.0206332486
v  0.0471407846 0.0345801041 -0.014253879
v  0.0471396931 0.0347138979 -0.0104588754
v  0.0471385978 0.0345800929 -0.00666383188
v  0.0471367612 0.0337446555 -0.000284497626
v  0.0689557716 0.00662263716 0.0222313367
v  0.068005681 0.00172010832 0.0234198608
v  0.0709235594 0.00782907568 0.0199181754
v  0.0709234253 0.00480481051 0.0203725267
v  0.0709233731 0.0017201138 0.0205264743
v  0.0471462235 0.0108487923 -0.0332549997
v  0.0471308567 -0.00302410522 0.0201541632
v  0.0471308045 -0.00160364842 0.0203408375
v  0.0471323766 -0.00133835652 0.0148748094
v  0.0471307561 0.00172012998 0.0205196328
v  0.047132384 0.00507011125 0.0148805035
v  0.0471307635 0.00579938618 0.0204861239
v  0.0471328534 0.01126948 0.0132568218
v  0.0471350923 -0.0249080732 0.00537163345
v  0.0471335724 -0.0209271424 0.0106779896
v  0.04713374 -0.0131121343 0.0100838291
v  0.0471323282 -0.015907729 0.0150151243
v  0.0471328348 -0.0075348285 0.0132401139
v  0.0471461415 -0.00763937319 -0.0330295749
v  0.0471469723 -0.0159076229 -0.0359330848
v  0.0471452437 -0.0131120495 -0.029916171
v  0.0471457206 -0.0209270567 -0.0315959714
v  0.0471484624 -0.00302413292 -0.0410720482
v  0.0471466295 -0.00156238826 -0.0346769057
v  0.0471485294 -0.00149524014 -0.0412702374
v  0.0471466556 0.00473345304 -0.0347536728
v  0.0471485816 0.00172025908 -0.0414375253
v  0.0471484624 0.0113374498 -0.040998213
v  0.0471485555 0.0077240821 -0.0413306542
v  0.0471485741 0.00472266041 -0.0414241478
v  0.0471314192 -0.0100799939 0.018184159
v  0.0471312068 -0.00796722621 0.018965967
v  0.0471309461 -0.00485197082 0.0198144484
v  0.0471441895 -0.0249080081 -0.0262896288
v  0.0471424535 -0.0276679415 -0.0202573799
v  0.0471405871 -0.0290802959 -0.0137758283
v  0.0471483804 -0.00474967621 -0.0407543667
v  0.0471481271 -0.00796710607 -0.0398839004
v  0.0471478887 -0.0100798747 -0.0391020961
v  0.0471386835 -0.0290803108 -0.0071421843
v  0.0471368283 -0.0276679806 -0.000660630467
v  0.0709237158 0.00232564169 0.0193306319
v  0.0709239095 -0.00443084631 0.0186425354
v  0.0709234253 -0.00150226976 0.0203584153
v  0.0709246919 0.015405328 0.0160246193
v  0.0709239915 0.00905869063 0.0184420217
v  0.0709234774 -0.00302777975 0.0201604664
v  0.0709235743 -0.00471417001 0.0198508985
v  0.0709245428 -0.0108465254 0.0164148342
v  0.0709238052 -0.00788999069 0.0189982373
v  0.0709392428 0.0175990574 -0.0345903486
v  0.0709400922 0.011485382 -0.0375478007
v  0.0709399953 -0.00852059014 -0.0372504294
v  0.0709407181 -0.00796717778 -0.0398772098
v  0.0709404796 -0.00193622394 -0.0389146879
v  0.0709409863 -0.00474979682 -0.0407475159
v  0.0709390715 -0.0145436665 -0.0341125689
v  0.0709400699 -0.0132444473 -0.0375767276
v  0.0709406734 -0.00861272588 -0.0396570303
v  0.0709272325 0.0256100278 0.00720010977
v  0.0709410235 0.00767969387 -0.0408520289
v  0.0709404945 0.00485446258 -0.0390156209
v  0.0709411055 0.00624793069 -0.0410979874
v  0.070941098 -0.00302378414 -0.0410652943
v  0.0709411576 -0.0014954427 -0.0412633382
v  0.0709405541 0.00197138591 -0.0391660333
v  0.0709411874 0.00172016467 -0.0414306857
v  0.0709411576 0.0047279601 -0.0412843376
v  0.0709239691 -0.0095002288 0.0184236448
v  0.0709246099 -0.0140691139 0.0162005424
v  0.0709255934 -0.0165755283 0.012767625
v  0.0709254444 -0.0181912873 0.0132805938
v  0.0709269866 -0.0213089976 0.00789752789
v  0.0709257871 0.0210233945 0.012208743
v  0.0709289387 0.0289179534 0.0012687369
v  0.0709380209 0.0228659082 -0.0303027071
v  0.0709364787 0.0270019919 -0.0249160193
v  0.0709362179 -0.0236549005 -0.0241630394
v  0.0709371343 -0.0242508724 -0.0273385998
v  0.0709378049 -0.0196807515 -0.0296702832
v  0.0709382668 -0.0211610794 -0.0313372947
v  0.0709392652 -0.0174599942 -0.034779083
v  0.0709327683 0.0310629234 -0.0120506836
v  0.0709346831 0.0297843255 -0.0187206734
v  0.0709308162 0.0307688452 -0.00526561635
v  0.0709324777 -0.027331654 -0.0111826947
v  0.0709330291 -0.0291458592 -0.0130972555
v  0.0709344 -0.0262518711 -0.0178877395
v  0.0709344596 -0.0283041075 -0.0180814695
v  0.0709358379 -0.0266602542 -0.0228742585
v  0.0709263086 -0.0213190317 0.0102585293
v  0.0709274635 -0.0243840385 0.00622786162
v  0.0709286705 -0.0247917585 0.00206709024
v  0.0709287524 -0.0267516449 0.00175928592
v  0.0709305331 -0.0268360451 -0.00440936722
v  0.0709301308 -0.028362792 -0.00305792061
v  0.0709315687 -0.0291658118 -0.00804910436
v  0.0493837371 0.00172012439 0.0227564611
v  -0.00268418877 0.0342888087 -0.00621704152
v  -0.00348970038 0.0342888013 -0.00580332661
v  -0.00174998585 0.034609057 -0.00291008223
v  -0.00420830492 0.0342887864 -0.00530536938
v  -0.0048728846 0.0342887603 -0.00470234687
v  -0.0024436377 0.0346090347 -0.0023579516
v  -0.00544275111 0.0342887379 -0.0040291287
v  -0.00592398318 0.0342887081 -0.00328088878
v  -0.00297076488 0.0346090049 -0.00164509658
v  -0.00630298862 0.0342886709 -0.00247601769
v  -0.00657136366 0.0342886224 -0.00163582026
v  -0.00329541974 0.0346089602 -0.000820107583
v  -0.00673000468 0.0342885852 -0.000752572087
v  -0.00677092141 0.0342885405 0.000120753517
v  -0.00339550036 0.0346089043 6.08024129e-05
v  -0.00669431314 0.0342884883 0.0010230433
v  -0.00650904095 0.0342884436 0.00186911889
v  -0.00326416525 0.0346088521 0.000937593344
v  -0.00621727854 0.0342883915 0.00268461951
v  -0.00580355804 0.0342883468 0.00349012413
v  -0.00291037443 0.0346088 0.00175051682
v  -0.00530561013 0.0342883021 0.00420874171
v  -0.00470258668 0.0342882574 0.00487331394
v  -0.00235824217 0.0346087478 0.0024441753
v  -0.00402936758 0.0342882127 0.00544317951
v  -0.00328112999 0.0342881791 0.00592441624
v  -0.00164539472 0.0346087068 0.0029712962
v  0.00438960409 0.0323124751 0.0152893411
v  0.0036947499 0.0330239832 0.0128691075
v  0.00202204264 0.0330246873 0.0132356137
v  0.0064059603 0.0294571146 0.0223125182
v  0.00541906897 0.0310081244 0.0188750904
v  0.00298047066 0.0309699215 0.0195093341
v  0.00734426314 0.0276826825 0.02558068
v  0.00709848804 0.0281774979 0.0247246549
v  0.00388473575 0.0281775463 0.0254284665
v  -0.00640594633 0.0294572171 -0.0223124903
v  -0.00709840842 0.0281777512 -0.0247243829
v  -0.0101961223 0.0281781927 -0.023616381
v  -0.00734424684 0.0276828017 -0.0255806614
v  -0.00822906941 0.0257102381 -0.028662594
v  -0.0118200956 0.0257102326 -0.0273778606
v  6.05101959e-05 0.0346086472 0.00339602516
v  1.5106248e-07 0.0347163044 4.93455218e-07
v  -0.000820393849 0.0346086696 0.00329595082
v  0.00112082204 0.0345606133 0.00390390772
v  -0.00541905686 0.0310082044 -0.018875055
v  -0.00369454874 0.0330241956 -0.0128684798
v  -0.00438957987 0.0323125385 -0.0152893048
v  -0.007822657 0.0309709776 -0.0181189105
v  0.00822908711 0.025710104 0.0286626015
v  0.00450345315 0.0257101059 0.0294784922
v  0.00164473196 0.0257101096 0.0297751147
v  0.000457411661 0.0281775482 0.0257194266
v  -0.00331537891 0.0257101115 0.0296356343
v  -0.002859873 0.0281775668 0.0255640224
v  -0.005022089 0.0257101152 0.0293945763
v  -0.00621483987 0.0281775855 0.0249614418
v  0.0033246153 0.0333497971 0.0115799028
v  0.00223210989 0.0341033414 0.0077746138
v  0.00102280627 0.0342880711 0.00669475179
v  0.000120516335 0.0342880785 0.00677134935
v  -0.000752802589 0.0342880972 0.00673043448
v  -0.00163605064 0.0342881195 0.00657179719
v  -0.00247625238 0.0342881493 0.00630341237
v  -0.0201534573 0.0281777494 0.0159854703
v  -0.0222536363 0.0257101487 0.0198503826
v  -0.017862916 0.0281777065 0.0185098238
v  -0.0207080022 0.0257101431 0.0214578975
v  -0.0153057203 0.0281776711 0.020674428
v  -0.0172785744 0.025710132 0.0243045967
v  -0.0124635678 0.0281776376 0.0225023832
v  -0.0144486828 0.0257101264 0.0260863621
v  -0.00940630212 0.0281776115 0.0239419919
v  -0.0114370808 0.0257101227 0.0275400728
v  -0.00720470306 0.0257101133 0.0289370827
v  -0.0249613952 0.0281780381 -0.00621481705
v  -0.0293945633 0.0257102046 -0.00502208667
v  -0.0255639683 0.0281779971 -0.00285984809
v  -0.0296356305 0.0257102046 -0.00331537332
v  -0.0257193744 0.028177958 0.000457434828
v  -0.0297750998 0.0257101934 0.00164473418
v  -0.0254284162 0.0281779133 0.00388475531
v  -0.0294784866 0.025710186 0.00450345874
v  -0.0247246251 0.0281778742 0.00709851785
v  -0.0286625959 0.0257101767 0.00822908431
v  -0.0236164089 0.0281778295 0.0101961698
v  -0.0273778569 0.0257101692 0.0118201021
v  -0.0220449343 0.0281777848 0.0132558513
v  -0.0261128228 0.0257101618 0.0144007923
v  -0.0233633611 0.0257101487 0.0185314827
v  -0.0159854162 0.0281781759 -0.0201534312
v  -0.0198503751 0.0257102344 -0.02225364
v  -0.0185097698 0.0281781573 -0.0178628899
v  -0.0214578826 0.0257102307 -0.0207079928
v  -0.0206743889 0.0281781293 -0.0153057007
v  -0.0243045855 0.0257102251 -0.0172785688
v  -0.0225023292 0.0281781033 -0.0124635417
v  -0.026086349 0.0257102214 -0.0144486744
v  -0.0239419509 0.0281780697 -0.00940628257
v  -0.0275400598 0.0257102177 -0.0114370808
v  -0.028937079 0.0257102065 -0.0072046998
v  -0.0132558048 0.0281781889 -0.0220449101
v  -0.0144007849 0.0257102363 -0.0261128172
v  -0.0185314715 0.0257102288 -0.0233633555
v  0.000350954622 0.0309699327 0.0197325647
v  -0.00219413172 0.0309699588 0.019613333
v  -0.00476813363 0.0309699923 0.0191510208
v  -0.0072166929 0.0309700277 0.0183688775
v  -0.00956228096 0.0309700761 0.0172643755
v  -0.011742847 0.0309701264 0.0158619341
v  -0.0137047758 0.0309701841 0.0142011996
v  -0.0154621331 0.0309702512 0.012264465
v  -0.0169133153 0.0309703164 0.0101702446
v  -0.0181189869 0.0309703834 0.00782279298
v  -0.0189692304 0.0309704505 0.00544620724
v  -0.0195092019 0.0309705175 0.00298054377
v  -0.0197324343 0.0309705939 0.000351032766
v  -0.0196132027 0.0309706554 -0.00219405699
v  -0.0191508923 0.0309707168 -0.00476806192
v  -0.0183687415 0.0309707783 -0.00721662631
v  -0.0172642469 0.0309708249 -0.00956221391
v  -0.0158618074 0.0309708733 -0.0117427809
v  -0.014201072 0.0309709143 -0.0137047088
v  -0.0122643309 0.0309709404 -0.0154620614
v  -0.0101701152 0.0309709664 -0.0169132426
v  0.000238131252 0.0330247097 0.0133870579
v  -0.00148849643 0.0330247283 0.0133061679
v  -0.00323474593 0.0330247656 0.0129925273
v  -0.00489589898 0.0330247991 0.01246191
v  -0.00648718933 0.0330248512 0.0117125968
v  -0.00796651654 0.0330249071 0.010761152
v  -0.0092975311 0.0330249667 0.00963448267
v  -0.0104897497 0.0330250338 0.00832056627
v  -0.0114742583 0.0330250971 0.00689980946
v  -0.0122922026 0.0330251642 0.00530725438
v  -0.0128690312 0.0330252387 0.00369493896
v  -0.0132353501 0.0330253094 0.00202218676
v  -0.0133867916 0.0330253839 0.000238276887
v  -0.0133059062 0.033025451 -0.0014883551
v  -0.0129922628 0.0330255106 -0.00323460787
v  -0.0124616418 0.0330255739 -0.00489575649
v  -0.0117123313 0.0330256261 -0.00648704544
v  -0.0107608903 0.0330256745 -0.0079663815
v  -0.00963422656 0.0330257118 -0.00929738581
v  -0.00832030177 0.0330257453 -0.0104896072
v  -0.00689954404 0.0330257714 -0.0114741167
v  -0.00530698616 0.0330257788 -0.0122920619
v  -0.00332459179 0.033349853 -0.0115798609
v  -0.00223208778 0.0341033749 -0.00777456863
v  -0.00112080015 0.034560632 -0.00390385976
v  0.0177275743 0.0273688715 -0.033364296
v  0.0179922227 0.0279199909 -0.0324411616
v  0.0191132631 0.0299762096 -0.0285358615
v  0.0224196911 0.033798065 -0.0170211922
v  0.0213265941 0.0328733213 -0.0208281912
v  0.0202159323 0.0315999426 -0.0246952791
v  0.0238170773 0.0345298536 -0.0121542336
v  0.0252272077 0.0347754396 -0.00724203978
v  0.0266376119 0.0345319547 -0.00232988037
v  0.0280349795 0.0338015184 0.00253747683
v  0.0292213075 0.0327844694 0.00666840235
v  0.0302962493 0.0315291658 0.0104114516
v  0.0313256793 0.0300038308 0.0140019255
v  0.0322806202 0.0282807052 0.0173342433
v  0.0333234109 0.0260299295 0.0209586415
v  0.033455994 0.025709942 0.0214196779
v  0.050139349 0.0234686453 0.018046163
v  0.0500780977 0.0266385693 0.0152241178
v  0.045923505 0.0268772952 0.0156063447
v  0.0337561555 0.0338023342 0.00103060785
v  0.0335707702 0.0261153579 0.0207514204
v  0.0490134619 0.0140564498 0.0216541626
v  0.0499935262 0.0157277286 0.0212462079
v  0.0468496159 0.0203124247 0.0204838794
v  0.0472334214 0.0197178908 0.0205976889
v  0.050099045 0.0197980702 0.0200292673
v  0.0480791293 0.0179991461 0.0209320337
v  0.0482111908 0.0176505111 0.0209993422
v  0.0486416146 0.0162167456 0.021270344
v  0.0462231077 0.0211288501 0.0203337017
v  0.0468246527 0.0203482918 0.0204771031
v  0.0419642068 0.0248033144 0.0193940476
v  0.0422188081 0.0240998007 0.0200033225
v  0.0460324287 0.0239629243 0.0185805149
v  0.0433918796 0.0234903004 0.0200133938
v  0.0460436009 0.0223263521 0.0197563749
v  0.0448794886 0.0224525332 0.0201211255
v  0.0341219418 0.0257030353 0.0212343149
v  0.0368461497 0.0255203508 0.0205994528
v  0.0378171392 0.0255691316 0.0201666187
v  0.0393658057 0.0250733271 0.0202017408
v  0.0415200219 0.0243966095 0.0200246014
v  0.0452068932 0.0327654146 0.00384054706
v  0.0377704129 0.0337862521 0.00024451717
v  0.0415968038 0.0337627977 -0.000165740581
v  0.0468259118 0.0337446928 -0.000284506386
v  0.0449237674 0.0337476917 -0.000275189406
v  0.0539663956 0.0314065553 0.00757351285
v  0.0454881415 0.0312935486 0.00806819648
v  0.0372853726 0.0298850331 0.0127644511
v  0.0542703234 0.0266342312 0.014909259
v  0.0543203168 0.0233404562 0.0176792461
v  0.0542967841 0.0195764955 0.0196946003
v  0.0542335175 0.0155000668 0.0210485104
v  0.0375702344 0.0278480127 0.0166408289
v  0.041778706 0.0273612272 0.0161417332
v  0.0457334258 0.029335713 0.0120364148
v  0.0499330685 0.0292703249 0.0117506329
v  0.0541477762 0.0293413866 0.0114824846
v  0.0379139222 0.0320001021 -0.0276619866
v  0.0446960703 0.0318452008 -0.0282717478
v  0.0443987511 0.03012578 -0.0327726342
v  0.056556534 0.0192152746 -0.0412721373
v  0.0368472375 0.0255635884 -0.0393247679
v  0.0236863885 0.0278427452 -0.0342489891
v  0.0314788036 0.0331953876 -0.0223195795
v  0.0300739575 0.0257016458 -0.0386748202
v  0.0302751474 0.0270155333 -0.0370659567
v  0.03046038 0.0282130186 -0.0352641717
v  0.0308035873 0.0302777365 -0.0312450659
v  0.0311363209 0.03192956 -0.0268745143
v  0.043383345 0.0232052207 -0.0407063439
v  0.0436332338 0.0249184594 -0.0396719985
v  0.0498484448 0.0201369319 -0.0413398519
v  0.0492782965 0.0159616116 -0.0422821715
v  0.055552166 0.0117620258 -0.0429350622
v  0.0559877604 0.0149915032 -0.0423787721
v  0.0683126897 0.011762036 -0.0429314785
v  0.0575540587 0.0264618639 -0.036659997
v  0.057926435 0.0291943792 -0.0330375209
v  0.0573353842 0.0248572268 -0.0381739773
v  0.057093706 0.0231020413 -0.0394444168
v  0.0582351461 0.0313074365 -0.0288646203
v  0.0585139953 0.0328547321 -0.024393836
v  0.0284679811 0.0338009596 -0.01871082
v  0.0346059389 0.0337800831 -0.0200358424
v  0.0449866764 0.0331290215 -0.0235365406
v  0.0408631787 0.0337532908 -0.0205588471
v  0.0438581668 0.0264702812 -0.0383360945
v  0.0370635465 0.0269785281 -0.0378623009
v  0.0440575965 0.0278502107 -0.036705751
v  0.0372579433 0.0282451175 -0.0361453928
v  0.0442360863 0.029064646 -0.0348334387
v  0.0374352261 0.029371094 -0.0342233405
v  0.0376006663 0.0303655602 -0.0321429633
v  0.0568322204 0.0212136172 -0.0404691845
v  0.0503812581 0.0239330251 -0.0396356769
v  0.0506153218 0.0256142411 -0.0383678153
v  0.0508233793 0.0271270871 -0.0368129387
v  0.0510085262 0.0284715593 -0.0350176021
v  0.0511751659 0.0296546817 -0.0330310836
v  0.0514717177 0.0315779634 -0.0286595244
v  0.0412185304 0.0344814882 -0.0154798208
v  0.035321489 0.0345099419 -0.0149522396
v  0.0415763743 0.0347260721 -0.0103652887
v  0.0360404663 0.0347557031 -0.00984201021
v  0.0419339649 0.0344846211 -0.0052591078
v  0.0367570706 0.0345145054 -0.00474755466
v  0.0295281596 0.0345317759 -0.0137270065
v  0.0305958595 0.0347771607 -0.00870589539
v  0.031662073 0.0345340706 -0.00369010493
v  0.0492660813 0.0105730835 -0.0432216823
v  0.0491616502 0.0114004035 -0.0430013463
v  0.0493593514 0.0101698134 -0.0433683246
v  0.0494253412 0.00994240772 -0.0434634201
v  0.049904488 0.00885901228 -0.0440688208
v  0.0500771515 0.00859419629 -0.0442680568
v  0.0507732555 0.00786435325 -0.0450198576
v  0.0510759205 0.00749250315 -0.0453305133
v  0.0511509515 0.00727551989 -0.0454060957
v  0.0511749387 0.00172026292 -0.0454301573
v  0.0511750802 0.00438889721 -0.0454301536
v  0.051174961 0.00705753127 -0.045430243
v  0.0669170171 0.0017202507 -0.0454256348
v  0.0669169575 0.00441121031 -0.0454256274
v  0.068975471 0.00657668617 -0.0431364924
v  0.0690814331 0.00916691031 -0.042833373
v  0.0687234178 0.0104078343 -0.0432882421
v  0.0687979907 0.0106682619 -0.0431957208
v  0.0669170767 0.0071021663 -0.0454257131
v  0.0669486225 0.00738032628 -0.0453862138
v  0.0669958666 0.00753924716 -0.0453252867
v  0.0670546815 0.00767078763 -0.04524884
v  0.0672108009 0.00788890291 -0.0450454801
v  0.0679688603 0.00884388946 -0.0441344976
v  0.0682128146 0.00924356841 -0.0438626632
v  0.0669170693 -0.00356870028 -0.0454256907
v  0.0511749983 -0.00347991451 -0.0454302765
v  -0.00747882435 0.0204759873 -0.0238551293
v  -0.00896194298 0.0204759855 -0.0233384576
v  -0.0131763974 0.0204759873 -0.0212457683
v  -0.0180460382 0.0204759855 -0.0173014589
v  -0.0217817873 0.0204759855 -0.0122700334
v  -0.0241489019 0.0204759855 -0.00646763993
v  -0.0249986593 0.0204759818 -0.000258857443
v  -0.0242776535 0.0204759873 0.00596618792
v  -0.0220311936 0.0204759873 0.0118163563
v  -0.0184004381 0.0204759818 0.0169240609
v  -0.0136135081 0.0204759855 0.0209683627
v  -0.0079711983 0.0204759855 0.0236951467
v  -0.00182802265 0.0204759855 0.0249330774
v  0.00443000626 0.0204759873 0.0246043708
v  0.0104096914 0.0204759873 0.0227296799
v  0.0157352872 0.0204759818 0.0194268022
v  0.0200721864 0.0204759836 0.0149032651
v  0.0231478699 0.0204759818 0.00944330171
v  0.0247690994 0.0204759873 0.00338997669
v  0.0248339828 0.0204759836 -0.00287634763
v  0.0233384632 0.0204759855 -0.00896194298
v  0.0203764942 0.0204759836 -0.0144844241
v  0.0161342025 0.0204759873 -0.0190967973
v  0.0108781252 0.0204759818 -0.0225092452
v  0.00493854983 0.0204759836 -0.0245073587
v  -0.00131132698 0.0204759818 -0.024965588
v  -2.80056894e-10 0.0204759855 1.17527266e-10
v  0.0499013476 -0.00518348115 -0.0437175818
v  0.0494702607 -0.00611516973 -0.0429455079
v  0.0491608903 -0.0060304869 -0.0426159389
v  0.04923575 -0.00718710432 -0.0423394851
v  0.0491067842 -0.00334222056 -0.0431010574
v  0.0511719808 -0.00356114819 -0.0454268642
v  0.0511242934 -0.00381611078 -0.0453718118
v  0.0510088801 -0.00407483988 -0.0452328287
v  0.05071906 -0.0043755048 -0.0448663235
v  0.0500583239 -0.00496507809 -0.0439589098
v  0.0491487235 -0.00859251525 -0.0417829826
v  0.0672819391 -0.00442579249 -0.0449429117
v  0.0680822879 -0.00530285947 -0.0437890366
v  0.0683776066 -0.00581251271 -0.0433020554
v  0.0687686875 -0.00693248771 -0.0425105765
v  0.068831861 -0.00724616461 -0.0423389934
v  0.0689412504 -0.0085925702 -0.0417773686
v  0.0669863299 -0.00397807267 -0.045338098
v  0.0671151802 -0.0042395317 -0.0451678373
v  0.0689251795 -0.0189665686 0.0152308829
v  0.0689256489 -0.0195334312 0.0147637976
v  0.0689369738 -0.0266271699 -0.0273054112
v  0.0689369664 -0.0262477938 -0.0279277842
v  0.0689405277 -0.0147227189 -0.0390397049
v  0.0689408183 -0.0141971288 -0.0393356495
v  0.0689420775 -0.0117334267 -0.0405622683
v  0.0689397007 -0.0170457102 -0.0375714526
v  0.0689398721 -0.0161422081 -0.0381748974
v  0.0689388439 -0.0236643478 -0.0315052904
v  0.0689398944 -0.0226204023 -0.032704033
v  0.068940565 -0.0213954765 -0.0339740142
v  0.0689399317 -0.0188869033 -0.0362001993
v  0.0689381808 -0.0243114531 -0.0306996778
v  0.0689374134 -0.0278780777 -0.0249967482
v  0.068937555 -0.0284769703 -0.0237085819
v  0.0689335912 -0.0310688242 -0.0139837051
v  0.0689335391 -0.0310237575 -0.0143797006
v  0.0689339936 -0.0304555595 -0.0176851582
v  0.068936184 -0.0295458846 -0.0209417287
v  0.0689368919 -0.029201895 -0.0219161958
v  0.0689323321 -0.0311629009 -0.00794472639
v  0.0689336732 -0.0312553123 -0.0100012561
v  0.068933934 -0.0312532671 -0.0110346079
v  0.0689313561 -0.0310357697 -0.00662715081
v  0.0689298436 -0.03047782 -0.00331995985
v  0.068930082 -0.0286119916 0.00249128905
v  0.0689302906 -0.0292470325 0.000888339593
v  0.0689301267 -0.0295871459 -8.74325706e-05
v  0.0689291358 -0.0279230215 0.00399956899
v  0.0689272806 -0.0266272388 0.00639993558
v  0.068927139 -0.0223892964 0.0120488796
v  0.0689267069 -0.0237474442 0.0104993405
v  0.0689265132 -0.0243913885 0.00969112106
v  0.0689269528 -0.0263018291 0.00693565374
v  0.0689270496 -0.0214682333 0.0129969344
v  0.0689241141 -0.0170458239 0.0166660249
v  0.0689239502 -0.0162517447 0.0171986688
v  0.0689239651 -0.0153766042 0.017748151
v  0.0689246133 -0.0124142878 0.0193433557
v  0.0689237118 -0.00931272376 0.0206256378
v  0.0689231828 -0.00859267358 0.020871887
v  0.0679973066 -0.00520864828 0.02298522
v  0.0672621503 -0.00442595873 0.0240366179
v  0.0506992713 -0.00437564543 0.0239504538
v  0.0500382185 -0.00496639078 0.0230412725
v  0.0498814397 -0.00518493168 0.0227998868
v  0.0683616549 -0.00581867108 0.0223911535
v  0.0494510159 -0.00611704774 0.0220277421
v  0.0492173396 -0.00718710013 0.0214228183
v  0.0687523559 -0.00694182655 0.0215997826
v  0.068884477 -0.00776993623 0.0211845767
v  0.0491307415 -0.00859263353 0.0208661705
v  0.0669224635 -0.0038188193 0.0244873799
v  0.0511351638 -0.00369146932 0.0244919248
v  0.0510548241 -0.0039491551 0.0243971832
v  0.0510252453 -0.00401065592 0.0243613832
v  0.0669968501 -0.00405744649 0.02439183
v  0.0508819409 -0.00422088895 0.024183277
v  0.0671229064 -0.00427873945 0.0242242739
v  0.0491433218 -0.00603353092 0.0216988251
v  0.0490839258 -0.00335883582 0.0221840572
v  0.0689007044 -0.00603481522 0.0217103492
v  0.0689533651 -0.00335879042 0.0221873969
v  0.0491474569 -0.0170456972 -0.0375771523
v  0.0491444953 -0.026627155 -0.0273111053
v  0.0491318554 -0.0170458071 0.016660329
v  0.0491484217 -0.010841704 -0.0409507528
v  0.0491308831 -0.0108418288 0.0200339612
v  0.0491331778 -0.0223892778 0.0120431846
v  0.0491347983 -0.0266272258 0.00639424333
v  0.0491366386 -0.0295653138 -2.74635804e-05
v  0.0491386205 -0.0310688224 -0.0069274772
v  0.0491406508 -0.0310688075 -0.0139893964
v  0.0491426326 -0.029565271 -0.0208894014
v  0.0491461121 -0.0223891884 -0.0329600237
v  0.0689741895 -0.00335332495 -0.0430904962
v  0.068926163 -0.00603286689 -0.0426109247
v  0.0491308868 -0.0108418288 0.0200339723
v  0.0491318591 -0.0170458108 0.0166603364
v  0.0471335724 -0.0209271424 0.0106779877
v  0.0491331816 -0.0223892815 0.0120431921
v  0.0471350923 -0.0249080732 0.00537163159
v  0.0491348021 -0.0266272295 0.00639424892
v  0.0471368171 -0.0276679806 -0.00066062517
v  0.0491366535 -0.0295653194 -2.74637059e-05
v  0.0471386835 -0.0290803108 -0.00714218477
v  0.0491386242 -0.031068828 -0.006927473
v  0.0491406657 -0.0310688149 -0.0139894001
v  0.0491426475 -0.0295652766 -0.020889407
v  0.0491444953 -0.0266271587 -0.0273111053
v  0.049146127 -0.0223891921 -0.0329600312
v  0.0491474569 -0.0170457009 -0.0375771523
v  0.0491484366 -0.010841704 -0.0409507602
v  0.0399999991 0.0112694772 0.0132568218
v  0.0399999991 0.0168523844 0.0101104528
v  0.0400000066 0.00507010939 0.0148805017
v  0.0400000028 -0.00133835874 0.0148748094
v  0.0399999954 -0.00753482711 0.0132401148
v  0.0400000066 -0.0131121362 0.0100838244
v  0.0400000028 -0.0131120486 -0.0299161747
v  0.0400000066 -0.00763937552 -0.0330295786
v  0.0399999991 -0.00156238675 -0.0346769057
v  0.0399999954 0.00473345071 -0.0347536691
v  0.0399999917 0.0108487969 -0.0332549997
v  0.0399999991 0.0163957532 -0.0302759632
v  0.0979168117 -0.00527687185 -0.0382742994
v  0.0979168117 -0.00852058642 -0.0372504219
v  0.0979168117 -0.0116235046 -0.0358568989
v  0.0979168117 -0.0145436637 -0.0341125652
v  0.0979168341 -0.0172415767 -0.0320410281
v  0.0979168192 -0.0196807478 -0.0296702795
v  0.0979168192 -0.0218282044 -0.0270323921
v  0.0979168266 -0.0236549024 -0.0241630394
v  0.0979168192 -0.0251361318 -0.0211010147
v  0.0979168192 -0.026251873 -0.0178877376
v  0.0979168341 -0.0269870274 -0.0145666664
v  0.0979168117 -0.027331654 -0.0111826882
v  0.0979168117 -0.0272810999 -0.00778159313
v  0.0979168117 -0.0268360451 -0.00440936117
v  0.0979168192 -0.0260025058 -0.00111160229
v  0.0979168117 -0.0247917548 0.00206709234
v  0.0979168341 -0.0232201684 0.00508372812
v  0.0979168192 -0.0213089995 0.00789752509
v  0.0979168266 -0.0190840904 0.0104704238
v  0.0979168192 -0.0165755283 0.012767625
v  0.0979168192 -0.0138172386 0.01475807
v  0.0979168266 -0.0108465254 0.0164148323
v  0.0979168266 -0.00770356227 0.0177155174
v  0.0979168117 -0.00443084678 0.0186425373
v  0.0979168117 -0.00107263948 0.019183347
v  0.0979168266 0.00232564099 0.0193306282
v  0.0979168266 0.00571804307 0.0190824009
v  0.0979168266 0.0090586897 0.0184420217
v  0.0979168341 0.0123024052 0.0174181443
v  0.0979168266 0.0154053271 0.0160246175
v  0.0979168266 0.0183254853 0.0142802857
v  0.0979168117 0.0210233945 0.0122087495
v  0.0979168192 0.0234625675 0.00983799901
v  0.0979168192 0.025610026 0.00720011396
v  0.0979168117 0.0274367239 0.00433075894
v  0.0979168266 0.0289179534 0.0012687355
v  0.0979168266 0.0300336871 -0.00194454158
v  0.0979168341 0.0307688452 -0.0052656238
v  0.0979168266 0.0311134737 -0.00864958949
v  0.0979168266 0.0310629234 -0.0120506864
v  0.0979168266 0.0306178648 -0.015422917
v  0.0979168266 0.0297843255 -0.0187206771
v  0.0979168266 0.0285735782 -0.0218993723
v  0.0979168341 0.02700199 -0.0249160193
v  0.0979168192 0.0250908211 -0.0277298056
v  0.0979168192 0.0228659082 -0.0303027015
v  0.0979168192 0.0203573518 -0.0325999036
v  0.0979168266 0.0175990574 -0.0345903486
v  0.0979168192 0.0146283479 -0.0362471119
v  0.0979168117 0.0114853811 -0.037547797
v  0.0979168266 0.00821266882 -0.0384748168
v  0.0979168266 0.00485446164 -0.0390156247
v  0.0979168117 0.00145617756 -0.0391629077
v  0.0979168117 -0.00193622464 -0.0389146805
v  0.100000016 0.00218516053 0.010081647
v  0.100000009 -0.00346090784 0.00935534015
v  0.099999994 0.00188790762 -0.0099161379
v  0.100000009 0.0171958897 0.00295497454
v  0.100000009 0.0129495934 0.00674636243
v  0.100000001 0.00780714909 0.00918785296
v  0.099999994 0.02163985 -0.0130563471
v  0.0999999866 0.0217244551 -0.00736437971
v  0.100000001 0.020202022 -0.00187914702
v  0.099999994 0.0124494685 -0.0269000586
v  0.100000001 0.0168065727 -0.0232365578
v  0.100000001 0.0199550521 -0.0184939131
v  0.100000009 -0.00403133035 -0.0290201381
v  0.100000001 0.00159065484 -0.0299139321
v  0.100000001 0.00723672286 -0.0291876271
v  0.0999999866 -0.0164262038 -0.0179531276
v  0.100000001 -0.0134200705 -0.0227872599
v  0.100000001 -0.00917377789 -0.0265786462
v  0.100000016 -0.0161792412 -0.00133837352
v  0.099999994 -0.0178640299 -0.00677592913
v  0.099999994 -0.0179486368 -0.0124678947
v  0.0999999866 -0.00867364928 0.0070677828
v  0.100000009 -0.0130307544 0.00340427132
v  0.0989168212 0.00159065705 -0.0299139302
v  0.0989168286 -0.00403133174 -0.0290201362
v  0.0989168212 -0.00917377975 -0.0265786443
v  0.0989168212 -0.0134200724 -0.022787258
v  0.0989168361 -0.0164262056 -0.0179531369
v  0.0989168137 -0.0179486368 -0.0124678919
v  0.0989168137 -0.0178640317 -0.0067759268
v  0.0989168286 -0.0161792375 -0.00133837119
v  0.0989168286 -0.0130307563 0.00340427365
v  0.0989168361 -0.00867365114 0.00706777442
v  0.0989168286 -0.00346090924 0.00935534295
v  0.0989168286 0.00218515913 0.010081646
v  0.0989168212 0.00780714769 0.00918785576
v  0.0989168286 0.0129495915 0.0067463615
v  0.0989168286 0.0171958879 0.00295497687
v  0.0989168137 0.020202022 -0.00187914481
v  0.0989168361 0.0217244532 -0.00736438995
v  0.0989168063 0.0216398481 -0.0130563444
v  0.0989168137 0.0199550577 -0.0184939113
v  0.0989168212 0.0168065727 -0.023236556
v  0.0989168137 0.0124494666 -0.0269000567
v  0.0989168212 0.00723672891 -0.0291876253
v  0.0989168137 0.00558720529 0.0180910043
v  0.0989168361 -0.0165874735 -0.0312846228
v  0.0989168212 -0.0111614745 -0.0349700376
v  0.0989168212 -0.00503182132 -0.0373047926
v  0.0989168137 0.00147104228 -0.0381630138
v  0.0989168212 0.00799653586 -0.0374984518
v  0.0989168137 0.0290715434 -0.0022170688
v  0.0989168137 0.0265633613 0.00384368584
v  0.0989168212 0.0227250811 0.00916264299
v  0.0989168137 0.0177636165 0.0134530645
v  0.0989168286 0.0119464556 0.0164836384
v  0.0989168137 0.00231077895 0.0183307435
v  0.0989168137 -0.000971324684 0.0181884933
v  0.0989168212 -0.00737554487 0.0167708471
v  0.0989168137 -0.013280211 0.0139145106
v  0.0989168212 -0.0183669962 0.00977344532
v  0.0989168063 0.0141928773 -0.0353469066
v  0.0989168212 0.0197260194 -0.0318243913
v  0.0989168212 0.0242976565 -0.0271207932
v  0.0989168137 0.0276613515 -0.0214896854
v  0.0989168361 0.0296357442 -0.0152346538
v  0.0989168286 0.0301144123 -0.00869288947
v  0.0989168063 -0.0223616697 0.00457092049
v  0.0989168137 -0.0250488855 -0.00141261157
v  0.0989168063 -0.0262837689 -0.00785456784
v  0.0989168063 -0.0259997454 -0.0144076655
v  0.0989168212 -0.0242121313 -0.0207186267
v  0.0989168286 -0.0210172962 -0.0264472254

# 0 UV coordinates

# 1754 vertex normals
vn -0.394934386 -0.917887688 0.0388465784
vn -0.662825584 -0.748760223 -0.00451380061
vn -0.784744382 -0.619775772 -0.00736746425
vn -0.915158689 -0.403088361 -0.00209476752
vn -0.94179213 -0.336195111 -0.000654325646
vn -0.997106969 -0.0760082155 -0.00065481232
vn -0.997089863 -0.0762327537 -0.000609809067
vn -0.969748259 -0.244086623 0.00317053683
vn -0.935996473 -0.351309568 -0.022185497
vn -0.968564689 -0.248761281 -0.000477538269
vn -0.899998665 -0.435822755 0.00780703034
vn -0.8349756 -0.54978478 -0.0235055555
vn -0.878300667 -0.478009194 -0.00975415017
vn -0.795468569 -0.605953574 0.00706883427
vn -0.705434501 -0.708314419 -0.0255509987
vn -0.745554805 -0.666259825 -0.0156804547
vn -0.660319567 -0.750983536 0.00135998009
vn -0.582729936 -0.81249243 -0.0167874582
vn -0.622384071 -0.782657206 -0.00926056225
vn -0.416248053 -0.909229279 0.00629982166
vn -0.351975918 -0.9359622 -0.00936766807
vn -0.407181233 -0.913343966 -0.00250134314
vn -0.533323705 -0.845888376 0.00622270908
vn -0.472241282 -0.881440759 -0.00709431618
vn -0.54323554 -0.839579642 -0.00106407877
vn -0.298091561 -0.954471827 0.0111798318
vn -0.201305971 -0.979523301 -0.00315697608
vn -0.287719339 -0.957687974 0.00716188643
vn -0.235171527 -0.971943021 -0.00460090348
vn -0.342091799 -0.939631581 0.00810777117
vn -0.273260564 -0.961935401 -0.00298386905
vn -0.301937819 -0.953327596 6.77920907e-05
vn -0.00198060786 -0.999997079 -0.00139077054
vn -0.0145594217 -0.999893367 0.00112058432
vn -0.0611451529 -0.998109996 0.00613828376
vn -0.0463539697 -0.99892199 0.00248325407
vn -0.0989545807 -0.995075405 0.00573961716
vn -0.248152301 -0.968010902 0.0370858163
vn -0.151282385 -0.988285601 0.0201306399
vn -0.0600505322 -0.998125732 0.0117903305
vn -0.0458793193 -0.998910606 0.00852915365
vn -0.0171172861 -0.999843657 0.00443154946
vn 0.000728474522 -0.999999702 -0.0002107076
vn -0.328879744 -0.943896115 0.0299700592
vn -0.187448725 -0.981994748 0.0234369822
vn -0.14268738 -0.989753544 0.00531343836
vn -0.142803729 -0.989740729 0.00451204274
vn -0.132610068 -0.991162181 0.00348125608
vn -0.391968846 -0.919803798 0.017928008
vn -0.767157912 -0.64041394 0.0365890302
vn -0.718414485 -0.695055246 0.027906606
vn -0.532503545 -0.846285224 0.0155349495
vn -0.619644761 -0.783960581 0.0380292796
vn -0.549640834 -0.834809542 0.0314323641
vn -0.682926536 -0.73029846 0.0165999066
vn -0.813485861 -0.581268311 0.0191814378
vn -0.841889977 -0.539544463 0.0106331026
vn -0.868001759 -0.49643001 0.0114121605
vn -0.879151881 -0.476402253 0.0115243522
vn -0.920654237 -0.390277982 0.00888256636
vn -0.928266585 -0.371746033 0.0112271886
vn -0.971791327 -0.235842139 -0.000267572526
vn -0.980569422 -0.196082175 0.00595181761
vn -0.998333693 -0.0575186759 -0.00463224202
vn -0.997398078 -0.0720902681 -0.000282138528
vn -0.484049171 -0.874127448 0.0399694517
vn -0.29928866 -0.953942895 0.0204752609
vn -0.299336016 -0.95392561 0.0205882005
vn -0.284189284 -0.958467662 0.0240048226
vn -0.261149108 -0.965173364 0.015540909
vn -0.261417508 -0.965138912 0.01295444
vn -0.16585204 -0.986138403 -0.00490969652
vn 0.832270622 0.105061293 -0.544323206
vn 0.86161083 0.175442696 -0.476284236
vn 0.865701735 0.143077895 -0.479676157
vn 0.874898791 0.174474001 -0.451786399
vn 0.887456536 0.203833774 -0.41336751
vn 0.888421178 0.191451818 -0.417197824
vn 0.895487309 0.23670952 -0.376923203
vn 0.898211837 0.222622275 -0.379018188
vn 0.900858462 0.256324381 -0.350359619
vn 0.901493669 0.249042988 -0.353958696
vn 0.901967764 0.272974193 -0.334573269
vn 0.902861953 0.267915696 -0.336246222
vn 0.902409494 0.286091059 -0.32219407
vn 0.902763128 0.291796595 -0.316027671
vn 0.89934057 0.313926458 -0.304362774
vn 0.899194479 0.313320577 -0.305416912
vn 0.897773087 0.34441036 -0.274563283
vn 0.895958722 0.339794308 -0.286003143
vn 0.889865935 0.371953249 -0.264176905
vn 0.886262774 0.395659238 -0.240815401
vn 0.881388068 0.390709549 -0.265520453
vn 0.870918572 0.437446296 -0.223923221
vn 0.868805289 0.452215523 -0.201689035
vn 0.862670004 0.445908636 -0.23867543
vn 0.843066335 0.504624069 -0.185993984
vn 0.84219563 0.514652491 -0.160745993
vn 0.835815251 0.508510292 -0.206954435
vn 0.802127302 0.580457032 -0.140219197
vn 0.795258582 0.575357437 -0.191121906
vn -0.00252769818 0.752353907 0.658754289
vn -0.000499854388 0.731680691 0.68164736
vn -5.38643035e-05 0.618485093 0.785796523
vn 0.00165561889 0.703621566 0.710572958
vn 0.0021417588 0.496718347 0.867909133
vn 0.0304950457 0.336063534 0.941345513
vn 0.0304236319 0.335678846 0.941485047
vn 0.0144650368 0.664507866 0.747141242
vn 0.010948563 0.569044471 0.822233856
vn 0.0195968207 0.374075264 0.927191257
vn 0.0181443971 0.458122522 0.888703823
vn 0.0230804477 0.319852978 0.947186053
vn 0.0239847731 0.259101301 0.96555233
vn 0.028981816 0.233870804 0.971835613
vn 0.0320436433 0.160987854 0.986436069
vn -0.00256136851 0.710472822 0.703720033
vn -0.00557744736 0.538352072 0.842701554
vn -0.000636819634 0.126678988 0.991943538
vn -0.00171051046 0.0454310477 0.998966038
vn -0.00152569369 0.656246603 0.754544914
vn -0.00153975445 0.363371432 0.931643069
vn -0.00208322075 0.396427989 0.918063462
vn -0.000354892691 0.223536476 0.974695504
vn -0.000279651344 -1.91142408e-05 0.99999994
vn -0.000287592557 -6.63540632e-05 0.99999994
vn -0.000287683652 -2.10306803e-06 0.99999994
vn -0.000287689181 -2.13570456e-06 0.99999994
vn -0.000287689181 1.69259529e-05 0.99999994
vn -0.000287123024 1.86110701e-05 0.99999994
vn 6.03908347e-07 -1 -1.44621902e-06
vn 4.11027077e-06 -1 -1.99924625e-06
vn -1.02361873e-05 -1 1.37685504e-06
vn -2.11263286e-05 -1 5.00344504e-06
vn 1.43968634e-07 -1 -2.71531718e-07
vn 5.05991864e-07 -1 -1.41875489e-06
vn 4.29265384e-07 -1 -1.49993343e-06
vn 5.39612756e-07 -1 -1.44952298e-06
vn -3.97249551e-06 -1 -2.15727687e-06
vn -5.24877396e-06 -1 -1.05878439e-06
vn -8.61810531e-06 -1 5.64595666e-07
vn 1.79362416e-07 -1 -3.37759644e-07
vn 1.3543854e-06 -1 -5.2113387e-07
vn 7.43770556e-08 -1 -6.97326016e-07
vn -2.17170552e-07 -1 -1.25780048e-07
vn 1.93937609e-07 -1 -2.29201873e-07
vn 1.73022315e-07 -1 -9.07040985e-08
vn 1.65503366e-07 -1 -8.79645725e-08
vn 1.66107981e-07 -1 7.73989797e-08
vn 1.48367235e-07 -1 8.6334957e-08
vn 1.79362928e-07 -1 3.00612186e-07
vn 1.52822324e-07 -1 2.72735605e-07
vn 2.24245753e-07 -1 5.31920023e-07
vn 2.1037367e-07 -1 5.22299274e-07
vn -1.07060757e-07 -1 -2.74201938e-07
vn -2.48912784e-07 -1 -3.35434294e-07
vn -4.61457113e-08 -1 5.74801469e-08
vn -1.13986985e-07 -1 4.27195204e-08
vn 9.40966558e-08 -1 3.71349074e-07
vn 9.86731479e-08 -1 3.71475807e-07
vn -3.79106041e-07 -1 -2.57636657e-07
vn -4.31390788e-07 -1 -2.4968918e-07
vn -2.07594027e-07 -1 -3.83376397e-09
vn -2.17716916e-07 -1 -4.81241158e-10
vn -1.13416148e-08 -1 1.8554924e-07
vn 3.79303561e-10 -1 1.7948436e-07
vn 1.89120513e-07 -1 3.14607547e-07
vn 2.07044295e-07 -1 3.01752408e-07
vn 3.77363222e-07 -1 3.93496435e-07
vn 3.91113588e-07 -1 3.80624186e-07
vn -2.86510658e-06 -1 -8.16182819e-07
vn -3.13119881e-06 -1 -5.49796277e-06
vn -3.36707353e-06 -1 -3.40070892e-06
vn -0.691676676 -0.0250921771 -0.7217713
vn -0.698552132 0.0661595166 -0.712494075
vn -0.706305087 0.0487721451 -0.706225455
vn -0.660858154 -0.0646224916 -0.74772346
vn -0.641260087 -0.141106442 -0.754237652
vn -0.650301337 -0.0990095958 -0.753196716
vn -0.608837843 -0.164884374 -0.775970161
vn -0.604756534 -0.174379468 -0.777085185
vn -0.566044629 -0.202767268 -0.799048781
vn -0.527881861 -0.24030517 -0.814612925
vn -0.497503281 -0.28143838 -0.820538223
vn -0.479486883 -0.316134185 -0.818627834
vn -0.513865888 -0.229925156 -0.826484263
vn -0.425122082 -0.308724195 -0.850858748
vn -0.457135051 -0.268494308 -0.847902298
vn -0.390461594 -0.316913366 -0.864352763
vn -0.367949307 -0.335747451 -0.867114127
vn -0.349562228 -0.357557714 -0.866001606
vn -0.404573619 -0.276506662 -0.871701956
vn -0.315952659 -0.348718673 -0.882365704
vn -0.358096808 -0.299988836 -0.884179473
vn -0.266131461 -0.337846339 -0.902792275
vn -0.241430581 -0.360767812 -0.900865078
vn -0.290072024 -0.296679765 -0.909856737
vn -0.200070441 -0.317660302 -0.926856935
vn -0.18441233 -0.328509182 -0.926322758
vn -0.233295619 -0.279503196 -0.931370556
vn -0.161926836 -0.279074043 -0.94651854
vn -0.210376248 -0.26954481 -0.939727306
vn -0.14996925 -0.268009126 -0.951672375
vn -0.143767312 -0.27047801 -0.951931
vn -0.139290258 -0.273343146 -0.951778173
vn -0.187342986 -0.2043152 -0.960811079
vn -0.129940018 -0.20996204 -0.9690364
vn -0.133045614 -0.20882459 -0.968860745
vn -0.180242643 -0.143695891 -0.973069429
vn -0.149935752 -0.136741251 -0.979194105
vn -0.224416405 0.0212110598 -0.974262476
vn -0.256074637 -0.0507554784 -0.965323627
vn -0.181624979 -0.00379595556 -0.983360529
vn -0.215883195 -0.0561590418 -0.974802852
vn -0.189352259 -0.0723952577 -0.979236782
vn -0.26572758 9.41775797e-05 -0.964048147
vn -0.265730828 1.75220393e-07 -0.964047253
vn -0.265766293 -3.65548985e-05 -0.964037478
vn 0.768192828 0.200410292 0.6080423
vn 0.773928761 0.167858347 0.610620856
vn 0.809228778 0.221501008 0.544137895
vn 0.812142789 0.196261093 0.549459457
vn 0.845731437 0.251133502 0.470818698
vn 0.849379539 0.215877116 0.481613398
vn 0.866069853 0.279400259 0.414558262
vn 0.875683904 0.234496906 0.422124296
vn 0.880928814 0.273813546 0.385992914
vn 0.895878255 0.290666163 0.336028785
vn 0.895766258 0.291495025 0.335609138
vn 0.896485865 0.308709174 0.31782338
vn 0.898032725 0.320489645 0.301369607
vn 0.89563179 0.335118353 0.2924712
vn 0.896748364 0.340016067 0.283251643
vn 0.893128574 0.374353945 0.249360234
vn 0.891385138 0.371892005 0.25909245
vn 0.876721561 0.428078979 0.219334543
vn 0.876081109 0.415677935 0.244323075
vn 0.865705609 0.467552781 0.178740531
vn 0.850745678 0.468298048 0.238597423
vn 0.838905036 0.525802195 0.140607432
vn 0.814134002 0.541783154 0.20894222
vn 0.793572664 0.596003115 0.122567251
vn 0.794324696 0.591349304 0.139119849
vn 0.741059542 0.663857341 0.100619063
vn 0.732248247 0.678339183 0.060567297
vn 0.734660804 0.676406622 0.0524167754
vn 0.705572903 0.708365977 0.0196108762
vn 0.713005841 0.700700104 -0.0253389534
vn 0.733919501 0.677238822 -0.0520552732
vn 0.733753681 0.677384257 -0.0524983406
vn 0.734721422 0.673718452 -0.0792959407
vn 0.773275852 0.617323339 -0.144763052
vn 0.792260289 0.601934135 -0.0999945551
vn 0.00105125771 0.933719575 0.358003646
vn 0.00334849674 0.970887363 0.239513025
vn -0.00960448198 0.966012478 0.258316904
vn -5.91499847e-05 0.97955054 0.201198131
vn -0.0159255844 0.831583917 0.555170715
vn 0.0129238609 0.889567077 0.456621706
vn 0.000785679324 0.933880925 0.357583344
vn 0.0339797586 0.696120858 0.717120051
vn 0.0286670253 0.752807498 0.657616198
vn 0.0156503692 0.770760834 0.636932373
vn 0.0307536162 0.868750989 0.494293362
vn 0.0316027328 0.655287504 0.754718184
vn 0.0272293892 0.644071341 0.76448065
vn 0.0502899922 0.578204751 0.814340353
vn 0.0381140411 0.504889071 0.862342358
vn 0.0482833162 0.486033708 0.872605264
vn 0.0312940218 0.257017344 0.965900004
vn 0.0380918123 0.265748024 0.963289678
vn 0.0585145429 0.371834248 0.926453114
vn 0.0268633999 0.337485075 0.940947473
vn 0.0517826043 0.409556925 0.910813749
vn 5.47553609e-05 0.986423194 -0.164223433
vn -0.0042489036 0.991527617 -0.129826665
vn -0.00206995569 0.993103504 -0.117222428
vn 0.000331518997 0.996987462 -0.0775624439
vn -4.4598346e-05 0.988753796 0.149552524
vn -0.000718690222 0.999337494 -0.036387302
vn -0.000884489331 0.999378681 -0.0352340564
vn 0.0010304004 0.999625146 0.0273593888
vn -0.00028140191 0.999378979 0.0352363698
vn 0.000136305258 0.996065438 0.0886208788
vn -0.00395362033 0.991525888 0.129848987
vn -3.73836592e-05 0.988752007 0.149564117
vn 0.84900099 0.091679588 0.520376921
vn 0.79778868 0.098190248 0.594888151
vn 0.775524318 0.0990719572 0.623495579
vn 0.765550375 0.0940822065 0.636459827
vn 0.762785196 0.0914872587 0.640147448
vn 0.759480119 0.0872701332 0.644650161
vn 0.755583763 0.0721742064 0.6510638
vn 0.75092262 0.050522171 0.658454835
vn 0.748102486 0.0343593322 0.662693083
vn 0.745319843 0.017570762 0.666475475
vn 0.74365437 0.00320178573 0.668556571
vn 0.74501133 0.0172787718 0.666827977
vn 0.70399791 -3.01820546e-05 0.710202038
vn 0.70406431 2.41005164e-05 0.710136175
vn 0.766674638 0.158882841 0.62206614
vn 0.725476861 0.117073335 0.678216159
vn 0.731052816 0.101339251 0.674753428
vn 0.703522921 0.0357304737 0.709773779
vn 0.703701198 0.0354034826 0.709613442
vn -0.999999523 0.000741268042 -0.000658950128
vn -0.99999994 1.07731876e-06 -0.000287715171
vn -0.99999994 6.79886114e-07 -0.000287734467
vn -0.99999994 1.15818921e-06 -0.000287993636
vn -0.99999994 -3.64086901e-07 -0.000288897951
vn -0.99999994 9.72138636e-08 -0.000288957963
vn -0.99999994 2.35756816e-05 -0.000271192839
vn -0.99999994 0.000206107376 -0.000284464302
vn -0.99999994 -3.24581038e-07 -0.000286144117
vn -0.99999994 -3.41577788e-07 -0.000286367693
vn -0.99999994 -2.30758701e-07 -0.000286304858
vn -0.99999994 6.12989936e-07 -0.000287302071
vn -0.99999994 9.32811759e-07 -0.000287450675
vn -0.99999994 9.70241445e-07 -0.000287624804
vn -0.99999994 4.94944879e-06 -0.000288104929
vn -0.99999994 6.41024826e-07 -0.000288148818
vn -0.99999994 8.58977216e-07 -0.000288357143
vn -0.999965906 0.00825650431 0.000231996193
vn -0.99999994 9.09685639e-07 -0.000289006741
vn -0.99999994 2.02953686e-07 -0.000288733281
vn -0.99999994 2.90002413e-06 -0.000287506875
vn -0.99999994 -1.04119135e-06 -0.000287500501
vn -0.99999994 -2.88801715e-07 -0.000286578666
vn -0.99999994 5.2594969e-06 -0.000283722416
vn -0.99999994 1.02405193e-06 -0.000284042268
vn -0.99999994 -4.28411477e-06 -0.000292643061
vn -0.99999994 3.91974118e-06 -0.000286807568
vn -0.99999994 8.46010721e-07 -0.000287601521
vn -0.99999994 4.87743534e-07 -0.000287485338
vn -0.99999994 1.14006707e-06 -0.000287798262
vn -0.99999994 -3.43537522e-06 -0.000286188413
vn -0.99999994 6.24623453e-07 -0.000288317649
vn -0.99999994 1.600627e-06 -0.000289518153
vn -0.99999994 5.20441245e-06 -0.000289690477
vn -0.99999994 8.35061201e-07 -0.000287934468
vn -0.99999994 -2.38634442e-07 -0.000286875555
vn -0.99999994 -1.30426849e-06 -0.000285887741
vn -0.99999994 6.07750451e-07 -0.000288478011
vn 0.99999994 -6.56879592e-07 0.000286741182
vn 0.99999994 1.70066073e-06 0.000279043947
vn 0.99999994 -3.28889882e-07 0.000288759795
vn 0.99999994 1.35990342e-06 0.000300386106
vn 0.99999994 3.94708422e-06 0.000279916741
vn 0.99999994 -3.51083798e-07 0.000291658886
vn 0.99999994 -2.03164177e-06 0.000290258991
vn 0.99999994 -1.44768126e-06 0.00028478913
vn 0.99999994 -1.98534713e-06 0.000286068476
vn 0.99999994 -5.27152133e-06 0.000290943688
vn 0.99999994 3.84537952e-06 0.000282516703
vn 0.99999994 1.07010226e-06 0.00028186597
vn 0.99999994 -3.59003548e-06 0.000290182943
vn 0.99999994 -1.21332357e-06 0.000287122966
vn 0.99999994 2.29453008e-07 0.000285903399
vn 0.99999994 -1.84307578e-06 0.000282190216
vn 0.99999994 -3.86879128e-06 0.000274970313
vn 0.99999994 -5.70435395e-06 0.000286471506
vn 0.99999994 -3.75474269e-06 0.000286709575
vn 0.99999994 -3.37844745e-06 0.000281261862
vn 0.99999994 2.14774136e-05 0.000280310254
vn 0.99999994 1.57952434e-06 0.0002895832
vn 0.99999994 8.27635517e-07 0.00028153407
vn 0.99999994 -2.13344219e-06 0.000284944545
vn 0.99999994 5.9323238e-06 0.000297353341
vn 0.99999994 -1.06909965e-05 0.000294126512
vn 0.99999994 4.59017656e-07 0.000288487965
vn 0.99999994 -1.76444428e-06 0.000288070674
vn 0.99999994 5.56133682e-06 0.000275961211
vn 0.99999994 6.42716759e-06 0.000275865139
vn 0.99999994 -5.68298265e-06 0.000291581819
vn 0.99999994 -2.92252525e-06 0.000291427918
vn 0.99999994 -1.81936775e-06 0.000288156531
vn 0.99999994 1.28378235e-06 0.0002860768
vn 0.99999994 1.38126541e-06 0.00028461084
vn 0.99999994 -1.2383141e-06 0.000286523398
vn 0.99999994 -9.6186227e-07 0.000287394185
vn 0.99999994 2.2417737e-07 0.000289289659
vn 0.99999994 -1.13137105e-07 0.000288687501
vn 0.99999994 -4.18729996e-07 0.000287566858
vn 0.99999994 -7.67135546e-08 0.000287679228
vn 0.99999994 -6.24112943e-07 0.00028610442
vn 0.99999994 -6.89819558e-07 0.000288636395
vn 0.99999994 1.90531273e-06 0.000285578339
vn 0.99999994 3.22317806e-06 0.000282050663
vn 0.99999994 2.33618289e-06 0.000280985376
vn 0.99999994 8.26228757e-07 0.000285817106
vn 0.99999994 3.93735354e-06 0.000285797782
vn 0.99999994 4.18971126e-07 0.000280521606
vn 0.99999994 9.68586733e-07 0.000283876318
vn 0.99999994 -1.34798602e-05 0.000290970493
vn 0.99999994 1.42710469e-05 0.000284553826
vn 0.99999994 7.5258928e-09 0.000288897194
vn 0.99999994 -4.60897081e-06 0.000279848813
vn 0.99999994 -4.49348727e-06 0.000279746251
vn 0.99999994 -7.27811823e-07 0.00028872519
vn 0.99999994 -5.42487044e-07 0.000287914299
vn 0.99999994 -2.10974167e-06 0.000285326765
vn 0.99999994 8.96626915e-08 0.000288127252
vn 0.99999994 1.04161472e-06 0.000289732561
vn 0.99999994 -8.06874868e-06 0.000288626499
vn 0.99999994 4.73754153e-06 0.00028524769
vn 0.99999994 5.50516916e-06 0.000285839924
vn 0.99999994 4.31380886e-06 0.000288392592
vn 0.99999994 -8.45755312e-06 0.000288466894
vn 0.99999994 -7.94333937e-06 0.000288791285
vn 0.99999994 4.04478988e-06 0.00028890933
vn 0.99999994 1.34925278e-06 0.000287821662
vn 0.99999994 1.19073718e-06 0.000287983916
vn 0.99999994 -3.89029481e-07 0.000287395931
vn 0.99999994 -3.96204968e-07 0.000287370436
vn 0.99999994 -5.08953599e-06 0.000285072485
vn 0.99999994 -1.54426391e-06 0.000288596231
vn 0.99999994 1.14456429e-06 0.000286893424
vn 0.99999994 1.09754274e-06 0.000286865019
vn 0.99999994 8.4803338e-07 0.000289508142
vn 0.99999994 -1.10010149e-06 0.00028801884
vn 0.99999994 -6.68997984e-07 0.000289024145
vn 0.99999994 1.16881301e-06 0.000286160153
vn 0.99999994 7.70115889e-07 0.000286158465
vn 0.99999994 -6.04382933e-07 0.000288689887
vn 0.99999994 -1.95208099e-06 0.000288821961
vn 0.99999994 -1.91911499e-06 0.000288612064
vn 0.99999994 -6.43523026e-06 0.000288673851
vn 0.99999994 -7.20815842e-06 0.000287800649
vn 0.99999994 -2.84177349e-06 0.000288354815
vn 0.99999994 -1.330906e-06 0.000289239135
vn -0.703291535 0.106071882 0.702943683
vn -0.721449316 0.0459293798 0.690942347
vn -0.707593143 0.000540433917 0.706619918
vn -0.715669811 0.0331480913 0.697651744
vn -0.709085345 0.00859841611 0.705070198
vn -0.721480489 -0.00826005358 0.692385495
vn -0.727856278 0.0582860783 0.683248103
vn -0.737437487 0.0694714263 0.671833038
vn -0.72170639 0.0540115722 0.690088868
vn -0.706380725 0.0937560797 0.701595366
vn -0.704033971 0.100461714 0.703024626
vn -0.70840174 0.00579881901 0.705785632
vn -0.704558074 1.08976155e-05 0.709646344
vn -0.704406083 -8.92235039e-05 0.709797204
vn -0.704494655 2.74585236e-05 0.709709287
vn -0.0432501622 0.995510817 -0.0841878355
vn -0.0636203066 0.995510817 -0.0700758621
vn -0.0796261951 0.995510519 -0.0511707142
vn -0.0901852399 0.995509863 -0.0287529603
vn -0.0945625752 0.995509267 -0.00437886966
vn -0.0924715102 0.995508313 0.0203020852
vn -0.0842211619 0.995505333 0.0433124565
vn -0.0701085478 0.995504618 0.0636817738
vn -0.0512040481 0.995503843 0.079688713
vn 0.0586921647 0.962180614 0.266014427
vn 0.0867848396 0.917173147 0.388923913
vn 0.104073577 0.873721004 0.47516343
vn -0.153117523 0.890504181 -0.428435892
vn -0.176767066 0.851252913 -0.494086951
vn -0.00358314021 0.999489367 0.0317524448
vn 0.0303439908 0.999054492 0.0311355647
vn -0.184938833 0.914604545 -0.359577745
vn -0.185914993 0.95583874 -0.227613553
vn 0.112259403 0.851250231 0.512611747
vn 0.100222185 0.85642159 0.506455839
vn 0.05329201 0.856375039 0.513596952
vn 0.0432955958 0.85909152 0.509987473
vn -0.0147021953 0.852305353 0.522837877
vn -0.0241749305 0.856161833 0.516141891
vn -0.0721723214 0.856543422 0.511003494
vn -0.0903006643 0.859678805 0.502790332
vn -0.0316826142 0.978686512 0.20290117
vn 0.0631185621 0.993064046 0.099195838
vn 0.00828205328 0.995203137 0.0974788517
vn -0.00019249192 0.995519876 0.0945526138
vn -0.00440905243 0.995503128 0.0946259871
vn -0.0105566066 0.995597482 0.093135573
vn -0.0167240258 0.995502412 0.0932480767
vn -0.0287922248 0.995503485 0.0902433023
vn -0.040325027 0.995503366 0.0857145563
vn -0.0342830606 0.995598078 0.0872302279
vn -0.0116598662 0.999489605 0.0297414064
vn -0.0611547418 0.995504618 0.0723230317
vn -0.0556811914 0.995598793 0.0753831044
vn -0.0189463533 0.999490023 0.0257053897
vn -0.378315896 0.859667957 0.343290031
vn -0.372095972 0.856470108 0.357775807
vn -0.333849639 0.856144071 0.394413114
vn -0.332121521 0.854169905 0.400111347
vn -0.277913272 0.857924044 0.432123244
vn -0.275206029 0.856274903 0.437098324
vn -0.220133841 0.856140256 0.4675093
vn -0.223229766 0.858078778 0.462460011
vn -0.158442914 0.853722274 0.496038467
vn -0.162041813 0.85599798 0.490927607
vn -0.105896138 0.856477797 0.505204678
vn -0.0778087825 0.995506048 0.0539771765
vn -0.0732794777 0.995599926 0.058402665
vn -0.0249370672 0.99949044 0.019923782
vn -0.0891273618 0.995507658 0.0319508612
vn -0.0858883485 0.995600939 0.0374430902
vn -0.029229477 0.999490976 0.0127849542
vn -0.0943413153 0.99550724 0.0080679385
vn -0.0926388726 0.99560225 0.013935999
vn -0.031526871 0.999491453 0.0047822101
vn -0.502840638 0.859649122 -0.0903030559
vn -0.511049509 0.85651499 -0.0721833184
vn -0.516189516 0.856133223 -0.0241721161
vn -0.522884011 0.85227704 -0.014700749
vn -0.510031581 0.859064639 0.0433100723
vn -0.513637006 0.85635072 0.0532960743
vn -0.504766941 0.856147707 0.110550456
vn -0.504763961 0.856150568 0.110542335
vn -0.486524761 0.856149971 0.17407155
vn -0.486522675 0.856153011 0.174062401
vn -0.459701985 0.856108665 0.236118674
vn -0.458374441 0.859886944 0.224693939
vn -0.431884319 0.850826263 0.299283445
vn -0.430587143 0.855832875 0.286609203
vn -0.394904405 0.856530905 0.332272977
vn -0.0931876078 0.995508611 -0.0166947953
vn -0.0930749476 0.995603561 -0.0105146756
vn -0.0316746756 0.99949199 -0.00353872636
vn -0.0856548026 0.995510042 -0.0402867235
vn -0.0871695727 0.995604575 -0.0342485346
vn -0.0296629537 0.999492466 -0.0116179446
vn -0.0722554922 0.995511174 -0.0611281879
vn -0.0753175244 0.995605469 -0.0556511022
vn -0.0256260503 0.999492824 -0.0189061146
vn -0.343318611 0.85963887 -0.378356129
vn -0.357812881 0.856438935 -0.372132063
vn -0.394449502 0.856113017 -0.333886296
vn -0.400151253 0.85413748 -0.332156867
vn -0.432167798 0.857892454 -0.277941644
vn -0.437143415 0.856242955 -0.275233865
vn -0.467556953 0.856108308 -0.220156908
vn -0.462507367 0.858047128 -0.22325328
vn -0.496090442 0.853689551 -0.1584564
vn -0.490975618 0.855967283 -0.162058383
vn -0.505255282 0.856447101 -0.105902895
vn -0.0539161861 0.995512009 -0.0777744651
vn -0.0583381243 0.995606005 -0.0732487291
vn -0.0198482387 0.999493062 -0.0248930175
vn -0.163707361 0.873729408 -0.458035856
vn -0.183638319 0.85637486 -0.482596159
vn -0.236128315 0.85608381 -0.459743291
vn -0.224712878 0.859859169 -0.458417207
vn -0.299304962 0.85079813 -0.43192482
vn -0.286636144 0.855802894 -0.430628717
vn -0.332300514 0.856501281 -0.394945472
vn 0.0973479524 0.890497684 0.44445166
vn 0.0575691946 0.90627718 0.41874513
vn 0.0358179733 0.905932128 0.421905279
vn 0.0358212329 0.905931473 0.421906322
vn -0.0198069196 0.905956507 0.422907174
vn -0.019802805 0.905955732 0.422909051
vn -0.0748455599 0.90593797 0.416742742
vn -0.0748391598 0.905936599 0.416746855
vn -0.128822774 0.905949354 0.403311849
vn -0.128818348 0.905948341 0.403315544
vn -0.180367723 0.905942976 0.38305974
vn -0.180361316 0.905941308 0.383066744
vn -0.229025707 0.905942142 0.356112391
vn -0.229020014 0.905940413 0.356120557
vn -0.273539305 0.905947268 0.323165208
vn -0.273534268 0.905945361 0.323174864
vn -0.313563794 0.905934274 0.284536213
vn -0.313559353 0.90593195 0.284548551
vn -0.347992033 0.905951202 0.241151407
vn -0.347988665 0.90594852 0.241166219
vn -0.376657099 0.905924916 0.193466932
vn -0.376656115 0.905922651 0.193479478
vn -0.398627192 0.905954838 0.142626017
vn -0.398627609 0.905952811 0.142637834
vn -0.413573265 0.905953825 0.0905802846
vn -0.413575977 0.905950963 0.0905965865
vn -0.42192778 0.905921102 0.0358312353
vn -0.421932518 0.9059183 0.0358460359
vn -0.422933638 0.905944288 -0.0198027156
vn -0.422938555 0.905942202 -0.0197919421
vn -0.416771144 0.905925035 -0.074843891
vn -0.416777194 0.905923069 -0.0748344585
vn -0.403339505 0.905936241 -0.128828615
vn -0.403347194 0.905934095 -0.128819436
vn -0.383086801 0.905929029 -0.180380523
vn -0.383094192 0.905927241 -0.180373773
vn -0.356137604 0.905928075 -0.229042232
vn -0.35614565 0.905926347 -0.229036614
vn -0.323185772 0.905933082 -0.273562163
vn -0.323193252 0.905931592 -0.273558229
vn -0.284552008 0.905920088 -0.313590437
vn -0.284555495 0.905919433 -0.313589215
vn -0.241162568 0.905938029 -0.348018557
vn -0.241168782 0.905936897 -0.348017126
vn -0.19346948 0.905912519 -0.376685619
vn -0.193472058 0.905912042 -0.376685411
vn -0.139811352 0.905864239 -0.399828464
vn -0.112454064 0.943732917 -0.311001956
vn 0.0693235174 0.943724334 0.323386133
vn 0.0183257796 0.950992823 0.308669448
vn 0.0261124074 0.951176763 0.307540148
vn 0.0261190441 0.951176107 0.307541639
vn -0.0144316601 0.951190352 0.308267236
vn -0.014430833 0.951190233 0.308267534
vn -0.0545481071 0.951180637 0.303776145
vn -0.0545420498 0.951179922 0.303779304
vn -0.0938938558 0.951187432 0.293983698
vn -0.093887575 0.951186717 0.293988079
vn -0.131462514 0.951184213 0.279224336
vn -0.131455302 0.951183259 0.279230952
vn -0.166929856 0.951184273 0.259582222
vn -0.166921824 0.951183081 0.259591788
vn -0.19937484 0.951187551 0.235567227
vn -0.199368358 0.951186419 0.23557736
vn -0.228548974 0.951180875 0.207413271
vn -0.228544161 0.951179802 0.207423687
vn -0.253640175 0.951191247 0.175789163
vn -0.25363639 0.951190114 0.175801009
vn -0.274537861 0.951177657 0.141031981
vn -0.274535984 0.951176584 0.141042963
vn -0.290546715 0.95119524 0.103972301
vn -0.290545791 0.951193511 0.103990741
vn -0.301441133 0.951194942 0.0660406798
vn -0.301442027 0.951193929 0.0660517961
vn -0.307534188 0.951178014 0.02613548
vn -0.30753696 0.951176822 0.0261477511
vn -0.308262706 0.951192021 -0.0144185591
vn -0.30826807 0.951190472 -0.0144035518
vn -0.303774774 0.95118165 -0.0545373447
vn -0.303779423 0.951180696 -0.0545284338
vn -0.293982893 0.951188684 -0.0938837379
vn -0.293989629 0.951187551 -0.0938740894
vn -0.279221177 0.951185346 -0.131460935
vn -0.279229373 0.951184154 -0.131451979
vn -0.25957945 0.951185226 -0.166928694
vn -0.259585619 0.951184452 -0.166923538
vn -0.235560313 0.951188684 -0.199377656
vn -0.23556681 0.951187909 -0.199373499
vn -0.207399935 0.951181889 -0.228557035
vn -0.207407087 0.951181114 -0.228553727
vn -0.175775945 0.951191843 -0.253647208
vn -0.1757797 0.951191485 -0.253646016
vn -0.141013056 0.951178014 -0.274546295
vn -0.141014203 0.951177895 -0.274546087
vn -0.103067249 0.951176941 -0.29092887
vn -0.0787441656 0.971645415 -0.222945169
vn 0.0510050878 0.971636593 0.230913043
vn -0.00334783341 0.981751502 0.190138921
vn 0.0159098338 0.982177854 0.187279314
vn 0.0159053113 0.982178032 0.187278822
vn -0.00878294092 0.982183576 0.187718779
vn -0.00877088867 0.982183099 0.18772167
vn -0.0332054496 0.982179761 0.184987277
vn -0.0332015753 0.982179642 0.184988782
vn -0.0571639575 0.982182801 0.179023027
vn -0.0571533665 0.982182384 0.179028794
vn -0.0800370052 0.982181847 0.170037806
vn -0.0800326616 0.982181668 0.170040995
vn -0.101630919 0.982182503 0.158077955
vn -0.1016251 0.982182264 0.158083513
vn -0.121386655 0.98218447 0.143453613
vn -0.121376656 0.982183874 0.143466011
vn -0.139150962 0.982182443 0.126311868
vn -0.139144272 0.982181966 0.126322925
vn -0.154427275 0.982186973 0.107055828
vn -0.154423401 0.982186615 0.107064553
vn -0.16715318 0.982182443 0.0858919099
vn -0.16714941 0.982181966 0.0859050378
vn -0.176895991 0.982189834 0.0633323938
vn -0.176893175 0.982189178 0.0633500516
vn -0.183530346 0.98219043 0.0402313098
vn -0.183530048 0.982190073 0.0402412303
vn -0.187241495 0.982184649 0.0159368534
vn -0.187243491 0.982183933 0.0159549657
vn -0.187683657 0.982190549 -0.00875346269
vn -0.187686265 0.982190132 -0.00874255411
vn -0.184950888 0.982187331 -0.0331846327
vn -0.18495363 0.982187033 -0.033177577
vn -0.178988233 0.982190669 -0.0571380444
vn -0.178997055 0.982189953 -0.057121858
vn -0.170001358 0.982189775 -0.0800173506
vn -0.170007929 0.982189357 -0.0800083652
vn -0.158040971 0.982190251 -0.101613685
vn -0.158046767 0.982189953 -0.101607613
vn -0.143416584 0.98219198 -0.1213696
vn -0.143419266 0.982191861 -0.12136744
vn -0.126271665 0.982189834 -0.139135092
vn -0.126278564 0.982189536 -0.139130905
vn -0.107015595 0.982193947 -0.154410854
vn -0.107019797 0.982193768 -0.154408991
vn -0.0858490095 0.982188821 -0.167137861
vn -0.0858530179 0.982188642 -0.167136714
vn -0.101003833 0.981062531 -0.165271014
vn -0.120719507 0.981005669 -0.151837692
vn 0.00159183866 0.993039966 -0.117767319
vn -0.0522960871 0.995291293 -0.0816111416
vn 0.00961805135 0.999046147 -0.0425947085
vn -0.146642327 0.847152114 -0.510714531
vn -0.145599544 0.851732194 -0.503341913
vn -0.137641922 0.867321789 -0.478338391
vn -0.134541303 0.87414813 -0.466651529
vn -0.124341585 0.892246068 -0.434092253
vn -0.0648861974 0.971742868 -0.226948366
vn -0.0635708645 0.973810852 -0.218291566
vn -0.077146031 0.962319851 -0.260746926
vn -0.083257556 0.95339036 -0.29002586
vn -0.0936454535 0.943963587 -0.316485852
vn -0.103561886 0.926428974 -0.361945182
vn -0.111782096 0.917435944 -0.381858647
vn -0.1246427 0.890877187 -0.436808974
vn -0.0548875444 0.982359111 -0.1787678
vn -0.0286375191 0.993612051 -0.109155998
vn -0.0438457951 0.989707589 -0.13622193
vn -0.0109115606 0.999266386 -0.0367093794
vn -0.015408257 0.998844862 -0.0455140956
vn 0.00840695482 0.999263465 0.0374420285
vn 0.0123513872 0.998866677 0.0459653735
vn 0.0278399158 0.993609071 0.109388798
vn 0.0394268706 0.989756823 0.137211502
vn 0.0481676608 0.982357502 0.180702955
vn 0.0632384866 0.973124564 0.22142598
vn 0.0642892569 0.97174114 0.227125555
vn 0.0726814866 0.962316692 0.262038052
vn 0.0920900032 0.943965077 0.316937476
vn 0.0807692111 0.951767564 0.295998126
vn 0.110797897 0.917434931 0.382147849
vn 0.101177 0.925774455 0.364286751
vn 0.123019479 0.895467997 0.427788764
vn 0.124552257 0.890874088 0.436840981
vn 0.133462936 0.8741436 0.466969639
vn 0.142223611 0.858703971 0.49234134
vn 0.143828377 0.851729691 0.503855109
vn 0.153138176 0.831912518 0.533357501
vn 0.106289543 0.662312329 0.741650105
vn 0.0585366413 0.973111331 0.222773015
vn 0.158258528 0.831901729 0.531877518
vn 0.129647151 0.162729129 0.978115976
vn 0.177992836 0.294632643 0.938887715
vn 0.179872975 0.272380352 0.945227325
vn 0.194671333 0.256519049 0.946731746
vn 0.169260845 0.278285384 0.945467055
vn 0.0940892845 0.212102041 0.97270751
vn 0.0856751502 0.188563928 0.978316605
vn 0.225733414 0.461144745 0.858131647
vn 0.179785073 0.310063004 0.93356216
vn 0.178734168 0.301318258 0.936622322
vn 0.276305348 0.684366226 0.674757898
vn 0.300547421 0.590819716 0.748734474
vn 0.317983896 0.554641485 0.768933713
vn 0.306085557 0.521448672 0.796494126
vn 0.156658366 0.832246542 0.531811893
vn 0.176280707 0.838840485 0.515045404
vn 0.177529424 0.851046085 0.494169891
vn 0.230673224 0.763270438 0.603496611
vn 0.248269171 0.812811196 0.52697283
vn 0.275769562 0.707552195 0.650631309
vn 0.310634971 0.684022069 0.660014927
vn 0.054789383 0.951316237 0.303307742
vn 0.0455986969 0.976011634 0.212889805
vn 0.0368412994 0.978761613 0.201664045
vn 0.0292070992 0.975819826 0.216616228
vn 0.00217390643 0.970885515 0.239534155
vn -6.08715891e-05 0.972967148 0.23094365
vn 0.000108768851 0.972949266 0.231018767
vn 0.00267036143 0.972719371 0.23196958
vn 0.0120273922 0.972797513 0.231344551
vn 0.00841782428 0.933739007 0.357855588
vn 0.000356983248 0.939947903 0.341317743
vn 0.00657163374 0.944516599 0.328397989
vn 0.0646534339 0.943753183 0.324268252
vn 0.076942645 0.910032809 0.407332867
vn 0.0944883451 0.925731897 0.36618638
vn 0.107580967 0.895358682 0.432156444
vn 0.0307667702 0.770699024 0.636456132
vn 0.0448556654 0.643380821 0.764231026
vn 0.0444069356 0.643952608 0.763775527
vn 0.0716270357 0.470469385 0.879504442
vn 0.0464800112 0.504851758 0.861953735
vn 0.0780077428 0.313149989 0.94649452
vn 0.036971584 0.371868581 0.927548826
vn 0.0577970669 0.222246528 0.9732759
vn 0.0312142782 0.257016808 0.965902686
vn 0.159987912 0.820528805 0.548758924
vn 0.166752279 0.816194713 0.553190649
vn 0.0512449853 0.823791385 0.564572155
vn 0.100713931 0.795022905 0.598159969
vn 0.024924729 0.797308981 0.60305649
vn 0.131559268 0.881471574 0.453541666
vn 0.0968960896 0.883966327 0.457399935
vn 0.0957403183 0.895005584 0.435659051
vn 0.0438973941 0.89699918 0.439847142
vn 0.0154681606 0.884086013 0.467068136
vn 0.0147714904 0.884375036 0.466543257
vn 0.00160480454 0.884218156 0.467071354
vn 0.0319084674 0.184801176 0.982257783
vn 0.0573057495 0.222030029 0.97335434
vn 0.0598886684 0.284509271 0.956800818
vn 0.0918747708 0.312583447 0.945436716
vn 0.094796218 0.472386807 0.876278698
vn 0.0914615467 0.469606966 0.87812531
vn 0.0855751932 0.663416862 0.743340373
vn 0.0580169186 0.643061459 0.76361376
vn 0.0472395159 0.784626484 0.618166387
vn 0.0184275843 0.784868658 0.619388044
vn 0.0172759015 0.868891478 0.494701058
vn 0.31105575 0.450162292 0.837017477
vn 0.234117255 0.450458646 0.861554503
vn 0.173251018 0.575452507 0.799273729
vn 0.174274474 0.706503749 0.685916066
vn 0.276315808 0.691482127 0.667459428
vn 0.168932587 0.779384017 0.603342593
vn 0.251564205 0.767664433 0.589412272
vn 0.159109518 0.834186554 0.52803123
vn 0.179332584 0.831905603 0.525140822
vn 0.134975687 0.859212458 0.49349317
vn 0.12096978 0.858504951 0.498332769
vn -0.706499517 0.046733167 0.70616883
vn -0.690072596 0.0795422494 0.719355822
vn -0.676841319 -0.0830333382 0.731431007
vn -0.639056087 0.0265751835 0.768700898
vn -0.591644108 -0.189303309 0.783659041
vn -0.573808789 -0.0174957756 0.818802416
vn -0.564154863 -0.0546368398 0.823859274
vn -0.46393925 -0.265690804 0.845085084
vn -0.461925656 -0.0550926924 0.885205925
vn -0.329262167 -0.276115209 0.902965546
vn -0.408251971 -0.0896482468 0.908456683
vn -0.39804858 -0.104911201 0.911345661
vn -0.263504148 -0.281738192 0.922599137
vn -0.343713343 -0.0932136923 0.934436917
vn -0.164221466 -0.295807332 0.941025674
vn -0.224355713 -0.0716571882 0.97186923
vn -0.0558912791 -0.232351482 0.971024692
vn -0.161261171 -0.129599378 0.978365362
vn 0.0279770624 -0.166042924 0.985721588
vn -0.0574035868 -0.0940564871 0.993910551
vn 0.0895384401 -0.134285107 0.986889243
vn 0.114917278 -0.148606539 0.982196569
vn 0.0169910714 -0.0316449068 0.99935472
vn 0.154127464 -0.137986615 0.978368223
vn 0.26815334 5.31646947e-05 0.963376224
vn 0.258179665 0.00244057574 0.966093838
vn 0.225830466 -0.017267352 0.974013567
vn 0.219385996 -0.0151047809 0.975521207
vn 0.147624522 -0.0468632504 0.987932622
vn 0.076140359 -0.0185786188 0.996923983
vn -0.010687273 0.934337914 -0.356228083
vn 0.0454231389 0.416226774 -0.90812552
vn 0.0561843216 0.658245504 -0.750703812
vn -0.125599995 0.89224565 -0.433730781
vn -0.0629852861 0.97381115 -0.218459785
vn -0.104284592 0.832954764 -0.543425381
vn -0.139894828 0.867318392 -0.477690518
vn -0.144214302 0.841536999 -0.520593643
vn -0.135322973 0.847092927 -0.513927281
vn -0.0276667867 0.773628891 -0.633034647
vn -0.0921648145 0.721224487 -0.686542749
vn -0.0894316062 0.776882648 -0.623261809
vn -0.140361473 0.811874211 -0.566708803
vn -0.126414478 0.832099974 -0.540026844
vn -0.112862408 0.897835076 -0.425622135
vn -0.125949293 0.886737525 -0.444784641
vn -0.107511595 0.926422417 -0.360808432
vn -0.0970985442 0.933422863 -0.345389009
vn 0.135566086 0.420108557 -0.897290707
vn 0.0545354225 0.399374157 -0.91516459
vn 0.0599335432 0.509495676 -0.858383417
vn 0.0166244749 0.217959777 -0.975816131
vn 0.109959215 0.191394046 -0.975334466
vn 0.082948409 0.205325723 -0.975172222
vn 0.0679877251 0.229324922 -0.970972598
vn 0.000336848752 0.148630798 -0.988892674
vn 0.00703678187 0.16882813 -0.985620379
vn 0.000276800216 0.169717923 -0.985492647
vn 0.00521421712 0.187990203 -0.982157052
vn 0.000355562777 0.189275578 -0.981923938
vn 0.0273866374 0.24989903 -0.967884541
vn -4.44507277e-05 0.359872222 -0.933001578
vn 0.012459374 0.286176115 -0.958096027
vn 0.0551268682 0.794394135 -0.60489583
vn 0.0635567978 0.779948652 -0.622607946
vn 0.0813516974 0.715129673 -0.694241643
vn 0.0774169937 0.678600132 -0.730416656
vn 0.0799606442 0.661487758 -0.745681047
vn 0.0837824121 0.576683581 -0.812660158
vn 0.0719850361 0.621243179 -0.780304432
vn 0.075723134 0.573485017 -0.815708876
vn 0.0258206781 0.912763655 -0.407671243
vn 0.0265593827 0.889568329 -0.456029356
vn 0.0268675182 0.891015708 -0.453176737
vn 0.0521614961 0.852717042 -0.519762218
vn 0.0560273863 0.81369698 -0.578582883
vn 0.005955033 0.954343796 -0.29865104
vn 0.00202720752 0.971938431 -0.235226676
vn -0.0602041408 0.975011528 -0.213841155
vn -0.0392173752 0.979598403 -0.197101414
vn -0.0157327689 0.973598838 -0.227722973
vn -0.0145912068 0.974369168 -0.224481121
vn -0.00112910743 0.978406787 -0.206685349
vn 0.0464004911 0.522481203 -0.851387322
vn 0.0194104891 0.624442279 -0.780829728
vn 0.022972716 0.65032804 -0.759306073
vn 0.00521632563 0.718293309 -0.695720851
vn 0.011931601 0.762517393 -0.646857679
vn -0.00216680556 0.8048352 -0.593494415
vn 0.00384858833 0.838795006 -0.544433773
vn -0.00641410472 0.863083839 -0.505019903
vn -0.000999448705 0.889092743 -0.457725942
vn -0.00806700066 0.902438283 -0.430743635
vn 0.00138569158 0.93941766 -0.342771858
vn -0.00512220571 0.614468694 -0.788924575
vn -0.0531809367 0.707678318 -0.704530478
vn -0.0515482724 0.721532524 -0.690458953
vn -0.0691785291 0.776901662 -0.625810027
vn -0.0645433813 0.806519151 -0.587674201
vn -0.0748009607 0.834034204 -0.546618462
vn -0.0688368306 0.863553226 -0.49953711
vn -0.0805139691 0.889380395 -0.45002228
vn -0.0679166541 0.902225792 -0.425882578
vn -0.0581952408 0.935292602 -0.349057406
vn -0.0491926447 0.939414561 -0.339234948
vn 0.0710478947 0.468133241 -0.880797088
vn 0.0828361884 0.466431946 -0.880669892
vn 0.0943570659 0.575166762 -0.812576115
vn 0.0897620097 0.591683149 -0.801157832
vn 0.0972184613 0.675969541 -0.730488658
vn 0.0652922392 0.505077302 -0.860600889
vn 0.0491012596 0.366548657 -0.929102361
vn 0.0595402345 0.365093499 -0.929064989
vn 0.043799758 0.247680143 -0.967851281
vn 0.017448809 0.217849523 -0.975826383
vn 0.00872524083 0.15865761 -0.987295091
vn 0.0266740061 0.156497434 -0.987318099
vn 6.74498151e-05 0.978227437 -0.207535848
vn 0.00437967712 0.970421731 -0.24137634
vn -0.00155963248 0.945033371 -0.32697013
vn 0.00451783091 0.944907725 -0.327305704
vn 0.0124782613 0.93806535 -0.346233547
vn 0.0859260038 0.708305299 -0.70065707
vn 0.0920231193 0.792461574 -0.602939844
vn 0.0907527953 0.790539026 -0.605650067
vn 0.0578434505 0.85558635 -0.514418244
vn 0.0601599142 0.888723552 -0.454479039
vn 0.0243268795 0.914450467 -0.403966069
vn 0.0309850853 0.966838658 -0.253501326
vn 0.0664905384 0.257849872 -0.963894427
vn 0.0703928471 0.289513081 -0.954582095
vn 0.0726360381 0.298425019 -0.951665103
vn 0.0715562254 0.373050451 -0.925047636
vn 0.085280858 0.471354842 -0.877810776
vn 0.0786324069 0.506815195 -0.858461022
vn 0.0906977877 0.591548383 -0.801151931
vn 0.0780014917 0.643909276 -0.761115372
vn 0.0864350498 0.708239377 -0.700661063
vn 0.070630081 0.75710851 -0.649459839
vn 0.0753583312 0.794414103 -0.602683425
vn 0.0582450479 0.835000336 -0.547158122
vn 0.0609118082 0.855315566 -0.514514387
vn 0.044101242 0.886775076 -0.460092455
vn 0.048031684 0.913069069 -0.404966384
vn 0.0163496789 0.9336707 -0.357759237
vn 0.0229949933 0.964543343 -0.262920827
vn -0.00147438247 0.965177655 -0.261591107
vn -0.0166085083 0.971290171 -0.237317502
vn -0.0407813303 0.963472128 -0.264685363
vn -0.0690660104 0.962513685 -0.262292296
vn -0.0864686072 0.953385174 -0.289101899
vn 0.0088496739 0.99118185 0.132212803
vn 0.00220031082 0.991517901 0.129951388
vn 0.000113823677 0.991533518 0.129851148
vn -0.0075801732 0.989923835 -0.141397968
vn -0.00784051884 0.989974558 -0.141027912
vn 0.000542553782 0.998856544 -0.0478049517
vn 0.000795032014 0.998839855 -0.0481484532
vn 0.00974653102 0.998868406 0.0465503782
vn 0.0102964286 0.998895526 0.0458448268
vn -0.0265112575 0.990020633 -0.1384065
vn -0.0258061904 0.989862859 -0.139662385
vn -0.00620978652 0.998867869 -0.0471642651
vn -0.00598398922 0.998851299 -0.0475418121
vn 0.0134113273 0.998878598 0.0454058684
vn 0.0132965725 0.998871982 0.0455840528
vn 0.0120467683 0.998866379 0.046052821
vn 0.0121740587 0.99887538 0.045822829
vn -0.0129249366 0.998847365 -0.0462270975
vn -0.013017104 0.998854458 -0.0460464284
vn -0.0382873304 0.989717066 -0.13781929
vn -0.0387200154 0.989826441 -0.136909962
vn -0.000200754701 0.991536677 -0.129826695
vn 0.0130821215 0.989664197 -0.142806366
vn -0.009346826 0.999335349 -0.0352349654
vn 0.0013806104 0.998852909 -0.0478634164
vn 0.00277967821 0.999375105 0.0352371186
vn -0.0054712845 0.998850763 0.0476152599
vn 0.0200597085 0.989722192 0.141589522
vn 0.0197023246 0.989732563 0.141567335
vn 0.0210925322 0.989908755 0.140127778
vn 0.0324082151 0.989925086 0.137833193
vn 0.0312885493 0.989722967 0.139533013
vn 0.0367123596 0.989869773 0.137149781
vn 0.0362395048 0.989751458 0.138125762
vn 0.275956005 5.32563754e-05 0.961170256
vn 0.275962025 -1.55095347e-06 0.961168528
vn -0.275956511 9.13558833e-05 -0.961170137
vn -0.275956333 1.70103988e-06 -0.961170197
vn -0.275956333 2.16938838e-06 -0.961170197
vn -0.275958657 -3.98808588e-05 -0.961169481
vn 0.166601375 -1.13084968e-06 0.98602432
vn 0.212704107 -0.106658027 0.971278012
vn 0.10320624 -2.17709317e-06 0.99465996
vn -0.0281091407 -2.27843657e-06 0.999604881
vn -0.0569216162 -0.0477513112 0.997236073
vn -0.139853537 -2.3338439e-06 0.990172207
vn -0.205149993 -2.35282164e-06 0.978730559
vn -0.277289718 -0.0554689169 0.959183812
vn -0.313443244 -2.84201201e-06 0.949606955
vn -0.48452127 -2.70892201e-06 0.874779463
vn -0.431361705 -0.123853527 0.89363718
vn -0.532809615 -2.46431682e-06 0.846235156
vn -0.667029738 -2.28348995e-06 0.745031059
vn -0.636505187 -0.0829448029 0.76679939
vn -0.720844746 2.39465658e-06 0.693096519
vn -0.765176117 2.61261744e-06 0.643821001
vn -0.815161288 -0.0477489382 0.57726264
vn -0.832453072 -1.89605794e-06 0.554095566
vn -0.897922099 -1.64068001e-06 0.440154433
vn -0.92250073 -0.0611484051 0.381121039
vn -0.941556334 -1.39708743e-06 0.336855531
vn -0.986024082 -9.61418095e-07 0.166602686
vn -0.971278608 -0.106652543 0.212704241
vn -0.994660318 4.04125103e-06 0.103203133
vn -0.99960494 4.20094466e-06 -0.0281069912
vn -0.997236311 -0.0477463342 -0.056921307
vn -0.990171552 4.27990017e-06 -0.139858216
vn -0.978731334 4.30130376e-06 -0.205146119
vn -0.95918417 -0.0554632545 -0.277289629
vn -0.949606359 4.2944348e-06 -0.313445061
vn -0.874778688 4.16337025e-06 -0.484522671
vn -0.893637836 -0.123844512 -0.431362957
vn -0.846235812 6.23033884e-07 -0.532808542
vn -0.745030344 9.95865776e-07 -0.667030573
vn -0.766799152 -0.0829391479 -0.6365062
vn -0.693100691 5.81062693e-07 -0.720840812
vn -0.643816173 7.00380099e-07 -0.765180171
vn -0.57726413 -0.0477449484 -0.815160453
vn -0.336853743 2.40272698e-06 -0.94155699
vn -0.381121099 -0.0611456186 -0.922500908
vn -0.440156668 2.34542063e-06 -0.897920966
vn -0.554096282 2.10663825e-06 -0.832452595
vn -0.727583289 0.0893066376 -0.680181503
vn -0.704864442 0.0649692118 -0.706360459
vn -0.703189313 0.103181474 -0.703475952
vn -0.70325917 0.105185069 -0.703109264
vn -0.723066509 0.0821713582 -0.685873628
vn -0.721214771 0.0785201639 -0.688246906
vn -0.695004284 0.0223815516 -0.718657196
vn -0.732930124 0.05477098 -0.678095579
vn -0.725301862 0.0439794138 -0.687024772
vn -0.717731178 0.0319636427 -0.695586324
vn -0.709253609 0.0115707349 -0.704858422
vn -0.706090331 0.00248929858 -0.708117425
vn -0.704126656 3.88236513e-05 -0.710074425
vn -0.705164671 0.00315786595 -0.709036529
vn -0.70530206 -5.52838901e-05 -0.708906889
vn -0.705549657 0.000795227941 -0.708660007
vn 0.704106688 0.0345155783 -0.709254861
vn 0.717171669 1.92462921e-05 -0.696896553
vn 0.724274635 0.116779223 -0.679550469
vn 0.745794356 0.0472557023 -0.664498031
vn 0.775555074 0.154198304 -0.612157822
vn 0.782249808 -0.00266889832 -0.622959137
vn 0.832474291 0.0235617366 -0.553562462
vn 0.824974418 0.0227409806 -0.564712405
vn 0.743594766 -5.48129392e-05 -0.66863054
vn 0.722617686 0.0424180403 -0.689945221
vn 0.711263716 0.0855618343 -0.697698414
vn 0.744735539 0.0102959909 -0.667280316
vn 0.748176694 0.0316766724 -0.662742972
vn 0.751019359 0.0469186269 -0.658611059
vn 0.755277455 0.0672655553 -0.65194422
vn 0.747200131 0.0397214964 -0.663411021
vn 0.753568828 0.0459155217 -0.655763507
vn 0.762996972 -0.0264452901 -0.645860851
vn 0.763532996 -0.0163539629 -0.645561695
vn 0.000291515171 1.01529859e-05 -0.99999994
vn 0.000287357863 2.27380733e-05 -0.99999994
vn 0.000287357863 2.65273161e-06 -0.99999994
vn 0.000287462841 2.03846571e-06 -0.99999994
vn 0.00028750964 -3.09740426e-05 -0.99999994
vn 0.000287990813 -3.37657002e-05 -0.99999994
vn -0.000113609371 0.140595004 -0.990067184
vn 0.000519997848 0.110157967 -0.993913949
vn -0.00120215327 0.358301073 -0.933605313
vn -0.000655014417 0.328742266 -0.944419444
vn -0.00119254249 0.502855718 -0.864369512
vn -0.00320716738 0.639593244 -0.768706858
vn -0.00215861597 0.682758808 -0.73064065
vn -0.000415608491 0.341654927 -0.939825356
vn 0.000344587403 0.234976232 -0.972001076
vn 0.000335954421 0.174546316 -0.984648883
vn 0.00027296078 0.234946206 -0.972008348
vn 0.000154217996 0.233586296 -0.972336054
vn -0.0045084157 0.25681901 -0.966449022
vn -0.00168856571 0.385386497 -0.922753692
vn 0.000482918636 0.334654659 -0.942340732
vn -0.00380316749 0.486519933 -0.87366122
vn 0.000812330574 0.44216755 -0.896932125
vn -0.0025319485 0.563440502 -0.826152742
vn -0.00240554451 0.600196898 -0.799848676
vn -0.00426882552 0.692005396 -0.721879721
vn -0.00215747952 0.716507256 -0.697576344
vn -0.328977436 4.65641818e-08 -0.944337785
vn -0.444740474 -1.35591506e-07 -0.895659506
vn -0.444740206 4.9206983e-07 -0.895659626
vn -0.629411936 1.61350704e-06 -0.777071834
vn -0.629411399 -4.47506892e-07 -0.777072251
vn -0.802887559 -7.76755371e-07 -0.59613049
vn -0.925915122 -1.05719721e-06 -0.377731591
vn -0.990763724 -1.27121041e-06 -0.135599509
vn -0.993359208 -1.40534985e-06 0.115054317
vn -0.933538318 -1.45118554e-06 0.358477682
vn -0.8150599 -1.40259851e-06 0.579376698
vn -0.8150599 -1.40583802e-06 0.579376638
vn -0.645367622 -1.27215617e-06 0.763872147
vn -0.435125709 -1.0585411e-06 0.900369704
vn -0.197542101 -7.78412755e-07 0.980294406
vn 0.0524530783 -4.49374795e-07 0.998623371
vn 0.299152911 -9.21003007e-08 0.954205155
vn 0.527055979 2.70961436e-07 0.849830568
vn 0.527055621 -9.78788876e-07 0.849830806
vn 0.721841216 -2.22276003e-06 0.692058742
vn 0.721841931 6.16997283e-07 0.692057967
vn 0.87127167 9.24264612e-07 0.490801007
vn 0.871270955 -3.32706668e-06 0.490802348
vn 0.965955853 -4.2223237e-06 0.258706897
vn 0.96595639 1.17345724e-06 0.25870505
vn 0.999946415 1.34891707e-06 0.010353717
vn 0.97110641 1.43961927e-06 -0.238646954
vn 0.88124758 1.4398654e-06 -0.472654969
vn 0.736017883 1.34963977e-06 -0.676962137
vn 0.544539273 1.17460945e-06 -0.838735342
vn 0.544540942 -4.22117591e-06 -0.838734269
vn 0.318848252 -3.32556033e-06 -0.947805762
vn 0.318846822 9.25775396e-07 -0.947806239
vn 0.0731216967 6.18773754e-07 -0.997323036
vn -0.177200809 2.72888599e-07 -0.984174728
vn -1.30372086e-07 -1 4.90113798e-08
vn -6.8190289e-08 -1 1.82572421e-07
vn 4.26797939e-08 -1 -1.42443719e-08
vn 1.46900092e-07 -1 -1.22949842e-07
vn -4.77515592e-08 -1 1.72851884e-08
vn 1.48388708e-07 -1 8.15420492e-07
vn 1.63915686e-07 -1 -6.84065867e-07
vn -1.73564885e-07 -1 -9.18414074e-08
vn 5.78932486e-07 -1 3.96710249e-07
vn -4.3621796e-07 -1 -7.06997128e-07
vn 2.64840907e-07 -1 -2.21465477e-08
vn 1.90732237e-07 -1 -8.80331275e-09
vn 4.05407086e-08 -1 -1.98149284e-08
vn -1.45170645e-07 -1 -1.27282418e-09
vn -1.05068416e-08 -1 -1.82642268e-07
vn -8.24707627e-07 -1 4.76842672e-07
vn -1.04176877e-07 -1 -1.62695883e-07
vn -9.61590807e-09 -1 6.53730297e-07
vn 1.93724105e-07 -1 -8.31987734e-07
vn 7.0008457e-07 -1 4.86663339e-07
vn -4.45393312e-07 -1 -4.81110021e-07
vn 3.07873975e-08 -1 1.88774635e-07
vn -9.32598994e-07 -1 1.9585886e-07
vn 1.13729982e-07 -1 1.40900042e-07
vn -1.07711742e-07 -1 9.62766649e-08
vn -0.739666939 -0.192210495 -0.644940257
vn -0.739452064 -0.201399654 -0.642377436
vn -0.723606527 -0.124937519 -0.678810894
vn -0.723605335 -0.0886986181 -0.684490979
vn -0.703646958 -0.0369060189 -0.709590673
vn -0.718546569 7.73410557e-06 -0.695478857
vn -0.74430716 -0.142373651 -0.652484894
vn -0.747764885 -0.000136590796 -0.663963616
vn -0.74791503 -0.00344532263 -0.663785517
vn -0.749571383 -0.0210185628 -0.661589742
vn -0.755678773 -0.0658845082 -0.65162015
vn -0.76605469 -0.114859246 -0.632429898
vn -0.774943769 -0.127108693 -0.619116724
vn -0.775128365 -0.127277315 -0.618850946
vn -0.718339801 -0.137523562 -0.681964219
vn -0.731391907 -0.202952728 -0.651057661
vn -0.720137179 -0.181147024 -0.66976732
vn -0.706897557 -0.222132429 -0.671530366
vn -0.00520987436 -0.797848284 -0.602835774
vn -0.0104635544 -0.835004151 -0.550144076
vn -0.00749995979 -0.738990843 -0.673673689
vn -0.00738373958 -0.69305563 -0.720846295
vn -0.00434387289 -0.636870265 -0.770958722
vn -0.00611999258 -0.578540444 -0.815630734
vn -0.00121322332 -0.491946965 -0.870624304
vn -0.00142511644 -0.480113566 -0.877205193
vn -0.00113749376 -0.385059059 -0.922891259
vn 0.000262826652 -0.36817193 -0.929757655
vn 5.44715258e-05 -0.0419730507 -0.999118745
vn -2.7340815e-05 -0.209230036 -0.977866471
vn -7.75895678e-05 -0.211052611 -0.977474689
vn -0.00294800801 -0.472194314 -0.881489575
vn -0.00220828899 -0.546457946 -0.837483644
vn -0.00533110602 -0.772128165 -0.635444462
vn -0.00528529566 -0.771067381 -0.636731625
vn 0.706808507 -0.449501902 0.546232343
vn 0.709148467 -0.602024257 -0.366981268
vn 0.707251251 -0.347163141 -0.61585176
vn 0.707255661 -0.228265345 -0.669092178
vn 0.706329048 -0.290106148 -0.64570713
vn 0.740546346 -0.299811035 -0.601418674
vn 0.701924384 -0.256825417 -0.664336443
vn 0.723757982 -0.381667197 -0.574895203
vn 0.725283265 -0.382466465 -0.572436512
vn 0.710469007 -0.366379052 -0.60083288
vn 0.707048059 -0.533593118 -0.464070469
vn 0.707251608 -0.509028614 -0.490596592
vn 0.722911 -0.470627844 -0.505874574
vn 0.708988249 -0.467992842 -0.527558863
vn 0.705810785 -0.423077226 -0.568187296
vn 0.696332812 -0.568023264 -0.438714296
vn 0.742709637 -0.549092472 -0.383249044
vn 0.717202723 -0.543584645 -0.436045915
vn 0.719687521 -0.610390782 -0.330866992
vn 0.721009612 -0.609873474 -0.328936875
vn 0.707253098 -0.641035736 -0.298104435
vn 0.70913583 -0.700538576 -0.0798256099
vn 0.71889466 -0.68508774 -0.117665678
vn 0.7166574 -0.687721074 -0.115939148
vn 0.700957 -0.687030077 -0.191439286
vn 0.724747777 -0.651808798 -0.223351568
vn 0.720852375 -0.653726697 -0.230245993
vn 0.706874251 -0.655828416 -0.264986455
vn 0.707200706 -0.706279278 0.032198403
vn 0.72394371 -0.689854443 -0.00251733628
vn 0.724929333 -0.68882221 -0.00117747916
vn 0.702680171 -0.710113287 -0.0444942415
vn 0.706855059 -0.704038262 0.0684552118
vn 0.719528913 -0.685612798 0.110513687
vn 0.71431005 -0.690023899 0.11673969
vn 0.707196176 -0.65728271 0.260486066
vn 0.722727597 -0.655382752 0.219404399
vn 0.729551613 -0.645856559 0.224997163
vn 0.701601386 -0.686985314 0.189226374
vn 0.706677794 -0.643402934 0.294345349
vn 0.72161448 -0.611649156 0.32428053
vn 0.716607034 -0.613526344 0.331752568
vn 0.704554439 -0.533770859 0.46764487
vn 0.71578294 -0.546249092 0.435047954
vn 0.724433601 -0.548618555 0.417389125
vn 0.703320146 -0.584142625 0.405115038
vn 0.708135843 -0.603278518 0.3668769
vn 0.7070117 -0.491299838 0.508683562
vn 0.728118956 -0.461934477 0.506418109
vn 0.709930658 -0.50510031 0.490787268
vn 0.711723089 -0.420205504 0.562918782
vn 0.724066556 -0.398585618 0.562900603
vn 0.714735985 -0.389500797 0.580897272
vn 0.708039105 -0.375516683 0.598053396
vn 0.700471461 -0.312176704 0.641782999
vn 0.738802612 -0.319648534 0.593292117
vn 0.700531363 -0.27247718 0.659554422
vn 0.708994567 -0.236945108 0.664216638
vn 0.707029104 -0.228373468 0.669294715
vn -0.00553567661 -0.803978205 0.594633043
vn -0.00955218077 -0.835311592 0.549693823
vn -0.00786184054 -0.738749266 0.673934519
vn -0.00822051987 -0.700167179 0.71393162
vn -0.0047751572 -0.636613369 0.771168351
vn -0.00900358614 -0.490615249 0.871329784
vn -0.000172681539 -0.576021731 0.817434371
vn -0.00246505043 -0.448519558 0.893769622
vn 0.00034988593 -0.368233323 0.929733336
vn -0.000270724413 -0.355277628 0.934760809
vn -0.000997536583 -0.126359567 0.99198401
vn -0.000576361839 -0.106940016 0.994265318
vn -0.00250776322 -0.344392538 0.938822389
vn -0.000783551892 -0.502802968 0.864400685
vn -0.00286040409 -0.372489929 0.928031802
vn -0.00334646762 -0.6450665 0.764119148
vn -0.00416510878 -0.605154872 0.796096861
vn -0.00436410587 -0.83121711 0.555930853
vn -0.00559366634 -0.788773239 0.614658833
vn -0.740311921 -0.200992987 0.641513944
vn -0.704045057 -0.0381561033 0.709129572
vn -0.740476787 -0.135852575 0.658208311
vn -0.784358203 -0.138655409 0.604613006
vn -0.774149477 -0.129110366 0.619695961
vn -0.765522301 -0.117071308 0.632668853
vn -0.75796169 -0.0793807283 0.647450984
vn -0.752211928 -0.0442342311 0.657434821
vn -0.749780357 -0.024277363 0.661241293
vn -0.748161554 -0.0106635774 0.663430929
vn -0.747569442 -0.00180689793 0.664181173
vn -0.704494655 1.3565862e-05 0.709709287
vn -0.722641528 -0.012455388 0.69111073
vn -0.74366188 -0.141297892 0.653453827
vn -0.725056887 -0.0897618532 0.68281424
vn -0.724978983 -0.138500676 0.674702227
vn -0.71677959 -0.127447724 0.685553849
vn -0.730133533 -0.202960357 0.652466178
vn -0.720160902 -0.182382032 0.669406474
vn -0.70727247 -0.222210556 0.671109617
vn 0.736504972 -0.199261367 0.64641732
vn 0.740616322 -0.186344966 0.645571828
vn 0.75216043 -0.0291311145 0.658335865
vn 0.756195664 -0.0624445379 0.6513592
vn 0.761593521 -0.0964965522 0.640830517
vn 0.70406431 1.55668549e-05 0.710136175
vn 0.720284224 -0.00681220647 0.693645656
vn 0.703660607 -0.0369956344 0.709572434
vn 0.722105801 -0.0144147379 0.69163245
vn 0.754944205 -0.179815471 0.630654931
vn 0.721466601 -0.0890812352 0.686695337
vn 0.721587002 -0.12496113 0.680952966
vn 0.767009497 -0.124980457 0.629345953
vn 0.768677354 -0.126886576 0.626924992
vn 0.717112601 -0.135969028 0.683565617
vn 0.730480671 -0.199110597 0.653263271
vn 0.722134292 -0.179323137 0.668105781
vn 0.706543624 -0.223866448 0.671326935
vn 0.706911147 -0.221980795 0.671566188
vn 0.000238989043 -0.555407763 -0.831578135
vn 0.000149124637 -0.8538692 -0.520487666
vn -0.000231073907 -0.598553181 0.801083028
vn 0.000265184237 -0.347020388 -0.937857568
vn -0.000273963436 -0.323589355 0.946197569
vn -0.00122740259 -0.347011358 0.937860131
vn -0.00023949449 -0.557056785 0.830474377
vn -0.00170152169 -0.531750858 0.846899152
vn -0.0079952823 -0.477707326 0.87848264
vn -0.00694600912 -0.47411257 0.880436838
vn 0.00189103256 -0.382065117 0.92413348
vn -0.000190306731 -0.752023041 0.659136772
vn -0.000201117058 -0.717243671 0.696822464
vn -0.00603589835 -0.653797507 0.756645441
vn -0.0139958821 -0.67427212 0.738350332
vn -0.00597495912 -0.63590771 0.771741986
vn -0.000149919972 -0.854678512 0.519157529
vn -0.00326472381 -0.799911797 0.600108683
vn -0.0154170766 -0.821703553 0.569706559
vn -0.00506201107 -0.782098055 0.623134792
vn -4.43027202e-05 -0.944282234 0.329136848
vn -0.0020916292 -0.929697573 0.368317813
vn -0.00914486498 -0.909306169 0.416027248
vn -0.00927929115 -0.909557939 0.415473491
vn -0.00013724732 -0.879969299 0.475030571
vn -0.00159881881 -0.97707206 0.212902933
vn -0.0177854598 -0.985910892 0.166323021
vn -0.000258522283 -0.96407336 0.265635937
vn 1.71420998e-05 -0.998049915 -0.0624207146
vn -0.00902307872 -0.999957323 -0.00198192988
vn -0.00942143612 -0.999955595 -4.81234065e-06
vn -0.00244121603 -0.998988986 0.0448889546
vn 0.000204921991 -0.995377123 0.0960436612
vn 0.000232123552 -0.963130116 -0.269035935
vn -0.00948141515 -0.977027833 -0.212900653
vn -0.00109749637 -0.985544682 -0.16941224
vn 3.17131526e-05 -0.993586302 -0.113076568
vn 0.000136421862 -0.879231095 -0.476395547
vn -0.00801420491 -0.906760752 -0.421569377
vn -0.00925905257 -0.909301639 -0.416034609
vn -0.00243101735 -0.927045405 -0.37494114
vn 4.36198206e-05 -0.942972004 -0.332872093
vn -0.00213007815 -0.819782972 -0.5726704
vn -0.00915323757 -0.799878418 -0.600092292
vn -0.00420053769 -0.779623806 -0.626234055
vn 0.000230447462 -0.597309589 -0.802010715
vn -0.00971126277 -0.663724124 -0.747914433
vn -0.00593866967 -0.653793395 -0.756649792
vn 0.000570797711 -0.719759643 -0.694223166
vn -0.000315346289 -0.754118621 -0.656738162
vn 0.00204986287 -0.360807598 -0.93263799
vn -0.0025092673 -0.445690036 -0.895183861
vn -0.00929859001 -0.477695614 -0.878476202
vn -0.00680438476 -0.490624219 -0.871344686
vn -0.00204131496 -0.520282745 -0.853991628
vn 0.803770065 0.00871055759 -0.594876289
vn 0.751436055 -0.0314144231 -0.659057677
vn 0.761361003 -0.0931543261 -0.641600907
vn 0.741032004 -0.201177031 -0.640624225
vn 0.735096276 -0.200906172 -0.647510767
vn 0.756456792 -0.12833944 -0.641328394
vn 0.777686954 -0.135858327 -0.613796055
vn 0.767678499 -0.126078889 -0.628310263
vn 0.704526067 1.40575539e-05 -0.709678113
vn 0.727310717 -0.0356754214 -0.685380518
vn 0.748108625 -0.158262417 -0.64442724
vn 0.721707404 -0.0889776126 -0.686455727
vn 0.72168684 -0.134464636 -0.679034114
vn 0.715748131 -0.126495525 -0.686806738
vn 0.731354654 -0.202784374 -0.651151955
vn 0.720008075 -0.18126151 -0.669875085
vn 0.70727551 -0.222443208 -0.671029329
vn -0.70666641 -0.245476857 -0.663599074
vn -0.707037807 -0.245435074 0.663218796
vn -0.707066715 -0.245471686 0.66317445
vn -0.705247939 -0.338770658 0.622783899
vn -0.705246806 -0.33877179 0.622784555
vn -0.705221951 -0.463641673 0.536375225
vn -0.705222607 -0.463640928 0.536374986
vn -0.705190718 -0.567251325 0.425361007
vn -0.705190003 -0.5672521 0.425361097
vn -0.705152571 -0.644851029 0.294833779
vn -0.705149591 -0.644854486 0.294833422
vn -0.705108345 -0.692884445 0.150775909
vn -0.705111682 -0.692880809 0.150777087
vn -0.705068231 -0.709139407 -0.000203833624
vn -0.705065727 -0.70914197 -0.000205314689
vn -0.705022335 -0.692882836 -0.151184797
vn -0.70502311 -0.69288224 -0.151184216
vn -0.704981744 -0.644851327 -0.295241475
vn -0.704981804 -0.644851267 -0.295241445
vn -0.704944253 -0.567251265 -0.425769389
vn -0.704943776 -0.567251503 -0.425769895
vn -0.704911828 -0.463640183 -0.536783993
vn -0.704912424 -0.463640064 -0.536783338
vn -0.70488745 -0.33876875 -0.623192906
vn -0.704886734 -0.338768721 -0.623193741
vn -0.706681669 -0.245446935 -0.663593829
vn -0.00314843515 0.423685551 0.905803859
vn -0.0237699468 0.48485142 0.874273479
vn -0.0626912192 0.537799478 0.840738714
vn -0.00641077152 0.49096027 0.871158361
vn -4.51937083e-08 0.385120511 0.922866285
vn -7.95300215e-10 0.253364623 0.967370868
vn -2.74287629e-07 0.253364921 0.967370749
vn -2.02131631e-07 -0.000888276729 0.999999583
vn 4.16651886e-08 -0.000888548035 0.999999583
vn 1.19038297e-07 -0.25508365 0.966919005
vn 6.51365228e-09 -0.255083531 0.966919005
vn -4.99911046e-08 -0.492518187 0.870302141
vn -4.22429224e-07 -0.492517829 0.870302379
vn 7.48313369e-07 0.59349215 0.80483979
vn -1.47313983e-07 0.60027492 0.79979372
vn -0.000655355456 0.629324198 0.777142584
vn -0.0203435086 0.668147624 0.743750572
vn -0.046822764 0.687624156 0.724555492
vn -0.064469263 0.691563845 0.719432533
vn 2.78147468e-07 -0.494481295 -0.869188249
vn 7.40802591e-07 -0.494480848 -0.869188547
vn 7.32982869e-07 -0.261633784 -0.965167224
vn -1.62349053e-07 -0.261634767 -0.965166926
vn -1.13986609e-07 -0.0121918228 -0.999925673
vn -3.85951722e-07 -0.012192131 -0.999925673
vn -4.52810127e-07 0.238023266 -0.971259475
vn 2.54714394e-07 0.238024041 -0.971259236
vn -0.0559035875 0.513134003 -0.856486022
vn -0.0214802325 0.473032057 -0.880783319
vn -0.0357971303 0.488638878 -0.871751487
vn -0.00803436898 0.430152833 -0.902720332
vn 3.52341601e-07 0.376728237 -0.926323831
vn -0.0651791468 0.673484981 -0.736321747
vn -0.0583964251 0.673366249 -0.736999154
vn -0.0419916622 0.66756618 -0.743365407
vn -0.019903237 0.650777698 -0.759007454
vn -0.000929634611 0.612398386 -0.790548742
vn 0.000725708611 0.559033155 -0.829145014
vn -1 1.70475445e-07 -1.64670638e-07
vn -1 7.98144981e-07 -5.05269142e-08
vn -1 -1.51409949e-07 7.55555121e-08
vn -1 2.67612876e-07 -6.39346808e-07
vn -1 2.56993189e-07 -6.15154931e-07
vn -1 8.3968736e-08 5.43728947e-06
vn -1 8.93435796e-08 -6.1204878e-07
vn -1 -1.64463287e-07 -2.58978389e-06
vn -1 -1.66497713e-07 -3.00485624e-07
vn -1 6.6774021e-08 4.48001373e-07
vn -1 3.04951328e-07 2.00233714e-07
vn -1 7.97510893e-07 5.34487334e-08
vn -1 -4.80195411e-07 7.59590364e-07
vn -1 -7.82610755e-07 1.00749924e-06
vn -1 -7.31059231e-07 9.48614343e-07
vn 3.09971227e-07 -1 -2.1975145e-06
vn -2.09713647e-07 -1 -2.10483222e-06
vn -0.00733102253 -0.245045215 -0.969483912
vn 3.15078893e-07 -0.301010162 -0.953620911
vn 3.14983055e-07 -0.409682602 -0.912228107
vn -0.00733093219 -0.462018698 -0.886839867
vn 1.13311124e-07 -0.512816489 -0.858498216
vn 1.19778079e-07 -0.609012425 -0.793160677
vn -0.00733086653 -0.654082894 -0.756387353
vn 1.71174435e-07 -0.696977496 -0.717092991
vn 1.68778783e-07 -0.775513291 -0.631331265
vn -0.00733027188 -0.810887277 -0.585156441
vn -1.97752943e-08 -0.843562186 -0.537031472
vn -2.17302194e-08 -0.900204837 -0.435466737
vn -0.00732981553 -0.923975945 -0.382380366
vn -1.03042428e-08 -0.94467181 -0.328016967
vn -1.60803175e-08 -0.976364911 -0.216128677
vn -0.00732949935 -0.98725307 -0.158989668
vn -1.23039834e-09 -0.994854152 -0.10131713
vn -2.97863405e-08 -0.999889553 0.0148624368
vn -0.00732893171 -0.997307122 0.0729715526
vn -5.54531923e-08 -0.991403282 0.130841807
vn -8.07411666e-08 -0.96950978 0.245052665
vn -0.00732840039 -0.953596115 0.300999492
vn 7.9719868e-08 -0.934505343 0.355949104
vn 6.69247839e-08 -0.886863232 0.46203202
vn -0.00732774707 -0.858476222 0.512800992
vn 3.43549225e-08 -0.827228904 0.561865091
vn 4.53402258e-08 -0.756406784 0.654101551
vn -0.00732752681 -0.717075706 0.696956754
vn -2.67589613e-08 -0.675355017 0.73749274
vn -2.53614409e-08 -0.585171103 0.810909808
vn -0.0073272232 -0.537017167 0.843539476
vn 1.86826874e-08 -0.487072647 0.873361468
vn 2.31883348e-08 -0.382388741 0.924001515
vn -0.00732685532 -0.328008026 0.944646537
vn -1.08493538e-07 -0.272534817 0.962145925
vn -1.08224917e-07 -0.158992693 0.987279773
vn -0.00732694566 -0.101315849 0.99482733
vn 1.46814017e-07 -0.0432991162 0.999062181
vn 1.49546835e-07 0.0729760602 0.997333705
vn -0.0073267254 0.130839601 0.99137646
vn 9.5648609e-09 0.188265741 0.98211813
vn 1.2327364e-08 0.301010102 0.95362097
vn -0.00732687535 0.355939656 0.93448019
vn 6.38539817e-08 0.40968281 0.912228048
vn 6.33705355e-08 0.512816489 0.858498275
vn -0.0073271119 0.561851859 0.82720542
vn -1.95436101e-07 0.609012663 0.793160498
vn -1.72914895e-07 0.696977675 0.717092872
vn -0.00732748862 0.737473786 0.675336003
vn -8.61513527e-08 0.775512457 0.631332278
vn -6.85232635e-08 0.843562365 0.537031233
vn -0.00732809259 0.873338461 0.487058789
vn 4.46282975e-08 0.900204778 0.435466826
vn 4.05399199e-08 0.944672525 0.32801491
vn -0.00732827373 0.962121069 0.272523999
vn 8.58120828e-08 0.976364791 0.216129065
vn 5.42288312e-08 0.994854152 0.101317495
vn -0.0073288288 0.999035299 0.0432980135
vn 2.47472194e-08 0.999889553 -0.0148613341
vn 1.34681493e-08 0.991403103 -0.130842954
vn -0.00732945977 0.982091248 -0.188263252
vn -3.60111718e-09 0.96950978 -0.245052546
vn -1.76735959e-08 0.934505761 -0.355948061
vn -0.0073300181 0.912202895 -0.409673184
vn 1.88352711e-08 0.886863887 -0.462030828
vn 1.62826428e-08 0.82722795 -0.561866462
vn -0.00733037619 0.793136775 -0.608999491
vn 1.63449968e-07 0.75640583 -0.654102623
vn 1.79595645e-07 0.67535609 -0.737491846
vn -0.00733086141 0.631312847 -0.775493622
vn 2.36232953e-08 0.585170329 -0.810910404
vn 2.16489884e-08 0.487073153 -0.87336117
vn -0.00733102625 0.43545562 -0.90018034
vn 2.11850306e-07 0.382388353 -0.924001694
vn 2.17261004e-07 0.272535115 -0.962145865
vn -0.00733138295 0.216121525 -0.976338923
vn -1.79413675e-07 0.158992201 -0.987279832
vn -1.84366328e-07 0.0521005839 -0.998641849
vn 0.000942775805 0.0432994254 -0.999061704
vn -0.00111024315 -0.0641896054 -0.997937083
vn 2.46488611e-07 -0.0729760602 -0.997333705
vn 2.39636165e-07 -0.18826586 -0.98211813
vn 1 -5.20212211e-07 -1.03001264e-06
vn 1 -7.58260853e-07 -6.57468149e-07
vn 1 -1.57347972e-06 -1.16271153e-07
vn 1 1.47109517e-06 -1.05961192e-06
vn 1 9.95679628e-08 4.9491598e-07
vn 1 3.59010983e-07 -1.52191058e-06
vn 1 7.85265115e-07 -2.49322761e-06
vn 1 -1.36925257e-06 -5.84400368e-07
vn 1 9.42182936e-08 1.05466461e-06
vn 1 2.36052827e-07 1.35340701e-06
vn 1 1.64045412e-06 3.79189316e-07
vn 1 -5.282443e-07 4.11425475e-07
vn 1 8.4506803e-07 7.92589276e-07
vn 1 -1.18458331e-06 2.03706009e-06
vn 1 1.12723946e-07 4.94136941e-07
vn 1 -8.99661529e-07 1.16622607e-06
vn 1 -5.48505e-07 -3.58146622e-06
vn 1 1.1817378e-07 6.11948224e-07
vn 1 3.99070899e-07 -1.57165653e-06
vn 1 -3.29082422e-06 -1.79899837e-06
vn 1 2.78426614e-06 1.97883446e-06
vn 1 1.30454328e-06 3.21566688e-07
vn -1.10485064e-06 -0.157009825 -0.987597048
vn -6.24241352e-07 -0.428888917 -0.903357267
vn -9.86784926e-07 -0.428888977 -0.903357208
vn -3.92425989e-07 -0.666020989 -0.745932996
vn -9.30614235e-08 -0.666020989 -0.745932996
vn 4.45658344e-07 -0.849196136 -0.528077543
vn 5.65422397e-06 -0.849195659 -0.528078377
vn 3.58610623e-06 -0.963574231 -0.267441005
vn 7.33610023e-07 -0.96357435 -0.267440498
vn 1.38599364e-06 -0.999889553 0.0148624377
vn 1.926094e-06 -0.955199659 0.295962095
vn -1.35903576e-06 -0.95519948 0.295962691
vn -5.55137945e-07 -0.833125174 0.553084433
vn 2.31015269e-06 -0.833125472 0.553084016
vn 2.50705693e-06 -0.643556952 0.765398204
vn -5.04225955e-06 -0.64355588 0.765399158
vn -6.53097686e-06 -0.401848197 0.915706277
vn 2.50085509e-06 -0.401849777 0.915705621
vn 2.29204829e-06 -0.127588034 0.99182725
vn -8.92345724e-07 -0.127587423 0.991827309
vn -1.27325711e-06 0.157009974 0.987596989
vn 1.89755485e-06 0.157009378 0.987597108
vn 1.34932861e-06 0.428889036 0.903357208
vn -1.55101907e-06 0.428889543 0.903356969
vn -1.70312478e-06 0.66602087 0.745933115
vn 6.91792366e-07 0.666020513 0.745933414
vn -2.17900791e-08 0.849195659 0.528078377
vn -7.33608601e-07 0.963574231 0.267441064
vn -3.80076972e-06 0.96357435 0.267440498
vn -1.21553649e-06 0.999889553 -0.0148624331
vn -1.38599364e-06 0.999889553 -0.0148624657
vn -1.92609514e-06 0.95519948 -0.295962811
vn 4.88172554e-06 0.955199838 -0.295961589
vn 3.86437068e-06 0.83312583 -0.553083479
vn -1.86621469e-06 0.833125234 -0.553084373
vn -1.89270281e-06 0.64355576 -0.765399218
vn -2.1998801e-06 0.643555701 -0.765399277
vn -2.13335511e-06 0.401849657 -0.915705681
vn 6.30734519e-07 0.401850134 -0.915705442
vn -1.01640103e-06 0.127587572 -0.991827309
vn -1.05715026e-06 0.127587572 -0.991827309
vn -1.64484209e-06 -0.157009929 -0.987597048
vn 1 1.59361196e-06 1.20514426e-06
vn 1 9.14995553e-07 1.43669718e-06
vn 1 1.8630974e-06 -5.69214258e-08
vn 1 -1.11320014e-06 6.48083358e-07
vn 1 -3.41275012e-07 -2.76963419e-07
vn 1 1.50077176e-06 -4.99416615e-07
vn 1 2.04869252e-06 -9.9037311e-07
vn 1 -3.82016822e-07 -9.55127007e-07
vn 1 -2.0212774e-06 9.7915013e-08
vn 1 1.02759691e-06 3.7665464e-07
vn 1 6.99763632e-07 3.52302072e-06
vn 1 5.7386427e-07 2.18529649e-07
vn 1 2.21409164e-06 -1.60470165e-06
vn 1 2.11462839e-06 -5.56305451e-07
vn 1 3.89518647e-07 9.80256232e-07
vn 1 -2.75406098e-08 2.66754205e-06
vn 1 -1.11674114e-09 2.64857522e-06
vn 1 2.09859331e-06 -2.25287249e-06
vn 1 -2.28971567e-06 2.36861737e-07
vn 1 -1.12356634e-06 2.35928997e-06
vn 1 8.19693469e-07 2.32969728e-06
vn 1 -6.42633893e-07 1.76032529e-06
vn 1 4.05296333e-07 1.46497075e-06
vn 1 5.74781723e-07 1.55444184e-06
vn 1 -2.09053314e-06 1.91101549e-06
vn 1 -3.01887803e-06 1.28641489e-06
vn 1 1.29969487e-06 1.3889138e-06
vn 1 5.91074013e-07 7.9521493e-07
vn 1 2.18029481e-06 -1.07653022e-07
vn 1 -1.47914375e-06 -8.62952731e-07
vn 1 -1.30860963e-06 -6.10959319e-07
vn 1 -2.45808081e-07 -2.49658285e-07
vn 1 3.44388667e-07 8.88586669e-07
vn 1 8.36474442e-07 1.13629267e-06
vn 1 8.25954089e-07 1.1092302e-06
vn 1 -3.71544229e-06 -2.13337989e-06
vn 1 -4.28131943e-06 -4.21053892e-06
vn 1 1.32404602e-06 1.42404679e-06
vn 1 1.48005017e-06 2.40926943e-06
vn 1 -3.61239472e-06 -3.23876925e-08
vn 1 -2.06374261e-06 1.58784644e-06
vn 1 -2.02430215e-06 -3.12419843e-06
vn 1 -9.44051166e-08 -5.38851623e-07
vn 1 -2.42519405e-07 6.17309581e-07
vn 1 -7.12000258e-07 -2.30925707e-07
vn 1 -1.47126877e-06 2.92044979e-06
vn 1 -2.00668933e-06 1.47469893e-06
vn 1 -3.47184567e-07 -3.19744959e-06
vn 1 6.88551097e-07 2.20598804e-06
vn 1 1.09071095e-06 1.37119901e-06
vn 0.706510127 0.0306403786 -0.707039356
vn 0.765853226 0.0651470348 -0.639706731
vn 0.706509709 0.112519622 -0.698701203
vn 0.704706013 0.232729033 -0.67024374
vn 0.809683383 0.159945354 -0.564650595
vn 0.706510901 0.270616174 -0.653918326
vn 0.704707325 0.381020784 -0.598507106
vn 0.809690952 0.285840333 -0.512538671
vn 0.706508458 0.414128035 -0.573884785
vn 0.706508398 0.477953434 -0.521925628
vn 0.765846431 0.461108387 -0.448172212
vn 0.706506729 0.535313189 -0.462912589
vn 0.704703152 0.609106839 -0.363843739
vn 0.809700191 0.485451072 -0.329731554
vn 0.706512094 0.62763536 -0.326977879
vn 0.706511796 0.661351025 -0.251904428
vn 0.765847862 0.613198519 -0.193557888
vn 0.706505477 0.686129212 -0.173426345
vn 0.704701781 0.707611978 -0.0517755114
vn 0.809688568 0.581814706 -0.0767857283
vn 0.706509292 0.707625628 -0.0105183581
vn 0.704705298 0.700474977 0.112806283
vn 0.809695303 0.583830774 0.0594574511
vn 0.706511199 0.690974772 0.152956724
vn 0.704706967 0.655577719 0.271304131
vn 0.809692144 0.554385722 0.192497104
vn 0.706509173 0.637077451 0.308183581
vn 0.706509113 0.596993029 0.38005814
vn 0.765849173 0.521432221 0.376275808
vn 0.706504524 0.548836529 0.446799517
vn 0.704700828 0.464087337 0.536674678
vn 0.809687018 0.409028202 0.420835912
vn 0.706512868 0.431001693 0.561317265
vn 0.70651269 0.362919629 0.607559979
vn 0.76584959 0.297096848 0.570270002
vn 0.70650816 0.289935768 0.645587742
vn 0.704704165 0.173864186 0.687868595
vn 0.809689462 0.176649526 0.559640944
vn 0.706509769 0.133236229 0.695048273
vn 0.706509888 0.0516443402 0.705816329
vn 0.70651114 0.0516450033 0.705815017
vn 0.706511199 -0.0306433234 0.707038164
vn 0.706507504 -0.030645689 0.70704174
vn 0.706507325 -0.112519875 0.698703587
vn 0.765847802 -0.138975248 0.627824068
vn 0.706510544 -0.192870513 0.680913925
vn 0.706510723 -0.27061829 0.65391773
vn 0.765850425 -0.280014336 0.578848064
vn 0.706508279 -0.344705135 0.618081272
vn 0.706508219 -0.414128244 0.573884964
vn 0.765847981 -0.405958891 0.498672456
vn 0.706508279 -0.47795099 0.521928072
vn 0.706508279 -0.535312891 0.462910593
vn 0.765850008 -0.510017633 0.391606629
vn 0.70651412 -0.58542788 0.397632927
vn 0.706514359 -0.627633691 0.326976061
vn 0.765848696 -0.58658123 0.263435334
vn 0.706508398 -0.661353588 0.251907349
vn 0.706508398 -0.686126709 0.173424244
vn 0.765848935 -0.631522238 0.121058352
vn 0.706509292 -0.701619744 0.0925977454
vn 0.706509352 -0.707625568 0.0105174044
vn 0.765848994 -0.642417371 -0.0278437026
vn 0.706518114 -0.70405376 -0.0716966912
vn 0.706518531 -0.690967262 -0.152956933
vn 0.765849531 -0.618679643 -0.175242737
vn 0.706505358 -0.668551564 -0.232140109
vn 0.706505358 -0.637082815 -0.308181226
vn 0.765848756 -0.561590075 -0.313196957
vn 0.706502974 -0.596996963 -0.380063444
vn 0.706502855 -0.548838794 -0.446799427
vn 0.765844166 -0.474227279 -0.434270918
vn 0.706507027 -0.493256509 -0.507489741
vn 0.706506908 -0.430998415 -0.561327338
vn 0.765841305 -0.361295015 -0.531933248
vn 0.706503928 -0.362925708 -0.607566595
vn 0.706503868 -0.289935082 -0.64559269
vn 0.765842557 -0.228885248 -0.600913227
vn 0.70650214 -0.213028893 -0.674887717
vn 0.704698265 -0.0928313583 -0.703407943
vn 0.809689343 -0.110485509 -0.576364636
vn 0.706510067 -0.0516456701 -0.705816031

# Mesh '' with 1774 faces
usemtl DefaultMaterial
f  1//1 2//1 3//1
f  4//2 5//2 6//2
f  7//3 8//3 9//3
f  10//4 11//4 12//4
f  12//5 11//5 13//5
f  14//6 15//6 16//6
f  16//7 15//7 17//7
f  13//8 11//8 15//8
f  15//9 11//9 18//9
f  15//10 18//10 17//10
f  9//11 8//11 12//11
f  12//12 8//12 19//12
f  12//13 19//13 10//13
f  6//14 5//14 9//14
f  9//15 5//15 20//15
f  9//16 20//16 7//16
f  21//17 22//17 6//17
f  6//18 22//18 23//18
f  6//19 23//19 4//19
f  24//20 25//20 26//20
f  26//21 27//21 24//21
f  24//22 27//22 28//22
f  24//23 28//23 21//23
f  21//24 28//24 29//24
f  21//25 29//25 22//25
f  30//26 31//26 32//26
f  32//27 31//27 33//27
f  32//28 33//28 34//28
f  34//29 33//29 35//29
f  34//30 35//30 25//30
f  25//31 35//31 36//31
f  25//32 36//32 26//32
f  37//33 38//33 39//33
f  39//34 38//34 40//34
f  39//35 40//35 41//35
f  41//36 40//36 42//36
f  41//37 42//37 43//37
f  44//38 45//38 41//38
f  41//39 45//39 46//39
f  41//40 46//40 39//40
f  39//41 46//41 47//41
f  39//42 47//42 37//42
f  37//43 47//43 48//43
f  2//44 44//44 3//44
f  3//45 44//45 41//45
f  3//46 41//46 49//46
f  49//47 41//47 43//47
f  49//48 43//48 50//48
f  51//49 52//49 53//49
f  54//50 55//50 56//50
f  56//51 55//51 57//51
f  56//52 57//52 52//52
f  52//53 57//53 58//53
f  52//54 58//54 53//54
f  56//55 59//55 54//55
f  54//56 59//56 60//56
f  54//57 60//57 61//57
f  60//58 62//58 61//58
f  61//59 62//59 63//59
f  61//60 63//60 64//60
f  64//61 63//61 65//61
f  64//62 65//62 66//62
f  65//63 67//63 66//63
f  66//64 67//64 68//64
f  66//65 68//65 69//65
f  53//66 1//66 51//66
f  51//67 1//67 3//67
f  51//68 3//68 70//68
f  70//69 3//69 49//69
f  70//70 49//70 30//70
f  30//71 49//71 50//71
f  30//72 50//72 31//72
f  71//73 72//73 73//73
f  73//74 72//74 74//74
f  72//75 75//75 74//75
f  74//76 75//76 76//76
f  74//77 76//77 77//77
f  77//78 76//78 78//78
f  77//79 78//79 79//79
f  79//80 78//80 80//80
f  79//81 80//81 81//81
f  81//82 80//82 82//82
f  81//83 82//83 83//83
f  82//84 84//84 83//84
f  83//85 84//85 85//85
f  83//86 85//86 86//86
f  86//87 85//87 87//87
f  86//88 87//88 88//88
f  88//89 87//89 89//89
f  88//90 89//90 90//90
f  89//91 91//91 90//91
f  90//92 91//92 92//92
f  90//93 92//93 93//93
f  92//94 94//94 93//94
f  93//95 94//95 95//95
f  93//96 95//96 96//96
f  95//97 97//97 96//97
f  96//98 97//98 98//98
f  96//99 98//99 99//99
f  99//100 98//100 100//100
f  99//101 100//101 101//101
f  102//102 103//102 104//102
f  104//103 103//103 105//103
f  105//104 103//104 106//104
f  106//105 103//105 107//105
f  106//106 107//106 108//106
f  109//107 110//107 111//107
f  111//108 110//108 112//108
f  107//109 113//109 108//109
f  108//110 113//110 114//110
f  108//111 114//111 115//111
f  115//112 114//112 111//112
f  115//113 111//113 116//113
f  116//114 111//114 112//114
f  116//115 112//115 117//115
f  117//116 112//116 118//116
f  119//117 102//117 104//117
f  119//118 104//118 120//118
f  121//119 122//119 123//119
f  123//120 122//120 124//120
f  104//121 125//121 120//121
f  120//122 125//122 123//122
f  120//123 123//123 126//123
f  126//124 123//124 124//124
f  122//125 121//125 127//125
f  127//126 121//126 128//126
f  127//127 128//127 129//127
f  129//128 128//128 130//128
f  129//129 130//129 131//129
f  131//130 130//130 132//130
f  48//131 133//131 134//131
f  133//132 48//132 135//132
f  135//133 48//133 47//133
f  135//134 47//134 136//134
f  137//135 138//135 139//135
f  139//136 138//136 48//136
f  139//137 48//137 140//137
f  140//138 48//138 134//138
f  141//139 142//139 47//139
f  47//140 142//140 143//140
f  47//141 143//141 136//141
f  137//142 144//142 138//142
f  138//143 144//143 145//143
f  138//144 145//144 146//144
f  146//145 145//145 147//145
f  146//146 147//146 148//146
f  148//147 147//147 149//147
f  148//148 149//148 150//148
f  150//149 149//149 151//149
f  150//150 151//150 152//150
f  152//151 151//151 153//151
f  153//152 151//152 154//152
f  153//153 154//153 155//153
f  155//154 154//154 156//154
f  155//155 156//155 157//155
f  157//156 156//156 158//156
f  157//157 158//157 159//157
f  159//158 158//158 160//158
f  159//159 160//159 161//159
f  161//160 160//160 162//160
f  161//161 162//161 163//161
f  163//162 162//162 164//162
f  163//163 164//163 165//163
f  165//164 164//164 166//164
f  165//165 166//165 167//165
f  167//166 166//166 168//166
f  167//167 168//167 169//167
f  169//168 168//168 170//168
f  169//169 170//169 171//169
f  171//170 170//170 172//170
f  171//171 172//171 47//171
f  47//172 172//172 173//172
f  47//173 173//173 141//173
f  174//174 175//174 17//174
f  17//175 175//175 176//175
f  17//176 176//176 16//176
f  17//177 18//177 174//177
f  174//178 18//178 11//178
f  174//179 11//179 177//179
f  177//180 11//180 10//180
f  177//181 10//181 178//181
f  178//182 10//182 19//182
f  178//183 19//183 8//183
f  8//184 7//184 178//184
f  178//185 7//185 20//185
f  178//186 20//186 179//186
f  179//187 20//187 5//187
f  179//188 5//188 180//188
f  180//189 5//189 4//189
f  4//190 23//190 180//190
f  180//191 23//191 22//191
f  180//192 22//192 181//192
f  181//193 22//193 29//193
f  181//194 29//194 182//194
f  29//195 28//195 182//195
f  182//196 28//196 27//196
f  182//197 27//197 183//197
f  27//198 26//198 183//198
f  183//199 26//199 36//199
f  183//200 36//200 184//200
f  184//201 36//201 35//201
f  184//202 35//202 185//202
f  185//203 35//203 33//203
f  33//204 31//204 185//204
f  185//205 31//205 50//205
f  185//206 50//206 186//206
f  50//207 43//207 186//207
f  186//208 43//208 42//208
f  186//209 42//209 187//209
f  187//210 42//210 40//210
f  37//211 188//211 38//211
f  38//212 188//212 189//212
f  38//213 189//213 40//213
f  40//214 189//214 190//214
f  40//215 190//215 187//215
f  48//216 191//216 37//216
f  37//217 191//217 192//217
f  37//218 192//218 188//218
f  109//219 193//219 194//219
f  109//220 194//220 195//220
f  195//221 194//221 196//221
f  195//222 196//222 197//222
f  197//223 196//223 198//223
f  197//224 198//224 199//224
f  199//225 198//225 200//225
f  199//226 200//226 201//226
f  201//227 200//227 202//227
f  202//228 200//228 203//228
f  202//229 203//229 204//229
f  204//230 203//230 205//230
f  205//231 203//231 206//231
f  205//232 206//232 207//232
f  207//233 206//233 208//233
f  207//234 208//234 209//234
f  209//235 208//235 210//235
f  209//236 210//236 211//236
f  211//237 210//237 212//237
f  211//238 212//238 213//238
f  213//239 212//239 214//239
f  213//240 214//240 215//240
f  215//241 214//241 216//241
f  215//242 216//242 217//242
f  216//243 218//243 217//243
f  217//244 218//244 219//244
f  219//245 218//245 220//245
f  220//246 218//246 221//246
f  220//247 221//247 222//247
f  222//248 221//248 223//248
f  223//249 221//249 224//249
f  223//250 224//250 225//250
f  225//251 224//251 226//251
f  226//252 224//252 101//252
f  226//253 101//253 100//253
f  213//254 227//254 228//254
f  227//255 213//255 229//255
f  229//256 213//256 215//256
f  229//257 215//257 217//257
f  207//258 209//258 228//258
f  228//259 209//259 211//259
f  228//260 211//260 213//260
f  204//261 205//261 230//261
f  230//262 205//262 207//262
f  230//263 207//263 231//263
f  231//264 207//264 228//264
f  204//265 230//265 202//265
f  202//266 230//266 232//266
f  202//267 232//267 201//267
f  201//268 232//268 233//268
f  201//269 233//269 199//269
f  110//270 109//270 234//270
f  234//271 109//271 195//271
f  234//272 195//272 233//272
f  233//273 195//273 197//273
f  233//274 197//274 199//274
f  100//275 235//275 226//275
f  226//276 235//276 236//276
f  226//277 236//277 225//277
f  225//278 236//278 223//278
f  229//279 217//279 219//279
f  223//280 236//280 222//280
f  222//281 236//281 237//281
f  222//282 237//282 220//282
f  220//283 237//283 238//283
f  220//284 238//284 219//284
f  219//285 238//285 239//285
f  219//286 239//286 229//286
f  109//287 111//287 240//287
f  240//288 111//288 114//288
f  240//289 114//289 113//289
f  113//290 107//290 240//290
f  240//291 107//291 103//291
f  240//292 103//292 102//292
f  102//293 119//293 240//293
f  240//294 119//294 120//294
f  240//295 120//295 126//295
f  126//296 124//296 240//296
f  240//297 124//297 122//297
f  240//298 122//298 241//298
f  241//299 122//299 127//299
f  241//300 127//300 129//300
f  193//301 109//301 242//301
f  242//302 109//302 240//302
f  242//303 240//303 243//303
f  243//304 240//304 241//304
f  243//305 241//305 244//305
f  245//306 14//306 16//306
f  246//307 247//307 248//307
f  248//308 247//308 249//308
f  248//309 249//309 250//309
f  250//310 249//310 251//310
f  250//311 251//311 252//311
f  252//312 251//312 69//312
f  252//313 69//313 68//313
f  253//314 254//314 255//314
f  255//315 254//315 256//315
f  255//316 256//316 257//316
f  258//317 259//317 260//317
f  260//318 259//318 261//318
f  260//319 261//319 255//319
f  262//320 263//320 264//320
f  264//321 263//321 265//321
f  264//322 265//322 266//322
f  16//323 267//323 245//323
f  245//324 267//324 268//324
f  245//325 268//325 265//325
f  265//326 268//326 269//326
f  265//327 269//327 266//327
f  256//328 270//328 257//328
f  257//329 270//329 271//329
f  257//330 271//330 248//330
f  248//331 271//331 272//331
f  248//332 272//332 246//332
f  261//333 273//333 255//333
f  255//334 273//334 274//334
f  255//335 274//335 275//335
f  262//336 276//336 263//336
f  263//337 276//337 277//337
f  263//338 277//338 258//338
f  258//339 277//339 278//339
f  258//340 278//340 259//340
f  275//341 279//341 255//341
f  255//342 279//342 280//342
f  255//343 280//343 253//343
f  281//344 244//344 282//344
f  282//345 244//345 283//345
f  284//346 196//346 285//346
f  285//347 196//347 194//347
f  194//348 193//348 285//348
f  285//349 193//349 242//349
f  285//350 242//350 281//350
f  281//351 242//351 243//351
f  281//352 243//352 244//352
f  283//353 286//353 282//353
f  282//354 286//354 287//354
f  282//355 287//355 288//355
f  288//356 287//356 289//356
f  77//357 290//357 74//357
f  74//358 290//358 291//358
f  74//359 291//359 73//359
f  292//360 293//360 294//360
f  294//361 293//361 295//361
f  296//362 297//362 292//362
f  292//363 297//363 298//363
f  292//364 298//364 293//364
f  299//365 208//365 206//365
f  73//366 291//366 300//366
f  300//367 291//367 301//367
f  300//368 301//368 302//368
f  295//369 303//369 294//369
f  294//370 303//370 304//370
f  294//371 304//371 305//371
f  305//372 304//372 306//372
f  305//373 306//373 301//373
f  301//374 306//374 307//374
f  301//375 307//375 302//375
f  289//376 308//376 288//376
f  288//377 308//377 309//377
f  288//378 309//378 310//378
f  310//379 309//379 311//379
f  310//380 311//380 312//380
f  299//381 206//381 313//381
f  206//382 203//382 313//382
f  313//383 203//383 200//383
f  313//384 200//384 284//384
f  284//385 200//385 198//385
f  284//386 198//386 196//386
f  314//387 214//387 212//387
f  86//388 88//388 315//388
f  315//389 88//389 90//389
f  315//390 90//390 316//390
f  77//391 79//391 290//391
f  290//392 79//392 81//392
f  290//393 81//393 315//393
f  315//394 81//394 83//394
f  315//395 83//395 86//395
f  317//396 318//396 319//396
f  319//397 318//397 320//397
f  319//398 320//398 296//398
f  296//399 320//399 321//399
f  296//400 321//400 297//400
f  314//401 212//401 299//401
f  299//402 212//402 210//402
f  299//403 210//403 208//403
f  322//404 323//404 101//404
f  90//405 93//405 316//405
f  316//406 93//406 96//406
f  316//407 96//407 323//407
f  323//408 96//408 99//408
f  323//409 99//409 101//409
f  101//410 224//410 322//410
f  322//411 224//411 221//411
f  322//412 221//412 324//412
f  324//413 221//413 218//413
f  324//414 218//414 314//414
f  314//415 218//415 216//415
f  314//416 216//416 214//416
f  325//417 326//417 327//417
f  327//418 326//418 328//418
f  327//419 328//419 317//419
f  317//420 328//420 329//420
f  317//421 329//421 318//421
f  311//422 330//422 312//422
f  312//423 330//423 331//423
f  312//424 331//424 332//424
f  332//425 331//425 333//425
f  332//426 333//426 334//426
f  334//427 333//427 335//427
f  334//428 335//428 325//428
f  325//429 335//429 336//429
f  325//430 336//430 326//430
f  117//431 118//431 69//431
f  105//432 106//432 251//432
f  251//433 121//433 123//433
f  105//434 251//434 104//434
f  104//435 251//435 123//435
f  104//436 123//436 125//436
f  106//437 108//437 251//437
f  251//438 108//438 115//438
f  251//439 115//439 69//439
f  69//440 115//440 116//440
f  69//441 116//441 117//441
f  251//442 249//442 121//442
f  121//443 249//443 337//443
f  121//444 337//444 128//444
f  128//445 337//445 130//445
f  338//446 339//446 340//446
f  341//447 342//447 343//447
f  344//448 345//448 346//448
f  347//449 348//449 349//449
f  350//450 351//450 352//450
f  353//451 354//451 355//451
f  356//452 357//452 358//452
f  359//453 360//453 361//453
f  362//454 363//454 364//454
f  365//455 366//455 367//455
f  368//456 369//456 370//456
f  371//457 372//457 373//457
f  374//458 375//458 376//458
f  377//459 378//459 379//459
f  380//460 381//460 382//460
f  381//461 380//461 383//461
f  374//462 376//462 384//462
f  385//463 386//463 387//463
f  388//464 371//464 389//464
f  389//465 371//465 373//465
f  389//466 373//466 390//466
f  390//467 373//467 391//467
f  390//468 391//468 392//468
f  392//469 391//469 393//469
f  392//470 393//470 394//470
f  394//471 393//471 395//471
f  396//472 397//472 398//472
f  398//473 397//473 383//473
f  398//474 383//474 399//474
f  399//475 383//475 380//475
f  399//476 380//476 400//476
f  400//477 380//477 382//477
f  400//478 382//478 401//478
f  401//479 382//479 402//479
f  363//480 402//480 364//480
f  364//481 402//481 382//481
f  364//482 382//482 381//482
f  360//483 362//483 361//483
f  361//484 362//484 364//484
f  361//485 364//485 381//485
f  403//486 404//486 405//486
f  405//487 404//487 406//487
f  405//488 406//488 407//488
f  407//489 406//489 408//489
f  407//490 408//490 409//490
f  409//491 408//491 410//491
f  409//492 410//492 411//492
f  411//493 410//493 412//493
f  411//494 412//494 395//494
f  395//495 412//495 413//495
f  395//496 413//496 394//496
f  357//497 359//497 358//497
f  358//498 359//498 361//498
f  358//499 361//499 381//499
f  354//500 356//500 355//500
f  355//501 356//501 358//501
f  355//502 358//502 381//502
f  351//503 353//503 352//503
f  352//504 353//504 355//504
f  352//505 355//505 381//505
f  414//506 415//506 416//506
f  416//507 415//507 417//507
f  416//508 417//508 418//508
f  418//509 417//509 419//509
f  418//510 419//510 420//510
f  420//511 419//511 421//511
f  420//512 421//512 422//512
f  422//513 421//513 423//513
f  422//514 423//514 424//514
f  424//515 423//515 425//515
f  424//516 425//516 426//516
f  426//517 425//517 427//517
f  426//518 427//518 403//518
f  403//519 427//519 428//519
f  403//520 428//520 404//520
f  348//521 350//521 349//521
f  349//522 350//522 352//522
f  349//523 352//523 381//523
f  345//524 347//524 346//524
f  346//525 347//525 349//525
f  346//526 349//526 381//526
f  342//527 344//527 343//527
f  343//528 344//528 346//528
f  343//529 346//529 381//529
f  429//530 430//530 431//530
f  431//531 430//531 432//531
f  431//532 432//532 433//532
f  433//533 432//533 434//533
f  433//534 434//534 435//534
f  435//535 434//535 436//535
f  435//536 436//536 437//536
f  437//537 436//537 438//537
f  437//538 438//538 414//538
f  414//539 438//539 439//539
f  414//540 439//540 415//540
f  339//541 341//541 340//541
f  340//542 341//542 343//542
f  340//543 343//543 381//543
f  375//544 377//544 376//544
f  376//545 377//545 379//545
f  376//546 379//546 440//546
f  440//547 379//547 441//547
f  440//548 441//548 429//548
f  429//549 441//549 442//549
f  429//550 442//550 430//550
f  372//551 368//551 373//551
f  373//552 368//552 370//552
f  373//553 370//553 391//553
f  391//554 370//554 443//554
f  391//555 443//555 393//555
f  393//556 443//556 444//556
f  393//557 444//557 395//557
f  395//558 444//558 445//558
f  395//559 445//559 411//559
f  411//560 445//560 446//560
f  411//561 446//561 409//561
f  409//562 446//562 447//562
f  409//563 447//563 407//563
f  407//564 447//564 448//564
f  407//565 448//565 405//565
f  405//566 448//566 449//566
f  405//567 449//567 403//567
f  403//568 449//568 450//568
f  403//569 450//569 426//569
f  426//570 450//570 451//570
f  426//571 451//571 424//571
f  424//572 451//572 452//572
f  424//573 452//573 422//573
f  422//574 452//574 453//574
f  422//575 453//575 420//575
f  420//576 453//576 454//576
f  420//577 454//577 418//577
f  418//578 454//578 455//578
f  418//579 455//579 416//579
f  416//580 455//580 456//580
f  416//581 456//581 414//581
f  414//582 456//582 457//582
f  414//583 457//583 437//583
f  437//584 457//584 458//584
f  437//585 458//585 435//585
f  435//586 458//586 459//586
f  435//587 459//587 433//587
f  433//588 459//588 460//588
f  433//589 460//589 431//589
f  431//590 460//590 461//590
f  431//591 461//591 429//591
f  429//592 461//592 462//592
f  429//593 462//593 440//593
f  440//594 462//594 463//594
f  440//595 463//595 376//595
f  376//596 463//596 387//596
f  376//597 387//597 384//597
f  384//598 387//598 386//598
f  369//599 365//599 370//599
f  370//600 365//600 367//600
f  370//601 367//601 443//601
f  443//602 367//602 464//602
f  443//603 464//603 444//603
f  444//604 464//604 465//604
f  444//605 465//605 445//605
f  445//606 465//606 466//606
f  445//607 466//607 446//607
f  446//608 466//608 467//608
f  446//609 467//609 447//609
f  447//610 467//610 468//610
f  447//611 468//611 448//611
f  448//612 468//612 469//612
f  448//613 469//613 449//613
f  449//614 469//614 470//614
f  449//615 470//615 450//615
f  450//616 470//616 471//616
f  450//617 471//617 451//617
f  451//618 471//618 472//618
f  451//619 472//619 452//619
f  452//620 472//620 473//620
f  452//621 473//621 453//621
f  453//622 473//622 474//622
f  453//623 474//623 454//623
f  454//624 474//624 475//624
f  454//625 475//625 455//625
f  455//626 475//626 476//626
f  455//627 476//627 456//627
f  456//628 476//628 477//628
f  456//629 477//629 457//629
f  457//630 477//630 478//630
f  457//631 478//631 458//631
f  458//632 478//632 479//632
f  458//633 479//633 459//633
f  459//634 479//634 480//634
f  459//635 480//635 460//635
f  460//636 480//636 481//636
f  460//637 481//637 461//637
f  461//638 481//638 482//638
f  461//639 482//639 462//639
f  462//640 482//640 483//640
f  462//641 483//641 463//641
f  463//642 483//642 484//642
f  463//643 484//643 387//643
f  387//644 484//644 485//644
f  387//645 485//645 385//645
f  385//646 485//646 486//646
f  366//647 396//647 367//647
f  367//648 396//648 398//648
f  367//649 398//649 464//649
f  464//650 398//650 399//650
f  464//651 399//651 465//651
f  465//652 399//652 400//652
f  465//653 400//653 466//653
f  466//654 400//654 401//654
f  466//655 401//655 467//655
f  467//656 401//656 402//656
f  467//657 402//657 468//657
f  468//658 402//658 363//658
f  468//659 363//659 469//659
f  469//660 363//660 362//660
f  469//661 362//661 470//661
f  470//662 362//662 360//662
f  470//663 360//663 471//663
f  471//664 360//664 359//664
f  471//665 359//665 472//665
f  472//666 359//666 357//666
f  472//667 357//667 473//667
f  473//668 357//668 356//668
f  473//669 356//669 474//669
f  474//670 356//670 354//670
f  474//671 354//671 475//671
f  475//672 354//672 353//672
f  475//673 353//673 476//673
f  476//674 353//674 351//674
f  476//675 351//675 477//675
f  477//676 351//676 350//676
f  477//677 350//677 478//677
f  478//678 350//678 348//678
f  478//679 348//679 479//679
f  479//680 348//680 347//680
f  479//681 347//681 480//681
f  480//682 347//682 345//682
f  480//683 345//683 481//683
f  481//684 345//684 344//684
f  481//685 344//685 482//685
f  482//686 344//686 342//686
f  482//687 342//687 483//687
f  483//688 342//688 341//688
f  483//689 341//689 484//689
f  484//690 341//690 339//690
f  484//691 339//691 485//691
f  485//692 339//692 338//692
f  486//693 485//693 487//693
f  487//694 485//694 338//694
f  487//695 338//695 488//695
f  488//696 338//696 340//696
f  488//697 340//697 381//697
f  188//698 378//698 489//698
f  489//699 378//699 377//699
f  489//700 377//700 490//700
f  490//701 377//701 375//701
f  490//702 375//702 491//702
f  486//703 492//703 385//703
f  385//704 492//704 493//704
f  385//705 493//705 386//705
f  386//706 493//706 494//706
f  386//707 494//707 384//707
f  384//708 494//708 491//708
f  384//709 491//709 374//709
f  374//710 491//710 375//710
f  486//711 487//711 492//711
f  492//712 487//712 488//712
f  492//713 488//713 495//713
f  495//714 488//714 381//714
f  495//715 381//715 496//715
f  496//716 381//716 383//716
f  496//717 383//717 497//717
f  497//718 383//718 397//718
f  497//719 397//719 498//719
f  498//720 397//720 396//720
f  498//721 396//721 499//721
f  499//722 396//722 366//722
f  366//723 365//723 499//723
f  499//724 365//724 369//724
f  499//725 369//725 500//725
f  500//726 369//726 368//726
f  500//727 368//727 501//727
f  501//728 368//728 502//728
f  368//729 372//729 502//729
f  502//730 372//730 371//730
f  502//731 371//731 503//731
f  503//732 371//732 388//732
f  503//733 388//733 504//733
f  505//734 506//734 507//734
f  508//735 498//735 499//735
f  504//736 509//736 503//736
f  510//737 118//737 511//737
f  512//738 513//738 514//738
f  513//739 515//739 514//739
f  514//740 515//740 516//740
f  514//741 516//741 511//741
f  511//742 516//742 517//742
f  511//743 517//743 510//743
f  505//744 518//744 514//744
f  514//745 518//745 519//745
f  514//746 519//746 512//746
f  520//747 521//747 522//747
f  522//748 521//748 523//748
f  522//749 523//749 524//749
f  524//750 523//750 525//750
f  504//751 526//751 509//751
f  509//752 526//752 527//752
f  509//753 527//753 528//753
f  528//754 527//754 529//754
f  528//755 529//755 520//755
f  520//756 529//756 530//756
f  520//757 530//757 521//757
f  531//758 499//758 500//758
f  508//759 499//759 532//759
f  532//760 499//760 531//760
f  532//761 531//761 533//761
f  227//762 229//762 531//762
f  531//763 229//763 239//763
f  239//764 534//764 531//764
f  531//765 534//765 535//765
f  531//766 535//766 533//766
f  228//767 227//767 536//767
f  536//768 227//768 531//768
f  536//769 531//769 537//769
f  537//770 531//770 500//770
f  537//771 500//771 538//771
f  538//772 500//772 501//772
f  538//773 501//773 502//773
f  231//774 539//774 230//774
f  230//775 539//775 540//775
f  230//776 540//776 232//776
f  232//777 540//777 541//777
f  232//778 541//778 233//778
f  233//779 541//779 542//779
f  233//780 542//780 234//780
f  234//781 542//781 112//781
f  234//782 112//782 110//782
f  543//783 544//783 545//783
f  545//784 544//784 507//784
f  545//785 507//785 546//785
f  546//786 507//786 506//786
f  546//787 506//787 547//787
f  502//788 543//788 538//788
f  538//789 543//789 545//789
f  538//790 545//790 537//790
f  537//791 545//791 546//791
f  537//792 546//792 536//792
f  536//793 546//793 547//793
f  536//794 547//794 228//794
f  118//795 112//795 511//795
f  511//796 112//796 542//796
f  511//797 542//797 514//797
f  514//798 542//798 541//798
f  514//799 541//799 505//799
f  505//800 541//800 540//800
f  505//801 540//801 506//801
f  506//802 540//802 539//802
f  506//803 539//803 547//803
f  547//804 539//804 231//804
f  547//805 231//805 228//805
f  525//806 518//806 524//806
f  524//807 518//807 505//807
f  524//808 505//808 522//808
f  522//809 505//809 507//809
f  522//810 507//810 520//810
f  520//811 507//811 544//811
f  520//812 544//812 528//812
f  528//813 544//813 543//813
f  528//814 543//814 509//814
f  509//815 543//815 502//815
f  509//816 502//816 503//816
f  69//817 118//817 66//817
f  66//818 118//818 510//818
f  66//819 510//819 64//819
f  64//820 510//820 517//820
f  64//821 517//821 61//821
f  517//822 516//822 61//822
f  61//823 516//823 515//823
f  61//824 515//824 54//824
f  54//825 515//825 513//825
f  54//826 513//826 55//826
f  513//827 512//827 55//827
f  55//828 512//828 519//828
f  55//829 519//829 57//829
f  57//830 519//830 518//830
f  57//831 518//831 58//831
f  58//832 518//832 525//832
f  58//833 525//833 53//833
f  53//834 525//834 523//834
f  53//835 523//835 1//835
f  1//836 523//836 521//836
f  1//837 521//837 2//837
f  2//838 521//838 44//838
f  44//839 521//839 530//839
f  44//840 530//840 45//840
f  504//841 47//841 526//841
f  526//842 47//842 46//842
f  526//843 46//843 527//843
f  527//844 46//844 45//844
f  527//845 45//845 529//845
f  529//846 45//846 530//846
f  548//847 549//847 550//847
f  78//848 76//848 551//848
f  184//849 185//849 552//849
f  490//850 491//850 553//850
f  554//851 493//851 492//851
f  553//852 190//852 189//852
f  490//853 553//853 489//853
f  489//854 553//854 189//854
f  489//855 189//855 188//855
f  186//856 187//856 555//856
f  555//857 187//857 190//857
f  555//858 190//858 556//858
f  556//859 190//859 553//859
f  556//860 553//860 557//860
f  557//861 553//861 491//861
f  557//862 491//862 558//862
f  558//863 491//863 494//863
f  558//864 494//864 559//864
f  181//865 182//865 560//865
f  560//866 182//866 183//866
f  560//867 183//867 561//867
f  562//868 563//868 174//868
f  174//869 177//869 562//869
f  562//870 177//870 178//870
f  562//871 178//871 179//871
f  176//872 175//872 564//872
f  564//873 175//873 565//873
f  564//874 565//874 566//874
f  566//875 565//875 72//875
f  566//876 72//876 71//876
f  551//877 76//877 565//877
f  565//878 76//878 75//878
f  565//879 75//879 72//879
f  567//880 568//880 89//880
f  89//881 87//881 567//881
f  567//882 87//882 85//882
f  567//883 85//883 569//883
f  569//884 85//884 84//884
f  569//885 84//885 570//885
f  570//886 84//886 82//886
f  570//887 82//887 80//887
f  95//888 94//888 571//888
f  571//889 94//889 92//889
f  571//890 92//890 568//890
f  568//891 92//891 91//891
f  568//892 91//892 89//892
f  97//893 572//893 98//893
f  98//894 572//894 100//894
f  492//895 573//895 554//895
f  554//896 573//896 574//896
f  554//897 574//897 575//897
f  575//898 574//898 576//898
f  575//899 576//899 235//899
f  183//900 184//900 561//900
f  561//901 184//901 552//901
f  561//902 552//902 577//902
f  577//903 552//903 578//903
f  577//904 578//904 579//904
f  579//905 578//905 580//905
f  579//906 580//906 581//906
f  581//907 580//907 582//907
f  581//908 582//908 550//908
f  550//909 582//909 583//909
f  550//910 583//910 548//910
f  185//911 186//911 552//911
f  552//912 186//912 555//912
f  552//913 555//913 578//913
f  578//914 555//914 556//914
f  578//915 556//915 580//915
f  580//916 556//916 557//916
f  580//917 557//917 582//917
f  582//918 557//918 558//918
f  582//919 558//919 583//919
f  583//920 558//920 559//920
f  583//921 559//921 548//921
f  80//922 584//922 570//922
f  570//923 584//923 585//923
f  570//924 585//924 569//924
f  569//925 585//925 586//925
f  569//926 586//926 567//926
f  80//927 78//927 584//927
f  584//928 78//928 551//928
f  584//929 551//929 562//929
f  562//930 551//930 565//930
f  562//931 565//931 563//931
f  563//932 565//932 175//932
f  563//933 175//933 174//933
f  235//934 100//934 575//934
f  575//935 100//935 572//935
f  575//936 572//936 571//936
f  571//937 572//937 97//937
f  571//938 97//938 95//938
f  586//939 587//939 567//939
f  567//940 587//940 588//940
f  567//941 588//941 568//941
f  568//942 588//942 589//942
f  568//943 589//943 571//943
f  571//944 589//944 590//944
f  571//945 590//945 575//945
f  179//946 180//946 562//946
f  562//947 180//947 181//947
f  562//948 181//948 584//948
f  584//949 181//949 560//949
f  584//950 560//950 585//950
f  585//951 560//951 561//951
f  585//952 561//952 586//952
f  586//953 561//953 577//953
f  586//954 577//954 587//954
f  587//955 577//955 579//955
f  587//956 579//956 588//956
f  588//957 579//957 581//957
f  588//958 581//958 589//958
f  589//959 581//959 550//959
f  589//960 550//960 590//960
f  590//961 550//961 549//961
f  590//962 549//962 575//962
f  575//963 549//963 548//963
f  575//964 548//964 554//964
f  554//965 548//965 559//965
f  554//966 559//966 493//966
f  493//967 559//967 494//967
f  533//968 535//968 238//968
f  238//969 535//969 534//969
f  238//970 534//970 239//970
f  576//971 574//971 591//971
f  591//972 574//972 592//972
f  591//973 592//973 593//973
f  593//974 592//974 594//974
f  593//975 594//975 595//975
f  595//976 594//976 596//976
f  574//977 573//977 592//977
f  592//978 573//978 597//978
f  592//979 597//979 594//979
f  594//980 597//980 598//980
f  594//981 598//981 596//981
f  596//982 598//982 599//982
f  497//983 599//983 496//983
f  496//984 599//984 598//984
f  496//985 598//985 495//985
f  495//986 598//986 597//986
f  495//987 597//987 492//987
f  492//988 597//988 573//988
f  235//989 576//989 236//989
f  236//990 576//990 591//990
f  236//991 591//991 237//991
f  237//992 591//992 593//992
f  237//993 593//993 238//993
f  238//994 593//994 595//994
f  238//995 595//995 533//995
f  533//996 595//996 596//996
f  533//997 596//997 532//997
f  532//998 596//998 599//998
f  532//999 599//999 508//999
f  508//1000 599//1000 497//1000
f  508//1001 497//1001 498//1001
f  47//1002 504//1002 171//1002
f  171//1003 504//1003 388//1003
f  191//1004 48//1004 138//1004
f  191//1005 138//1005 192//1005
f  192//1006 138//1006 378//1006
f  192//1007 378//1007 188//1007
f  171//1008 388//1008 169//1008
f  169//1009 388//1009 389//1009
f  389//1010 390//1010 169//1010
f  169//1011 390//1011 392//1011
f  169//1012 392//1012 167//1012
f  392//1013 394//1013 167//1013
f  167//1014 394//1014 413//1014
f  167//1015 413//1015 165//1015
f  165//1016 413//1016 412//1016
f  165//1017 412//1017 163//1017
f  412//1018 410//1018 163//1018
f  163//1019 410//1019 408//1019
f  163//1020 408//1020 161//1020
f  161//1021 408//1021 406//1021
f  406//1022 404//1022 161//1022
f  161//1023 404//1023 428//1023
f  161//1024 428//1024 159//1024
f  428//1025 427//1025 159//1025
f  159//1026 427//1026 425//1026
f  159//1027 425//1027 157//1027
f  157//1028 425//1028 423//1028
f  157//1029 423//1029 155//1029
f  155//1030 423//1030 421//1030
f  421//1031 419//1031 155//1031
f  155//1032 419//1032 417//1032
f  155//1033 417//1033 153//1033
f  417//1034 415//1034 153//1034
f  153//1035 415//1035 439//1035
f  153//1036 439//1036 152//1036
f  152//1037 439//1037 438//1037
f  152//1038 438//1038 150//1038
f  438//1039 436//1039 150//1039
f  150//1040 436//1040 434//1040
f  150//1041 434//1041 148//1041
f  148//1042 434//1042 432//1042
f  432//1043 430//1043 148//1043
f  148//1044 430//1044 442//1044
f  148//1045 442//1045 146//1045
f  378//1046 138//1046 379//1046
f  379//1047 138//1047 146//1047
f  379//1048 146//1048 441//1048
f  441//1049 146//1049 442//1049
f  600//1050 268//1050 601//1050
f  601//1051 268//1051 267//1051
f  601//1052 267//1052 176//1052
f  176//1053 267//1053 16//1053
f  600//1054 602//1054 268//1054
f  268//1055 602//1055 603//1055
f  268//1056 603//1056 269//1056
f  269//1057 603//1057 604//1057
f  269//1058 604//1058 605//1058
f  605//1059 606//1059 269//1059
f  269//1060 606//1060 607//1060
f  269//1061 607//1061 608//1061
f  609//1062 266//1062 610//1062
f  610//1063 266//1063 269//1063
f  610//1064 269//1064 611//1064
f  611//1065 269//1065 608//1065
f  306//1066 612//1066 307//1066
f  307//1067 612//1067 613//1067
f  302//1068 614//1068 300//1068
f  300//1069 614//1069 615//1069
f  300//1070 615//1070 73//1070
f  616//1071 617//1071 615//1071
f  615//1072 617//1072 71//1072
f  615//1073 71//1073 73//1073
f  618//1074 614//1074 613//1074
f  613//1075 614//1075 302//1075
f  613//1076 302//1076 307//1076
f  618//1077 619//1077 614//1077
f  614//1078 619//1078 620//1078
f  614//1079 620//1079 621//1079
f  621//1080 622//1080 614//1080
f  614//1081 622//1081 623//1081
f  614//1082 623//1082 615//1082
f  615//1083 623//1083 624//1083
f  615//1084 624//1084 616//1084
f  625//1085 626//1085 612//1085
f  612//1086 626//1086 609//1086
f  612//1087 609//1087 613//1087
f  613//1088 609//1088 610//1088
f  613//1089 610//1089 618//1089
f  618//1090 610//1090 611//1090
f  618//1091 611//1091 619//1091
f  619//1092 611//1092 608//1092
f  619//1093 608//1093 620//1093
f  620//1094 608//1094 607//1094
f  620//1095 607//1095 621//1095
f  621//1096 607//1096 606//1096
f  621//1097 606//1097 622//1097
f  602//1098 600//1098 617//1098
f  566//1099 71//1099 617//1099
f  601//1100 176//1100 564//1100
f  566//1101 617//1101 564//1101
f  564//1102 617//1102 600//1102
f  564//1103 600//1103 601//1103
f  602//1104 617//1104 603//1104
f  603//1105 617//1105 616//1105
f  603//1106 616//1106 604//1106
f  616//1107 624//1107 604//1107
f  604//1108 624//1108 623//1108
f  604//1109 623//1109 605//1109
f  605//1110 623//1110 622//1110
f  605//1111 622//1111 606//1111
f  627//1112 628//1112 145//1112
f  145//1113 628//1113 147//1113
f  628//1114 629//1114 147//1114
f  147//1115 629//1115 630//1115
f  147//1116 630//1116 149//1116
f  149//1117 630//1117 631//1117
f  149//1117 631//1117 151//1117
f  151//1118 631//1118 632//1118
f  151//1118 632//1118 154//1118
f  154//1119 632//1119 633//1119
f  154//1119 633//1119 156//1119
f  156//1120 633//1120 634//1120
f  156//1120 634//1120 158//1120
f  158//1121 634//1121 635//1121
f  158//1121 635//1121 160//1121
f  160//1122 635//1122 636//1122
f  160//1123 636//1123 162//1123
f  162//1124 636//1124 637//1124
f  162//1124 637//1124 164//1124
f  164//1125 637//1125 638//1125
f  164//1125 638//1125 166//1125
f  166//1126 638//1126 639//1126
f  166//1126 639//1126 168//1126
f  168//1127 639//1127 640//1127
f  168//1127 640//1127 170//1127
f  170//1128 640//1128 641//1128
f  170//1128 641//1128 172//1128
f  172//1129 641//1129 642//1129
f  172//1130 642//1130 173//1130
f  173//1131 642//1131 643//1131
f  173//1132 643//1132 141//1132
f  141//1133 643//1133 644//1133
f  141//1134 644//1134 142//1134
f  142//1135 644//1135 645//1135
f  142//1136 645//1136 143//1136
f  143//1137 645//1137 646//1137
f  143//1137 646//1137 136//1137
f  136//1138 646//1138 647//1138
f  136//1138 647//1138 135//1138
f  135//1139 647//1139 648//1139
f  135//1139 648//1139 133//1139
f  133//1140 648//1140 649//1140
f  133//1140 649//1140 134//1140
f  134//1141 649//1141 650//1141
f  134//1142 650//1142 140//1142
f  140//1143 650//1143 651//1143
f  140//1144 651//1144 139//1144
f  139//1145 651//1145 652//1145
f  139//1145 652//1145 137//1145
f  137//1146 652//1146 627//1146
f  137//1146 627//1146 144//1146
f  144//1112 627//1112 145//1112
f  628//143 627//143 653//143
f  628//1147 653//1147 629//1147
f  632//1148 631//1148 653//1148
f  653//1149 631//1149 630//1149
f  653//1150 630//1150 629//1150
f  635//1151 634//1151 653//1151
f  653//1152 634//1152 633//1152
f  653//1153 633//1153 632//1153
f  638//1154 637//1154 653//1154
f  653//1155 637//1155 636//1155
f  653//1156 636//1156 635//1156
f  641//1157 640//1157 653//1157
f  653//1158 640//1158 639//1158
f  653//1159 639//1159 638//1159
f  644//1160 643//1160 653//1160
f  653//1161 643//1161 642//1161
f  653//1162 642//1162 641//1162
f  647//1163 646//1163 653//1163
f  653//1164 646//1164 645//1164
f  653//1165 645//1165 644//1165
f  650//1166 649//1166 653//1166
f  653//1167 649//1167 648//1167
f  653//1168 648//1168 647//1168
f  627//1169 652//1169 653//1169
f  653//1170 652//1170 651//1170
f  653//1171 651//1171 650//1171
f  654//1172 655//1172 656//1172
f  656//1173 655//1173 657//1173
f  276//1174 262//1174 658//1174
f  658//1175 262//1175 264//1175
f  266//1176 609//1176 264//1176
f  264//1177 609//1177 626//1177
f  264//1178 626//1178 658//1178
f  658//1179 626//1179 659//1179
f  658//1180 659//1180 660//1180
f  660//1181 661//1181 658//1181
f  658//1182 661//1182 662//1182
f  658//1183 662//1183 663//1183
f  663//1184 654//1184 658//1184
f  658//1185 654//1185 656//1185
f  658//1186 656//1186 276//1186
f  276//1187 656//1187 657//1187
f  276//1188 657//1188 277//1188
f  277//1189 657//1189 664//1189
f  665//1190 666//1190 662//1190
f  662//1191 666//1191 663//1191
f  663//1192 666//1192 654//1192
f  654//1193 666//1193 667//1193
f  654//1194 667//1194 655//1194
f  655//1195 667//1195 668//1195
f  655//1196 668//1196 657//1196
f  668//1197 669//1197 657//1197
f  657//1198 669//1198 670//1198
f  657//1199 670//1199 664//1199
f  626//1200 625//1200 659//1200
f  659//1201 625//1201 671//1201
f  659//1202 671//1202 660//1202
f  660//1203 671//1203 661//1203
f  671//1204 672//1204 661//1204
f  661//1205 672//1205 665//1205
f  661//1206 665//1206 662//1206
f  673//1207 674//1207 311//1207
f  675//1208 676//1208 318//1208
f  677//1209 678//1209 297//1209
f  293//1210 298//1210 670//1210
f  297//1211 678//1211 298//1211
f  298//1212 678//1212 679//1212
f  298//1213 679//1213 670//1213
f  321//1214 680//1214 297//1214
f  297//1215 680//1215 681//1215
f  297//1216 681//1216 677//1216
f  682//1217 683//1217 320//1217
f  320//1218 683//1218 684//1218
f  320//1219 684//1219 321//1219
f  321//1220 684//1220 685//1220
f  321//1221 685//1221 680//1221
f  318//1222 676//1222 320//1222
f  320//1223 676//1223 686//1223
f  320//1224 686//1224 682//1224
f  675//1225 318//1225 687//1225
f  687//1226 318//1226 329//1226
f  687//1227 329//1227 688//1227
f  689//1228 690//1228 326//1228
f  326//1229 690//1229 691//1229
f  326//1230 691//1230 328//1230
f  328//1231 691//1231 692//1231
f  328//1232 692//1232 329//1232
f  329//1233 692//1233 693//1233
f  329//1234 693//1234 688//1234
f  336//1235 694//1235 695//1235
f  336//1236 695//1236 326//1236
f  326//1237 695//1237 696//1237
f  326//1238 696//1238 689//1238
f  694//1239 336//1239 697//1239
f  697//1240 336//1240 335//1240
f  697//1241 335//1241 698//1241
f  333//1242 699//1242 700//1242
f  333//1243 700//1243 335//1243
f  335//1244 700//1244 701//1244
f  335//1245 701//1245 698//1245
f  699//1246 333//1246 702//1246
f  702//1247 333//1247 331//1247
f  702//1248 331//1248 703//1248
f  704//1249 705//1249 330//1249
f  330//1250 705//1250 706//1250
f  330//1251 706//1251 331//1251
f  331//1252 706//1252 707//1252
f  331//1253 707//1253 703//1253
f  311//1254 674//1254 330//1254
f  330//1255 674//1255 708//1255
f  330//1256 708//1256 704//1256
f  673//1257 311//1257 709//1257
f  709//1258 311//1258 309//1258
f  709//1259 309//1259 710//1259
f  710//1260 309//1260 711//1260
f  711//1261 309//1261 308//1261
f  711//1262 308//1262 712//1262
f  712//1263 308//1263 713//1263
f  713//1264 308//1264 289//1264
f  713//1265 289//1265 714//1265
f  715//1266 716//1266 717//1266
f  717//1267 718//1267 715//1267
f  715//1268 718//1268 719//1268
f  715//1269 719//1269 720//1269
f  719//1270 721//1270 720//1270
f  720//1271 721//1271 722//1271
f  720//1272 722//1272 723//1272
f  723//1273 722//1273 724//1273
f  724//1274 722//1274 725//1274
f  724//1275 725//1275 714//1275
f  131//1276 132//1276 726//1276
f  726//1277 132//1277 727//1277
f  727//1278 728//1278 726//1278
f  726//1279 728//1279 729//1279
f  726//1280 729//1280 730//1280
f  730//1281 729//1281 731//1281
f  730//1282 731//1282 732//1282
f  732//1283 731//1283 717//1283
f  732//1284 717//1284 716//1284
f  721//1285 733//1285 722//1285
f  337//1286 249//1286 247//1286
f  733//1287 721//1287 734//1287
f  734//1288 721//1288 719//1288
f  734//1289 719//1289 718//1289
f  718//1290 717//1290 734//1290
f  734//1291 717//1291 731//1291
f  734//1292 731//1292 729//1292
f  729//1293 728//1293 734//1293
f  734//1294 728//1294 727//1294
f  734//1295 727//1295 132//1295
f  130//1296 337//1296 132//1296
f  132//1297 337//1297 247//1297
f  132//1298 247//1298 734//1298
f  734//1299 247//1299 246//1299
f  734//1300 246//1300 733//1300
f  733//1301 246//1301 272//1301
f  733//1302 272//1302 722//1302
f  722//1303 272//1303 271//1303
f  722//1304 271//1304 725//1304
f  723//1305 735//1305 720//1305
f  720//1306 735//1306 715//1306
f  726//1307 730//1307 736//1307
f  736//1308 730//1308 732//1308
f  736//1309 732//1309 716//1309
f  129//1310 131//1310 241//1310
f  241//1311 131//1311 283//1311
f  241//1312 283//1312 244//1312
f  131//1313 726//1313 283//1313
f  283//1314 726//1314 736//1314
f  283//1315 736//1315 286//1315
f  286//1316 736//1316 287//1316
f  716//1317 715//1317 736//1317
f  736//1318 715//1318 735//1318
f  736//1319 735//1319 287//1319
f  287//1320 735//1320 723//1320
f  287//1321 723//1321 289//1321
f  289//1322 723//1322 724//1322
f  289//1323 724//1323 714//1323
f  681//1324 680//1324 737//1324
f  676//1325 675//1325 738//1325
f  673//1326 709//1326 739//1326
f  740//1327 664//1327 670//1327
f  714//1328 725//1328 713//1328
f  713//1329 725//1329 741//1329
f  709//1330 710//1330 739//1330
f  739//1331 710//1331 711//1331
f  739//1332 711//1332 741//1332
f  741//1333 711//1333 712//1333
f  741//1334 712//1334 713//1334
f  705//1335 704//1335 742//1335
f  742//1336 704//1336 708//1336
f  742//1337 708//1337 739//1337
f  739//1338 708//1338 674//1338
f  739//1339 674//1339 673//1339
f  743//1340 703//1340 707//1340
f  743//1341 707//1341 742//1341
f  742//1342 707//1342 706//1342
f  742//1343 706//1343 705//1343
f  701//1344 700//1344 744//1344
f  744//1345 700//1345 699//1345
f  744//1346 699//1346 743//1346
f  743//1347 699//1347 702//1347
f  743//1348 702//1348 703//1348
f  745//1349 697//1349 744//1349
f  744//1350 697//1350 698//1350
f  744//1351 698//1351 701//1351
f  689//1352 696//1352 746//1352
f  746//1353 696//1353 695//1353
f  746//1354 695//1354 745//1354
f  745//1355 695//1355 694//1355
f  745//1356 694//1356 697//1356
f  747//1357 692//1357 691//1357
f  747//1358 691//1358 746//1358
f  746//1359 691//1359 690//1359
f  746//1360 690//1360 689//1360
f  675//1361 687//1361 738//1361
f  738//1362 687//1362 688//1362
f  738//1363 688//1363 747//1363
f  747//1364 688//1364 693//1364
f  747//1365 693//1365 692//1365
f  676//1366 738//1366 686//1366
f  686//1367 738//1367 748//1367
f  686//1368 748//1368 682//1368
f  680//1369 685//1369 737//1369
f  737//1370 685//1370 684//1370
f  737//1371 684//1371 748//1371
f  748//1372 684//1372 683//1372
f  748//1373 683//1373 682//1373
f  670//1374 679//1374 740//1374
f  740//1375 679//1375 678//1375
f  740//1376 678//1376 737//1376
f  737//1377 678//1377 677//1377
f  737//1378 677//1378 681//1378
f  671//1379 625//1379 672//1379
f  672//1380 625//1380 749//1380
f  672//1381 749//1381 665//1381
f  669//1382 668//1382 750//1382
f  750//1383 668//1383 667//1383
f  750//1384 667//1384 749//1384
f  749//1385 667//1385 666//1385
f  749//1386 666//1386 665//1386
f  612//1387 306//1387 625//1387
f  625//1388 306//1388 304//1388
f  625//1389 304//1389 749//1389
f  749//1390 304//1390 303//1390
f  749//1391 303//1391 750//1391
f  750//1392 303//1392 295//1392
f  750//1393 295//1393 669//1393
f  669//1394 295//1394 293//1394
f  669//1395 293//1395 670//1395
f  278//1396 277//1396 664//1396
f  751//1397 725//1397 271//1397
f  271//1398 270//1398 751//1398
f  751//1399 270//1399 256//1399
f  751//1400 256//1400 752//1400
f  752//1401 256//1401 753//1401
f  752//1402 753//1402 754//1402
f  754//1403 753//1403 755//1403
f  754//1404 755//1404 756//1404
f  756//1405 755//1405 757//1405
f  756//1406 757//1406 758//1406
f  758//1407 757//1407 759//1407
f  758//1408 759//1408 760//1408
f  760//1409 759//1409 275//1409
f  760//1410 275//1410 761//1410
f  761//1411 275//1411 274//1411
f  761//1412 274//1412 762//1412
f  762//1413 274//1413 273//1413
f  762//1414 273//1414 763//1414
f  763//1415 273//1415 261//1415
f  763//1416 261//1416 764//1416
f  764//1417 261//1417 259//1417
f  764//1418 259//1418 765//1418
f  765//1419 259//1419 278//1419
f  765//1420 278//1420 766//1420
f  766//1421 278//1421 664//1421
f  767//1422 68//1422 67//1422
f  67//1423 65//1423 767//1423
f  767//1424 65//1424 63//1424
f  767//1425 63//1425 768//1425
f  68//1426 767//1426 252//1426
f  252//1427 767//1427 769//1427
f  252//1428 769//1428 250//1428
f  250//1429 769//1429 770//1429
f  250//1430 770//1430 248//1430
f  248//1431 770//1431 771//1431
f  248//1432 771//1432 257//1432
f  257//1433 771//1433 772//1433
f  257//1434 772//1434 255//1434
f  63//1435 62//1435 768//1435
f  768//1436 62//1436 60//1436
f  768//1437 60//1437 59//1437
f  59//1438 56//1438 768//1438
f  768//1439 56//1439 52//1439
f  768//1440 52//1440 51//1440
f  260//1441 773//1441 774//1441
f  260//1442 774//1442 258//1442
f  258//1443 774//1443 775//1443
f  258//1444 775//1444 263//1444
f  263//1445 775//1445 776//1445
f  263//1446 776//1446 265//1446
f  265//1447 776//1447 777//1447
f  265//1448 777//1448 245//1448
f  13//1449 777//1449 12//1449
f  12//1450 777//1450 778//1450
f  13//1451 15//1451 777//1451
f  777//1452 15//1452 14//1452
f  777//1453 14//1453 245//1453
f  34//1454 25//1454 778//1454
f  778//1455 25//1455 24//1455
f  778//1456 24//1456 21//1456
f  21//1457 6//1457 778//1457
f  778//1458 6//1458 9//1458
f  778//1459 9//1459 12//1459
f  768//1460 51//1460 70//1460
f  771//1461 770//1461 769//1461
f  772//1462 30//1462 773//1462
f  773//1463 30//1463 32//1463
f  773//1464 32//1464 774//1464
f  769//1465 767//1465 771//1465
f  771//1466 767//1466 768//1466
f  771//1467 768//1467 772//1467
f  772//1468 768//1468 70//1468
f  772//1469 70//1469 30//1469
f  34//1470 778//1470 32//1470
f  32//1471 778//1471 777//1471
f  777//1472 776//1472 32//1472
f  32//1473 776//1473 775//1473
f  32//1474 775//1474 774//1474
f  772//1475 773//1475 255//1475
f  255//1476 773//1476 260//1476
f  779//1477 292//1477 294//1477
f  779//1478 780//1478 292//1478
f  292//1479 780//1479 781//1479
f  292//1480 781//1480 296//1480
f  781//1481 782//1481 296//1481
f  296//1482 782//1482 783//1482
f  296//1483 783//1483 319//1483
f  783//1484 784//1484 319//1484
f  319//1485 784//1485 785//1485
f  319//1486 785//1486 317//1486
f  785//1487 786//1487 317//1487
f  317//1488 786//1488 787//1488
f  317//1489 787//1489 327//1489
f  787//1490 788//1490 327//1490
f  327//1491 788//1491 789//1491
f  327//1492 789//1492 325//1492
f  789//1493 790//1493 325//1493
f  325//1494 790//1494 791//1494
f  325//1495 791//1495 334//1495
f  791//1496 792//1496 334//1496
f  334//1497 792//1497 793//1497
f  334//1498 793//1498 332//1498
f  793//1499 794//1499 332//1499
f  332//1500 794//1500 795//1500
f  332//1501 795//1501 312//1501
f  795//1502 796//1502 312//1502
f  312//1503 796//1503 797//1503
f  312//1504 797//1504 310//1504
f  797//1505 798//1505 310//1505
f  310//1506 798//1506 799//1506
f  310//1507 799//1507 288//1507
f  799//1508 800//1508 288//1508
f  288//1509 800//1509 801//1509
f  288//1510 801//1510 282//1510
f  801//1511 802//1511 282//1511
f  282//1512 802//1512 803//1512
f  282//1513 803//1513 281//1513
f  803//1514 804//1514 281//1514
f  281//1515 804//1515 805//1515
f  281//1516 805//1516 285//1516
f  805//1517 806//1517 285//1517
f  285//1518 806//1518 807//1518
f  285//1519 807//1519 284//1519
f  807//1520 808//1520 284//1520
f  284//1521 808//1521 809//1521
f  284//1522 809//1522 313//1522
f  809//1523 810//1523 313//1523
f  313//1524 810//1524 811//1524
f  313//1525 811//1525 299//1525
f  811//1526 812//1526 299//1526
f  299//1527 812//1527 813//1527
f  299//1528 813//1528 314//1528
f  813//1529 814//1529 314//1529
f  314//1530 814//1530 815//1530
f  314//1531 815//1531 324//1531
f  815//1532 816//1532 324//1532
f  324//1533 816//1533 817//1533
f  324//1534 817//1534 322//1534
f  817//1535 818//1535 322//1535
f  322//1536 818//1536 819//1536
f  322//1537 819//1537 323//1537
f  819//1538 820//1538 323//1538
f  323//1539 820//1539 821//1539
f  323//1540 821//1540 316//1540
f  821//1541 822//1541 316//1541
f  316//1542 822//1542 823//1542
f  316//1543 823//1543 315//1543
f  823//1544 824//1544 315//1544
f  315//1545 824//1545 825//1545
f  315//1546 825//1546 290//1546
f  825//1547 826//1547 290//1547
f  290//1548 826//1548 827//1548
f  290//1549 827//1549 291//1549
f  827//1550 828//1550 291//1550
f  291//1551 828//1551 829//1551
f  291//1552 829//1552 301//1552
f  301//1553 829//1553 830//1553
f  301//1554 830//1554 305//1554
f  305//1555 830//1555 831//1555
f  305//1556 831//1556 294//1556
f  294//1557 831//1557 832//1557
f  294//1558 832//1558 779//1558
f  833//1559 834//1559 835//1559
f  836//1560 837//1560 835//1560
f  835//1561 837//1561 838//1561
f  835//1562 838//1562 833//1562
f  839//1563 840//1563 835//1563
f  835//1564 840//1564 841//1564
f  835//1565 841//1565 836//1565
f  842//1566 843//1566 835//1566
f  835//1567 843//1567 844//1567
f  835//1568 844//1568 839//1568
f  845//1569 846//1569 835//1569
f  835//1570 846//1570 847//1570
f  835//1571 847//1571 842//1571
f  848//1572 849//1572 835//1572
f  835//1573 849//1573 850//1573
f  835//1574 850//1574 845//1574
f  851//1575 852//1575 835//1575
f  835//1576 852//1576 853//1576
f  835//1577 853//1577 848//1577
f  834//1578 854//1578 835//1578
f  835//1579 854//1579 855//1579
f  835//1580 855//1580 851//1580
f  856//1581 845//1581 857//1581
f  857//1582 845//1582 850//1582
f  857//1583 850//1583 858//1583
f  858//1584 850//1584 849//1584
f  858//1585 849//1585 859//1585
f  859//1586 849//1586 848//1586
f  859//1587 848//1587 860//1587
f  860//1588 848//1588 853//1588
f  860//1589 853//1589 861//1589
f  861//1590 853//1590 852//1590
f  861//1590 852//1590 862//1590
f  862//1591 852//1591 851//1591
f  862//1592 851//1592 863//1592
f  863//1593 851//1593 855//1593
f  863//1594 855//1594 864//1594
f  864//1595 855//1595 854//1595
f  864//1596 854//1596 865//1596
f  865//1597 854//1597 834//1597
f  865//1598 834//1598 866//1598
f  866//1599 834//1599 833//1599
f  866//1600 833//1600 867//1600
f  867//1601 833//1601 838//1601
f  867//1602 838//1602 868//1602
f  868//1603 838//1603 837//1603
f  868//1604 837//1604 869//1604
f  869//1605 837//1605 836//1605
f  869//1606 836//1606 870//1606
f  870//1607 836//1607 841//1607
f  870//1607 841//1607 871//1607
f  871//1608 841//1608 840//1608
f  871//1609 840//1609 872//1609
f  872//1610 840//1610 839//1610
f  872//1611 839//1611 873//1611
f  873//1612 839//1612 844//1612
f  873//1613 844//1613 874//1613
f  874//1614 844//1614 843//1614
f  874//1615 843//1615 875//1615
f  875//1616 843//1616 842//1616
f  875//1617 842//1617 876//1617
f  876//1618 842//1618 847//1618
f  876//1619 847//1619 877//1619
f  877//1620 847//1620 846//1620
f  877//1621 846//1621 856//1621
f  856//1622 846//1622 845//1622
f  878//1623 867//1623 868//1623
f  859//1624 879//1624 858//1624
f  858//1625 879//1625 880//1625
f  858//1626 880//1626 857//1626
f  857//1627 880//1627 881//1627
f  857//1628 881//1628 856//1628
f  856//1629 881//1629 882//1629
f  856//1630 882//1630 877//1630
f  877//1631 882//1631 883//1631
f  877//1632 883//1632 876//1632
f  872//1633 884//1633 871//1633
f  871//1634 884//1634 885//1634
f  871//1635 885//1635 870//1635
f  870//1636 885//1636 886//1636
f  870//1637 886//1637 869//1637
f  869//1638 886//1638 887//1638
f  869//1639 887//1639 868//1639
f  868//1640 887//1640 888//1640
f  868//1641 888//1641 878//1641
f  878//1642 889//1642 867//1642
f  867//1643 889//1643 890//1643
f  867//1644 890//1644 866//1644
f  866//1645 890//1645 891//1645
f  866//1646 891//1646 865//1646
f  865//1647 891//1647 892//1647
f  865//1648 892//1648 864//1648
f  864//1649 892//1649 893//1649
f  864//1650 893//1650 863//1650
f  883//1651 894//1651 876//1651
f  876//1652 894//1652 895//1652
f  876//1653 895//1653 875//1653
f  875//1654 895//1654 896//1654
f  875//1655 896//1655 874//1655
f  874//1656 896//1656 897//1656
f  874//1657 897//1657 873//1657
f  873//1658 897//1658 898//1658
f  873//1659 898//1659 872//1659
f  872//1660 898//1660 899//1660
f  872//1661 899//1661 884//1661
f  893//1662 900//1662 863//1662
f  863//1663 900//1663 901//1663
f  863//1664 901//1664 862//1664
f  862//1665 901//1665 902//1665
f  862//1666 902//1666 861//1666
f  861//1667 902//1667 903//1667
f  861//1668 903//1668 860//1668
f  860//1669 903//1669 904//1669
f  860//1670 904//1670 859//1670
f  859//1671 904//1671 905//1671
f  859//1672 905//1672 879//1672
f  882//1673 831//1673 830//1673
f  882//1674 830//1674 883//1674
f  883//1675 830//1675 829//1675
f  883//1676 829//1676 894//1676
f  829//1677 828//1677 894//1677
f  894//1678 828//1678 827//1678
f  894//1679 827//1679 895//1679
f  895//1680 827//1680 826//1680
f  826//1681 825//1681 895//1681
f  895//1682 825//1682 824//1682
f  895//1683 824//1683 896//1683
f  896//1684 824//1684 823//1684
f  896//1685 823//1685 897//1685
f  897//1686 823//1686 822//1686
f  822//1687 821//1687 897//1687
f  897//1688 821//1688 820//1688
f  897//1689 820//1689 898//1689
f  898//1690 820//1690 819//1690
f  898//1691 819//1691 899//1691
f  819//1692 818//1692 899//1692
f  899//1693 818//1693 817//1693
f  899//1694 817//1694 884//1694
f  817//1695 816//1695 884//1695
f  884//1696 816//1696 815//1696
f  884//1697 815//1697 885//1697
f  885//1698 815//1698 814//1698
f  814//1699 813//1699 885//1699
f  885//1700 813//1700 812//1700
f  885//1701 812//1701 886//1701
f  886//1702 812//1702 811//1702
f  886//1703 811//1703 887//1703
f  887//1704 811//1704 810//1704
f  810//1705 809//1705 887//1705
f  887//1706 809//1706 808//1706
f  887//1707 808//1707 888//1707
f  888//1708 808//1708 807//1708
f  888//1709 807//1709 878//1709
f  807//1710 806//1710 878//1710
f  878//1711 806//1711 805//1711
f  878//1712 805//1712 889//1712
f  889//1713 805//1713 804//1713
f  889//1714 804//1714 890//1714
f  804//1715 803//1715 890//1715
f  890//1716 803//1716 802//1716
f  890//1717 802//1717 891//1717
f  802//1718 801//1718 891//1718
f  891//1719 801//1719 800//1719
f  891//1720 800//1720 892//1720
f  800//1721 799//1721 892//1721
f  892//1722 799//1722 798//1722
f  892//1723 798//1723 893//1723
f  798//1724 797//1724 893//1724
f  893//1725 797//1725 796//1725
f  893//1726 796//1726 900//1726
f  796//1727 795//1727 900//1727
f  900//1728 795//1728 794//1728
f  900//1729 794//1729 901//1729
f  794//1730 793//1730 901//1730
f  901//1731 793//1731 792//1731
f  901//1732 792//1732 902//1732
f  792//1733 791//1733 902//1733
f  902//1734 791//1734 790//1734
f  902//1735 790//1735 903//1735
f  790//1736 789//1736 903//1736
f  903//1737 789//1737 788//1737
f  903//1738 788//1738 904//1738
f  788//1739 787//1739 904//1739
f  904//1740 787//1740 786//1740
f  904//1741 786//1741 905//1741
f  786//1742 785//1742 905//1742
f  905//1743 785//1743 784//1743
f  905//1744 784//1744 879//1744
f  784//1745 783//1745 879//1745
f  879//1746 783//1746 782//1746
f  879//1747 782//1747 880//1747
f  782//1748 781//1748 880//1748
f  880//1749 781//1749 780//1749
f  880//1750 780//1750 881//1750
f  881//1751 780//1751 779//1751
f  881//1752 779//1752 882//1752
f  882//1753 779//1753 832//1753
f  882//1754 832//1754 831//1754

