# File produced by Open Asset Import Library (http://www.assimp.sf.net)
# (assimp v5.2.0)

mtllib right_shoulder_yaw_link.mtl

# 2501 vertex positions
v  7.62130658e-05 -0.0224783048 -0.0535925105
v  7.61098781e-05 0.0262123942 -0.0535927564
v  1.0328612e-05 0.0262123942 -0.05258964
v  1.04359851e-05 -0.0224783048 -0.0525896326
v  -2.96976441e-06 0.0262124985 -0.0512548499
v  -2.84143675e-06 -0.0224782974 -0.0512548909
v  -2.76813626e-06 -0.0224905759 -0.0502620414
v  1.69079317e-06 -0.0319862515 0.031573873
v  3.49595962e-06 -0.0331063718 0.0292830151
v  3.27647786e-06 -0.0239999965 0.0315738544
v  2.69022689e-06 -0.0329064988 0.0233647805
v  9.45731244e-07 -0.0240000039 -5.89454441e-09
v  1.56307328e-06 -0.0324950404 0.00810894184
v  3.37021606e-06 -0.0323447473 0.00392301148
v  4.40665053e-06 -0.0242805257 -0.0361573026
v  -2.05003175e-06 -0.0233508293 -0.0405641571
v  -1.44509056e-06 0.0269165132 -0.0308673363
v  1.36253504e-07 0.0304844417 -0.00933775306
v  5.00027454e-06 0.0310098585 -0.00421863794
v  8.39597021e-07 0.0239999965 2.91891689e-09
v  8.13448025e-07 0.0313165262 -0.000139847674
v  3.92797938e-06 0.0315746926 0.00392393721
v  -2.40012719e-06 -0.0227526091 -0.0452869609
v  2.98354439e-06 0.0321498588 0.0292829871
v  2.18788159e-06 0.0309601054 0.0315736979
v  2.82749693e-06 0.0321373977 0.0271700621
v  3.17034073e-06 0.0239999965 0.0315737166
v  1.72119644e-06 0.0318992585 0.0121785542
v  1.35698474e-06 0.03172886 0.00723837269
v  -2.37800555e-06 0.0262039192 -0.0435266159
v  -1.99774968e-06 0.0262840446 -0.0383730046
v  5.34435912e-06 0.0264108405 -0.0361572057
v  -1.35094569e-06 0.0270894114 -0.0295820963
v  -8.69806399e-07 0.0281815212 -0.0230330061
v  -1.49207767e-06 -0.0251088142 -0.0330546983
v  -3.92733398e-07 0.0293799639 -0.0165383518
v  -9.67543315e-07 -0.0272110663 -0.0260161795
v  -7.45614273e-07 -0.0281077493 -0.0230366625
v  -6.3335159e-07 -0.0285450388 -0.0215274431
v  7.82381449e-07 -0.0319546387 -0.00244757766
v  3.56461612e-07 -0.0313744582 -0.00819924753
v  2.72077926e-07 -0.0312177427 -0.0093384413
v  -1.32899643e-07 -0.0302408393 -0.0147971241
v  -5.54461735e-07 -0.0288424436 -0.0204665251
v  0.0318759009 -0.0224782359 -0.109239511
v  0.0318757929 0.0262124706 -0.109239511
v  0.0308269151 -0.0224782359 -0.10742832
v  0.0308267623 0.0262124706 -0.107428245
v  -0.0226839986 -0.0186131801 -0.0741722286
v  -0.0245696418 -0.0164639372 -0.0743341818
v  -0.0238290839 -0.0164969601 -0.080818072
v  -0.0217258446 -0.0196605865 -0.0361572728
v  -0.0216146596 -0.0189850964 -0.0419488959
v  -0.0190965608 -0.0203623399 -0.0418611765
v  -0.0236307122 -0.0181948002 -0.0361557007
v  -0.0238319226 -0.0180177968 -0.0361553393
v  -0.0238788966 -0.0172572304 -0.042006921
v  -0.0124303494 -0.0224777497 -0.0625240803
v  -0.0103367092 -0.0224781111 -0.0596622936
v  -0.0155844688 -0.0216173325 -0.0608738326
v  -0.00525696855 -0.0224778466 -0.0546590015
v  -0.00438768463 -0.0224757586 -0.0539266393
v  -0.0100122839 -0.0221763737 -0.0542401075
v  -0.00230707857 -0.0224774294 -0.0525747277
v  -0.0143153127 -0.0224781353 -0.0658148602
v  -0.015746098 -0.0224782061 -0.0691156462
v  -0.018252762 -0.0206892639 -0.0610058941
v  -0.0167917311 -0.0224784482 -0.072480686
v  -0.0172541495 -0.0224540029 -0.0867615119
v  -0.0172854103 -0.022478113 -0.0864302441
v  -0.0177236684 -0.0224789456 -0.0828574523
v  -0.0164744575 -0.0224787239 -0.0898861587
v  -0.0165574159 -0.0223933998 -0.0899204984
v  -0.0156283621 -0.0222378913 -0.0929981992
v  -0.0153059168 -0.0224789158 -0.0932151303
v  -0.0144569743 -0.0219795257 -0.0959583074
v  -0.0137316184 -0.022478655 -0.0965058282
v  -0.0130390609 -0.0216135532 -0.0987664536
v  -0.0118547035 -0.0224785041 -0.0995309204
v  -0.01277724 -0.0188157558 -0.101427704
v  -0.00969388057 -0.0224786419 -0.102302484
v  -0.0107805794 -0.0181502681 -0.103808559
v  -0.00856151991 -0.017391609 -0.105952486
v  -0.00707397889 -0.0224783178 -0.104994342
v  -0.00825722236 -0.0224784985 -0.103853732
v  0.00419015903 -0.0187998898 -0.112110682
v  0.00170185941 -0.0224788934 -0.110777698
v  0.00137158739 -0.0197722558 -0.111032456
v  -0.00142457709 -0.0224793386 -0.109164566
v  -0.00128366333 -0.0206691604 -0.109660968
v  -0.00426969025 -0.0224786494 -0.1072964
v  -0.00375301111 -0.0214764047 -0.108000413
v  -0.00601662742 -0.0221823882 -0.106061578
v  0.0102977632 -0.0224783812 -0.113316447
v  0.00921951886 -0.0224783681 -0.113133788
v  0.00714714127 -0.0177686121 -0.112898819
v  0.00821019243 -0.0224784352 -0.112929285
v  0.00490203872 -0.0224783737 -0.112023167
v  0.0152871134 -0.0150780231 -0.113696031
v  0.0152872521 -0.0200244114 -0.113696128
v  0.013367611 -0.015606354 -0.113658331
v  0.0152885709 -0.0208631456 -0.113696516
v  0.0123443455 -0.0218023118 -0.113569744
v  0.0152904801 -0.000604882429 -0.113696925
v  0.0152898952 -0.00300456537 -0.113694765
v  0.0110670282 -0.000605262525 -0.113572299
v  0.00993263442 -0.00479126163 -0.113482639
v  0.00599904032 -0.000604183588 -0.113071643
v  0.00357617927 -0.00699965423 -0.112550341
v  0.00192168192 -0.000603616878 -0.112347275
v  0.00217123283 -0.00134325051 -0.112398498
v  -0.00245716749 -0.000603430555 -0.111193396
v  -0.00397674134 -0.00343296234 -0.110615283
v  -0.00973446853 -0.00541240443 -0.107874334
v  -0.00966464356 -0.00060153479 -0.108208694
v  -0.00691800937 -0.00444095628 -0.109370768
v  -0.00650916668 -0.000602736778 -0.109707899
v  -0.00457568374 -0.000603225373 -0.110472448
v  -0.0103817461 -0.00250999467 -0.107765689
v  -0.0155930901 -0.00429136166 -0.104045384
v  -0.012909268 -0.000601293927 -0.106275439
v  -0.0161176939 -0.00136351539 -0.10385076
v  -0.0159875266 -0.000601067441 -0.103971936
v  -0.0162195042 -0.000601000735 -0.103775933
v  -0.0208541602 -0.000599256076 -0.0989792421
v  -0.018722631 -0.000599886582 -0.101417117
v  -0.0184583757 -0.00215813052 -0.101635791
v  -0.0233895089 -0.00059970608 -0.0953565389
v  -0.0211121142 -0.000599271269 -0.0986510813
v  -0.0205832589 -0.00288803689 -0.0991823301
v  -0.0281658862 -0.000600372907 -0.0843431279
v  -0.027203463 -0.000599158055 -0.087298587
v  -0.0271229185 -0.00208597351 -0.0873979926
v  -0.0267820284 -0.000598971499 -0.0884325877
v  -0.0309158936 -0.00306512718 -0.0681350976
v  -0.0310235098 -0.000601458887 -0.0684760883
v  -0.0302965734 -0.000600603409 -0.0744613931
v  -0.0259303823 -0.0159077737 -0.0361535996
v  -0.0261115115 -0.0157015789 -0.0361537151
v  -0.0258963034 -0.0152811008 -0.0420509726
v  -0.0280056503 -0.0132583966 -0.0361561365
v  -0.0292134881 -0.010796275 -0.0421102308
v  -0.0295783971 -0.0106647704 -0.03615712
v  -0.0303292684 -0.00821264926 -0.048597537
v  -0.0307962447 -0.00793932751 -0.0361570679
v  -0.0312638283 -0.00561172003 -0.0486005284
v  -0.0316260606 -0.00506122177 -0.0361566655
v  -0.0318024345 -0.00290191523 -0.0485817418
v  -0.0320194662 -0.00220767991 -0.0361566283
v  -0.0319171846 -0.000603411871 -0.0498814806
v  -0.0320719406 -0.000603741442 -0.0361574329
v  -0.0197664872 -0.0208048802 -0.0361599959
v  -0.016392203 -0.0213738326 -0.0417394862
v  -0.0169789903 -0.0219677258 -0.036161866
v  -0.0137171755 -0.0228912644 -0.0361588039
v  -0.0107365847 -0.0226006657 -0.0414321274
v  -0.0112242289 -0.0233884882 -0.0361575112
v  -0.00975743029 -0.023615744 -0.03615693
v  -0.00500140199 -0.023176197 -0.0410901867
v  -0.00531012425 -0.0240904484 -0.0361567773
v  -0.0045367321 -0.0225608479 -0.0475270078
v  0.0152905295 -0.00909863412 -0.113695726
v  0.0115436977 -0.0102715855 -0.113575943
v  0.00521733193 -0.0125056012 -0.112699062
v  -0.00613586325 -0.0165467095 -0.107841931
v  -0.00352260517 -0.0156243611 -0.109464668
v  -0.000743341399 -0.0146350907 -0.110814206
v  0.0119767236 -0.0224788915 -0.113528714
v  0.0152903982 -0.0224783421 -0.113695882
v  -0.0174607337 -0.0224786215 -0.0758542567
v  -0.0182972811 -0.0218980964 -0.0738489404
v  -0.0205885936 -0.0204468463 -0.0740085319
v  -0.0315501764 -0.000603334222 -0.0612131953
v  -0.0313833617 -0.00302026514 -0.0616094358
v  -0.0308366809 -0.00579029322 -0.061628487
v  -0.0250732787 -0.0108240033 -0.0875073746
v  -0.0238806959 -0.0135720214 -0.0873908475
v  -0.025361836 -0.0140007874 -0.0809734836
v  -0.0207754467 -0.0193796866 -0.0611321889
v  -0.0220936108 -0.0187551528 -0.080649443
v  -0.0224897005 -0.0161566772 -0.0872328952
v  -0.0244804919 -0.00117355841 -0.0934497565
v  -0.0241306759 -0.00412535854 -0.0936495811
v  -0.0267286301 -0.00503360108 -0.087524727
v  -0.026035184 -0.00796149205 -0.0875579119
v  -0.0277332757 -0.0084997071 -0.0811600909
v  -0.0266743936 -0.0113170752 -0.0810938179
v  -0.0276660733 -0.011458464 -0.0746005401
v  -0.0262368862 -0.0140619325 -0.0744829699
v  -0.0267293844 -0.0138412965 -0.067971617
v  -0.0249514375 -0.0161488131 -0.0678400025
v  -0.0251702704 -0.0157064609 -0.0613653809
v  -0.0230860822 -0.0176931322 -0.0612510256
v  -0.0232575126 -0.0172635373 -0.0548346266
v  -0.0209155791 -0.0189323295 -0.054745134
v  -0.0212076139 -0.0187669694 -0.0483616181
v  -0.0183499958 -0.0202374421 -0.0546405166
v  -0.0186463632 -0.0200962815 -0.0482710265
v  -0.0156291034 -0.0211694986 -0.054519143
v  -0.0159145165 -0.0210569836 -0.0481533296
v  -0.0102432007 -0.0221513007 -0.0478616767
v  -0.0289432071 -0.00267581409 -0.0810816363
v  -0.0284997858 -0.00560263963 -0.0811584964
v  -0.0296588335 -0.00586462393 -0.0746863335
v  -0.0288206153 -0.00870788284 -0.0746717453
v  -0.0294918828 -0.00866422057 -0.0681432262
v  -0.0282563325 -0.0113299321 -0.0680767149
v  -0.0286102779 -0.0110612921 -0.0615551285
v  -0.0270193964 -0.0134823704 -0.0614705645
v  -0.0253659282 -0.0153154973 -0.0549173318
v  -0.0256104339 -0.0151382983 -0.0484860465
v  -0.0290413275 -0.0106810834 -0.0485748351
v  -0.0298993159 -0.0084837433 -0.0616097599
v  -0.0303902458 -0.00589373149 -0.0681635067
v  -0.0301482733 -0.00297926064 -0.0746399239
v  -0.0293421131 -0.000600879663 -0.0797139332
v  -0.0235296208 -0.0170829035 -0.0484289564
v  -0.0148837697 -0.00720765162 -0.104106568
v  -0.0171666443 -0.00801285449 -0.101841137
v  -0.0123984953 -0.00633780053 -0.10611973
v  -0.0200139508 -0.00583179016 -0.0993224457
v  -0.0192274712 -0.00874506216 -0.0993370563
v  -0.0182630681 -0.0115910778 -0.0992522687
v  -0.021554755 -0.0127656953 -0.093599841
v  -0.0226325486 -0.00996309426 -0.0937089324
v  -0.0235041231 -0.00706866477 -0.0937326625
v  -0.015910659 -0.0169429444 -0.0989549682
v  -0.0188502204 -0.0149306962 -0.0963595137
v  -0.0171528645 -0.0143342083 -0.0991081297
v  -0.00250590569 -0.00913861394 -0.110711806
v  -0.00538258255 -0.0101563158 -0.109416246
v  -0.00811563898 -0.0111257527 -0.107860267
v  -0.0106804408 -0.012037022 -0.106043324
v  -0.0130542303 -0.0128808934 -0.103970572
v  -0.0152170788 -0.0136490138 -0.101653077
v  -0.0175248198 -0.0174853634 -0.0961914584
v  -0.0188949239 -0.0179311261 -0.0932635516
v  -0.0203035101 -0.0154343648 -0.0934378058
v  -0.0200227331 -0.0182796791 -0.0902069211
v  -0.0209167954 -0.0185327157 -0.0870623887
v  -0.0201628134 -0.0207167976 -0.0804821774
v  -0.0180479325 -0.0223212764 -0.0803257748
v  -0.0177805182 -0.0224788114 -0.0794240385
v  -0.0145394709 -0.0193831194 -0.0988323167
v  -0.0160596184 -0.0198495276 -0.096049279
v  -0.0173349772 -0.0202144124 -0.0931094438
v  -0.0183683895 -0.0204796176 -0.0900472552
v  -0.0191688277 -0.020649476 -0.0869003087
v  -0.00793201383 -0.0224789921 -0.0570250116
v  -0.0251956135 -0.00059952162 -0.0920716673
v  0.0268777348 -0.0224782452 -0.111600772
v  0.0268776268 0.0262124613 -0.111600764
v  0.0206961352 -0.0224782638 -0.113251224
v  0.0206960272 0.0262124501 -0.113251224
v  0.015290414 0.0180129111 -0.113695741
v  0.0152903944 0.0233462304 -0.113695741
v  0.0152903926 0.024078384 -0.113695741
v  0.0152903851 0.0262125134 -0.113695979
v  0.0152904354 0.0117839724 -0.113695741
v  0.000420902797 -0.0224781707 -0.054891482
v  -0.00734718191 -0.0224781744 -0.0992018655
v  -0.00490316423 -0.0224781707 -0.101829886
v  -0.00224384037 -0.0224781744 -0.104073547
v  0.000695027353 -0.0224781707 -0.106005058
v  0.00378811336 -0.0224781726 -0.107546799
v  0.00702816574 -0.0224781688 -0.108709365
v  0.000607315218 -0.0224782377 -0.0552509613
v  -0.00223785709 -0.0224781688 -0.0571270511
v  -0.00485659949 -0.0224781744 -0.0593313426
v  -0.00720282737 -0.0224781726 -0.061828997
v  0.0103554316 -0.0224781707 -0.109480068
v  0.0299731754 -0.0224782079 -0.105954252
v  0.0295517258 -0.0224781707 -0.106193669
v  0.0136070121 -0.0224781726 -0.109849758
v  0.0169506054 -0.0224781726 -0.109851442
v  0.0203086529 -0.0224781744 -0.109465338
v  0.0235293396 -0.0224781688 -0.108716279
v  0.0266500656 -0.0224781688 -0.10760697
v  -0.00929292664 -0.0224781707 -0.0646620393
v  -0.0108878976 -0.0224781744 -0.0674442649
v  -0.012267434 -0.0224781707 -0.0706499219
v  -0.0132381776 -0.0224781744 -0.0739233047
v  -0.0138218151 -0.0224781688 -0.0772876665
v  -0.0140099684 -0.0224781707 -0.080662705
v  -0.0138080595 -0.0224781726 -0.0840346664
v  -0.0132344272 -0.0224781726 -0.0872987583
v  -0.0122766076 -0.0224781726 -0.0905287936
v  -0.0110141477 -0.0224781707 -0.0935072899
v  -0.00934388582 -0.0224781688 -0.0964639783
v  -0.00399477826 0.0262123868 -0.053705506
v  -0.000945242704 0.0262123924 -0.0517651066
v  -0.0174536537 0.0262123626 -0.0854096785
v  -0.00935530756 0.0262123737 -0.0585163608
v  -0.00680643739 0.0262123793 -0.055964645
v  0.00717020687 0.026212411 -0.112685323
v  0.00458899094 0.0262124054 -0.111917853
v  0.0458402559 0.0262124967 -0.0753401443
v  -0.0167240761 0.0262123626 -0.0889832303
v  0.01164681 0.0262124334 -0.113495916
v  0.00807707198 0.026212411 -0.112901822
v  -0.0135640688 0.0262123644 -0.0643927753
v  -0.0177157205 0.0262123663 -0.0781925842
v  -0.0151787959 0.0262123607 -0.0676851794
v  -0.0172559302 0.0262123682 -0.0745986775
v  -0.016408233 0.0262123719 -0.0710848123
v  -0.0141499359 0.0262123644 -0.0957235619
v  0.0322811231 0.0262124725 -0.106531516
v  -0.015621759 0.0262123626 -0.0924276188
v  0.00158732536 0.0262123961 -0.0527955741
v  0.00835578702 0.026212424 -0.0503881425
v  -0.017784182 0.0262123644 -0.081805855
v  -0.0116192605 0.02621237 -0.0613341853
v  0.0449606404 0.0262125023 -0.0895839483
v  0.0420966633 0.0262124948 -0.0961722285
v  0.0377931222 0.0262124855 -0.10192439
v  0.0154966405 0.0262124371 -0.0496032909
v  0.0226264074 0.0262124501 -0.0504831821
v  0.0293622036 0.0262124613 -0.0529805422
v  -0.00493659917 0.0262123905 -0.106794521
v  -0.00769750355 0.0262123868 -0.104410566
v  0.00122051965 0.0262123998 -0.110559233
v  -0.00195832923 0.0262123961 -0.108848862
v  -0.0101594804 0.0262123831 -0.101759546
v  -0.0123174237 0.0262123663 -0.0988509879
v  0.0462312475 0.0262125079 -0.0825133547
v  0.0353423022 0.0262124855 -0.0569612682
v  0.0402455591 0.0262124911 -0.0622115806
v  0.0438086577 0.0262124948 -0.0684495494
v  -0.0320602395 0.000293487305 -0.0361572988
v  -0.0321644396 -0.000604184926 -0.0276788957
v  -0.0324200727 -0.000602327753 -0.0051013804
v  -0.0324306749 -0.000602208194 -0.0042185015
v  -0.0322543234 0.0046915859 -0.00421887962
v  -0.000976643059 0.0310080089 -0.00421888707
v  -0.00598932849 0.0297111478 -0.0124716163
v  -0.0124599691 0.0286083017 -0.0122834044
v  -0.00921035279 0.0302695818 -0.00421811221
v  -0.00531661278 0.030775588 -0.0042181001
v  -0.0155719034 0.0276553817 -0.0121577997
v  -0.0131260902 0.0293980818 -0.00421873434
v  -0.0124104749 0.0295910668 -0.0042186291
v  -0.0237619281 0.0225942042 -0.011664913
v  -0.021040082 0.0257101636 -0.00422227103
v  -0.0212816019 0.0246640984 -0.0118449694
v  -0.0187162887 0.0271610487 -0.00422371831
v  -0.018532142 0.0263533145 -0.0120109944
v  -0.0166851636 0.0281471368 -0.00422252249
v  -0.0162581354 0.0283264741 -0.00422205403
v  -0.0314576216 0.0098206792 -0.00421740767
v  -0.0309751742 0.0115906252 -0.00421633013
v  -0.0306740068 0.0117928609 -0.0109418714
v  -0.0298826043 0.0145414593 -0.00421438646
v  -0.0294360295 0.0147843007 -0.0111178802
v  -0.0285253655 0.0172376335 -0.00421346072
v  -0.0278481562 0.0176006686 -0.0112969652
v  -0.0269149095 0.0197369624 -0.00421456667
v  -0.0259464681 0.0202144235 -0.0114798713
v  -0.0250786971 0.0220410433 -0.00421746541
v  -0.0233022757 0.0238687042 -0.00421911059
v  -0.0304275788 0.0111619877 -0.0196090918
v  -0.0313628986 0.00810927432 -0.0194355175
v  -0.0317956135 0.00821647886 -0.00421816017
v  -0.0319461823 0.00494384952 -0.01926581
v  -0.0323001556 -0.000602935615 -0.0155760646
v  -0.0318214111 0.00346561708 -0.0361564718
v  -0.00590912066 0.0268346965 -0.0295755267
v  -0.0321154892 0.00136567419 -0.0277642664
v  -0.0317975804 0.00458248518 -0.027909575
v  -0.0312523656 0.0065158112 -0.0361564234
v  -0.0311359465 0.00770650711 -0.0280667804
v  -0.0303494856 0.00942104775 -0.0361571461
v  -0.0301079061 0.0107060382 -0.0282335319
v  -0.0290699396 0.0122809699 -0.0361573063
v  -0.0287224054 0.0135450698 -0.028406743
v  -0.0274017341 0.0150619773 -0.0361574292
v  -0.0270145237 0.0161899086 -0.0285827294
v  -0.0253562145 0.0177090522 -0.0361582153
v  -0.0250364784 0.0186080728 -0.0287576802
v  -0.0231027845 0.0200233702 -0.0361580998
v  -0.0228380952 0.0207669865 -0.0289249755
v  -0.0209396277 0.0217749476 -0.0361573063
v  -0.0204224214 0.0226011313 -0.0290790275
v  -0.0186553765 0.0231746174 -0.0361572057
v  -0.0177948177 0.0240655914 -0.0292174537
v  -0.0161525719 0.0242877677 -0.0361575373
v  -0.0149873067 0.0251710247 -0.0293380897
v  -0.0133126928 0.0251545738 -0.0361577868
v  -0.0120415455 0.0259608068 -0.0294389091
v  -0.00992471538 0.0258031972 -0.0361580774
v  -0.00564485323 0.0262379162 -0.036159236
v  -0.00602305448 0.0282242466 -0.0210026484
v  -0.0123373559 0.0272025969 -0.0208553299
v  -0.0153705878 0.0263174772 -0.0207493957
v  -0.0182569008 0.0251027755 -0.0206223056
v  -0.0209453106 0.0235186424 -0.0204757433
v  -0.0233898647 0.0215637404 -0.0203131512
v  -0.0255735777 0.0192962121 -0.020140091
v  -0.0275010671 0.016786227 -0.0199628007
v  -0.0291331261 0.0140651232 -0.0197852943
v  -0.0321832038 -0.000604042667 -0.0260225255
v  -0.0236328617 -0.0235733856 -0.0115680974
v  -0.0239567589 -0.0240830109 -0.00629194733
v  -0.0261252448 -0.0216307677 -0.00619345345
v  -0.0279714465 -0.0189263001 -0.00607087091
v  -0.0273262206 -0.0179515891 -0.0165992994
v  -0.00579701178 -0.0307397544 -0.011385343
v  -0.00604306906 -0.031430684 -0.00619244762
v  -0.012530488 -0.0302741695 -0.00638642162
v  -0.021439068 -0.0261641778 -0.00636343285
v  -0.00547528546 -0.0296739955 -0.0165034067
v  -0.0127117233 -0.0305781141 -0.0010826923
v  -0.0128466319 -0.0307064559 0.00392103102
v  -0.0162060205 -0.0295575541 0.00392267667
v  -0.0321366228 -0.00654883683 -0.00542230997
v  -0.0321375094 -0.00224547251 -0.0261206944
v  -0.0325260013 -0.000601653475 0.00392349483
v  -0.0324773937 -0.000611080148 -0.000147145605
v  -0.0324918032 -0.00313336076 0.00392288435
v  -0.0321943499 -0.00705758855 0.00392118143
v  -0.0315951072 -0.00980467256 -0.00559877884
v  -0.0315197781 -0.0108015491 0.00391953066
v  -0.0307204407 -0.0129744317 -0.0057685636
v  -0.0304865912 -0.0142837921 0.00391894532
v  -0.0295080636 -0.0160294808 -0.00592765631
v  -0.0290715117 -0.0175896343 0.0039191274
v  -0.0273520239 -0.0205579046 0.00392065896
v  -0.0255726296 -0.0229551569 0.00392214488
v  -0.0238521174 -0.0247960873 0.0039239591
v  -0.0217606798 -0.0265237987 0.00392509531
v  -0.00925680716 -0.0315382108 0.00392055744
v  -0.00621828623 -0.0317810066 -0.000931737944
v  -0.00632175338 -0.0319744572 0.00392133417
v  -0.00526119396 -0.0320862383 0.00392180448
v  -0.00462478865 -0.0268243309 -0.0266017336
v  -0.0108893309 -0.0258420724 -0.0269342344
v  -0.0139350593 -0.0250588804 -0.027035173
v  -0.0168740712 -0.0240359418 -0.0270964187
v  -0.0196530651 -0.022727849 -0.027122844
v  -0.0222052354 -0.0210782737 -0.0271186661
v  -0.0244794637 -0.0190542974 -0.0270814579
v  -0.0265100785 -0.0167274699 -0.0269972272
v  -0.0322493427 -0.00271187467 -0.0157004893
v  -0.031940531 -0.00593766244 -0.0158917364
v  -0.0317623988 -0.00537469331 -0.0263087098
v  -0.0312958471 -0.00911338162 -0.0160866845
v  -0.0309828818 -0.00842858106 -0.0265044942
v  -0.030298993 -0.0121992696 -0.0162761565
v  -0.0298145916 -0.0113664698 -0.0266946703
v  -0.0289644208 -0.0151613718 -0.0164506286
v  -0.0283028949 -0.0141500188 -0.0268643796
v  -0.0118685029 -0.0285702031 -0.0167774465
v  -0.0149531635 -0.0276136883 -0.0168408509
v  -0.0179119539 -0.0263561327 -0.0168600604
v  -0.0206880495 -0.0247736573 -0.0168420933
v  -0.023207929 -0.0228339173 -0.0167930499
v  -0.0254107807 -0.020528309 -0.0167138223
v  -0.0190699827 -0.0282111038 0.00392434234
v  -0.0186441801 -0.0278737675 -0.00640643248
v  -0.0182618052 -0.0286314636 0.00392390927
v  -0.0156542342 -0.0292384103 -0.00641625188
v  -0.0122472737 -0.0296122469 -0.0116218012
v  -0.0153544554 -0.0286038015 -0.0116664739
v  -0.0183303375 -0.0272741318 -0.0116676819
v  -0.0211157929 -0.0256062653 -0.0116328923
v  -0.00174712134 -0.0331021957 0.0292830355
v  -0.00612652861 -0.0328908972 0.0292838514
v  -0.00645690178 -0.0317279883 0.0315739438
v  -0.00981794111 -0.0323679559 0.0292822421
v  -0.0111250281 -0.0309155639 0.0315739922
v  -0.0115361502 -0.0319786817 0.0292834081
v  -0.0153387552 -0.0294441339 0.0315740444
v  -0.0155092068 -0.0306330249 0.0292823091
v  -0.0131864995 -0.0315011106 0.0292843487
v  -0.0281390306 -0.0190424472 0.0292838365
v  -0.0264545046 -0.0217108987 0.0292820316
v  -0.026121784 -0.0199112706 0.0315741338
v  -0.024329124 -0.024361901 0.0292812884
v  -0.023308536 -0.0236162152 0.0315741114
v  -0.0221794602 -0.0264628492 0.0292824991
v  -0.0228904653 -0.0240666009 0.031574104
v  -0.0207499657 -0.0276155863 0.0292820539
v  -0.019432418 -0.0270822104 0.0315740779
v  -0.0182196051 -0.029280914 0.0292827636
v  -0.0159104597 -0.0304574296 0.0292821229
v  -0.0295839496 -0.016153859 0.0292830747
v  -0.0283974782 -0.0156393945 0.0315741487
v  -0.0307936724 -0.0130327465 0.0292836186
v  -0.0301650763 -0.0107415644 0.0315741524
v  -0.0313825682 -0.0111433994 0.0292830337
v  -0.0313366093 -0.00521106739 0.0315741412
v  -0.0324882157 -0.0058868085 0.0292828586
v  -0.032313481 -0.00704263896 0.0292830355
v  -0.0318130963 -0.009499765 0.0292830113
v  -0.0326755084 -0.00417032931 0.0292828176
v  -0.0316506773 -0.000595895399 0.0315741301
v  -0.0328037515 -0.000602596556 0.0292829219
v  -0.0117736841 0.0302454084 0.0292835347
v  -0.0138813993 0.0294213854 0.0292829052
v  -0.0133573562 0.0282855164 0.0315738618
v  -0.0319242179 0.00692725973 0.0292814113
v  -0.0323855318 0.00462654931 0.0292815119
v  -0.0312343147 0.0044375835 0.0315741226
v  -0.0325437896 0.00355581148 0.0292819627
v  -0.0328106955 -0.000208572586 0.0292833839
v  -0.032598272 0.00311636855 0.0292822458
v  -0.0309643503 0.0102620814 0.0292805117
v  -0.030014094 0.00938193221 0.0315740965
v  -0.0296719745 0.0135462852 0.0292824227
v  -0.0279575791 0.0143617997 0.0315740518
v  -0.0290071629 0.0149424803 0.02928284
v  -0.0225556865 0.0236844663 0.0292831697
v  -0.0234290063 0.0228228047 0.0292846784
v  -0.0217079818 0.0227511358 0.031573955
v  -0.0242104959 0.0219899341 0.0292847529
v  -0.0250497069 0.019024631 0.0315740071
v  -0.026323013 0.0193682946 0.0292834546
v  -0.0281771552 0.0164881796 0.0292835981
v  -0.0148153473 0.0289969686 0.0292827748
v  -0.0155552235 0.02863314 0.0292828493
v  -0.0177391171 0.0258979388 0.0315739028
v  -0.018398514 0.0269871075 0.029282162
v  -0.0210067909 0.0250586849 0.0292830933
v  -0.00859971065 0.031172296 0.0292823687
v  -0.00856863428 0.0299292263 0.0315737948
v  -0.00529479422 0.0317898802 0.0292823166
v  -0.00352840126 0.0307947993 0.0315737389
v  -0.00367994071 0.0319773853 0.0292822253
v  -0.0207082257 -0.0121313417 0.0315740518
v  -0.0231624357 -0.00628503179 0.0315740556
v  -0.0240000002 -5.12839406e-08 0.0315740556
v  -0.0168086644 -0.0171309281 0.031574022
v  -0.0231624618 0.00628493214 0.0315740183
v  -0.0117359282 -0.02093485 0.0315739699
v  -0.0207082797 0.012131243 0.0315739848
v  -0.0168087408 0.0171308573 0.0315739177
v  -0.00584407244 -0.0232776068 0.031573914
v  -0.0117360223 0.0209348053 0.0315738618
v  -0.00584417535 0.023277577 0.0315737873
v  -0.00610280223 0.0316311009 0.0165114868
v  -0.00460456125 0.031374529 0.00392136164
v  -0.0324506573 0.0024408563 0.0162494648
v  -0.032584738 -0.000595136371 0.0161766317
v  -0.0327719375 -0.000602254586 0.0273085032
v  -0.0324562266 0.00277492753 0.00392870745
v  -0.0322185308 0.00565223768 0.0039312942
v  -0.032013841 0.00578215206 0.0162076559
v  -0.0321029462 0.00654723914 0.00393138127
v  -0.0314218998 0.0100573879 0.00392859429
v  -0.0312964357 0.00905731693 0.0161736365
v  -0.0303036515 0.012245601 0.0161461085
v  -0.0304900333 0.0131046614 0.00392487925
v  -0.0290265009 0.0153200403 0.0161273349
v  -0.0298856646 0.0146313915 0.00392422546
v  -0.0291320365 0.0162508953 0.00392313721
v  -0.0274468418 0.0182449631 0.0161221623
v  -0.0273516439 0.0193092879 0.00392201263
v  -0.0255707018 0.0209821295 0.0161366221
v  -0.0254441742 0.0218602512 0.00392374676
v  -0.0234087221 0.023478793 0.0161698665
v  -0.0231325403 0.024296267 0.003923357
v  -0.0209921617 0.0256901905 0.0162228514
v  -0.0207023546 0.0262938309 0.00392412767
v  -0.0204735994 0.0264548082 0.00392421242
v  -0.0183340032 0.0275571607 0.0162739828
v  -0.018422978 0.0277102496 0.00392409647
v  -0.0154655399 0.029054435 0.0163130555
v  -0.0156690478 0.0289705358 0.00392092671
v  -0.0124467332 0.0302182063 0.0163607989
v  -0.0121224057 0.0301184375 0.00392151158
v  -0.00931603368 0.0310689639 0.0164264347
v  -0.0085521033 0.0308812354 0.00392130623
v  -0.00703054154 0.0311104469 0.00392087363
v  -0.0185827352 -0.0287189968 0.01590354
v  -0.00594126666 -0.0324399211 0.016552981
v  -0.0156248352 -0.0301285144 0.016029546
v  -0.0321113132 -0.00696257316 0.0159430485
v  -0.0314765051 -0.0102866488 0.0158352721
v  -0.0305624586 -0.0135193346 0.0157437772
v  -0.0293523669 -0.0166364461 0.0156777278
v  -0.0278233625 -0.0195994657 0.0156489257
v  -0.0259793196 -0.0223519895 0.0156644322
v  -0.0238174926 -0.024831092 0.0157265272
v  -0.0213336013 -0.0269575063 0.0158051569
v  -0.0125074275 -0.0312028304 0.0161823258
v  -0.00926862285 -0.0319633856 0.0163575746
v  -0.0322798453 0.00488294847 -0.000148850668
v  -0.0314870216 0.00988439843 -0.000148466279
v  -0.0204612333 0.0263668746 -0.000148230625
v  -0.0239059869 0.0235128645 -0.000147922517
v  -0.0245782118 0.0228160694 -0.000147834347
v  -0.0275418572 0.0190299638 -0.000147729108
v  -0.0299209077 0.0146291992 -0.000147843821
v  -0.0124000274 0.0298697203 -0.000152028209
v  -0.0167496819 0.0283926651 -0.000149229134
v  -0.00701386202 0.0308896992 -0.000151152199
v  -0.000767140184 0.0164499152 -0.110878401
v  0.00542188203 0.0145610403 -0.112746522
v  0.00396966469 0.0086486442 -0.112617157
v  0.0119407764 0.0126332883 -0.113598853
v  -0.0196882375 0.0221642926 -0.0903379694
v  -0.0185149498 0.0218397155 -0.0933629274
v  -0.0198344495 0.0192406978 -0.0935120434
v  -0.0170941148 0.0214310382 -0.0962661132
v  -0.00578694884 0.0262096263 -0.0549397059
v  -0.00547915557 0.0261316076 -0.0484568402
v  -0.0176410172 0.026209129 -0.0839089453
v  0.0135450223 0.0184020232 -0.113664716
v  -0.0288757458 0.00178048993 -0.0814556256
v  -0.0318144783 0.00220334181 -0.0487335436
v  -0.0055390466 0.0261021499 -0.0419185385
v  -0.011570137 0.0254467856 -0.0419635698
v  -0.0198707636 0.0225925408 -0.0484928526
v  -0.0172012709 0.0239709765 -0.0484829508
v  -0.014358703 0.0249443706 -0.0484793298
v  -0.0114241475 0.0255743675 -0.048475571
v  -0.0222996492 0.0208190288 -0.0485129356
v  -0.024474727 0.0187291224 -0.0485440195
v  -0.0223732013 0.0217651427 -0.0614298135
v  -0.0313986614 0.00227205339 -0.061867062
v  -0.0297801029 0.00535817072 -0.0750004724
v  -0.0269861873 0.00124889158 -0.0877853632
v  -0.0254590046 0.00414804788 -0.0909617096
v  -0.0239908025 0.00370158069 -0.0939611867
v  -0.0222833008 0.00318735093 -0.0968074426
v  -0.0203378722 0.00261010462 -0.0994637683
v  -0.0181639064 0.00197566068 -0.101903185
v  -0.0104541397 -0.00020217002 -0.107776783
v  -0.0131992036 0.000562277739 -0.106066488
v  -0.0157773402 0.00129067258 -0.104107514
v  0.00919620041 0.00078816415 -0.113433778
v  0.00271393335 0.00258886139 -0.11248824
v  0.0121464105 0.0248914156 -0.113555171
v  0.00904952548 0.0257229991 -0.11311511
v  0.00710904785 0.0202664603 -0.112907946
v  0.00402959064 0.0211724453 -0.112116747
v  0.00107791123 0.0220357981 -0.111037537
v  -0.0179550331 0.0261225253 -0.0807053521
v  -0.0181143843 0.025803702 -0.0742517114
v  -0.0178789888 0.0253475066 -0.0677903891
v  -0.0175163392 0.0248351935 -0.0613486245
v  -0.0148190893 0.0256957989 -0.061346665
v  -0.0120441942 0.026169721 -0.0613592528
v  -0.0115839457 0.0258218125 -0.0549299493
v  -0.0144559424 0.0252669025 -0.0549227074
v  -0.0172466282 0.0243513715 -0.0549212806
v  -0.0200558826 0.0235233791 -0.0613756627
v  -0.0213320553 0.0225678757 -0.0840614662
v  -0.0218426064 0.0226475075 -0.0808608904
v  -0.019994745 0.0246117227 -0.0807610005
v  -0.0223795194 0.0225734059 -0.0743989646
v  -0.0203502085 0.0244255941 -0.0743061453
v  -0.0224760827 0.0222451072 -0.0679097921
v  -0.0202853438 0.0240307767 -0.0678334236
v  -0.0195777565 0.0246050321 -0.0839609653
v  -0.0181194954 0.0243747793 -0.0902370065
v  -0.0163880475 0.0262067746 -0.0901978761
v  -0.0170374196 0.024144318 -0.0932642519
v  -0.0154063767 0.0261014085 -0.0932343453
v  -0.0157066435 0.0238294862 -0.0961750299
v  -0.0141744288 0.0259126723 -0.0961570889
v  -0.0141252009 0.0234271865 -0.0989377499
v  -0.0126896789 0.0256334413 -0.0989346355
v  -0.010954788 0.0252596624 -0.101536684
v  -0.00434327452 0.0235747229 -0.108021542
v  -0.00642533507 0.0181948189 -0.107929207
v  -0.00676818239 0.0242270175 -0.106103897
v  -0.00899491739 0.0189860817 -0.106056742
v  -0.00897710491 0.024790233 -0.103934951
v  -0.0113627287 0.0197114665 -0.103934325
v  -0.0135107022 0.0203640442 -0.101579659
v  -0.0154244676 0.0209384821 -0.0990148857
v  -0.00367500517 0.0173461419 -0.109538905
v  -0.00172084756 0.0228408892 -0.109670267
v  -0.0285599642 0.00506311934 -0.0814910531
v  -0.0266960282 0.004523437 -0.0878563598
v  -0.0261850953 0.00781456847 -0.0878533572
v  -0.0242734589 0.0106824627 -0.0909200609
v  -0.00357118412 0.00437334692 -0.110715449
v  -0.00947136711 0.00609195558 -0.107995585
v  -0.00527983624 0.0114254309 -0.109518833
v  -0.00230078492 0.0105196238 -0.110801443
v  -0.00812030397 0.0122992899 -0.107977815
v  -0.0107967667 0.0131322611 -0.10617815
v  -0.0132854097 0.0139157604 -0.104124948
v  -0.0155650713 0.0146417273 -0.101828977
v  -0.0176183004 0.0153027698 -0.0993070155
v  -0.0194323938 0.0158924516 -0.0965821519
v  -0.0210004654 0.0164053477 -0.093684122
v  -0.0223224759 0.0168373007 -0.0906496421
v  -0.031372536 0.00527720619 -0.0487247631
v  -0.0309798773 0.00544868363 -0.061861828
v  -0.0302474629 0.0085808048 -0.06182684
v  -0.0298581459 0.00867129769 -0.0684069619
v  -0.0288925394 0.0117961625 -0.0683363527
v  -0.0282821581 0.0118136099 -0.074890703
v  -0.0305367913 0.00546578085 -0.0684430376
v  -0.0291630402 0.00861938018 -0.0749669299
v  -0.0280011129 0.0083530359 -0.081466265
v  -0.0272028726 0.0115890782 -0.0813903585
v  -0.0254586861 0.0110647958 -0.0877866521
v  -0.0245282389 0.0142095983 -0.0876704454
v  -0.0122101661 0.00690732803 -0.106257267
v  -0.0147729069 0.0076823784 -0.104263723
v  -0.0171358474 0.00840886589 -0.102020219
v  -0.0192789752 0.00907886401 -0.0995391384
v  -0.0211873539 0.00968514569 -0.0968408883
v  -0.0228524469 0.010221377 -0.0939547941
v  -0.0305954833 0.00826720055 -0.0487012938
v  -0.0292088576 0.0116185723 -0.0617660657
v  -0.0241885372 0.0203140136 -0.0745191053
v  -0.0257811397 0.0177255012 -0.0746528059
v  -0.0244345143 0.020058522 -0.0680112243
v  -0.0261640009 0.0175489988 -0.0681263283
v  -0.0244499892 0.019629579 -0.0615060776
v  -0.0262901317 0.0171927139 -0.0615958199
v  -0.0264079571 0.0163976829 -0.0485837646
v  -0.0280882344 0.0138600571 -0.0486263037
v  -0.029493019 0.0111396397 -0.0486669987
v  -0.027882535 0.0145070311 -0.0616861172
v  -0.0276551209 0.0147764115 -0.0682391897
v  -0.0271498673 0.0148718068 -0.074781768
v  -0.0249343831 0.0176239181 -0.0811370015
v  -0.0234877877 0.0202934351 -0.0809916854
v  -0.0261762962 0.0147022158 -0.0812756717
v  -0.0234062988 0.0171855856 -0.087522693
v  -0.0221024435 0.0199371316 -0.0873656645
v  -0.0206219684 0.0224063918 -0.0872264504
v  -0.0189610124 0.0245264117 -0.0871258676
v  -0.00584407197 -0.023277605 5.61912383e-09
v  -0.0117359301 -0.0209348481 2.453727e-09
v  -0.0168086663 -0.0171309263 -2.72504952e-09
v  -0.0207082257 -0.0121313408 -1.93485761e-09
v  -0.0231624357 -0.00628503086 -4.31033181e-10
v  -0.0240000002 -5.01893638e-08 -1.43868284e-09
v  -0.0231624637 0.00628493307 -5.92746874e-09
v  -0.0207082778 0.0121312439 2.35703701e-09
v  -0.0168087408 0.0171308592 -2.80549362e-09
v  -0.0117360223 0.0209347922 -9.53377044e-10
v  -0.00584417488 0.0232775789 1.63198594e-10
v  0.015783025 -0.0224781726 -0.105518013
v  0.0222535022 -0.0224781688 -0.104666159
v  -0.00836512167 -0.0224781726 -0.0740475431
v  -0.00921697542 -0.0224781707 -0.0805180147
v  0.00931254867 -0.0224781688 -0.104666166
v  0.00328302453 -0.0224781726 -0.102168657
v  -0.00586761022 -0.0224781688 -0.0930180177
v  -0.00189464493 -0.0224781726 -0.0981956869
v  -0.00836512167 -0.0224781707 -0.0869884938
v  0.015783025 -0.0224781744 -0.0555180088
v  0.00835578702 -0.0224781707 -0.050388135
v  0.00931254774 -0.0224781707 -0.0563698672
v  0.00158732536 -0.0224781688 -0.0527955666
v  -0.00586761069 -0.0224781726 -0.0680180117
v  0.0032830243 -0.0224781744 -0.0588673763
v  -0.00189464504 -0.0224781707 -0.0628403425
v  0.0374336578 -0.0224781707 -0.0680180117
v  0.0402455591 -0.0224781707 -0.062211588
v  0.0334606953 -0.0224781744 -0.0628403425
v  0.0353423022 -0.0224781688 -0.0569612756
v  0.0282830242 -0.0224781744 -0.0588673837
v  0.0293622036 -0.0224781707 -0.0529805347
v  0.0222535003 -0.0224781707 -0.0563698709
v  0.0226264074 -0.0224781744 -0.0504831746
v  0.0154966405 -0.0224781726 -0.0496032983
v  0.0282830242 -0.0224781726 -0.102168649
v  0.0322811231 -0.0224781744 -0.106531516
v  0.0374336615 -0.0224781744 -0.0930180177
v  0.0334606953 -0.0224781688 -0.0981956869
v  0.0377931185 -0.0224781688 -0.101924382
v  0.0420966633 -0.0224781744 -0.0961722285
v  0.0399311706 -0.0224781744 -0.0869884863
v  0.0449606404 -0.0224781744 -0.0895839483
v  0.0407830253 -0.0224781688 -0.0805180147
v  0.0462312475 -0.0224781688 -0.0825133547
v  0.0399311706 -0.0224781688 -0.0740475357
v  0.0458402559 -0.0224781726 -0.0753401443
v  0.0438086614 -0.0224781744 -0.0684495419
v  0.0157830231 -0.0204759855 -0.105518013
v  0.0222535022 -0.0204759892 -0.104666159
v  0.0282830242 -0.0204759855 -0.102168649
v  0.0334606953 -0.0204759892 -0.0981956869
v  0.0374336615 -0.0204759873 -0.0930180177
v  0.0399311706 -0.0204759873 -0.0869884863
v  0.0407830253 -0.0204759818 -0.0805180147
v  0.0399311706 -0.0204759892 -0.0740475357
v  0.0374336578 -0.0204759836 -0.0680180117
v  0.0334606953 -0.0204759873 -0.0628403425
v  0.0282830242 -0.0204759873 -0.0588673837
v  0.0222535003 -0.0204759836 -0.0563698746
v  0.015783025 -0.0204759873 -0.0555180088
v  0.00931254867 -0.0204759836 -0.0563698709
v  0.00328302453 -0.0204759873 -0.05886738
v  -0.00189464493 -0.0204759836 -0.0628403425
v  -0.00586761069 -0.0204759855 -0.0680180117
v  -0.00836512167 -0.0204759855 -0.0740475431
v  -0.00921697542 -0.0204759836 -0.0805180147
v  -0.00836512167 -0.0204759836 -0.0869884938
v  -0.00586761115 -0.0204759818 -0.0930180103
v  -0.00189464516 -0.0204759855 -0.0981956869
v  0.00328302453 -0.0204759855 -0.102168649
v  0.00931254867 -0.0204759818 -0.104666166
v  0.015783025 -0.0204759836 -0.0805180147
v  0.000607207883 0.0262124091 -0.0552509688
v  0.000607315218 -0.0224781707 -0.0552509613
v  8.77852508e-05 -0.0224781707 -0.0536845401
v  8.76764825e-05 0.0262123942 -0.0536845326
v  -2.84143698e-06 -0.0224781707 -0.0512548909
v  1.49868902e-06 -0.0324667208 0.00723817712
v  1.92969219e-06 -0.0326303616 0.0130723696
v  -8.37902803e-07 0.0304828025 -0.00933754444
v  6.78625838e-07 0.0311844423 -0.00196872675
v  1.01767773e-06 0.0314993635 0.00263225986
v  3.27647126e-06 -0.0239999965 0.0315735266
v  3.29405816e-06 -0.0319864154 0.0315735154
v  3.15505622e-06 0.0309602097 0.0315735191
v  3.14419731e-06 0.0321499631 0.0292829871
v  3.17033687e-06 0.0239999965 0.0315735228
v  2.13003364e-06 0.0320252478 0.017720148
v  1.39936083e-06 0.031728562 0.0072383876
v  6.20107812e-07 -0.0317698866 -0.00464512641
v  9.36710251e-07 -0.0320988744 -0.0003649914
v  1.25378381e-06 -0.0323426314 0.00392311579
v  -2.40530017e-06 0.0262039937 -0.0438925587
v  -2.52705991e-06 -0.0226224121 -0.04699976
v  -2.19764661e-06 0.0262173172 -0.0410806201
v  -2.221361e-06 -0.0230119564 -0.0428754464
v  -1.92653897e-06 -0.0236551855 -0.0388995931
v  -1.717082e-06 0.0265254751 -0.0345609337
v  -4.61498189e-07 -0.0291802883 -0.0192165412
v  -1.331411e-06 -0.0281064902 -0.02303629
v  -1.23307689e-06 -0.0261244606 -0.0295794513
v  -4.38915748e-07 0.0292687863 -0.0171618462
v  -2.82094538e-06 0.0281848442 -0.0230336171
v  -1.34905918e-06 0.0270932708 -0.029557107
v  -1.74593154e-07 -0.0301182996 -0.0153610883
v  1.40940529e-07 -0.0309426673 -0.0111091612
v  -1.26056932e-07 -0.0312127434 -0.00933771115
v  0.0299731754 -0.0224781707 -0.105954252
v  0.0299730673 0.0262124687 -0.105954252
v  0.0318759009 -0.0224781688 -0.109239511
v  0.00651969388 -0.0224782396 -0.0486926772
v  0.00220425869 -0.0228087977 -0.044123996
v  0.00346323196 -0.0226143133 -0.0459219664
v  0.00489169359 -0.0225043111 -0.0474283695
v  0.00119006285 -0.0230868328 -0.0421006233
v  0.00046922412 -0.0234520156 -0.0399275273
v  0.000115217001 -0.023839647 -0.0380062386
v  0.0331658497 -0.0222111568 -0.0527525805
v  0.0331658758 -0.0224782005 -0.0527525358
v  0.0384514518 -0.0224781707 -0.0569653474
v  0.0331658423 -0.0182496682 -0.0527525805
v  0.0331657939 0.00677116169 -0.0527525768
v  0.0331657976 -0.000604711997 -0.0527526028
v  0.0331657641 0.0262124985 -0.0527525395
v  0.0331657417 0.0256050527 -0.0527525693
v  0.0356131755 0.0262124725 -0.0544848777
v  0.0331657678 0.0161472112 -0.0527525805
v  0.0331658237 -0.00609280216 -0.052752573
v  0.0331658386 -0.0141477445 -0.0527525842
v  0.0405221768 -0.0224781688 -0.0591897443
v  0.0405220725 0.026212493 -0.0591897517
v  0.04277087 -0.0224781726 -0.0621641651
v  0.0443657823 0.0262124985 -0.0647985637
v  0.0443658866 -0.0224781707 -0.0647985712
v  0.045943927 -0.0224781707 -0.0681321546
v  0.0469820388 0.0262125004 -0.0710745677
v  0.0469821468 -0.0224781688 -0.0710745752
v  0.0478382446 -0.0224781688 -0.0746203363
v  0.0482603982 0.0262124985 -0.0777528062
v  0.0482605062 -0.0224781707 -0.0777528062
v  0.0483748093 -0.0224781707 -0.08135809
v  0.0481468923 0.0262125116 -0.0845513418
v  0.0481470004 -0.0224781726 -0.0845513418
v  0.047531236 -0.0224781688 -0.0880643129
v  0.0466463119 0.026212506 -0.0911831781
v  0.0466464199 -0.0224781707 -0.0911831781
v  0.0453427136 -0.0224781744 -0.0944592655
v  0.0438220017 0.0262124985 -0.0973683521
v  0.0438221134 -0.0224781707 -0.0973683521
v  0.0419005379 -0.0224781688 -0.100276187
v  0.0397932008 0.0262124874 -0.102845736
v  0.0397933088 -0.0224781744 -0.102845736
v  0.0373483039 -0.0224781726 -0.105272397
v  0.0347299837 0.0262124762 -0.107384108
v  0.00560882455 -0.0224781688 -0.052952528
v  0.0331878103 -0.0224781707 -0.103797503
v  0.0237483662 -0.0224781707 -0.0486079454
v  0.0233200565 -0.0224781744 -0.0524286702
v  0.0270395223 -0.0224781726 -0.0496652499
v  0.0280035939 -0.0224781744 -0.0542085133
v  0.0301772468 -0.0224781688 -0.0510468297
v  0.0284891538 -0.0224781726 -0.054447867
v  0.0427030846 -0.0224781707 -0.0909463838
v  0.0412782729 -0.0224781744 -0.0941324532
v  0.04028292 -0.0224781707 -0.095892638
v  0.0381337218 -0.0224781744 -0.0989482626
v  0.0370586403 -0.0224781707 -0.100211531
v  0.034524966 -0.0224781688 -0.102701627
v  0.00568762654 -0.0224781688 -0.0529250652
v  0.00692121312 -0.0224781726 -0.0485849939
v  0.0107480884 -0.0224781744 -0.0516612194
v  0.0100972001 -0.0224781726 -0.0479185879
v  0.0108005218 -0.0224781744 -0.0516530387
v  0.0135731325 -0.0224781744 -0.0475539491
v  0.0162600558 -0.0224781707 -0.0513231158
v  0.0170015488 -0.0224781688 -0.0475533307
v  0.0164704751 -0.0224781707 -0.0513308421
v  0.0203952473 -0.0224781688 -0.0479054414
v  0.0217725057 -0.0224781688 -0.0520330146
v  0.0220732223 -0.0224781688 -0.0521028899
v  0.032905113 -0.0224781744 -0.0571923591
v  0.0331071652 -0.0224781726 -0.0573457256
v  0.0367754735 -0.0224781688 -0.0606839284
v  0.0370298624 -0.0224781744 -0.0609617941
v  0.0401666015 -0.0224781707 -0.0651241094
v  0.0419938974 -0.0224781688 -0.0685460493
v  0.0426530242 -0.0224781688 -0.0701271668
v  0.0437285155 -0.0224781688 -0.0735499635
v  0.044076547 -0.0224781688 -0.0751409605
v  0.0445406586 -0.0224781688 -0.0788989738
v  0.0445891544 -0.0224781707 -0.0808555037
v  0.0443402603 -0.0224781726 -0.0844212547
v  0.0439934731 -0.0224781744 -0.0864851475
v  0.0433995239 -0.0224781688 -0.0888692588
v  0.00560871698 0.0262124185 -0.0529525168
v  0.0326586403 0.0262124669 -0.0524334237
v  0.0329050086 0.026212465 -0.0571923666
v  0.0298175439 0.0262124632 -0.0508679114
v  0.0280034859 0.0262124576 -0.0542085059
v  0.0266872142 0.0262124576 -0.0495336726
v  0.0226885155 0.0262124501 -0.0522563607
v  0.0234137829 0.026212452 -0.0485212505
v  0.0217723977 0.0262124483 -0.052033022
v  0.0200404599 0.0262124464 -0.0478518084
v  0.0162599478 0.0262124389 -0.0513231233
v  0.0166336447 0.0262124408 -0.0475358367
v  0.0132709658 0.0262124352 -0.0475706086
v  0.0108004138 0.0262124278 -0.0516530462
v  0.00986731425 0.0262124278 -0.047955662
v  0.00651952904 0.0262135696 -0.0486921743
v  0.00310438033 0.0262123998 -0.0498350412
v  0.0367753655 0.0262124855 -0.060683921
v  0.0401664935 0.0262124911 -0.0651241019
v  0.034524858 0.0262124781 -0.102701627
v  0.0381336175 0.0262124874 -0.0989482552
v  0.0412781648 0.0262124948 -0.0941324532
v  0.0433994196 0.0262125004 -0.0888692513
v  0.0443401523 0.0262125041 -0.0844212621
v  0.0445405543 0.026212493 -0.0788989738
v  0.0437284037 0.026212493 -0.0735499635
v  0.0419937931 0.026212493 -0.0685460567
v  0.00367788458 0.0261841659 -0.046411287
v  0.00542959571 0.0261981301 -0.0479251742
v  0.000176986403 0.0262619313 -0.0389245301
v  0.000653019175 0.0262064245 -0.0413296483
v  0.00131706859 0.026189452 -0.0431277826
v  0.00232247519 0.0261831209 -0.0448256433
v  0.019350294 -0.000606743677 -0.0248761307
v  0.0189044382 -0.000607676397 -0.0261742957
v  0.01887949 0.00439298199 -0.0261305179
v  0.018608015 -0.000608146773 -0.0272755753
v  0.0180509016 -0.00060839497 -0.0303608347
v  0.0181319229 0.00430239504 -0.0294208732
v  0.0176830795 -0.00060720538 -0.0345820896
v  0.0176139902 -0.000606535643 -0.0361571684
v  0.0174530521 0.00522390846 -0.0361561105
v  0.0199758094 0.00758260861 -0.0230364501
v  0.0202134345 0.00375516387 -0.0230365265
v  0.0202356167 0.00220661284 -0.0230362583
v  0.0202354491 -0.000603120308 -0.0230356921
v  0.0184982419 0.00935959816 -0.0261478275
v  0.0194877218 0.0109770475 -0.0230365153
v  0.0187802967 0.0139932204 -0.0230363533
v  0.0175601766 0.0142094027 -0.0262121689
v  0.0186431091 0.0144575844 -0.0230363514
v  0.0167504828 0.0190395694 -0.0230363309
v  0.0178651381 0.016669333 -0.0230363812
v  0.0180822238 0.0161117911 -0.0230363701
v  0.0158290695 0.0187879149 -0.0262941383
v  0.0145844137 0.0208746716 -0.0263317991
v  0.0154327368 0.021132689 -0.0230361857
v  0.0130578363 0.0227510091 -0.0263629276
v  0.0139060738 0.0229623392 -0.0230360385
v  0.0112510361 0.02435215 -0.026384918
v  0.0121419663 0.0245470442 -0.0230359286
v  0.00919665862 0.0256302934 -0.0263963658
v  0.0100963172 0.0258859843 -0.0230357554
v  0.00447856681 0.0266574044 -0.0297619086
v  0.00567350257 0.0275739059 -0.023035191
v  0.00799714215 0.0268569104 -0.0230354592
v  0.00311537646 0.0280222781 -0.0230349917
v  0.00213500438 0.0269876551 -0.0297226124
v  0.00206569489 0.0263163708 -0.0361582451
v  0.00676100794 0.0260398015 -0.0297867041
v  0.00460188929 0.0259120315 -0.0361597687
v  0.0152544621 0.018404834 -0.0296593457
v  0.0135058789 0.0198629815 -0.0361585431
v  0.0140812928 0.0204472747 -0.0297134295
v  0.0121047497 0.0216807108 -0.0361594558
v  0.0126335444 0.0222844202 -0.0297565851
v  0.01058299 0.0231060497 -0.0361583084
v  0.0109060267 0.0238530934 -0.0297844764
v  0.00896784849 0.0242055729 -0.0361569636
v  0.00892714318 0.0251080506 -0.029794585
v  0.00695853308 0.0251783617 -0.0361584425
v  0.0168762319 0.0139240576 -0.0295395404
v  0.0156065356 0.0154767083 -0.0361564495
v  0.0146604283 0.0178024955 -0.036157269
v  0.0170456432 0.00920706242 -0.0361575931
v  0.0164157953 0.0126319295 -0.0361577608
v  0.0162225738 0.0134197539 -0.0361566842
v  0.0177569408 0.00917258579 -0.0294453949
v  0.00197420944 -0.0260109622 -0.029702127
v  0.0020708607 -0.0270285606 -0.0263638962
v  0.00319465529 -0.0279214866 -0.0230367109
v  0.00436278339 -0.0267304592 -0.0263227243
v  0.00577280717 -0.0274693593 -0.0230368823
v  0.00661821198 -0.0261821896 -0.0262884069
v  0.00814190041 -0.0267473403 -0.0230371077
v  0.00878824014 -0.0253541656 -0.0262597222
v  0.0103131747 -0.0257540699 -0.0230372567
v  0.0108125275 -0.0242210031 -0.0262329392
v  0.0123134591 -0.0244642813 -0.0230372362
v  0.0126340138 -0.0227822922 -0.026207123
v  0.0141474642 -0.0228403658 -0.0230371542
v  0.014210376 -0.0210714266 -0.0261831041
v  0.0156395659 -0.0210701711 -0.0230371263
v  0.0155238751 -0.0191380288 -0.0261612423
v  0.0169418436 -0.019021349 -0.023037063
v  0.0180508792 -0.016667448 -0.0230368767
v  0.0173983537 -0.0148182306 -0.0261300039
v  0.018579023 -0.0152192852 -0.0230367389
v  0.0189546645 -0.0139817651 -0.0230366737
v  0.0184385031 -0.0101862848 -0.026128104
v  0.019639438 -0.0109117003 -0.0230367631
v  0.0188619737 -0.00541602774 -0.0261646826
v  0.0200751517 -0.00746900961 -0.0230364148
v  0.0202356186 -0.00341229467 -0.0230362564
v  0.0175796226 -0.00311893108 -0.0361563787
v  0.0181069262 -0.0052764737 -0.0294747073
v  0.0173170939 -0.0068656425 -0.0361568779
v  0.0176657531 -0.00989396404 -0.0294029173
v  0.0166425519 -0.0143649699 -0.0293900501
v  0.0160633586 -0.0128815267 -0.0361566581
v  0.0168415494 -0.00988786668 -0.0361573584
v  0.0140004326 -0.0173720475 -0.0361572243
v  0.0151805216 -0.0151780946 -0.0361569226
v  0.0158775765 -0.0134336296 -0.0361566693
v  0.014830892 -0.0185128674 -0.0294223633
v  0.0135694398 -0.0203607194 -0.029449055
v  0.0127122514 -0.0191181973 -0.036157839
v  0.0120598329 -0.021990126 -0.0294799283
v  0.0112071661 -0.0206242763 -0.0361581668
v  0.0103177978 -0.0233547557 -0.029513957
v  0.00942804012 -0.0219056513 -0.0361574441
v  0.00838303193 -0.0244276505 -0.0295510218
v  0.00750101963 -0.0228767712 -0.0361569747
v  0.00631092722 -0.0252128709 -0.0295929871
v  0.00533359172 -0.0236074533 -0.0361565724
v  0.00292109069 -0.0240837596 -0.0361570455
v  0.00415913668 -0.0257321056 -0.0296429526
v  0.0145395249 0.0275950469 0.0315735154
v  0.0112147657 0.0212185942 0.0315735228
v  0.0180445332 0.0255833659 0.0315735191
v  0.0159927402 0.0178950336 0.0315735191
v  0.018655885 0.0251657628 0.0315735228
v  0.0226280391 0.021824168 0.0315735191
v  0.0128158219 0.0283785909 0.0315735191
v  0.0100054815 0.0294087026 0.0315735303
v  0.00577723887 0.0232942868 0.0315735266
v  0.0254137795 0.0185805485 0.0315735266
v  0.0198301673 0.0135190459 0.0315735191
v  0.0263620615 0.0172201786 0.0315735228
v  0.0279949419 0.0144046368 0.0315735228
v  0.0225013606 0.00834797602 0.0315735303
v  0.0292268004 0.0116580715 0.0315735266
v  0.00684058014 0.0302398987 0.0315735191
v  0.00511729019 0.0305567551 0.0315735228
v  0.00146879768 0.0309256706 0.0315735191
v  0.0299048405 0.00974099431 0.0315735154
v  0.0238492265 0.00268596876 0.0315735191
v  0.0308593642 0.0059578591 0.0315735266
v  0.0145684863 -0.0296837725 0.0315735228
v  0.0186929274 -0.0275064074 0.0315735154
v  0.0108137373 -0.0214257576 0.0315735191
v  0.0156533718 -0.0181926358 0.0315735266
v  0.0262649078 -0.0196696799 0.0315735266
v  0.0195724145 -0.0138895838 0.0315735228
v  0.0229905397 -0.0239002444 0.0315735191
v  0.0219372995 -0.0249467324 0.0315735266
v  0.00593079487 -0.031715598 0.0315735191
v  0.00533813611 -0.0233988073 0.0315735266
v  0.0312146321 -0.0050395322 0.0315735266
v  0.0314460881 -0.00171699026 0.0315735191
v  0.0237944946 -0.00313400757 0.0315735228
v  0.0314620025 -0.000602480257 0.0315735191
v  0.0310793854 0.00465716701 0.0315735228
v  0.0308717005 -0.00742727285 0.0315735191
v  0.0223403852 -0.00876967423 0.0315735228
v  0.0301994961 -0.0104927486 0.0315735191
v  0.00824346207 -0.0314188525 0.0315735154
v  0.0104077552 -0.0309988074 0.0315735191
v  0.013682168 -0.0300293248 0.0315735266
v  0.0265773199 -0.0191634651 0.0315735191
v  0.0284239072 -0.0155954007 0.0315735266
v  0.0293749031 -0.0131825805 0.0315735191
v  0.00529396208 -0.0328766257 0.0292829387
v  0.00614071218 -0.0327944756 0.0292829219
v  0.0249208473 -0.0234290157 0.0292827245
v  0.0325058214 -0.00413608877 0.0292831007
v  0.0326594263 -0.000602255575 0.0292829927
v  0.0317105353 -0.00926948804 0.0292829704
v  0.0320357531 -0.00765999034 0.0292826649
v  0.032398697 -0.00519423513 0.0292827766
v  0.0267534945 -0.0210062098 0.0292828958
v  0.0272092167 -0.0203133356 0.0292824395
v  0.0281326659 -0.0187682249 0.0292820036
v  0.0296074022 -0.0157766268 0.0292849224
v  0.0308017768 -0.0126003837 0.029284168
v  0.0313245654 -0.0108340066 0.029283382
v  0.0206145626 -0.0274999011 0.0292829163
v  0.0228791051 -0.0255925488 0.029283138
v  0.018250484 -0.0290689971 0.0292840209
v  0.0190855321 -0.0285579395 0.0292838998
v  0.00835697819 -0.0325013921 0.0292831622
v  0.0112858014 -0.0318975188 0.0292833261
v  0.0140855322 -0.0310307648 0.0292837769
v  0.0156969354 -0.0303776897 0.0292825829
v  0.00432382664 -0.0329535604 0.0292830933
v  0.00337785948 0.0319781564 0.0292825475
v  0.00401407667 0.0319080763 0.0292824004
v  0.00621206453 0.0315738358 0.0292819105
v  0.00530976802 0.0317284018 0.0292820465
v  0.0143500809 0.029001208 0.02928303
v  0.0136166755 0.029328689 0.0292830449
v  0.0105039412 0.0304954741 0.0292827338
v  0.00729227252 0.031356547 0.0292820521
v  0.0222986359 0.0237767566 0.0292830095
v  0.0198445283 0.0257757269 0.029283205
v  0.0171935428 0.0275167152 0.0292832274
v  0.0150831649 0.0286521651 0.0292830169
v  0.0257088244 0.0201355144 0.029283002
v  0.0236643087 0.0224598534 0.0292821936
v  0.0295526292 0.0138938269 0.0292829592
v  0.0290769245 0.0148749631 0.0292829983
v  0.0275177602 0.0176054351 0.0292826556
v  0.0263561681 0.0192911699 0.029282812
v  0.0325065143 0.0027754351 0.0292829648
v  0.0322804637 0.00467576506 0.0292832069
v  0.0316598974 0.00786210876 0.0292831138
v  0.0310223848 0.010124119 0.0292830504
v  0.0307503548 0.0109371105 0.0292831007
v  0.030643817 -0.0067114369 -0.00359348604
v  0.0311665311 -0.00675666751 -0.00152801664
v  0.030574793 -0.00980704091 -0.00158820418
v  0.031459488 -0.00368034444 -0.00145698991
v  0.0262201168 -0.0206831563 0.00723905163
v  0.0272856876 -0.0187317003 0.00265772734
v  0.028042065 -0.0178173836 0.0072392826
v  0.0288271457 -0.0159286018 0.00266946759
v  0.0295550302 -0.0147475777 0.00723916199
v  0.0300776474 -0.0129900835 0.00269466895
v  0.0310292002 -0.00995596778 0.00273316819
v  0.0316833332 -0.00686198613 0.00278375833
v  0.0316500366 -0.00793518778 0.00723832753
v  0.030766502 -0.0114488909 0.00723859994
v  0.0320465267 -0.00373704033 0.00284493389
v  0.0321796313 -0.00429138402 0.00723843463
v  0.0320310555 -0.00560678402 0.00723837828
v  0.0323522314 -0.000601669715 0.00723820599
v  0.0323228277 -0.00215103291 0.0072384011
v  0.0323314853 -0.000602817396 0.00662572403
v  0.0321225971 -0.000602879038 0.00291596493
v  0.0320465639 -0.000602551678 0.00210984331
v  0.0299216006 -0.006663837 -0.00557905156
v  0.0298200604 -0.000601374661 -0.00617016619
v  0.0308533274 -0.000602481829 -0.00360887079
v  0.0281439349 -0.000603912224 -0.00933660008
v  0.0281469803 -0.00341313123 -0.00933595747
v  0.0280110836 -0.0065499302 -0.00933592394
v  0.0277077053 -0.00896953698 -0.00933593232
v  0.0294295587 -0.00966852345 -0.00562062953
v  0.0276169591 -0.00949574914 -0.00933592953
v  0.0286342446 -0.0126224337 -0.0056540356
v  0.0264164042 -0.0140395025 -0.00933594909
v  0.0275340714 -0.0154926898 -0.00567496335
v  0.025969984 -0.0152120236 -0.00933595467
v  0.0261264797 -0.0182313249 -0.00568184862
v  0.0242719334 -0.0186379831 -0.00933599379
v  0.0237957556 -0.0194089692 -0.00933601335
v  0.0244068354 -0.0207948424 -0.00567396032
v  0.023108786 -0.0204203352 -0.00933602918
v  0.0223859195 -0.0231431499 -0.00565222325
v  0.0212581698 -0.0226972215 -0.0093360804
v  0.0200369451 -0.0239334982 -0.00933611579
v  0.0200894717 -0.0252353437 -0.00561948353
v  0.019077573 -0.0247904658 -0.00933614094
v  0.017554488 -0.0270393118 -0.00557864783
v  0.0158181246 -0.0271218922 -0.00933629833
v  0.0148254661 -0.0285414141 -0.00553090917
v  0.0119474223 -0.0297429301 -0.0054765516
v  0.0113121048 -0.0292723756 -0.00933646131
v  0.00896247942 -0.0306455716 -0.00541621679
v  0.00622378383 -0.0306505635 -0.00933680683
v  0.0107323695 -0.029479377 -0.00933650974
v  0.00281489221 -0.0316030644 -0.00527834799
v  0.00590904802 -0.0312584415 -0.00534983072
v  0.0004874265 -0.0324675106 0.00723833172
v  0.00290745264 -0.0322236493 0.00301833404
v  0.0316145755 -0.000602434506 -0.000762391661
v  0.0296769049 -0.0128041049 -0.00163427438
v  0.028476065 -0.0157129113 -0.0016633959
v  0.0269754343 -0.0184890665 -0.00167424267
v  0.025170194 -0.0210898146 -0.00166601001
v  0.0169024505 -0.0287386961 0.0072380933
v  0.0153819267 -0.0292052552 0.00277994946
v  0.0182387158 -0.0277054943 0.00273739384
v  0.0158319622 -0.0292666238 0.00723774219
v  0.0140695116 -0.0300250445 0.00723753916
v  0.0123803699 -0.0303968545 0.00283006253
v  0.0109714288 -0.0310630277 0.00723776501
v  0.00927655026 -0.0312871374 0.00288676401
v  0.00768026151 -0.031817425 0.0072382181
v  0.00610950403 -0.031890545 0.0029496951
v  0.00635957066 -0.0320332423 0.00723840855
v  0.00414702715 -0.0322944783 0.00723861624
v  0.0254488047 -0.0213585552 0.00266008964
v  0.0230652746 -0.0234704651 -0.00163996464
v  0.0233143792 -0.0237604473 0.0026758241
v  0.0206822231 -0.0255860239 -0.00159938529
v  0.0208994858 -0.0258879643 0.00270242686
v  0.0180568043 -0.0274029281 -0.00154762529
v  0.0152363665 -0.0289104618 -0.00148619071
v  0.0122694634 -0.0301137343 -0.00141551462
v  0.00919839274 -0.0310158264 -0.00133641739
v  0.00606144313 -0.0316265188 -0.00124910846
v  0.00288617751 -0.0319633596 -0.00115442288
v  0.0241618808 -0.0232125353 0.00723945163
v  0.0219195541 -0.0253764335 0.00723982463
v  0.0195023622 -0.0272059944 0.00723933708
v  0.00275898608 0.0303231571 -0.00933733117
v  0.00272372761 0.0307661109 -0.00525716878
v  0.00280439481 0.0311015677 -0.00112737343
v  0.00580707053 0.0298107564 -0.00933737587
v  0.0086974958 0.0294677373 -0.00535107497
v  0.00883673877 0.0289305933 -0.00933743641
v  0.0115812458 0.0283694528 -0.00539331697
v  0.0117988065 0.0276860837 -0.00933737494
v  0.0143501665 0.0269908924 -0.00543533312
v  0.0146220597 0.026104331 -0.00933731161
v  0.0169745591 0.025354838 -0.00547803147
v  0.017261317 0.0242151674 -0.00933730323
v  0.0194279086 0.0234760009 -0.00552108418
v  0.0196956247 0.0220296774 -0.00933717191
v  0.0216829572 0.0213686079 -0.00556249358
v  0.0237149298 0.0190584548 -0.0055990112
v  0.0218654964 0.0196072441 -0.00933703501
v  0.0254998356 0.0165724661 -0.00562635949
v  0.0237111524 0.0170426834 -0.0093370406
v  0.0270128772 0.013927931 -0.0056397845
v  0.0252929833 0.0142396288 -0.00933696702
v  0.0282411296 0.0111489706 -0.00563694676
v  0.0265178811 0.01136092 -0.00933672208
v  0.0291663576 0.00827863626 -0.00561635522
v  0.0273952223 0.00848122779 -0.00933693163
v  0.0297569185 0.00534468796 -0.00557610299
v  0.0279633142 0.00528805144 -0.00933698658
v  0.0279161893 0.00567852845 -0.00933701545
v  0.0281470306 0.00220475555 -0.00933596026
v  0.030438574 0.00539948186 -0.00356900459
v  0.0309546478 0.00546868471 -0.00148662226
v  0.0319558494 0.00252179732 0.00287723867
v  0.0321667418 0.0030358003 0.00723855058
v  0.0315433145 0.00562912831 0.00282912957
v  0.0316449925 0.00642808573 0.0072386493
v  0.0308326781 0.00869451929 0.00278600352
v  0.0307868719 0.0097281849 0.00723841134
v  0.0298149288 0.0116921244 0.00275581772
v  0.0295952838 0.0129180001 0.00723837409
v  0.028502496 0.0145889828 0.00274141831
v  0.0289296266 0.0143560646 0.00723844627
v  0.028086843 0.0159537066 0.0072383876
v  0.0269081127 0.0173449647 0.00274170213
v  0.0263077393 0.0187626313 0.0072377813
v  0.0250407495 0.0199352149 0.0027547318
v  0.0242955387 0.0213129018 0.00723784976
v  0.0229122117 0.0223300066 0.00277782511
v  0.0220652949 0.0235970076 0.00723845931
v  0.0205382165 0.0244877953 0.00280746515
v  0.0195807833 0.0256369729 0.00723876106
v  0.0179412309 0.0263721459 0.00284059648
v  0.0167927388 0.0274377279 0.00723850308
v  0.0151532525 0.0279680844 0.00287583284
v  0.013753443 0.0289514717 0.00723851798
v  0.0122125773 0.0292725433 0.00291242823
v  0.0104669286 0.0301640183 0.00723746512
v  0.00351407845 0.0315575637 0.00723679783
v  0.00700638862 0.0310398135 0.00723614777
v  0.00573460385 0.0302714705 -0.00530667044
v  0.00591134699 0.0306405462 -0.00119234447
v  0.0302864388 0.00846277364 -0.00154088042
v  0.0292977579 0.0113940686 -0.00157470256
v  0.0280074123 0.0142320376 -0.00158567517
v  0.0264311749 0.0169346128 -0.00157576555
v  0.024580894 0.0194762703 -0.0015484608
v  0.0224749055 0.0218327064 -0.00150845514
v  0.0201335233 0.0239695143 -0.00146077049
v  0.0175811388 0.0258554909 -0.00140956487
v  0.0148483049 0.0274756588 -0.00135711883
v  0.0119683621 0.0288216453 -0.00130419293
v  0.00897667184 0.0298789088 -0.00125016191
v  0.0210799612 0.00220711413 -0.0215759017
v  0.00230950769 0.0293578412 -0.0161614269
v  0.00484925555 0.0290140305 -0.0161598083
v  0.00733655319 0.0283995103 -0.0161584578
v  0.00974175986 0.0275049694 -0.0161572229
v  0.0193372816 0.0192710366 -0.0161509588
v  0.0178159382 0.0213305391 -0.0161522105
v  0.016083261 0.0232171863 -0.0161534734
v  0.0141487708 0.024893906 -0.0161547326
v  0.0120261703 0.026331 -0.0161559861
v  0.0193611458 0.0166088976 -0.0195930209
v  0.0233312733 0.00987948291 -0.0161467567
v  0.0210029893 0.0119792446 -0.019591786
v  0.0238230918 0.00735346833 -0.0161460359
v  0.0226382222 0.0123558752 -0.0161476377
v  0.0217421856 0.0147626949 -0.0161486492
v  0.0206441581 0.0170738026 -0.0161497612
v  0.0324519798 -0.00060150394 0.0110955033
v  0.00730040064 -0.0290034954 -0.0162394345
v  0.00481533632 -0.0295340698 -0.0162322316
v  0.0191304777 -0.0231273696 -0.0127534708
v  0.0179994591 -0.022460524 -0.0162252411
v  0.0195551645 -0.0204430763 -0.0162163768
v  0.00506007997 -0.0302265473 -0.0127560338
v  0.0102298874 -0.0288928989 -0.0127633344
v  0.0126911318 -0.0278415661 -0.012763503
v  0.0150177702 -0.0265261531 -0.0127617028
v  0.0171740353 -0.0249499567 -0.0127582438
v  0.0208709016 -0.0182614848 -0.0162065681
v  0.0219498072 -0.0159492381 -0.0161961894
v  0.0228027869 -0.0135365603 -0.0161855537
v  0.0238761865 -0.00853213761 -0.0161645506
v  0.0253959727 -0.00341260177 -0.0140997004
v  0.00240816735 -0.0305440146 -0.0127483672
v  0.00229272735 -0.0298344959 -0.0162203796
v  0.0162139256 -0.0242753848 -0.0162327737
v  0.0142189516 -0.0258529745 -0.0162385292
v  0.0120422244 -0.0271710902 -0.0162419286
v  0.00972154271 -0.0282207169 -0.0162424333
v  0.0223669019 -0.0204758514 -0.0474601574
v  0.0200786926 -0.0204551127 -0.0466701128
v  0.0195497666 -0.0218122974 -0.0473002121
v  0.0146303037 -0.0162137207 -0.0388282575
v  0.0141974082 -0.0168562066 -0.037143372
v  0.0118728932 -0.0196679644 -0.0390384682
v  0.0170920491 -0.0116642211 -0.0407330617
v  0.0181714352 -0.0113759721 -0.0423042327
v  0.0184739772 -0.00730159087 -0.0417458937
v  0.0198701862 -0.00702070259 -0.0434062555
v  0.0171544589 -0.00820551068 -0.0380106084
v  0.0177578907 -0.00369909406 -0.0392631851
v  0.0175160766 -0.00428796513 -0.0371370502
v  0.0176759772 -0.00060594792 -0.0383850746
v  0.0185863022 -0.000604941801 -0.0413934998
v  0.0179869998 -0.00060509867 -0.0399549752
v  0.0177307576 -0.000605724519 -0.0388020985
v  0.0254320931 -0.00651722867 -0.0476906411
v  0.0282442272 -0.000604607631 -0.0495730899
v  0.0271310192 -0.000604534813 -0.0488388129
v  0.0253619459 -0.000604597095 -0.0476448685
v  0.0215885006 -0.0068104146 -0.044909995
v  0.023201704 -0.000604577945 -0.0461008698
v  0.0208930206 -0.000603590335 -0.0442077368
v  0.0292502623 -0.0184624176 -0.0503843203
v  0.0291508138 -0.0203811899 -0.0504148491
v  0.0267283302 -0.0221374147 -0.0494870543
v  0.0290206019 -0.0221856982 -0.0504676737
v  0.0072731534 -0.0223201644 -0.0452368297
v  0.00883905124 -0.0223029144 -0.0467318036
v  0.0107652461 -0.0224683303 -0.0477808975
v  0.00389277306 -0.0232786555 -0.03922645
v  0.00739467517 -0.0226647574 -0.0372797288
v  0.00911688525 -0.0220500454 -0.036307238
v  0.0198897924 -0.00060392695 -0.0431988314
v  0.0196811557 -0.0111561101 -0.0437451005
v  0.0175497718 -0.0153454412 -0.0431348979
v  0.0164327864 -0.0120797995 -0.0390647613
v  0.0160727352 -0.0126721729 -0.0373287983
v  0.0162287336 -0.0155123286 -0.0418372639
v  0.015283891 -0.0157821532 -0.0404013544
v  0.0194908734 -0.000604329805 -0.0427317917
v  0.0185097642 -0.00325430138 -0.0413232408
v  0.017580824 -0.00768250274 -0.0399163105
v  0.016497612 -0.0188841708 -0.044378601
v  0.0148790423 -0.0188993216 -0.0433575287
v  0.0157944113 -0.0203363355 -0.0451868102
v  0.0140118115 -0.020264836 -0.0442970432
v  0.0149766747 -0.021488145 -0.0461299643
v  0.0130255921 -0.0213267244 -0.0453578942
v  0.0140548227 -0.0223022122 -0.0472056903
v  0.0119362185 -0.0220544096 -0.0465299971
v  0.0101587642 -0.0219256599 -0.0454823226
v  0.0114089046 -0.0212596562 -0.0442789756
v  0.0125647029 -0.0202767812 -0.0431562997
v  0.0136042666 -0.0189983416 -0.0421312712
v  0.015618586 -0.0172932204 -0.0425384417
v  0.0170822497 -0.0171982832 -0.0436970927
v  0.00871991459 -0.0219597928 -0.0440421551
v  0.0101116244 -0.0213400573 -0.0428649932
v  0.0114227012 -0.0204305705 -0.0417372547
v  0.0126256226 -0.0192421917 -0.0406792946
v  0.0192319006 -0.0152097782 -0.044321958
v  0.0214651134 -0.0109728156 -0.045092918
v  0.0253804084 -0.0106561007 -0.0477192067
v  0.00598184904 -0.0224776343 -0.0434161946
v  0.00905852206 -0.0215795655 -0.0411808863
v  0.0081737591 -0.0220272113 -0.0392882414
v  0.00976551697 -0.0212990101 -0.0382518992
v  0.0112759778 -0.0203307904 -0.0372413769
v  0.0126676159 -0.0191393867 -0.0362744257
v  0.0105137965 -0.0207532775 -0.0400874838
v  0.0243669897 -0.0220573023 -0.0486444086
v  0.021961771 -0.0219468884 -0.0479237102
v  0.0246626772 -0.0204694774 -0.0483403131
v  0.0249004532 -0.0186913591 -0.0481132828
v  0.0205183346 -0.0188375991 -0.0461641252
v  0.0208702255 -0.0170240961 -0.0457666889
v  0.0250853077 -0.0167784672 -0.0479469746
v  0.0211390965 -0.0150745697 -0.045466315
v  0.0293776505 -0.0144436797 -0.0503524952
v  0.0252225623 -0.0147769582 -0.0478325374
v  0.0177912731 0.00319928676 -0.0394071937
v  0.0185928587 0.00290861051 -0.0414773077
v  0.0185293816 0.00739453034 -0.041824013
v  0.00758781889 0.0257882643 -0.0449266434
v  0.00928329676 0.025900621 -0.0464553572
v  0.00781054748 0.0261738598 -0.0478513129
v  0.0146871889 0.0258686971 -0.0470520779
v  0.0113177001 0.0261637047 -0.0476004332
v  0.0291284528 0.02554629 -0.0504977517
v  0.025493918 0.00693016034 -0.047759939
v  0.0216511935 0.00709005911 -0.0450050868
v  0.0199346449 0.00721562887 -0.0435049683
v  0.0162975211 0.0130117442 -0.0367649384
v  0.013018406 0.0210518222 -0.0399353802
v  0.0123131694 0.0214161705 -0.0380811132
v  0.0149487229 0.0172089376 -0.0381325409
v  0.0135584474 0.0197047163 -0.0370461307
v  0.0037377181 0.0259757321 -0.0391109847
v  0.00599495322 0.0261051934 -0.0462848209
v  0.00445607537 0.0260613374 -0.044457864
v  0.00615605339 0.0257416517 -0.043139562
v  0.0272571817 0.0211106893 -0.0492883921
v  0.026912665 0.0254978575 -0.0495161079
v  0.0312801041 0.0255782269 -0.0516176
v  0.0293774083 0.0210395548 -0.0504557192
v  0.0294970181 0.0162581 -0.0504433066
v  0.0253660064 0.0164188612 -0.0479614809
v  0.0254660156 0.0116186468 -0.0478316322
v  0.0208518337 0.0211831573 -0.0462165996
v  0.0251166727 0.0211697686 -0.0481950082
v  0.0204935279 0.0232924465 -0.0466784984
v  0.024915237 0.0233956296 -0.0483902544
v  0.0182735324 0.0119557753 -0.0423643999
v  0.0194443576 0.0165554956 -0.0444221571
v  0.0177734122 0.0165692177 -0.043144796
v  0.0246455949 0.025420174 -0.0486653857
v  0.0223441627 0.02530187 -0.0479285531
v  0.0200321358 0.025133349 -0.0472761765
v  0.0155659579 0.0246164948 -0.0459596142
v  0.0162989702 0.0229559559 -0.045035325
v  0.0169000942 0.020997081 -0.0442698486
v  0.0101656802 0.0233561192 -0.0372838862
v  0.0109236464 0.022916371 -0.0392357297
v  0.0118437735 0.0226990245 -0.0410365984
v  0.00759192277 0.0248836782 -0.0365086049
v  0.00845331978 0.0244372096 -0.0385468155
v  0.00941285398 0.0241619572 -0.040485803
v  0.0105344681 0.0240769014 -0.0422550552
v  0.012528521 0.0254890565 -0.0462558344
v  0.0106583219 0.0252367184 -0.0450818539
v  0.00911105238 0.0251298305 -0.0435624719
v  0.00781643856 0.0251216181 -0.0417978652
v  0.00566018559 0.0255533475 -0.0378079787
v  0.0176180918 0.00765832467 -0.0399189554
v  0.0171917304 0.0121388044 -0.0406617746
v  0.0164512433 0.0166211464 -0.0416778848
v  0.0152697517 0.0208783019 -0.0430731624
v  0.0144972205 0.0227436274 -0.0439820141
v  0.0135857016 0.024312852 -0.0450443625
v  0.0175281316 0.00360797415 -0.0372054204
v  0.0172078926 0.00806317478 -0.037864808
v  0.0165663324 0.0124747064 -0.0387802348
v  0.0155284842 0.0168157853 -0.0399965383
v  0.0139808021 0.0208785087 -0.0416200347
v  0.0130114658 0.0226420742 -0.0426415652
v  0.0119023249 0.0241210107 -0.0438015126
v  0.0215571299 0.0117590996 -0.0452287085
v  0.0213276818 0.0165311955 -0.045603022
v  0.0197815802 0.0118433181 -0.0438644551
v  0.00577723887 0.0232942738 -7.23863236e-09
v  0.0112147657 0.021218596 4.83731899e-09
v  0.0159927402 0.0178950354 7.61640306e-10
v  0.0198301654 0.0135190478 9.33301769e-10
v  0.0225013588 0.00834797695 -5.17717957e-09
v  0.0238492265 0.00268596993 3.19736765e-10
v  0.0237944946 -0.00313401385 3.95236022e-09
v  0.0223403852 -0.0087696733 5.50705792e-09
v  0.0195724145 -0.0138895828 3.13965254e-09
v  0.0156533718 -0.0181926358 -6.51601928e-09
v  0.0108137373 -0.0214257557 1.6521281e-09
v  0.00533813611 -0.0233988073 7.00441349e-09
v  0.0256203376 0.0262125004 -0.0506757945
v  0.0256203301 0.0297125001 -0.0506757982
v  0.0231371298 0.0262124967 -0.0494574867
v  0.0231371205 0.0297124963 -0.0494574867
v  0.0103966929 0.0262124743 -0.0490604602
v  0.00706807757 0.0262124669 -0.0498142578
v  -0.006871989 0.0262124334 -0.102753162
v  0.00125161663 0.0262124464 -0.108546913
v  0.00604490237 0.0262124538 -0.110557303
v  0.0347974449 0.0262125302 -0.055483494
v  0.0177863073 0.0262124874 -0.0486649796
v  0.0189207643 0.0262124892 -0.0487561673
v  0.0146485446 0.0262124818 -0.0486230329
v  0.0123784505 0.0262124781 -0.0487850495
v  -0.00663432991 0.0262124352 -0.102875277
v  0.0304079 0.0262125079 -0.052699782
v  -0.00600785622 0.0262124352 -0.103342436
v  -0.00314581068 0.0262124389 -0.105775654
v  0.0111035341 0.0262124781 -0.11175207
v  0.0162897725 0.0262124874 -0.112098694
v  0.0214624088 0.0262124967 -0.11158774
v  0.00624106731 0.026212465 -0.0500606336
v  0.00200692471 0.0262124576 -0.0517232046
v  -0.00763475709 0.0262124334 -0.102295697
v  -0.00824675523 0.0262124315 -0.101726763
v  0.0444561169 0.0262125414 -0.067544654
v  0.0264805984 0.026212506 -0.110233113
v  0.0419184975 0.0262125395 -0.0630083829
v  0.0386694521 0.0262125358 -0.0589511767
v  -0.0112042483 0.0262124278 -0.0977870449
v  -0.00266039278 0.0262124483 -0.0544573404
v  -0.00680051278 0.0262124389 -0.0579385422
v  -0.0102951368 0.0262124315 -0.0620673336
v  -0.0130444104 0.026212424 -0.0667257532
v  -0.0149697801 0.0262124185 -0.0717806816
v  0.0312077049 0.0262125153 -0.108071707
v  0.0355150178 0.0262125246 -0.10516236
v  0.0392852575 0.0262125321 -0.101584308
v  0.0424157679 0.0262125395 -0.0974349529
v  0.0448213033 0.026212547 -0.0928272754
v  0.0464363769 0.0262125507 -0.0878867581
v  -0.0160162263 0.0262124147 -0.077087678
v  -0.0161538534 0.026212411 -0.0824951157
v  -0.0137129929 0.026212411 -0.0929948092
v  -0.0153787266 0.026212411 -0.0878484845
v  0.047217004 0.0262125544 -0.082747899
v  0.0471419357 0.0262125563 -0.0775506273
v  0.0462132096 0.0262125432 -0.0724364668
v  0.0347974375 0.0297125299 -0.055483494
v  0.0386694446 0.0297125354 -0.0589511767
v  0.0336597115 0.0297125261 -0.0586346649
v  0.0111035258 0.0297124777 -0.11175207
v  0.00604489492 0.0297124535 -0.110557295
v  0.0112986136 0.0297124796 -0.108562291
v  0.0334160924 0.0297125205 -0.103407636
v  0.0336597115 0.0297125224 -0.102570653
v  0.0377581231 0.0297125299 -0.098472245
v  0.0335241519 0.0297125224 -0.10170953
v  0.0377581194 0.0297125317 -0.0627330765
v  0.0368970074 0.0297125299 -0.0628686398
v  0.0337304026 0.0297125243 -0.0618160814
v  0.0333528854 0.0297125243 -0.0606803223
v  0.0335241519 0.0297125243 -0.0594957881
v  0.0107975444 0.0297124721 -0.0520356484
v  0.0110075232 0.0297124721 -0.0532541536
v  0.0085719917 0.0297124665 -0.0556689575
v  0.0106309075 0.0297124721 -0.0544318594
v  0.0097528724 0.0297124702 -0.0553024113
v  0.00731825922 0.0297124572 -0.10577362
v  0.00849061273 0.0297124609 -0.105532683
v  0.00964668766 0.0297124628 -0.105842456
v  0.0337304026 0.0297125224 -0.0993892401
v  0.0345767103 0.0297125243 -0.0985429287
v  0.0333528854 0.0297125224 -0.100524999
v  0.0357124656 0.029712528 -0.0981654152
v  0.0368970037 0.0297125299 -0.0983366817
v  0.0357124656 0.029712528 -0.0630399063
v  0.0345767103 0.0297125261 -0.0626623929
v  0.0105415061 0.0297124628 -0.106637284
v  0.0109854555 0.0297124628 -0.107748762
v  0.00637805089 0.0297124553 -0.106514208
v  0.00570008438 0.0297124553 -0.107062168
v  0.00485342368 0.0297124535 -0.107269682
v  0.0328395739 0.0297125187 -0.104061492
v  0.0355150104 0.0297125243 -0.105162367
v  0.0292281285 0.0297125112 -0.1063013
v  0.0312076975 0.029712515 -0.108071707
v  0.0253281202 0.0297125038 -0.107989274
v  0.0264805909 0.0297125056 -0.110233121
v  0.0212232973 0.0297124963 -0.109089166
v  0.0214623995 0.0297124963 -0.11158774
v  0.017001804 0.0297124889 -0.109577335
v  0.016289765 0.029712487 -0.112098694
v  0.0127542932 0.0297124814 -0.109443322
v  0.0119280871 0.0297124796 -0.109165333
v  0.0334160924 0.0297125261 -0.0577976778
v  0.0328395739 0.0297125243 -0.0571438335
v  0.0304078925 0.0297125075 -0.0526997671
v  0.0288766492 0.0297125038 -0.0547232702
v  0.0245781783 0.0297124963 -0.0529662631
v  0.020054372 0.0297124889 -0.0519178919
v  0.0177863017 0.029712487 -0.0486649834
v  0.0154212294 0.0297124814 -0.0516050085
v  0.012378443 0.0297124777 -0.0487850532
v  0.00706806965 0.0297124665 -0.0498142615
v  0.03928525 0.0297125317 -0.101584308
v  0.0385951065 0.0297125317 -0.098228626
v  0.0424157567 0.0297125392 -0.0974349454
v  0.0392489545 0.0297125336 -0.0976521075
v  0.0448212996 0.0297125466 -0.0928272754
v  0.0419168212 0.029712541 -0.0931882113
v  0.0464363694 0.0297125503 -0.0878867581
v  0.043744538 0.0297125466 -0.0883196071
v  0.0472170003 0.0297125541 -0.082747899
v  0.0446733274 0.0297125503 -0.0832028463
v  0.0471419245 0.0297125559 -0.0775506347
v  0.0446733274 0.0297125522 -0.0780024752
v  0.0462132022 0.0297125429 -0.0724364668
v  0.0437445343 0.0297125373 -0.0728857219
v  0.0444561094 0.029712541 -0.0675446466
v  0.0419168212 0.0297125373 -0.0680171102
v  0.0419184938 0.0297125392 -0.0630083829
v  0.0392489582 0.0297125336 -0.0635532215
v  0.0385951065 0.0297125336 -0.0629766956
v  -0.00780648971 0.0297124349 -0.0637444481
v  -0.00752179371 0.0297124367 -0.0586811155
v  -0.00446445169 0.0297124423 -0.0598480999
v  -0.00680051977 0.0297124386 -0.057938531
v  -0.000487784477 0.0297124498 -0.0566020496
v  -0.00266040047 0.0297124479 -0.0544573441
v  0.00399891241 0.0297124591 -0.0541079976
v  0.00200691703 0.0297124572 -0.0517232083
v  0.00485342322 0.0297124609 -0.0539356396
v  0.0062410594 0.0297124647 -0.0500606336
v  0.00570008392 0.0297124628 -0.0541431531
v  0.00637805089 0.0297124628 -0.0546911135
v  0.00735533237 0.0297124647 -0.0554485731
v  0.00399891241 0.0297124516 -0.107097328
v  0.00125160895 0.029712446 -0.108546913
v  -0.000487784564 0.0297124442 -0.104603276
v  -0.0031458179 0.0297124386 -0.105775662
v  -0.00446445122 0.0297124386 -0.101357222
v  -0.00811247341 0.0297124311 -0.101754546
v  -0.00874937233 0.0297124311 -0.101140745
v  -0.00780649018 0.0297124349 -0.0974608809
v  -0.0112042567 0.0297124274 -0.0977870449
v  -0.0104091838 0.0297124162 -0.0930363163
v  -0.0137130013 0.0297124106 -0.0929948017
v  -0.0121909855 0.0297124162 -0.0882221833
v  -0.0153787332 0.0297124106 -0.0878484845
v  -0.0130960653 0.0297124162 -0.0831693113
v  -0.0161538608 0.0297124106 -0.0824951157
v  -0.0130960653 0.0297124181 -0.0780360103
v  -0.0160162356 0.0297124144 -0.077087678
v  -0.0121909864 0.0297124218 -0.0729831308
v  -0.0149697866 0.0297124181 -0.0717806667
v  -0.0104091847 0.0297124274 -0.0681689978
v  -0.0130444188 0.0297124237 -0.0667257383
v  -0.0102951443 0.0297124311 -0.0620673336
v  -0.00655160565 0.0297124349 -0.102808438
v  -0.0069476529 0.029712433 -0.102470651
v  -0.00740052201 0.029712433 -0.102199078
v  -0.00628252048 0.02796207 -0.103075929
v  -0.00850089639 0.0279620662 -0.101434015
v  0.0185560118 0.0412955098 -0.0663290769
v  0.0222835541 0.0412955247 -0.0524176955
v  0.0224306006 0.0411839597 -0.0523826368
v  0.0238359142 0.0398426615 -0.0533140153
v  0.0233853683 0.0403129868 -0.0528298542
v  0.0231554601 0.0405363254 -0.0526594855
v  0.022463616 0.0411575548 -0.0523809679
v  0.0228143558 0.0408547632 -0.05246621
v  0.0238896087 0.0397817902 -0.0533939451
v  0.0241321791 0.0394720249 -0.0539150164
v  0.0241865311 0.0393780582 -0.0541447923
v  0.0242112335 0.0393058471 -0.0543851629
v  0.0241546668 0.0392428897 -0.0548861697
v  0.0209189001 0.0392428786 -0.0669622123
v  -0.00850090198 0.0279620662 -0.101434022
v  0.0151394233 0.0414124839 -0.0896202624
v  0.0140102291 0.0414124802 -0.0901026726
v  0.00819249917 0.041412469 -0.0561658628
v  0.0130298529 0.0414124802 -0.0907492638
v  0.00773731386 0.041412469 -0.0560990684
v  0.00534164766 0.0414124653 -0.0570208207
v  0.00949564762 0.041412469 -0.0959225446
v  0.00292090839 0.0414124615 -0.0582496561
v  0.000642735744 0.0414124392 -0.0597261079
v  0.00924991071 0.0414124727 -0.0560588799
v  0.0181382112 0.0414124839 -0.069285132
v  0.0184095744 0.0414124839 -0.0702676326
v  0.0162075441 0.0414124839 -0.0893684849
v  0.0165984072 0.0414124876 -0.0893212631
v  0.0115037262 0.0414124765 -0.0528245382
v  0.0213664416 0.0414124951 -0.0521438383
v  0.0114063118 0.0414124765 -0.0538828745
v  0.0219097957 0.0414124951 -0.0525708124
v  0.0109571517 0.0414124765 -0.054846108
v  0.0182457138 0.0414124839 -0.0662453547
v  0.0102090398 0.0414124727 -0.0556010157
v  0.0180553477 0.0414124839 -0.0672524944
v  0.0180192832 0.0414124839 -0.0682598576
v  0.0188289434 0.0414124839 -0.0711956248
v  0.0192490257 0.0414124914 -0.0886464939
v  0.0193745792 0.0414124839 -0.0720350146
v  0.0200621653 0.0414124839 -0.0728063658
v  0.0113036046 0.0414124765 -0.0519518033
v  0.0154212033 0.0414124839 -0.051605016
v  0.020054346 0.0414124951 -0.0519178808
v  0.0173609834 0.0414124876 -0.0892165899
v  -0.0078047649 0.0414124355 -0.0701836646
v  -0.00623058248 0.0414124392 -0.0671727508
v  -0.00280310167 0.0414124317 -0.09699855
v  -0.00427430216 0.041412428 -0.064394854
v  -0.00196986692 0.0414124355 -0.061898198
v  -0.0099974405 0.041412428 -0.0800774544
v  -0.0082094213 0.041412428 -0.0900523216
v  -0.0098427441 0.041412428 -0.0834715292
v  -0.00924326945 0.0414124243 -0.086815834
v  -0.00970467739 0.041412428 -0.0766924918
v  -0.00896953326 0.0414124317 -0.0733753741
v  -0.00675913878 0.041412428 -0.0931248441
v  0.0123181967 0.0414124765 -0.0914075598
v  0.0116216978 0.0414124615 -0.0922925025
v  0.0115409233 0.0414124615 -0.0924177095
v  0.0208494179 0.0414124876 -0.0734562799
v  0.0214574896 0.0414124876 -0.0739282221
v  0.0209615789 0.0414124951 -0.0876682997
v  0.0224117599 0.0414124988 -0.0863316283
v  0.0103805084 0.0414124727 -0.095381923
v  0.00997149944 0.0414124727 -0.0957711488
v  0.0105257202 0.0414124727 -0.0950567573
v  0.0107382145 0.0414124727 -0.0942637101
v  0.0110997604 0.0414124429 -0.093244262
v  -0.003718897 0.041412387 -0.0968912095
v  -0.00435331371 0.0414124019 -0.0965538546
v  -0.00491758483 0.041412428 -0.095980078
v  -0.0031002867 0.0414124317 -0.0970054045
v  0.0242477413 0.0414125025 -0.0828688741
v  0.0238015503 0.0414125063 -0.0770693719
v  0.0245403983 0.0414125025 -0.080918476
v  0.0243891086 0.0414125063 -0.0789520591
v  0.0228075348 0.0414125025 -0.0753659531
v  0.0235259905 0.0414124988 -0.0847042948
v  0.00973686855 0.039242845 -0.0986796468
v  0.00983428303 0.0385388248 -0.0987957492
v  -0.000447223865 0.0385387912 -0.0996952578
v  -0.0033891683 0.0392428227 -0.0998280272
v  -0.000589748262 0.0384710655 -0.0997196212
v  -0.000738253118 0.0383915976 -0.0997464508
v  -0.00504463166 0.0347124338 -0.10077475
v  -0.00561099639 0.0383928865 -0.100172855
v  -0.00304109813 0.0364701785 -0.100288339
v  -0.00519073941 0.0386846066 -0.100084454
v  -0.00486267824 0.0388682336 -0.100023255
v  -0.000872009143 0.0383069441 -0.0997732133
v  -0.000962974969 0.0382377431 -0.0997936726
v  -0.00408903975 0.039156571 -0.0999045298
v  -0.00470650708 0.0389426351 -0.0999964178
v  0.0230354294 0.0372720025 -0.0525223166
v  0.0237101167 0.0373239033 -0.0528430454
v  0.023040114 0.0371954553 -0.0525235385
v  0.0242416654 0.0374408923 -0.0534380302
v  0.0244989507 0.0375192463 -0.0542189442
v  0.0244426206 0.0375427268 -0.0549697988
v  0.0242980253 0.0383930169 -0.0549301468
v  0.0242466237 0.0374421142 -0.0534466282
v  0.0245954022 0.036647182 -0.0550097227
v  0.0246780608 0.036426127 -0.0548043847
v  0.0247349273 0.0362130553 -0.0545986332
v  0.0247730203 0.0359181464 -0.0542999245
v  0.024763111 0.0356764495 -0.0540413
v  0.0247507319 0.0355996937 -0.0539561249
v  0.0245833788 0.0351946652 -0.0534743369
v  0.0243250504 0.0349394679 -0.053124629
v  0.0241551176 0.0348436497 -0.0529722907
v  0.023953151 0.0347706787 -0.0528358817
v  0.0234944616 0.0347125046 -0.0526447818
v  0.0417838059 0.0376973189 -0.0806026608
v  0.0417072698 0.037712533 -0.0806026608
v  0.0414864905 0.037712533 -0.0772269815
v  0.0398134962 0.0376973115 -0.0905298516
v  0.0397427604 0.0377125405 -0.0905006155
v  0.0408279151 0.0377125405 -0.0872965008
v  0.0345786177 0.037703272 -0.0985417441
v  0.0345563106 0.0377052091 -0.0985556468
v  0.0364344195 0.0376973003 -0.0963977501
v  0.0343162827 0.0377125256 -0.0987266824
v  0.0363736339 0.0377125293 -0.0963512361
v  0.0364344157 0.0376973003 -0.0648075789
v  0.0345563106 0.0377052091 -0.0626496747
v  0.0345786177 0.037703272 -0.0626635775
v  0.0363736302 0.0377125293 -0.064854078
v  0.0343162827 0.0377125256 -0.0624786466
v  0.0348108672 0.0376539491 -0.0984144658
v  0.0382495224 0.0377125368 -0.0935361013
v  0.0383158475 0.0376973078 -0.0935743004
v  0.0414864905 0.0377125442 -0.08397834
v  0.0409018546 0.0376973152 -0.0873162672
v  0.0415623747 0.0376973152 -0.0839883015
v  0.0408279151 0.037712533 -0.0739088133
v  0.0415623747 0.0376973189 -0.0772170126
v  0.0409018546 0.0376973189 -0.0738890469
v  0.0383158438 0.037697304 -0.0676310286
v  0.0382495224 0.037712533 -0.0676692128
v  0.0398134962 0.037697304 -0.0706754699
v  0.0397427641 0.037712533 -0.0707046986
v  0.039171353 0.0376539603 -0.0921077505
v  0.038372077 0.0376539603 -0.0936066806
v  0.0371533632 0.0376539566 -0.0955244899
v  0.0364859514 0.0376539528 -0.0964371786
v  0.0398734622 0.037653964 -0.0905546322
v  0.0406471565 0.037653964 -0.0884242207
v  0.0417751707 0.0376539566 -0.0825587809
v  0.0416267067 0.0376539528 -0.0839967504
v  0.0411754325 0.0376539528 -0.0864878222
v  0.0409645364 0.0376539528 -0.087333031
v  0.0418486893 0.0376539566 -0.0806026608
v  0.0417751707 0.0376539566 -0.0786465406
v  0.0406471603 0.0376539566 -0.0727811009
v  0.0409645364 0.0376539566 -0.073872298
v  0.0411754325 0.0376539566 -0.0747174919
v  0.0416267067 0.0376539566 -0.0772085637
v  0.0398734622 0.0376539566 -0.0706506893
v  0.0391713567 0.0376539566 -0.0690975711
v  0.038372077 0.0376539566 -0.0675986484
v  0.0371533632 0.0376539528 -0.0656808242
v  0.0364859514 0.0376539528 -0.0647681504
v  0.0348108672 0.0376539491 -0.0627908483
v  0.0124904532 0.0376972556 -0.106386073
v  0.0125001688 0.0377124697 -0.106310159
v  0.0158525817 0.0377124734 -0.106519744
v  0.0315394066 0.0376972891 -0.101281926
v  0.0337430984 0.0377052091 -0.0993688554
v  0.0337291956 0.037703272 -0.0993911624
v  0.0314930342 0.0377125181 -0.101221032
v  0.0339141339 0.0377125256 -0.0991288275
v  0.0124822175 0.0376538932 -0.106450438
v  0.00987501536 0.0376538858 -0.105981022
v  0.00935733598 0.0377124622 -0.1057088
v  0.00962547027 0.0377051458 -0.105831161
v  0.00964866392 0.0377032235 -0.105843522
v  0.019203946 0.0377124958 -0.106293999
v  0.0158527661 0.0376972593 -0.106596284
v  0.0192140266 0.0376972668 -0.106369868
v  0.028732663 0.0376972854 -0.103145123
v  0.0286945533 0.0377125144 -0.103078745
v  0.0257085189 0.037697278 -0.104629673
v  0.0256793164 0.0377125069 -0.10455893
v  0.0225177743 0.0376972742 -0.105710641
v  0.0224979669 0.0377125032 -0.105636708
v  0.013373496 0.0376538932 -0.106548943
v  0.0207384583 0.0376539081 -0.106187098
v  0.0192225743 0.0376539044 -0.106434189
v  0.0170688406 0.0376539007 -0.106629848
v  0.0158529226 0.037653897 -0.106661163
v  0.0225345697 0.0376539268 -0.105773315
v  0.0243085194 0.0376539268 -0.105229601
v  0.0257332772 0.0376539305 -0.10468965
v  0.0277071912 0.0376539342 -0.103776626
v  0.0287649687 0.0376539379 -0.103201389
v  0.0308661014 0.0376539417 -0.101857409
v  0.0315787233 0.0376539417 -0.101333544
v  0.0336019173 0.0376539491 -0.0996234119
v  -0.0011137072 0.0379036441 -0.100105248
v  -0.00111044571 0.0379434451 -0.100055471
v  -0.00105869281 0.0379780456 -0.100042909
v  -0.000579955697 0.0377124473 -0.100695446
v  -0.000628298556 0.0376972184 -0.100754783
v  -0.000865694252 0.0377532318 -0.100452073
v  -0.000932727999 0.0377688035 -0.100402363
v  -0.000902581669 0.0377681628 -0.100407183
v  -0.0009073611 0.0381392613 -0.0999008417
v  -0.00100261741 0.0379680917 -0.10006211
v  -0.000991785317 0.0378417298 -0.100243747
v  -0.000960051839 0.0377576575 -0.100414783
v  -0.000850979181 0.0383030102 -0.0997849479
v  -0.00086112303 0.03819374 -0.0998610556
v  -0.000819661946 0.0382867232 -0.0998030826
v  -0.00100328145 0.0381816402 -0.0998331085
v  -0.000988934538 0.0377098843 -0.100465924
v  -0.00110811694 0.0378497317 -0.10018114
v  -0.000669281406 0.0376538709 -0.100805089
v  0.00630215835 0.0376972444 -0.104802884
v  0.00851460081 0.0377051458 -0.105533503
v  0.00848833006 0.0377032235 -0.105532616
v  0.00633009523 0.0377124585 -0.104731627
v  0.00880798884 0.0377124622 -0.105561607
v  0.00385644007 0.0376972258 -0.10369508
v  0.00389157794 0.0377124548 -0.103627086
v  0.00153804291 0.0376972221 -0.102340892
v  0.00158000714 0.0377124511 -0.102276884
v  0.000665275264 0.0376538709 -0.101822667
v  0.00150246744 0.0376538746 -0.102395147
v  0.00382665172 0.0376538783 -0.103752717
v  0.00544881308 0.0376538783 -0.104521424
v  0.00627847482 0.0376538821 -0.104863293
v  0.00822355878 0.0376538858 -0.10553851
v  0.0245078392 0.0377849601 -0.0562091023
v  0.0243739188 0.0378035866 -0.0561559163
v  0.024791779 0.0376671813 -0.056162212
v  0.0240069907 0.0381443463 -0.056557212
v  0.0238977075 0.0382696353 -0.0566788167
v  0.0238924026 0.038293194 -0.0566247851
v  0.0237268582 0.0385388546 -0.0569624119
v  0.0237929039 0.0384392701 -0.0567893088
v  0.0243005436 0.0379024707 -0.0563535467
v  0.0241698846 0.037995737 -0.0564253703
v  0.0241645146 0.038006749 -0.0563790724
v  0.0245127063 0.0377926938 -0.0562918782
v  0.0245130397 0.0377925746 -0.0562509745
v  0.0246117879 0.0377577655 -0.0562847257
v  0.0249121394 0.0377124958 -0.0563438907
v  0.0249392781 0.0376970433 -0.0562717244
v  0.0249619149 0.037653923 -0.0562115237
v  0.0238650478 0.0383234732 -0.0566041172
v  0.023875298 0.0383055471 -0.0565779954
v  0.0241464525 0.03801037 -0.0563315079
v  0.0241168588 0.0380055271 -0.0562885441
v  0.0239867195 0.0380737744 -0.0563094504
v  0.0239356309 0.0381892286 -0.0564270206
v  0.0239593368 0.0381378792 -0.0563705005
v  0.0337419994 0.0377050601 -0.0618347116
v  0.0339141302 0.0377125256 -0.0620764866
v  0.0319371521 0.0377125219 -0.0603302084
v  0.0320252627 0.0376539305 -0.0602196008
v  0.0336016715 0.0376537405 -0.0615813881
v  0.0319851935 0.0376970544 -0.0602699034
v  0.0337291881 0.037703272 -0.061814148
v  0.031480398 0.0376539305 -0.0597972609
v  0.0297800954 0.0376970544 -0.0586941689
v  0.029814709 0.0376539305 -0.0586399585
v  0.028549742 0.0376539268 -0.0578817166
v  0.0274229143 0.0376970507 -0.0573565923
v  0.0274516977 0.0376539268 -0.0572990738
v  0.0297385957 0.0377125069 -0.0587591492
v  0.0273884088 0.0377125032 -0.0574255548
v  0.0184094161 0.0413828604 -0.0662895292
v  0.0182221998 0.0413835309 -0.0672711357
v  0.0181863438 0.0413840078 -0.0682663098
v  0.0183008555 0.0413843058 -0.0692535564
v  0.0185649302 0.0413844101 -0.0702114254
v  0.0189744513 0.0413843058 -0.0711156651
v  0.0195168331 0.0413840078 -0.0719456151
v  0.0201787893 0.0413835309 -0.0726850852
v  0.0209471341 0.0413828641 -0.073317714
v  0.0210346412 0.0412955135 -0.0731936321
v  0.0202832129 0.0412980728 -0.0725765452
v  0.0196356736 0.0412999205 -0.0718545392
v  0.0191052165 0.041301053 -0.0710438639
v  0.0187050384 0.0413014255 -0.0701607391
v  0.0184473004 0.0413010381 -0.0692250729
v  0.0183359589 0.0412999056 -0.0682602972
v  0.0183719005 0.0412980579 -0.0672878325
v  0.021914063 0.0414124802 -0.0525691584
v  0.022145804 0.0413692407 -0.052476
v  0.0242572092 0.0412955284 -0.0838748217
v  0.0238099396 0.0412955284 -0.0848548561
v  0.0236779451 0.0413819849 -0.0847848728
v  0.0166274905 0.0412955135 -0.0896413401
v  0.0166136846 0.0413831174 -0.0894894004
v  0.0173918419 0.04138197 -0.0893857926
v  0.0193169694 0.0413819738 -0.0888044983
v  0.0188667774 0.0412955172 -0.0891427398
v  0.0174351074 0.0412955135 -0.0895297453
v  0.021063162 0.0413819775 -0.0878070891
v  0.020847097 0.041295521 -0.0881409422
v  0.0196331311 0.0412955172 -0.0888264105
v  0.0225418266 0.0413819812 -0.0864441618
v  0.0225250106 0.0412955247 -0.0866887122
v  0.0216426998 0.041295521 -0.0875413939
v  0.0238004494 0.0412955284 -0.0848727077
v  0.0232150499 0.0412955247 -0.0858246461
v  0.0230850019 0.0412955247 -0.0860048234
v  0.0242674891 0.0412955284 -0.0838480964
v  0.0244138762 0.0413819849 -0.0829133913
v  0.0245581865 0.0412955284 -0.0829520598
v  0.0247122794 0.0413819849 -0.0809246823
v  0.0248177666 0.0412955284 -0.0815514773
v  0.0245580208 0.0413819887 -0.0789196342
v  0.0247612949 0.0412955172 -0.0792182237
v  0.0248026997 0.0412955321 -0.0795200542
v  0.0248674639 0.0412955321 -0.0806246176
v  0.0239589196 0.0413819887 -0.0769999772
v  0.0240897033 0.0412955172 -0.0769263059
v  0.0242736731 0.0412955172 -0.0773734227
v  0.0246082898 0.0412955172 -0.0784489289
v  0.022945378 0.0413819849 -0.0752630979
v  0.0232414026 0.0412955135 -0.0754183531
v  0.0238220561 0.0412955172 -0.0763733909
v  0.0215688124 0.0413819849 -0.0737971142
v  0.0217671227 0.0412955135 -0.0737708136
v  0.0227902718 0.0412955135 -0.0748236775
v  0.0218963232 0.0413420722 -0.0522528067
v  0.0220902003 0.0412887149 -0.0522952639
v  0.0147499572 0.0412999205 -0.0901005715
v  0.0146711515 0.0413842611 -0.0899704546
v  0.0156223457 0.0413837843 -0.0896557048
v  0.0110486588 0.0412954986 -0.0943468958
v  0.0109033985 0.0413823128 -0.0943079814
v  0.0112157604 0.0413837321 -0.0934064686
v  0.0113714961 0.0412980802 -0.0934273675
v  0.0116772177 0.0413842238 -0.0925205797
v  0.0118590295 0.0413000323 -0.0925138518
v  0.0122649372 0.0413845219 -0.0917157754
v  0.0125550544 0.0413012393 -0.0916154608
v  0.0129708471 0.0413846448 -0.0910108238
v  0.0130940592 0.0413014665 -0.0911026075
v  0.0134173427 0.041301392 -0.0908485427
v  0.0137805119 0.0413845405 -0.0904249772
v  0.0144136427 0.0413004383 -0.0902507901
v  0.015493813 0.0412984602 -0.0898456648
v  0.0108356578 0.0412954986 -0.0951418281
v  0.0106285317 0.041400969 -0.095084928
v  0.00952366088 0.04129548 -0.0962427258
v  0.00951055344 0.041382309 -0.0960929096
v  0.00962326024 0.0412967615 -0.0962278843
v  0.00989925116 0.0413835347 -0.0959905535
v  0.0099620726 0.0413000882 -0.0961249024
v  0.0102457432 0.041383937 -0.0957792029
v  0.01051737 0.0413835347 -0.0954773277
v  0.0101597514 0.0413012207 -0.0960219726
v  0.0105837639 0.0413006544 -0.09563943
v  0.00997149944 0.0414124578 -0.0957711488
v  -0.00277509075 0.0412954576 -0.0973187238
v  -0.00278819725 0.0413822867 -0.0971689075
v  -0.00409040973 0.0412980057 -0.0970732644
v  -0.00412136083 0.0412976034 -0.0970587805
v  -0.00406535296 0.0413827784 -0.0969187841
v  -0.0046302313 0.0412893891 -0.0967467651
v  -0.0046129832 0.0413791277 -0.0965672135
v  -0.00520143285 0.0412659943 -0.0961908624
v  -0.00507120229 0.0413743705 -0.0960941538
v  -0.0034510775 0.0413835831 -0.0971284807
v  -0.003482081 0.0413021483 -0.0972715542
v  -0.000602309417 0.0412660055 -0.0602329448
v  0.000435105176 0.0412660055 -0.0594399422
v  0.000530366902 0.0413743816 -0.0595712364
v  -0.00838745944 0.0413743667 -0.0901224166
v  -0.00210161693 0.0413743779 -0.0617594495
v  -0.00442314707 0.0413743705 -0.0642746165
v  -0.00639394112 0.0413743667 -0.0670731217
v  -0.00797980092 0.041374363 -0.0701063648
v  -0.00915320963 0.0413743593 -0.0733217597
v  -0.00989380851 0.0413743705 -0.0766634792
v  -0.0101887425 0.0413743705 -0.0800735578
v  -0.0100328978 0.0413743667 -0.0834928155
v  -0.00942897703 0.0413743667 -0.0868619233
v  -0.00692641689 0.0413743705 -0.0932177305
v  -0.00221330929 0.0412660018 -0.061641816
v  -0.00360242487 0.041265998 -0.0630650893
v  -0.00454933196 0.0412659943 -0.0641726851
v  -0.00718278904 0.0412659906 -0.0681173578
v  -0.00653242879 0.0412659906 -0.0669886544
v  -0.00492885336 0.0412659943 -0.0646539405
v  -0.00946854148 0.0412659831 -0.0738471076
v  -0.00930892304 0.0412659831 -0.0732763112
v  -0.00886297412 0.0412659831 -0.0718927607
v  -0.00812818855 0.0412659869 -0.0700408444
v  -0.0100541441 0.0412659794 -0.0766388923
v  -0.0102167465 0.0412659794 -0.0779044405
v  -0.0103509203 0.0412659794 -0.0800702572
v  -0.0103174103 0.0412659757 -0.0820289552
v  -0.0101941023 0.0412659757 -0.0835108534
v  -0.00925912522 0.0412659757 -0.0880975053
v  -0.00958641246 0.0412659757 -0.0869010016
v  -0.00976802874 0.0412659757 -0.0861179605
v  -0.010127157 0.0412659757 -0.084056966
v  -0.00853839237 0.0412659757 -0.0901818499
v  -0.00776540162 0.0412659794 -0.0919505581
v  -0.00706822891 0.0412659794 -0.0932964906
v  -0.00568336481 0.0412659943 -0.0955199897
v  0.00773700979 0.0414124243 -0.0560928248
v  0.00526413741 0.0413743928 -0.0568458773
v  0.00772773754 0.0413648002 -0.0558780208
v  0.00519842701 0.0412660167 -0.056697581
v  0.00772281084 0.0412660204 -0.0557318851
v  0.00282543967 0.0413743891 -0.0580838174
v  0.00274450541 0.0412660129 -0.0579432547
v  0.00106221065 0.0412660092 -0.0589988194
v  0.00822547078 0.0411038101 -0.055705104
v  0.00762600079 0.0411016606 -0.0555905476
v  0.00739725353 0.0409124605 -0.0554668345
v  0.00820615701 0.0413743965 -0.0559750088
v  0.0110148471 0.041322995 -0.0519985259
v  0.0111678615 0.0413941182 -0.0519733913
v  0.0113130044 0.041374404 -0.0528399274
v  0.0108958855 0.0412085392 -0.0520186387
v  0.0109459786 0.0412661172 -0.0520101041
v  0.0111513175 0.0412660278 -0.0528529622
v  0.0110432822 0.0411038138 -0.0528616756
v  0.0108361347 0.0411039181 -0.0520289354
v  0.0108212214 0.0410635956 -0.0520315133
v  0.0110053457 0.040912468 -0.0528647453
v  0.0107975202 0.040912468 -0.0520356558
v  0.00822818838 0.0409124643 -0.0556671359
v  0.00857196655 0.0409124643 -0.0556689613
v  0.00912531465 0.0411038101 -0.0556140617
v  0.00911504868 0.0409124643 -0.0555774048
v  0.0099415211 0.0411038101 -0.0552244261
v  0.00975284725 0.0409124643 -0.055302415
v  0.00991948042 0.0409124643 -0.0551934019
v  0.0105469283 0.040912468 -0.0545602478
v  0.0105781546 0.0411038138 -0.0545820072
v  0.0109236436 0.040912468 -0.0537523739
v  0.0109603843 0.0411038138 -0.0537623018
v  0.011007498 0.040912468 -0.0532541424
v  0.0110650137 0.0412660278 -0.0537905991
v  0.0106670791 0.0412660278 -0.0546439812
v  0.0100042904 0.0412660241 -0.0553127937
v  0.00915454887 0.0412660241 -0.0557184294
v  0.00821773428 0.0412660204 -0.0558132119
v  0.0112216026 0.041374404 -0.053832937
v  0.0108001661 0.041374404 -0.0547367148
v  0.0100982301 0.0413744003 -0.0554450266
v  0.00919830054 0.0413744003 -0.0558746234
v  0.00770255784 0.0411999635 -0.0556690022
v  0.00992011651 0.037712466 -0.0997768044
v  0.00988282356 0.0378086381 -0.0993505493
v  0.00984901376 0.038134139 -0.09896411
v  0.00986445323 0.037942972 -0.0991405845
v  0.0113095539 0.0385071933 -0.0983696282
v  0.0120251449 0.038502425 -0.0978916362
v  0.0121007981 0.038195014 -0.0979817957
v  0.0105959419 0.0377653688 -0.0993384942
v  0.0124467146 0.0377638973 -0.0983940437
v  0.01189873 0.0377124995 -0.0991699621
v  0.0112628816 0.0377645493 -0.0991173387
v  0.0109998342 0.0377124697 -0.0995600671
v  0.0126761263 0.0377125181 -0.0986313224
v  0.0133645972 0.037764553 -0.0973537862
v  0.01338406 0.0377125032 -0.0978909135
v  0.0136982035 0.0377653725 -0.096735388
v  0.0139240045 0.0377124734 -0.0970174149
v  0.0131032486 0.0379342474 -0.0971870422
v  0.0136303212 0.0379429795 -0.0959806442
v  0.013813707 0.0378188379 -0.0960297808
v  0.0142472144 0.0377124771 -0.0961459354
v  0.012248233 0.0379313529 -0.0981574953
v  0.0111440504 0.0379342437 -0.0988310054
v  0.0110557554 0.0382011682 -0.0986182466
v  0.0110105826 0.0385115147 -0.0985093936
v  0.0129090548 0.0382011719 -0.0970631465
v  0.0134066902 0.0382197239 -0.0959207192
v  0.013472422 0.0381153114 -0.0959383324
v  0.0125285033 0.0385057069 -0.0973849446
v  0.0128096966 0.0385115184 -0.096999757
v  0.0132330656 0.038532529 -0.0961054042
v  0.0132959615 0.0385388322 -0.095891051
v  0.010038754 0.037712466 -0.0997650176
v  0.0135091506 0.0385388322 -0.0950954184
v  0.0136186415 0.0382220037 -0.0951247588
v  0.0136856101 0.0381153151 -0.0951426998
v  0.0138395177 0.0379464403 -0.0951839387
v  0.0140268961 0.0378188416 -0.0952341482
v  0.0144604035 0.0377124771 -0.0953503102
v  0.0169624332 0.037946444 -0.0925349966
v  0.0169814005 0.0378188454 -0.092728056
v  0.0160321556 0.0377670638 -0.0930997878
v  0.014099299 0.0382037237 -0.0940684453
v  0.015008579 0.037712492 -0.0942655802
v  0.0148220761 0.0377124771 -0.0945263654
v  0.0145504903 0.0377670601 -0.0943549275
v  0.0146084083 0.0377124771 -0.0949273109
v  0.0155991111 0.0377124958 -0.0937071517
v  0.0152000552 0.0377663895 -0.0936188251
v  0.0163064077 0.0377124809 -0.0933369175
v  0.0170252845 0.0377124809 -0.0931747034
v  0.0139983166 0.0385120437 -0.0940033048
v  0.0142923994 0.037937738 -0.0941914394
v  0.0147765744 0.0385031477 -0.0931187719
v  0.0148560517 0.0381976739 -0.0932126492
v  0.015776081 0.0385120921 -0.0924973637
v  0.0158237051 0.0382037573 -0.092607677
v  0.0169289894 0.0385388397 -0.0921946168
v  0.016940074 0.0382220112 -0.092307426
v  0.0169468541 0.0381153189 -0.0923764259
v  0.0159132816 0.0379377566 -0.0928183571
v  0.0150041096 0.0379348621 -0.0933874771
v  0.0183849316 0.0385388434 -0.0919577107
v  0.0184256304 0.0381153226 -0.0921358168
v  0.0227715392 0.0379464515 -0.0708551183
v  0.0228844956 0.0378188677 -0.0706974044
v  0.0240794849 0.0378188677 -0.0716734603
v  0.0226787589 0.0381153412 -0.0709846541
v  0.0225723851 0.0385388471 -0.071133174
v  0.0226383898 0.0382220186 -0.0710410252
v  0.0238390975 0.0381153412 -0.0719324052
v  0.0231458228 0.0377125032 -0.0703325421
v  0.024384832 0.0377125032 -0.071344547
v  0.0251415353 0.0378188714 -0.0727927163
v  0.0254860055 0.0377125069 -0.0725050345
v  0.0261192527 0.0378188714 -0.0741409957
v  0.0264997371 0.0377125069 -0.073902972
v  0.0269039627 0.0378188714 -0.0756100044
v  0.0273133516 0.0377125069 -0.0754260942
v  0.0274810065 0.0378188714 -0.0771723092
v  0.02791165 0.0377125069 -0.0770459473
v  0.0278395955 0.0378188714 -0.0787987113
v  0.0282834489 0.0377125069 -0.0787322596
v  0.0279730354 0.0378188714 -0.0804588199
v  0.0284218043 0.0377125069 -0.0804535225
v  0.0278788283 0.0378188714 -0.0821216181
v  0.0283241253 0.0377125069 -0.082177572
v  0.0275587365 0.0378188714 -0.0837560296
v  0.0279922448 0.0377125069 -0.0838721916
v  0.0270187445 0.0378188677 -0.0853315219
v  0.0274323598 0.0377125032 -0.0855057165
v  0.0262689348 0.0378188677 -0.0868186504
v  0.0266549308 0.0377125032 -0.0870476216
v  0.025323322 0.037818864 -0.0881896392
v  0.0256744865 0.0377124995 -0.0884691104
v  0.0241995789 0.0378188603 -0.0894188508
v  0.024509348 0.0377124958 -0.0897435993
v  0.0229186974 0.0378188603 -0.0904833302
v  0.0231812857 0.0377124958 -0.0908472911
v  0.0215046145 0.0378188565 -0.0913631842
v  0.021715112 0.037712492 -0.0917595476
v  0.0199837536 0.0378188528 -0.0920419693
v  0.0201382302 0.0377124883 -0.0924633369
v  0.0185043421 0.0378188491 -0.0924802572
v  0.0186043233 0.0377124846 -0.0929177776
v  0.0198621377 0.0381153263 -0.0917102247
v  0.021338895 0.03811533 -0.091051124
v  0.0227119718 0.03811533 -0.0901967958
v  0.0239557084 0.0381153338 -0.0891631842
v  0.0250468627 0.0381153375 -0.0879696161
v  0.0259650517 0.0381153375 -0.0866383985
v  0.0266931169 0.0381153412 -0.085194394
v  0.0272174515 0.0381153412 -0.0836645886
v  0.0275282599 0.0381153449 -0.0820775703
v  0.0276197344 0.0381153449 -0.0804629922
v  0.0274901669 0.0381153449 -0.0788510293
v  0.0271419734 0.0381153449 -0.0772717893
v  0.0265816674 0.0381153449 -0.0757547915
v  0.0258197132 0.0381153449 -0.0743283778
v  0.0248703491 0.0381153412 -0.0730192065
v  0.0197992586 0.0385388471 -0.0915387049
v  0.0212532114 0.0385388508 -0.0908897817
v  0.0226050839 0.0385388508 -0.090048641
v  0.0238296147 0.0385388546 -0.089030996
v  0.0249039214 0.0385388583 -0.0878558606
v  0.025807932 0.0385388583 -0.0865451917
v  0.0265247524 0.038538862 -0.0851234794
v  0.0270409901 0.038538862 -0.0836173072
v  0.0273470003 0.0385388657 -0.0820547938
v  0.0274370629 0.0385388657 -0.0804651529
v  0.0273094941 0.0385388657 -0.0788780749
v  0.026966678 0.0385388508 -0.0773232207
v  0.0264150221 0.0385388508 -0.0758296549
v  0.0256648343 0.0385388508 -0.0744252652
v  0.024730131 0.0385388471 -0.0731363073
v  0.023714805 0.0385388471 -0.0720662922
v  0.0213914886 0.0379464515 -0.0669996068
v  0.0215990692 0.0378086604 -0.0670552254
v  0.0215926487 0.0377670825 -0.0680691749
v  0.0218189154 0.0382037163 -0.0702192858
v  0.0223235544 0.0377125032 -0.0694376975
v  0.0225019343 0.0377125032 -0.0697039664
v  0.0222458858 0.0377670713 -0.0698978305
v  0.0228020828 0.0377125032 -0.0700451806
v  0.0220087133 0.0377125181 -0.0686883554
v  0.0217855573 0.037766397 -0.0690307394
v  0.0219111424 0.0377125032 -0.0678959861
v  0.0220123753 0.0377125032 -0.0671659634
v  0.0220020134 0.0379377455 -0.0700818524
v  0.0210611206 0.0385388434 -0.066911079
v  0.0210586414 0.0382037908 -0.0680910423
v  0.0209386274 0.0385121405 -0.0680967718
v  0.0212842803 0.0381976962 -0.0692097321
v  0.021168422 0.0385031551 -0.069251053
v  0.0217223782 0.0385120213 -0.0702908635
v  0.0212243684 0.0381341577 -0.0669548288
v  0.0212873742 0.0379377753 -0.0680813715
v  0.0215000454 0.0379348844 -0.0691327155
v  -0.00309403962 0.0402796008 -0.0985619053
v  -0.00588320568 0.0384124368 -0.0998709574
v  0.00399889285 0.0384124592 -0.0541080013
v  0.00414851168 0.0384184942 -0.0540485047
v  0.00464181649 0.0385152325 -0.0539424792
v  0.00579972146 0.039179232 -0.0541960895
v  0.00528584141 0.038803719 -0.053992141
v  0.00519942818 0.0387541726 -0.0539730825
v  0.00485913549 0.0385921672 -0.0539357625
v  0.00595727796 0.0393277816 -0.0542955436
v  0.00637802854 0.0398444496 -0.0546911173
v  0.00563594932 0.0353430957 -0.107092537
v  0.0061271037 0.0358113833 -0.106777005
v  0.00626582047 0.0359843858 -0.106643662
v  0.00637803692 0.0361444391 -0.106514208
v  0.00399890123 0.0347124599 -0.107097328
v  0.00451538526 0.0347799063 -0.107247971
v  0.00502300868 0.0349637419 -0.107258953
v  0.00556007726 0.0352855921 -0.107124969
v  0.012754282 0.0347124748 -0.109443322
v  0.0125949625 0.0347185098 -0.109420031
v  0.0121147335 0.0348152481 -0.109265208
v  0.0112387612 0.0354792438 -0.108466618
v  0.0115818204 0.0351037346 -0.108900182
v  0.0116471304 0.0350541882 -0.108959891
v  0.0119231762 0.0348921828 -0.109162353
v  0.0111520421 0.0356277935 -0.108301707
v  0.0109854415 0.0361444466 -0.107748762
v  0.0336539373 0.0353431627 -0.102641366
v  0.0336262546 0.0358114466 -0.102058247
v  0.0335801393 0.0359844491 -0.101871446
v  0.033524137 0.0361445025 -0.101709537
v  0.0328395627 0.0347125158 -0.104061484
v  0.0332282707 0.0347799733 -0.103689522
v  0.0334915891 0.034963809 -0.103255399
v  0.0336440876 0.0352856591 -0.102723286
v  0.0392489471 0.0347125307 -0.0976521
v  0.0391491167 0.0347185619 -0.0977784395
v  0.0387749188 0.0348153003 -0.0981169119
v  0.0376453325 0.0354793109 -0.0984762311
v  0.038192343 0.0351038016 -0.0983959138
v  0.0382767096 0.0350542553 -0.0983692035
v  0.0385900661 0.034892235 -0.0982313752
v  0.0374591574 0.0356278606 -0.0984688699
v  0.0368969887 0.0361445099 -0.0983366817
v  0.0378288254 0.0353431739 -0.0627388433
v  0.037245702 0.0358114578 -0.0627665222
v  0.037058901 0.0359844603 -0.0628126338
v  0.0368969887 0.0361445099 -0.0628686473
v  0.0392489433 0.0347125307 -0.0635532215
v  0.0388769843 0.0347799845 -0.0631645024
v  0.0384428576 0.0349638201 -0.0629011914
v  0.0379107483 0.0352856703 -0.0627486929
v  0.0328395627 0.0347125195 -0.0571438372
v  0.0329658948 0.0347185545 -0.0572436601
v  0.0333043709 0.0348152928 -0.0576178655
v  0.0336636864 0.0354793034 -0.0587474406
v  0.0335833728 0.0351037942 -0.0582004339
v  0.0335566662 0.0350542478 -0.0581160747
v  0.0334188379 0.0348922275 -0.0578027181
v  0.0336563326 0.0356278531 -0.0589336157
v  0.033524137 0.0361445062 -0.0594957881
v  0.0362702571 0.0367263108 -0.098175928
v  0.0359197035 0.0370049328 -0.0981553048
v  0.0353154801 0.0374060124 -0.0982319862
v  0.0351561159 0.0374937169 -0.0982770249
v  0.0353853516 0.0373650342 -0.0629896894
v  0.0355933569 0.0372344553 -0.06302654
v  0.0362462364 0.0367464572 -0.0630323365
v  0.0365330614 0.0364957899 -0.0629822016
v  0.0437445231 0.0347125418 -0.0883196071
v  0.0427163318 0.0347125381 -0.0913720205
v  0.04191681 0.0347125344 -0.0931882113
v  0.0418105684 0.0347125344 -0.0934064165
v  0.0407655947 0.0347125344 -0.0953412428
v  0.0395647958 0.0347125307 -0.0972088277
v  0.0440408625 0.0347125418 -0.0871521309
v  0.0444538817 0.0347125456 -0.0850059316
v  0.0446733162 0.0347125456 -0.0832028463
v  0.0447082967 0.0347125456 -0.0827795789
v  0.0447901227 0.0347125456 -0.0806026608
v  0.0447082967 0.0347125456 -0.0784257352
v  0.0446733125 0.0347125456 -0.0780024752
v  0.0444538817 0.0347125493 -0.07619939
v  0.0440408625 0.0347125493 -0.0740531981
v  0.0437445268 0.0347125493 -0.0728857219
v  0.0427163318 0.0347125456 -0.0698332936
v  0.04191681 0.0347125307 -0.0680171102
v  0.0418105721 0.0347125307 -0.0677989125
v  0.040765591 0.0347125307 -0.0658640787
v  0.0395647921 0.0347125307 -0.0639964938
v  0.0108112935 0.0367262475 -0.107125618
v  0.010653873 0.0370048694 -0.106811717
v  0.0102853552 0.0374059491 -0.106326781
v  0.0101666646 0.0374936722 -0.106211297
v  0.0334030874 0.0373650268 -0.100197896
v  0.0333662294 0.0372344479 -0.100405902
v  0.0333604403 0.0367464498 -0.101058781
v  0.033410579 0.0364957824 -0.101345599
v  0.0212232862 0.0347124934 -0.109089158
v  0.0192387681 0.0347124897 -0.109396882
v  0.0170017947 0.0347124822 -0.109577343
v  0.0151700983 0.0347124822 -0.109596036
v  0.025328109 0.0347125009 -0.107989281
v  0.0252700597 0.0347125009 -0.108009428
v  0.0232835412 0.0347124971 -0.108617805
v  0.0212970208 0.0347124934 -0.109074995
v  0.0308405049 0.034712512 -0.10539148
v  0.0292281173 0.0347125083 -0.1063013
v  0.027176939 0.0347125046 -0.107273631
v  0.0245781653 0.0347125083 -0.0529662669
v  0.0242910683 0.0373605303 -0.0556595251
v  0.0264722221 0.034712512 -0.0536417142
v  0.0246217586 0.0347125083 -0.0529801697
v  0.0282490943 0.034712512 -0.0544153713
v  0.028876638 0.0347125158 -0.0547232702
v  0.0316509046 0.0347125195 -0.0563243665
v  0.0333427601 0.037004929 -0.0604730658
v  0.0333633795 0.0367263071 -0.060122516
v  0.0334194303 0.0374059938 -0.061077293
v  0.0334645137 0.0374937765 -0.0612367503
v  -0.000487803802 0.038412448 -0.0566020384
v  0.00138890988 0.0384124517 -0.0554311424
v  -0.00780650927 0.0384124331 -0.0974608809
v  -0.0080269156 0.0384124331 -0.097148031
v  0.00684041483 0.0404262505 -0.0551436916
v  0.00713369204 0.0407048725 -0.0553368293
v  -0.00239132717 0.0384124443 -0.058009848
v  -0.00348377367 0.0384124406 -0.0589343086
v  -0.00446447078 0.0384124406 -0.0598481037
v  -0.00571886823 0.0384124368 -0.0611510798
v  -0.0078065088 0.0384124331 -0.0637444407
v  -0.00968998298 0.0384124294 -0.0667547509
v  -0.0104092034 0.0384124257 -0.0681690052
v  -0.011553538 0.0384124219 -0.0709421784
v  -0.0121910051 0.0384124219 -0.0729831383
v  -0.0122251967 0.0384124219 -0.0731098279
v  -0.0127341198 0.0384124182 -0.0753711909
v  -0.0130550573 0.0384124182 -0.0776099712
v  -0.0130960848 0.0384124182 -0.0780360177
v  -0.0132016931 0.0384124145 -0.0799132213
v  -0.0130960848 0.0384124145 -0.0831693113
v  -0.0129556926 0.0384124145 -0.0844339579
v  -0.0125573678 0.0384124145 -0.0867198855
v  -0.0121910041 0.0384124145 -0.0882221833
v  -0.0112422099 0.0384124145 -0.0911028311
v  -0.0104092034 0.0384124294 -0.0930363238
v  -0.0103361802 0.0384124294 -0.0931890383
v  -0.0092539778 0.0384124294 -0.0952243432
v  -0.00446446287 0.0347124338 -0.101357222
v  0.00762662804 0.0373649783 -0.105653562
v  0.00742805935 0.0372343846 -0.105725639
v  0.00685975887 0.0367463864 -0.106047072
v  0.00663643004 0.036495734 -0.106233902
v  0.00244608521 0.0347124599 -0.106350221
v  -0.000487795391 0.0347124413 -0.104603276
v  -0.00104196894 0.0347124375 -0.104217924
v  -0.00266728038 0.0347124375 -0.102970593
v  -0.00419547502 0.0347124338 -0.101616368
v  -0.00437948247 0.0347124338 -0.101439819
v  0.0207775924 0.0392930359 -0.067808032
v  0.0207728669 0.0393066406 -0.0681294948
v  0.0207793154 0.039311707 -0.0682718605
v  0.0209268425 0.0393291712 -0.0691078305
v  0.0209997594 0.0393300056 -0.0693303123
v  0.0210864227 0.0393291712 -0.0695484206
v  0.0224479046 0.0392433144 -0.0711970329
v  0.0217807628 0.0392944962 -0.0706169978
v  0.0215931274 0.0393066406 -0.0703964382
v  0.021509245 0.0393116176 -0.0702860206
v  0.0263017826 0.039242886 -0.07588052
v  0.0252494365 0.039242886 -0.0740212426
v  0.0246348493 0.0392428823 -0.0732158795
v  0.0233778581 0.0392428823 -0.0719297156
v  0.0265598893 0.039242886 -0.07650318
v  0.0269846804 0.039242886 -0.0778685287
v  0.0271867216 0.039242886 -0.0788964555
v  0.0272314828 0.039242886 -0.0792283043
v  0.0273136981 0.039242886 -0.0806305334
v  0.0272243749 0.039242886 -0.0820349455
v  0.0272238273 0.039242886 -0.082039319
v  0.0269706324 0.0392428823 -0.0833936781
v  0.0264103431 0.0392428972 -0.0850753039
v  0.0248067863 0.0392428935 -0.0877785534
v  0.0259591397 0.0392428935 -0.0860234275
v  0.0233338326 0.0392428897 -0.0893139243
v  0.0225324482 0.039242886 -0.0899479687
v  0.0210041907 0.039242886 -0.0908792019
v  0.0197565276 0.0392428823 -0.091422148
v  0.019695906 0.0392428823 -0.0914441869
v  0.0183652509 0.0392428786 -0.0918348655
v  0.0169487223 0.0392428599 -0.0920678899
v  0.0168531593 0.0392428599 -0.0920771435
v  0.0160109978 0.039293211 -0.09223786
v  0.0157125834 0.0393066369 -0.0923430026
v  0.0155768003 0.0393118821 -0.0924002081
v  0.014843869 0.0393292084 -0.0928284302
v  0.0146656232 0.0393299982 -0.0929696336
v  0.0144862821 0.0393291041 -0.0931305662
v  0.013411548 0.0392428525 -0.0949800313
v  0.0137247294 0.0392943397 -0.0941520333
v  0.013868737 0.0393066332 -0.093896091
v  0.0139409136 0.0393114313 -0.093782939
v  0.0131985471 0.0392428525 -0.0957749635
v  0.0128735378 0.0392938592 -0.0965816155
v  0.0126246912 0.0393123962 -0.0969866067
v  0.0120512582 0.039329946 -0.0976414457
v  0.0116829099 0.0393289775 -0.0979417786
v  0.0111846738 0.0393176228 -0.0982486606
v  0.0109260818 0.0393085182 -0.0983714238
v  0.0104823858 0.0392886698 -0.0985326096
v  0.011050377 0.0411624648 -0.0519926101
v  -0.00628251955 0.02796207 -0.103075929

# 0 UV coordinates

# 4758 vertex normals
vn 0.997856736 2.44370312e-06 0.0654362738
vn 0.997856021 2.20907941e-06 0.0654476136
vn 0.999950349 2.20641641e-06 0.00996242836
vn 0.999950528 2.62760568e-06 0.00994706526
vn 1 2.63562129e-06 -7.37958399e-05
vn 0.999999583 -0.000198549591 0.000885067566
vn 1 5.78594481e-05 -0.00013419005
vn 1 2.21564937e-06 -7.3818861e-05
vn 1 2.20209859e-06 -7.38240269e-05
vn 0.999999762 0.000501971692 0.000449740997
vn 0.999998987 0.000260017259 -0.00141028897
vn 0.999999046 -0.00109757448 -0.000837514293
vn 0.999999464 2.31612867e-05 0.00102474529
vn 0.999999702 -1.10620458e-05 -0.00076570845
vn 1 2.63489028e-06 -7.38317103e-05
vn 0.999999702 -0.000801855815 -6.91258174e-05
vn 1 0.000141156183 0.000182984615
vn 1 2.17797106e-06 -7.38297531e-05
vn 1 2.20407651e-06 -7.38191156e-05
vn 1 2.17353113e-06 -7.37993032e-05
vn 0.999999344 -0.000829547294 0.000814281404
vn 1 2.30132923e-06 -7.65684963e-05
vn 1 2.2024501e-06 -7.38185918e-05
vn 1 2.20676634e-06 -7.38492017e-05
vn 0.999994457 0.000145590238 -0.00332183414
vn 0.999999106 -0.000264501781 0.00130876538
vn 1 0.000123584934 -8.98761937e-05
vn 1 0.000124134138 -9.41668768e-05
vn 0.999998331 -0.000351566356 0.00180736114
vn 1 2.21388768e-06 -7.3864765e-05
vn 1 2.21316031e-06 -7.38623712e-05
vn 1 2.20308721e-06 -7.38022209e-05
vn 1 2.20831294e-06 -7.38203016e-05
vn 1 2.19176877e-06 -7.37495357e-05
vn 0.99999994 0.000102522194 -0.000399937824
vn 1 2.18210403e-06 -7.38313975e-05
vn 1 2.21114328e-06 -7.38575181e-05
vn 1 2.19829326e-06 -7.37707378e-05
vn 1 2.20247261e-06 -7.3795447e-05
vn 1 2.20192851e-06 -7.37934533e-05
vn 1 2.20376364e-06 -7.38138624e-05
vn 1 2.19098683e-06 -7.37457522e-05
vn 0.865342677 1.90562332e-06 0.501180649
vn 0.865342379 1.9331676e-06 0.501181185
vn -0.746111691 -0.660770476 -0.0818518624
vn -0.473911494 -0.873550713 -0.11098218
vn -0.657795668 -0.747570574 -0.0918860063
vn -0.19168435 -0.971404135 0.140111208
vn -0.0569333881 -0.995891571 0.0704172179
vn -0.0116094491 -0.999794304 0.0166305136
vn -0.203960493 -0.971969426 0.116942532
vn -0.243300512 -0.964198112 0.105483748
vn -0.331320971 -0.937719464 0.104444161
vn -0.333388567 -0.937073171 0.103662506
vn -0.925610602 -0.361018658 -0.113624573
vn -0.45872128 -0.882055283 -0.107485987
vn -0.67396611 -0.720674872 -0.162472695
vn -0.648902237 -0.724482775 -0.232487783
vn -0.679232717 -0.694129348 -0.238384977
vn -0.697724879 -0.63503176 -0.331533819
vn -0.691578329 -0.642043054 -0.330908
vn -0.709202766 -0.558050931 -0.430825531
vn -0.696930051 -0.572089136 -0.432437897
vn -0.693820059 -0.461181968 -0.553104758
vn -0.70055306 -0.459279835 -0.546156943
vn -0.648870051 -0.390202403 -0.65323019
vn -0.601853013 -0.314292729 -0.734161437
vn -0.644997478 -0.369049966 -0.669163942
vn -0.676273465 -0.387730628 -0.6263538
vn -0.315864533 -0.127041265 -0.940260649
vn -0.454109758 -0.138253003 -0.880153656
vn -0.389801592 -0.215198547 -0.895401776
vn -0.539601803 -0.183331147 -0.821717441
vn -0.439765692 -0.353293031 -0.825705886
vn -0.587144494 -0.240290537 -0.772995353
vn -0.166974142 -0.0242967531 -0.985661864
vn -0.198434234 -0.0384541899 -0.979359567
vn -0.241500825 -0.0482404344 -0.96920079
vn -0.263452977 -0.0738684982 -0.961839914
vn -0.361136854 -0.0919669122 -0.927966714
vn -0.0196423829 1.85917197e-05 -0.99980706
vn -0.0186912008 0.000432034751 -0.999825239
vn -0.0406028368 -0.00757994363 -0.99914664
vn -0.0294955876 -0.00089325459 -0.999564528
vn -0.0356513076 -0.011741301 -0.999295294
vn -0.0983062983 0.00532697234 -0.995141923
vn -0.134981319 -0.0295926202 -0.990406156
vn -0.254769206 -0.0190063119 -0.966815114
vn -0.260116071 -0.0572390892 -0.963879287
vn -0.453561306 -0.0552394427 -0.889511526
vn -0.428906679 -0.0336032026 -0.90272361
vn -0.377378285 -0.0410616063 -0.925148427
vn -0.367552549 -0.0308777802 -0.92949003
vn -0.322097749 -0.0203988682 -0.946486652
vn -0.557114661 -0.093479827 -0.825157464
vn -0.594011664 -0.0530745834 -0.802703679
vn -0.598950624 -0.0249483213 -0.800397277
vn -0.645348847 -0.0112117808 -0.763805687
vn -0.752359807 -0.0352778919 -0.657807112
vn -0.82120651 -0.0579881668 -0.567677021
vn -0.950399697 -0.0307929702 -0.309503227
vn -0.937006712 -0.0274782907 -0.348228812
vn -0.990918994 -0.0599435382 -0.120358929
vn -0.749198794 -0.658168197 -0.0742682442
vn -0.788204789 -0.611146688 -0.0723390132
vn -0.800684929 -0.593319178 -0.082921952
vn -0.854349911 -0.518084347 -0.0409246236
vn -0.873562694 -0.48482281 -0.042837061
vn -0.912704647 -0.407835901 -0.0252997186
vn -0.940715611 -0.33804822 -0.02788442
vn -0.96074158 -0.276999444 -0.0157124475
vn -0.980645299 -0.194775775 -0.0199292861
vn -0.990583658 -0.136566579 -0.00967226084
vn -0.998223305 -0.0578665659 -0.0142029533
vn -0.99940151 -0.0327038653 -0.0112705203
vn -0.500465095 -0.856641054 -0.125302792
vn -0.343633145 -0.932311237 -0.112747692
vn -0.381430566 -0.91411984 -0.137461275
vn -0.270002514 -0.9540447 -0.129989713
vn -0.200385839 -0.965471089 -0.166466475
vn -0.192923456 -0.967686057 -0.162370652
vn -0.151079729 -0.975540221 -0.159675255
vn -0.0881717131 -0.981070042 -0.172415987
vn -0.104247957 -0.976711929 -0.187526375
vn 0.00803818461 -0.999891222 -0.0123657985
vn -0.0162472073 -0.998484075 -0.0525884032
vn 0.0201204233 -0.991872072 -0.125638217
vn -0.0319744833 6.8878071e-05 -0.999488711
vn -0.0218308493 0.00797510706 -0.999729872
vn -0.127441868 -0.0282603856 -0.991443336
vn -0.562933624 -0.461465001 -0.685679078
vn -0.628147244 -0.317500561 -0.710369229
vn -0.570516944 -0.285527915 -0.770054698
vn -0.544213533 -0.23718445 -0.804720521
vn -0.496365637 -0.212870404 -0.841609955
vn -0.473511696 -0.176573589 -0.862906992
vn -0.413715035 -0.148662344 -0.898186743
vn -0.397074401 -0.124843895 -0.909255683
vn -0.327025503 -0.0946881846 -0.940259814
vn -0.287376374 -0.0425496399 -0.956872165
vn -0.240436301 -0.0513720103 -0.969304562
vn -0.119140342 -0.00600193162 -0.992859304
vn -0.123125084 0.00563157443 -0.992375195
vn -0.124921322 0.00644539762 -0.992145717
vn -0.125420555 0.00798446592 -0.992071509
vn -0.0286437608 -0.0449939445 -0.998576522
vn -0.0503836051 -0.000449006475 -0.998729825
vn -0.424057007 -0.901718438 0.0841399282
vn -0.425622046 -0.900780261 0.0862599462
vn -0.537335873 -0.839481354 0.0808775276
vn -0.995764971 -0.0568866692 -0.0722224042
vn -0.996050417 -0.0533339493 -0.0709859058
vn -0.978841901 -0.192706451 -0.0687950253
vn -0.888782561 -0.395532191 -0.231559619
vn -0.462339342 -0.884200513 0.0665712059
vn -0.659954429 -0.749466479 0.0525371283
vn -0.656008899 -0.75351131 -0.0432780981
vn -0.789416909 -0.611057758 -0.0585604273
vn -0.770940483 -0.606909335 -0.193162769
vn -0.997159421 -0.0680445656 -0.0322960205
vn -0.997472882 -0.0636794046 -0.0315079391
vn -0.980418444 -0.194662467 -0.0297694225
vn -0.980687916 -0.193341032 -0.0295037106
vn -0.940758824 -0.338061839 -0.0262108818
vn -0.91318363 -0.0811850652 -0.399380326
vn -0.889496624 -0.2060467 -0.407848597
vn -0.938300014 -0.219196558 -0.267480701
vn -0.899788797 -0.34447661 -0.267798334
vn -0.924486399 -0.350960791 -0.148833394
vn -0.864917219 -0.481239289 -0.142572507
vn -0.874563873 -0.48234576 -0.0498052388
vn -0.790452957 -0.611275136 -0.0390745886
vn -0.792459071 -0.609743714 0.0148740867
vn -0.690484524 -0.722877979 0.0260501113
vn -0.690521002 -0.722692549 0.0299372319
vn -0.580859065 -0.813073218 0.0389183685
vn -0.580166221 -0.814479947 -0.00544308824
vn -0.453481197 -0.89126277 0.002341541
vn -0.460610628 -0.887600541 -0.00176082528
vn -0.324297428 -0.945936918 0.00587457838
vn -0.331820071 -0.943341017 0.00179594778
vn -0.176895887 -0.984184086 0.00946391746
vn -0.189312205 -0.981912374 -0.0029937299
vn -0.0532632396 -0.998578489 0.00199713092
vn -0.0707071349 -0.997385681 -0.0149081647
vn 0.00771807227 -0.999884188 -0.0131148649
vn 0.00725339074 -0.999884963 -0.013320134
vn -0.954984248 -0.0876842588 -0.283401847
vn -0.948485196 -0.13618578 -0.286058128
vn -0.973245323 -0.142720371 -0.180067718
vn -0.943231225 -0.278997511 -0.180209026
vn -0.954596877 -0.281917542 -0.0962671041
vn -0.902740598 -0.420663834 -0.0900072753
vn -0.906517804 -0.420963734 -0.0318587162
vn -0.835144579 -0.549562335 -0.0226877965
vn -0.835252225 -0.546822429 0.0577835441
vn -0.706477225 -0.702535033 -0.0856416449
vn -0.696639836 -0.712970436 -0.0797879845
vn -0.698468685 -0.714103758 -0.0468755104
vn -0.802709401 -0.594366372 -0.0488491356
vn -0.791716814 -0.61005193 -0.0319549702
vn -0.886005998 -0.462579429 -0.0318382643
vn -0.886330307 -0.46263653 -0.0196478758
vn -0.944108307 -0.328735024 -0.024346672
vn -0.942656696 -0.328472167 -0.059197858
vn -0.981257856 -0.181705207 -0.0641579479
vn -0.976554811 -0.180294245 -0.117620915
vn -0.991632104 -0.0529895164 -0.117719673
vn -0.982760489 -0.0478687324 -0.178578973
vn -0.606616259 -0.788218558 -0.103577331
vn -0.601880312 -0.79212302 -0.101396561
vn -0.604867578 -0.794461489 -0.0544627458
vn -0.680852175 -0.730211139 -0.0568512529
vn -0.682692707 -0.730682433 -0.00582253514
vn -0.792230904 -0.610076249 -0.0133100245
vn -0.788919151 -0.614442289 -0.00820068363
vn -0.894126892 -0.447506517 -0.0165841673
vn -0.893182576 -0.447601289 -0.0433352403
vn -0.949907124 -0.308389485 -0.050718151
vn -0.945508122 -0.307377905 -0.107392721
vn -0.98015517 -0.164482802 -0.110640079
vn -0.968679428 -0.161278814 -0.188810349
vn -0.980271876 -0.0655454174 -0.186469316
vn -0.968923151 -0.0239948966 -0.246195406
vn -0.66993469 -0.147681758 -0.727583408
vn -0.692372859 -0.127851993 -0.710122287
vn -0.672645867 -0.0715651661 -0.736495733
vn -0.684776843 -0.0138793895 -0.728620589
vn -0.68568188 -0.0201477762 -0.727622449
vn -0.511849582 -0.00708026532 -0.859045923
vn -0.409834802 -0.0573228747 -0.91035682
vn -0.557147384 -0.0933650509 -0.825148344
vn -0.548118472 -0.00787341036 -0.836363673
vn -0.596673131 -0.128508478 -0.792127967
vn -0.785608828 -0.0381880477 -0.617543817
vn -0.751071334 -0.0303752888 -0.659521937
vn -0.734833956 -0.110259548 -0.669224799
vn -0.711839676 -0.132864654 -0.689660251
vn -0.729023516 -0.193517491 -0.65656358
vn -0.707176626 -0.259232253 -0.657799244
vn -0.909575284 -0.0757537484 -0.408575743
vn -0.905712247 -0.103478059 -0.411068916
vn -0.954210579 -0.115780413 -0.275820792
vn -0.928066313 -0.245394856 -0.280132622
vn -0.953050077 -0.25206688 -0.167802826
vn -0.907973826 -0.385376096 -0.164525956
vn -0.918736339 -0.38758865 -0.075488627
vn -0.851307034 -0.520401716 -0.0667711198
vn -0.854244053 -0.519787014 -0.0094101103
vn -0.768971741 -0.639281988 0.000991267618
vn -0.769215703 -0.63880378 0.0153917782
vn -0.678932309 -0.733812034 0.0238919333
vn -0.678426802 -0.734623313 -0.0081033241
vn -0.587065816 -0.809536457 -0.00210989965
vn -0.58465153 -0.808706999 -0.0646186247
vn -0.458199263 -0.88687247 -0.059250921
vn -0.476807863 -0.87622714 -0.0698588565
vn -0.328723282 -0.942375541 -0.0622037873
vn -0.346567661 -0.935256541 -0.072013922
vn -0.186004043 -0.980572224 -0.0622941703
vn -0.206880987 -0.97475332 -0.0840015039
vn -0.0670269355 -0.994952321 -0.0746812522
vn -0.0933460817 -0.990454257 -0.101424329
vn -0.0245610494 -0.994991779 -0.096892558
vn -0.0150699178 -0.982977509 -0.183106929
vn -0.0349944904 -0.977874041 -0.206246868
vn -0.862895548 -0.346175462 -0.368203551
vn -0.840987861 -0.38125059 -0.383910745
vn -0.882912397 -0.26901865 -0.384830683
vn -0.744828105 -0.386595696 -0.543851852
vn -0.786762893 -0.284756869 -0.547647417
vn -0.174908444 0.00916615408 -0.984542012
vn -0.170212463 -0.0158278327 -0.985280275
vn -0.265732229 -0.0401456393 -0.963210642
vn -0.27156955 -0.0537514947 -0.960916638
vn -0.36552307 -0.0785369501 -0.927483082
vn -0.380667508 -0.0949470699 -0.9198246
vn -0.436453998 -0.110147826 -0.89295876
vn -0.454966396 -0.131079599 -0.880808592
vn -0.508247733 -0.146097437 -0.848728359
vn -0.528550327 -0.170482233 -0.831607103
vn -0.5786376 -0.185081199 -0.794306934
vn -0.599040747 -0.211694017 -0.772227824
vn -0.645016253 -0.225511432 -0.730136037
vn -0.663988173 -0.253152192 -0.70358634
vn -0.700851262 -0.26453045 -0.66244334
vn -0.772148669 -0.465786368 -0.432237834
vn -0.804678202 -0.478501201 -0.351467729
vn -0.814849317 -0.468316346 -0.341614425
vn -0.793956876 -0.544934452 -0.269590288
vn -0.816237211 -0.552461505 -0.168947086
vn -0.697845876 -0.69986105 -0.152334154
vn -0.711830616 -0.702132165 -0.0175391119
vn -0.604089081 -0.796890318 -0.00650138268
vn -0.536467969 -0.843217671 0.03444051
vn -0.582111657 -0.812529922 0.0306782313
vn -0.495483339 -0.867480278 0.0444316678
vn -0.845783412 -0.525193512 -0.0939263627
vn -0.824025452 -0.519989431 -0.224928975
vn -0.856798828 -0.473574668 -0.204016656
vn -0.810945928 -0.458634466 -0.363347173
vn -0.841635644 -0.415555447 -0.344910234
vn -0.791600704 -0.399240077 -0.462575018
vn -0.775322497 -0.432523429 -0.460215688
vn -0.745028257 -0.420589328 -0.517723382
vn -0.0396154039 0.000154256544 -0.999215007
vn -0.034134984 0.00698009133 -0.999392867
vn -0.137099102 -0.023443656 -0.990279853
vn -0.132838443 -0.0128256045 -0.991054714
vn -0.271187484 -0.0548760407 -0.960960984
vn -0.277539581 -0.0711493865 -0.958075941
vn -0.377612382 -0.103947207 -0.920110822
vn -0.396396846 -0.126784429 -0.909282804
vn -0.4500826 -0.145295516 -0.881087303
vn -0.473741055 -0.175932676 -0.862911999
vn -0.520628989 -0.192950919 -0.831694305
vn -0.546887934 -0.230070427 -0.804972768
vn -0.586704373 -0.245263323 -0.771766722
vn -0.612988412 -0.287125289 -0.736073554
vn -0.64569819 -0.3001948 -0.70210886
vn -0.669526637 -0.344860226 -0.657879531
vn -0.729245007 -0.369485348 -0.575918674
vn -0.67768991 -0.472519666 -0.563437283
vn -0.722107351 -0.49988237 -0.478203475
vn -0.711847961 -0.554040372 -0.431638479
vn -0.729010165 -0.565020859 -0.386387885
vn -0.711001456 -0.618097365 -0.335309625
vn -0.721642137 -0.625002325 -0.297665387
vn -0.696215451 -0.674993694 -0.244269446
vn -0.702166975 -0.678702235 -0.21523194
vn -0.670590878 -0.723969221 -0.161791459
vn -0.90063709 -0.180563763 -0.395284086
vn -0.86719656 -0.298447222 -0.398621798
vn -0.915808976 -0.312205046 -0.252629936
vn -0.865454197 -0.434464663 -0.249458373
vn -0.88917321 -0.440440863 -0.124027528
vn -0.812705278 -0.571223736 -0.11495021
vn -0.820730388 -0.570946097 -0.0205464419
vn -0.751190841 -0.659973443 -0.0121382056
vn -0.696885824 -0.716581762 0.0293380432
vn -0.590423226 -0.806149602 0.0390285924
vn -0.590464115 -0.805891216 0.0434907936
vn -0.462162167 -0.88527739 0.0518660694
vn -0.454509288 -0.888970017 0.0561572202
vn -0.330609381 -0.941742361 0.0617956631
vn -0.3259615 -0.943201959 0.0641808882
vn -0.176748961 -0.981907189 0.0679566041
vn -0.17921558 -0.981637001 0.0653496683
vn -0.0654521883 -0.996089339 0.0593471117
vn -0.0573974885 -0.996208489 0.0653767735
vn -0.901767313 -0.179715618 -0.393087804
vn -0.874432743 0.0648806766 -0.480788827
vn -0.857190907 -0.0670190305 -0.510619402
vn -0.828577518 -0.0931066349 -0.552078247
vn -0.814885497 -0.157723323 -0.557749987
vn -0.827002943 -0.133949608 -0.546006978
vn -0.797233701 -0.244588658 -0.551901042
vn -0.813710093 -0.216968104 -0.539259434
vn -0.77822566 -0.320307404 -0.54015553
vn -0.800665855 -0.286982477 -0.525904238
vn -0.779034138 -0.342874408 -0.524921834
vn -0.71039331 -0.320438147 -0.626626432
vn -0.690778553 -0.365555823 -0.623854101
vn -0.647587836 -0.396596491 -0.650646746
vn -0.735522568 -0.439232826 -0.515830457
vn -0.732082069 -0.482624143 -0.480759561
vn -0.756011665 -0.494343877 -0.429034352
vn -0.747482896 -0.537067294 -0.390932202
vn -0.764265299 -0.545377791 -0.344182581
vn -0.750643313 -0.58655268 -0.304122597
vn -0.761540413 -0.591846049 -0.264148474
vn -0.74319315 -0.630792201 -0.223081112
vn -0.760385811 -0.637437046 -0.12444859
vn -0.677178204 -0.727167606 -0.112503305
vn -0.600692809 -0.797399104 -0.0576444604
vn -0.986477733 -0.112320416 -0.119355746
vn -0.487307906 -0.873193264 -0.00803439971
vn 0.427155942 9.65756044e-07 -0.904177964
vn 0.257958859 5.9237226e-07 -0.966155887
vn 0.257958859 5.92372203e-07 -0.966155887
vn 0.0819792673 -0.000298433588 -0.996634007
vn 0.0822426155 0.000589319505 -0.996612191
vn 0.0819867104 2.13730182e-05 -0.99663341
vn 0.0819626227 3.64912921e-06 -0.996635377
vn 0.0819561109 -1.31312916e-07 -0.996635914
vn 0.0819561332 -1.84500948e-07 -0.996635914
vn 0.0819984153 -0.00010800676 -0.996632457
vn 0.0823630616 0.0001665319 -0.996602356
vn 0.0784850121 -0.000917199475 -0.996914864
vn 0.0821727142 2.03708396e-07 -0.996618092
vn 0.0817018524 9.57593584e-05 -0.996656835
vn 0.0819561407 -1.5395355e-07 -0.996635914
vn 0.000239315326 -0.999999821 -0.000552323938
vn -3.57885256e-05 -0.999999881 0.000524725881
vn -6.217802e-05 -1 -0.000119781696
vn -0.000175796682 -0.999999881 0.000448389968
vn -0.000377724413 -0.99999994 -2.44546663e-05
vn -0.000377552729 -0.99999994 2.24574069e-06
vn 6.29785573e-05 -1 5.73380275e-05
vn 0.000118718584 -1 -3.50381997e-05
vn 2.3925586e-05 -1 2.99897201e-05
vn 1.79469328e-06 -1 0.000146079823
vn 6.95308991e-05 -1 0.000103501647
vn 4.12452977e-07 -0.99999994 0.000369234505
vn 0.000137403054 -0.99999994 0.00027733235
vn 0.000192937558 -1 9.83918508e-05
vn 6.62852108e-05 -1 0.000180173622
vn -0.000109378394 -1 0.000129321765
vn -1.11998188e-05 -1 1.25580546e-05
vn -1.28525171e-05 -1 1.7837614e-05
vn -1.24283733e-05 -1 1.08143331e-05
vn 0.000149245156 -1 -3.34615797e-05
vn -1.30386388e-06 -1 6.31302028e-05
vn 1.51437353e-05 -1 6.77372809e-05
vn -7.33576962e-05 -1 -2.28707759e-05
vn 7.43986311e-05 -1 3.08836607e-05
vn -2.80229074e-06 -1 5.48848184e-05
vn 5.67852521e-06 -1 5.47573363e-05
vn -0.00026488179 -0.99999994 0.000313030119
vn -3.35980758e-07 -1 0.000195799454
vn 0.000164535173 -1 -2.72055713e-05
vn -5.6990657e-06 -1 4.63094802e-05
vn 1.21685525e-05 -1 2.5114965e-05
vn -3.5708465e-06 -1 2.35040534e-05
vn -3.07708274e-06 -1 2.31955746e-05
vn -7.04566492e-06 -1 1.85887402e-05
vn -9.54528241e-06 -1 1.84462497e-05
vn -5.85074076e-06 -1 1.66191749e-05
vn -0.000117923031 -1 -6.88992441e-05
vn -1.35795299e-05 -1 9.14932207e-06
vn -0.000146545819 -1 -1.86096659e-05
vn -9.55421492e-05 -1 5.6237368e-05
vn 3.46876295e-05 -1 9.70637047e-05
vn -9.95098708e-06 -1 3.16746127e-06
vn 1.65080564e-05 -1 1.43741163e-05
vn 9.37021014e-06 -1 -1.80950599e-06
vn 9.43599152e-05 -1 4.25254948e-05
vn 7.14677954e-05 -1 -1.38640298e-05
vn 0.00013430047 -1 2.49561454e-05
vn 0.000122002471 -1 -6.26417068e-06
vn 0.000181602911 -1 3.65079213e-05
vn 0.000173123553 -1 1.06962689e-05
vn 0.000210564045 -1 4.29545507e-05
vn 0.000208714133 -1 3.68014735e-05
vn -6.66328269e-05 -0.99999994 -0.000241517293
vn 2.42736114e-05 -1 0.000182495394
vn 0.000137519892 -1 4.06847539e-05
vn 0.000148130406 -1 0.000109995155
vn 0.000178765855 -1 7.54483917e-05
vn 0.000173869092 -1 3.51480026e-06
vn 0.00010988662 -1 6.14997771e-05
vn 0.00011029678 -1 1.84991513e-05
vn 6.90882953e-05 -1 5.22353403e-05
vn 6.55143522e-05 -1 0.000101192556
vn 0.000144539736 -1 4.13822818e-05
vn -1.79398728e-06 1 -4.37276213e-07
vn -6.98081349e-05 1 -7.92608116e-05
vn -2.58808041e-06 1 3.55931945e-07
vn -2.15446198e-06 1 -1.64965559e-06
vn -2.02200908e-06 1 -4.8382924e-07
vn -1.92182961e-05 1 5.46411065e-05
vn -4.52931818e-06 1 8.20912646e-06
vn -2.12021655e-06 1 -1.80375764e-06
vn -7.48944922e-06 1 2.35600305e-06
vn 1.07001852e-05 1 -2.03573086e-06
vn 3.46125453e-05 1 -9.22011259e-06
vn -2.2599404e-06 1 3.18428732e-07
vn -2.51030815e-06 1 -7.57153657e-07
vn -2.36712594e-06 1 2.76035649e-07
vn -1.80715983e-06 1 3.83220176e-08
vn -2.13370117e-06 1 2.18232387e-07
vn -2.13657972e-06 1 2.12175166e-07
vn -3.36729227e-06 1 -2.2036013e-06
vn -3.83545284e-07 1 -3.07916423e-07
vn 7.15478876e-08 1 -4.7262256e-07
vn -3.79461062e-06 1 1.17010484e-06
vn -5.01726845e-06 1 1.61225137e-06
vn -2.29616444e-06 1 -2.18975913e-07
vn -2.28642489e-06 1 -6.88535877e-08
vn -2.2540637e-06 1 1.13162471e-07
vn -1.85032297e-06 1 7.52857687e-08
vn -1.71036788e-06 1 2.40292025e-07
vn -1.45400725e-06 1 4.797065e-07
vn -2.21937694e-06 1 -9.29929286e-07
vn 1.42914841e-05 1 -2.84225498e-05
vn -2.19274443e-06 1 -1.42592785e-06
vn -2.2146221e-06 1 -1.21905555e-06
vn -2.22163317e-06 1 -1.05725383e-06
vn -2.21113214e-06 1 -8.24673975e-07
vn -1.40952159e-06 1 4.97118663e-06
vn -2.57582383e-06 1 -8.95392873e-07
vn -2.01662328e-06 1 -5.08527137e-07
vn -2.60172601e-06 1 1.59603087e-06
vn -2.29010243e-06 1 -3.48122597e-07
vn -5.81445784e-06 1 -2.73375531e-06
vn -0.999855459 0.0130435182 -0.010907419
vn -0.999373555 0.0332914665 -0.0120068518
vn -0.00184837286 0.994772434 -0.102099985
vn -0.0681181177 0.991100132 -0.114369929
vn -0.170278355 0.976444483 -0.132519498
vn -0.127990842 0.984898746 -0.116588332
vn -0.0530901365 0.990927041 -0.123470686
vn -0.29509905 0.948246837 -0.117236875
vn -0.25862506 0.959073782 -0.11528451
vn -0.205971107 0.971523404 -0.117124751
vn -0.642044663 0.762026191 -0.0842304602
vn -0.527044773 0.844036341 -0.0991284102
vn -0.525229216 0.845055938 -0.100073583
vn -0.434363723 0.89481914 -0.103086568
vn -0.404736847 0.907422543 -0.113015145
vn -0.384718418 0.916364431 -0.110760845
vn -0.32174629 0.940717757 -0.107374884
vn -0.964194596 0.262839556 -0.0352727622
vn -0.937309861 0.347067326 -0.0315361544
vn -0.923967838 0.379643381 -0.0464150272
vn -0.892420113 0.449253321 -0.041925624
vn -0.871190012 0.487471402 -0.0583057404
vn -0.839454889 0.540884137 -0.0525342934
vn -0.808974802 0.583723724 -0.0694725364
vn -0.780512094 0.621941149 -0.0631669685
vn -0.737397909 0.670636535 -0.0805663168
vn -0.715111017 0.694995463 -0.0748165473
vn -0.628622055 0.772087932 -0.0933517292
vn -0.956183851 0.291302919 -0.0292418431
vn -0.983301342 0.17962268 -0.029226169
vn -0.991474986 0.129028007 -0.0181408301
vn -0.998522401 0.0506843552 -0.0195985883
vn -0.999383271 0.033197809 -0.0114431912
vn -0.997168422 0.0750769153 -0.00430645468
vn -0.0426722206 0.985481441 -0.164333165
vn -0.0428394414 0.990162909 -0.13319993
vn -0.999297976 0.0235713758 -0.0291187149
vn -0.995144248 0.0978782028 -0.0103797102
vn -0.982801199 0.183352783 -0.0219911058
vn -0.978336096 0.206380427 -0.016297495
vn -0.954521894 0.29663533 -0.0299246125
vn -0.946120262 0.322959483 -0.023529185
vn -0.912134051 0.408092052 -0.0383715257
vn -0.899005055 0.43684417 -0.0309369285
vn -0.856663764 0.513873637 -0.04539885
vn -0.840619206 0.540327668 -0.0374875702
vn -0.790273845 0.610666394 -0.0505351573
vn -0.77483505 0.63068974 -0.0431401581
vn -0.715432942 0.696613491 -0.0537150465
vn -0.701719224 0.710874796 -0.0474043116
vn -0.628268123 0.775922239 -0.056779515
vn -0.605960786 0.794020653 -0.0484015457
vn -0.521483183 0.851061642 -0.061232172
vn -0.488251567 0.871193528 -0.0513048731
vn -0.40548104 0.911662042 -0.0667643845
vn -0.367894202 0.928097785 -0.0573439635
vn -0.291140556 0.953830123 -0.0737920031
vn -0.260508537 0.96319288 -0.066292733
vn -0.187407285 0.978853524 -0.0820019841
vn -0.142235547 0.987496138 -0.0679736584
vn -0.100632615 0.990490019 -0.0938220993
vn -0.0338062383 0.995224714 -0.0915688947
vn -0.0304174703 0.99499774 -0.0951536596
vn -0.0541221388 0.981956959 -0.181194246
vn -0.0470937863 0.985922933 -0.160431132
vn -0.161301136 0.97385031 -0.159992144
vn -0.142753735 0.978851438 -0.146530613
vn -0.281810045 0.948160648 -0.146882743
vn -0.260883033 0.955287993 -0.139157951
vn -0.38932699 0.910563409 -0.138919905
vn -0.368077338 0.920538962 -0.130870312
vn -0.508608103 0.851119995 -0.130048499
vn -0.488094658 0.864245355 -0.121834278
vn -0.624884784 0.771401167 -0.120246567
vn -0.605437875 0.788015723 -0.111697115
vn -0.720123768 0.685146213 -0.109527849
vn -0.70102185 0.706083179 -0.100074492
vn -0.792660654 0.601822734 -0.0974604711
vn -0.774166644 0.626964748 -0.0870697722
vn -0.856972873 0.50854367 -0.0835514367
vn -0.840057135 0.537638247 -0.072450757
vn -0.912747264 0.402862042 -0.0677838549
vn -0.898616433 0.435106426 -0.0563107319
vn -0.955700696 0.289931864 -0.0507516488
vn -0.945906699 0.321976364 -0.0398965366
vn -0.983192742 0.179334894 -0.0342207626
vn -0.978242397 0.205901235 -0.0254257508
vn -0.99851805 0.050886862 -0.0192937423
vn -0.995148182 0.0983841866 0.000813040766
vn -0.999637902 0.0244687628 -0.0111936312
vn -0.999639273 0.0243509244 -0.0113269463
vn -0.0482333042 0.987289906 -0.151433766
vn -0.0618342794 0.98330462 -0.171138898
vn -0.170374066 0.970858753 -0.168540567
vn -0.161294609 0.973526835 -0.161955237
vn -0.29493472 0.942240059 -0.158736154
vn -0.281734467 0.947040617 -0.154076993
vn -0.404294312 0.902249396 -0.14997378
vn -0.38922435 0.909730256 -0.144552141
vn -0.524482489 0.840038836 -0.138754755
vn -0.508535922 0.850749969 -0.132724181
vn -0.641014218 0.757203996 -0.125470892
vn -0.624934435 0.771581709 -0.118822046
vn -0.736403406 0.667341888 -0.111197159
vn -0.720351875 0.685808361 -0.103730582
vn -0.808052599 0.581167579 -0.0964120775
vn -0.793023944 0.602741003 -0.0884100944
vn -0.870444298 0.485639334 -0.0805054232
vn -0.85740757 0.509542048 -0.0722433925
vn -0.923444986 0.37841174 -0.0636706948
vn -0.913169026 0.403804421 -0.0553557277
vn -0.971272349 0.233748183 -0.0446295962
vn -0.97740978 0.205955058 -0.0474623553
vn -0.746810615 -0.656008482 -0.109209821
vn -0.823739827 -0.5576967 -0.102113165
vn -0.169829845 -0.975780547 -0.137877151
vn -0.634958863 -0.764266551 -0.112800084
vn -0.0258780159 -0.970576704 -0.239397556
vn -0.323435068 -0.945675611 -0.0329762101
vn -0.998824656 -0.0469636135 -0.0119893905
vn -0.99956727 -0.0271496139 -0.0113217067
vn -0.999837935 -0.0135017326 -0.0119071677
vn -0.995879233 -0.0754658431 -0.0502935722
vn -0.99882561 -0.0470497087 -0.0115643209
vn -0.998737514 -0.0494447611 -0.00886274874
vn -0.986469507 -0.163258567 -0.0149840955
vn -0.984096766 -0.177305683 -0.0107812993
vn -0.96405375 -0.264944494 -0.0201185532
vn -0.958580792 -0.284409493 -0.0153013114
vn -0.92962569 -0.367497712 -0.0272304378
vn -0.91910243 -0.393426865 -0.0215877257
vn -0.88358438 -0.466975868 -0.0348157287
vn -0.864947498 -0.501069367 -0.0282017663
vn -0.826083124 -0.562085688 -0.0405750424
vn -0.802493036 -0.595683455 -0.034149792
vn -0.749247968 -0.660719752 -0.0455734693
vn -0.729989171 -0.682278633 -0.0401461609
vn -0.637210608 -0.769245028 -0.0471667871
vn -0.636168897 -0.770128846 -0.0468049012
vn -0.225613132 -0.973721802 -0.0310581345
vn -0.180342481 -0.981531382 -0.0638176948
vn -0.146874845 -0.9882406 -0.0425244533
vn -0.0486133434 -0.996951401 -0.0610296018
vn -0.0489400923 -0.996947408 -0.0608339235
vn -0.024062708 -0.994663 -0.100331731
vn -0.0350970328 -0.990434885 -0.133442849
vn -0.0335443281 -0.990112782 -0.136203945
vn -0.0438577197 -0.957253098 -0.285907418
vn -0.0435557738 -0.9566679 -0.287905246
vn -0.0540659316 -0.959807217 -0.275403291
vn -0.0572254397 -0.95892179 -0.277838528
vn -0.0490814857 -0.961722612 -0.269593507
vn -0.102885477 -0.963965774 -0.245325312
vn -0.148178741 -0.957045257 -0.249213561
vn -0.234110594 -0.941612482 -0.241987929
vn -0.190184012 -0.954130113 -0.231226638
vn -0.315962523 -0.921352923 -0.226443097
vn -0.410000563 -0.876151443 -0.253491938
vn -0.268804997 -0.949912786 -0.15940395
vn -0.52912724 -0.818077385 -0.225330308
vn -0.381781608 -0.914972365 -0.130646169
vn -0.660214841 -0.73942399 -0.131789625
vn -0.602575779 -0.78291285 -0.154757574
vn -0.497971356 -0.852288365 -0.160090968
vn -0.786097407 -0.609542847 -0.10251037
vn -0.74702841 -0.656279445 -0.106046125
vn -0.751096249 -0.651645601 -0.105888829
vn -0.703080416 -0.699120224 -0.130033836
vn -0.65487361 -0.744167507 -0.131739348
vn -0.999662995 -0.0234246962 -0.0111888358
vn -0.999561071 -0.027112389 -0.0119412364
vn -0.995421708 -0.0944105759 -0.0149090365
vn -0.99278599 -0.117607415 -0.023332797
vn -0.979968965 -0.197253942 -0.0274179932
vn -0.968634427 -0.244351834 -0.0451612957
vn -0.951326668 -0.304330736 -0.0485839806
vn -0.928389907 -0.364506155 -0.0723013207
vn -0.910822749 -0.405964434 -0.074798502
vn -0.876823962 -0.470009357 -0.101345547
vn -0.860143304 -0.49951306 -0.103151239
vn -0.231075495 -0.933819592 -0.273102671
vn -0.281147957 -0.923881471 -0.259612978
vn -0.312553406 -0.913577259 -0.260167092
vn -0.378310084 -0.893772185 -0.24094145
vn -0.411460668 -0.879000068 -0.240954369
vn -0.484444559 -0.84738034 -0.217393681
vn -0.53020227 -0.819763005 -0.216504514
vn -0.601153493 -0.776134491 -0.1903411
vn -0.654664576 -0.732152998 -0.188059345
vn -0.716372788 -0.678917527 -0.160875916
vn -0.746705472 -0.645894647 -0.158905685
vn -0.460936338 -0.886137724 -0.0479338393
vn -0.414801717 -0.908465743 -0.0512791872
vn -0.410239279 -0.910606086 -0.0500029996
vn -0.313996494 -0.948307633 -0.0460303091
vn -0.365308344 -0.928565383 -0.0656970143
vn -0.173358381 -0.982889473 -0.062251009
vn -0.180080935 -0.981062174 -0.0713293925
vn 0.0160331521 -0.997697055 -0.0659052283
vn -0.104705684 -0.99362272 -0.0418399535
vn -0.0469604358 -0.983275414 -0.175966531
vn -0.00854842924 -0.978856504 -0.204369381
vn -0.160810143 -0.964192271 -0.210887089
vn -0.165954396 -0.977187812 -0.132525906
vn -0.304082304 -0.942936003 -0.135667548
vn -0.310860097 -0.941310942 -0.131528437
vn -0.40430519 -0.904979765 -0.132472545
vn -0.412171125 -0.902154267 -0.127407238
vn -0.510710299 -0.850265563 -0.127371415
vn -0.0345594883 -0.965569496 -0.257839352
vn -0.0247293748 -0.96159476 -0.273356915
vn -0.13576211 -0.955052435 -0.263521224
vn -0.134226069 -0.950692892 -0.2795825
vn -0.152559325 -0.950679839 -0.27006197
vn -0.157844737 -0.965576053 -0.206755817
vn -0.285632491 -0.935053289 -0.209974855
vn -0.299734414 -0.932463288 -0.20167172
vn -0.381968975 -0.901788771 -0.20217976
vn -0.400392652 -0.896276176 -0.190721586
vn -0.487137586 -0.852416217 -0.189956844
vn -0.507282495 -0.843516588 -0.176477209
vn -0.602804899 -0.778693914 -0.173959956
vn -0.860410631 -0.499890745 -0.0990088806
vn -0.882009089 -0.463717431 -0.0838219672
vn -0.910542786 -0.405502886 -0.0804935992
vn -0.928709626 -0.365209401 -0.0641916096
vn -0.950918078 -0.303465426 -0.0605274141
vn -0.963616073 -0.263498276 -0.0448635519
vn -0.979677141 -0.196367264 -0.0408970192
vn -0.986307621 -0.162528262 -0.0279613677
vn -0.995293915 -0.093852222 -0.0241205748
vn -0.998860657 -0.0472516082 -0.00668491423
vn -0.999660492 -0.0234096348 -0.0114430785
vn -0.530629337 -0.846157312 -0.049500864
vn -0.521767676 -0.851841927 -0.0460849702
vn -0.519304156 -0.845919549 -0.121421859
vn -0.625639021 -0.770828784 -0.119995028
vn -0.622786462 -0.766051531 -0.159066349
vn -0.787197232 -0.598499358 -0.148724467
vn -0.719830036 -0.68360734 -0.120522536
vn -0.799589336 -0.589227915 -0.116048895
vn -0.79834044 -0.587597728 -0.131838828
vn -0.817074955 -0.561625361 -0.130251676
vn -0.820206344 -0.566363394 -0.0805858374
vn -0.878268361 -0.472495377 -0.0734358281
vn -0.853538573 -0.517599463 -0.0596886612
vn -0.92915982 -0.3662332 -0.0503515191
vn -0.912326992 -0.407666892 -0.0383035019
vn -0.968939245 -0.245326653 -0.0311697032
vn -0.96062547 -0.276965052 -0.0221150648
vn -0.992863297 -0.117967114 -0.0175002813
vn -0.990556717 -0.136562839 -0.0121654142
vn -0.999547005 -0.0276613366 -0.0118610663
vn -0.999405622 -0.0327038169 -0.0109049035
vn -0.00213832641 -0.898360431 0.439253837
vn -0.0426129252 -0.884997189 0.46364221
vn -0.0357092246 -0.893129408 0.448380083
vn -0.12651363 -0.891712427 0.434560925
vn -0.151706666 -0.87172097 0.465926677
vn -0.197953969 -0.875066698 0.44167012
vn -0.293171734 -0.839571059 0.457351953
vn -0.30646497 -0.818857372 0.485336781
vn -0.248817191 -0.860715449 0.444138438
vn -0.743270099 -0.469529688 0.476541132
vn -0.667641938 -0.535411656 0.517289698
vn -0.697487295 -0.529620767 0.482714504
vn -0.614192665 -0.628159165 0.477685481
vn -0.659699202 -0.612373471 0.435655475
vn -0.533560276 -0.661865056 0.526543558
vn -0.575109899 -0.65949142 0.484065801
vn -0.48974368 -0.74394089 0.454646081
vn -0.434798658 -0.753596127 0.492993921
vn -0.404779702 -0.794706225 0.452322274
vn -0.358032644 -0.817667544 0.450813115
vn -0.760804653 -0.380428165 0.525785804
vn -0.769189596 -0.409760773 0.490350395
vn -0.812110782 -0.314854443 0.491266459
vn -0.807393491 -0.291384131 0.51304096
vn -0.833196461 -0.25955075 0.4882797
vn -0.869658589 -0.131398544 0.47584483
vn -0.84522897 -0.179045051 0.503518462
vn -0.84147805 -0.171369106 0.512393713
vn -0.844574451 -0.221218064 0.48760283
vn -0.877770126 -0.0957656652 0.469412923
vn -0.873400927 -0.0594350249 0.483361512
vn -0.892761052 -0.0321044698 0.449385196
vn -0.319833279 0.817716062 0.478588641
vn -0.873960137 0.175256625 0.453297675
vn -0.881661952 0.130504191 0.453476399
vn -0.893122017 -0.016259715 0.449520499
vn -0.884700775 0.0731822774 0.460379064
vn -0.871816218 0.0558644943 0.486637056
vn -0.880633056 0.109478138 0.460977137
vn -0.827744961 0.238388211 0.507946193
vn -0.870386541 0.21480599 0.443041354
vn -0.823655903 0.323848277 0.465524703
vn -0.807943702 0.333657354 0.485695064
vn -0.800259829 0.380913228 0.463129878
vn -0.614994347 0.624158919 0.481879294
vn -0.633627951 0.594582617 0.494961679
vn -0.640684783 0.574538589 0.509341121
vn -0.688958645 0.55493176 0.466247529
vn -0.74314642 0.463451385 0.482645005
vn -0.726335287 0.467620581 0.50375396
vn -0.780631423 0.418954819 0.463779479
vn -0.363170087 0.799025357 0.479234755
vn -0.385065168 0.783162892 0.488242447
vn -0.411681235 0.75554055 0.509585202
vn -0.438072801 0.75650686 0.485581696
vn -0.544106722 0.686254978 0.482702821
vn -0.503304541 0.680998445 0.531907499
vn -0.581415236 0.655345857 0.482159823
vn -0.237232327 0.813031793 0.531695545
vn -0.288326293 0.840016723 0.459608316
vn -0.161908656 0.866470218 0.472244561
vn -0.147767156 0.86048013 0.487584651
vn -0.102292664 0.881206989 0.461530566
vn -0.0415132381 0.886753976 0.460373819
vn -0.0416186489 0.886678457 0.460509688
vn 1.0991329e-05 4.35679931e-06 1
vn 1.12220678e-05 3.99423561e-06 1
vn 1.09093608e-05 1.61415676e-06 1
vn 9.93227331e-06 2.98980171e-06 1
vn 1.13901642e-05 2.04267712e-06 1
vn 1.12152393e-05 2.62860931e-06 1
vn 1.10729306e-05 2.72763305e-06 1
vn 1.0830121e-05 3.25984388e-06 1
vn 1.00679199e-05 1.24808787e-06 1
vn 1.16932888e-05 3.8977937e-06 1
vn 1.20432251e-05 2.36877213e-06 1
vn 1.62989109e-05 -2.87710805e-06 1
vn 9.35882599e-06 3.20855929e-06 1
vn 1.25117449e-05 2.37726135e-06 1
vn 1.25386077e-05 3.46472939e-06 1
vn 1.00729785e-05 2.00092177e-06 1
vn 1.04215032e-05 3.13362671e-06 1
vn 1.1621968e-05 3.88967464e-06 1
vn 1.16114697e-05 3.84398754e-06 1
vn 1.07154701e-05 2.3049804e-06 1
vn 9.98250562e-06 2.91769879e-06 1
vn 1.07156256e-05 2.86453223e-06 1
vn 1.07176475e-05 2.86313411e-06 1
vn 1.37078541e-05 3.04615878e-06 1
vn 1.10932915e-05 4.15316345e-06 1
vn 1.04572055e-05 2.83780673e-06 1
vn 9.34538002e-06 2.71981821e-06 1
vn 8.7897979e-06 2.04782123e-06 1
vn 1.27903986e-05 2.93022731e-06 1
vn 1.10467672e-05 3.54424742e-06 1
vn 1.05047575e-05 3.32224454e-06 1
vn 1.19219476e-05 2.88566139e-06 1
vn 1.13281631e-05 2.57704414e-06 1
vn -0.055108726 0.998354495 -0.0158549231
vn -0.0433193669 0.997980714 -0.0464540385
vn -0.998919129 0.0444425531 -0.0136176506
vn -0.998317301 0.0555145629 -0.0167526193
vn -0.997446239 0.0637130141 -0.032275524
vn -0.999715447 -0.0175915603 -0.0161124263
vn -0.999774873 0.0206664056 -0.00480371108
vn -0.999026597 0.0440811068 0.00164678635
vn -0.996601641 0.0823281035 0.00268273847
vn -0.991424143 0.129801318 0.0151567087
vn -0.991649866 0.128062993 0.0151788676
vn -0.981513023 0.190450609 0.0189934373
vn -0.976410925 0.214162841 0.0274953526
vn -0.954144895 0.297400475 0.0340653583
vn -0.955683589 0.292293429 0.0351208858
vn -0.922622323 0.383516252 0.0410289615
vn -0.928864777 0.367718667 0.0446457416
vn -0.905906558 0.421585292 0.0399895497
vn -0.879002631 0.474799454 0.0438157208
vn -0.863628268 0.502760649 0.0371213034
vn -0.80039382 0.598467171 0.0347382911
vn -0.755635738 0.653819084 0.0391818658
vn -0.725063562 0.688046575 0.029576635
vn -0.675112486 0.736932456 0.0339663289
vn -0.634830952 0.772310197 0.0229470525
vn -0.575301588 0.81750977 0.0265682694
vn -0.57489413 0.817795217 0.0266032014
vn -0.522087276 0.85277164 0.0143323923
vn -0.462838203 0.886327088 0.0143214762
vn -0.41612643 0.909306526 0.000677408709
vn -0.359698087 0.933068633 -0.000410153065
vn -0.307891756 0.951292574 -0.0156573821
vn -0.261924326 0.964978456 -0.0145686446
vn -0.208858013 0.977561116 -0.0274342932
vn -0.148926079 0.988558531 -0.0239381865
vn -0.171538025 0.984777153 -0.0280832481
vn -0.108150862 0.993582726 -0.0331180654
vn -0.0636250377 0.997583747 -0.0279009715
vn -0.0519907027 0.998054206 -0.03442109
vn -0.0467770658 0.998888016 -0.00588622037
vn -0.0531281494 0.998443067 -0.0169936791
vn -0.115336142 0.99331367 -0.00505250739
vn -0.172292575 0.985044897 -0.00134607847
vn -0.183688238 0.982981801 0.00233410462
vn -0.262364417 0.964944482 0.00686286064
vn -0.280292809 0.959832132 0.0125779985
vn -0.364069372 0.931216657 0.0170015339
vn -0.359890103 0.93282932 0.0175649785
vn -0.413593799 0.9101246 0.0247667376
vn -0.441123277 0.897067249 0.0260889772
vn -0.462854743 0.886064947 0.0255813245
vn -0.500709176 0.864890635 0.0354186334
vn -0.57486701 0.817582071 0.0329776667
vn -0.594061553 0.803512692 0.0381870382
vn -0.663251042 0.74755913 0.0354039967
vn -0.675129294 0.736989379 0.032358747
vn -0.701890945 0.711448371 0.0345002152
vn -0.824186206 0.564696848 0.0428323038
vn -0.824689329 0.565150797 0.0221830942
vn -0.75568372 0.653889358 0.0370249338
vn -0.778449535 0.627262652 0.0236193426
vn -0.728842795 0.683881521 0.0330796652
vn -0.992249548 0.123006478 -0.0176142175
vn -0.989064395 0.146179616 -0.0195739623
vn -0.99145031 0.129405528 -0.0167487413
vn -0.980430603 0.196584851 -0.010497448
vn -0.976795375 0.213836446 -0.0120334057
vn -0.96098417 0.276601344 -0.00107664522
vn -0.954785585 0.297278792 -0.00313433795
vn -0.930511892 0.366163284 0.00848943088
vn -0.923455775 0.383651137 0.00641857646
vn -0.902788401 0.429867923 0.0136642521
vn -0.879770935 0.475163311 0.0149303824
vn -0.880929351 0.473032981 0.0142584657
vn -0.840551794 0.541126549 0.0255880728
vn -0.461372584 -0.887006402 -0.018841153
vn -0.0475209281 -0.998507261 -0.0269268267
vn -0.0481674038 -0.998188138 -0.0360607617
vn -0.0302855782 -0.998659492 -0.0419767722
vn -0.00238482421 -0.999427378 -0.0337529294
vn -0.0490050986 -0.99815464 -0.0358588174
vn -0.0530247986 -0.998117983 -0.0308029354
vn -0.104742415 -0.993936002 -0.033470355
vn -0.146935239 -0.988628209 -0.0320038497
vn -0.410628468 -0.91150564 -0.0232746527
vn -0.32347253 -0.945790768 -0.0290754326
vn -0.225715637 -0.974178851 -0.00529091479
vn -0.531219184 -0.847113609 -0.0143088186
vn -0.999897361 -0.0135042518 -0.00478612399
vn -0.997195303 -0.074430421 0.00785453059
vn -0.997151792 -0.0735221952 -0.0168155301
vn -0.999224901 -0.0359176844 -0.016107697
vn -0.954625726 -0.297554493 -0.0122886682
vn -0.967322171 -0.253376752 -0.00938543305
vn -0.982238829 -0.187138885 -0.0136346454
vn -0.979761362 -0.199524924 -0.016045792
vn -0.99700588 -0.0757430792 -0.0155641995
vn -0.957384229 -0.144770905 -0.249913722
vn -0.983460844 -0.107312962 -0.145906597
vn -0.962301314 -0.271904141 -0.00666124327
vn -0.932235539 -0.361840248 -0.00291574467
vn -0.932407975 -0.361394644 -0.00305203418
vn -0.88865155 -0.458581626 0.00114002067
vn -0.894346893 -0.447367549 -0.00242942525
vn -0.830794752 -0.556567848 0.00350298989
vn -0.845598459 -0.533801556 -0.00437678071
vn -0.753738046 -0.657158613 0.00463609723
vn -0.780188203 -0.625496209 -0.0077973865
vn -0.698955417 -0.71516341 -0.00162743614
vn -0.650036454 -0.759793341 -0.0129107405
vn -0.627690673 -0.778387547 -0.0108258277
vn -0.99711132 -0.0755843073 0.00748428423
vn -0.984119415 -0.177318126 0.00819860771
vn -0.982111812 -0.187935635 0.0116874315
vn -0.958572388 -0.284412235 0.0157708731
vn -0.962125599 -0.272366643 0.0114352005
vn -0.919142008 -0.393441528 0.0195382815
vn -0.932144642 -0.362016797 0.00708173122
vn -0.865130007 -0.50115025 0.0199609604
vn -0.888648272 -0.458585978 0.00176266266
vn -0.802867949 -0.595930398 0.0164338723
vn -0.830790222 -0.55658561 -0.000184029283
vn -0.730567873 -0.682770252 0.00976886973
vn -0.753691852 -0.657227874 0.000261805224
vn -0.636881828 -0.770961344 -0.000418194657
vn -0.650240719 -0.759715736 -0.00435942598
vn -0.538933754 -0.842271328 -0.0113746906
vn -0.538720191 -0.84229666 -0.0177995209
vn -0.549642861 -0.8351565 -0.0201578122
vn -0.429481745 -0.90289408 -0.0181028955
vn -0.428866208 -0.902813435 -0.0316499844
vn -0.453837335 -0.890731215 -0.0250921976
vn -0.349784583 -0.935999691 -0.0394380577
vn -0.27780804 -0.959952295 -0.0362528525
vn -0.226321414 -0.973195553 -0.040854197
vn -0.22080861 -0.974501133 -0.0398886502
vn -0.140151665 -0.989435136 -0.0370892659
vn -0.139549494 -0.989527106 -0.0369053558
vn -0.139733613 -0.9896065 -0.0339638367
vn -0.226761758 -0.973374248 -0.0334915966
vn -0.322616965 -0.944645703 -0.0596887842
vn -0.324181587 -0.94541347 -0.0331618264
vn -0.400698125 -0.915673196 -0.0313620642
vn -0.999282181 0.0359276272 -0.0120149991
vn -0.999256611 0.0206984896 -0.0325239338
vn -0.99660486 0.08233127 -0.000546236057
vn -0.999380708 0.0332917459 -0.0113956174
vn -0.999322653 0.0359303392 -0.00795616489
vn -0.991563499 0.129038319 -0.0122852083
vn -0.987611175 0.156553805 0.01072546
vn -0.937431157 0.347073257 0.0276219416
vn -0.964739382 0.262973309 -0.011089108
vn -0.978464127 0.20615977 -0.0102985874
vn -0.637753308 0.769757032 -0.027291663
vn -0.716368973 0.696244657 -0.0453747772
vn -0.718996882 0.693639636 -0.0436753333
vn -0.781850874 0.623059213 -0.0225040894
vn -0.787364423 0.616323411 -0.0142360497
vn -0.840085149 0.541297853 -0.0354063511
vn -0.879680395 0.475554883 0.00315384148
vn -0.436704218 0.899529219 -0.0116899125
vn -0.528638363 0.846626401 -0.0613610111
vn -0.630936921 0.775031328 -0.0352854542
vn -0.321135879 0.945586205 -0.0523301288
vn -0.323189497 0.944771707 -0.054359965
vn -0.386411548 0.920267642 -0.0615919381
vn -0.0534184724 0.997305751 -0.0502757467
vn -0.128442824 0.988375962 -0.0813349187
vn -0.185829669 0.981345952 -0.0492694192
vn -0.206949458 0.976098955 -0.0663530156
vn -0.259811342 0.963445604 -0.06535016
vn -0.00185978797 0.997183621 -0.0749760866
vn -0.108046629 0.992664218 -0.054255642
vn -0.0605250634 0.996310055 -0.0608521104
vn -0.0603945293 0.994743288 -0.0826941505
vn -0.0432697646 0.99705559 -0.0633078516
vn -0.148758709 0.987390518 -0.0541365147
vn -0.185621053 0.980260491 -0.0680749118
vn -0.208721995 0.976919591 -0.0454227142
vn -0.321359962 0.94627732 -0.0358752273
vn -0.307487041 0.950061202 -0.0532489903
vn -0.478228539 0.876156867 -0.0603873618
vn -0.478508651 0.876675367 -0.0496967956
vn -0.416072816 0.909140885 -0.0186094958
vn -0.787240148 0.616225898 -0.022772206
vn -0.725363255 0.688327432 0.00731416
vn -0.71967715 0.694301844 0.00312286615
vn -0.634739459 0.772218525 -0.0280061252
vn -0.637807667 0.769823015 -0.0239562709
vn -0.575385034 0.817652524 -0.0194023624
vn -0.522037923 0.852687836 -0.0199968517
vn -0.879526198 0.475472093 -0.0189730264
vn -0.864214063 0.503090143 0.00586236129
vn -0.800859272 0.59884131 -0.00367054087
vn -0.956014395 0.292322308 -0.0241696481
vn -0.929768622 0.368060738 0.00784902833
vn -0.906613767 0.421892643 0.00761963986
vn -0.991721451 0.128074601 -0.00924428087
vn -0.981093347 0.190326229 -0.0350969546
vn -0.987626791 0.156556398 0.00913301576
vn -0.949607372 0.313436329 0.00186931179
vn -0.949491203 0.313400298 -0.0157056488
vn -0.893062294 0.449568391 -0.0181120802
vn -0.275568217 0.0466784798 -0.9601475
vn -0.126886562 0.00946480874 -0.991872072
vn -0.821320355 0.437951237 -0.365556598
vn -0.787751794 0.425491273 -0.445425928
vn -0.0101589821 0.999870062 0.0125154303
vn -0.0648959279 0.99787426 -0.00595225301
vn -0.0177706648 -5.0318431e-07 -0.999842107
vn -0.969157517 0.009695624 -0.24625127
vn -0.997145057 0.0750761405 -0.0080846874
vn -0.030520251 0.99790746 -0.0570021719
vn -0.017541606 0.999560773 -0.0238853991
vn -0.188029721 0.982138395 -0.00700326124
vn -0.458796829 0.888393462 0.0162026845
vn -0.291930467 0.956439495 0.000256041851
vn -0.323958635 0.94600302 0.0113631254
vn -0.1724049 0.985023797 -0.00216837926
vn -0.209895402 0.977617085 0.0144476313
vn -0.522446632 0.852630019 -0.00845811144
vn -0.629251659 0.777116477 -0.0115037598
vn -0.692854762 0.720785737 0.0204996187
vn -0.692156434 0.719521344 0.0566435829
vn -0.998451769 0.0452588499 -0.0323370993
vn -0.989916146 0.0749242678 -0.120217852
vn -0.937203705 0.0184455961 -0.348294467
vn -0.915994704 0.0386617929 -0.399323106
vn -0.915152371 0.0429369733 -0.400814831
vn -0.893601418 0.0545867644 -0.445529819
vn -0.875779688 0.0337803327 -0.481527656
vn -0.852487087 0.0496421568 -0.520385802
vn -0.822388887 0.0224230066 -0.56848377
vn -0.801634669 0.0423900262 -0.596309423
vn -0.78575176 0.0331537165 -0.617652833
vn -0.74398607 0.0188444648 -0.667929292
vn -0.4255943 0.127540976 -0.895880997
vn -0.510119855 -0.0825427026 -0.856133401
vn -0.524202406 0.0222541653 -0.851302862
vn -0.599127054 -0.00551406294 -0.80063498
vn -0.603205502 0.00986094959 -0.79752481
vn -0.645291924 0.0169578865 -0.763747871
vn -0.67387265 0.0280967467 -0.738313079
vn -0.685768902 0.0114274425 -0.727729678
vn -0.752244413 0.0390597135 -0.657725394
vn -0.0982620716 -0.0330532603 -0.994611502
vn -0.17307432 0.144010052 -0.974323571
vn -0.146336421 -0.00736205885 -0.989207506
vn -0.0288879555 9.56419026e-05 -0.999582648
vn -0.0548252687 -0.00010869385 -0.998495936
vn -0.0366589054 0.0309408065 -0.998848736
vn -0.143253759 -0.00978591759 -0.989637613
vn -0.163291454 0.103134982 -0.981172323
vn -0.232047737 -0.0374878235 -0.971981764
vn -0.0446671732 -5.73764964e-07 -0.99900192
vn -0.0406939723 0.00809614453 -0.999138832
vn -0.14446868 -0.0144340005 -0.989404082
vn -0.115788423 0.00346737704 -0.993267834
vn -0.213170543 0.0387450419 -0.976246476
vn -0.237939939 0.0387848504 -0.970505178
vn -0.284312636 0.0692927167 -0.956224263
vn -0.323532611 0.0731392205 -0.943386078
vn -0.371435404 0.118145965 -0.920911133
vn -0.578750253 0.815091014 0.0259768497
vn -0.411793858 0.909752905 0.0526826568
vn -0.396113038 0.913215697 0.0955588594
vn -0.368203372 0.926398098 0.0788215846
vn -0.307063937 0.945187688 0.11104928
vn -0.306988925 0.947196186 0.0926129371
vn -0.302673161 0.948401272 0.0944669172
vn -0.183929443 0.978791595 0.0902049616
vn -0.167118996 0.981101692 0.0975227579
vn -0.103488371 0.992451668 0.0658016503
vn -0.104408562 0.990990579 0.0838841721
vn -0.0228873454 0.999617279 -0.0155398659
vn -0.0180551577 0.999836385 0.0011113754
vn -0.0125272144 0.999911904 0.00439012703
vn -0.00765413512 0.999873698 0.0139264753
vn -0.00830015261 0.999880493 0.0130412867
vn -0.209760875 0.976822376 0.0426423661
vn -0.189323008 0.980540216 0.0519394986
vn -0.323584884 0.944759548 0.0521746427
vn -0.311164856 0.948569953 0.0582362115
vn -0.458261788 0.887074053 0.0556391478
vn -0.429050446 0.900467813 0.071228005
vn -0.10100881 0.994357228 -0.0324173048
vn -0.107805952 0.993847191 -0.0254090019
vn -0.108138442 0.993989646 0.0170496348
vn -0.0933342725 0.995628238 0.00363063393
vn -0.0933735073 0.994809091 0.0404503979
vn -0.0667166561 0.997656584 0.015174035
vn -0.0664763376 0.995413363 0.068797797
vn -0.0107634328 0.999852359 0.0133931898
vn -0.718663335 0.682786167 -0.131628409
vn -0.726014316 0.685675681 -0.0524606332
vn -0.673659921 0.738872766 -0.0157922022
vn -0.67456764 0.737708688 0.0272839833
vn -0.632020593 0.773103297 0.0534906536
vn -0.631783068 0.772224367 0.0672284514
vn -0.603563488 0.792904615 0.0837460458
vn -0.604210198 0.794438004 0.0616301671
vn -0.588751018 0.805560648 0.0666653663
vn -0.589693248 0.807379544 0.0200029053
vn -0.406378776 0.913699508 -0.00307528931
vn -0.634710014 0.768845677 -0.0775856227
vn -0.636655033 0.770026505 -0.0415881798
vn -0.68950367 0.722686708 -0.0480481647
vn -0.424337953 0.905468225 0.00803951174
vn -0.066910319 0.995518088 0.0668335333
vn -0.0786732733 0.9951244 0.0594810173
vn -0.18912296 0.979695499 0.0665527657
vn -0.167544857 0.982999742 0.075101465
vn -0.310664415 0.947079718 0.0807938203
vn -0.302947044 0.949283123 0.0841705129
vn -0.457969457 0.884815454 0.0858228877
vn -0.457626313 0.883940101 0.0960625708
vn -0.479438245 0.873385072 0.0856590122
vn -0.479606509 0.873904526 0.0791738853
vn -0.52486068 0.849273264 0.05706295
vn -0.525000274 0.850605845 0.0290585328
vn -0.595006883 0.803663313 -0.00959258713
vn -0.591962218 0.802102685 -0.0788159743
vn -0.751581013 0.652123511 -0.0993023142
vn -0.690777361 0.659210145 -0.297100335
vn -0.739676237 0.620430887 -0.26066187
vn -0.70549345 0.593870342 -0.386777729
vn -0.752252102 0.556332707 -0.353002369
vn -0.704898536 0.522593558 -0.479597777
vn -0.748581052 0.487706184 -0.44918713
vn -0.70659405 0.460511237 -0.53726548
vn -0.57179153 0.207665578 -0.793680966
vn -0.530080736 0.217844874 -0.819486439
vn -0.640160978 0.265501916 -0.720904052
vn -0.592459321 0.27820006 -0.756040156
vn -0.696630895 0.327146471 -0.638498664
vn -0.644841254 0.342657238 -0.683202565
vn -0.707636535 0.374702752 -0.599039555
vn -0.697274446 0.382806927 -0.606025696
vn -0.762860835 0.413665324 -0.496914834
vn -0.729436696 0.44180274 -0.522237897
vn -0.78317523 0.46857962 -0.408741564
vn -0.748740315 0.498729169 -0.436643094
vn -0.790608585 0.520673394 -0.322237939
vn -0.755547106 0.552289546 -0.352313608
vn -0.386030167 0.115408428 -0.915238559
vn -0.953867793 0.0886645392 -0.286835909
vn -0.945826948 0.14709954 -0.289435774
vn -0.893536091 0.139107183 -0.426898599
vn -0.404228657 0.0569596663 -0.912882686
vn -0.254759938 0.0205345061 -0.966786265
vn -0.262391657 0.0338784233 -0.964366555
vn -0.26061359 0.0403715707 -0.964598715
vn -0.377824783 0.0651723146 -0.923580527
vn -0.368621588 0.0967812836 -0.924527705
vn -0.393691987 0.0899412408 -0.914831758
vn -0.262437046 0.0553673767 -0.963359356
vn -0.268288761 0.0351142846 -0.96269834
vn -0.124545172 0.00469948305 -0.992202818
vn -0.139286295 0.0184754655 -0.990079761
vn -0.0439900346 -0.00372982561 -0.999024987
vn -0.0294485185 0.0596519038 -0.997784793
vn -0.547424793 0.164150849 -0.820597708
vn -0.511345625 0.174846336 -0.841400266
vn -0.61746639 0.205806226 -0.759196341
vn -0.579332769 0.218020588 -0.785391986
vn -0.680373847 0.248385981 -0.689489543
vn -0.642166734 0.261932135 -0.720425904
vn -0.734600842 0.290444851 -0.613191128
vn -0.697751045 0.305208534 -0.648067296
vn -0.779072821 0.330875009 -0.53251034
vn -0.744377077 0.346822023 -0.570628822
vn -0.78869617 0.361352682 -0.497375727
vn -0.793908715 0.356387198 -0.492642999
vn -0.832342505 0.367476434 -0.414930075
vn -0.982862473 0.183364183 -0.0189449489
vn -0.98980993 0.142321631 -0.00456168642
vn -0.989430666 0.142333254 -0.0277156904
vn -0.973335147 0.227895826 -0.0261177588
vn -0.972156167 0.22793588 -0.0543837585
vn -0.953780174 0.295908213 -0.0523617417
vn -0.951174855 0.295903742 -0.0877915174
vn -0.996732116 0.03608777 -0.0722685382
vn -0.992605746 0.0801241621 -0.091180712
vn -0.990069151 0.0800535008 -0.115561761
vn -0.975755513 0.185815066 -0.115645647
vn -0.96612519 0.184657767 -0.1802876
vn -0.95398283 0.239551142 -0.180366382
vn -0.932336569 0.236398801 -0.273613095
vn -0.919452846 0.282156557 -0.273850501
vn -0.872521222 0.273121238 -0.405106813
vn -0.322104454 0.0187979974 -0.946517467
vn -0.367562294 0.0288018323 -0.929552794
vn -0.404940158 0.0542766079 -0.912730813
vn -0.436339617 0.0368780009 -0.899025977
vn -0.524005413 0.052266717 -0.850109696
vn -0.516950786 0.0548947603 -0.854253113
vn -0.599346459 0.0694455057 -0.797471702
vn -0.590208411 0.0731014833 -0.803934216
vn -0.671607733 0.0875603408 -0.735714734
vn -0.66122216 0.0921222121 -0.744512439
vn -0.738196731 0.105847284 -0.666229606
vn -0.727392137 0.111179732 -0.677155614
vn -0.796880543 0.12355414 -0.591367662
vn -0.786350965 0.129520133 -0.604050279
vn -0.846154511 0.14006938 -0.514201403
vn -0.836364686 0.146547377 -0.528221548
vn -0.885429859 0.15502578 -0.438156307
vn -0.876588404 0.161928564 -0.453179806
vn -0.908786952 0.167318299 -0.382244498
vn -0.92338711 0.0736536831 -0.376737863
vn -0.953464568 0.0781735629 -0.291194379
vn -0.956735671 0.0364481248 -0.288666576
vn -0.946868122 0.0915972218 -0.308302909
vn -0.954755723 0.296710432 -0.0201118179
vn -0.9678334 0.251557648 -0.00415930478
vn -0.96762538 0.251625121 -0.0196442809
vn -0.945975363 0.323774159 -0.0173464045
vn -0.94535929 0.32395184 -0.0367568918
vn -0.851382077 0.524417996 -0.0115914922
vn -0.822249651 0.568176985 -0.0328696966
vn -0.823641837 0.56600672 0.0353626981
vn -0.798218966 0.602115095 0.0174326357
vn -0.79820621 0.601659894 0.0295334011
vn -0.833702683 0.551593959 0.026152974
vn -0.83381784 0.551901937 0.0123305209
vn -0.791186333 0.611381948 -0.0153728742
vn -0.857409596 0.514322281 -0.0179269463
vn -0.888546646 0.458762228 0.0046990579
vn -0.888547182 0.458702236 0.00872863922
vn -0.860280752 0.509686351 0.0116995657
vn -0.860002339 0.510212958 -0.00887138583
vn -0.880826712 0.473356813 0.00881249271
vn -0.878041387 0.474695951 -0.0608858392
vn -0.900165737 0.43360588 -0.0410798118
vn -0.892580748 0.43368575 -0.123354405
vn -0.842986405 0.524764597 -0.118304849
vn -0.872945845 0.478271753 -0.0960295945
vn -0.912629426 0.408314764 -0.0196608584
vn -0.933592856 0.358333826 -0.00111871189
vn -0.93354547 0.358387649 -0.0071481131
vn -0.908717394 0.417388201 -0.00445231097
vn -0.907954872 0.417812139 -0.0324191377
vn -0.923245072 0.383867413 -0.0162598751
vn -0.919265687 0.384442598 -0.084584251
vn -0.934890807 0.34853223 -0.0671156198
vn -0.925749004 0.348024428 -0.147877693
vn -0.907877684 0.392853856 -0.146369159
vn -0.889367521 0.389408737 -0.239554241
vn -0.849021435 0.47290653 -0.235631034
vn -0.877799153 0.428209871 -0.214720726
vn -0.999851346 0.01304352 -0.0112744942
vn -0.999033689 0.0419368297 -0.0131541993
vn -0.998289406 0.0493508503 -0.0313483626
vn -0.990948141 0.130690053 -0.0306903832
vn -0.989228666 0.130521998 -0.0662615821
vn -0.976086259 0.20738259 -0.0651770905
vn -0.972698092 0.207110167 -0.104707949
vn -0.958186567 0.26671499 -0.103642002
vn -0.949474573 0.265820652 -0.166845649
vn -0.934675157 0.314332813 -0.166064024
vn -0.914257765 0.311045289 -0.259583414
vn -0.899488688 0.351960152 -0.258928955
vn -0.873762965 0.346357614 -0.341430396
vn -0.842639744 0.418623865 -0.338692009
vn -0.827856064 0.434548318 -0.354714066
vn -0.794754744 0.496209741 -0.3494865
vn -0.884319007 0.362999439 -0.293617636
vn -0.751143217 0.601406217 -0.272202909
vn -0.786365986 0.569051325 -0.240435243
vn -0.98200655 0.0618023835 -0.178447738
vn -0.981968939 0.0691959187 -0.175923079
vn -0.977846146 0.0920378417 -0.188005298
vn -0.967783391 0.165823087 -0.189467803
vn -0.945363462 0.162715763 -0.282509327
vn -0.934536755 0.21468915 -0.283812672
vn -0.905718863 0.209980652 -0.368213922
vn -0.881063938 0.295509636 -0.369324178
vn -0.849486172 0.288676947 -0.441632092
vn -0.865681767 0.277491599 -0.416645527
vn -0.812730849 0.266084582 -0.518331468
vn -0.830678463 0.255472898 -0.494678527
vn -0.765900016 0.241378859 -0.595930755
vn -0.786049306 0.231118172 -0.573333144
vn -0.709779739 0.214410305 -0.671000004
vn -0.732185721 0.204456747 -0.649693429
vn -0.645992398 0.185519636 -0.74045676
vn -0.670165598 0.175977767 -0.721047819
vn -0.576802492 0.155499279 -0.801946938
vn -0.601655126 0.146587998 -0.785189867
vn -0.504748166 0.125460669 -0.854101241
vn -0.528691471 0.117479406 -0.840644896
vn -0.450366348 0.100564636 -0.887162268
vn -0.4404158 0.133939326 -0.887746692
vn -0.472141832 0.125016868 -0.872612655
vn -0.460359395 0.163186014 -0.872605026
vn -0.494271278 0.155335903 -0.855316699
vn -0.716408014 0.697560847 -0.0129800206
vn -0.769806206 0.638006568 0.0186010227
vn -0.769436538 0.637287438 0.0428030565
vn -0.716950417 0.695541382 0.046950046
vn -0.716991782 0.695680976 0.0441669561
vn -0.744917095 0.664359272 0.0610352494
vn -0.744853795 0.667224824 -0.00195859349
vn -0.780977249 0.624240458 0.019959949
vn -0.775491953 0.625480115 -0.0859468803
vn -0.816527545 0.57404685 -0.0612613522
vn -0.796882808 0.568301916 -0.204965144
vn -0.880848587 0.448444188 -0.151669398
vn -0.832656026 0.511232793 -0.212896734
vn -0.737820327 0.645164728 -0.198453128
vn -0.772456408 0.613054276 -0.165757552
vn -0.658559442 0.738097429 -0.146668598
vn -0.617423296 0.759710312 -0.204031304
vn -0.735354304 0.660844147 -0.150130212
vn -0.710024059 0.675316453 -0.199533239
vn -0.105388202 0.993859053 -0.0337275602
vn -0.840070903 0.459994465 -0.287551701
vn -0.586808622 0.766152263 -0.262042612
vn -0.744666874 0.567962706 -0.350556165
vn -0.67312789 0.625566065 -0.394418448
vn -0.724740088 0.529686451 -0.440663189
vn -0.687895894 0.516066492 -0.510367095
vn -0.705247641 0.463169128 -0.536749601
vn -0.667584479 0.412260592 -0.619977593
vn -0.670372903 0.392597318 -0.629656672
vn -0.619715631 0.317571044 -0.717705488
vn -0.619836509 0.323053747 -0.715149641
vn -0.552437365 0.231049195 -0.80089277
vn -0.556566596 0.255258977 -0.790617764
vn -0.468422771 0.150475174 -0.870595932
vn -0.482188165 0.195502013 -0.853975117
vn -0.408385605 0.117608525 -0.905201316
vn -0.410606861 0.109838091 -0.905172706
vn -0.321742177 0.0793938264 -0.94349277
vn -0.279711396 0.0324962884 -0.959533989
vn -0.236851722 0.0425773561 -0.970612407
vn -0.126888469 0.00945828855 -0.991871893
vn -0.11116413 0.0195689145 -0.993609369
vn -0.0297102425 -0.00315073854 -0.999553561
vn -0.0177706648 -4.98281736e-07 -0.999842107
vn 0.122609399 0.992455006 -9.25080258e-06
vn 0.122658812 0.992448926 3.57785517e-08
vn 0.369488358 0.929235339 3.63461048e-08
vn 0.369488478 0.929235339 1.45340513e-08
vn 0.599936366 0.800047696 -9.72133263e-10
vn 0.599936366 0.800047696 -9.95295069e-10
vn 0.788511336 0.615020216 -1.64405201e-08
vn 0.788511157 0.615020394 3.00610949e-08
vn 0.922051966 0.387066156 2.36388207e-08
vn 0.991236866 0.132096648 1.55666662e-08
vn 0.991237402 -0.132092223 6.40803499e-09
vn 0.991237402 -0.132092521 -5.20494439e-08
vn 0.922053397 -0.387062758 -5.75753774e-08
vn 0.922053456 -0.38706249 -3.1550591e-09
vn 0.788514733 -0.615015924 -1.25442368e-08
vn 0.788514733 -0.615015924 -1.25151915e-08
vn 0.59993875 -0.800045907 -2.10361755e-08
vn 0.5999403 -0.800044775 3.56564215e-07
vn 0.369492859 -0.929233551 4.10472722e-07
vn 0.369490832 -0.929234385 -2.80595103e-08
vn 0.12266238 -0.992448449 -3.30288401e-08
vn 0.12261422 -0.99245441 -9.08555194e-06
vn 1.94713334e-06 -1.83609473e-07 1
vn -4.85949158e-07 1.17191576e-07 1
vn -2.36111305e-07 1.17192123e-07 1
vn -4.3328879e-07 9.09153357e-08 1
vn 7.83875919e-07 4.21187906e-07 1
vn -6.00922704e-07 -1.60133766e-07 1
vn 2.07816402e-06 4.37272035e-07 1
vn 1.6544011e-06 4.37271098e-07 1
vn -2.9542573e-06 -1.76899988e-07 1
vn -2.41572984e-08 -1.76893607e-07 1
vn -1.27894555e-06 -3.44112465e-07 1
vn -3.58066757e-07 -1 -1.42563621e-07
vn 5.77618835e-07 -1 9.30204635e-07
vn 2.15574303e-07 -1 -1.50346432e-06
vn -4.26682504e-07 -1 -4.2184044e-07
vn 5.08289361e-07 -1 3.16529821e-07
vn -1.01566309e-06 -1 1.10952408e-06
vn 3.64425603e-07 -1 7.79318725e-07
vn 4.20083722e-07 -1 -3.38854221e-07
vn 4.01146622e-07 -1 -1.39656947e-07
vn 4.17328692e-07 -1 -1.46232836e-07
vn 2.36893371e-07 -1 5.24081941e-07
vn 2.42318464e-07 -1 3.4436431e-07
vn 3.19809828e-07 -1 2.4319715e-07
vn 2.8082016e-07 -1 1.71351871e-07
vn 2.92250803e-07 -1 -8.04117217e-09
vn -4.61464907e-07 -1 7.65229942e-08
vn -2.89064786e-07 -1 1.04097907e-07
vn 4.2240983e-05 -1 9.20253005e-05
vn 2.76526492e-07 -1 8.872899e-07
vn -3.99933953e-07 -1 1.10345233e-07
vn 1.26290317e-07 -1 -1.16923604e-06
vn 1.2442398e-06 -1 -1.09486405e-06
vn -5.63567539e-07 -1 -7.34637808e-08
vn -5.76569846e-07 -1 -7.62805925e-08
vn -5.58576005e-07 -1 -1.00930244e-07
vn -4.34631119e-07 -1 -1.6319278e-07
vn 6.27696693e-07 -1 -6.47356899e-07
vn -8.73969668e-07 -1 5.95775873e-07
vn 4.17741148e-07 -1 5.19037087e-07
vn 9.0966978e-07 -1 -9.08247557e-07
vn -7.3309559e-07 -1 1.99945063e-07
vn -1.79175458e-05 -1 -0.000108036911
vn 3.39008657e-05 -1 0.000203620992
vn 6.07365791e-06 -1 -1.28779757e-05
vn -8.50180913e-06 -1 -2.36620544e-05
vn -9.57164502e-07 -1 2.72007497e-07
vn 7.6877086e-07 -1 -3.49400153e-07
vn 6.62304672e-07 -1 7.99473696e-07
vn 6.38719712e-07 -1 8.07022161e-07
vn 6.83592816e-07 -1 6.40834173e-07
vn -5.02962564e-07 -1 8.58353985e-07
vn 2.54764103e-07 -1 -7.30881709e-07
vn 4.86786007e-07 -1 -7.45579769e-07
vn -3.08568644e-07 -1 3.35472549e-07
vn -2.81714591e-07 -1 3.36772814e-07
vn 1.79398728e-06 -1 4.37276213e-07
vn 1.21392901e-07 -1 -9.745645e-07
vn 3.30217659e-07 -1 1.21482927e-07
vn -9.64160563e-07 -1 -1.57765925e-07
vn 4.01147446e-07 -1 1.23575239e-06
vn -3.53047909e-07 -1 -2.3906756e-07
vn -3.80332466e-07 -1 -2.79858483e-07
vn -4.31967464e-07 -1 -2.64354099e-07
vn -7.31745749e-05 -1 -2.31931317e-05
vn 2.28078952e-05 -1 3.28256647e-05
vn 1.33308477e-05 -1 -5.06428023e-06
vn -1.93474207e-05 -1 1.37816796e-05
vn -4.90204457e-06 -1 7.28839859e-06
vn 1.16279409e-06 -1 -4.24744286e-07
vn -4.30416236e-07 -1 -4.89045874e-07
vn -1.07034708e-07 -1 -1.09778533e-08
vn 1.07370418e-07 -1 3.95780972e-08
vn 4.0684381e-07 -1 6.19896753e-07
vn 5.10907057e-07 -1 6.6784952e-07
vn 3.57185627e-07 -1 2.48117971e-07
vn -9.88129727e-07 -1 -7.53036261e-07
vn -9.79007723e-07 -1 -7.11335758e-07
vn -5.91048774e-07 -1 -2.65917151e-07
vn -5.5335903e-07 -1 2.90873629e-07
vn -0.466573745 3.4582406e-06 0.884482324
vn -0.466489494 1.15746751e-07 0.88452673
vn -0.335116833 1.23418459e-07 0.94217658
vn -0.335116833 1.23418261e-07 0.94217658
vn -0.109250046 1.30401887e-07 0.994014323
vn -0.109252095 -1.73280682e-07 0.994014084
vn 0.1224797 -1.73937082e-07 0.992471039
vn 0.122481771 1.3448205e-07 0.992470741
vn 0.34763518 1.34997791e-07 0.937629879
vn 0.34763509 1.21699969e-07 0.937629938
vn 0.554122567 1.07066818e-07 0.832435071
vn 0.554121137 -1.47692404e-07 0.832436025
vn 0.730849385 -1.22201897e-07 0.682538807
vn 0.730849504 -9.42437239e-08 0.682538629
vn 0.868329585 -5.69313094e-08 0.495987654
vn 0.868330061 9.48648733e-08 0.49598676
vn 0.959178865 6.99921046e-08 0.282800019
vn 0.959178805 2.67155027e-08 0.282800317
vn 0.998517811 3.30293375e-08 0.054426264
vn 0.998517752 -4.33662279e-08 0.0544267818
vn 0.984234273 -3.77336917e-08 -0.17686981
vn 0.984234154 3.75696736e-08 -0.176870301
vn 0.917095184 4.00921607e-08 -0.398668379
vn 0.917095184 4.0091944e-08 -0.398668379
vn 0.800705612 4.0461444e-08 -0.599058032
vn 0.800706267 -1.12465841e-07 -0.599057198
vn 0.641317785 -1.27815653e-07 -0.767275393
vn 0.64131701 1.41237573e-08 -0.767275989
vn 0.524907291 1.64124305e-08 -0.851159394
vn 0.524835765 2.96529743e-06 -0.851203501
vn -0.130525932 3.81544368e-07 0.991444886
vn -0.130525947 4.42268913e-07 0.991444886
vn -0.382683188 4.29522999e-07 0.923879623
vn -0.382683188 4.29520355e-07 0.923879623
vn -0.608761251 3.87501615e-07 0.793353498
vn -0.608761251 3.87505821e-07 0.793353498
vn -0.793353438 3.19080641e-07 0.608761311
vn -0.793353438 3.19075156e-07 0.608761311
vn -0.923879623 2.28904284e-07 0.382683188
vn -0.991444886 1.23134015e-07 0.130525947
vn -0.991444886 8.97255248e-09 -0.130526006
vn -0.991444886 8.97941721e-09 -0.130526006
vn -0.923879564 -1.05794221e-07 -0.382683396
vn -0.923879564 -1.05800616e-07 -0.382683396
vn -0.79335326 -2.13363663e-07 -0.608761489
vn -0.608760953 -3.06386397e-07 -0.793353736
vn -0.382683277 -3.78529137e-07 -0.923879623
vn -0.130527675 -4.24875651e-07 -0.991444647
vn 0.130527079 -4.42268004e-07 -0.991444767
vn 0.382683158 -4.29520355e-07 -0.923879623
vn 0.382683188 -4.07268544e-07 -0.923879623
vn 0.608761311 -3.5210482e-07 -0.793353438
vn 0.608761251 -3.87501615e-07 -0.793353438
vn 0.793353498 -3.19075127e-07 -0.608761251
vn 0.923879564 -2.28904341e-07 -0.382683307
vn 0.991444886 -1.23134072e-07 -0.130526096
vn 0.991444886 -8.97249031e-09 0.13052614
vn 0.923879504 1.05800694e-07 0.382683545
vn 0.923879623 -8.88575244e-07 0.382683277
vn 0.793353558 -1.68300505e-06 0.608761132
vn 0.79335314 3.97876079e-07 0.608761668
vn 0.608761013 4.47966102e-07 0.793353677
vn 0.608761728 -2.61050627e-06 0.793353081
vn 0.38268429 -3.03720822e-06 0.923879147
vn 0.382683337 3.78529109e-07 0.923879564
vn 0.13052541 4.24875935e-07 0.991444945
vn 0.130525395 4.85580983e-07 0.991444945
vn 1.07396936e-07 -1 -9.97980223e-08
vn 5.84794302e-09 -1 -4.78784102e-07
vn 5.84787641e-09 -1 2.01863301e-07
vn 6.81749327e-07 -1 1.39252975e-07
vn -3.83413891e-07 -1 -4.75719247e-07
vn 2.64338922e-07 -1 1.72033438e-07
vn -7.75586159e-07 -1 2.001822e-07
vn 5.64041841e-07 -1 -1.58770064e-07
vn -4.30487773e-07 -1 -1.5877005e-07
vn -4.48029738e-07 -1 7.44284591e-07
vn 3.63119881e-07 -1 -6.60667183e-07
vn -1.18170121e-07 -1 -1.79377167e-07
vn -1.70316525e-07 -1 1.52343116e-08
vn 5.84783022e-09 -1 6.72688827e-07
vn 5.8479892e-09 -1 -9.49610182e-07
vn 5.66716665e-07 -1 4.16966373e-07
vn -5.66404196e-07 -1 -2.3724121e-07
vn 2.58611834e-08 -1 3.55024071e-07
vn 3.36650913e-07 -1 -9.78406405e-08
vn -5.48194805e-07 -1 1.39253018e-07
vn -4.69723517e-07 -1 1.39253018e-07
vn 1.27706699e-07 -1 -2.52920017e-07
vn -2.12616996e-07 -1 3.36538051e-07
vn 6.48201137e-08 -1 5.91009623e-08
vn -0.949156702 -2.13441081e-06 -0.314803988
vn -0.949157357 -2.06529694e-06 -0.314802051
vn -0.999305069 -2.2258364e-06 -0.0372743681
vn -0.999304771 -2.60439651e-06 -0.0372819453
vn -1 -2.20654374e-06 7.38134986e-05
vn -1 3.31258198e-05 0.000202649375
vn -1 -2.1714518e-06 7.38397575e-05
vn -1 -2.19757067e-06 7.38194212e-05
vn -1 -4.80504204e-05 9.52087212e-05
vn -1 -2.20197239e-06 -8.70706135e-05
vn -1 -2.19540561e-06 3.60045055e-06
vn -1 2.13783369e-05 8.74783e-05
vn -1 -2.19988124e-06 7.38194503e-05
vn -1 7.33460229e-06 6.95013878e-05
vn -1 -5.4339057e-06 8.31345751e-05
vn -1 -2.21203186e-06 7.3800169e-05
vn -1 -2.21277969e-06 7.38167655e-05
vn -1 -2.2238205e-06 7.37932933e-05
vn -1 -2.63562583e-06 7.66666053e-05
vn -1 -2.20319407e-06 7.38072267e-05
vn -1 -2.20639799e-06 7.38575691e-05
vn -1 -2.21300616e-06 7.39120951e-05
vn -1 -2.20642073e-06 7.37961964e-05
vn -0.999989688 0.000761843519 -0.00447837356
vn -0.999998808 -5.54470716e-05 0.00153404148
vn -1 -5.24952302e-05 0.00021298349
vn -1 -2.88911397e-05 0.000159592688
vn -1 1.11474801e-05 -1.16517822e-05
vn -1 2.66966235e-05 -5.51355552e-05
vn -0.999999642 0.000194325883 -0.000802906929
vn -0.999999881 -0.000250816578 0.000451975997
vn -0.999997437 -0.000676836411 0.00215510349
vn -1 5.45979856e-05 -0.000234764506
vn -1 -2.2066381e-06 7.37987139e-05
vn -1 -2.2281622e-06 7.38732997e-05
vn -1 -2.20240599e-06 7.37825612e-05
vn -1 -2.21114328e-06 7.38257731e-05
vn -0.99999994 0.000287064089 -0.00010695673
vn -1 -4.9630391e-05 0.00015311678
vn -0.865342319 -1.90562264e-06 -0.501181245
vn 0.0132970391 -0.999337554 -0.0338767506
vn 0.0509212911 -0.996097386 -0.0720904544
vn 0.0315536335 -0.995073199 -0.0939877033
vn 0.0193093345 -0.998322129 -0.0545903929
vn 0.0251523759 -0.999614298 0.0117741879
vn 0.0198233388 -0.991788089 -0.126346514
vn 0.037698172 -0.987439871 -0.153431848
vn 0.0770020038 -0.984232545 -0.159238726
vn -0.0146790529 -0.979614913 -0.200347707
vn 0.160993382 -0.962173104 -0.219781891
vn 0.623282313 0.00019323203 0.781996906
vn 0.623276412 1.46010063e-06 0.782001615
vn 0.623264492 -2.32925504e-06 0.782011092
vn 0.577740431 -5.99104496e-05 0.816220522
vn 0.577730417 6.76225227e-07 0.816227615
vn 0.577727199 1.85242527e-06 0.816229939
vn 0.623289168 7.39898496e-06 0.781991482
vn 0.623275161 1.3417762e-08 0.782002628
vn 0.623276234 1.17708362e-06 0.782001734
vn 0.605273366 -0.0052683684 0.796000242
vn 0.731914282 0.0079544438 0.681350291
vn 0.691944718 1.60077946e-06 0.721950471
vn 0.797692657 1.81534119e-06 0.603064179
vn 0.82488364 0.0035651098 0.565291286
vn 0.855427265 1.77131994e-06 0.517922997
vn 0.903845727 1.8924477e-06 0.427858442
vn 0.923005402 0.00357289729 0.384770423
vn 0.943018496 1.99433521e-06 0.332740366
vn 0.972068191 2.07470089e-06 0.234698623
vn 0.982161283 0.00357978931 0.188006505
vn 0.991036177 2.25037275e-06 0.133593783
vn 0.999497831 2.25606414e-06 0.0316881426
vn 0.999854207 0.00358547992 -0.0166933443
vn 0.997464895 2.24887276e-06 -0.071159862
vn 0.984983087 2.22296217e-06 -0.172650829
vn 0.975337744 0.00359003921 -0.220688567
vn 0.962034583 2.09983841e-06 -0.272927672
vn 0.929133296 2.03033733e-06 -0.369744867
vn 0.909646273 0.00359346438 -0.415368229
vn 0.886232555 2.00680552e-06 -0.463240653
vn 0.834292293 1.89170157e-06 -0.551322401
vn 0.805553675 0.00359585206 -0.592511892
vn 0.773238897 1.75595039e-06 -0.634114802
vn 0.704439342 1.60259083e-06 -0.709764242
vn 0.667454183 0.00359699572 -0.744642198
vn 0.586926937 -0.00355193019 -0.809632063
vn 0.545024693 1.22537745e-06 -0.838419974
vn 5.01341844e-07 -1 8.54837978e-09
vn 1.24861089e-07 -1 -5.2943335e-07
vn -3.02945267e-07 -1 -4.26301654e-07
vn -1.05896734e-05 -1 -2.46378935e-08
vn -3.91137007e-07 -1 6.82232155e-07
vn 6.36515978e-08 -1 7.01027716e-08
vn -7.91930415e-06 -1 5.25843598e-06
vn -5.13271026e-08 -1 1.17161164e-06
vn 2.45018139e-08 -1 1.22859058e-06
vn -1.62816704e-07 -1 -1.10102826e-06
vn -1.33770311e-06 -1 -2.02464298e-06
vn -6.93996583e-07 -1 -4.80842289e-07
vn -2.82510109e-06 -1 -1.52958182e-06
vn -1.08947506e-06 -1 2.72238594e-07
vn -9.900333e-07 -1 2.77930241e-07
vn 5.43912506e-07 -1 1.96257542e-06
vn 2.79175129e-06 -1 -1.72663076e-05
vn 8.37978405e-06 -1 -1.84611781e-05
vn 0.000183076889 -1 -5.2805779e-05
vn -9.14135171e-07 -1 -5.09684185e-07
vn -4.69331866e-07 -1 4.36581082e-08
vn -3.07961415e-07 -1 4.14094998e-08
vn 4.8565704e-07 -1 -4.95391475e-07
vn -3.6986512e-07 -1 7.41487895e-07
vn 3.2378756e-07 -1 -5.32887476e-08
vn -5.95007293e-07 -1 -3.59865169e-07
vn 1.34826098e-06 -1 -1.48090169e-06
vn -4.01156831e-06 -1 1.0880882e-06
vn -3.85865405e-06 -1 -5.9432291e-06
vn -3.08372319e-06 -1 -5.98874249e-06
vn 8.60828038e-07 -1 -6.03916351e-06
vn 5.0099635e-07 -1 -9.8357657e-07
vn 3.43798348e-07 -1 -9.12726932e-07
vn -7.49600486e-06 -1 1.87457699e-05
vn 8.75365856e-07 -1 2.24767314e-06
vn 2.52986922e-07 -1 -7.24028382e-07
vn 9.92814009e-08 -1 -5.88792489e-07
vn 9.02663757e-08 -1 -4.72502364e-07
vn -3.08613402e-09 -1 -4.13414284e-07
vn -1.32802125e-08 -1 -3.16125607e-07
vn -7.10677313e-08 -1 -2.20801084e-07
vn -5.41350005e-08 -1 -1.43428394e-07
vn -1.4057693e-07 -1 -2.9809879e-08
vn -1.28453408e-07 -1 1.67387526e-08
vn -1.50380686e-07 -1 1.7517128e-07
vn -1.35515634e-07 -1 1.98983926e-07
vn -1.89562058e-07 -1 3.74389657e-07
vn -1.80618528e-07 -1 3.8833403e-07
vn -1.55655343e-07 -1 5.76365096e-07
vn -1.58562315e-07 -1 5.73566695e-07
vn -2.23611551e-07 -1 -1.32995308e-06
vn -2.04604862e-06 -1 -1.73116621e-06
vn -5.81330752e-08 -1 1.0582736e-06
vn -5.58741567e-06 1 7.81736162e-06
vn 0.000322909123 0.99999994 8.15072854e-05
vn 6.94270202e-05 0.99999994 -0.00028498203
vn -0.000271281431 0.99999994 -0.000212142506
vn -4.80591189e-06 1 1.92305788e-06
vn 5.0498722e-05 1 -4.14171409e-05
vn -6.25403773e-05 1 -3.58209445e-06
vn 5.33543334e-06 1 -7.56849067e-06
vn -3.81783502e-06 1 1.58708065e-06
vn -2.68591975e-06 1 1.79929066e-06
vn -1.7191328e-06 1 1.75329399e-06
vn -2.63481093e-06 1 2.29160196e-06
vn -0.00404607132 0.999952018 0.00892419834
vn -0.000738049566 0.999964714 0.00837018434
vn -0.00479672849 0.999899924 0.0133110443
vn 0.222301155 0.974212289 -0.038633652
vn 0.00848798361 0.999735117 -0.0213926286
vn 0.0148200653 0.999878943 -0.00473848637
vn 0.013582007 0.999897957 -0.00442189071
vn 0.010350477 0.99994576 0.00115440134
vn 0.0086999163 0.999961138 0.00142253714
vn 0.00321455533 0.999989033 0.00340671977
vn -0.882111311 -1.83759357e-06 -0.471041054
vn -0.882110417 -1.98175348e-06 -0.471042663
vn -0.923009157 -2.05945003e-06 -0.384778023
vn -0.944838524 -0.00215661922 -0.327529401
vn -0.954013467 -2.14289344e-06 -0.299763739
vn -0.976899624 -2.19633193e-06 -0.213698611
vn -0.988666773 -0.0021640975 -0.15011099
vn -0.992460072 -2.15744353e-06 -0.122568153
vn -0.999692976 -2.17531669e-06 -0.0247782022
vn -0.999339163 -0.00245472649 0.0362652875
vn -0.99757278 -2.16210697e-06 0.0696318597
vn -0.986175716 -2.12469331e-06 0.165702954
vn -0.978356421 -0.00180485554 0.206919059
vn -0.970341265 -2.11723864e-06 0.241739273
vn -0.948125303 -2.07054427e-06 0.317896932
vn -0.927499592 -0.00268247002 0.373814583
vn -0.912875473 -1.9957904e-06 0.408238143
vn -0.870464146 -1.90531114e-06 0.492231846
vn -0.837304711 -0.00264982786 0.546730101
vn -0.817939281 -1.79279959e-06 0.575304508
vn -0.761550844 -1.6716549e-06 0.648105145
vn -0.720855415 -0.00206706021 0.693082392
vn -0.700947285 -1.56798342e-06 0.713213086
vn -0.633876264 -1.42074805e-06 0.77343446
vn -0.581395686 -0.00234693871 0.813617527
vn -0.557139695 -1.25203508e-06 0.830418825
vn 0.945744932 0.00756172091 -0.324821979
vn 0.983929217 0.0177743323 -0.177672073
vn 0.998660028 0.0275742225 -0.0437931828
vn 0.850070715 0.0527869314 -0.524016559
vn 0.893296003 0.012717599 -0.449288905
vn 0.901189685 -0.00014117916 -0.43342486
vn 0.941286385 0.0039394456 -0.337586194
vn 0.915848494 0.0689238533 -0.395564198
vn 0.922553062 0.132647038 -0.362354189
vn 0.894930363 0.209921882 -0.393741608
vn 0.923144519 0.17400986 -0.342818856
vn 0.905418694 0.267490029 -0.329645395
vn 0.835353553 0.392851651 -0.384515345
vn 0.873806 0.34021914 -0.347439259
vn 0.894422889 0.303264678 -0.328691632
vn 0.899526894 0.33508724 -0.280299574
vn 0.828571081 0.489293575 -0.272142857
vn 0.819111347 0.515697837 -0.251221687
vn 0.75460434 0.609927058 -0.241994262
vn 0.747203231 0.623485744 -0.230114996
vn 0.649596512 0.730122745 -0.21200262
vn 0.652505636 0.726389408 -0.215858385
vn 0.519715488 0.833673 -0.186775655
vn 0.535918951 0.818810284 -0.205768451
vn 0.29003486 0.94001323 -0.179596663
vn 0.169965729 0.969795883 -0.174950391
vn 0.135215387 0.97824955 -0.157304123
vn 0.137065589 0.985063434 -0.10422577
vn 0.0512796156 0.984991968 -0.164806679
vn 0.0365412422 0.986760259 -0.158015534
vn 0.0403542444 0.992813826 -0.112659946
vn 0.0202696007 0.994377077 -0.103939399
vn 0.0456504673 0.99640584 -0.0713543445
vn 0.413033783 0.893047512 -0.178519577
vn 0.404759139 0.896015286 -0.182555944
vn 0.256093681 0.952942193 -0.162225649
vn 0.258618474 0.960050285 -0.106864259
vn 0.156395093 0.981401026 -0.111322112
vn 0.862088442 0.491960615 -0.121566102
vn 0.785829902 0.605664849 -0.125065863
vn 0.780932188 0.612535715 -0.122249365
vn 0.678254664 0.724237323 -0.12430156
vn 0.668460608 0.734017849 -0.119909115
vn 0.558295429 0.820257604 -0.124433465
vn 0.532393038 0.838574767 -0.115542129
vn 0.432472229 0.893091798 -0.123914413
vn 0.936376214 0.336216986 -0.100785211
vn 0.919751108 0.374103904 -0.118761048
vn 0.865673184 0.484984815 -0.124095641
vn 0.978258312 0.179900512 -0.103181817
vn 0.964918792 0.236812294 -0.113365114
vn 0.951521993 0.284984857 -0.115713052
vn 0.978409648 0.179316819 -0.102761909
vn 0.99161005 0.0758222267 -0.104692362
vn 0.991124511 0.101343066 -0.0860336348
vn 0.994991958 0.00270920713 -0.099918507
vn 0.996100128 0.0158664864 -0.0867914855
vn 0.965607345 0.00709252479 -0.259907991
vn 0.975159049 -0.0022210523 -0.221494779
vn 0.972045064 0.0738394633 -0.222881317
vn 0.972092986 0.0737252682 -0.222710237
vn 0.957072198 0.182128981 -0.225481346
vn 0.961527824 0.17401205 -0.212565392
vn 0.914314151 0.341806978 -0.217250168
vn 0.923871398 0.329165995 -0.195221514
vn 0.84293884 0.499151707 -0.20075281
vn 0.853755295 0.485405087 -0.18837148
vn 0.762888253 0.617503762 -0.19154793
vn 0.774626076 0.606205106 -0.180193737
vn 0.653310478 0.734716237 -0.182694986
vn 0.663517416 0.727609694 -0.17415154
vn 0.52076757 0.835465014 -0.175497562
vn 0.528405011 0.831849635 -0.169747934
vn 0.388866305 0.905474663 -0.169995829
vn 0.39234376 0.913062453 -0.111280344
vn 0.295196295 0.947995067 -0.11901471
vn 0.038533628 -0.962176263 -0.269688725
vn 0.0555044375 -0.959482729 -0.276246518
vn 0.128398165 -0.94611752 -0.297280341
vn 0.16562891 -0.944565773 -0.283482939
vn 0.229263365 -0.923962355 -0.306156635
vn 0.278984725 -0.915498734 -0.289878517
vn 0.342065841 -0.885575771 -0.314239532
vn 0.397360235 -0.868667722 -0.295839906
vn 0.465590596 -0.824109077 -0.322598189
vn 0.516358078 -0.800795555 -0.303481102
vn 0.587538779 -0.737896681 -0.332124382
vn 0.629497528 -0.710920751 -0.31356743
vn 0.693303466 -0.633988142 -0.342621177
vn 0.722337365 -0.608855247 -0.327908576
vn 0.775978684 -0.523195565 -0.352311552
vn 0.793298364 -0.504227459 -0.341221899
vn 0.841471016 -0.396428227 -0.367112011
vn 0.843732178 -0.363260895 -0.395167768
vn 0.871382177 -0.317756832 -0.373796344
vn 0.887565494 -0.269394726 -0.373703003
vn 0.895825028 -0.201003894 -0.396352053
vn 0.896551132 -0.199985966 -0.395223528
vn 0.921907067 -0.0847390741 -0.378030002
vn 0.898862064 -0.113719366 -0.423219651
vn 0.900897324 0.0246285927 -0.43333298
vn 0.9155913 0.000136547707 -0.4021101
vn 0.923411429 -0.03651141 -0.382071078
vn 0.984026074 0.0109212985 -0.177689016
vn 0.965593815 -0.00904713944 -0.25989747
vn 0.945737302 -0.0090015661 -0.324807435
vn 0.998945653 -0.0136790499 -0.0438232534
vn 0.997048318 0.00686099008 -0.0764695033
vn 0.992476821 -0.0695282072 -0.10077516
vn 0.990894735 -0.096139349 -0.0942594409
vn 0.966281176 -0.221513763 -0.131272018
vn 0.961123466 -0.24986814 -0.11750555
vn 0.980732918 -0.154298484 -0.119812086
vn 0.872962952 -0.469533384 -0.132189438
vn 0.917514265 -0.366599023 -0.154183924
vn 0.937150478 -0.315346956 -0.149349615
vn 0.902312756 -0.392714322 -0.177784011
vn 0.811601102 -0.551252604 -0.193453446
vn 0.787132442 -0.580615044 -0.208107308
vn 0.718531132 -0.661640108 -0.214348555
vn 0.68862468 -0.688121438 -0.228659004
vn 0.602509141 -0.763329864 -0.233045727
vn 0.566202104 -0.786281884 -0.247337922
vn 0.473463982 -0.84524411 -0.247778654
vn 0.434452176 -0.862222135 -0.260430932
vn 0.346924901 -0.901705027 -0.258013874
vn 0.307631403 -0.912676752 -0.26904285
vn 0.0647047013 -0.958758533 -0.276758671
vn 0.187302619 -0.948439956 -0.255693853
vn 0.128925219 -0.949387074 -0.286430568
vn 0.232055709 -0.936312318 -0.263570547
vn 0.0322879441 -0.956555784 -0.28975594
vn 0.036747884 -0.955601513 -0.292361587
vn 0.128502548 -0.947570503 -0.292570055
vn 0.128850877 -0.947454751 -0.292791605
vn 0.23004216 -0.927980602 -0.293142557
vn 0.230671763 -0.927690685 -0.293565184
vn 0.344175696 -0.891820252 -0.293597907
vn 0.343949705 -0.89196074 -0.293435901
vn 0.470066398 -0.832820415 -0.2923145
vn 0.468245685 -0.834344685 -0.290886462
vn 0.596116126 -0.749551773 -0.287780643
vn 0.594337165 -0.751572728 -0.286184758
vn 0.7077443 -0.648158073 -0.281049907
vn 0.706842244 -0.649565399 -0.280069351
vn 0.79704541 -0.538398027 -0.273580223
vn 0.79642868 -0.539750099 -0.2727108
vn 0.886090696 -0.382607043 -0.261639357
vn 0.885896564 -0.384912372 -0.25890094
vn 0.945092082 -0.212127879 -0.248601615
vn 0.945551038 -0.217089713 -0.24249801
vn 0.967740297 -0.0877201781 -0.236186028
vn 0.969553888 -0.096136421 -0.225217715
vn 0.974213719 -0.0307388697 -0.223523438
vn 0.996214867 -0.00452237111 -0.0868072286
vn -6.20558751e-07 1.77346976e-06 1
vn 6.75720571e-07 -2.54880717e-07 1
vn -4.10572238e-06 1.02114677e-06 1
vn 2.58779664e-07 -5.77496508e-07 1
vn 2.45760907e-06 1.68475552e-07 1
vn 3.75764103e-06 -1.22226382e-07 1
vn 2.76719533e-07 -6.36190634e-07 1
vn -7.41519671e-07 1.11175166e-06 1
vn -6.23681728e-07 -5.07695916e-07 1
vn 7.02009572e-07 -1.97013674e-06 1
vn -9.81161463e-08 -5.58045542e-07 1
vn -3.24831234e-07 1.53217286e-06 1
vn -8.40168923e-07 1.99960027e-06 1
vn -3.30347143e-06 1.839584e-06 1
vn 2.66548e-06 9.2576505e-07 1
vn -7.54391294e-07 6.14997418e-07 1
vn -5.49641982e-07 4.55297709e-07 1
vn -4.64440745e-07 4.37267232e-07 1
vn 2.8852769e-06 -5.56974419e-06 1
vn 2.05764036e-06 -1.17110187e-06 1
vn -2.4369906e-06 2.6868222e-06 1
vn 1.46077264e-06 1.08947495e-06 1
vn -4.58037448e-07 -1.39688223e-06 1
vn -1.25729389e-06 -8.22291724e-07 1
vn 1.28733188e-06 4.65669778e-08 1
vn 3.40500605e-06 2.76885135e-06 1
vn -1.40434554e-06 -1.70571047e-06 1
vn -1.56452785e-07 -1.42854481e-06 1
vn 4.73104365e-07 -9.44887006e-07 1
vn 1.40411785e-07 1.81168537e-06 1
vn 3.43294232e-07 7.16163299e-07 1
vn 3.74832752e-07 6.20639184e-07 1
vn -3.39398156e-07 -1.03280934e-06 1
vn 1.68370818e-07 -2.89525542e-06 1
vn -1.04383207e-06 -2.79977485e-06 1
vn 7.10711163e-07 9.24909571e-08 1
vn 7.62040088e-07 -2.33717898e-07 1
vn 7.14827706e-07 -9.27661688e-07 1
vn -4.39415516e-07 -1.34579557e-06 1
vn 1.09387088e-06 -3.23008948e-07 1
vn -2.7070314e-06 -1.61817198e-07 1
vn 2.60074285e-06 1.60779587e-06 1
vn 6.7979272e-06 8.50445849e-06 1
vn -6.95445067e-07 -1.44843182e-06 1
vn -4.57730522e-07 -2.14929784e-07 1
vn 1.47803917e-06 1.51035158e-06 1
vn 9.6517681e-07 6.9280901e-07 1
vn 0.0871450901 -0.898130536 0.431007326
vn 0.643232286 -0.647379935 0.40884158
vn 0.879624784 -0.0612757504 0.47170487
vn 0.890681505 -0.0387010463 0.452977598
vn 0.886138678 -0.0126544917 0.463247299
vn 0.863071561 -0.18925634 0.468283564
vn 0.870304465 -0.175766438 0.460082859
vn 0.87913543 -0.12626417 0.45954141
vn 0.877319276 -0.129157811 0.462200373
vn 0.882305205 -0.089464657 0.462096959
vn 0.695701241 -0.538458943 0.475459516
vn 0.706959426 -0.534787476 0.462829024
vn 0.747789681 -0.491547734 0.446308643
vn 0.761667371 -0.470058024 0.445991278
vn 0.769591868 -0.45982793 0.443042517
vn 0.786810577 -0.407200724 0.463806719
vn 0.802467048 -0.396019459 0.446335375
vn 0.828736305 -0.326639354 0.454425901
vn 0.839257717 -0.315483779 0.442850351
vn 0.847781599 -0.259895086 0.462299556
vn 0.853101254 -0.252286494 0.456694365
vn 0.864001751 -0.213031754 0.456200004
vn 0.550122619 -0.697278738 0.459529579
vn 0.580617964 -0.689400852 0.433138818
vn 0.652464449 -0.615650952 0.441886932
vn 0.41532883 -0.786728621 0.456683785
vn 0.470424205 -0.768548727 0.433628798
vn 0.514129519 -0.74259913 0.429205447
vn 0.114789061 -0.894598126 0.431876957
vn 0.118370183 -0.895463049 0.429108948
vn 0.172200456 -0.887268484 0.427903742
vn 0.183312282 -0.889188588 0.419213921
vn 0.25542599 -0.862701237 0.436467826
vn 0.267597675 -0.864597797 0.425278932
vn 0.328558385 -0.842726469 0.426452219
vn 0.340746582 -0.839987755 0.422270417
vn 0.408695906 -0.797943592 0.443005234
vn 0.0410097726 -0.897602975 0.43889308
vn 0.031412743 -0.888342738 0.458105266
vn 0.071248427 -0.897544265 0.435129821
vn 0.0451920778 0.886520147 0.46047765
vn 0.021247562 0.901656032 0.431931615
vn 0.0961259082 0.871679723 0.48055625
vn 0.0885798559 0.87603581 0.474040955
vn 0.160250366 0.871552229 0.463375121
vn 0.149984092 0.875129282 0.460058182
vn 0.122088633 0.879509091 0.45995447
vn 0.366450042 0.806143105 0.464594126
vn 0.361549884 0.809681833 0.462273747
vn 0.306610197 0.836485684 0.454182684
vn 0.311291337 0.830582261 0.461769253
vn 0.225906283 0.860178173 0.457230687
vn 0.229501456 0.856371224 0.462555259
vn 0.175146237 0.871013582 0.45897612
vn 0.561738789 0.667738795 0.488440782
vn 0.557053804 0.683840215 0.471225709
vn 0.501934052 0.73481214 0.456194371
vn 0.490668386 0.747130692 0.448375136
vn 0.436684906 0.760849833 0.480014443
vn 0.420524508 0.781683981 0.460574955
vn 0.381609738 0.801463485 0.460467428
vn 0.667507827 0.573281169 0.475165248
vn 0.665329218 0.585392833 0.463305801
vn 0.617584646 0.640173256 0.456910729
vn 0.806454122 0.361702681 0.467763692
vn 0.80008769 0.387904912 0.457590967
vn 0.770104289 0.446624041 0.455484718
vn 0.769964039 0.439726293 0.462380946
vn 0.730797172 0.509419739 0.454342395
vn 0.732146561 0.504458129 0.457693577
vn 0.705517232 0.540804029 0.458013564
vn 0.884370685 0.064334102 0.46233061
vn 0.862173378 0.0390359387 0.505107164
vn 0.880396664 0.104667932 0.462543368
vn 0.875353694 0.148069963 0.460251212
vn 0.877221465 0.170858666 0.448653281
vn 0.85234946 0.215058342 0.476707757
vn 0.855693877 0.241176978 0.457844585
vn 0.837890923 0.296345621 0.458386332
vn 0.837592721 0.2802324 0.468943715
vn 0.829539835 0.33605659 0.446015239
vn 0.952663898 -0.179971099 -0.245034471
vn 0.965374231 -0.0862483308 -0.246198729
vn 0.843454063 -0.536233306 -0.0322341844
vn 0.875303268 -0.481137305 -0.0484874472
vn 0.896608889 -0.441898167 -0.0286090076
vn 0.919337511 -0.390838891 -0.0454254597
vn 0.954180419 -0.299172461 -0.00596831646
vn 0.977636099 -0.206001237 -0.0423220098
vn 0.969524145 -0.243792385 -0.024253007
vn 0.937035799 -0.344144672 -0.0594001226
vn 0.992428839 -0.114471823 -0.0445103273
vn 0.992634773 -0.112116739 -0.0458922833
vn 0.986383796 -0.16141209 -0.0315141268
vn 0.999248266 -0.0189673323 -0.0338098221
vn 0.986056507 -0.0659718737 -0.152775228
vn 0.997150779 -0.0503775775 -0.0561467707
vn 0.999171257 -0.0234978665 -0.0332360938
vn 0.995339215 -0.0220303237 -0.0938858613
vn 0.927173734 -0.0209417082 -0.374045819
vn 0.883812964 0.000851054327 -0.467839628
vn 0.894040108 -0.0286170114 -0.44707197
vn 0.89022547 -0.0385724641 -0.453884125
vn 0.885388672 -0.152690023 -0.4390589
vn 0.870517313 -0.229455039 -0.435373396
vn 0.870229363 -0.229930878 -0.435697913
vn 0.859890759 -0.326737851 -0.392211974
vn 0.85962069 -0.327285916 -0.392347068
vn 0.821820199 -0.421431363 -0.383415133
vn 0.830372572 -0.411563903 -0.375628173
vn 0.797078788 -0.492282152 -0.349748075
vn 0.783461988 -0.52657342 -0.330011725
vn 0.780611694 -0.530225098 -0.330918044
vn 0.71725142 -0.620195329 -0.317660481
vn 0.740387499 -0.601768732 -0.299500853
vn 0.680886924 -0.672588348 -0.289858431
vn 0.648308039 -0.715666294 -0.259843022
vn 0.643051326 -0.719885528 -0.261246622
vn 0.559198678 -0.791391015 -0.246975973
vn 0.564284742 -0.788881004 -0.243412152
vn 0.469963312 -0.86013186 -0.198261574
vn 0.370315969 -0.897815824 -0.238312423
vn 0.423835754 -0.888071418 -0.178023607
vn 0.280313164 -0.939973414 -0.194613829
vn 0.248822257 -0.957826078 -0.143724382
vn 0.331514716 -0.928417504 -0.167746663
vn 0.0323180072 -0.992506087 -0.117844187
vn 0.088877596 -0.983715296 -0.156220913
vn 0.106345236 -0.98418659 -0.141659617
vn 0.192257971 -0.972281456 -0.133062467
vn -0.00161045848 -0.999298871 -0.0374052115
vn 0.0279033426 -0.998739958 -0.0417123251
vn 0.966005027 0.00962637085 -0.258343965
vn 0.948552668 -0.033324413 -0.314860851
vn 0.9389956 -0.0330658369 -0.342336059
vn 0.910768628 -0.238608405 -0.336996406
vn 0.988747239 -0.0162609909 -0.148709476
vn 0.990260124 -0.0318010002 -0.135549143
vn 0.986562252 -0.0908144563 -0.135822281
vn 0.986289322 -0.11226169 -0.120957524
vn 0.974882185 -0.18672049 -0.121408999
vn 0.972868562 -0.20389767 -0.10932748
vn 0.952590644 -0.283695549 -0.109945245
vn 0.949693739 -0.296563864 -0.100656457
vn 0.919921756 -0.378755361 -0.101431474
vn 0.916394293 -0.389173001 -0.0936264172
vn 0.875921428 -0.473103225 -0.0945250839
vn 0.872899055 -0.479643911 -0.0893811509
vn 0.817995489 -0.568076372 -0.0904020965
vn 0.463060915 -0.883908033 -0.0654306114
vn 0.441601276 -0.895404816 -0.0569082722
vn 0.394737184 -0.917294145 -0.0524784513
vn 0.367357522 -0.927977204 -0.0625043437
vn 0.317404866 -0.947371781 -0.0417241491
vn 0.274292856 -0.959931374 -0.0574033298
vn 0.223268881 -0.974062026 -0.0367997289
vn 0.185927466 -0.981219709 -0.0513703302
vn 0.16112268 -0.986031651 -0.0422030389
vn 0.102563508 -0.993959606 -0.0390523598
vn 0.117098503 -0.991807878 -0.0510393977
vn 0.0472089685 -0.99841553 -0.0306224544
vn 0.745699763 -0.660305321 -0.0890434906
vn 0.744352281 -0.662036896 -0.0874461755
vn 0.660459518 -0.745660782 -0.0882227272
vn 0.658083856 -0.748046875 -0.0857411921
vn 0.565799296 -0.820031881 -0.0861329213
vn 0.561416805 -0.823462605 -0.0819787234
vn 0.468413979 -0.879695475 -0.0820010751
vn 0.462550521 -0.883258879 -0.0768163875
vn 0.373159736 -0.924597621 -0.0766229257
vn 0.367007405 -0.927470982 -0.0714365318
vn 0.279429853 -0.957526088 -0.071153
vn 0.273976296 -0.959420264 -0.0667066723
vn 0.188885599 -0.979749084 -0.066437915
vn 0.185555443 -0.980561554 -0.0637824759
vn 0.103401072 -0.992604315 -0.063599363
vn 0.101944208 -0.992827892 -0.062451195
vn 0.0297881253 -0.997607768 -0.062381465
vn 0.0231993608 -0.998119414 -0.0567401201
vn 0.816293597 -0.570889235 -0.0880353227
vn 0.81831944 -0.572274685 -0.0534323975
vn 0.747118711 -0.664105117 -0.0278938599
vn 0.773840129 -0.629708767 -0.0681050718
vn 0.660496593 -0.750120997 -0.0325995125
vn 0.69246006 -0.717570424 -0.0747778863
vn 0.563430429 -0.825479805 -0.0336049423
vn 0.601556242 -0.794746637 -0.0806716159
vn 0.507299781 -0.860491395 -0.0469203778
vn 0.0258526113 -0.996725619 -0.076613687
vn 0.039283853 -0.995377183 -0.0876417607
vn 0.102472693 -0.990805924 -0.0883346498
vn 0.108097151 -0.989793897 -0.092860654
vn 0.187689528 -0.977649808 -0.0947284997
vn 0.193721995 -0.975969732 -0.0997741893
vn 0.277902991 -0.955098331 -0.102747791
vn 0.285680503 -0.952038944 -0.109583385
vn 0.371075988 -0.921630323 -0.113578714
vn 0.380392998 -0.916704655 -0.122285604
vn 0.465405881 -0.875909567 -0.127199799
vn 0.475760281 -0.868737459 -0.137649432
vn 0.561262012 -0.815108776 -0.143466458
vn 0.571184933 -0.806141973 -0.154540792
vn 0.653706193 -0.739447415 -0.1608904
vn 0.662137508 -0.729465365 -0.171622127
vn 0.736239076 -0.652912796 -0.177923903
vn 0.743467271 -0.641563654 -0.188818708
vn 0.805498183 -0.559731543 -0.194610596
vn 0.812153518 -0.545441985 -0.207122371
vn 0.860049546 -0.464064687 -0.212034822
vn 0.866244316 -0.444655418 -0.227820918
vn 0.900013089 -0.369233221 -0.231610075
vn 0.904655397 -0.344931364 -0.250241846
vn 0.927819908 -0.274074763 -0.253048003
vn 0.929821014 -0.247263193 -0.272568852
vn 0.949445546 -0.151676387 -0.274858832
vn 0.888177633 -0.139387831 -0.437848806
vn 0.884500921 -0.110899985 -0.453165889
vn 0.0574250408 0.992571235 -0.107260033
vn 0.0384267084 0.994761407 -0.0947264582
vn 0.0539907627 0.995177746 -0.0818913504
vn 0.277001828 0.953496575 -0.118803568
vn 0.352194488 0.929093719 -0.112888925
vn 0.383695841 0.913230777 -0.137065932
vn 0.440348864 0.888417661 -0.129641607
vn 0.482322544 0.860885441 -0.161991373
vn 0.520864427 0.839549303 -0.154457986
vn 0.57108736 0.797836661 -0.19317314
vn 0.595269144 0.781566203 -0.186571553
vn 0.650322735 0.724348426 -0.22890985
vn 0.663213909 0.714086294 -0.224116087
vn 0.721315742 0.63869226 -0.267910123
vn 0.719020486 0.644041002 -0.261190891
vn 0.773182034 0.558440804 -0.300555199
vn 0.773662925 0.556788504 -0.302377611
vn 0.817252219 0.469279289 -0.334478348
vn 0.818449259 0.461861342 -0.341796577
vn 0.851838052 0.376125276 -0.364556849
vn 0.852538824 0.362725258 -0.376308352
vn 0.876353383 0.279672384 -0.392158329
vn 0.875734448 0.266834736 -0.402353585
vn 0.896676898 0.108181231 -0.429263711
vn 0.882405996 0.0560417138 -0.467139125
vn 0.919554412 -0.000923640851 -0.392961591
vn 0.900999904 0.053542316 -0.430502564
vn 0.925342143 0.0664232969 -0.373269141
vn 0.945684493 0.042245917 -0.322329223
vn 0.929418743 0.182678968 -0.320638806
vn 0.890563309 0.173488259 -0.42047447
vn 0.893842936 0.166160777 -0.416455775
vn 0.982177377 0.0868799016 -0.166671887
vn 0.997040987 0.0525101423 -0.0561422966
vn 0.994242132 0.051894661 -0.0937523767
vn 0.986780584 0.065102987 -0.14841038
vn 0.987127841 0.151826978 -0.0502710678
vn 0.972418368 0.224543959 -0.0631074235
vn 0.966681957 0.251361161 -0.0484107248
vn 0.945129514 0.320240498 -0.0646233931
vn 0.935612619 0.349507153 -0.049737405
vn 0.908897161 0.411441475 -0.067984052
vn 0.905614674 0.419198126 -0.0643041506
vn 0.88290143 0.465743184 -0.0597360954
vn 0.863351822 0.499471188 -0.0717787072
vn 0.843491316 0.534234822 -0.0558168627
vn 0.8086555 0.583358169 -0.0759577602
vn 0.783654869 0.618316412 -0.0597484708
vn 0.7446661 0.662643313 -0.0798513144
vn 0.714086592 0.697264373 -0.0624714382
vn 0.669751644 0.737992823 -0.0824576244
vn 0.633302271 0.771319926 -0.0631959438
vn 0.584561169 0.807092667 -0.0830040425
vn 0.541525364 0.838415325 -0.0617253892
vn 0.494414747 0.86548245 -0.0805862769
vn 0.445055097 0.893582404 -0.0586209446
vn 0.403521568 0.911803722 -0.0760546178
vn 0.345656693 0.936829686 -0.0535869598
vn 0.146317258 0.987018526 -0.0662247092
vn 0.0469861813 0.99718976 -0.0583511777
vn 0.0727893934 0.995018899 -0.068111293
vn 0.0485406853 0.997586787 -0.0496430434
vn 0.159527525 0.98157388 -0.105183825
vn 0.160221934 0.983583152 -0.0830245465
vn 0.144184202 0.985022962 -0.0945549831
vn 0.14511764 0.987235963 -0.0656203926
vn 0.244633704 0.966507912 -0.0775677562
vn 0.963401854 0.0739862695 -0.257648826
vn 0.967823446 0.0684878305 -0.242130429
vn 0.947947145 0.207177311 -0.241813511
vn 0.937165678 0.223764226 -0.267675251
vn 0.914560437 0.305407912 -0.265151352
vn 0.920301139 0.294807017 -0.257166475
vn 0.881011307 0.399592072 -0.253269076
vn 0.886438966 0.391538501 -0.246827096
vn 0.837706327 0.489467621 -0.242218077
vn 0.842733383 0.483363092 -0.236982226
vn 0.785241365 0.574132621 -0.231878608
vn 0.789801359 0.56957078 -0.227602601
vn 0.725092828 0.651801348 -0.222250745
vn 0.731293082 0.64666158 -0.216885343
vn 0.656552672 0.724122405 -0.211152554
vn 0.666570544 0.71726352 -0.203019083
vn 0.580085993 0.790404141 -0.196879476
vn 0.595469058 0.781790972 -0.184985101
vn 0.49921295 0.847838879 -0.178761587
vn 0.520019889 0.838422179 -0.163179636
vn 0.415763617 0.895772934 -0.157262281
vn 0.439614594 0.887250423 -0.139734209
vn 0.328019112 0.935053527 -0.134455755
vn 0.351968676 0.928661585 -0.117071256
vn 0.998128057 0.0509011298 -0.0339028016
vn 0.997027755 0.0543398522 -0.0546157844
vn 0.9894467 0.130382389 -0.0632112026
vn 0.981996834 0.128224418 -0.138710797
vn 0.965019822 0.221748799 -0.139872029
vn 0.967750728 0.213557839 -0.133609891
vn 0.938594222 0.317308068 -0.135485902
vn 0.939487875 0.315329969 -0.133901134
vn 0.902680337 0.408287287 -0.135903358
vn 0.901941597 0.409558117 -0.136980161
vn 0.857180893 0.495908141 -0.138981968
vn 0.854852259 0.499099821 -0.14186947
vn 0.802419305 0.579203069 -0.14369072
vn 0.798857927 0.58313942 -0.147561699
vn 0.738371849 0.657716155 -0.149051696
vn 0.735715091 0.66009599 -0.151646242
vn 0.663676798 0.732273698 -0.152670681
vn 0.664594829 0.731611192 -0.151851133
vn 0.579170585 0.800879478 -0.152162671
vn 0.585957885 0.796983719 -0.14652732
vn 0.490085036 0.859362721 -0.145987436
vn 0.503336132 0.853394508 -0.135537833
vn 0.40041697 0.906438828 -0.134294122
vn 0.418502092 0.900186718 -0.120498337
vn 0.20869343 0.971085846 -0.115928225
vn 0.330426216 0.939571381 -0.0895776302
vn 0.239142627 0.968121469 -0.0745090917
vn 0.237588584 0.964781761 -0.112906173
vn 0.259202957 0.96090591 -0.0973325446
vn 0.258887798 0.960173011 -0.105094776
vn 0.164788857 0.980278134 -0.109084591
vn 0.864876151 0.051366996 -0.49935025
vn 0.0406827964 0.98256737 -0.181400731
vn 0.0510869101 0.98146379 -0.184713095
vn 0.132208243 0.975811839 -0.174104095
vn 0.169728279 0.968444467 -0.18250367
vn 0.236365795 0.956323922 -0.171976119
vn 0.342114002 0.919594884 -0.193140373
vn 0.290906072 0.942830265 -0.162618458
vn 0.771439314 0.569685936 -0.283441901
vn 0.738554358 0.616272628 -0.273396194
vn 0.713242292 0.654866397 -0.249870911
vn 0.64996314 0.723560274 -0.232397184
vn 0.638506055 0.736499131 -0.223336071
vn 0.536808014 0.820167601 -0.197894737
vn 0.548657358 0.810191751 -0.206311479
vn 0.879881024 0.298333526 -0.369873554
vn 0.865659356 0.337046713 -0.370180279
vn 0.861691773 0.172553554 -0.477192402
vn 0.89345628 0.128461868 -0.430387497
vn 0.839025319 0.297427058 -0.455602497
vn 0.92239815 0.216360331 -0.319952905
vn 0.897369802 0.265112251 -0.352764606
vn 0.883030355 0.0125671132 -0.469147563
vn 0.863786519 0.0665403455 -0.499444902
vn 0.862441421 0.0693087429 -0.501389205
vn 0.855624437 0.103221118 -0.50720036
vn 0.872601628 0.0541849732 -0.485417724
vn 0.863088548 0.167908758 -0.47632423
vn 0.86259526 0.167812437 -0.477250934
vn 0.861748874 0.160197034 -0.481379062
vn 0.854798794 0.260459781 -0.448864907
vn 0.843966722 0.314018518 -0.43487069
vn 0.839253366 0.357069433 -0.41006729
vn 0.827449322 0.392935455 -0.401159942
vn 0.811426997 0.457897961 -0.363201946
vn 0.802260578 0.476975292 -0.358988196
vn 0.770779133 0.55471307 -0.313357592
vn 0.764420092 0.564483821 -0.311480254
vn 0.718417406 0.643500626 -0.264165312
vn 0.710689425 0.652513146 -0.262958378
vn 0.651849151 0.726049185 -0.218964249
vn 0.639231026 0.737339258 -0.21843645
vn 0.572360933 0.799616039 -0.18170619
vn 0.551261902 0.814059198 -0.182805791
vn 0.482857496 0.861840546 -0.155175656
vn 0.413390607 0.893817544 -0.173776925
vn 0.448308825 0.872151852 -0.195883378
vn 0.451300889 0.878012419 -0.159441784
vn 0.345737547 0.929426253 -0.128966495
vn 0.382666111 0.910778999 -0.155074969
vn 0.237964824 0.96289432 -0.127307683
vn 0.275837302 0.94949013 -0.149607003
vn 0.133033186 0.982097566 -0.133366346
vn 0.163933367 0.975192606 -0.148745477
vn 0.0231367014 0.989665151 -0.14151895
vn 0.057081148 0.986565053 -0.153072193
vn 0.854633093 0.239015862 -0.460948706
vn 0.86593169 0.242186219 -0.437616467
vn 0.843903542 0.313994944 -0.435010374
vn 0.852201223 0.302107304 -0.427181751
vn 0.840286672 0.39905104 -0.366982996
vn 0.861638069 0.349277705 -0.368218511
vn 0.804328501 0.478208691 -0.352664351
vn 0.852976799 0.401138306 -0.333944052
vn 0.802216113 0.505065918 -0.318367302
vn 0.998369277 0.0509126633 -0.0258202218
vn 0.0508390851 0.998648703 -0.0107755465
vn 0.0774062499 0.996827245 -0.0185394473
vn 0.0485908613 0.998418808 -0.0282636788
vn 0.109464839 0.993822515 -0.0182840358
vn 0.137327969 0.990346074 -0.0188607015
vn 0.146619499 0.988998652 -0.0196070988
vn 0.168816358 0.985486984 -0.0177891757
vn 0.197177485 0.980226576 -0.0166398808
vn 0.245315373 0.969292402 -0.0171070229
vn 0.258935779 0.965778768 -0.0149554629
vn 0.350957662 0.936276436 -0.0146663869
vn 0.34610936 0.938091099 -0.013904931
vn 0.40768683 0.913027942 -0.0130940229
vn 0.429848552 0.90279752 -0.0136707509
vn 0.473742187 0.880506694 -0.0166210607
vn 0.44579345 0.895064354 -0.0113121597
vn 0.548891783 0.83579272 -0.0129742566
vn 0.542519033 0.839960933 -0.0117777884
vn 0.631495953 0.775279403 -0.0124352006
vn 0.63452059 0.772796333 -0.013017646
vn 0.69407177 0.719784498 -0.013215743
vn 0.750705421 0.660322309 -0.0203912873
vn 0.715465128 0.69859606 -0.008556908
vn 0.793464243 0.608339369 -0.0183777604
vn 0.784950137 0.619337261 -0.0165733062
vn 0.823339224 0.567340255 -0.0154109914
vn 0.844663501 0.534985363 -0.0182798598
vn 0.868300796 0.495819092 -0.0147350067
vn 0.884354115 0.466511071 -0.0168901775
vn 0.907378316 0.420012087 -0.0159495007
vn 0.899674177 0.436208308 -0.0175684411
vn 0.936684251 0.349907905 -0.0136766508
vn 0.962343156 0.27122122 -0.0182940457
vn 0.967709243 0.251630723 -0.0148578845
vn 0.948202372 0.317272395 -0.0158284437
vn 0.926674306 0.375382185 -0.0190508347
vn 0.981473625 0.191149026 -0.0130981756
vn 0.992815197 0.118101962 -0.019231623
vn 0.988288462 0.152004421 -0.0134372162
vn 0.998866498 0.0452198647 -0.0148614813
vn 0.997742951 0.0661784112 -0.0113775237
vn 0.998991787 -0.0434232503 -0.0113962973
vn 0.99948591 -0.0189708397 -0.0258460958
vn 0.99860841 -0.0511373654 -0.0128943268
vn 0.997667611 -0.0667465106 -0.0142920706
vn 0.994817317 -0.100708798 -0.0140106454
vn 0.99357748 -0.112224564 -0.0144699663
vn 0.989246011 -0.14561145 -0.0137729114
vn 0.980019212 -0.198026165 -0.0186528563
vn 0.986797035 -0.161480129 -0.0124821942
vn 0.970747113 -0.23949036 -0.0171598848
vn 0.958624184 -0.283731312 -0.0231563374
vn 0.969710588 -0.243838489 -0.0142879067
vn 0.935824215 -0.351906061 -0.0198783111
vn 0.938538015 -0.344689369 -0.0183189791
vn 0.896715224 -0.442022204 -0.0227629151
vn 0.896744013 -0.441964507 -0.0227505397
vn 0.843593717 -0.536322594 -0.0266023353
vn 0.85799104 -0.512793958 -0.0298955049
vn 0.835139155 -0.549312413 -0.0282574557
vn 0.797222912 -0.60302943 -0.0281272512
vn 0.72661674 -0.685721695 -0.0425893441
vn 0.775439322 -0.631002963 -0.0230034795
vn 0.643557429 -0.764071226 -0.0450451188
vn 0.694132149 -0.719295084 -0.0281976592
vn 0.568411171 -0.821486413 -0.0454849228
vn 0.603094101 -0.796789885 -0.0374617167
vn 0.507383943 -0.860637188 -0.0431870669
vn 0.521484196 -0.85209173 -0.0446534045
vn 0.441951752 -0.89612639 -0.0404500104
vn 0.455706179 -0.889137805 -0.0420215465
vn 0.394901097 -0.917677402 -0.0438323878
vn 0.375241756 -0.92595154 -0.0425134376
vn 0.317381442 -0.947302222 -0.0434453823
vn 0.295501858 -0.954489887 -0.0403442681
vn 0.201776937 -0.978617609 -0.0399210453
vn 0.223266572 -0.974052131 -0.0370746255
vn 0.161165372 -0.986286998 -0.0355478972
vn -0.00161393022 -0.999605536 -0.0280376021
vn 0.131031588 -0.990831673 -0.0329140797
vn 0.0965119377 -0.99477154 -0.0333928391
vn 0.117191851 -0.992583573 -0.0323094912
vn 0.079015255 -0.996409059 -0.0304242391
vn 0.0472095013 -0.99842751 -0.0302294996
vn 0.0353347436 -0.998978317 -0.0281751063
vn -0.0173909478 -0.99941802 -0.0293452982
vn 0.200245157 -0.941568017 -0.270834833
vn 0.0556041449 -0.961191475 -0.270220429
vn 0.742142141 -0.570740283 -0.351397932
vn 0.244435787 -0.948639929 -0.200831845
vn 0.24643366 -0.948617101 -0.198484346
vn 0.384031832 -0.899078906 -0.210182518
vn 0.325633585 -0.911927521 -0.249701664
vn 0.485661626 -0.858792007 -0.163122699
vn 0.4171018 -0.873956025 -0.249453396
vn 0.568800986 -0.777541995 -0.268130273
vn 0.559400141 -0.782050073 -0.274716556
vn 0.644724905 -0.691220164 -0.326411515
vn 0.628269255 -0.703335047 -0.332562149
vn 0.765490294 -0.550616562 -0.332935452
vn 0.659097552 -0.651061893 -0.376442343
vn 0.720826209 -0.585868001 -0.370362341
vn 0.78430301 -0.471206188 -0.403526396
vn 0.755485773 -0.513157129 -0.407321751
vn 0.808590114 -0.400766969 -0.430775911
vn 0.838032007 -0.294252604 -0.459475487
vn 0.863988519 -0.108327955 -0.491720349
vn 0.858412027 -0.148038015 -0.491134971
vn 0.851643085 -0.180604339 -0.492022455
vn 0.854674697 -0.225820884 -0.467478484
vn 0.829436719 -0.315793514 -0.46077016
vn 0.865482986 -0.034215387 -0.499768466
vn 0.82239759 -0.288589388 -0.490283936
vn 0.885163963 -0.111982837 -0.45160231
vn 0.848715842 -0.179954365 -0.497290522
vn 0.869475484 -0.0603719018 -0.490273029
vn 0.860804737 -0.0513170063 -0.506341577
vn 0.865362704 -0.0374958217 -0.499741346
vn 0.840470016 -0.306476265 -0.446858376
vn 0.855010867 -0.259508908 -0.449011713
vn 0.876459956 -0.195505962 -0.439994663
vn 0.0609560497 -0.986739814 -0.150429174
vn 0.0329392813 -0.981185734 -0.190235645
vn 0.045605246 -0.978433967 -0.201462448
vn 0.115822062 -0.972395718 -0.202563122
vn 0.117823869 -0.986889362 -0.110303648
vn 0.0889316648 -0.984320104 -0.152332082
vn 0.669906259 -0.657651007 -0.344558716
vn 0.647620976 -0.694362044 -0.3137649
vn 0.590665936 -0.74581486 -0.308016092
vn 0.566778481 -0.774748683 -0.280226082
vn 0.498502523 -0.822517633 -0.273788303
vn 0.476513386 -0.842490375 -0.251286656
vn 0.399604052 -0.883390307 -0.244822636
vn 0.382382303 -0.89522022 -0.22883299
vn 0.299633622 -0.927625597 -0.223003164
vn 0.245627537 -0.953127444 -0.176678121
vn 0.203794673 -0.957299948 -0.205047593
vn 0.114888772 -0.972655296 -0.201846987
vn 0.113182731 -0.96040982 -0.254563719
vn 0.0188495107 -0.963276148 -0.26785019
vn 0.099657245 -0.966817319 -0.235229045
vn 0.762830794 -0.47112751 -0.442863435
vn 0.825097799 -0.383131057 -0.4152399
vn 0.819999814 -0.380697727 -0.427398592
vn 0.774611771 -0.465249538 -0.428391695
vn 0.829414904 -0.390745461 -0.399235457
vn 0.728120744 -0.559733629 -0.395649463
vn 0.783084154 -0.497734129 -0.372880667
vn 0.664829254 -0.652577341 -0.363517314
vn 0.717537403 -0.604809046 -0.345465004
vn 0.585333347 -0.738978028 -0.333611012
vn 0.627889454 -0.70910424 -0.320820779
vn 0.493693084 -0.814495564 -0.304736227
vn 0.517153382 -0.802029073 -0.298833996
vn 0.395326465 -0.87391454 -0.282825679
vn 0.399101824 -0.872472703 -0.281973571
vn 0.29610604 -0.916885793 -0.267659515
vn 0.280604273 -0.920806885 -0.270879924
vn 0.167113245 -0.953018188 -0.252644897
vn 0.865715086 -0.000152622131 -0.500537097
vn 0.86599052 0.000153232962 -0.50006038
vn 0.866014779 -0.000840280263 -0.500017703
vn 0.865916014 -0.000393665192 -0.500189304
vn 0.866122544 0.000240717403 -0.499831647
vn 0.865973234 0.00082434871 -0.500089645
vn 0.280161053 -0.49190253 0.824343204
vn 0.782089651 -0.622108757 -0.0362833254
vn 0.828046501 -0.136021748 0.543909013
vn 0.76929611 -0.142470822 0.622804582
vn 0.856520236 -0.515579939 0.0234620105
vn 0.990547061 -0.109776326 0.0822539702
vn 0.993745446 -0.00534883002 0.111540832
vn 0.922951877 0.0176290795 0.384511411
vn 0.975905299 -0.0237695929 0.216895908
vn 0.991426408 -0.0107147684 0.130226031
vn 0.547647655 7.37895652e-06 0.836709082
vn 0.542622328 0.00933390204 0.839924932
vn 0.550608039 0.00388972601 0.834754884
vn 0.559415281 0.000219727561 0.828887522
vn 0.586110055 0.000680870726 0.810231209
vn 0.581472337 0.00496384641 0.813551009
vn 0.633992493 -0.0164387617 0.773164451
vn 0.489369184 -0.0392250195 0.871194124
vn 0.388125181 -0.123165868 0.913339496
vn 0.393678337 -0.21359694 0.894088209
vn 0.00423586555 -0.999876022 -0.0151646202
vn 0.076948218 -0.997035086 0.000160283715
vn 0.0374651328 -0.998364747 0.0431766994
vn 0.0508466661 -0.99783361 0.0417450443
vn -0.0251571536 -0.992468059 0.119892828
vn -0.0127711138 -0.991058469 0.132815525
vn -0.0151130287 -0.989453018 0.144063428
vn 0.065465726 -0.970094979 -0.233730644
vn 0.0707972497 -0.971236467 -0.227348685
vn 0.0867955461 -0.979528427 -0.181633055
vn 0.0786093548 -0.987054944 -0.139796495
vn 0.31265226 -0.927534819 -0.204762623
vn 0.43034187 -0.878684819 -0.206685424
vn 0.448792011 -0.890586555 -0.0737649873
vn 0.99903661 -0.0339670144 0.0277870148
vn 0.998733878 -0.013677598 -0.0484103374
vn 0.992562294 -0.105258957 0.0611611903
vn 0.996872365 -0.0698447078 -0.0369765088
vn 0.987519562 -0.155389518 0.0256754849
vn 0.709097803 -0.000323290733 0.705110073
vn 0.660149932 -0.0262824502 0.75067389
vn 0.662110686 -0.0912133977 0.743834317
vn 0.694447279 -0.0902357176 0.713863075
vn 0.687265515 -0.250332147 0.681909025
vn 0.916421652 -0.39644593 0.0547901876
vn 0.933995783 -0.349984437 -0.0718522593
vn 0.927570879 -0.370632976 -0.0473655313
vn 0.694401681 -0.249957815 0.674779475
vn 0.806675136 -0.322993129 0.494924933
vn 0.817822635 -0.320605695 0.47788921
vn 0.828464866 -0.00908306334 0.559967399
vn 0.940490186 -0.018170597 0.339334726
vn 0.941574335 -0.0948421806 0.323176026
vn 0.977295637 -0.0758776814 0.197827891
vn 0.962836385 -0.221427649 0.154647619
vn 0.983099818 -0.183070138 -0.000198862588
vn 0.948828757 -0.301504672 0.0939090177
vn 0.967164278 -0.251419574 -0.0371681824
vn 0.946626306 -0.318537533 -0.0493202768
vn 0.434939384 -0.589465559 0.680704117
vn 0.312011242 -0.665009856 0.678535819
vn 0.286356002 -0.720478177 0.63159436
vn 0.177092522 -0.773029208 0.60915029
vn 0.136383578 -0.842689574 0.520839572
vn 0.0543962941 -0.870196104 0.489693522
vn 0.14509584 -0.921815574 0.359448493
vn 0.208454967 -0.905887008 0.368666887
vn 0.271939218 -0.84523803 0.460023612
vn 0.370741278 -0.805744708 0.461872727
vn 0.413247168 -0.750054061 0.516377449
vn 0.533522367 -0.682521105 0.499518514
vn 0.594217658 -0.565362453 0.572075784
vn 0.445444763 -0.560965657 0.697779655
vn 0.56637305 -0.470060915 0.676952243
vn 0.238776073 -0.946719706 0.216119736
vn 0.290920913 -0.932533264 0.21388483
vn 0.367261976 -0.884849191 0.286636502
vn 0.454584152 -0.847517192 0.273985147
vn 0.507187605 -0.799620152 0.32150951
vn 0.614593327 -0.733164072 0.291110754
vn 0.716549158 -0.581459522 0.385307908
vn 0.611077011 -0.598055959 0.518569171
vn 0.78582567 -0.440244466 0.434353381
vn 0.568518996 -0.462617457 0.680272937
vn 0.675499856 -0.364868253 0.640758216
vn 0.555986047 -0.366633058 0.745962262
vn 0.576943457 -0.177398741 0.79728663
vn 0.604787946 -0.177505627 0.776352584
vn 0.605423689 -0.0528465919 0.794146955
vn 0.559229672 -0.0529351309 0.827320993
vn 0.586741865 -0.0129147004 0.809671044
vn 0.538912177 -0.0125423726 0.842268586
vn 0.547647953 -1.99535236e-07 0.836708844
vn 0.0486560091 -0.992516935 -0.111994579
vn 0.111228541 -0.984877229 -0.132834613
vn 0.301366925 -0.952973545 -0.0319288522
vn 0.399025172 -0.90721488 -0.133191884
vn 0.496514499 -0.852468848 -0.163616091
vn 0.481404871 -0.859576166 -0.171400681
vn 0.596455991 -0.791524351 -0.133152023
vn 0.574858367 -0.798262656 -0.179762721
vn 0.699703157 -0.699546754 -0.145085692
vn 0.700296044 -0.699804068 -0.140924513
vn 0.789089143 -0.582062721 -0.196319371
vn 0.878422022 -0.472478062 -0.0716887936
vn 0.794182122 -0.589010179 -0.149471477
vn 0.80322355 -0.5836007 -0.119340405
vn 0.669654131 -0.740930259 -0.0508497059
vn 0.651724577 -0.755890787 -0.0623230264
vn 0.550649881 -0.834402561 -0.0236008037
vn 0.51757133 -0.85455507 -0.0430768318
vn 0.42441237 -0.905332446 -0.0157265142
vn 0.278006822 -0.955760479 -0.0960945562
vn 0.272714943 -0.942461073 -0.193374395
vn 0.259708226 -0.95109272 -0.167254999
vn 0.175524354 -0.888615668 -0.423737466
vn 0.760185897 -0.0233108066 0.649287283
vn 0.829044282 -0.00975982007 0.559097826
vn 0.769371629 -0.0730745941 0.63460803
vn 0.901674211 -0.0527919903 0.429181337
vn 0.897109747 -0.191768557 0.398018748
vn 0.929311693 -0.180199429 0.322347492
vn 0.891656876 -0.37057364 0.260044694
vn 0.888840973 -0.372270077 0.26716426
vn 0.777240455 -0.609641135 0.155675769
vn 0.761855304 -0.619648755 0.1887113
vn 0.651330829 -0.751667321 0.10375119
vn 0.548891246 -0.823874235 0.141243234
vn 0.501837313 -0.858114481 0.108622268
vn 0.41358459 -0.901068211 0.130475372
vn 0.345747948 -0.934624076 0.0832836702
vn 0.207857296 -0.972545922 0.104641192
vn 0.287124753 -0.344608396 0.893758595
vn 0.324389875 -0.188490286 0.926953435
vn 0.336891711 0.0324142389 0.940985262
vn 0.39173314 -0.0551510416 0.918424487
vn 0.481569052 -0.0603427403 0.874328315
vn 0.47600022 0.176321298 0.861588418
vn 0.495682776 0.000195061511 0.86850363
vn 0.0816475749 -0.611600339 0.786942601
vn 0.186313495 -0.520707786 0.833157063
vn 0.216500208 -0.347162575 0.912472367
vn 0.334056467 -0.365744203 0.868698716
vn 0.3534756 -0.164835528 0.920806289
vn 0.301779866 -0.358384877 0.883453012
vn 0.400762916 -0.245975986 0.882544577
vn 0.398866475 -0.269487888 0.876516879
vn 0.46161285 -0.121010587 0.878788948
vn 0.459472686 -0.19681403 0.866111457
vn 0.519783139 -0.0232392065 0.853982091
vn 0.178074315 -0.49583602 0.849962473
vn 0.260649711 -0.303731084 0.916411042
vn 0.269704878 -0.229339048 0.935234129
vn 0.410779953 -0.244703189 0.878282547
vn 0.416235954 -0.169713214 0.893277705
vn 0.464057744 -0.038132567 0.884983778
vn 0.464412093 -0.121151075 0.877293468
vn 0.478197396 -0.0827837288 0.874342084
vn 0.504171729 -0.0837183967 0.859535992
vn 0.517531157 1.30260605e-06 0.855664372
vn 0.517531216 1.06760774e-06 0.855664372
vn 0.536364973 -0.0236830395 0.843653798
vn 0.536235929 -0.020736618 0.843813419
vn 0.520614922 -0.0433925018 0.852688193
vn 0.558979511 -0.0441831239 0.828003466
vn 0.504292727 -0.117956534 0.85543853
vn 0.51704973 -0.118270122 0.847745121
vn 0.514529645 -0.199452534 0.833953202
vn 0.473416507 -0.246002585 0.845789313
vn 0.470679671 -0.275054783 0.838334978
vn 0.365803391 -0.455043793 0.811863899
vn 0.380822033 -0.368757635 0.847934186
vn 0.256670594 -0.561937869 0.786349833
vn 0.272916764 -0.490572602 0.82755965
vn 0.135145977 -0.683404505 0.717421651
vn 0.122092254 -0.724932373 0.677913368
vn 0.0216447897 -0.806056142 0.591443181
vn -7.96167806e-05 -0.892497718 0.451051921
vn 0.0278088581 -0.907152176 0.419882834
vn -0.0307628978 -0.939981759 0.339835078
vn 0.0763007924 -0.965717673 0.248128191
vn 0.0483393148 -0.969179213 0.241567776
vn 0.155118674 -0.9790681 0.131772161
vn 0.136170477 -0.981945992 0.131300002
vn 0.197814628 -0.97865814 0.0556564145
vn 0.0819576904 -0.996241391 -0.028037129
vn 0.0949025452 -0.994636297 -0.0411358811
vn 0.933668554 0.0407121107 0.355816752
vn 0.0558809601 0.98931098 0.134689063
vn -0.00582870655 0.826076031 0.563528538
vn -0.0082027819 0.97967726 0.200412437
vn -0.0154876271 0.980145454 0.197673991
vn -0.0279356297 0.968633235 0.246919572
vn 0.389931202 0.104985259 0.914839745
vn 0.532596648 -5.97962098e-05 0.846369207
vn 0.545442939 1.77843719e-06 0.838147998
vn 0.542645812 -2.6012508e-06 0.839961648
vn 0.545402944 -0.00261470512 0.838169873
vn 0.550612032 0.000106926826 0.834761262
vn 0.582690299 0.00168056902 0.812692583
vn 0.581478059 0.00224014698 0.813558996
vn 0.559412956 0.00286067231 0.828884184
vn 0.768968165 0.0600716434 0.636458457
vn 0.932831705 0.0068518403 0.360247225
vn 0.828436792 0.0118101938 0.559958041
vn 0.824939847 0.00906292908 0.565147936
vn 0.760204971 0.0210609641 0.649341881
vn 0.658888876 0.0256534442 0.751802742
vn 0.70909363 0.00319760828 0.705107093
vn 0.633988142 0.017649794 0.773141325
vn 0.991470158 0.00494284695 0.130240157
vn 0.976000428 0.0189764202 0.216940254
vn 0.923067629 -0.00788154639 0.38455686
vn 0.980495453 0.18031317 -0.0782034472
vn 0.970421195 0.238061741 -0.0401167087
vn 0.829034448 0.516721964 0.213776335
vn 0.838641107 0.527034402 -0.137534723
vn 0.955316603 0.28611654 -0.0742125139
vn 0.95609808 0.284926981 -0.0685062036
vn 0.926065981 0.376722187 0.0219581146
vn 0.869403899 0.493636549 -0.0214439202
vn 0.871844232 0.488497436 -0.0354673974
vn 0.822289348 0.566657603 -0.0523390658
vn 0.792016327 0.610497117 0.00185820507
vn 0.157376125 0.987227917 -0.0247741379
vn 0.0761876702 0.994520187 -0.0715892538
vn 0.0457182899 0.997659445 -0.0508477874
vn 0.0206574518 0.998562694 0.0494554304
vn 0.027467357 0.998512208 0.0471054949
vn 0.101347789 0.988850296 0.109104328
vn 0.0344317444 0.998202741 0.0490486845
vn 0.0495425537 0.99784565 0.0430064946
vn 0.0191939417 0.977042079 0.212179989
vn 0.0921500549 0.994445443 0.050859075
vn 0.0921401232 0.995742798 -0.00254619052
vn 0.0643146858 0.997826755 0.0143331736
vn 0.0797405988 0.996789515 -0.00722197024
vn 0.402345449 0.0789367333 0.91207844
vn 0.397902042 0.147790134 0.905445755
vn 0.293482751 0.115915 0.948910713
vn 0.481159508 0.0773962662 0.873209774
vn 0.461436599 0.0155710839 0.887036502
vn 0.461017549 0.0337374099 0.886749446
vn 0.482903361 0.0348366313 0.87498045
vn 0.482619137 0.0143461376 0.875712812
vn 0.515663862 0.0342653021 0.856105506
vn 0.515659869 0.033902064 0.856122375
vn 0.406921655 0.260829777 0.875432789
vn 0.356373429 0.113601357 0.927411854
vn 0.596523762 0.196307123 0.778217793
vn 0.603416145 0.122045092 0.788031697
vn 0.352149516 0.171929449 0.920016825
vn 0.275062591 0.3123312 0.909279823
vn 0.230288923 0.352233976 0.907137394
vn 0.227004856 0.351741493 0.90815568
vn 0.264284253 0.555501759 0.788398147
vn 0.334807992 0.255489975 0.90698868
vn 0.381193042 0.435625046 0.815427899
vn 0.41020149 0.29975462 0.861325681
vn 0.562550187 0.826386094 -0.0249675848
vn 0.68073988 0.726863742 -0.0908972919
vn 0.628758609 0.774472237 0.0696802661
vn 0.73845315 0.674184799 -0.0127186058
vn 0.621249616 0.750045002 0.226895139
vn 0.750333965 0.641575277 0.159311503
vn 0.443837166 0.896065176 -0.0087059224
vn 0.553638577 0.831863463 -0.0385686532
vn 0.47178486 0.874916852 0.10926839
vn 0.606638014 0.79293716 0.0569299646
vn 0.476006985 0.83969593 0.261396527
vn 0.604884982 0.766296625 0.216572464
vn 0.0297034439 0.868579686 0.4946585
vn -0.029183235 0.8826406 0.469141722
vn 0.106254056 0.92380178 0.367831916
vn 0.0846992061 0.927689016 0.363619447
vn 0.193297744 0.945140302 0.263335824
vn 0.174432501 0.948841274 0.263198674
vn 0.245827258 0.951538205 0.18478097
vn -0.0151345087 0.99740839 0.0703384653
vn 0.00125654275 0.998975039 0.045246426
vn 0.0802500248 0.987412632 0.136294618
vn 0.103803627 0.988612413 0.108951047
vn 0.205359772 0.960150719 0.189573005
vn 0.270804733 0.956671834 0.106975533
vn 0.209709451 0.977734685 0.00753652817
vn 0.247544587 0.967501342 -0.0516029224
vn 0.29721415 0.954660952 -0.016916316
vn 0.840353966 0.16553846 0.516141713
vn 0.839119852 0.17791608 0.514026999
vn 0.721021354 0.264314562 0.640520096
vn 0.713536382 0.301430732 0.63245976
vn 0.52529037 0.393125653 0.754666984
vn 0.508849919 0.44428739 0.737346888
vn 0.381470442 0.527757466 0.758915246
vn 0.363393903 0.570416272 0.736593604
vn 0.24116163 0.636215508 0.732851207
vn 0.999198198 0.0275758542 0.029026933
vn 0.997247934 0.0669768825 -0.0317900293
vn 0.994463325 0.101726435 0.0263512693
vn 0.989649653 0.143489331 -0.00208869716
vn 0.976025999 0.204021141 0.0758199394
vn 0.966566205 0.248641297 0.0626677275
vn 0.909752011 0.359825581 0.207067266
vn 0.890028775 0.41472131 0.189354196
vn 0.748336375 0.54991287 0.370929271
vn 0.720453143 0.598716617 0.34997952
vn 0.593030095 0.694857717 0.406802237
vn 0.566516221 0.727873921 0.386340499
vn 0.445737988 0.792180061 0.416855305
vn 0.979540169 0.0965435728 0.176579714
vn 0.977704823 0.121438667 0.17130667
vn 0.940700054 0.194482341 0.277956933
vn 0.937326968 0.216704741 0.272868514
vn 0.845281065 0.321634144 0.426674873
vn 0.832750797 0.366981864 0.414548427
vn 0.655491054 0.482024908 0.581363499
vn 0.632104456 0.534937918 0.560611606
vn 0.499985129 0.623167992 0.601395488
vn 0.474336922 0.665597022 0.576181471
vn 0.352468789 0.726748466 0.589578152
vn 0.554783583 0.034045659 0.831297815
vn 0.504091144 0.0915983319 0.858779252
vn 0.609454572 0.091078952 0.787572086
vn 0.515799224 -0.0194007568 0.856489837
vn 0.515658081 0.00316121965 0.856788635
vn 0.51844871 4.67243751e-07 0.855108738
vn 0.53297317 0.015528596 0.845989645
vn 0.53296119 0.0146511635 0.846012831
vn 0.530545652 0.0161165278 0.847503126
vn 0.583008051 0.0158906318 0.812310994
vn 0.554805517 0.0509500168 0.830418527
vn 0.659283519 0.0492167771 0.75028193
vn 0.609676778 0.0814149827 0.78845787
vn 0.768970907 0.0747549385 0.634898007
vn 0.999241114 0.0272737648 0.0278088599
vn 0.992969632 0.00170552044 0.1183571
vn 0.99271065 0.051083643 0.109160706
vn 0.903406441 0.083359614 0.420604318
vn 0.902893126 0.100170597 0.418030947
vn 0.704499125 0.122339338 0.699080884
vn 0.703930974 0.132952794 0.697713971
vn 0.527484 0.136981949 0.838448942
vn 0.525559187 0.163869947 0.834825814
vn 0.500923455 0.163343221 0.849938035
vn 0.420053959 0.0665325373 0.905056953
vn 0.455334783 0.0675336719 0.887755275
vn 0.454280496 0.118560292 0.882934153
vn 0.4241153 0.0801261067 0.902056575
vn 0.341010571 0.171037331 0.924368978
vn 0.320572764 0.337399036 0.885096014
vn 0.281054169 0.269406229 0.921101987
vn 0.180117711 0.379194558 0.907617271
vn 0.21014142 0.458888918 0.863285303
vn 0.081582725 0.468601882 0.879634321
vn 0.146952286 0.643561065 0.751155198
vn 0.0613855124 0.680282116 0.73037529
vn 0.197433874 0.719475865 0.665863633
vn 0.104446903 0.757557034 0.644358754
vn 0.293718487 0.801114976 0.521482706
vn 0.212329 0.8295151 0.516547322
vn 0.384995341 0.847798407 0.364714175
vn 0.305611253 0.876116991 0.372854948
vn 0.431822062 0.871651053 0.231849387
vn 0.337892562 0.906788647 0.252117008
vn 0.452329189 0.886450052 0.0980032608
vn 0.394620985 0.911667287 0.11461702
vn 0.35851711 0.932037592 -0.0526438951
vn 0.379227102 0.921001852 -0.0891203582
vn 0.435532957 0.899649143 0.030698752
vn 0.417568982 8.01589579e-07 -0.908645213
vn 0.417566746 1.07966207e-06 -0.908646226
vn 0.154130429 -0.00993354525 -0.988000572
vn 0.242306516 -0.000154328533 -0.970199764
vn 0.329074264 8.90750471e-07 -0.944304049
vn 0.242807776 4.08141204e-07 -0.970074415
vn 0.0603204705 2.02850647e-09 -0.998179078
vn 0.0603204779 1.45139201e-09 -0.998179078
vn -0.0366778299 -2.11674148e-07 -0.999327123
vn -0.12772581 -0.000395075331 -0.991809428
vn -0.131288528 -4.20869924e-07 -0.991344213
vn -0.226339296 -6.29117039e-07 -0.974048495
vn -0.236854792 -6.91893802e-05 -0.971545041
vn -0.252798378 0.000144975944 -0.967518985
vn -0.344771266 -0.00114999257 -0.938686013
vn -0.35523501 -6.23360393e-07 -0.934777021
vn -0.442140132 -8.22449067e-07 -0.896945953
vn -0.51998806 -0.000987592852 -0.854172945
vn -0.527856112 -1.26035263e-06 -0.849333823
vn -0.604606688 -1.42047224e-06 -0.796524167
vn -0.66983676 -0.000442377757 -0.742508233
vn -0.673045099 -1.38710345e-06 -0.739601493
vn -0.737582803 -1.54375698e-06 -0.67525667
vn -0.794729173 -0.000689981447 -0.606963813
vn -0.798616171 -1.63300012e-06 -0.601840675
vn -0.121317588 -0.992613733 8.92130993e-06
vn -0.121271878 -0.992619336 4.34006097e-07
vn -0.356633425 -0.934244394 4.08397227e-07
vn -0.356631219 -0.934245229 -3.12086925e-08
vn -0.571035802 -0.820925117 -2.65661448e-08
vn -0.571035862 -0.820925117 -1.81442132e-08
vn -0.751857877 -0.659325182 -9.27242461e-09
vn -0.888462722 -0.458948761 1.44724357e-10
vn -0.888462782 -0.458948642 2.63601123e-08
vn -0.972815216 -0.23158282 3.82575323e-08
vn -0.972815096 -0.231583118 -1.91418206e-08
vn -0.999955773 0.00940354634 -1.1095608e-08
vn -0.999955773 0.00940353423 -1.33150362e-08
vn -0.968287945 0.249836922 -6.13526865e-08
vn -0.968287826 0.249837235 -2.39684739e-09
vn -0.879674077 0.475577027 6.44284803e-09
vn -0.739326 0.673347712 1.49036321e-08
vn -0.739326 0.673347712 1.49104196e-08
vn -0.555496693 0.831518769 2.24929764e-08
vn -0.555496633 0.831518769 3.06806562e-08
vn -0.338998377 0.940786958 3.37493944e-08
vn -0.338998407 0.940786958 3.24994751e-08
vn -0.111981981 0.99371022 3.44165016e-08
vn -0.111935064 0.993715525 8.06281423e-06
vn -2.39612336e-06 -1.83619065e-07 1
vn 8.12371184e-07 -5.84280961e-08 1
vn -2.0968846e-06 3.24754637e-07 1
vn 1.79366339e-06 2.88167826e-07 1
vn -2.05874085e-06 4.80749691e-07 1
vn -3.69831537e-06 1.12436146e-06 1
vn -2.23813117e-06 7.47605839e-07 1
vn -1.40094153e-06 6.37338246e-07 1
vn 1.01761498e-06 -1.11384942e-07 1
vn 1.83400618e-06 -2.18913115e-07 1
vn -2.71787712e-07 -1.99110204e-07 1
vn 1.46042464e-06 -4.27262563e-07 1
vn 0.440463245 1.18275921e-06 0.897770643
vn 0.440462977 1.4171568e-06 0.897770762
vn 1.86177306e-06 -1 1.37948163e-07
vn 1.77262541e-06 -1 1.71517328e-07
vn 1.75146431e-06 -1 1.8162541e-07
vn 1.79032634e-06 -1 1.63447652e-07
vn 1.81420842e-06 -1 1.53952854e-07
vn 1.83436021e-06 -1 1.46764734e-07
vn 1.68650513e-06 -1 2.18201819e-07
vn 1.6826574e-06 -1 2.20602502e-07
vn 1.69830014e-06 -1 2.10936705e-07
vn 1.65115921e-06 -1 2.45738647e-07
vn 3.99732835e-06 -1 -1.44132775e-06
vn 4.41632801e-06 -1 -9.3177681e-07
vn 1.77677236e-06 -1 1.79703108e-07
vn 1.82085387e-06 -1 1.65292732e-07
vn 1.88498041e-06 -1 1.31837126e-07
vn 1.91705476e-06 -1 1.23855116e-07
vn 1.6354054e-06 -1 1.72860453e-07
vn 1.56130818e-06 -1 1.86987123e-07
vn 1.90030005e-06 -1 4.34417053e-08
vn 1.48114566e-06 -1 2.6227093e-07
vn 1.54295219e-06 -1 2.36245043e-07
vn 1.5978701e-06 -1 2.18292215e-07
vn 1.48218669e-06 -1 2.03211712e-07
vn 2.02175625e-06 -1 4.84624323e-08
vn 2.14062857e-06 -1 2.50228656e-08
vn 2.30213959e-06 -1 7.17397919e-09
vn 2.53270355e-06 -1 1.30583577e-09
vn 2.88396359e-06 -1 2.21155112e-08
vn 1.99165152e-06 -1 4.97487651e-09
vn 2.11271299e-06 -1 -3.46004896e-08
vn 2.27941337e-06 -1 -7.42223847e-08
vn 2.52049699e-06 -1 -1.10844674e-07
vn 2.89252557e-06 -1 -1.36239834e-07
vn 3.52062716e-06 -1 -1.27167411e-07
vn 3.46949332e-06 -1 1.06895968e-07
vn 4.58509157e-06 -1 3.66238851e-07
vn 1.24781536e-05 -1 2.92102004e-06
vn 4.73286036e-06 -1 -9.15921117e-09
vn 7.65760615e-06 -1 5.21970378e-07
vn -1.46127413e-05 -1 -5.45586681e-06
vn -4.69773249e-06 1 -2.5968248e-07
vn 3.678437e-06 1 1.99859951e-05
vn -3.7929201e-06 1 2.03590753e-06
vn -4.52787663e-06 1 -7.06987237e-07
vn -3.73623834e-06 1 1.85301974e-06
vn -4.36553228e-06 1 1.50868584e-06
vn -2.31014474e-06 1 2.38269445e-06
vn -2.30701107e-06 1 2.38182747e-06
vn -2.09999735e-06 1 2.75054299e-06
vn -1.75465777e-06 1 2.69274778e-06
vn -0.597548783 0.0282538384 -0.80133462
vn -0.601746857 0.0294639599 -0.798143208
vn -0.648637533 0.0298536364 -0.760511756
vn -0.456142098 0.0617966056 -0.887758732
vn -0.513426363 0.0580085181 -0.856170774
vn -0.693762898 0.0221289378 -0.719863415
vn -0.513468742 0.0579982027 -0.856146038
vn -0.528707564 0.0587591566 -0.846767783
vn -0.680731356 0.020303499 -0.732251763
vn -0.690292954 0.020741947 -0.723232627
vn 0.620875955 0.766052306 -0.166363925
vn 0.620888412 0.766041279 -0.166367978
vn 0.620877564 0.766051054 -0.166363388
vn 0.62099272 0.765950382 -0.166397184
vn 0.620885849 0.766043723 -0.166366324
vn 0.620880783 0.766048253 -0.16636461
vn 0.620844483 0.76608181 -0.166345626
vn 0.620881677 0.766047418 -0.166364983
vn 0.620919168 0.766012251 -0.166386992
vn 0.620840609 0.76608634 -0.166339025
vn 0.62088275 0.766046405 -0.166365653
vn 0.620882928 0.766046226 -0.166365772
vn -0.799637556 -0.0157185216 -0.600277245
vn 0.164077997 8.13013116e-07 0.986447394
vn 0.146476343 0.0217116829 0.988975883
vn -0.13764897 1.3122451e-07 0.990481079
vn -0.071190387 2.80029383e-07 0.997462749
vn -0.0221862663 0.0318669528 0.999245822
vn 0.0133680431 4.64771091e-07 0.999910653
vn 0.0801218748 6.0092259e-07 0.996785104
vn -0.220610186 0.048257608 0.974167526
vn -0.190270111 -6.64695576e-10 0.981731772
vn -0.285509259 -2.26084396e-07 0.958375931
vn -0.285509288 -2.16587381e-07 0.958375931
vn -0.365492284 -4.06712303e-07 0.930814385
vn -0.365492284 -3.9455486e-07 0.930814385
vn -0.505461156 -7.31243063e-07 0.862849355
vn -0.643569887 -1.07674998e-06 0.765387356
vn -0.643571496 -4.24968493e-06 0.765386045
vn -0.717325032 -4.13937005e-06 0.69673872
vn -0.76313591 -0.0202264339 0.645921409
vn -0.773642838 -1.31670117e-06 0.633621931
vn -0.861203313 -1.55189957e-06 0.508260667
vn -0.861204088 -3.9448928e-06 0.508259356
vn -0.93450737 -3.53352539e-06 0.355943859
vn -0.934507251 -3.03619231e-06 0.355944157
vn -0.981108725 -2.49905816e-06 0.193457127
vn -0.981108665 -2.19763501e-06 0.19345732
vn -0.999676287 -2.31429317e-06 0.0254431143
vn -0.989679515 -2.36482379e-06 -0.143298298
vn -0.989679575 -1.83813336e-06 -0.14329797
vn -0.951404095 -1.84146393e-06 -0.307945132
vn -0.951404154 -1.69220868e-06 -0.307945043
vn -0.88594377 -1.27632745e-06 -0.463792711
vn -0.885943472 -2.26365728e-06 -0.463793278
vn -0.80692029 -2.13531052e-06 -0.590660334
vn -0.800261319 -0.0131498165 -0.599507272
vn -1.96877113e-06 1 -2.8153611e-08
vn -2.05416382e-06 1 -4.27923545e-08
vn -1.90529647e-06 1 -6.61157529e-08
vn -1.97843428e-06 1 -7.39255483e-08
vn -7.90049398e-06 1 -1.10745395e-06
vn -1.89408195e-06 1 -1.26441577e-08
vn -1.83831173e-06 1 8.18648815e-10
vn -1.84670319e-06 1 -9.34130884e-10
vn 2.01850213e-07 1 4.64660275e-07
vn -4.29860961e-07 1 4.49453552e-07
vn -7.96128575e-07 1 4.52221883e-07
vn -4.40378983e-07 1 4.35326598e-07
vn -1.920351e-06 1 -1.87848865e-08
vn -1.85366923e-06 1 -2.47312015e-09
vn 4.75451452e-06 1 3.15255619e-07
vn -3.04065134e-06 1 -3.64913326e-08
vn -2.48916217e-06 1 2.04375567e-07
vn -2.36284018e-06 1 2.469435e-07
vn -2.14689476e-06 1 -5.5763099e-08
vn -2.08858528e-05 1 -2.24950691e-06
vn -1.04894957e-06 1 4.6520023e-07
vn -1.09018151e-06 1 4.69544318e-07
vn -2.42648662e-06 1 6.7005567e-07
vn -2.82799851e-06 1 6.8454716e-07
vn -2.27338114e-06 1 -7.8180868e-08
vn 6.66396518e-05 1 4.5266188e-06
vn -3.05880894e-05 1 -3.09686061e-06
vn 2.37113782e-05 1 3.35658979e-06
vn 6.27943155e-05 1 1.1140336e-05
vn -7.75311419e-05 1 -1.92489315e-05
vn -1.24229791e-05 1 -5.36530465e-08
vn 0.0858307108 0.173657894 -0.981058598
vn 0.0858313665 0.173650295 -0.981059909
vn 0.0856245458 0.172752753 -0.981236398
vn 0.0853804275 0.171841815 -0.981417656
vn 0.0858317986 0.173647791 -0.981060326
vn 0.0858378932 0.173655823 -0.981058359
vn 0.0858236179 0.173642308 -0.981061995
vn 0.0860836655 0.174075499 -0.980962455
vn 0.0867400095 0.175862864 -0.980585754
vn 0.0858300924 0.17365016 -0.981060028
vn 0.0858296975 0.17364879 -0.981060326
vn 0.0858342201 0.173650458 -0.981059611
vn 0.0858384296 0.1736532 -0.981058776
vn 0.50533998 0.0176714603 0.862739384
vn 0.634406924 0.0655254945 0.770217001
vn 0.427833319 0.0222377088 0.903584063
vn 0.428564489 0.0118061155 0.903434038
vn 0.976704419 0.0975356251 0.191142172
vn 0.926402152 0.132689059 0.352381438
vn 0.732589245 0.0974906534 0.673653126
vn 0.848056912 0.0561701171 0.526919723
vn 0.767513633 0.0805794448 0.635947883
vn 0.983004868 0.170353517 -0.0684185252
vn 0.833746672 0.210033208 0.510639369
vn 0.936214745 0.144575745 0.320312083
vn 0.985164881 0.163501635 0.0521287024
vn 0.984237731 0.149749681 -0.0940805376
vn 0.976328194 0.171509236 -0.131786898
vn 0.96404165 0.173444152 -0.201347411
vn 0.978234649 0.196302131 -0.067249082
vn 0.978252351 0.196249411 -0.0671452358
vn 0.985242426 0.166680917 0.0389203615
vn 0.970387697 0.156814188 0.183730707
vn 0.932610273 0.16464515 0.32113871
vn 0.939334989 0.175519854 0.294690639
vn 0.897948444 0.129361272 0.420659333
vn 0.852306008 0.121436276 0.508751094
vn 0.761501491 0.105508886 0.639518082
vn 0.730589092 0.108810142 0.674091935
vn 0.641713321 0.0753626972 0.763232887
vn 0.54534471 0.0542569309 0.836454034
vn 0.423341781 0.0428359732 0.904956818
vn 0.381789207 0.0247470718 0.923918068
vn 0.194951057 0.980730116 0.0127500677
vn 0.185215801 0.980693698 -0.0627290606
vn 0.179573014 0.971816659 -0.152728364
vn 0.0791782588 0.994498849 -0.0685776398
vn 0.179593846 0.971810162 0.152744964
vn 0.0791684613 0.99450022 0.0685683936
vn 0.35459888 0.884056866 -0.304471761
vn 0.14914301 0.980727851 -0.126211211
vn 0.16273196 0.980693221 -0.108439401
vn 0.162733555 0.980692863 -0.108440414
vn 0.191809982 0.9806934 -0.0380703807
vn 0.191812932 0.980692804 -0.0380708948
vn 0.191629365 0.980730116 0.0380337611
vn 0.191628963 0.980730236 0.0380336717
vn 0.149143562 0.980727851 0.126210243
vn 0.162731588 0.9806934 0.108438209
vn 0.162740201 0.980691314 0.108444244
vn 0.175478131 0.980691433 0.0863233656
vn 0.175468326 0.980693638 0.086318247
vn 0.490344584 0.831382334 -0.261468232
vn 0.469148159 0.831274807 -0.298131108
vn 0.29566586 0.934753716 -0.197020844
vn 0.448473483 0.83145535 -0.327953577
vn 0.424212873 0.831198514 -0.359377921
vn 0.175471365 0.980692923 -0.0863204673
vn 0.175467774 0.980693698 -0.0863187984
vn 0.304176688 0.940790176 -0.149634257
vn 0.506373703 0.831374645 -0.228914678
vn 0.185217291 0.9806934 -0.0627295226
vn 0.336200446 0.934881985 -0.113863729
vn 0.522482574 0.83126837 -0.189749509
vn 0.55284816 0.831324816 -0.0570789911
vn 0.547186852 0.831119895 -0.099127464
vn 0.368217617 0.926862836 -0.0730828121
vn 0.539171994 0.831380844 -0.134534195
vn 0.533630013 0.831355751 -0.155198812
vn 0.195136279 0.980693161 -0.012758689
vn 0.194950566 0.980730176 -0.0127509078
vn 0.341522396 0.939608157 -0.0223371331
vn 0.55552429 0.831238091 -0.0208796579
vn 0.194950402 0.980730236 0.0127500091
vn 0.341524363 0.939607441 0.0223363861
vn 0.555524886 0.831237733 0.0208790619
vn 0.533627927 0.831355572 0.155206934
vn 0.539171457 0.831381142 0.134534344
vn 0.368215382 0.92686379 0.0730818436
vn 0.547187507 0.831119478 0.0991270915
vn 0.552847803 0.831325114 0.0570778027
vn 0.185043484 0.980730057 0.0626696199
vn 0.185216427 0.98069334 0.0627327487
vn 0.336259425 0.934857965 0.113886893
vn 0.522481859 0.831268966 0.18974869
vn 0.5063743 0.831374466 0.228913814
vn 0.304168791 0.940793395 0.149630114
vn 0.490343183 0.83138293 0.261468947
vn 0.469149143 0.831274688 0.298130006
vn 0.295659155 0.934756935 0.197015494
vn 0.448472381 0.831455886 0.327953726
vn 0.421631515 0.831095457 0.362639248
vn 0.351760805 0.887390435 0.297997624
vn -0.0121920723 0.980729282 -0.194990918
vn 0.152042195 0.971999943 -0.179162621
vn 0.0681759939 0.994548917 -0.0788955688
vn -0.0985412449 0.831112564 -0.547303915
vn -0.0195970368 0.994549215 -0.102410324
vn -0.0345131569 0.980760336 -0.192140445
vn -0.0418002196 0.972376645 -0.22964412
vn -0.0856649056 0.884589672 -0.458434999
vn 0.0131230243 0.980732858 -0.194912434
vn 0.0131405722 0.980694294 -0.195105031
vn 0.126068845 0.980725348 -0.149279594
vn 0.108149029 0.980694056 -0.162919953
vn 0.108143635 0.980695963 -0.16291222
vn 0.0861656293 0.980696023 -0.175530091
vn 0.0861715451 0.98069346 -0.175541461
vn 0.0627448484 0.98069346 -0.185211986
vn 0.0627402738 0.980696082 -0.185199454
vn -0.0121913962 0.980732739 -0.194973528
vn -0.0233520623 0.927340329 -0.373489767
vn -0.0610434525 0.83140707 -0.552300632
vn 0.089413844 0.83131814 -0.54855746
vn 0.050299082 0.831208527 -0.553680778
vn 0.0236706343 0.935915649 -0.351427943
vn 0.014306332 0.831334054 -0.555588961
vn -0.0251447726 0.831112385 -0.555535734
vn 0.0382629968 0.980694413 -0.191766649
vn 0.0382610299 0.980696201 -0.191757888
vn 0.0669609532 0.939625323 -0.335589767
vn 0.124764383 0.831325948 -0.541600406
vn 0.162866741 0.831324756 -0.531388402
vn 0.109828517 0.939594746 -0.324190408
vn 0.196913987 0.831411183 -0.519596279
vn 0.233341068 0.831297278 -0.504476726
vn 0.155432791 0.935726702 -0.316632509
vn 0.26544401 0.831434309 -0.488115191
vn 0.299574137 0.831208766 -0.468345255
vn 0.207530275 0.926927447 -0.312628776
vn 0.329059273 0.831475317 -0.447625697
vn 0.362167507 0.831076324 -0.422074497
vn 0.296944082 0.887923241 -0.351306915
vn -0.357115269 0.740800083 -0.568932295
vn -0.0437016264 0.975677013 -0.21481289
vn 0.221564218 0.975122929 -0.00667755492
vn -0.0345457494 0.939477563 -0.34086442
vn -0.110330947 0.713387609 -0.692029715
vn -0.0507175699 0.81841743 -0.572381556
vn 0.775532961 0.611546516 -0.156714514
vn 0.0367182195 0.568853855 -0.821618557
vn -0.165892765 0.573940873 -0.801917374
vn 0.24203226 0.5036183 -0.829330444
vn -0.31817022 0.705799401 -0.632941484
vn -0.387174308 0.71622628 -0.580616891
vn -0.111708753 0.536057889 -0.836757481
vn -0.170473456 0.574937999 -0.800240636
vn -0.151112378 0.55793184 -0.816012919
vn -0.171108633 0.567660749 -0.8052845
vn -0.272080064 0.653248787 -0.706568122
vn -0.28110218 0.637403727 -0.717424631
vn -0.401786089 0.701988399 -0.588030815
vn -0.319181174 0.775731444 -0.544393301
vn -0.414642334 0.736095667 -0.535009265
vn -0.375074059 0.742450833 -0.555055141
vn -0.329490513 0.831205487 -0.447809637
vn -0.379660159 0.773234606 -0.507903874
vn -0.205978736 0.908915699 -0.362553418
vn -0.149084911 0.876181066 -0.458345264
vn -0.0500386283 0.900232136 -0.432525456
vn -0.0787111893 0.970508218 -0.227855965
vn -0.0347176343 0.994008303 -0.10364452
vn -0.0643276572 0.980783582 -0.184188947
vn -0.0805536881 0.980760038 -0.177822441
vn -0.0806258544 0.980722785 -0.17799522
vn -0.0985569134 0.980722785 -0.168728709
vn -0.0985557511 0.980723262 -0.168726578
vn -0.115434244 0.980723202 -0.157660693
vn -0.115435973 0.980722606 -0.157663211
vn -0.336940259 0.83138454 -0.441894799
vn -0.240082279 0.913694084 -0.32790789
vn -0.313605577 0.831460536 -0.458611995
vn -0.280441999 0.831166208 -0.480119795
vn -0.280454159 0.831149042 -0.480142415
vn -0.237996846 0.831338882 -0.50222826
vn -0.170268968 0.910887539 -0.375888824
vn -0.211711064 0.831388235 -0.513782144
vn -0.178107381 0.831135273 -0.526775002
vn -0.154468805 0.882122874 -0.444970399
vn 0.287108928 0.860059083 0.421742618
vn 0.816096187 0.554805398 -0.161796197
vn 0.860477924 0.508219063 -0.035932567
vn 0.617786467 0.778121471 -0.113432266
vn 0.708072662 0.701049745 -0.0846304446
vn 0.332468092 0.943114519 4.67004757e-05
vn 0.388408095 0.896925569 0.211337835
vn 0.106618628 0.973266304 -0.203433514
vn 0.215634719 0.968279302 0.126241177
vn 0.24265103 0.802173674 0.545561969
vn 0.213836387 0.830426753 0.514456391
vn 0.877156496 0.465741098 -0.116968945
vn 0.769956946 0.631040037 0.094629623
vn 0.776078105 0.619059622 0.120282717
vn 0.459806055 0.888018608 -0.00114853284
vn 0.577066183 0.623724163 -0.527221799
vn 0.453267068 0.865389824 0.213657171
vn 0.495035261 0.860192895 0.122508198
vn 0.31730473 0.791979074 0.521619439
vn 0.435195982 0.810909033 0.391191781
vn 0.311170369 0.765761852 0.562833667
vn 0.81088531 0.460039139 -0.361702949
vn 0.695020914 0.716041207 0.0650454164
vn 0.64086616 0.744606137 0.186687484
vn 0.474778801 0.778672099 0.410188824
vn 0.472849071 0.778130174 0.413433433
vn 0.35774523 0.760944128 0.541278481
vn 0.276815623 0.722060144 0.634036481
vn 0.0730400607 0.993895054 0.0826910287
vn 0.364322305 0.830363333 0.421623021
vn 0.315307438 0.878207326 0.359629214
vn 0.158880517 0.970125914 0.183337688
vn 0.341205597 0.830546916 0.440193743
vn 0.24883303 0.90378356 0.348220378
vn 0.317921311 0.830388308 0.457581967
vn 0.286391914 0.830481172 0.477787286
vn 0.196419701 0.917387724 0.346148849
vn 0.261076987 0.830511212 0.492026389
vn 0.223124072 0.830233812 0.510810614
vn 0.223127633 0.830227315 0.510819554
vn 0.128408358 0.98043704 0.149179325
vn 0.114503942 0.980412662 0.160249472
vn 0.114395529 0.980451703 0.160087839
vn 0.0971048847 0.980451524 0.171129853
vn 0.0970949382 0.980455816 0.171111062
vn 0.0787510499 0.980455995 0.180289447
vn 0.0787627622 0.980449736 0.180318594
vn 0.169691041 0.984987617 -0.031692002
vn 0.167448297 0.985372663 -0.0316514559
vn 0.170351043 0.985367119 -0.00566611113
vn 0.167800888 0.985802591 -0.00600784738
vn 0.168742448 0.985459864 0.0198699608
vn 0.167020008 0.985763133 0.0193732977
vn 0.162085071 0.985759616 0.0447924696
vn 0.161954418 0.985783875 0.0447315462
vn 0.153094426 0.985784173 0.0692216605
vn 0.152928889 0.985817671 0.0691102818
vn 0.140607432 0.985824883 0.0915357918
vn 0.140116826 0.985936821 0.0910815522
vn 0.126508474 0.985552728 0.112612039
vn 0.12695466 0.985431492 0.113169402
vn 0.109874576 0.984994113 0.133094609
vn 0.10858462 0.985439599 0.130836338
vn 0.318095654 0.866179466 0.385419697
vn 0.315594792 0.869180024 0.380691499
vn 0.368750274 0.869155049 0.329534173
vn 0.366399974 0.871335566 0.326382309
vn 0.410936922 0.871307909 0.268241197
vn 0.409207761 0.872642398 0.266541362
vn 0.444951057 0.872611642 0.201413751
vn 0.444356501 0.873012722 0.200987697
vn 0.470142245 0.873007476 0.129708156
vn 0.470841378 0.872578382 0.130058855
vn 0.485155106 0.872598469 0.0565371253
vn 0.487451792 0.871269226 0.0572772697
vn 0.490461916 0.871291816 -0.0172543209
vn 0.494361937 0.869097233 -0.0166202579
vn 0.48595795 0.869116902 -0.0920906365
vn 0.49126476 0.866134048 -0.0920366719
vn 0.166239619 0.985078752 -0.0445446484
vn 0.00480201328 0.999982715 -0.00338545884
vn 0.204202577 0.977423131 -0.0542704128
vn 0.511998296 0.847885251 -0.137653068
vn 0.481669903 0.866796792 -0.129063874
vn 0.456258237 0.865141153 -0.208228707
vn 0.0670224577 0.866993248 -0.493792176
vn 0.117831245 0.913142323 -0.390239507
vn 0.130142704 0.866758406 -0.48144865
vn 0.0688590333 0.86423564 -0.498352498
vn 0.212119192 0.903932095 -0.371365398
vn 0.218250379 0.896082699 -0.386526346
vn 0.199561656 0.852308869 -0.483471543
vn 0.309512824 0.889629841 -0.335798353
vn 0.262750715 0.925765932 -0.271881461
vn 0.321867615 0.844966292 -0.427121997
vn 0.442251146 0.865524411 -0.235119909
vn 0.42459622 0.866913736 -0.261110336
vn 0.319990724 0.921738148 -0.21909976
vn 0.345876127 0.904460847 -0.249640211
vn 0.402522236 0.854012907 -0.32960251
vn 0.349738091 0.927137077 -0.134536803
vn 0.360396534 0.921970367 -0.141721368
vn 0.476901829 0.86523205 -0.154719427
vn 0.497692168 0.864132881 -0.074678719
vn 0.362563401 0.929533362 -0.067197077
vn 0.469268382 0.880702794 0.0644190609
vn 0.399150223 0.916371167 0.0307087023
vn 0.447341591 0.893978536 0.0262281839
vn 0.527689099 0.848966181 -0.0282944944
vn 0.464236826 0.864868879 0.191013053
vn 0.396796077 0.909515142 0.123834781
vn 0.399292558 0.908367991 0.124229729
vn 0.512419641 0.85266602 0.101915456
vn 0.378385901 0.898926735 0.220804989
vn 0.327248335 0.923754334 0.198963389
vn 0.449949473 0.866086483 0.217806473
vn 0.305502981 0.866585314 0.394585669
vn 0.319605619 0.85635215 0.405602276
vn 0.342333794 0.882878602 0.321454406
vn 0.290714294 0.914151788 0.282509655
vn 0.414348304 0.854112983 0.314335018
vn 0.105629139 0.985047877 0.136100024
vn 0.107590377 0.984610558 0.13771832
vn 0.128086835 0.98444277 0.120275453
vn 0.128144473 0.984427392 0.120340064
vn 0.151829526 0.984427691 0.0885996521
vn 0.151829854 0.984427631 0.088599883
vn 0.167806953 0.98442781 0.0523703918
vn 0.16780524 0.984428167 0.0523696914
vn 0.175269127 0.984428227 0.0134841911
vn 0.175270528 0.984427989 0.0134844249
vn 0.173842639 0.984427869 -0.0260855723
vn 0.173841178 0.984428167 -0.0260854848
vn 0.16359365 0.984428048 -0.0643317774
vn 0.163592696 0.984428227 -0.0643314943
vn 0.145043716 0.984428346 -0.0993133336
vn 0.145048797 0.984427333 -0.0993161872
vn 0.119141661 0.984427154 -0.129261345
vn 0.119138129 0.984427989 -0.129258141
vn 0.0871867761 0.984427989 -0.152643517
vn 0.0871867016 0.984427989 -0.152643412
vn 0.0508117862 0.984427929 -0.168284819
vn 0.0508120656 0.98442781 -0.168285519
vn 0.0244992077 0.984596908 -0.173114613
vn 0.0233286656 0.985173047 -0.169970214
vn 0.00233668694 0.999992847 0.00297543802
vn 0.173384592 0.959226429 0.223209471
vn 0.0922214165 0.970848024 0.221244887
vn 0.328244716 0.821163774 0.466846347
vn 0.355792373 0.494954079 0.792737186
vn 0.371670693 0.68632853 0.625151217
vn 0.260500163 0.849570274 0.458661079
vn 0.15567866 0.869280159 -0.469165415
vn 0.472962797 0.865449965 -0.165234923
vn 0.458497137 0.87354058 -0.163423628
vn 0.444645613 0.865113616 -0.232096329
vn 0.416327566 0.881170809 -0.224074408
vn 0.409988105 0.861438751 -0.299721658
vn 0.35160774 0.895270467 -0.273610681
vn 0.372993559 0.849272907 -0.373645931
vn 0.331708968 0.8764503 -0.349004388
vn 0.302378923 0.872188866 -0.384517342
vn 0.315623224 0.842754781 -0.436057717
vn 0.220965713 0.903655469 -0.36685279
vn 0.172434554 0.849668503 -0.498326927
vn 0.0762648582 0.889243841 -0.451031059
vn 0.0907874405 0.866287827 -0.491226077
vn 0.0205635726 0.98519069 -0.170224532
vn 0.026176203 0.988024473 -0.152060792
vn 0.0444576107 0.981045127 -0.188610554
vn 0.0481638983 0.988395452 -0.144064754
vn 0.0786794648 0.979739785 -0.184172362
vn 0.200006768 0.873036206 -0.444752783
vn 0.243243247 0.845076025 -0.476108372
vn 0.0692165196 0.988422751 -0.135016933
vn 0.126714438 0.976388514 -0.174953997
vn 0.0815457627 0.988970399 -0.123644084
vn 0.134456336 0.981706917 -0.134807244
vn 0.0987955928 0.989359319 -0.106805995
vn 0.145087153 0.982804954 -0.114210717
vn 0.125232622 0.987869263 -0.0918209106
vn 0.137461379 0.986529529 -0.0886783004
vn 0.146372005 0.98624438 -0.0767936558
vn 0.139938027 0.987337768 -0.0747095421
vn 0.162783757 0.984958529 -0.05794999
vn 0.164193183 0.98470962 -0.0582031198
vn 0.482921988 0.866049707 -0.129399702
vn 0.421962529 0.89757055 -0.127729163
vn 0.170018479 0.984764576 -0.0365033932
vn 0.103634663 0.994227707 -0.027769601
vn 0.0628072098 0.865858674 -0.4963305
vn 0.118178636 0.880384207 -0.459300995
vn 0.136153966 0.868848979 -0.475986868
vn 0.479471147 0.764759839 -0.4304066
vn 0.30174309 0.893292964 -0.333134741
vn 0.0991015285 0.994092643 -0.0442572869
vn 0.402200758 0.894690096 -0.194330126
vn 0.548439264 0.813959479 -0.191531643
vn 0.148475036 0.985184073 -0.0858342275
vn 0.128563374 0.985084295 -0.114369415
vn 0.0998188108 0.989457071 -0.104932725
vn 0.19084321 0.906553626 -0.376482934
vn 0.255756199 0.870281279 -0.420950413
vn 0.0973868296 0.982050776 -0.161530286
vn 0.0341969207 0.989321589 -0.141680658
vn 0.0539522171 0.984054327 -0.169488207
vn 0.0435770117 0.866020143 -0.498106539
vn 0.043577034 0.866020024 -0.498106748
vn 0.0151351774 0.984802604 -0.173016787
vn 0.0151274893 0.984815955 -0.172941342
vn 0.00401017861 0.984754622 -0.173903123
vn -0.21818535 0.870045245 -0.442059338
vn -0.270854533 0.866676569 -0.418938547
vn -0.268891633 0.871645093 -0.409795195
vn -0.402138829 0.833856881 -0.378109872
vn -0.405171126 0.829630733 -0.384121358
vn -0.0280623827 0.988041162 -0.151615366
vn -0.0102998205 0.979683936 -0.200282946
vn -0.0281707477 0.871348977 -0.489854485
vn -0.0253804643 0.86394912 -0.502939105
vn -0.15676026 0.872557223 -0.462677091
vn -0.156647399 0.876346231 -0.455498487
vn -0.0680454224 0.978327036 -0.195565939
vn -0.0760967657 0.991208076 -0.108239494
vn -0.113376357 0.97039634 -0.213252753
vn -0.120940365 0.986851335 -0.107228361
vn -0.140354797 0.980425894 -0.138078362
vn -0.337445766 0.831417441 0.44144693
vn -0.176784202 0.980706036 -0.0834447742
vn -0.143655017 0.980705082 0.132592618
vn -0.143647611 0.98070699 0.132586554
vn -0.159826681 0.980706871 0.112558529
vn -0.159889281 0.980692208 0.112597384
vn -0.173302144 0.980692089 0.0906054601
vn -0.17330277 0.980691969 0.0906057432
vn -0.183708981 0.98069185 0.0670409203
vn -0.183711842 0.980691254 0.0670417771
vn -0.190929517 0.980691314 0.0423132256
vn -0.190855041 0.980706334 0.0423012078
vn -0.194759667 0.980706334 0.0168440528
vn -0.194760486 0.980706215 0.016844077
vn -0.195284426 0.980706275 -0.0089011183
vn -0.195284769 0.980706215 -0.00890115462
vn -0.192420587 0.980706215 -0.0344919749
vn -0.192419857 0.980706334 -0.0344917998
vn -0.176785067 0.980705857 -0.083445251
vn -0.164283589 0.980705738 -0.105958074
vn -0.164279789 0.980706692 -0.105955303
vn -0.124976225 0.980706334 0.150319576
vn -0.124981068 0.980704963 0.150324762
vn -0.287446082 0.893218875 0.345737994
vn -0.365925074 0.831277609 0.418421268
vn -0.397764295 0.831306994 0.388216764
vn -0.327989846 0.894859195 0.302736998
vn -0.422377467 0.831388354 0.361096561
vn -0.398528874 0.893174648 0.208359778
vn -0.481449813 0.831414223 0.277410299
vn -0.454889268 0.830935776 0.320345879
vn -0.389567763 0.881273806 0.267569542
vn -0.436240762 0.831470609 0.34402132
vn -0.535035193 0.831475973 0.149616361
vn -0.528889835 0.831393242 0.170472398
vn -0.419355959 0.89482981 0.153036609
vn -0.516635954 0.831305325 0.204984725
vn -0.498860598 0.831275821 0.245190918
vn -0.464905798 0.879973233 0.0975176394
vn -0.543243945 0.830897331 0.120397769
vn -0.551174164 0.831379652 0.0708161443
vn -0.448820531 0.892778397 0.038817551
vn -0.55485636 0.831235766 0.0343733542
vn -0.555777609 0.831276655 -0.00950877927
vn -0.445462555 0.895070314 -0.0203038771
vn -0.553830445 0.831353188 -0.046083916
vn -0.536004841 0.831385791 -0.146616668
vn -0.54126513 0.831427693 -0.125539079
vn -0.464570731 0.881611705 -0.0832754374
vn -0.488738149 0.86826396 -0.0851627365
vn -0.551482081 0.831442773 -0.0676048025
vn -0.186216727 0.980706394 -0.0594840795
vn -0.186218083 0.980706096 -0.059484601
vn -0.430142224 0.892243326 -0.137402743
vn -0.525405407 0.831229627 -0.18167676
vn -0.509331763 0.831283331 -0.222596362
vn -0.402895063 0.895270765 -0.190173164
vn -0.493472248 0.831353247 -0.255610883
vn -0.472004265 0.831139207 -0.293972075
vn -0.395419121 0.882383943 -0.25503397
vn -0.451226711 0.831458151 -0.32414782
vn -0.00270589744 0.999971628 0.00702761533
vn -0.0705603808 0.980731308 0.182174027
vn -0.0796869695 0.973908961 0.212488353
vn -0.200498357 0.831182957 0.518589735
vn -0.20771654 0.81365037 0.542979658
vn -0.106276333 0.9807235 0.163971946
vn -0.106238686 0.980735898 0.163922191
vn -0.0884532556 0.980721653 0.174244195
vn -0.0884479508 0.980723679 0.174235404
vn -0.251709759 0.8311252 0.495855927
vn -0.25171566 0.831117749 0.495865405
vn -0.295426488 0.83128953 0.470829964
vn -0.268284738 0.869863153 0.413958192
vn -0.319642991 0.831470072 0.454407185
vn 0.171895981 0.385070384 0.906737328
vn 0.0969355777 0.823064625 0.559614301
vn 0.00105641445 0.999973416 0.00721078645
vn -0.407778859 0.908735156 -0.0889763758
vn -0.127047479 0.990927994 -0.0438245237
vn -0.729230642 0.660784185 -0.177727193
vn -0.61451298 0.774555564 -0.149791434
vn -0.840170264 0.500408053 -0.209059089
vn -0.908824861 0.350582063 -0.226118475
vn -0.95028621 0.192333251 -0.244875595
vn -0.957988322 0.156820849 -0.240136519
vn 0.229959086 0.192556709 0.953960538
vn 0.0052059805 0.194700897 0.980848849
vn -0.100661144 0.00564741576 0.994904757
vn -0.163081408 0.194067121 0.967337787
vn -0.422758996 0.19233869 0.885596216
vn -0.395869195 0.0161153134 0.918165505
vn -0.536962807 0.194932908 0.82077533
vn -0.697043657 0.192292497 0.690763175
vn -0.697043598 0.192292675 0.690763175
vn -0.889394403 0.192296952 0.414728194
vn -0.889397323 0.192286104 0.414726943
vn -0.977205336 0.192300111 0.0899469331
vn -0.974346697 -0.15413329 0.163986251
vn -0.980876088 0.194557726 -0.00542205852
vn -0.8085711 0.549775064 -0.209666818
vn -0.831755161 0.549838364 0.0765579492
vn -0.831753075 0.549841404 0.0765585378
vn -0.757004917 0.549854398 0.352992475
vn -0.757006824 0.549851656 0.352992624
vn -0.593280315 0.549861252 0.587938011
vn -0.593287706 0.549849808 0.587941229
vn -0.359829694 0.549853086 0.753779888
vn -0.359838158 0.549836516 0.753787994
vn -0.0840808153 0.549836695 0.831029475
vn -0.0840820372 0.54983288 0.831031919
vn -0.543222845 0.827504277 -0.141935214
vn -0.558901846 0.8276366 0.0514435172
vn -0.558903158 0.827635705 0.0514433235
vn -0.508679986 0.827635825 0.237199575
vn -0.508687437 0.827630818 0.237201095
vn -0.398674697 0.827627659 0.395083487
vn -0.398674041 0.827628136 0.39508307
vn -0.241800517 0.827626109 0.50652498
vn -0.241797447 0.827629328 0.506521225
vn -0.056502454 0.827628732 0.558424771
vn -0.0564995855 0.827634454 0.558416545
vn 0.0903366134 0.830415666 0.549771905
vn 0.134992599 0.55395031 0.821532726
vn 0.170817927 0.651382685 0.739271164
vn 0.156247064 0.538932681 0.827730894
vn -0.192151845 0.980375588 -0.0440611877
vn -0.197137684 0.98020786 0.0181448273
vn -0.197137237 0.98020798 0.0181448702
vn -0.179423437 0.98020786 0.0836648569
vn -0.179422677 0.98020798 0.0836646631
vn -0.140618891 0.98020798 0.139350846
vn -0.140619397 0.98020786 0.139351189
vn -0.0852882862 0.98020792 0.178657085
vn -0.0852850452 0.980208993 0.178652674
vn -0.0199292433 0.980209172 0.196958929
vn -0.0199302938 0.980208457 0.196962461
vn 0.0309158973 0.980631113 0.19340834
vn 0.0244975425 0.975775242 0.217399463
vn 0.0191108249 0.97565943 -0.218457103
vn 0.0106009524 0.988146603 -0.153146744
vn 0.0816285536 0.350405455 -0.933034182
vn 0.0791391581 0.385363013 -0.919365168
vn 0.0254744254 0.954663396 -0.296595514
vn 0.0351707786 0.918360651 -0.39417854
vn 0.0465460196 0.843281686 -0.535452604
vn 0.0500940941 0.821261704 -0.568348289
vn 0.0635369495 0.679701805 -0.730731487
vn 0.0651209503 0.664842844 -0.744139254
vn 0.0728799701 0.547115326 -0.833878458
vn 0.520747423 0.355763793 -0.776050389
vn 0.0601965636 0.843205929 -0.534209847
vn 0.0714841038 0.990661323 -0.116103947
vn 0.0677383691 0.985405266 -0.156166628
vn 0.0967877805 0.990995109 -0.0925246105
vn 0.163123012 0.982555747 -0.0893031955
vn 0.130657986 0.98813498 -0.0807324573
vn 0.503776729 0.833710134 -0.22613357
vn 0.21711196 0.972819865 -0.0805229545
vn 0.11465168 0.988976359 -0.0937056467
vn 0.360155314 0.923935175 -0.128964826
vn 0.422920287 0.876671553 -0.229315028
vn 0.363151044 0.874694467 -0.320984304
vn 0.115355194 0.988031089 -0.102409951
vn 0.0887332112 0.987784386 -0.128095329
vn 0.39598915 0.652191341 -0.646404743
vn 0.398663491 0.648643196 -0.648328125
vn 0.504373074 0.252542168 -0.825730145
vn 0.40017432 0.354643762 -0.84503746
vn 0.693245113 0.649416566 -0.312521011
vn 0.78030771 0.543446064 -0.309493482
vn 0.666854858 0.683749378 -0.29629612
vn 0.702059567 0.139372021 -0.698346496
vn 0.752728283 0.354322702 -0.5548473
vn 0.856203794 0.351464093 -0.378666192
vn 0.875694692 0.23801288 -0.420129389
vn 0.900372505 0.337911785 -0.274125785
vn 0.227021843 0.381117105 -0.896220326
vn 0.239729434 0.352215171 -0.90469569
vn 0.16810146 0.675949931 -0.717519045
vn 0.183061257 0.649086893 -0.738359511
vn 0.106770381 0.903141201 -0.415855825
vn 0.70095849 0.354081064 -0.61909914
vn 0.569250584 0.648640633 -0.505192101
vn 0.567819238 0.652192533 -0.502221227
vn 0.359372497 0.876891017 -0.31923902
vn 0.251981914 0.876891255 -0.409349293
vn 0.253042996 0.874697924 -0.413367599
vn 0.152383789 0.876674116 -0.456313103
vn 0.0495088138 0.988096356 -0.145651937
vn 0.0621809252 0.990442693 -0.123112902
vn 0.0447391942 0.976719797 -0.209801883
vn 0.0216755215 0.975656152 -0.218231991
vn 0.909048438 0.338082224 -0.243580297
vn 0.909608781 0.336862355 -0.243178204
vn 0.809172213 0.546019256 -0.217032969
vn 0.809939206 0.544885159 -0.217022106
vn 0.700794637 0.688205361 -0.187777147
vn 0.702762783 0.686268866 -0.187508747
vn 0.528418064 0.836959541 -0.14238362
vn 0.530815184 0.83546716 -0.142231643
vn 0.222750604 0.973046601 -0.0596864745
vn 0.222749561 0.973046839 -0.0596867539
vn 0.163336426 0.830355287 -0.532758236
vn 0.769417107 0.540258825 -0.340760529
vn 0.136477992 0.985817313 -0.0976626799
vn 0.218245029 0.972901642 -0.0763641819
vn 0.146615803 0.976967037 -0.155046016
vn 0.11190258 0.988890052 -0.0978479683
vn 0.0977441669 0.982593834 -0.157972842
vn 0.0741001517 0.987157464 -0.141524896
vn 0.0240041409 0.979947567 -0.197804317
vn 0.0511308797 0.972644508 -0.226601571
vn 0.863431394 0.333438754 -0.378556281
vn 0.506845415 0.832431436 -0.223976746
vn 0.851673901 0.359510452 -0.381318539
vn 0.702279985 0.35980159 -0.614284694
vn 0.697234452 0.370078653 -0.613926649
vn 0.488146126 0.369937271 -0.790480733
vn 0.493035227 0.359588116 -0.792220056
vn 0.229239658 0.359089792 -0.904711962
vn 0.239810064 0.333076686 -0.911894202
vn 0.210300684 0.540293157 -0.814774156
vn 0.202116907 0.648989141 -0.733458817
vn 0.40084669 0.647960484 -0.647664368
vn 0.40030098 0.653123498 -0.642797649
vn 0.569666147 0.652960062 -0.499122888
vn 0.571546972 0.647818506 -0.503651977
vn 0.690543532 0.648980141 -0.319334418
vn 0.667886138 0.68165803 -0.298781693
vn 0.185506895 0.681676805 -0.707745671
vn 0.121541008 0.870620489 -0.476705104
vn 0.259185016 0.870462835 -0.418470562
vn 0.258677572 0.871876836 -0.41583249
vn 0.368308753 0.871816099 -0.322932363
vn 0.369539917 0.87041229 -0.325303972
vn 0.442104101 0.871561587 -0.2119537
vn 0.170389235 0.984416425 -0.0434949212
vn 0.244498879 0.960855424 -0.130296424
vn 0.151247472 0.336262673 -0.929543793
vn 0.116919674 0.685533285 -0.71859163
vn 0.348089576 0.834991634 0.426172048
vn 0.43275854 0.686184108 0.584697723
vn 0.580394685 0.336578518 0.741523385
vn 0.146158233 0.972942173 0.178945124
vn 0.146159247 0.972941875 0.17894581
vn 0.167603567 0.972941935 0.159037665
vn 0.167602092 0.972942352 0.159036919
vn 0.187102899 0.972925127 0.135680437
vn 0.1871012 0.972925544 0.135679811
vn 0.203856662 0.972925544 0.108896002
vn 0.203857183 0.972925425 0.108896114
vn 0.216803372 0.972925425 0.080077447
vn 0.216803595 0.972925365 0.0800774619
vn 0.225698784 0.972925365 0.0497621857
vn 0.225698978 0.972925305 0.0497621745
vn 0.230376735 0.972925305 0.0185172353
vn 0.230376437 0.972925365 0.018517293
vn 0.230749249 0.972925425 -0.0130737321
vn 0.230749771 0.972925305 -0.013073911
vn 0.226810843 0.972925305 -0.0444204323
vn 0.226810172 0.972925484 -0.0444201007
vn 0.218633026 0.972925544 -0.0749363974
vn 0.218634829 0.972925067 -0.0749376342
vn 0.206372753 0.972924948 -0.104054347
vn 0.206371665 0.972925305 -0.104053348
vn 0.190253332 0.972925246 -0.131225422
vn 0.190253705 0.972925127 -0.131225884
vn 0.170580268 0.972925067 -0.155946225
vn 0.170581192 0.97292465 -0.1559477
vn 0.147720337 0.972924531 -0.177754104
vn 0.147718728 0.972925425 -0.177750513
vn 0.122097529 0.972925425 -0.196235299
vn 0.122098751 0.972924471 -0.196239457
vn 0.0941963196 0.972924352 -0.211057454
vn 0.0941963047 0.972924352 -0.211057365
vn 0.0656296462 0.972941577 -0.221534386
vn 0.0656296611 0.972942293 -0.221531063
vn 0.0371042155 0.972942293 -0.228049591
vn 0.0371040888 0.972942054 -0.228050545
vn 0.0883772746 0.834960759 -0.543166578
vn 0.0859532803 0.764731824 -0.638590097
vn 0.182801664 0.76540637 -0.617038608
vn 0.182802424 0.765412986 -0.617030144
vn 0.2623339 0.765307546 -0.587779939
vn 0.26233381 0.765308559 -0.587778687
vn 0.34004277 0.76530844 -0.546510696
vn 0.340044796 0.765300572 -0.546520412
vn 0.411400467 0.765301049 -0.495039314
vn 0.411399633 0.765302956 -0.495037049
vn 0.475066781 0.765303254 -0.43430686
vn 0.475065619 0.765305281 -0.434304625
vn 0.529855847 0.765305102 -0.36545977
vn 0.529857635 0.765302658 -0.365462333
vn 0.574746847 0.765303135 -0.289788097
vn 0.574745059 0.765305221 -0.28978622
vn 0.608895242 0.7653054 -0.208696589
vn 0.608897865 0.765302658 -0.208698735
vn 0.631669581 0.765303493 -0.123709649
vn 0.631668806 0.765304267 -0.12370915
vn 0.642637789 0.765304506 -0.0364093632
vn 0.642638147 0.765304208 -0.0364095159
vn 0.641599178 0.765304446 0.0515710711
vn 0.64159888 0.765304744 0.0515711643
vn 0.628570795 0.76530534 0.138587698
vn 0.628570557 0.765305459 0.138587713
vn 0.603797436 0.765305698 0.223015279
vn 0.603798032 0.765305221 0.223015279
vn 0.567742467 0.765305579 0.303275228
vn 0.567745924 0.765302777 0.303275734
vn 0.521082401 0.765302658 0.37786895
vn 0.521080375 0.765304327 0.377868384
vn 0.466827989 0.765409708 0.442966819
vn 0.466825336 0.765411973 0.442965746
vn 0.407097369 0.765412331 0.498413146
vn 0.530719519 0.544190586 0.649764121
vn 0.134740621 0.544120729 -0.828116894
vn 0.133369535 0.395040423 -0.908931017
vn 0.260909587 0.395411104 -0.880668044
vn 0.260907233 0.395399481 -0.880674005
vn 0.374371439 0.395288855 -0.838804364
vn 0.374371648 0.395290554 -0.83880347
vn 0.485263169 0.395290911 -0.779913306
vn 0.485263497 0.395299226 -0.779908895
vn 0.587090731 0.39529869 -0.706444204
vn 0.587090969 0.395291597 -0.706448019
vn 0.677950382 0.395291954 -0.619780242
vn 0.677950799 0.39528808 -0.619782269
vn 0.756139576 0.395288408 -0.521536171
vn 0.756139398 0.3952896 -0.521535575
vn 0.820199847 0.395289838 -0.413543463
vn 0.820198298 0.395296156 -0.413540453
vn 0.86893189 0.395294964 -0.297824234
vn 0.868932009 0.395294547 -0.297824413
vn 0.90143013 0.395294011 -0.176540002
vn 0.901431382 0.395290494 -0.176541358
vn 0.917085111 0.395291299 -0.0519582964
vn 0.917085111 0.395291269 -0.0519583113
vn 0.915602744 0.395291388 0.0735955611
vn 0.915602028 0.395292968 0.0735960007
vn 0.897011042 0.395293176 0.19777371
vn 0.897005618 0.395304352 0.197776094
vn 0.861654222 0.395304322 0.318255365
vn 0.861653805 0.395305216 0.318255484
vn 0.810202003 0.395305037 0.432789356
vn 0.810203016 0.39530316 0.432789207
vn 0.743611097 0.395302445 0.53923887
vn 0.743608594 0.395307124 0.53923887
vn 0.666282535 0.395418286 0.632227778
vn 0.666285396 0.395413101 0.632228017
vn 0.581037939 0.395412982 0.711367309
vn 0.545602441 0.837192059 -0.0377818048
vn 0.589769423 0.540333867 0.600176096
vn 0.139391854 0.985824406 0.0933816358
vn 0.148300856 0.972901106 0.177398548
vn 0.196753576 0.976963282 0.0826483294
vn 0.130942747 0.988895595 0.0702813044
vn 0.182234779 0.982600927 0.0358593687
vn 0.158549145 0.987157702 0.0195419658
vn 0.190609068 0.980791748 -0.0414220393
vn 0.218777552 0.975302994 -0.0303387102
vn 0.388029248 0.832463801 0.395521581
vn 0.927508831 0.35906899 -0.10390757
vn 0.915079117 0.359559834 0.182611331
vn 0.911709845 0.369971424 0.178623334
vn 0.820064127 0.370091975 0.436493754
vn 0.822169185 0.359845906 0.441076756
vn 0.656715453 0.359545946 0.662911415
vn 0.658272445 0.333428204 0.674909592
vn 0.917518198 0.382058859 -0.110414602
vn 0.757613242 0.648859024 -0.0707401261
vn 0.747332394 0.647938788 0.147205949
vn 0.742560506 0.653128624 0.148414508
vn 0.667714477 0.652955711 0.357499868
vn 0.67259407 0.647836924 0.35766539
vn 0.541969657 0.648990095 0.533929527
vn 0.514799476 0.681616902 0.519980669
vn 0.735613883 0.673102021 -0.0761966035
vn 0.488964498 0.870628059 -0.0540412553
vn 0.482909113 0.870470047 0.0952927396
vn 0.480309874 0.87185818 0.0957380682
vn 0.431939632 0.871800661 0.231066585
vn 0.434568644 0.870409608 0.231381223
vn 0.354012191 0.871559918 0.33920297
vn 0.100649305 0.984422743 0.144158185
vn 0.208013251 0.960858405 0.182979658
vn 0.891318262 0.385373503 -0.238828361
vn 0.141617134 0.989193976 -0.037945725
vn 0.212313652 0.975665033 -0.0547780953
vn 0.521545649 0.841818988 -0.139035702
vn 0.485200524 0.864675939 -0.130061314
vn 0.336886287 0.93725276 -0.0898049921
vn 0.914162099 0.325101852 -0.24210833
vn 0.831490815 0.508806169 -0.223023027
vn 0.71013844 0.677740574 -0.190712079
vn 0.743329465 0.638860643 -0.19828859
vn 0.632664382 0.75559181 -0.16975528
vn -0.026878722 0.776482046 -0.629565835
vn -0.491933912 0.729800582 -0.474754781
vn -0.48135975 0.732462645 -0.481447011
vn -0.346868485 0.762859046 -0.545644879
vn -0.418195069 0.755357146 -0.504527926
vn -0.03447292 0.778206348 -0.627061784
vn -0.0328705385 0.778485596 -0.626801193
vn -0.198082939 0.781712174 -0.59134531
vn -0.183375746 0.783994734 -0.593064606
vn -0.27555275 0.776074767 -0.567255378
vn -0.27229619 0.776500106 -0.568244994
vn -0.328265756 0.76919049 -0.548258662
vn -0.369515806 -4.0986663e-07 0.929224432
vn -0.19772239 -0.00330111082 0.980252504
vn -0.209329918 -0.00427228259 0.977835715
vn 0.368050516 0.00132543279 0.929804862
vn 0.218799785 -0.00623834506 0.97574985
vn 0.238049656 -0.00508761033 0.971239686
vn 0.109041154 -5.63511931e-05 0.994037211
vn -0.0309014246 3.3746499e-05 0.999522448
vn 0.534384847 -0.000898089609 0.845240772
vn 0.628587842 -0.00448787911 0.777725637
vn 0.684972405 1.83074076e-06 0.728569031
vn 0.628593385 0.00296506076 -0.777728438
vn 0.54946506 -0.0133883161 -0.835409403
vn 0.694562554 -0.00242064008 -0.719428241
vn 0.755616486 1.38370308e-06 -0.655014336
vn -0.197719827 -8.6620571e-07 -0.980258584
vn -0.278240353 -0.0144465994 -0.960402846
vn -0.0226239432 0.00277351239 -0.999740183
vn 0.238044709 -0.00570275728 -0.971237481
vn 0.244739503 -0.00477734488 -0.969577074
vn 0.393346876 -0.000478539383 -0.919390023
vn -0.144669265 -7.46097157e-07 -0.989480078
vn -0.318893462 -0.00573994778 -0.947773159
vn -0.308177322 -0.00734696072 -0.951300561
vn -0.783279777 0.0021840469 -0.621665537
vn -0.678987563 -0.0103397854 -0.734076917
vn -0.691756606 -0.00861365721 -0.722079337
vn -0.59145093 -9.72455018e-05 -0.806340992
vn -0.473031044 5.79989828e-05 -0.881045759
vn -0.885637462 -0.00148777931 -0.4643749
vn -0.933219552 -0.00729857432 -0.359232455
vn -0.957484901 -1.85626845e-06 -0.288483411
vn 0.987830102 0.00296612224 0.155508623
vn 0.998218477 -0.0133866919 0.0581430532
vn 0.970326781 -0.00241977233 0.241785243
vn 0.945066929 2.3857358e-06 0.326876938
vn 0.75007081 2.32132811e-06 -0.661357582
vn 0.692606747 -0.0144453617 -0.721170723
vn 0.854488552 0.00277488562 -0.519462764
vn 0.96013844 -0.00570182642 -0.279466718
vn 0.962050676 -0.00477509247 -0.272829115
vn 0.992888987 -0.000476811256 -0.119042993
vn 0.784613967 2.06030973e-06 -0.619984627
vn 0.661349714 -0.00573874498 -0.75005573
vn 0.669755399 -0.00734437723 -0.742545485
vn 0.146734059 0.0021861305 -0.989173591
vn 0.296283782 -0.0103420736 -0.955043972
vn 0.279457718 -0.00861066207 -0.960119367
vn 0.402578622 -9.46444707e-05 -0.915385425
vn 0.526490211 6.05250534e-05 -0.850181162
vn -0.0406715237 -0.00148616312 -0.999171495
vn -0.155502051 -0.00729625858 -0.987808645
vn -0.228903204 1.58733314e-07 -0.973449171
vn -0.155517623 0.00296519999 0.987828672
vn -0.0581294894 -0.0133911325 0.998219252
vn -0.241787076 -0.00242373743 0.970326304
vn -0.326926142 -3.6261423e-07 0.945049882
vn 0.661361158 2.00720206e-06 0.750067592
vn 0.721178889 -0.0144467512 0.692598224
vn 0.519454539 0.00277420576 0.854493618
vn 0.279466718 -0.00570270373 0.96013844
vn 0.272820354 -0.00477475952 0.96205312
vn 0.119060211 -0.000477454159 0.992886901
vn 0.619987249 1.68629902e-06 0.784611881
vn 0.750053883 -0.00573837152 0.66135186
vn 0.742548347 -0.00734301843 0.669752181
vn 0.989173412 0.0021879659 0.146734923
vn 0.955048323 -0.010339356 0.296269715
vn 0.960119188 -0.00860945787 0.279458523
vn 0.915383399 -9.32219773e-05 0.402583152
vn 0.850181162 6.18536797e-05 0.526490271
vn 0.99917227 -0.00148342922 -0.0406512059
vn 0.987808108 -0.00729444763 -0.155505568
vn 0.973448992 1.92816447e-06 -0.228904009
vn 0.546971381 0.709035039 -0.445074826
vn 0.544631541 0.710023463 -0.446366638
vn 0.540221453 0.71279943 -0.447300553
vn 0.533388317 0.718085825 -0.447045475
vn 0.525134087 0.726714551 -0.442854553
vn 0.515920699 0.736747324 -0.437068939
vn 0.570306361 0.707813799 -0.41683358
vn 0.565229237 0.708607912 -0.422363281
vn 0.5599612 0.709939837 -0.42711693
vn 0.556635559 0.710898697 -0.429860324
vn 0.554511428 0.711639941 -0.431376517
vn 0.572632074 0.704800904 -0.418745965
vn 0.550900638 0.708007574 -0.441852659
vn 0.547953308 0.708750069 -0.444320291
vn 0.520385981 0.731334507 0.440849483
vn 0.531250954 0.720438719 0.445803195
vn 0.537881792 0.714301765 0.447723359
vn 0.543210745 0.71091032 0.446686238
vn 0.545792639 0.709534287 0.445725769
vn 0.546943307 0.709047318 0.445089817
vn 0.546813905 0.709096789 0.445169926
vn 0.548030555 0.708684862 0.444328994
vn 0.57436353 0.702634394 0.420013636
vn 0.552194655 0.712530196 0.43287614
vn 0.55418998 0.711700082 0.431690246
vn 0.668559432 0.708739996 -0.225201949
vn 0.648294032 0.705879807 -0.285391986
vn 0.643740535 0.707749546 -0.291013211
vn 0.635754943 0.707104027 -0.309547395
vn 0.624109268 0.706919134 -0.33279559
vn 0.623344839 0.705762327 -0.336661249
vn 0.5958848 0.708188951 -0.378668308
vn 0.594990075 0.706847608 -0.382561445
vn 0.575883627 0.707091272 -0.410341352
vn 0.672110617 0.699062049 -0.244089365
vn 0.678569973 0.707525969 -0.197357029
vn 0.685856044 0.706607759 -0.17408891
vn 0.686117887 0.707059324 -0.171199828
vn 0.694610596 0.706857502 -0.133673489
vn 0.693375885 0.709543407 -0.12561056
vn 0.703483641 0.705536008 -0.0856136903
vn 0.702464998 0.708013356 -0.0725260153
vn 0.704711616 0.707099259 -0.0582422242
vn 0.706855118 0.706859171 -0.0265690871
vn 0.706854582 0.706859767 -0.0265673045
vn 0.706854582 0.706859767 0.0265682302
vn 0.706855118 0.706859291 0.0265668463
vn 0.704711199 0.707099438 0.058245413
vn 0.702465236 0.708013237 0.0725248829
vn 0.703483939 0.705535889 0.0856123567
vn 0.691358864 0.710156024 0.133046389
vn 0.696190357 0.706691384 0.126120105
vn 0.685444176 0.7070328 0.173985407
vn 0.686686814 0.706472218 0.171342447
vn 0.678567827 0.707526326 0.197363019
vn 0.67462486 0.702311516 0.227244005
vn 0.663536727 0.708272517 0.240975231
vn 0.648290217 0.705881178 0.285397172
vn 0.643741488 0.70774895 0.291012496
vn 0.635759234 0.707103789 0.30953905
vn 0.622387648 0.706852496 0.336144567
vn 0.625351012 0.705507398 0.333459854
vn 0.593768179 0.708298981 0.381774694
vn 0.597084165 0.70677048 0.379428566
vn 0.575884521 0.707091331 0.410340011
vn 0.563959002 0.708567023 0.424126148
vn 0.553086579 0.72934705 0.402676255
vn 0.402698576 0.729325533 -0.553098679
vn -0.111318104 0.709187269 -0.696176529
vn -0.11352136 0.710187674 -0.694799542
vn -0.116512924 0.71306473 -0.69134897
vn -0.119657107 0.718484402 -0.685173213
vn -0.120115362 0.727204382 -0.675829947
vn -0.119675137 0.73747623 -0.664685369
vn -0.0905721709 0.709192455 -0.699172914
vn -0.0834563076 0.708019257 -0.701244473
vn -0.0949651375 0.710087061 -0.697680414
vn -0.0976040587 0.710814238 -0.696574867
vn -0.0779288933 0.704832733 -0.705080092
vn -0.106878154 0.708166003 -0.697909713
vn -0.11032933 0.708925426 -0.696600437
vn 0.439827442 0.731977284 -0.520347059
vn 0.444941342 0.720870316 -0.531388044
vn 0.446958154 0.714613795 -0.53810364
vn 0.446005851 0.711106181 -0.543513358
vn 0.44508642 0.709679127 -0.546126008
vn 0.44445914 0.709164262 -0.547304451
vn 0.444582343 0.709245682 -0.547098815
vn 0.424061149 0.698145807 -0.576857507
vn 0.435168236 0.711977661 -0.551104724
vn 0.434717983 0.711683631 -0.551839352
vn 0.113740169 0.707208097 -0.697796404
vn 0.108555712 0.705753207 -0.700091422
vn 0.0638591722 0.708376408 -0.702940166
vn 0.0569432564 0.706039488 -0.70587939
vn 0.0181920584 0.707511842 -0.706467271
vn 0.00723189814 0.705458641 -0.708714187
vn -0.0318561643 0.709656537 -0.703827262
vn -0.0447146706 0.70544982 -0.707347989
vn -0.0759415925 0.707435906 -0.702685773
vn 0.250565052 0.707163453 -0.66116339
vn 0.231825978 0.707105875 -0.668025434
vn 0.207275718 0.706881762 -0.6762802
vn 0.207142413 0.706829965 -0.676375151
vn 0.158774674 0.706938624 -0.689223051
vn 0.158638835 0.706889033 -0.689305186
vn 0.133373082 0.707107186 -0.694414198
vn 0.433263838 0.710807323 -0.554107785
vn 0.424824327 0.707871079 -0.564307392
vn 0.382401466 0.704530895 -0.597833872
vn 0.389577478 0.710881531 -0.585556865
vn 0.339302748 0.703978002 -0.623929977
vn 0.347210288 0.707680821 -0.615331531
vn 0.297430754 0.705719829 -0.643035352
vn 0.302272797 0.708530188 -0.637664616
vn 0.255710483 0.705835879 -0.660611749
vn 0.210671082 0.671778917 0.71016252
vn 0.228082478 0.707162976 0.669252455
vn 0.242798492 0.705625772 0.665688455
vn 0.241216958 0.704411447 0.667546928
vn 0.240372524 0.703457117 0.668856621
vn 0.239599094 0.702434897 0.670207024
vn 0.239892438 0.704029381 0.668426692
vn 0.235642627 0.707475901 0.666296065
vn 0.236430615 0.707263529 0.666242361
vn 0.238569036 0.706786871 0.665985823
vn 0.243217677 0.705857098 0.665290117
vn 0.247283503 0.706398189 0.66321373
vn 0.281433403 0.709221303 0.646374762
vn 0.282064617 0.70954299 0.64574635
vn 0.311534971 0.706951141 0.634953558
vn 0.331332088 0.707324743 0.624428332
vn 0.356008142 0.701948881 0.6168679
vn 0.364238411 0.705749691 0.607657611
vn 0.402919978 0.708060205 0.579919219
vn 0.400352389 0.708858609 0.580721498
vn 0.417073727 0.707444608 0.570588887
vn 0.423836887 0.70699811 0.566141307
vn 0.430439413 0.707201898 0.560880899
vn 0.434818238 0.707528889 0.557078063
vn 0.437578619 0.707969427 0.554350257
vn 0.440734953 0.708542347 0.55110836
vn 0.442771167 0.709315538 0.548475325
vn 0.453512669 0.710512936 0.538049877
vn 0.440523267 0.694943905 0.568324029
vn 0.444291592 0.710544109 0.545648277
vn 0.443212926 0.709523201 0.547849536
vn 0.454336166 0.714565396 0.531953931
vn 0.451255709 0.721712291 0.524880648
vn 0.446487486 0.730490744 0.516751528
vn 0.224328712 0.706160486 0.671575785
vn 0.21315591 0.707525134 0.673774958
vn 0.214469135 0.708394468 0.672443509
vn 0.209093645 0.705611467 0.677046776
vn 0.207578897 0.700967371 0.682316482
vn -0.374603063 0.706525326 0.600411952
vn -0.577293813 0.70803684 -0.406713247
vn -0.555135787 0.703963578 -0.44301191
vn -0.257187486 0.710739076 0.654755354
vn -0.255195141 0.711825967 0.654354095
vn -0.250752181 0.715753853 0.651781976
vn -0.219047114 0.707144499 0.672283471
vn -0.250931442 0.711876035 0.655946553
vn -0.246400401 0.721222758 0.647398293
vn -0.247206345 0.719974518 0.648479581
vn -0.278369427 0.707225859 0.649878502
vn -0.270809501 0.708022475 0.652201235
vn -0.265742868 0.70873332 0.653511882
vn -0.262462914 0.709394276 0.654120028
vn -0.259086132 0.710123539 0.654674649
vn -0.256912619 0.710842013 0.654751539
vn -0.320065558 0.707115591 0.630512178
vn -0.319813281 0.706928611 0.630849779
vn -0.285736233 0.707094193 0.646817327
vn -0.375791907 0.70716691 0.598911881
vn -0.406929165 0.706931531 0.578494966
vn -0.422169238 0.704228103 0.570820391
vn -0.429493904 0.706995249 0.561865389
vn -0.456845403 0.706997752 0.539857805
vn -0.463793844 0.709678769 0.530331373
vn -0.482600838 0.706287742 0.517932475
vn -0.505122066 0.708381414 0.492998421
vn -0.509531558 0.706933737 0.490532696
vn -0.537571728 0.706968367 0.459578484
vn -0.555444598 0.701111138 0.44712916
vn -0.558234572 0.703259885 0.440226853
vn -0.579464078 0.711209297 0.397998363
vn -0.605005145 0.700485408 0.378535241
vn -0.612774193 0.706995487 0.353079617
vn -0.630405009 0.706972778 0.320591629
vn -0.632463753 0.709476709 0.310857564
vn -0.657204568 0.7032336 0.27119112
vn -0.657501876 0.706848502 0.260876268
vn -0.675181746 0.706864774 0.210883379
vn -0.675433874 0.704551458 0.217707023
vn -0.682041287 0.707769215 0.184071586
vn -0.681005836 0.707082272 0.190435678
vn -0.690130234 0.706822336 0.155313984
vn -0.688468575 0.710743368 0.144412175
vn -0.702508867 0.70451355 0.100706995
vn -0.701448083 0.706999481 0.0901239291
vn -0.703862429 0.707095146 0.0677805841
vn -0.704255223 0.708605051 0.0436288044
vn -0.705801189 0.707296312 0.0397066884
vn -0.707897484 0.705941916 -0.0229604095
vn -0.713947833 0.700092375 -0.0122147584
vn -0.703425229 0.708355188 -0.0585315116
vn -0.703649998 0.706239879 -0.0781143084
vn -0.701874077 0.707085371 -0.0860409141
vn -0.696890891 0.70682174 -0.121433668
vn -0.696891069 0.70682162 -0.121433362
vn -0.687097907 0.706979156 -0.167561784
vn -0.690975606 0.704889119 -0.160262391
vn -0.681176305 0.708012223 -0.18632631
vn -0.675135672 0.703380585 -0.222368032
vn -0.667957425 0.707450509 -0.230969027
vn -0.650085032 0.706363618 -0.280071169
vn -0.647498906 0.707578421 -0.282980502
vn -0.637931347 0.707105339 -0.305033863
vn -0.624583423 0.706827343 -0.332100391
vn -0.63074249 0.703861713 -0.326714903
vn -0.593444049 0.710304379 -0.378539085
vn -0.600590944 0.706660628 -0.374060571
vn -0.574322045 0.707060933 -0.412576139
vn -0.50027436 0.708117485 -0.498292238
vn -0.302432805 0.707975924 -0.638204157
vn -0.255014837 0.709837854 -0.656580329
vn -0.254467398 0.710064352 -0.656547725
vn -0.255017698 0.709864676 -0.656550169
vn -0.257122606 0.70937258 -0.656261027
vn -0.261031717 0.708512962 -0.655646145
vn -0.270304948 0.707388043 -0.653098345
vn -0.28155449 0.706959486 -0.648795307
vn -0.225741088 0.72537744 -0.650283456
vn -0.232225999 0.716291964 -0.658024967
vn -0.236707836 0.711467028 -0.661652505
vn -0.274560034 0.693291485 -0.666306019
vn -0.250850141 0.712199986 -0.655625939
vn -0.253745049 0.710427284 -0.656434715
vn -0.306687415 0.706844091 -0.637427866
vn -0.361968905 0.706711531 -0.607895792
vn -0.358521491 0.703361094 -0.613795996
vn -0.403158695 0.708033025 -0.57978642
vn -0.399172783 0.707038164 -0.583744943
vn -0.430636376 0.706884325 -0.561129987
vn -0.429324448 0.706149876 -0.563056707
vn -0.47927919 0.708466351 -0.518041372
vn -0.474622607 0.705220878 -0.526684821
vn -0.472510189 0.70318079 -0.531291723
vn -0.471528113 0.702145994 -0.53352809
vn -0.452445567 0.70725143 -0.543220401
vn -0.469735116 0.705950558 -0.530078053
vn -0.463670313 0.702991068 -0.539271176
vn -0.475874186 0.707388937 -0.52263242
vn -0.489593953 0.70705539 -0.510265112
vn -0.492710769 0.707265496 -0.506963134
vn 0.632672846 0.765149951 -0.119459689
vn 0.631454051 0.773115575 -0.0596494265
vn 0.637257755 0.770334065 -0.022089161
vn 0.632199645 0.774449646 0.0234804451
vn 0.630326092 0.774300158 0.0561094917
vn 0.629659534 0.773379445 0.0735739768
vn 0.613958001 0.779437482 0.124630406
vn 0.608703494 0.775408328 0.167993963
vn 0.596405327 0.777780533 0.198388815
vn 0.57355392 0.776954293 0.259572655
vn 0.59236145 0.771421671 0.232414603
vn 0.521742821 0.78229022 0.340303391
vn 0.457490832 0.761601448 0.458982944
vn 0.401923239 0.775929391 0.486200869
vn 0.510543764 0.765190661 0.39220953
vn 0.47297284 0.773325086 0.422214448
vn 0.520175695 0.774358392 0.360258728
vn 0.562013268 0.769291461 0.30386138
vn 0.560813487 0.764678359 0.317419708
vn 0.512354672 0.765778542 0.388684869
vn 0.511542559 0.765464246 0.390369922
vn 0.461297601 0.765670657 0.448277801
vn 0.460525215 0.765078545 0.450079203
vn 0.398141682 0.765627801 0.505269527
vn 0.398288518 0.765677631 0.505078256
vn 0.594809711 0.765705407 0.244737953
vn 0.578497767 0.766108453 0.280032545
vn 0.558743477 0.756573379 0.339709371
vn 0.593940794 0.765910864 0.24620086
vn 0.614460528 0.765435457 0.191172168
vn 0.614460528 0.7654351 0.191173688
vn 0.630783021 0.76575017 0.125456855
vn 0.631367981 0.765489638 0.124097057
vn 0.636753559 0.766099155 0.0873895884
vn 0.637058794 0.766010463 0.0859305412
vn 0.642386794 0.765454531 0.037664067
vn 0.642386794 0.765454531 0.0376640931
vn 0.642194986 0.765452325 -0.040845219
vn 0.644521654 0.763804615 -0.0345588662
vn 0.637532294 0.766275465 -0.0798406675
vn 0.630748272 0.767131448 -0.116901487
vn 0.630891681 0.766853809 -0.117944807
vn 0.613659799 0.764058888 -0.199086949
vn 0.613551915 0.76273632 -0.204419553
vn 0.522718132 0.764478803 -0.377277017
vn 0.556408644 0.75718528 -0.342169315
vn 0.538635373 0.764724553 -0.353650063
vn 0.567562461 0.766045451 -0.301740348
vn 0.580892086 0.765600204 -0.276442856
vn 0.583229721 0.767459095 -0.266175985
vn 0.600744009 0.765312314 -0.231092483
vn 0.496178836 0.767289639 -0.406292021
vn 0.468910515 0.76010406 -0.449849665
vn 0.446310401 0.766505718 -0.461818099
vn 0.399487734 0.765153706 -0.504925072
vn 0.385808975 0.767486751 -0.511972189
vn 0.336580127 0.762629032 -0.552368402
vn 0.314881146 0.768027067 -0.557659686
vn 0.257529318 0.763849437 -0.591787755
vn 0.245238572 0.76607275 -0.594130158
vn 0.21961014 0.766044497 -0.604108572
vn 0.181270733 0.76547128 -0.617409647
vn 0.166863546 0.768835783 -0.617290974
vn 0.104846932 0.763344824 -0.6374259
vn 0.0614985414 0.770282924 -0.634729981
vn 0.0880332813 0.765722871 -0.637117386
vn 0.116205037 0.764786184 -0.633718014
vn 0.163176268 0.773178935 -0.612835884
vn 0.207683429 0.771297991 -0.601636946
vn 0.240948603 0.77444315 -0.584962845
vn 0.259013861 0.774435639 -0.577201188
vn 0.270438462 0.775227845 -0.570863247
vn 0.325452536 0.775353849 -0.541208923
vn 0.331161976 0.776992381 -0.535363972
vn 0.388705641 0.777484894 -0.494393766
vn 0.392394185 0.777784705 -0.490996659
vn 0.433481604 0.777321458 -0.455922216
vn 0.420247674 0.774616599 -0.472610861
vn 0.494614929 0.779556751 -0.384249091
vn 0.589138567 0.761521578 -0.270186365
vn 0.595184147 0.775355875 -0.211137682
vn 0.545278192 0.764627695 -0.343534827
vn 0.559612453 0.772429168 -0.300311744
vn 0.518131375 0.774298906 -0.363319486
vn 0.47891432 0.77019918 -0.421229541
vn 0.620885551 0.766043842 -0.16636692
vn 0.612001002 0.765626132 -0.198170125
vn 0.565734982 0.776189625 -0.278340846
vn 0.55373764 0.774911046 -0.304774433
vn 0.486501992 0.773992836 -0.405278802
vn 0.41843608 0.78158325 -0.462643385
vn 0.394974381 0.779029489 -0.486937642
vn 0.289491832 0.773030102 -0.564463377
vn 0.316911519 0.777441442 -0.543278873
vn 0.248379827 0.775287747 -0.580720603
vn 0.177546546 0.772984803 -0.609074473
vn 0.18529886 0.774073005 -0.605372071
vn 0.0849462226 0.766702354 -0.636358142
vn 0.0787956864 0.765843689 -0.638180733
vn 0.0560210906 0.766044915 -0.640341163
vn 0.056021329 0.76604414 -0.640342116
vn 0.0560213216 0.766044021 -0.640342236
vn 0.750955462 0.205526605 0.627554595
vn 0.679787576 0.238361433 0.693594038
vn 0.65307951 0.182040736 0.735083878
vn 0.78375423 0.205358982 0.586137354
vn 0.847976983 0.223116323 0.480784923
vn 0.853822827 0.249278963 0.456997305
vn 0.957807243 0.228900611 0.173809633
vn 0.95106566 0.245653436 0.18742606
vn 0.927098691 0.218314722 0.304674804
vn 0.906959593 0.219464496 0.359526962
vn 0.970999599 0.185164303 -0.151241511
vn 0.965564966 0.237982646 -0.105112106
vn 0.978952527 0.204006895 -0.00575943151
vn 0.977190316 0.206001446 0.051598981
vn 0.848925471 0.204211354 -0.487466127
vn 0.888941884 0.236286595 -0.392365843
vn 0.915221691 0.185510904 -0.357707918
vn 0.821081161 0.2057392 -0.532444477
vn 0.744226098 0.226644531 -0.628299117
vn 0.72873646 0.247001335 -0.63869673
vn 0.495458126 0.225352556 -0.838890612
vn 0.50990051 0.247977376 -0.823716402
vn 0.606432498 0.219234973 -0.764313817
vn 0.65114826 0.21847339 -0.726825476
vn 0.194805518 0.181801945 -0.963845849
vn 0.241362751 0.239805058 -0.940339088
vn 0.333439618 0.205397949 -0.920124829
vn 0.386677593 0.205551654 -0.899015546
vn 0.236386508 0.189851642 -0.952931166
vn 0.186788321 0.0977439359 -0.977525592
vn 0.327211082 0.194762498 -0.924662352
vn 0.417477429 0.19779548 -0.886898816
vn 0.414829612 0.196524948 -0.88842237
vn 0.544564545 0.205289558 -0.81320703
vn 0.514827907 0.16209504 -0.841829836
vn 0.617539644 0.209704414 -0.758069158
vn 0.696243942 0.187511951 -0.69288063
vn 0.73562789 0.227366924 -0.63808769
vn 0.791223109 0.192303747 -0.580504298
vn 0.838546216 0.202012479 -0.505995274
vn 0.891543388 0.154759243 -0.425675929
vn 0.911566854 0.209008336 -0.354064077
vn 0.942984045 0.176962614 -0.281895936
vn 0.69948107 1.85668455e-06 0.714651108
vn 0.612590849 0.00695022568 0.79036963
vn 0.548307061 0.00255438522 0.836273193
vn 0.442490757 -0.00019420337 0.89677304
vn 0.2343449 0.000707777916 0.972153246
vn 0.178234458 0.0053113359 0.983973742
vn 0.00530790864 4.48990988e-07 0.999985933
vn -0.166241601 6.38299653e-08 0.986085057
vn -0.29644075 0.00656692917 0.955028653
vn -0.395920575 -4.7335152e-07 0.918284774
vn -0.547464788 -8.43845385e-07 0.836828709
vn -0.704070032 0.00356200617 0.710121632
vn -0.710296631 0.00274325744 0.703897119
vn -0.90630722 -0.00195094605 0.422614992
vn -0.952463329 0.00641605584 0.304585636
vn -0.986130893 -2.32732577e-06 0.165969461
vn -0.999984741 -2.20475908e-06 -0.00552760204
vn -0.985458672 0.00571279135 -0.169819146
vn -0.969989955 -2.24976111e-06 -0.243144929
vn 0.0222584344 1.43161305e-05 -0.999752223
vn -0.963097155 -1.88230649e-06 -0.269154042
vn -0.928616345 0.00989485346 -0.370909423
vn -0.470318854 -1.70545832e-06 -0.882496536
vn -0.519169867 1.41020046e-05 -0.854671061
vn -0.618302286 0.00406373944 -0.785929859
vn -0.692703426 0.0121076079 -0.721120894
vn -0.66407907 0.00806325767 -0.747618854
vn -0.797048032 -0.00216381019 -0.603912055
vn -0.892825365 0.00298410002 -0.450393081
vn -0.0337507538 -1.68551833e-06 -0.999430299
vn -0.0953522697 0.000183602271 -0.995443583
vn -0.258816361 0.00677536009 -0.965902805
vn -0.258813083 0.00677573262 -0.96590364
vn -0.415146887 0.000183261582 -0.909754395
vn 0.618776321 1.0241622e-06 -0.785567224
vn 0.719118178 0.0251623429 -0.69443208
vn 0.634137154 0.0112797692 -0.773138344
vn 0.493382126 -0.00165338896 -0.869811118
vn 0.201312274 0.0033099181 -0.979521513
vn 0.328231961 0.0221412759 -0.944337606
vn 0.186652839 0.00555531448 -0.982410252
vn 0.480582744 1.47221062e-05 0.87694937
vn 0.968642294 1.90959804e-06 -0.248459533
vn 0.989660203 0.0098991571 -0.14308992
vn 0.848768115 9.76866318e-07 0.528765202
vn 0.877005339 1.69506329e-05 0.480480671
vn 0.928463995 0.00407487201 0.371400058
vn 0.960449219 0.0121073574 0.278191924
vn 0.948919654 0.00806691218 0.315414637
vn 0.992220759 -0.00215998944 0.124472082
vn 0.99840647 0.00298779644 -0.0563520193
vn 0.528945088 -1.01695662e-06 0.848656058
vn 0.580287397 0.000184515404 0.814411759
vn 0.707093716 0.00677756825 0.707087398
vn 0.707099676 0.00677663507 0.707081437
vn 0.814629972 0.000169892024 0.579981029
vn -0.143095925 9.31738384e-08 0.989708841
vn -0.275555462 0.0251596477 0.960955858
vn -0.16260618 0.0112774009 0.986626625
vn 0.00763721392 -0.00165587221 0.999969482
vn 0.315419793 0.00330849201 0.948946476
vn 0.187881544 0.022143662 0.981942058
vn 0.329566479 0.00555399666 0.944116056
vn 0.876941681 1.65823876e-05 -0.480596811
vn -0.248448744 1.08884628e-07 -0.968645036
vn -0.143091023 0.00989646371 -0.989660025
vn 0.528911471 -1.76658403e-07 -0.84867698
vn 0.480578661 1.55805828e-05 -0.876951635
vn 0.371487528 0.00406491524 -0.928429067
vn 0.278138012 0.0121107083 -0.960464776
vn 0.315410882 0.00806500297 -0.948920906
vn 0.124478951 -0.00216181832 -0.992219865
vn -0.0563616417 0.002985948 -0.998405933
vn 0.848687768 6.77163996e-07 -0.528894186
vn 0.814398944 0.000186235266 -0.580305398
vn 0.707092047 0.00677767862 -0.707089007
vn 0.707086325 0.00677678315 -0.707094789
vn 0.580317318 0.000185551005 -0.814390421
vn 0.989708483 2.41131784e-06 0.143098116
vn 0.960955381 0.0251620505 0.275556922
vn 0.986626148 0.011279813 0.162608624
vn 0.999969542 -0.00165321049 -0.00762676634
vn 0.948945224 0.00331062498 -0.315423518
vn 0.981937051 0.022142984 -0.18790777
vn 0.944120407 0.00555735128 -0.329553962
vn 0.954082966 0.166147247 -0.249240533
vn 0.953191817 0.168751732 -0.250894874
vn 0.951435804 0.174357876 -0.253710926
vn 0.951251447 0.173646614 -0.254887223
vn 0.951251447 0.173646793 -0.254887193
vn 0.949011683 0.182131812 -0.25730288
vn 0.949401498 0.180790409 -0.256810576
vn 0.95328939 0.168362647 -0.250785381
vn 0.95125109 0.173648849 -0.254887074
vn 0.95125097 0.173649415 -0.254887164
vn 0.951250732 0.173649892 -0.254887849
vn 0.95125097 0.173648819 -0.254887611
vn 0.951250136 0.173653498 -0.254887551
vn 0.951250076 0.173652932 -0.254888117
vn 0.609067559 0.177697018 0.772955656
vn 0.625361025 0.150769815 0.765631795
vn 0.700368464 0.20241043 0.684480846
vn 0.714426577 0.173306853 0.677908123
vn 0.782910943 0.173482686 0.597456455
vn 0.801644266 0.13938725 0.581324041
vn 0.847977221 0.224898264 0.479953498
vn 0.868706465 0.173251063 0.464040071
vn 0.983370841 0.172851875 -0.0557136536
vn 0.985455096 0.157955229 -0.0626768693
vn 0.978634894 0.189963102 0.0786626413
vn 0.988679886 0.138389811 0.05796808
vn 0.975971699 0.173633873 0.131645471
vn 0.961776793 0.173257545 0.212054759
vn 0.973733187 0.123343155 0.191389948
vn 0.911243618 0.237391144 0.336571664
vn 0.951200783 0.087389715 0.295939326
vn 0.909757078 0.173573747 0.377112985
vn 0.0949722454 0.173776761 -0.980194807
vn 0.158244714 0.170626491 -0.972545743
vn 0.15983963 0.174014956 -0.971684158
vn 0.279791921 0.172610343 -0.944416285
vn 0.277717471 0.167760223 -0.945901453
vn 0.336463839 0.173651487 -0.925547004
vn 0.401401907 0.173258319 -0.899365366
vn 0.394323856 0.153096706 -0.906129181
vn 0.518070281 0.195761412 -0.832634747
vn 0.512491107 0.173140153 -0.841056108
vn 0.629480243 0.173255265 -0.757454455
vn 0.615920246 0.12088906 -0.778478026
vn 0.716260791 0.241248801 -0.654804885
vn 0.710749924 0.172934711 -0.681856394
vn 0.810732722 0.173259437 -0.559190094
vn 0.815149784 0.221569732 -0.535198748
vn 0.884070158 0.140471682 -0.445743978
vn 0.889275074 0.173471779 -0.423199028
vn 0.931672037 0.173253596 -0.319328129
vn 0.931149125 0.191601381 -0.310242236
vn 0.969164014 0.157145604 -0.189806283
vn 0.96808815 0.1733509 -0.180982709
vn 0.977174163 0.173652127 -0.122374691
vn -1.99941019e-06 1 8.25240932e-07
vn -2.12969485e-06 1 6.95863264e-07
vn -2.25474082e-06 1 5.95072663e-07
vn -2.41407201e-06 1 4.96828648e-07
vn -2.39040696e-06 1 5.21285244e-07
vn -2.52744871e-06 1 4.11483342e-07
vn -2.51392294e-06 1 4.29012829e-07
vn -2.58701857e-06 1 3.55764683e-07
vn -2.62094341e-06 1 3.1872878e-07
vn -2.7246444e-05 1 -1.81844207e-05
vn -5.82122084e-06 1 -6.65860807e-06
vn -1.21528274e-05 1 -1.31512434e-05
vn -1.13067836e-06 1 -3.76149023e-06
vn 8.54439895e-06 1 9.80336608e-06
vn -1.32799971e-06 1 -1.81275675e-06
vn 1.29712889e-05 1 2.4553925e-05
vn -2.34348249e-06 1 6.82083851e-07
vn -2.66957022e-06 1 -1.12542438e-07
vn -2.70788928e-06 1 -1.92395731e-07
vn -2.67371888e-06 1 -1.29461299e-07
vn -2.60251045e-06 1 -6.40883258e-09
vn -2.69873944e-05 1 -3.95601674e-05
vn -2.31748231e-06 1 4.01122816e-06
vn -2.89654918e-06 1 -2.21346482e-07
vn -2.89652621e-06 1 -2.18449117e-07
vn -2.85764577e-06 1 -7.2709561e-08
vn -2.85819988e-06 1 -7.6853631e-08
vn -2.79886558e-06 1 6.93808104e-08
vn -2.80174504e-06 1 5.84673998e-08
vn -2.72125817e-06 1 2.0229318e-07
vn -2.72814327e-06 1 1.85206417e-07
vn -2.64422874e-06 1 2.99111207e-07
vn -1.25555107e-06 1 7.95373069e-07
vn 1.03737375e-05 1 1.65653564e-05
vn -2.06218488e-06 1 7.51277867e-07
vn -9.10392828e-07 1 3.3997631e-07
vn -5.84780264e-06 1 3.37456027e-06
vn -7.71172211e-07 1 2.47924305e-07
vn 1.73000262e-05 1 -1.23004766e-05
vn -6.12670021e-07 1 1.64454991e-06
vn -2.86913673e-05 1 1.50563856e-05
vn 1.90786523e-06 1 -9.50614776e-07
vn -0.0630868524 -5.73076534e-07 -0.998008013
vn -0.0315322541 -0.0152886054 -0.999385774
vn 0.153230026 1.37238601e-06 -0.988190532
vn 0.114860989 -0.0155395325 -0.993260026
vn 0.0804105476 -2.61642072e-07 -0.996761858
vn 0.010205511 -4.15135645e-07 -0.999947906
vn 0.292830765 -0.000452461274 -0.956164181
vn 0.25878787 -0.0155854989 -0.965808451
vn 0.224281907 -0.000545712188 -0.97452414
vn 0.188619927 1.44259286e-06 -0.98205018
vn 0.327852756 2.97198e-07 -0.944728851
vn 0.360983282 3.7429146e-07 -0.932572305
vn 0.397158355 -0.015516133 -0.91761893
vn 0.55392009 2.07663084e-06 -0.832569838
vn 0.526999354 -0.0153251495 -0.849727511
vn 0.491430312 6.83867086e-07 -0.870916903
vn 0.428343922 5.32891193e-07 -0.903615773
vn 0.814405322 2.07196877e-06 -0.580296397
vn 0.858347178 -0.00874033663 -0.512994826
vn 0.840489566 -0.0391850285 -0.540408909
vn 0.879871666 -0.00204106071 -0.475207001
vn 0.89909023 1.42153294e-06 -0.437763333
vn 0.915241241 1.46574973e-06 -0.402906269
vn 0.935976088 -0.0220327191 -0.351373523
vn 0.947680056 2.26661996e-06 -0.319221735
vn 0.969263613 2.35342782e-06 -0.246024564
vn 0.983785927 -0.0166071896 -0.178576171
vn 0.981673837 -0.0250415262 -0.188916236
vn 0.99267596 2.46762534e-06 -0.120807633
vn 0.996602178 2.49440359e-06 -0.0823654905
vn 0.99660176 2.56643534e-06 0.0823708847
vn 0.999975562 -0.00699392892 1.91354957e-07
vn 0.998377144 -0.0428356864 0.0375259444
vn 0.999287069 -0.00380916498 -0.0375604369
vn 0.992676079 2.57327429e-06 0.120806582
vn 0.981674075 -0.0250415057 0.188915297
vn 0.983785868 -0.0166081656 0.17857644
vn 0.969263017 1.84642715e-06 0.246026769
vn 0.947680235 1.83971406e-06 0.319221169
vn 0.935976386 -0.0220328681 0.3513726
vn 0.915240347 2.50001358e-06 0.402908266
vn 0.899095714 2.47425737e-06 0.437752098
vn 0.814406276 2.32155571e-06 0.580295146
vn 0.858347118 -0.0087397676 0.512995005
vn 0.840489924 -0.0391837209 0.540408432
vn 0.87987113 -0.00204060646 0.475207984
vn 0.0673746765 -6.86751548e-07 0.997727752
vn 0.225762382 9.99192935e-07 0.974182427
vn 0.283953577 -0.0562108681 0.957188964
vn 0.217619732 -0.00783711579 0.976002157
vn 0.198798195 -3.83883588e-07 0.980040431
vn 0.19362402 -0.00381146907 0.981068432
vn 0.235603184 -0.000681230507 0.971849084
vn 0.222803891 -0.00267434446 0.974859595
vn 0.212548673 -0.0052163545 0.977136552
vn 0.200298607 -0.00881425291 0.979695261
vn 0.16967313 -0.0216679163 0.985262156
vn 0.440481335 1.34687286e-06 0.897761762
vn 0.399197608 -0.00635520415 0.916842878
vn 0.378300548 -0.0182774216 0.92550236
vn 0.336636126 -0.000315301586 0.941634774
vn 0.303861022 1.18810249e-06 0.952716351
vn 0.499852955 1.46166224e-06 0.866110265
vn 0.521192133 -0.0159437004 0.853290439
vn 0.567594469 1.58970988e-06 0.823308289
vn -0.166674972 -0.0018396005 0.986010194
vn -0.16680935 -0.00133427256 0.985988259
vn -0.167021543 -0.000828563119 0.985952914
vn -0.167817831 6.02301071e-08 0.985818028
vn -0.162293285 0.000439278141 0.986742496
vn -0.165533736 -0.000297756604 0.986204088
vn -0.166526049 -0.00132554502 0.986036181
vn -0.156746253 -0.0024480666 0.987635851
vn -0.158908367 -0.000202218769 0.987293303
vn -0.0839231536 -0.0035112889 0.996466041
vn -0.092736721 2.32106188e-07 0.995690644
vn 0.0673778728 5.83966141e-07 0.997727513
vn -0.656825662 0.0142363627 -0.753908098
vn -0.647656381 0.014365742 -0.76179713
vn -0.652339399 -1.67529049e-06 -0.757926941
vn -0.533158481 -1.46828677e-06 -0.846015394
vn -0.533158481 -1.53921917e-06 -0.846015394
vn -0.386774689 -1.25148301e-06 -0.922174215
vn -0.386775911 7.05164666e-07 -0.922173738
vn -0.229860514 1.13825206e-06 -0.973223567
vn -0.2298605 1.11149507e-06 -0.973223567
vn -0.0666876063 1.53258247e-06 -0.997773886
vn -0.0666861907 -5.73676402e-07 -0.997774005
vn 0.0983019695 -2.32643202e-07 -0.995156646
vn 0.0983019546 -2.06480607e-07 -0.995156646
vn 0.260614395 1.84078772e-07 -0.965442955
vn 0.415830702 5.69625854e-07 -0.909442008
vn 0.559724927 9.39663664e-07 -0.828678429
vn 0.688378334 1.28411477e-06 -0.72535181
vn 0.688378513 9.17763259e-07 -0.725351632
vn 0.798289537 1.16876117e-06 -0.602273881
vn 0.798288643 3.30049716e-06 -0.602275014
vn 0.886463225 3.31660635e-06 -0.462799042
vn 0.886463821 1.38793428e-06 -0.46279791
vn 0.950500965 1.56931549e-06 -0.310721546
vn 0.988658071 1.70796795e-06 -0.150184095
vn 0.999895692 1.8001158e-06 0.0144432215
vn 0.999895692 2.86437285e-06 0.0144425053
vn 0.983907938 2.89048626e-06 0.178676292
vn 0.94113028 2.83789677e-06 0.338044137
vn 0.941129923 1.39859833e-06 0.338045031
vn 0.872726679 6.2942371e-07 0.488209069
vn 0.872727096 1.77914319e-06 0.488208413
vn 0.780560553 1.6736484e-06 0.625080228
vn 0.667142272 1.52258508e-06 0.744930327
vn 0.667142451 1.87762021e-06 0.744930148
vn 0.535557687 1.61506932e-06 0.844498634
vn 0.535555661 -1.98041766e-06 0.844499946
vn 0.389389366 -2.61293917e-06 0.921073258
vn 0.389391661 1.10132669e-06 0.921072304
vn -0.433559209 -1.35353503e-06 -0.901125073
vn -0.485757619 -0.0202866048 -0.873858094
vn -0.692339361 -0.000153985457 -0.721572042
vn -0.663219094 -0.00311196852 -0.748418868
vn -0.608399689 -0.0371243618 -0.792762041
vn -0.632318139 -0.010383443 -0.774639249
vn -0.570900321 -1.59587125e-06 -0.821019351
vn -0.511610627 -1.48412198e-06 -0.859217405
vn -0.742833078 -0.0048291604 -0.669459283
vn -0.781621039 -1.47546234e-06 -0.623753607
vn -0.758554161 -0.0127828475 -0.651484609
vn -0.758976579 -0.0122303264 -0.651003063
vn -0.708508313 -1.97554414e-06 -0.705702484
vn -0.696954012 -1.95335019e-06 -0.717115819
vn -0.485857725 -6.90974048e-07 0.874037921
vn -0.452054232 -0.0224986114 0.891706645
vn -0.645958602 -0.00736237923 0.763336897
vn -0.632298589 -0.0130005693 0.774615705
vn -0.594625115 -2.34685854e-06 0.80400306
vn -0.52933234 -2.25841563e-06 0.8484146
vn -0.68171078 -1.19497054e-06 0.731621802
vn -0.720409036 -1.29761304e-06 0.693549395
vn -0.758980095 -0.0119345672 0.651004434
vn -0.778966904 -2.53080702e-06 0.627065003
vn -0.861932635 -2.56205408e-06 0.507022798
vn -0.847630739 -0.0161400363 0.530341029
vn -0.891357899 -1.68712597e-06 0.453300238
vn -0.93782562 -1.83184659e-06 0.347106814
vn -0.924172819 -0.0217491146 0.381354958
vn -0.954524338 -1.99076248e-06 0.298133045
vn -0.989877939 -0.00228315103 0.141902998
vn -0.98424983 -0.0130532663 0.176300466
vn -0.975598872 -0.000639000325 0.21955961
vn -0.965457201 -2.03148602e-06 0.260561734
vn -0.995395303 -2.1700348e-06 0.0958552435
vn -0.998421252 -2.19411231e-06 0.0561693311
vn -0.999926329 -0.012140234 -8.22003017e-08
vn -0.999474406 -2.20741003e-06 -0.0324172303
vn -0.993894458 -2.16235344e-06 -0.110334978
vn -0.984286904 -0.00974700972 -0.176307216
vn -0.985086501 -0.0118443901 -0.17165181
vn -0.971527874 -2.05959441e-06 -0.236925393
vn -0.937825561 -1.93852293e-06 -0.347106963
vn -0.949589312 -0.0214146711 -0.312764406
vn -0.918391943 -2.21384767e-06 -0.395671844
vn -0.902169168 -2.19341268e-06 -0.431382477
vn -0.882945001 -0.000832193648 -0.469475657
vn -0.861859858 -0.0130637055 -0.506978273
vn -0.843084395 -0.00202222914 -0.537777424
vn -0.817493021 -1.57521617e-06 -0.575938463

# Mesh '' with 4998 faces
usemtl DefaultMaterial
f  1//1 2//1 3//1
f  1//2 3//2 4//2
f  4//3 3//3 5//3
f  4//4 5//4 6//4
f  7//5 6//5 5//5
f  8//6 9//6 10//6
f  10//7 9//7 11//7
f  10//8 11//8 12//8
f  12//9 11//9 13//9
f  12//10 13//10 14//10
f  15//11 16//11 17//11
f  18//12 19//12 20//12
f  20//13 19//13 21//13
f  20//14 21//14 22//14
f  7//15 5//15 23//15
f  24//16 25//16 26//16
f  26//17 25//17 27//17
f  26//18 27//18 28//18
f  28//19 27//19 20//19
f  28//20 20//20 29//20
f  29//21 20//21 22//21
f  5//22 30//22 23//22
f  23//23 30//23 31//23
f  23//24 31//24 16//24
f  16//25 31//25 32//25
f  16//26 32//26 17//26
f  17//27 33//27 15//27
f  15//28 33//28 34//28
f  15//29 34//29 35//29
f  35//30 34//30 36//30
f  35//31 36//31 37//31
f  37//32 36//32 18//32
f  37//33 18//33 38//33
f  38//34 18//34 39//34
f  14//35 40//35 12//35
f  12//36 40//36 41//36
f  12//37 41//37 20//37
f  41//38 42//38 20//38
f  20//39 42//39 43//39
f  20//40 43//40 18//40
f  18//41 43//41 44//41
f  18//42 44//42 39//42
f  45//43 46//43 47//43
f  47//44 46//44 48//44
f  49//45 50//45 51//45
f  52//46 53//46 54//46
f  55//47 56//47 57//47
f  58//48 59//48 60//48
f  61//49 62//49 63//49
f  62//50 61//50 64//50
f  58//51 60//51 65//51
f  65//52 60//52 66//52
f  66//53 60//53 67//53
f  66//54 67//54 68//54
f  69//55 70//55 71//55
f  70//56 69//56 72//56
f  69//57 73//57 72//57
f  72//58 73//58 74//58
f  72//59 74//59 75//59
f  75//60 74//60 76//60
f  75//61 76//61 77//61
f  77//62 76//62 78//62
f  77//63 78//63 79//63
f  79//64 78//64 80//64
f  79//65 80//65 81//65
f  81//66 80//66 82//66
f  83//67 84//67 82//67
f  82//68 84//68 85//68
f  82//69 85//69 81//69
f  86//70 87//70 88//70
f  88//71 87//71 89//71
f  88//72 89//72 90//72
f  90//73 89//73 91//73
f  90//74 91//74 92//74
f  92//75 91//75 93//75
f  94//76 95//76 96//76
f  96//77 95//77 97//77
f  96//78 97//78 86//78
f  86//79 97//79 98//79
f  86//80 98//80 87//80
f  99//81 100//81 101//81
f  101//82 100//82 102//82
f  101//83 102//83 103//83
f  104//84 105//84 106//84
f  106//85 105//85 107//85
f  106//86 107//86 108//86
f  108//87 107//87 109//87
f  110//88 111//88 112//88
f  112//89 111//89 113//89
f  114//90 115//90 116//90
f  116//91 115//91 117//91
f  116//92 117//92 113//92
f  113//93 117//93 118//93
f  113//94 118//94 112//94
f  119//95 120//95 121//95
f  121//96 120//96 122//96
f  121//97 122//97 123//97
f  123//98 122//98 124//98
f  125//99 126//99 127//99
f  128//100 129//100 130//100
f  131//101 132//101 133//101
f  133//102 132//102 134//102
f  135//103 136//103 137//103
f  138//104 139//104 140//104
f  140//105 139//105 141//105
f  140//106 141//106 142//106
f  142//107 141//107 143//107
f  142//108 143//108 144//108
f  144//109 143//109 145//109
f  144//110 145//110 146//110
f  146//111 145//111 147//111
f  146//112 147//112 148//112
f  148//113 147//113 149//113
f  148//114 149//114 150//114
f  150//115 149//115 151//115
f  52//116 54//116 152//116
f  152//117 54//117 153//117
f  152//118 153//118 154//118
f  154//119 153//119 155//119
f  155//120 153//120 156//120
f  155//121 156//121 157//121
f  157//122 156//122 158//122
f  158//123 156//123 159//123
f  158//124 159//124 160//124
f  6//125 7//125 161//125
f  161//126 7//126 23//126
f  161//127 23//127 16//127
f  162//128 99//128 163//128
f  163//129 99//129 101//129
f  163//130 101//130 164//130
f  91//131 84//131 93//131
f  93//132 84//132 83//132
f  93//133 83//133 92//133
f  92//134 83//134 165//134
f  92//135 165//135 90//135
f  90//136 165//136 166//136
f  90//137 166//137 88//137
f  88//138 166//138 167//138
f  88//139 167//139 86//139
f  86//140 167//140 164//140
f  86//141 164//141 96//141
f  96//142 164//142 101//142
f  96//143 101//143 94//143
f  94//144 101//144 103//144
f  94//145 103//145 168//145
f  168//146 103//146 102//146
f  168//147 102//147 169//147
f  170//148 68//148 171//148
f  171//149 68//149 67//149
f  171//150 67//150 172//150
f  173//151 136//151 174//151
f  174//152 136//152 135//152
f  174//153 135//153 175//153
f  176//154 177//154 178//154
f  67//155 179//155 172//155
f  172//156 179//156 49//156
f  172//157 49//157 180//157
f  180//158 49//158 51//158
f  180//159 51//159 181//159
f  150//160 173//160 148//160
f  148//161 173//161 174//161
f  148//162 174//162 146//162
f  146//163 174//163 175//163
f  146//164 175//164 144//164
f  182//165 183//165 184//165
f  184//166 183//166 185//166
f  184//167 185//167 186//167
f  186//168 185//168 187//168
f  186//169 187//169 188//169
f  188//170 187//170 189//170
f  188//171 189//171 190//171
f  190//172 189//172 191//172
f  190//173 191//173 192//173
f  192//174 191//174 193//174
f  192//175 193//175 194//175
f  194//176 193//176 195//176
f  194//177 195//177 196//177
f  196//178 195//178 197//178
f  196//179 197//179 198//179
f  198//180 197//180 199//180
f  198//181 199//181 200//181
f  200//182 199//182 63//182
f  200//183 63//183 201//183
f  201//184 63//184 62//184
f  201//185 62//185 161//185
f  161//186 62//186 64//186
f  161//187 64//187 6//187
f  131//188 133//188 202//188
f  202//189 133//189 203//189
f  202//190 203//190 204//190
f  204//191 203//191 205//191
f  204//192 205//192 206//192
f  206//193 205//193 207//193
f  206//194 207//194 208//194
f  208//195 207//195 209//195
f  208//196 209//196 210//196
f  56//197 138//197 57//197
f  57//198 138//198 140//198
f  57//199 140//199 211//199
f  211//200 140//200 142//200
f  211//201 142//201 212//201
f  212//202 142//202 144//202
f  212//203 144//203 213//203
f  213//204 144//204 175//204
f  213//205 175//205 214//205
f  214//206 175//206 135//206
f  214//207 135//207 215//207
f  215//208 135//208 137//208
f  215//209 137//209 216//209
f  52//210 55//210 53//210
f  53//211 55//211 57//211
f  53//212 57//212 217//212
f  217//213 57//213 211//213
f  217//214 211//214 210//214
f  210//215 211//215 212//215
f  210//216 212//216 208//216
f  208//217 212//217 213//217
f  208//218 213//218 206//218
f  206//219 213//219 214//219
f  206//220 214//220 204//220
f  204//221 214//221 215//221
f  204//222 215//222 202//222
f  202//223 215//223 216//223
f  202//224 216//224 131//224
f  218//225 219//225 120//225
f  120//226 219//226 127//226
f  120//227 127//227 122//227
f  122//228 127//228 126//228
f  122//229 126//229 124//229
f  121//230 115//230 119//230
f  119//231 115//231 114//231
f  119//232 114//232 120//232
f  120//233 114//233 220//233
f  120//234 220//234 218//234
f  129//235 125//235 130//235
f  130//236 125//236 127//236
f  130//237 127//237 221//237
f  221//238 127//238 219//238
f  221//239 219//239 222//239
f  222//240 219//240 223//240
f  134//241 182//241 133//241
f  133//242 182//242 184//242
f  133//243 184//243 203//243
f  203//244 184//244 186//244
f  203//245 186//245 205//245
f  205//246 186//246 188//246
f  205//247 188//247 207//247
f  207//248 188//248 190//248
f  207//249 190//249 209//249
f  209//250 190//250 192//250
f  209//251 192//251 210//251
f  210//252 192//252 194//252
f  210//253 194//253 217//253
f  217//254 194//254 196//254
f  217//255 196//255 53//255
f  53//256 196//256 198//256
f  53//257 198//257 54//257
f  54//258 198//258 200//258
f  54//259 200//259 153//259
f  153//260 200//260 201//260
f  153//261 201//261 156//261
f  156//262 201//262 161//262
f  156//263 161//263 159//263
f  159//264 161//264 16//264
f  159//265 16//265 160//265
f  160//266 16//266 15//266
f  224//267 177//267 225//267
f  225//268 177//268 176//268
f  225//269 176//269 226//269
f  227//270 228//270 229//270
f  229//271 228//271 224//271
f  110//272 108//272 111//272
f  111//273 108//273 109//273
f  111//274 109//274 113//274
f  113//275 109//275 230//275
f  113//276 230//276 116//276
f  116//277 230//277 231//277
f  116//278 231//278 114//278
f  114//279 231//279 232//279
f  114//280 232//280 220//280
f  220//281 232//281 233//281
f  220//282 233//282 218//282
f  218//283 233//283 234//283
f  218//284 234//284 219//284
f  219//285 234//285 235//285
f  219//286 235//286 223//286
f  236//287 237//287 238//287
f  238//288 237//288 239//288
f  238//289 239//289 181//289
f  181//290 239//290 240//290
f  181//291 240//291 180//291
f  180//292 240//292 241//292
f  180//293 241//293 172//293
f  172//294 241//294 242//294
f  172//295 242//295 171//295
f  171//296 242//296 243//296
f  171//297 243//297 170//297
f  50//298 178//298 51//298
f  51//299 178//299 177//299
f  51//300 177//300 181//300
f  181//301 177//301 224//301
f  181//302 224//302 238//302
f  238//303 224//303 228//303
f  238//304 228//304 236//304
f  236//305 228//305 227//305
f  105//306 162//306 107//306
f  107//307 162//307 163//307
f  107//308 163//308 109//308
f  109//309 163//309 164//309
f  109//310 164//310 230//310
f  230//311 164//311 167//311
f  230//312 167//312 231//312
f  231//313 167//313 166//313
f  231//314 166//314 232//314
f  232//315 166//315 165//315
f  232//316 165//316 233//316
f  233//317 165//317 83//317
f  233//318 83//318 234//318
f  234//319 83//319 82//319
f  234//320 82//320 235//320
f  235//321 82//321 80//321
f  235//322 80//322 244//322
f  244//323 80//323 78//323
f  244//324 78//324 245//324
f  245//325 78//325 76//325
f  245//326 76//326 246//326
f  246//327 76//327 74//327
f  246//328 74//328 247//328
f  247//329 74//329 73//329
f  247//330 73//330 248//330
f  248//331 73//331 69//331
f  183//332 226//332 185//332
f  185//333 226//333 176//333
f  185//334 176//334 187//334
f  187//335 176//335 178//335
f  187//336 178//336 189//336
f  189//337 178//337 50//337
f  189//338 50//338 191//338
f  191//339 50//339 49//339
f  191//340 49//340 193//340
f  193//341 49//341 179//341
f  193//342 179//342 195//342
f  195//343 179//343 67//343
f  195//344 67//344 197//344
f  197//345 67//345 60//345
f  197//346 60//346 199//346
f  199//347 60//347 59//347
f  199//348 59//348 63//348
f  63//349 59//349 249//349
f  63//350 249//350 61//350
f  134//351 250//351 182//351
f  182//352 250//352 128//352
f  182//353 128//353 183//353
f  183//354 128//354 130//354
f  183//355 130//355 226//355
f  226//356 130//356 221//356
f  226//357 221//357 225//357
f  225//358 221//358 222//358
f  225//359 222//359 224//359
f  224//360 222//360 223//360
f  224//361 223//361 229//361
f  229//362 223//362 235//362
f  229//363 235//363 227//363
f  227//364 235//364 244//364
f  227//365 244//365 236//365
f  236//366 244//366 245//366
f  236//367 245//367 237//367
f  237//368 245//368 246//368
f  237//369 246//369 239//369
f  239//370 246//370 247//370
f  239//371 247//371 240//371
f  240//372 247//372 248//372
f  240//373 248//373 241//373
f  241//374 248//374 69//374
f  241//375 69//375 242//375
f  242//376 69//376 71//376
f  242//377 71//377 243//377
f  46//378 45//378 251//378
f  46//378 251//378 252//378
f  252//379 251//379 253//379
f  252//380 253//380 254//380
f  253//381 169//381 102//381
f  102//382 100//382 253//382
f  253//383 100//383 99//383
f  253//384 99//384 162//384
f  255//385 256//385 254//385
f  254//386 256//386 257//386
f  254//387 257//387 258//387
f  162//388 105//388 253//388
f  253//389 105//389 104//389
f  253//390 104//390 254//390
f  254//391 104//391 259//391
f  254//392 259//392 255//392
f  249//393 59//393 260//393
f  249//394 260//394 61//394
f  61//395 260//395 1//395
f  61//396 1//396 64//396
f  64//397 1//397 4//397
f  64//398 4//398 6//398
f  261//399 85//399 262//399
f  262//400 85//400 84//400
f  262//401 84//401 263//401
f  263//402 84//402 91//402
f  263//403 91//403 264//403
f  264//404 91//404 89//404
f  264//405 89//405 265//405
f  265//406 89//406 87//406
f  265//407 87//407 266//407
f  267//408 260//408 268//408
f  268//409 260//409 59//409
f  268//410 59//410 269//410
f  269//411 59//411 270//411
f  87//412 98//412 266//412
f  266//413 98//413 97//413
f  266//414 97//414 271//414
f  47//415 272//415 273//415
f  97//416 95//416 271//416
f  271//417 95//417 94//417
f  271//418 94//418 274//418
f  274//419 94//419 168//419
f  274//420 168//420 275//420
f  275//421 168//421 169//421
f  275//422 169//422 276//422
f  276//423 169//423 253//423
f  276//424 253//424 277//424
f  277//425 253//425 251//425
f  277//426 251//426 278//426
f  278//427 251//427 273//427
f  273//428 251//428 45//428
f  273//429 45//429 47//429
f  270//430 59//430 279//430
f  279//431 59//431 58//431
f  279//432 58//432 280//432
f  280//433 58//433 65//433
f  280//434 65//434 281//434
f  281//435 65//435 66//435
f  281//436 66//436 282//436
f  282//437 66//437 68//437
f  282//438 68//438 283//438
f  283//439 68//439 170//439
f  283//440 170//440 284//440
f  284//441 170//441 243//441
f  284//442 243//442 285//442
f  285//443 243//443 71//443
f  285//444 71//444 286//444
f  71//445 70//445 286//445
f  286//446 70//446 72//446
f  286//447 72//447 287//447
f  287//448 72//448 75//448
f  287//449 75//449 288//449
f  288//450 75//450 77//450
f  288//451 77//451 289//451
f  289//452 77//452 79//452
f  289//453 79//453 261//453
f  261//454 79//454 81//454
f  261//455 81//455 85//455
f  2//456 290//456 3//456
f  3//456 290//456 291//456
f  3//457 291//457 5//457
f  292//458 293//458 294//458
f  48//459 295//459 296//459
f  297//460 298//460 292//460
f  258//461 299//461 48//461
f  48//462 299//462 300//462
f  48//463 300//463 295//463
f  301//464 302//464 303//464
f  303//465 302//465 304//465
f  303//466 304//466 305//466
f  48//467 306//467 307//467
f  307//468 306//468 308//468
f  294//469 290//469 292//469
f  292//470 290//470 2//470
f  292//471 2//471 297//471
f  297//472 2//472 309//472
f  297//473 309//473 310//473
f  292//474 311//474 293//474
f  293//475 311//475 302//475
f  293//476 302//476 312//476
f  312//477 302//477 301//477
f  313//478 314//478 308//478
f  308//479 314//479 315//479
f  308//480 315//480 307//480
f  310//481 316//481 297//481
f  297//482 316//482 317//482
f  297//483 317//483 318//483
f  48//484 319//484 320//484
f  46//456 252//456 48//456
f  48//456 252//456 254//456
f  48//485 254//485 258//485
f  296//486 321//486 48//486
f  48//487 321//487 322//487
f  48//488 322//488 319//488
f  320//489 323//489 48//489
f  48//490 323//490 324//490
f  48//491 324//491 306//491
f  298//492 297//492 308//492
f  308//493 297//493 325//493
f  308//494 325//494 313//494
f  318//495 326//495 297//495
f  297//456 326//456 327//456
f  297//456 327//456 328//456
f  329//496 151//496 330//496
f  331//497 332//497 333//497
f  19//498 18//498 334//498
f  334//499 18//499 335//499
f  336//500 337//500 335//500
f  335//501 337//501 338//501
f  335//502 338//502 334//502
f  339//503 340//503 336//503
f  336//504 340//504 341//504
f  336//505 341//505 337//505
f  342//506 343//506 344//506
f  344//507 343//507 345//507
f  344//508 345//508 346//508
f  346//509 345//509 347//509
f  346//510 347//510 339//510
f  339//511 347//511 348//511
f  339//512 348//512 340//512
f  349//513 350//513 351//513
f  351//514 350//514 352//514
f  351//515 352//515 353//515
f  353//516 352//516 354//516
f  353//517 354//517 355//517
f  355//518 354//518 356//518
f  355//519 356//519 357//519
f  357//520 356//520 358//520
f  357//521 358//521 342//521
f  342//522 358//522 359//522
f  342//523 359//523 343//523
f  360//524 361//524 362//524
f  362//525 361//525 363//525
f  362//526 363//526 333//526
f  333//527 363//527 364//527
f  333//528 364//528 331//528
f  329//529 330//529 365//529
f  34//530 33//530 366//530
f  366//531 33//531 17//531
f  330//532 367//532 365//532
f  365//533 367//533 368//533
f  365//534 368//534 369//534
f  369//535 368//535 370//535
f  369//536 370//536 371//536
f  371//537 370//537 372//537
f  371//538 372//538 373//538
f  373//539 372//539 374//539
f  373//540 374//540 375//540
f  375//541 374//541 376//541
f  375//542 376//542 377//542
f  377//543 376//543 378//543
f  377//544 378//544 379//544
f  379//545 378//545 380//545
f  379//546 380//546 381//546
f  381//547 380//547 382//547
f  381//548 382//548 383//548
f  383//549 382//549 384//549
f  383//550 384//550 385//550
f  385//551 384//551 386//551
f  385//552 386//552 387//552
f  387//553 386//553 388//553
f  387//554 388//554 389//554
f  389//555 388//555 366//555
f  389//556 366//556 390//556
f  390//557 366//557 17//557
f  390//558 17//558 32//558
f  36//559 34//559 391//559
f  391//560 34//560 366//560
f  391//561 366//561 392//561
f  392//562 366//562 388//562
f  392//563 388//563 393//563
f  393//564 388//564 386//564
f  393//565 386//565 394//565
f  394//566 386//566 384//566
f  394//567 384//567 395//567
f  395//568 384//568 382//568
f  395//569 382//569 396//569
f  396//570 382//570 380//570
f  396//571 380//571 397//571
f  397//572 380//572 378//572
f  397//573 378//573 398//573
f  398//574 378//574 376//574
f  398//575 376//575 399//575
f  399//576 376//576 374//576
f  399//577 374//577 360//577
f  360//578 374//578 372//578
f  360//579 372//579 361//579
f  361//580 372//580 370//580
f  361//581 370//581 363//581
f  363//582 370//582 368//582
f  363//583 368//583 364//583
f  364//584 368//584 367//584
f  364//585 367//585 400//585
f  400//586 367//586 330//586
f  18//587 36//587 335//587
f  335//588 36//588 391//588
f  335//589 391//589 336//589
f  336//590 391//590 392//590
f  336//591 392//591 339//591
f  339//592 392//592 393//592
f  339//593 393//593 346//593
f  346//594 393//594 394//594
f  346//595 394//595 344//595
f  344//596 394//596 395//596
f  344//597 395//597 342//597
f  342//598 395//598 396//598
f  342//599 396//599 357//599
f  357//600 396//600 397//600
f  357//601 397//601 355//601
f  355//602 397//602 398//602
f  355//603 398//603 353//603
f  353//604 398//604 399//604
f  353//605 399//605 351//605
f  351//606 399//606 360//606
f  351//607 360//607 349//607
f  349//608 360//608 362//608
f  401//609 402//609 403//609
f  403//610 404//610 405//610
f  406//611 407//611 408//611
f  402//612 401//612 409//612
f  44//613 43//613 410//613
f  411//614 412//614 413//614
f  332//615 331//615 414//615
f  415//616 400//616 330//616
f  416//617 417//617 418//617
f  418//618 417//618 419//618
f  332//619 414//619 417//619
f  417//620 414//620 419//620
f  419//621 414//621 420//621
f  419//622 420//622 421//622
f  421//623 420//623 422//623
f  421//624 422//624 423//624
f  423//625 422//625 424//625
f  423//626 424//626 425//626
f  425//627 424//627 404//627
f  425//628 404//628 426//628
f  426//629 404//629 403//629
f  426//630 403//630 427//630
f  427//631 403//631 402//631
f  427//632 402//632 428//632
f  428//633 402//633 409//633
f  428//634 409//634 429//634
f  412//635 411//635 430//635
f  430//636 411//636 431//636
f  430//637 431//637 432//637
f  40//638 14//638 407//638
f  407//639 14//639 433//639
f  40//640 407//640 41//640
f  41//641 407//641 406//641
f  41//642 406//642 42//642
f  35//643 37//643 434//643
f  434//644 37//644 38//644
f  434//645 38//645 410//645
f  410//646 38//646 39//646
f  410//647 39//647 44//647
f  435//648 158//648 160//648
f  158//649 435//649 157//649
f  157//650 435//650 436//650
f  157//651 436//651 155//651
f  436//652 437//652 155//652
f  155//653 437//653 438//653
f  155//654 438//654 154//654
f  154//655 438//655 439//655
f  154//656 439//656 152//656
f  440//657 55//657 439//657
f  439//658 55//658 52//658
f  439//659 52//659 152//659
f  141//660 139//660 441//660
f  441//661 139//661 138//661
f  441//662 138//662 440//662
f  440//663 138//663 56//663
f  440//664 56//664 55//664
f  364//665 400//665 442//665
f  442//666 400//666 415//666
f  442//667 415//667 443//667
f  443//668 415//668 444//668
f  443//669 444//669 445//669
f  445//670 444//670 446//670
f  445//671 446//671 447//671
f  447//672 446//672 448//672
f  447//673 448//673 449//673
f  449//674 448//674 450//674
f  449//675 450//675 405//675
f  435//676 451//676 436//676
f  436//677 451//677 452//677
f  436//678 452//678 437//678
f  437//679 452//679 453//679
f  437//680 453//680 438//680
f  438//681 453//681 454//681
f  438//682 454//682 439//682
f  439//683 454//683 455//683
f  439//684 455//684 440//684
f  440//685 455//685 456//685
f  440//686 456//686 441//686
f  457//687 458//687 459//687
f  459//688 458//688 460//688
f  459//689 460//689 413//689
f  413//690 460//690 408//690
f  413//691 408//691 411//691
f  411//692 408//692 407//692
f  411//693 407//693 431//693
f  431//694 407//694 433//694
f  431//695 433//695 432//695
f  43//696 42//696 410//696
f  410//697 42//697 406//697
f  410//698 406//698 461//698
f  461//699 406//699 408//699
f  461//700 408//700 462//700
f  462//701 408//701 460//701
f  462//702 460//702 463//702
f  463//703 460//703 458//703
f  463//704 458//704 464//704
f  15//705 35//705 160//705
f  160//706 35//706 434//706
f  160//707 434//707 435//707
f  435//708 434//708 410//708
f  435//709 410//709 451//709
f  451//710 410//710 461//710
f  451//711 461//711 452//711
f  452//712 461//712 462//712
f  452//713 462//713 453//713
f  453//714 462//714 463//714
f  453//715 463//715 454//715
f  454//716 463//716 464//716
f  454//717 464//717 455//717
f  405//718 404//718 449//718
f  449//719 404//719 424//719
f  449//720 424//720 447//720
f  447//721 424//721 422//721
f  447//722 422//722 445//722
f  445//723 422//723 420//723
f  445//724 420//724 443//724
f  443//725 420//725 414//725
f  443//726 414//726 442//726
f  442//727 414//727 331//727
f  442//728 331//728 364//728
f  457//729 429//729 458//729
f  458//730 429//730 409//730
f  458//731 409//731 464//731
f  464//732 409//732 401//732
f  464//733 401//733 455//733
f  455//734 401//734 403//734
f  455//735 403//735 456//735
f  456//736 403//736 405//736
f  456//737 405//737 441//737
f  441//738 405//738 450//738
f  441//739 450//739 141//739
f  141//740 450//740 448//740
f  141//741 448//741 143//741
f  143//742 448//742 446//742
f  143//743 446//743 145//743
f  145//744 446//744 444//744
f  145//745 444//745 147//745
f  147//746 444//746 415//746
f  147//747 415//747 149//747
f  149//748 415//748 330//748
f  149//749 330//749 151//749
f  465//750 9//750 8//750
f  465//751 8//751 466//751
f  466//752 8//752 467//752
f  466//753 467//753 468//753
f  468//754 467//754 469//754
f  468//755 469//755 470//755
f  471//756 472//756 469//756
f  469//757 472//757 473//757
f  469//758 473//758 470//758
f  474//759 475//759 476//759
f  476//760 475//760 477//760
f  476//761 477//761 478//761
f  478//762 477//762 479//762
f  478//763 479//763 480//763
f  480//764 479//764 481//764
f  480//765 481//765 482//765
f  482//766 481//766 483//766
f  482//767 483//767 471//767
f  471//768 483//768 484//768
f  471//769 484//769 472//769
f  474//770 476//770 485//770
f  485//771 476//771 486//771
f  485//772 486//772 487//772
f  487//773 486//773 488//773
f  487//774 488//774 489//774
f  490//775 491//775 492//775
f  490//776 492//776 488//776
f  488//777 492//777 493//777
f  488//778 493//778 489//778
f  491//779 490//779 494//779
f  494//780 490//780 495//780
f  494//781 495//781 496//781
f  497//782 498//782 499//782
f  500//783 501//783 502//783
f  502//784 501//784 503//784
f  496//785 495//785 504//785
f  504//786 495//786 502//786
f  504//787 502//787 505//787
f  505//788 502//788 503//788
f  500//789 502//789 506//789
f  506//790 502//790 507//790
f  506//791 507//791 508//791
f  508//792 507//792 509//792
f  508//793 509//793 510//793
f  511//794 512//794 513//794
f  513//795 512//795 514//795
f  513//796 514//796 515//796
f  515//797 514//797 516//797
f  515//798 516//798 509//798
f  509//799 516//799 517//799
f  509//800 517//800 510//800
f  498//801 518//801 499//801
f  499//802 518//802 519//802
f  499//803 519//803 520//803
f  520//804 519//804 521//804
f  520//805 521//805 513//805
f  513//806 521//806 522//806
f  513//807 522//807 511//807
f  497//808 499//808 523//808
f  523//809 499//809 524//809
f  523//810 524//810 525//810
f  525//811 524//811 526//811
f  525//812 526//812 527//812
f  527//813 526//813 25//813
f  527//814 25//814 24//814
f  528//815 529//815 488//815
f  488//816 529//816 490//816
f  490//817 529//817 530//817
f  490//818 530//818 495//818
f  478//819 531//819 476//819
f  476//820 531//820 528//820
f  476//821 528//821 486//821
f  486//822 528//822 488//822
f  495//823 530//823 502//823
f  502//824 530//824 532//824
f  502//825 532//825 507//825
f  478//826 480//826 531//826
f  531//827 480//827 482//827
f  531//828 482//828 533//828
f  507//829 532//829 509//829
f  509//830 532//830 534//830
f  509//831 534//831 515//831
f  515//832 534//832 535//832
f  515//833 535//833 513//833
f  8//834 10//834 467//834
f  467//835 10//835 536//835
f  467//836 536//836 469//836
f  469//837 536//837 533//837
f  469//838 533//838 471//838
f  471//839 533//839 482//839
f  513//840 535//840 520//840
f  520//841 535//841 537//841
f  520//842 537//842 499//842
f  499//843 537//843 524//843
f  524//844 537//844 538//844
f  524//845 538//845 526//845
f  526//846 538//846 27//846
f  526//847 27//847 25//847
f  26//848 28//848 539//848
f  29//849 22//849 540//849
f  541//850 542//850 505//850
f  505//851 542//851 543//851
f  505//852 543//852 504//852
f  504//853 543//853 496//853
f  416//854 542//854 544//854
f  544//855 542//855 541//855
f  544//856 541//856 545//856
f  545//857 541//857 546//857
f  545//858 546//858 547//858
f  547//859 546//859 548//859
f  546//860 549//860 548//860
f  548//861 549//861 550//861
f  548//862 550//862 551//862
f  551//863 550//863 552//863
f  551//864 552//864 553//864
f  553//865 552//865 554//865
f  554//866 552//866 555//866
f  554//867 555//867 556//867
f  556//868 557//868 558//868
f  558//869 557//869 559//869
f  558//870 559//870 560//870
f  560//871 559//871 561//871
f  560//872 561//872 562//872
f  562//873 561//873 563//873
f  563//874 561//874 564//874
f  563//875 564//875 565//875
f  565//876 564//876 566//876
f  565//877 566//877 567//877
f  567//878 566//878 568//878
f  567//879 568//879 569//879
f  569//880 568//880 570//880
f  569//881 570//881 571//881
f  571//882 570//882 572//882
f  572//883 570//883 539//883
f  572//884 539//884 540//884
f  540//885 539//885 28//885
f  540//886 28//886 29//886
f  24//887 26//887 527//887
f  527//888 26//888 539//888
f  527//889 539//889 525//889
f  525//890 539//890 570//890
f  525//891 570//891 523//891
f  523//892 570//892 568//892
f  523//893 568//893 497//893
f  497//894 568//894 498//894
f  498//895 568//895 566//895
f  498//896 566//896 518//896
f  518//897 566//897 519//897
f  519//898 566//898 564//898
f  519//899 564//899 521//899
f  521//900 564//900 561//900
f  521//901 561//901 522//901
f  522//902 561//902 511//902
f  511//903 561//903 559//903
f  511//904 559//904 512//904
f  556//905 555//905 557//905
f  557//906 555//906 516//906
f  557//907 516//907 559//907
f  559//908 516//908 514//908
f  559//909 514//909 512//909
f  505//910 503//910 541//910
f  541//911 503//911 501//911
f  541//912 501//912 546//912
f  546//913 501//913 500//913
f  546//914 500//914 549//914
f  549//915 500//915 506//915
f  549//916 506//916 550//916
f  550//917 506//917 508//917
f  550//918 508//918 552//918
f  552//919 508//919 510//919
f  552//920 510//920 555//920
f  555//921 510//921 517//921
f  555//922 517//922 516//922
f  457//923 459//923 573//923
f  13//924 11//924 574//924
f  466//925 574//925 465//925
f  465//926 574//926 11//926
f  465//927 11//927 9//927
f  14//928 13//928 433//928
f  433//929 13//929 574//929
f  433//930 574//930 432//930
f  432//931 574//931 430//931
f  459//932 413//932 575//932
f  575//933 413//933 412//933
f  575//934 412//934 430//934
f  457//935 573//935 429//935
f  416//936 418//936 542//936
f  542//937 418//937 576//937
f  542//938 576//938 543//938
f  494//939 496//939 543//939
f  487//940 489//940 577//940
f  577//941 489//941 493//941
f  577//942 493//942 576//942
f  576//943 493//943 492//943
f  576//944 492//944 543//944
f  543//945 492//945 491//945
f  543//946 491//946 494//946
f  577//947 578//947 487//947
f  487//948 578//948 579//948
f  487//949 579//949 485//949
f  485//950 579//950 580//950
f  485//951 580//951 474//951
f  474//952 580//952 581//952
f  474//953 581//953 475//953
f  475//954 581//954 582//954
f  475//955 582//955 477//955
f  477//956 582//956 479//956
f  479//957 582//957 583//957
f  479//958 583//958 481//958
f  418//959 419//959 576//959
f  576//960 419//960 421//960
f  576//961 421//961 577//961
f  577//962 421//962 423//962
f  577//963 423//963 578//963
f  578//964 423//964 425//964
f  578//965 425//965 579//965
f  579//966 425//966 426//966
f  579//967 426//967 580//967
f  580//968 426//968 427//968
f  580//969 427//969 581//969
f  581//970 427//970 428//970
f  581//971 428//971 582//971
f  582//972 428//972 429//972
f  582//973 429//973 583//973
f  583//974 429//974 573//974
f  583//975 573//975 481//975
f  481//976 573//976 483//976
f  459//977 575//977 573//977
f  573//978 575//978 484//978
f  573//979 484//979 483//979
f  584//980 473//980 472//980
f  473//981 584//981 470//981
f  470//982 584//982 585//982
f  470//983 585//983 468//983
f  466//984 468//984 574//984
f  574//985 468//985 585//985
f  574//986 585//986 430//986
f  430//987 585//987 584//987
f  430//988 584//988 575//988
f  575//989 584//989 472//989
f  575//990 472//990 484//990
f  417//991 416//991 586//991
f  586//992 416//992 544//992
f  586//993 544//993 545//993
f  332//994 417//994 333//994
f  333//995 417//995 586//995
f  333//996 586//996 362//996
f  362//997 586//997 587//997
f  352//998 350//998 587//998
f  587//999 350//999 349//999
f  587//1000 349//1000 362//1000
f  588//1001 359//1001 589//1001
f  589//1002 359//1002 358//1002
f  589//1003 358//1003 590//1003
f  590//1004 358//1004 356//1004
f  590//1005 356//1005 591//1005
f  591//1006 356//1006 354//1006
f  591//1007 354//1007 592//1007
f  347//1008 345//1008 588//1008
f  588//1009 345//1009 343//1009
f  588//1010 343//1010 359//1010
f  593//1011 340//1011 594//1011
f  594//1012 340//1012 348//1012
f  594//1013 348//1013 347//1013
f  334//1014 338//1014 595//1014
f  595//1015 338//1015 337//1015
f  595//1016 337//1016 593//1016
f  593//1017 337//1017 341//1017
f  593//1018 341//1018 340//1018
f  21//1019 19//1019 334//1019
f  595//1020 572//1020 540//1020
f  334//1021 595//1021 21//1021
f  21//1022 595//1022 540//1022
f  21//1023 540//1023 22//1023
f  572//1024 595//1024 571//1024
f  571//1025 595//1025 593//1025
f  571//1026 593//1026 569//1026
f  569//1027 593//1027 594//1027
f  569//1028 594//1028 567//1028
f  347//1029 588//1029 594//1029
f  594//1030 588//1030 565//1030
f  594//1031 565//1031 567//1031
f  591//1032 558//1032 590//1032
f  590//1033 558//1033 560//1033
f  590//1034 560//1034 589//1034
f  589//1035 560//1035 562//1035
f  589//1036 562//1036 588//1036
f  588//1037 562//1037 563//1037
f  588//1038 563//1038 565//1038
f  592//1039 554//1039 591//1039
f  591//1040 554//1040 556//1040
f  591//1041 556//1041 558//1041
f  548//1042 551//1042 592//1042
f  592//1043 551//1043 553//1043
f  592//1044 553//1044 554//1044
f  545//1045 547//1045 586//1045
f  586//1046 547//1046 548//1046
f  586//1047 548//1047 587//1047
f  587//1048 548//1048 592//1048
f  587//1049 592//1049 352//1049
f  352//1050 592//1050 354//1050
f  596//1051 597//1051 598//1051
f  598//1052 597//1052 599//1052
f  600//1053 601//1053 602//1053
f  602//1054 601//1054 603//1054
f  290//1055 604//1055 605//1055
f  292//1056 606//1056 311//1056
f  255//1057 607//1057 256//1057
f  131//1058 216//1058 608//1058
f  329//1059 365//1059 609//1059
f  390//1060 32//1060 31//1060
f  390//1061 31//1061 610//1061
f  387//1062 389//1062 611//1062
f  612//1063 385//1063 613//1063
f  613//1064 385//1064 387//1064
f  613//1065 387//1065 614//1065
f  614//1066 387//1066 611//1066
f  614//1067 611//1067 615//1067
f  616//1068 381//1068 383//1068
f  379//1069 381//1069 617//1069
f  617//1070 381//1070 616//1070
f  617//1071 616//1071 618//1071
f  619//1072 173//1072 150//1072
f  620//1073 137//1073 136//1073
f  132//1074 621//1074 134//1074
f  134//1075 621//1075 250//1075
f  621//1076 622//1076 250//1076
f  250//1077 622//1077 623//1077
f  250//1078 623//1078 128//1078
f  128//1079 623//1079 624//1079
f  128//1080 624//1080 129//1080
f  129//1081 624//1081 625//1081
f  129//1082 625//1082 125//1082
f  125//1083 625//1083 626//1083
f  117//1084 115//1084 627//1084
f  627//1085 115//1085 121//1085
f  627//1086 121//1086 628//1086
f  628//1087 121//1087 123//1087
f  628//1088 123//1088 629//1088
f  629//1089 123//1089 124//1089
f  629//1090 124//1090 626//1090
f  626//1091 124//1091 126//1091
f  626//1092 126//1092 125//1092
f  106//1093 108//1093 630//1093
f  630//1094 108//1094 110//1094
f  630//1095 110//1095 631//1095
f  599//1096 259//1096 104//1096
f  299//1097 258//1097 257//1097
f  257//1098 632//1098 299//1098
f  299//1099 632//1099 633//1099
f  299//1100 633//1100 300//1100
f  300//1101 633//1101 295//1101
f  257//1102 256//1102 632//1102
f  632//1103 256//1103 607//1103
f  632//1104 607//1104 633//1104
f  633//1105 607//1105 634//1105
f  633//1106 634//1106 295//1106
f  295//1107 634//1107 635//1107
f  295//1108 635//1108 296//1108
f  296//1109 635//1109 636//1109
f  296//1110 636//1110 321//1110
f  637//1111 638//1111 302//1111
f  302//1112 638//1112 304//1112
f  304//1113 638//1113 305//1113
f  305//1114 638//1114 639//1114
f  305//1115 639//1115 303//1115
f  639//1116 640//1116 303//1116
f  303//1117 640//1117 641//1117
f  303//1118 641//1118 301//1118
f  301//1119 641//1119 642//1119
f  301//1120 642//1120 312//1120
f  312//1121 642//1121 293//1121
f  31//1122 30//1122 610//1122
f  610//1123 30//1123 5//1123
f  610//1124 5//1124 605//1124
f  605//1125 5//1125 291//1125
f  605//1126 291//1126 290//1126
f  615//1127 643//1127 614//1127
f  614//1128 643//1128 644//1128
f  614//1129 644//1129 613//1129
f  613//1130 644//1130 645//1130
f  613//1131 645//1131 612//1131
f  612//1132 645//1132 646//1132
f  389//1133 390//1133 611//1133
f  611//1134 390//1134 610//1134
f  611//1135 610//1135 615//1135
f  615//1136 610//1136 605//1136
f  615//1137 605//1137 643//1137
f  643//1138 605//1138 604//1138
f  643//1139 604//1139 294//1139
f  294//1140 604//1140 290//1140
f  647//1141 648//1141 649//1141
f  649//1142 648//1142 650//1142
f  649//1143 650//1143 651//1143
f  651//1144 650//1144 652//1144
f  651//1145 652//1145 653//1145
f  653//1146 652//1146 618//1146
f  653//1147 618//1147 646//1147
f  646//1148 618//1148 616//1148
f  646//1149 616//1149 612//1149
f  612//1150 616//1150 383//1150
f  612//1151 383//1151 385//1151
f  292//1152 654//1152 606//1152
f  606//1153 654//1153 637//1153
f  606//1154 637//1154 311//1154
f  311//1155 637//1155 302//1155
f  294//1156 293//1156 643//1156
f  643//1157 293//1157 642//1157
f  643//1158 642//1158 644//1158
f  644//1159 642//1159 641//1159
f  644//1160 641//1160 645//1160
f  645//1161 641//1161 640//1161
f  645//1162 640//1162 646//1162
f  646//1163 640//1163 639//1163
f  646//1164 639//1164 653//1164
f  653//1165 639//1165 638//1165
f  653//1166 638//1166 651//1166
f  651//1167 638//1167 637//1167
f  651//1168 637//1168 649//1168
f  649//1169 637//1169 654//1169
f  649//1170 654//1170 647//1170
f  655//1171 656//1171 657//1171
f  657//1172 656//1172 658//1172
f  657//1173 658//1173 659//1173
f  659//1174 658//1174 660//1174
f  659//1175 660//1175 661//1175
f  661//1176 660//1176 662//1176
f  661//1177 662//1177 663//1177
f  664//1178 665//1178 666//1178
f  666//1179 665//1179 667//1179
f  666//1180 667//1180 668//1180
f  668//1181 667//1181 669//1181
f  668//1182 669//1182 663//1182
f  663//1183 669//1183 670//1183
f  663//1184 670//1184 661//1184
f  661//1185 670//1185 671//1185
f  661//1186 671//1186 659//1186
f  659//1187 671//1187 603//1187
f  659//1188 603//1188 657//1188
f  657//1189 603//1189 601//1189
f  657//1190 601//1190 655//1190
f  655//1191 601//1191 600//1191
f  596//1192 672//1192 673//1192
f  608//1193 674//1193 675//1193
f  675//1194 674//1194 676//1194
f  675//1195 676//1195 677//1195
f  678//1196 679//1196 680//1196
f  110//1197 112//1197 631//1197
f  631//1198 112//1198 678//1198
f  631//1199 678//1199 681//1199
f  681//1200 678//1200 680//1200
f  681//1201 680//1201 672//1201
f  672//1202 596//1202 681//1202
f  681//1203 596//1203 598//1203
f  681//1204 598//1204 631//1204
f  631//1205 598//1205 599//1205
f  631//1206 599//1206 630//1206
f  630//1207 599//1207 104//1207
f  630//1208 104//1208 106//1208
f  665//1209 682//1209 667//1209
f  667//1210 682//1210 683//1210
f  667//1211 683//1211 669//1211
f  669//1212 683//1212 684//1212
f  669//1213 684//1213 670//1213
f  670//1214 684//1214 685//1214
f  670//1215 685//1215 671//1215
f  671//1216 685//1216 686//1216
f  671//1217 686//1217 603//1217
f  603//1218 686//1218 687//1218
f  603//1219 687//1219 602//1219
f  602//1220 687//1220 688//1220
f  602//1221 688//1221 689//1221
f  365//1222 369//1222 609//1222
f  609//1223 369//1223 690//1223
f  609//1224 690//1224 691//1224
f  691//1225 690//1225 692//1225
f  691//1226 692//1226 693//1226
f  693//1227 692//1227 694//1227
f  693//1228 694//1228 695//1228
f  173//1229 619//1229 136//1229
f  136//1230 619//1230 696//1230
f  136//1231 696//1231 620//1231
f  620//1232 696//1232 697//1232
f  620//1233 697//1233 698//1233
f  698//1234 697//1234 699//1234
f  698//1235 699//1235 700//1235
f  700//1236 699//1236 701//1236
f  700//1237 701//1237 689//1237
f  112//1238 118//1238 678//1238
f  678//1239 118//1239 117//1239
f  678//1240 117//1240 679//1240
f  679//1241 117//1241 627//1241
f  679//1242 627//1242 702//1242
f  702//1243 627//1243 628//1243
f  702//1244 628//1244 703//1244
f  703//1245 628//1245 629//1245
f  703//1246 629//1246 704//1246
f  704//1247 629//1247 626//1247
f  704//1248 626//1248 705//1248
f  705//1249 626//1249 625//1249
f  705//1250 625//1250 706//1250
f  706//1251 625//1251 624//1251
f  706//1252 624//1252 707//1252
f  707//1253 624//1253 623//1253
f  707//1254 623//1254 677//1254
f  677//1255 623//1255 622//1255
f  677//1256 622//1256 675//1256
f  675//1257 622//1257 621//1257
f  675//1258 621//1258 608//1258
f  608//1259 621//1259 132//1259
f  608//1260 132//1260 131//1260
f  369//1261 371//1261 690//1261
f  690//1262 371//1262 708//1262
f  690//1263 708//1263 692//1263
f  692//1264 708//1264 709//1264
f  692//1265 709//1265 694//1265
f  710//1266 711//1266 712//1266
f  712//1267 711//1267 713//1267
f  712//1268 713//1268 714//1268
f  714//1269 713//1269 715//1269
f  714//1270 715//1270 716//1270
f  716//1271 715//1271 717//1271
f  716//1272 717//1272 377//1272
f  377//1273 717//1273 375//1273
f  373//1274 375//1274 718//1274
f  718//1275 375//1275 717//1275
f  718//1276 717//1276 719//1276
f  719//1277 717//1277 715//1277
f  719//1278 715//1278 720//1278
f  720//1279 715//1279 713//1279
f  720//1280 713//1280 721//1280
f  721//1281 713//1281 711//1281
f  721//1282 711//1282 722//1282
f  722//1283 711//1283 710//1283
f  722//1284 710//1284 723//1284
f  371//1285 373//1285 708//1285
f  708//1286 373//1286 718//1286
f  708//1287 718//1287 709//1287
f  709//1288 718//1288 719//1288
f  709//1289 719//1289 694//1289
f  694//1290 719//1290 720//1290
f  694//1291 720//1291 695//1291
f  695//1292 720//1292 721//1292
f  695//1293 721//1293 724//1293
f  724//1294 721//1294 722//1294
f  724//1295 722//1295 725//1295
f  725//1296 722//1296 723//1296
f  725//1297 723//1297 726//1297
f  151//1298 329//1298 150//1298
f  150//1299 329//1299 609//1299
f  150//1300 609//1300 619//1300
f  619//1301 609//1301 691//1301
f  619//1302 691//1302 696//1302
f  696//1303 691//1303 693//1303
f  696//1304 693//1304 697//1304
f  697//1305 693//1305 695//1305
f  697//1306 695//1306 699//1306
f  699//1307 695//1307 724//1307
f  699//1308 724//1308 701//1308
f  701//1309 724//1309 725//1309
f  701//1310 725//1310 689//1310
f  689//1311 725//1311 726//1311
f  689//1312 726//1312 602//1312
f  602//1313 726//1313 727//1313
f  602//1314 727//1314 600//1314
f  600//1315 727//1315 728//1315
f  600//1316 728//1316 655//1316
f  216//1317 137//1317 608//1317
f  608//1318 137//1318 620//1318
f  608//1319 620//1319 674//1319
f  674//1320 620//1320 698//1320
f  674//1321 698//1321 676//1321
f  676//1322 698//1322 700//1322
f  676//1323 700//1323 677//1323
f  677//1324 700//1324 689//1324
f  677//1325 689//1325 707//1325
f  707//1326 689//1326 688//1326
f  707//1327 688//1327 706//1327
f  706//1328 688//1328 687//1328
f  706//1329 687//1329 705//1329
f  705//1330 687//1330 686//1330
f  705//1331 686//1331 704//1331
f  704//1332 686//1332 685//1332
f  704//1333 685//1333 703//1333
f  703//1334 685//1334 684//1334
f  703//1335 684//1335 702//1335
f  702//1336 684//1336 683//1336
f  702//1337 683//1337 679//1337
f  679//1338 683//1338 682//1338
f  679//1339 682//1339 680//1339
f  680//1340 682//1340 665//1340
f  680//1341 665//1341 672//1341
f  672//1342 665//1342 664//1342
f  672//1343 664//1343 673//1343
f  377//1344 379//1344 716//1344
f  716//1345 379//1345 617//1345
f  716//1346 617//1346 714//1346
f  714//1347 617//1347 618//1347
f  714//1348 618//1348 712//1348
f  712//1349 618//1349 652//1349
f  712//1350 652//1350 710//1350
f  710//1351 652//1351 650//1351
f  710//1352 650//1352 723//1352
f  723//1353 650//1353 648//1353
f  723//1354 648//1354 726//1354
f  726//1355 648//1355 647//1355
f  726//1356 647//1356 727//1356
f  727//1357 647//1357 654//1357
f  727//1358 654//1358 728//1358
f  728//1359 654//1359 292//1359
f  728//1360 292//1360 655//1360
f  655//1361 292//1361 298//1361
f  655//1362 298//1362 656//1362
f  656//1363 298//1363 308//1363
f  656//1364 308//1364 658//1364
f  658//1365 308//1365 306//1365
f  658//1366 306//1366 660//1366
f  660//1367 306//1367 324//1367
f  660//1368 324//1368 662//1368
f  662//1369 324//1369 323//1369
f  662//1370 323//1370 663//1370
f  663//1371 323//1371 320//1371
f  663//1372 320//1372 668//1372
f  668//1373 320//1373 319//1373
f  668//1374 319//1374 666//1374
f  666//1375 319//1375 322//1375
f  666//1376 322//1376 664//1376
f  664//1377 322//1377 321//1377
f  664//1378 321//1378 673//1378
f  673//1379 321//1379 636//1379
f  673//1380 636//1380 596//1380
f  596//1381 636//1381 635//1381
f  596//1382 635//1382 597//1382
f  597//1383 635//1383 634//1383
f  597//1384 634//1384 599//1384
f  599//1385 634//1385 607//1385
f  599//1386 607//1386 259//1386
f  259//1387 607//1387 255//1387
f  536//1388 10//1388 12//1388
f  12//1389 729//1389 536//1389
f  536//1390 729//1390 730//1390
f  536//1391 730//1391 533//1391
f  533//1392 730//1392 731//1392
f  533//1393 731//1393 531//1393
f  531//1394 731//1394 732//1394
f  531//1395 732//1395 528//1395
f  528//1396 732//1396 733//1396
f  528//1396 733//1396 529//1396
f  529//1397 733//1397 734//1397
f  529//1397 734//1397 530//1397
f  530//1398 734//1398 735//1398
f  530//1399 735//1399 532//1399
f  532//1400 735//1400 736//1400
f  532//1401 736//1401 534//1401
f  534//1402 736//1402 737//1402
f  534//1403 737//1403 535//1403
f  535//1404 737//1404 738//1404
f  535//1405 738//1405 537//1405
f  537//1406 738//1406 739//1406
f  537//1407 739//1407 538//1407
f  538//1408 739//1408 20//1408
f  538//1409 20//1409 27//1409
f  12//1410 20//1410 729//1410
f  729//1411 20//1411 739//1411
f  729//1412 739//1412 738//1412
f  738//1413 737//1413 729//1413
f  729//1414 737//1414 736//1414
f  729//1415 736//1415 730//1415
f  734//1416 733//1416 735//1416
f  735//1417 733//1417 732//1417
f  735//1418 732//1418 736//1418
f  736//1419 732//1419 731//1419
f  736//1420 731//1420 730//1420
f  275//1421 276//1421 740//1421
f  740//1422 276//1422 741//1422
f  282//1423 283//1423 742//1423
f  742//1424 283//1424 743//1424
f  744//1425 745//1425 265//1425
f  289//1426 261//1426 746//1426
f  746//1427 261//1427 747//1427
f  289//1428 746//1428 288//1428
f  288//1429 746//1429 748//1429
f  288//1430 748//1430 287//1430
f  283//1431 284//1431 743//1431
f  743//1432 284//1432 285//1432
f  743//1433 285//1433 748//1433
f  748//1434 285//1434 286//1434
f  748//1435 286//1435 287//1435
f  749//1436 750//1436 751//1436
f  751//1437 750//1437 752//1437
f  751//1438 752//1438 1//1438
f  282//1439 742//1439 281//1439
f  281//1440 742//1440 753//1440
f  281//1441 753//1441 280//1441
f  265//1442 266//1442 744//1442
f  744//1443 266//1443 271//1443
f  744//1444 271//1444 740//1444
f  740//1445 271//1445 274//1445
f  740//1446 274//1446 275//1446
f  261//1447 262//1447 747//1447
f  747//1448 262//1448 263//1448
f  747//1449 263//1449 745//1449
f  745//1450 263//1450 264//1450
f  745//1451 264//1451 265//1451
f  1//1452 260//1452 751//1452
f  751//1453 260//1453 267//1453
f  751//1454 267//1454 754//1454
f  754//1455 267//1455 268//1455
f  754//1456 268//1456 755//1456
f  756//1457 757//1457 758//1457
f  758//1458 757//1458 759//1458
f  758//1459 759//1459 760//1459
f  760//1460 759//1460 761//1460
f  760//1461 761//1461 762//1461
f  762//1462 761//1462 763//1462
f  762//1463 763//1463 749//1463
f  749//1464 763//1464 764//1464
f  749//1465 764//1465 750//1465
f  268//1466 269//1466 755//1466
f  755//1467 269//1467 270//1467
f  755//1468 270//1468 753//1468
f  753//1469 270//1469 279//1469
f  753//1470 279//1470 280//1470
f  276//1466 277//1466 741//1466
f  741//1471 277//1471 278//1471
f  741//1472 278//1472 765//1472
f  765//1473 278//1473 273//1473
f  765//1474 273//1474 272//1474
f  272//1475 47//1475 766//1475
f  766//1476 767//1476 272//1476
f  272//1477 767//1477 768//1477
f  272//1478 768//1478 765//1478
f  766//1479 769//1479 767//1479
f  767//1480 769//1480 770//1480
f  767//1481 770//1481 771//1481
f  771//1482 770//1482 772//1482
f  771//1483 772//1483 773//1483
f  773//1484 772//1484 774//1484
f  773//1485 774//1485 775//1485
f  775//1486 774//1486 776//1486
f  775//1487 776//1487 756//1487
f  756//1488 776//1488 777//1488
f  756//1489 777//1489 757//1489
f  309//1490 2//1490 1//1490
f  1//1491 752//1491 309//1491
f  309//1492 752//1492 750//1492
f  309//1493 750//1493 310//1493
f  310//1494 750//1494 764//1494
f  310//1495 764//1495 316//1495
f  316//1496 764//1496 763//1496
f  316//1497 763//1497 317//1497
f  317//1498 763//1498 761//1498
f  317//1499 761//1499 318//1499
f  318//1500 761//1500 759//1500
f  318//1501 759//1501 326//1501
f  326//1502 759//1502 757//1502
f  326//1503 757//1503 327//1503
f  327//1504 757//1504 777//1504
f  327//1505 777//1505 328//1505
f  328//1506 777//1506 776//1506
f  328//1507 776//1507 297//1507
f  297//1508 776//1508 774//1508
f  297//1509 774//1509 325//1509
f  325//1510 774//1510 772//1510
f  325//1511 772//1511 313//1511
f  313//1512 772//1512 770//1512
f  313//1513 770//1513 314//1513
f  314//1514 770//1514 769//1514
f  314//1515 769//1515 315//1515
f  315//1516 769//1516 766//1516
f  315//1517 766//1517 307//1517
f  307//1518 766//1518 47//1518
f  307//1519 47//1519 48//1519
f  778//1520 740//1520 779//1520
f  779//1521 740//1521 741//1521
f  779//1522 741//1522 780//1522
f  780//1523 741//1523 765//1523
f  780//1524 765//1524 781//1524
f  781//1525 765//1525 768//1525
f  781//1526 768//1526 782//1526
f  782//1527 768//1527 767//1527
f  782//1528 767//1528 783//1528
f  783//1528 767//1528 771//1528
f  783//1529 771//1529 784//1529
f  784//1529 771//1529 773//1529
f  784//1530 773//1530 785//1530
f  785//1531 773//1531 775//1531
f  785//1532 775//1532 786//1532
f  786//1533 775//1533 756//1533
f  786//1534 756//1534 787//1534
f  787//1534 756//1534 758//1534
f  787//1535 758//1535 788//1535
f  788//1535 758//1535 760//1535
f  788//1536 760//1536 789//1536
f  789//1536 760//1536 762//1536
f  789//1537 762//1537 790//1537
f  790//1537 762//1537 749//1537
f  790//1538 749//1538 791//1538
f  791//1538 749//1538 751//1538
f  791//1539 751//1539 792//1539
f  792//1540 751//1540 754//1540
f  792//1541 754//1541 793//1541
f  793//1542 754//1542 755//1542
f  793//1543 755//1543 794//1543
f  794//1543 755//1543 753//1543
f  794//1544 753//1544 795//1544
f  795//1544 753//1544 742//1544
f  795//1545 742//1545 796//1545
f  796//1545 742//1545 743//1545
f  796//1546 743//1546 797//1546
f  797//1546 743//1546 748//1546
f  797//1547 748//1547 798//1547
f  798//1548 748//1548 746//1548
f  798//1549 746//1549 799//1549
f  799//1550 746//1550 747//1550
f  799//1551 747//1551 800//1551
f  800//1552 747//1552 745//1552
f  800//1553 745//1553 801//1553
f  801//1554 745//1554 744//1554
f  801//1555 744//1555 778//1555
f  778//1556 744//1556 740//1556
f  794//1557 795//1557 802//1557
f  802//1558 795//1558 796//1558
f  802//1559 796//1559 797//1559
f  791//1560 792//1560 802//1560
f  802//1561 792//1561 793//1561
f  802//1562 793//1562 794//1562
f  788//1563 789//1563 802//1563
f  802//1564 789//1564 790//1564
f  802//1565 790//1565 791//1565
f  785//1566 786//1566 802//1566
f  802//1567 786//1567 787//1567
f  802//1568 787//1568 788//1568
f  782//1569 783//1569 802//1569
f  802//1570 783//1570 784//1570
f  802//1571 784//1571 785//1571
f  779//1572 780//1572 802//1572
f  802//1573 780//1573 781//1573
f  802//1574 781//1574 782//1574
f  800//1575 801//1575 802//1575
f  802//1576 801//1576 778//1576
f  802//1577 778//1577 779//1577
f  797//1578 798//1578 802//1578
f  802//1579 798//1579 799//1579
f  802//1580 799//1580 800//1580
f  803//1581 804//1581 805//1581
f  803//1582 805//1582 806//1582
f  806//1583 805//1583 807//1583
f  806//1584 807//1584 5//1584
f  808//1585 809//1585 12//1585
f  810//1586 20//1586 811//1586
f  811//1587 20//1587 812//1587
f  12//1588 809//1588 813//1588
f  813//1589 809//1589 9//1589
f  813//1590 9//1590 814//1590
f  815//1591 816//1591 817//1591
f  817//1592 816//1592 818//1592
f  817//1593 818//1593 20//1593
f  20//1594 818//1594 819//1594
f  20//1595 819//1595 812//1595
f  820//1596 821//1596 12//1596
f  12//1597 821//1597 822//1597
f  12//1598 822//1598 808//1598
f  5//1599 807//1599 823//1599
f  823//1600 807//1600 824//1600
f  823//1601 824//1601 825//1601
f  825//1602 824//1602 826//1602
f  827//1603 828//1603 826//1603
f  826//1604 828//1604 32//1604
f  826//1605 32//1605 825//1605
f  829//1606 20//1606 830//1606
f  830//1607 20//1607 810//1607
f  830//1608 810//1608 831//1608
f  831//1609 810//1609 832//1609
f  831//1610 832//1610 15//1610
f  15//1611 832//1611 833//1611
f  15//1612 833//1612 827//1612
f  827//1613 833//1613 834//1613
f  827//1614 834//1614 828//1614
f  829//1615 835//1615 20//1615
f  20//1616 835//1616 836//1616
f  20//1617 836//1617 12//1617
f  12//1618 836//1618 837//1618
f  12//1619 837//1619 820//1619
f  838//1620 839//1620 840//1620
f  840//1620 839//1620 46//1620
f  824//1621 807//1621 841//1621
f  842//1622 826//1622 843//1622
f  843//1623 826//1623 824//1623
f  843//1624 824//1624 844//1624
f  844//1625 824//1625 841//1625
f  842//1626 845//1626 826//1626
f  826//1627 845//1627 846//1627
f  826//1628 846//1628 827//1628
f  827//1629 846//1629 847//1629
f  827//1630 847//1630 15//1630
f  848//1631 849//1631 850//1631
f  848//1632 850//1632 851//1632
f  852//1633 853//1633 850//1633
f  854//1634 855//1634 856//1634
f  856//1635 855//1635 857//1635
f  856//1636 857//1636 852//1636
f  853//1637 858//1637 850//1637
f  850//1638 858//1638 859//1638
f  850//1639 859//1639 851//1639
f  852//1640 850//1640 856//1640
f  856//1641 850//1641 860//1641
f  856//1642 860//1642 861//1642
f  861//1643 860//1643 862//1643
f  861//1644 862//1644 863//1644
f  862//1645 864//1645 863//1645
f  863//1646 864//1646 865//1646
f  863//1647 865//1647 866//1647
f  865//1648 867//1648 866//1648
f  866//1649 867//1649 868//1649
f  866//1650 868//1650 869//1650
f  868//1651 870//1651 869//1651
f  869//1652 870//1652 871//1652
f  869//1653 871//1653 872//1653
f  871//1654 873//1654 872//1654
f  872//1655 873//1655 874//1655
f  872//1656 874//1656 875//1656
f  874//1657 876//1657 875//1657
f  875//1658 876//1658 877//1658
f  875//1659 877//1659 878//1659
f  877//1660 879//1660 878//1660
f  878//1661 879//1661 880//1661
f  878//1662 880//1662 881//1662
f  880//1663 882//1663 881//1663
f  881//1664 882//1664 883//1664
f  881//1665 883//1665 884//1665
f  884//1666 883//1666 840//1666
f  884//1667 840//1667 46//1667
f  805//1668 804//1668 885//1668
f  838//1669 840//1669 886//1669
f  886//1670 840//1670 883//1670
f  841//1671 807//1671 805//1671
f  887//1672 888//1672 889//1672
f  889//1673 888//1673 890//1673
f  889//1466 890//1466 891//1466
f  891//1466 890//1466 892//1466
f  891//1674 892//1674 849//1674
f  876//1675 893//1675 877//1675
f  877//1676 893//1676 894//1676
f  877//1677 894//1677 879//1677
f  879//1678 894//1678 895//1678
f  879//1679 895//1679 880//1679
f  880//1466 895//1466 896//1466
f  880//1466 896//1466 882//1466
f  882//1680 896//1680 897//1680
f  882//1681 897//1681 883//1681
f  883//1682 897//1682 898//1682
f  883//1683 898//1683 886//1683
f  805//1684 885//1684 841//1684
f  841//1685 885//1685 899//1685
f  841//1686 899//1686 900//1686
f  900//1687 899//1687 901//1687
f  900//1688 901//1688 902//1688
f  902//1466 901//1466 903//1466
f  902//1689 903//1689 904//1689
f  904//1690 903//1690 905//1690
f  904//1466 905//1466 906//1466
f  906//1466 905//1466 907//1466
f  906//1691 907//1691 908//1691
f  908//1692 907//1692 909//1692
f  908//1693 909//1693 887//1693
f  887//1694 909//1694 910//1694
f  887//1695 910//1695 888//1695
f  892//1696 911//1696 849//1696
f  849//1697 911//1697 912//1697
f  849//1698 912//1698 850//1698
f  850//1699 912//1699 913//1699
f  850//1700 913//1700 860//1700
f  860//1701 913//1701 914//1701
f  860//1702 914//1702 862//1702
f  862//1703 914//1703 915//1703
f  862//1704 915//1704 864//1704
f  864//1705 915//1705 916//1705
f  864//1706 916//1706 865//1706
f  865//1707 916//1707 917//1707
f  865//1708 917//1708 867//1708
f  867//1709 917//1709 918//1709
f  867//1710 918//1710 868//1710
f  868//1711 918//1711 919//1711
f  868//1712 919//1712 870//1712
f  870//1713 919//1713 920//1713
f  870//1714 920//1714 871//1714
f  871//1715 920//1715 921//1715
f  871//1716 921//1716 873//1716
f  873//1717 921//1717 922//1717
f  873//1718 922//1718 874//1718
f  874//1466 922//1466 923//1466
f  874//1466 923//1466 876//1466
f  876//1719 923//1719 924//1719
f  876//1720 924//1720 893//1720
f  925//1721 803//1721 806//1721
f  926//456 927//456 928//456
f  928//456 927//456 929//456
f  928//456 929//456 930//456
f  930//456 929//456 931//456
f  930//456 931//456 932//456
f  932//456 931//456 933//456
f  932//456 933//456 934//456
f  934//456 933//456 935//456
f  934//456 935//456 936//456
f  936//456 935//456 937//456
f  937//456 935//456 938//456
f  937//456 938//456 939//456
f  939//1722 938//1722 940//1722
f  940//1723 938//1723 925//1723
f  940//1724 925//1724 941//1724
f  941//1725 925//1725 806//1725
f  941//1726 806//1726 5//1726
f  926//1727 854//1727 927//1727
f  927//1728 854//1728 856//1728
f  927//1729 856//1729 942//1729
f  942//1730 856//1730 861//1730
f  942//456 861//456 943//456
f  943//456 861//456 863//456
f  46//456 839//456 884//456
f  884//456 839//456 944//456
f  884//456 944//456 881//456
f  881//456 944//456 945//456
f  881//456 945//456 878//456
f  878//456 945//456 946//456
f  878//456 946//456 875//456
f  875//456 946//456 947//456
f  875//456 947//456 872//456
f  872//456 947//456 948//456
f  872//1731 948//1731 869//1731
f  869//1732 948//1732 949//1732
f  869//456 949//456 866//456
f  866//456 949//456 950//456
f  866//456 950//456 863//456
f  863//456 950//456 951//456
f  863//456 951//456 943//456
f  5//1733 952//1733 941//1733
f  941//1734 952//1734 953//1734
f  941//1735 953//1735 940//1735
f  32//1736 954//1736 825//1736
f  825//1737 954//1737 955//1737
f  825//1738 955//1738 823//1738
f  823//1739 955//1739 956//1739
f  823//1740 956//1740 5//1740
f  5//1741 956//1741 957//1741
f  5//1742 957//1742 952//1742
f  943//1743 951//1743 915//1743
f  915//1744 951//1744 916//1744
f  916//1745 951//1745 917//1745
f  917//1746 951//1746 950//1746
f  917//1747 950//1747 918//1747
f  918//1748 950//1748 919//1748
f  919//1749 950//1749 949//1749
f  919//1750 949//1750 920//1750
f  920//1751 949//1751 921//1751
f  921//1752 949//1752 948//1752
f  921//1753 948//1753 922//1753
f  922//1754 948//1754 923//1754
f  923//1755 948//1755 947//1755
f  923//1756 947//1756 924//1756
f  924//1757 947//1757 893//1757
f  893//1758 947//1758 946//1758
f  893//1759 946//1759 894//1759
f  894//1760 946//1760 895//1760
f  895//1761 946//1761 945//1761
f  895//1762 945//1762 896//1762
f  896//1763 945//1763 897//1763
f  897//1764 945//1764 944//1764
f  897//1765 944//1765 898//1765
f  898//1766 944//1766 886//1766
f  886//1767 944//1767 839//1767
f  886//1768 839//1768 838//1768
f  958//1769 959//1769 960//1769
f  961//1770 962//1770 963//1770
f  964//1771 965//1771 966//1771
f  967//1772 968//1772 958//1772
f  958//1773 968//1773 969//1773
f  958//1774 969//1774 970//1774
f  958//1775 960//1775 967//1775
f  967//1776 960//1776 971//1776
f  967//1777 971//1777 972//1777
f  972//1778 971//1778 973//1778
f  973//1779 971//1779 974//1779
f  973//1780 974//1780 975//1780
f  976//1781 977//1781 974//1781
f  974//1782 977//1782 978//1782
f  974//1783 978//1783 975//1783
f  974//1784 979//1784 976//1784
f  976//1785 979//1785 980//1785
f  976//1786 980//1786 981//1786
f  981//1787 980//1787 982//1787
f  981//1788 982//1788 983//1788
f  983//1789 982//1789 984//1789
f  983//1790 984//1790 985//1790
f  985//1791 984//1791 986//1791
f  985//1792 986//1792 987//1792
f  988//1793 989//1793 990//1793
f  991//1794 989//1794 992//1794
f  992//1795 989//1795 988//1795
f  992//1796 988//1796 993//1796
f  833//1797 991//1797 834//1797
f  834//1798 991//1798 992//1798
f  834//1799 992//1799 828//1799
f  828//1800 992//1800 993//1800
f  828//1801 993//1801 32//1801
f  987//1802 986//1802 990//1802
f  990//1803 986//1803 994//1803
f  990//1804 994//1804 988//1804
f  988//1805 994//1805 995//1805
f  988//1806 995//1806 993//1806
f  996//1807 997//1807 998//1807
f  998//1808 997//1808 999//1808
f  998//1809 999//1809 1000//1809
f  1000//1810 999//1810 1001//1810
f  1000//1811 1001//1811 1002//1811
f  1002//1812 1001//1812 1003//1812
f  1002//1813 1003//1813 1004//1813
f  1004//1814 1003//1814 1005//1814
f  1006//1815 1007//1815 996//1815
f  996//1816 1007//1816 1008//1816
f  996//1817 1008//1817 997//1817
f  1009//1818 1010//1818 1006//1818
f  1006//1819 1010//1819 1011//1819
f  1006//1820 1011//1820 1007//1820
f  1006//1821 1012//1821 1009//1821
f  1009//1822 1012//1822 963//1822
f  1009//1823 963//1823 966//1823
f  966//1824 963//1824 962//1824
f  966//1825 962//1825 964//1825
f  959//1826 961//1826 960//1826
f  960//1827 961//1827 963//1827
f  960//1828 963//1828 971//1828
f  971//1829 963//1829 1012//1829
f  971//1830 1012//1830 974//1830
f  974//1831 1012//1831 1006//1831
f  974//1832 1006//1832 979//1832
f  979//1833 1006//1833 996//1833
f  979//1834 996//1834 980//1834
f  980//1835 996//1835 998//1835
f  980//1836 998//1836 982//1836
f  982//1837 998//1837 1000//1837
f  982//1838 1000//1838 984//1838
f  984//1839 1000//1839 1002//1839
f  984//1840 1002//1840 986//1840
f  986//1841 1002//1841 1004//1841
f  986//1842 1004//1842 994//1842
f  994//1843 1004//1843 1005//1843
f  994//1844 1005//1844 995//1844
f  1013//1845 831//1845 15//1845
f  830//1846 1014//1846 1015//1846
f  1015//1847 1014//1847 1016//1847
f  1015//1848 1016//1848 1017//1848
f  1017//1849 1016//1849 1018//1849
f  1017//1850 1018//1850 1019//1850
f  1019//1851 1018//1851 1020//1851
f  1019//1852 1020//1852 1021//1852
f  1021//1853 1020//1853 1022//1853
f  1021//1854 1022//1854 1023//1854
f  1023//1855 1022//1855 1024//1855
f  1023//1856 1024//1856 1025//1856
f  1025//1857 1024//1857 1026//1857
f  1025//1858 1026//1858 1027//1858
f  1027//1859 1026//1859 1028//1859
f  1027//1860 1028//1860 1029//1860
f  1029//1861 1028//1861 1030//1861
f  1030//1862 1028//1862 1031//1862
f  1030//1863 1031//1863 1032//1863
f  1032//1864 1031//1864 1033//1864
f  1033//1865 1031//1865 1034//1865
f  1033//1866 1034//1866 1035//1866
f  1035//1867 1034//1867 1036//1867
f  1035//1868 1036//1868 1037//1868
f  958//1869 970//1869 1036//1869
f  1036//1870 970//1870 1038//1870
f  1036//1871 1038//1871 1037//1871
f  962//1872 961//1872 1036//1872
f  1036//1873 961//1873 959//1873
f  1036//1874 959//1874 958//1874
f  965//1875 964//1875 1039//1875
f  1039//1876 964//1876 1040//1876
f  1039//1877 1040//1877 1041//1877
f  1041//1878 1040//1878 1042//1878
f  1043//1879 1044//1879 1042//1879
f  1042//1880 1044//1880 1045//1880
f  1042//1881 1045//1881 1041//1881
f  1046//1882 1047//1882 1043//1882
f  1043//1883 1047//1883 1048//1883
f  1043//1884 1048//1884 1044//1884
f  1043//1885 1049//1885 1046//1885
f  1046//1886 1049//1886 1050//1886
f  1046//1887 1050//1887 1051//1887
f  1051//1888 1050//1888 1052//1888
f  1051//1889 1052//1889 1053//1889
f  1053//1890 1052//1890 1054//1890
f  1053//1891 1054//1891 1055//1891
f  1055//1892 1054//1892 1056//1892
f  1055//1893 1056//1893 1057//1893
f  1057//1894 1056//1894 1058//1894
f  1057//1895 1058//1895 1059//1895
f  15//1896 1060//1896 1013//1896
f  1013//1897 1060//1897 1059//1897
f  1013//1898 1059//1898 1061//1898
f  1061//1899 1059//1899 1058//1899
f  830//1900 831//1900 1014//1900
f  1014//1901 831//1901 1013//1901
f  1014//1902 1013//1902 1016//1902
f  1016//1903 1013//1903 1061//1903
f  1016//1904 1061//1904 1018//1904
f  1018//1905 1061//1905 1058//1905
f  1018//1906 1058//1906 1020//1906
f  1020//1907 1058//1907 1056//1907
f  1020//1908 1056//1908 1022//1908
f  1022//1909 1056//1909 1054//1909
f  1022//1910 1054//1910 1024//1910
f  1024//1911 1054//1911 1052//1911
f  1024//1912 1052//1912 1026//1912
f  1026//1913 1052//1913 1050//1913
f  1026//1914 1050//1914 1028//1914
f  1028//1915 1050//1915 1049//1915
f  1028//1916 1049//1916 1031//1916
f  1031//1917 1049//1917 1043//1917
f  1031//1918 1043//1918 1034//1918
f  1034//1919 1043//1919 1042//1919
f  1034//1920 1042//1920 1036//1920
f  1036//1921 1042//1921 1040//1921
f  1036//1922 1040//1922 962//1922
f  962//1923 1040//1923 964//1923
f  1062//1924 1063//1924 1064//1924
f  1064//1925 1063//1925 1065//1925
f  1064//1926 1065//1926 1066//1926
f  1066//1927 1065//1927 1067//1927
f  1062//1928 1068//1928 1063//1928
f  1063//1929 1068//1929 1069//1929
f  1063//1930 1069//1930 1070//1930
f  1067//1931 1065//1931 1071//1931
f  1071//1932 1065//1932 1072//1932
f  1071//1933 1072//1933 1073//1933
f  1073//1934 1072//1934 1074//1934
f  1074//1935 1072//1935 1075//1935
f  1074//1936 1075//1936 1076//1936
f  1069//1937 1077//1937 1070//1937
f  1070//1938 1077//1938 1078//1938
f  1070//1939 1078//1939 817//1939
f  817//1940 1078//1940 1079//1940
f  817//1941 1079//1941 815//1941
f  1076//1942 1075//1942 1080//1942
f  1080//1943 1075//1943 1081//1943
f  1080//1944 1081//1944 1082//1944
f  1083//1945 1084//1945 1085//1945
f  1085//1946 1084//1946 1086//1946
f  1087//1947 1088//1947 1089//1947
f  1089//1948 1088//1948 1086//1948
f  1089//1949 1086//1949 1090//1949
f  1090//1950 1086//1950 1084//1950
f  814//1951 1091//1951 813//1951
f  813//1952 1091//1952 1092//1952
f  1093//1953 1094//1953 1095//1953
f  1095//1954 1094//1954 1096//1954
f  1095//1955 1096//1955 1081//1955
f  1081//1956 1096//1956 1097//1956
f  1081//1957 1097//1957 1082//1957
f  1093//1958 1095//1958 1098//1958
f  1098//1959 1095//1959 1099//1959
f  1098//1960 1099//1960 1100//1960
f  1091//1961 1101//1961 1092//1961
f  1092//1962 1101//1962 1102//1962
f  1092//1963 1102//1963 1085//1963
f  1085//1964 1102//1964 1103//1964
f  1085//1965 1103//1965 1083//1965
f  1087//1966 1104//1966 1088//1966
f  1088//1967 1104//1967 1105//1967
f  1088//1968 1105//1968 1099//1968
f  1099//1969 1105//1969 1106//1969
f  1099//1970 1106//1970 1100//1970
f  1107//1971 1108//1971 1091//1971
f  1109//1972 1089//1972 1090//1972
f  1093//1973 1110//1973 1094//1973
f  1094//1974 1110//1974 1111//1974
f  1094//1975 1111//1975 1096//1975
f  1100//1976 1112//1976 1098//1976
f  1098//1977 1112//1977 1113//1977
f  1098//1978 1113//1978 1093//1978
f  1093//1979 1113//1979 1114//1979
f  1093//1980 1114//1980 1110//1980
f  1089//1981 1109//1981 1087//1981
f  1109//1982 1115//1982 1087//1982
f  1087//1983 1115//1983 1116//1983
f  1087//1984 1116//1984 1104//1984
f  1104//1985 1116//1985 1117//1985
f  1104//1986 1117//1986 1105//1986
f  1105//1987 1117//1987 1118//1987
f  1105//1988 1118//1988 1106//1988
f  1106//1989 1118//1989 1119//1989
f  1106//1990 1119//1990 1100//1990
f  1100//1991 1119//1991 1120//1991
f  1100//1992 1120//1992 1112//1992
f  1084//1993 1121//1993 1090//1993
f  1090//1994 1121//1994 1122//1994
f  1090//1995 1122//1995 1109//1995
f  1083//1996 1123//1996 1084//1996
f  1084//1997 1123//1997 1124//1997
f  1084//1998 1124//1998 1121//1998
f  1091//1999 1108//1999 1101//1999
f  1101//2000 1108//2000 1125//2000
f  1101//2001 1125//2001 1102//2001
f  1102//2002 1125//2002 1126//2002
f  1102//2003 1126//2003 1103//2003
f  1103//2004 1126//2004 1127//2004
f  1103//2005 1127//2005 1083//2005
f  1083//2006 1127//2006 1128//2006
f  1083//2007 1128//2007 1123//2007
f  814//2008 9//2008 1091//2008
f  1091//2009 9//2009 1129//2009
f  1091//2010 1129//2010 1107//2010
f  816//2011 815//2011 1130//2011
f  1130//2012 815//2012 1079//2012
f  1130//2013 1079//2013 1131//2013
f  1131//2014 1079//2014 1078//2014
f  1077//2015 1132//2015 1078//2015
f  1078//2016 1132//2016 1133//2016
f  1078//2017 1133//2017 1131//2017
f  1062//2018 1134//2018 1068//2018
f  1068//2019 1134//2019 1135//2019
f  1068//2020 1135//2020 1069//2020
f  1069//2021 1135//2021 1136//2021
f  1069//2022 1136//2022 1077//2022
f  1077//2023 1136//2023 1137//2023
f  1077//2024 1137//2024 1132//2024
f  1067//2025 1138//2025 1066//2025
f  1066//2026 1138//2026 1139//2026
f  1066//2027 1139//2027 1064//2027
f  1064//2028 1139//2028 1140//2028
f  1064//2029 1140//2029 1062//2029
f  1062//2030 1140//2030 1141//2030
f  1062//2031 1141//2031 1134//2031
f  1071//2032 1142//2032 1067//2032
f  1067//2033 1142//2033 1143//2033
f  1067//2034 1143//2034 1138//2034
f  1076//2035 1144//2035 1074//2035
f  1074//2036 1144//2036 1145//2036
f  1074//2037 1145//2037 1073//2037
f  1073//2038 1145//2038 1146//2038
f  1073//2039 1146//2039 1071//2039
f  1071//2040 1146//2040 1147//2040
f  1071//2041 1147//2041 1142//2041
f  1097//2042 1096//2042 1111//2042
f  1111//2043 1148//2043 1097//2043
f  1097//2044 1148//2044 1149//2044
f  1097//2045 1149//2045 1082//2045
f  1082//2046 1149//2046 1150//2046
f  1082//2047 1150//2047 1080//2047
f  1080//2048 1150//2048 1151//2048
f  1080//2049 1151//2049 1076//2049
f  1076//2050 1151//2050 1152//2050
f  1076//2051 1152//2051 1144//2051
f  1153//2052 1154//2052 1155//2052
f  1154//2053 1153//2053 1156//2053
f  1157//2054 1158//2054 1159//2054
f  1159//2055 1158//2055 1160//2055
f  1159//2056 1160//2056 1161//2056
f  1161//2057 1160//2057 1162//2057
f  1161//2058 1162//2058 1163//2058
f  1164//2059 1165//2059 1163//2059
f  1163//2060 1165//2060 1166//2060
f  1163//2061 1166//2061 1161//2061
f  1167//2062 1168//2062 1164//2062
f  1164//2063 1168//2063 1169//2063
f  1164//2064 1169//2064 1165//2064
f  1170//2065 1171//2065 1172//2065
f  1172//2066 1171//2066 1168//2066
f  1172//2067 1168//2067 1173//2067
f  1173//2068 1168//2068 1167//2068
f  1173//2069 1167//2069 1174//2069
f  1175//2070 1176//2070 1177//2070
f  1178//2071 1176//2071 1179//2071
f  1179//2072 1176//2072 1175//2072
f  1179//2073 1175//2073 1180//2073
f  1181//2074 1182//2074 1183//2074
f  1183//2075 1182//2075 1184//2075
f  1183//2076 1184//2076 1185//2076
f  1185//2077 1184//2077 1186//2077
f  1185//2078 1186//2078 1187//2078
f  1187//2079 1186//2079 1188//2079
f  1187//2080 1188//2080 1189//2080
f  1189//2081 1188//2081 1190//2081
f  1190//2082 1188//2082 1191//2082
f  1190//2083 1191//2083 1192//2083
f  1192//2084 1191//2084 1193//2084
f  1192//2085 1193//2085 1194//2085
f  1194//2086 1193//2086 1195//2086
f  1195//2087 1193//2087 1196//2087
f  1195//2088 1196//2088 1197//2088
f  1197//2089 1196//2089 1198//2089
f  1197//2090 1198//2090 1199//2090
f  1198//2091 1200//2091 1199//2091
f  1199//2092 1200//2092 1201//2092
f  1199//2093 1201//2093 1202//2093
f  1203//2094 1204//2094 1201//2094
f  1201//2095 1204//2095 1205//2095
f  1201//2096 1205//2096 1202//2096
f  820//2097 837//2097 1206//2097
f  1206//2098 837//2098 1204//2098
f  1206//2099 1204//2099 1207//2099
f  1207//2100 1204//2100 1203//2100
f  808//2101 822//2101 1208//2101
f  1208//2102 822//2102 1209//2102
f  1210//2103 1156//2103 1177//2103
f  1177//2104 1156//2104 1153//2104
f  1177//2105 1153//2105 1175//2105
f  1175//2106 1153//2106 1155//2106
f  1210//2107 1174//2107 1156//2107
f  1156//2108 1174//2108 1167//2108
f  1156//2109 1167//2109 1154//2109
f  1154//2110 1167//2110 1164//2110
f  1154//2111 1164//2111 1155//2111
f  1155//2112 1164//2112 1163//2112
f  1155//2113 1163//2113 1211//2113
f  1211//2114 1163//2114 1162//2114
f  1211//2115 1162//2115 1212//2115
f  1212//2116 1162//2116 1160//2116
f  1212//2117 1160//2117 1213//2117
f  1213//2118 1160//2118 1158//2118
f  1213//2119 1158//2119 1214//2119
f  1215//2120 1216//2120 1217//2120
f  1215//2121 1218//2121 1216//2121
f  1216//2122 1218//2122 1219//2122
f  1216//2123 1219//2123 1220//2123
f  1220//2124 1219//2124 1221//2124
f  1220//2125 1221//2125 1222//2125
f  1222//2126 1221//2126 1223//2126
f  1222//2127 1223//2127 1224//2127
f  1224//2128 1223//2128 1225//2128
f  1224//2129 1225//2129 1209//2129
f  1209//2130 1225//2130 1226//2130
f  1209//2131 1226//2131 1208//2131
f  1214//2132 1227//2132 1228//2132
f  1228//2133 1227//2133 1229//2133
f  1228//2134 1229//2134 1230//2134
f  1230//2135 1229//2135 1231//2135
f  1230//2136 1231//2136 1232//2136
f  1232//2137 1231//2137 1217//2137
f  1232//2138 1217//2138 1233//2138
f  1233//2139 1217//2139 1216//2139
f  1233//2140 1216//2140 1234//2140
f  1234//2141 1216//2141 1220//2141
f  1234//2142 1220//2142 1235//2142
f  1235//2143 1220//2143 1222//2143
f  1235//2144 1222//2144 1236//2144
f  1236//2145 1222//2145 1224//2145
f  1236//2146 1224//2146 1237//2146
f  1237//2147 1224//2147 1209//2147
f  1237//2148 1209//2148 821//2148
f  821//2149 1209//2149 822//2149
f  1214//2150 1158//2150 1227//2150
f  1227//2151 1158//2151 1157//2151
f  1227//2152 1157//2152 1229//2152
f  1229//2153 1157//2153 1238//2153
f  1229//2154 1238//2154 1231//2154
f  1231//2155 1238//2155 1239//2155
f  1231//2156 1239//2156 1217//2156
f  1217//2157 1239//2157 1240//2157
f  1217//2158 1240//2158 1215//2158
f  821//2159 820//2159 1237//2159
f  1237//2160 820//2160 1206//2160
f  1237//2161 1206//2161 1236//2161
f  1236//2162 1206//2162 1207//2162
f  1236//2163 1207//2163 1235//2163
f  1235//2164 1207//2164 1203//2164
f  1235//2165 1203//2165 1234//2165
f  1234//2166 1203//2166 1201//2166
f  1234//2167 1201//2167 1233//2167
f  1233//2168 1201//2168 1200//2168
f  1233//2169 1200//2169 1232//2169
f  1232//2170 1200//2170 1198//2170
f  1232//2171 1198//2171 1230//2171
f  1230//2172 1198//2172 1196//2172
f  1230//2173 1196//2173 1228//2173
f  1228//2174 1196//2174 1193//2174
f  1228//2175 1193//2175 1214//2175
f  1214//2176 1193//2176 1191//2176
f  1214//2177 1191//2177 1213//2177
f  1213//2178 1191//2178 1188//2178
f  1213//2179 1188//2179 1212//2179
f  1212//2180 1188//2180 1186//2180
f  1212//2181 1186//2181 1211//2181
f  1211//2182 1186//2182 1184//2182
f  1211//2183 1184//2183 1155//2183
f  1155//2184 1184//2184 1182//2184
f  1155//2185 1182//2185 1175//2185
f  1175//2186 1182//2186 1181//2186
f  1175//2187 1181//2187 1180//2187
f  1241//2188 810//2188 1242//2188
f  1242//2189 810//2189 811//2189
f  1242//2190 811//2190 1243//2190
f  1244//2191 1245//2191 1246//2191
f  1246//2192 1245//2192 1247//2192
f  1246//2193 1247//2193 1248//2193
f  1248//2194 1247//2194 1249//2194
f  1248//2195 1249//2195 1250//2195
f  1250//2196 1249//2196 1251//2196
f  1250//2197 1251//2197 1252//2197
f  1252//2198 1251//2198 1253//2198
f  1252//2199 1253//2199 1254//2199
f  1253//2200 1255//2200 1254//2200
f  1254//2201 1255//2201 1256//2201
f  1254//2202 1256//2202 1257//2202
f  1257//2203 1256//2203 1258//2203
f  1257//2204 1258//2204 1259//2204
f  1259//2205 1258//2205 1260//2205
f  1259//2206 1260//2206 1261//2206
f  1261//2207 1260//2207 1262//2207
f  1261//2208 1262//2208 1263//2208
f  1263//2209 1262//2209 1264//2209
f  1263//2210 1264//2210 1265//2210
f  1266//2211 1267//2211 1268//2211
f  1176//2212 1178//2212 1266//2212
f  1266//2213 1178//2213 1269//2213
f  1266//2214 1269//2214 1267//2214
f  1177//2215 1176//2215 1270//2215
f  1270//2216 1176//2216 1266//2216
f  1270//2217 1266//2217 1264//2217
f  1264//2218 1266//2218 1268//2218
f  1264//2219 1268//2219 1265//2219
f  1210//2220 1271//2220 1272//2220
f  1172//2221 1173//2221 1272//2221
f  1272//2222 1173//2222 1174//2222
f  1272//2223 1174//2223 1210//2223
f  1273//2224 1274//2224 1275//2224
f  1275//2225 1274//2225 1276//2225
f  1275//2226 1276//2226 1277//2226
f  1277//2227 1276//2227 1278//2227
f  1277//2228 1278//2228 1279//2228
f  1279//2229 1278//2229 1280//2229
f  1279//2230 1280//2230 1281//2230
f  1281//2231 1280//2231 1282//2231
f  1282//2232 1280//2232 1283//2232
f  1282//2233 1283//2233 1284//2233
f  1284//2234 1283//2234 1285//2234
f  1284//2235 1285//2235 1286//2235
f  1286//2236 1285//2236 1287//2236
f  1286//2237 1287//2237 1288//2237
f  1288//2238 1287//2238 1289//2238
f  1288//2239 1289//2239 1290//2239
f  1290//2240 1289//2240 1291//2240
f  1290//2241 1291//2241 1292//2241
f  1292//2242 1291//2242 1293//2242
f  1292//2243 1293//2243 1294//2243
f  1294//2244 1293//2244 1295//2244
f  1294//2245 1295//2245 1296//2245
f  1243//2246 1297//2246 1298//2246
f  1243//2247 811//2247 1297//2247
f  1297//2248 811//2248 812//2248
f  1297//2249 812//2249 819//2249
f  1241//2250 1242//2250 1299//2250
f  1299//2251 1242//2251 1243//2251
f  1299//2252 1243//2252 1300//2252
f  1300//2253 1243//2253 1298//2253
f  1300//2254 1298//2254 1296//2254
f  1210//2255 1177//2255 1271//2255
f  1271//2256 1177//2256 1270//2256
f  1271//2257 1270//2257 1301//2257
f  1301//2258 1270//2258 1264//2258
f  1301//2259 1264//2259 1302//2259
f  1302//2260 1264//2260 1262//2260
f  1302//2261 1262//2261 1303//2261
f  1303//2262 1262//2262 1260//2262
f  1303//2263 1260//2263 1304//2263
f  1304//2264 1260//2264 1258//2264
f  1304//2265 1258//2265 1305//2265
f  1305//2266 1258//2266 1256//2266
f  1305//2267 1256//2267 1306//2267
f  1306//2268 1256//2268 1255//2268
f  1306//2269 1255//2269 1307//2269
f  1307//2270 1255//2270 1253//2270
f  1307//2271 1253//2271 1308//2271
f  1308//2272 1253//2272 1251//2272
f  1308//2273 1251//2273 1309//2273
f  1309//2274 1251//2274 1249//2274
f  1309//2275 1249//2275 1310//2275
f  1310//2276 1249//2276 1247//2276
f  1310//2277 1247//2277 1311//2277
f  1311//2278 1247//2278 1245//2278
f  1170//2279 1172//2279 1273//2279
f  1273//2280 1172//2280 1272//2280
f  1273//2281 1272//2281 1274//2281
f  1274//2282 1272//2282 1271//2282
f  1274//2283 1271//2283 1276//2283
f  1276//2284 1271//2284 1301//2284
f  1276//2285 1301//2285 1278//2285
f  1278//2286 1301//2286 1302//2286
f  1278//2287 1302//2287 1280//2287
f  1280//2288 1302//2288 1303//2288
f  1280//2289 1303//2289 1283//2289
f  1283//2290 1303//2290 1304//2290
f  1283//2291 1304//2291 1285//2291
f  1285//2292 1304//2292 1305//2292
f  1285//2293 1305//2293 1287//2293
f  1287//2294 1305//2294 1306//2294
f  1287//2295 1306//2295 1289//2295
f  1289//2296 1306//2296 1307//2296
f  1289//2297 1307//2297 1291//2297
f  1291//2298 1307//2298 1308//2298
f  1291//2299 1308//2299 1293//2299
f  1293//2300 1308//2300 1309//2300
f  1293//2301 1309//2301 1295//2301
f  1295//2302 1309//2302 1310//2302
f  1295//2303 1310//2303 1296//2303
f  1296//2304 1310//2304 1311//2304
f  1296//2305 1311//2305 1300//2305
f  1300//2306 1311//2306 1245//2306
f  1300//2307 1245//2307 1299//2307
f  1299//2308 1245//2308 1244//2308
f  1299//2309 1244//2309 1241//2309
f  1267//2310 1269//2310 1312//2310
f  833//2311 832//2311 1313//2311
f  833//2312 1313//2312 991//2312
f  991//2313 1313//2313 1314//2313
f  991//2314 1314//2314 989//2314
f  1314//2315 1315//2315 989//2315
f  989//2316 1315//2316 1316//2316
f  989//2317 1316//2317 990//2317
f  1317//2318 981//2318 1318//2318
f  1318//2319 981//2319 983//2319
f  1318//2320 983//2320 1319//2320
f  1319//2321 983//2321 985//2321
f  1319//2322 985//2322 1320//2322
f  1320//2323 985//2323 987//2323
f  1320//2324 987//2324 1321//2324
f  975//2325 978//2325 1322//2325
f  1322//2326 978//2326 977//2326
f  1323//2327 967//2327 1324//2327
f  1324//2328 967//2328 972//2328
f  1324//2329 972//2329 1322//2329
f  1322//2330 972//2330 973//2330
f  1322//2331 973//2331 975//2331
f  969//2332 968//2332 1325//2332
f  969//2333 1325//2333 1312//2333
f  1312//2334 1325//2334 1268//2334
f  1312//2335 1268//2335 1267//2335
f  968//2336 967//2336 1325//2336
f  1325//2337 967//2337 1323//2337
f  1325//2338 1323//2338 1268//2338
f  1268//2339 1323//2339 1265//2339
f  1265//2340 1326//2340 1263//2340
f  1263//2341 1326//2341 1327//2341
f  1263//2342 1327//2342 1261//2342
f  1261//2343 1327//2343 1328//2343
f  1261//2344 1328//2344 1259//2344
f  1259//2345 1328//2345 1317//2345
f  1259//2346 1317//2346 1257//2346
f  1257//2347 1317//2347 1318//2347
f  1257//2348 1318//2348 1254//2348
f  1254//2349 1318//2349 1319//2349
f  1254//2350 1319//2350 1252//2350
f  1252//2351 1319//2351 1320//2351
f  1252//2352 1320//2352 1250//2352
f  1250//2353 1320//2353 1321//2353
f  1250//2354 1321//2354 1248//2354
f  987//2355 990//2355 1321//2355
f  1321//2356 990//2356 1316//2356
f  1321//2357 1316//2357 1248//2357
f  1248//2358 1316//2358 1315//2358
f  1248//2359 1315//2359 1246//2359
f  1246//2360 1315//2360 1314//2360
f  1246//2361 1314//2361 1244//2361
f  1244//2362 1314//2362 1313//2362
f  1244//2363 1313//2363 1241//2363
f  1241//2364 1313//2364 832//2364
f  1241//2365 832//2365 810//2365
f  1265//2366 1323//2366 1326//2366
f  1326//2367 1323//2367 1324//2367
f  1326//2368 1324//2368 1327//2368
f  1327//2369 1324//2369 1322//2369
f  1327//2370 1322//2370 1328//2370
f  1328//2371 1322//2371 977//2371
f  1328//2372 977//2372 1317//2372
f  1317//2373 977//2373 976//2373
f  1317//2374 976//2374 981//2374
f  1329//2375 1170//2375 1273//2375
f  816//2376 1130//2376 818//2376
f  818//2377 1130//2377 1297//2377
f  818//2378 1297//2378 819//2378
f  1130//2379 1131//2379 1297//2379
f  1297//2380 1131//2380 1133//2380
f  1297//2381 1133//2381 1298//2381
f  1133//2382 1132//2382 1298//2382
f  1298//2383 1132//2383 1137//2383
f  1298//2384 1137//2384 1296//2384
f  1137//2385 1136//2385 1296//2385
f  1296//2386 1136//2386 1135//2386
f  1296//2387 1135//2387 1294//2387
f  1294//2388 1135//2388 1134//2388
f  1134//2389 1141//2389 1294//2389
f  1294//2390 1141//2390 1140//2390
f  1294//2391 1140//2391 1292//2391
f  1292//2392 1140//2392 1139//2392
f  1292//2393 1139//2393 1290//2393
f  1290//2394 1139//2394 1138//2394
f  1290//2395 1138//2395 1288//2395
f  1138//2396 1143//2396 1288//2396
f  1288//2397 1143//2397 1142//2397
f  1288//2398 1142//2398 1286//2398
f  1286//2399 1142//2399 1147//2399
f  1286//2400 1147//2400 1284//2400
f  1284//2401 1147//2401 1146//2401
f  1284//2402 1146//2402 1282//2402
f  1282//2403 1146//2403 1145//2403
f  1282//2404 1145//2404 1281//2404
f  1281//2405 1145//2405 1279//2405
f  1279//2406 1145//2406 1144//2406
f  1279//2407 1144//2407 1277//2407
f  1150//2408 1275//2408 1151//2408
f  1151//2409 1275//2409 1277//2409
f  1151//2410 1277//2410 1152//2410
f  1152//2411 1277//2411 1144//2411
f  1150//2412 1149//2412 1275//2412
f  1275//2413 1149//2413 1148//2413
f  1275//2414 1148//2414 1273//2414
f  1273//2415 1148//2415 1111//2415
f  1273//2416 1111//2416 1329//2416
f  1329//2417 1111//2417 1110//2417
f  1170//2418 1329//2418 1171//2418
f  1171//2419 1329//2419 1110//2419
f  1171//2420 1110//2420 1168//2420
f  1168//2421 1110//2421 1114//2421
f  1168//2422 1114//2422 1169//2422
f  1114//2423 1113//2423 1169//2423
f  1169//2424 1113//2424 1112//2424
f  1169//2425 1112//2425 1165//2425
f  1112//2426 1120//2426 1165//2426
f  1165//2427 1120//2427 1119//2427
f  1165//2428 1119//2428 1166//2428
f  1166//2429 1119//2429 1118//2429
f  1166//2430 1118//2430 1161//2430
f  1161//2431 1118//2431 1117//2431
f  1161//2432 1117//2432 1159//2432
f  1159//2433 1117//2433 1157//2433
f  1157//2434 1117//2434 1116//2434
f  1157//2435 1116//2435 1115//2435
f  1115//2436 1109//2436 1157//2436
f  1157//2437 1109//2437 1122//2437
f  1157//2438 1122//2438 1238//2438
f  1238//2439 1122//2439 1121//2439
f  1238//2440 1121//2440 1239//2440
f  1239//2441 1121//2441 1124//2441
f  1239//2442 1124//2442 1240//2442
f  1240//2443 1124//2443 1215//2443
f  1215//2444 1124//2444 1123//2444
f  1215//2445 1123//2445 1218//2445
f  1218//2446 1123//2446 1128//2446
f  1218//2447 1128//2447 1219//2447
f  1219//2448 1128//2448 1127//2448
f  1219//2449 1127//2449 1221//2449
f  1127//2450 1126//2450 1221//2450
f  1221//2451 1126//2451 1125//2451
f  1221//2452 1125//2452 1223//2452
f  1223//2453 1125//2453 1225//2453
f  809//2454 808//2454 1208//2454
f  1125//2455 1108//2455 1225//2455
f  1225//2456 1108//2456 1107//2456
f  1225//2457 1107//2457 1226//2457
f  1226//2458 1107//2458 1129//2458
f  1226//2459 1129//2459 1208//2459
f  1208//2460 1129//2460 9//2460
f  1208//2461 9//2461 809//2461
f  1330//2462 1331//2462 1015//2462
f  829//2463 830//2463 1015//2463
f  1332//2464 1333//2464 1334//2464
f  1204//2465 1335//2465 1336//2465
f  1204//2466 1336//2466 1205//2466
f  1205//2467 1336//2467 1337//2467
f  1205//2468 1337//2468 1202//2468
f  1202//2469 1337//2469 1338//2469
f  1202//2470 1338//2470 1199//2470
f  1199//2471 1338//2471 1339//2471
f  1199//2472 1339//2472 1197//2472
f  1197//2473 1339//2473 1332//2473
f  1197//2474 1332//2474 1195//2474
f  1195//2475 1332//2475 1334//2475
f  1195//2476 1334//2476 1194//2476
f  1194//2477 1334//2477 1192//2477
f  1192//2478 1334//2478 1340//2478
f  1192//2479 1340//2479 1190//2479
f  1189//2480 1341//2480 1187//2480
f  1187//2481 1341//2481 1342//2481
f  1180//2482 1181//2482 1343//2482
f  1343//2483 1181//2483 1183//2483
f  1343//2484 1183//2484 1342//2484
f  1342//2485 1183//2485 1185//2485
f  1342//2486 1185//2486 1187//2486
f  1037//2487 1038//2487 1344//2487
f  1341//2488 1035//2488 1342//2488
f  1342//2489 1035//2489 1037//2489
f  1342//2490 1037//2490 1343//2490
f  1343//2491 1037//2491 1344//2491
f  1343//2492 1344//2492 1180//2492
f  1180//2493 1344//2493 1179//2493
f  1030//2494 1032//2494 1341//2494
f  1341//2495 1032//2495 1033//2495
f  1341//2496 1033//2496 1035//2496
f  837//2497 836//2497 1345//2497
f  1345//2498 836//2498 835//2498
f  835//2499 1346//2499 1345//2499
f  1345//2500 1346//2500 1335//2500
f  1345//2501 1335//2501 837//2501
f  837//2502 1335//2502 1204//2502
f  1333//2503 1332//2503 1347//2503
f  1347//2504 1332//2504 1339//2504
f  1347//2505 1339//2505 1348//2505
f  1348//2506 1339//2506 1338//2506
f  1348//2507 1338//2507 1349//2507
f  1349//2508 1338//2508 1337//2508
f  1349//2509 1337//2509 1350//2509
f  1350//2510 1337//2510 1336//2510
f  1350//2511 1336//2511 1330//2511
f  1330//2512 1336//2512 1335//2512
f  1330//2513 1335//2513 1331//2513
f  1331//2514 1335//2514 1346//2514
f  1331//2515 1346//2515 1015//2515
f  1015//2516 1346//2516 835//2516
f  1015//2517 835//2517 829//2517
f  1189//2518 1190//2518 1341//2518
f  1341//2519 1190//2519 1340//2519
f  1341//2520 1340//2520 1030//2520
f  1030//2521 1340//2521 1334//2521
f  1030//2522 1334//2522 1029//2522
f  1029//2523 1334//2523 1333//2523
f  1029//2524 1333//2524 1027//2524
f  1027//2525 1333//2525 1347//2525
f  1027//2526 1347//2526 1025//2526
f  1025//2527 1347//2527 1348//2527
f  1025//2528 1348//2528 1023//2528
f  1023//2529 1348//2529 1349//2529
f  1023//2530 1349//2530 1021//2530
f  1021//2531 1349//2531 1350//2531
f  1021//2532 1350//2532 1019//2532
f  1019//2533 1350//2533 1330//2533
f  1019//2534 1330//2534 1017//2534
f  1017//2535 1330//2535 1015//2535
f  970//2536 969//2536 1312//2536
f  1344//2537 1038//2537 970//2537
f  1312//2538 1269//2538 1178//2538
f  970//2539 1312//2539 1344//2539
f  1344//2540 1312//2540 1178//2540
f  1344//2541 1178//2541 1179//2541
f  1351//2542 1352//2542 1353//2542
f  1354//2543 1355//2543 1356//2543
f  1357//2544 1358//2544 1359//2544
f  1359//2545 1358//2545 1360//2545
f  1355//2546 1354//2546 1047//2546
f  1361//2547 1362//2547 1363//2547
f  1363//2548 1362//2548 1364//2548
f  1365//2549 1366//2549 1362//2549
f  1362//2550 1366//2550 1367//2550
f  1362//2551 1367//2551 1364//2551
f  858//2552 853//2552 1368//2552
f  1368//2553 853//2553 1369//2553
f  1369//2554 1370//2554 1368//2554
f  1368//2555 1370//2555 1371//2555
f  1368//2556 1371//2556 1372//2556
f  1372//2557 1371//2557 1373//2557
f  1372//2558 1373//2558 1374//2558
f  1375//2559 1376//2559 848//2559
f  1377//2560 889//2560 1378//2560
f  1378//2561 889//2561 891//2561
f  844//2562 841//2562 900//2562
f  843//2563 844//2563 1379//2563
f  1379//2564 844//2564 900//2564
f  1379//2565 900//2565 1380//2565
f  1380//2566 900//2566 902//2566
f  1380//2567 902//2567 1381//2567
f  1381//2568 902//2568 904//2568
f  1382//2569 1060//2569 15//2569
f  15//2570 847//2570 1382//2570
f  1382//2571 847//2571 846//2571
f  1382//2572 846//2572 845//2572
f  1059//2573 1383//2573 1057//2573
f  1057//2574 1383//2574 1384//2574
f  1057//2575 1384//2575 1055//2575
f  1364//2576 965//2576 1363//2576
f  1363//2577 965//2577 1039//2577
f  1363//2578 1039//2578 1361//2578
f  1361//2579 1039//2579 1041//2579
f  1361//2580 1041//2580 1045//2580
f  1374//2581 1385//2581 1372//2581
f  1372//2582 1385//2582 1360//2582
f  1372//2583 1360//2583 1386//2583
f  1386//2584 1360//2584 1358//2584
f  1386//2585 1358//2585 1387//2585
f  1388//2586 1389//2586 1354//2586
f  1354//2587 1389//2587 1048//2587
f  1354//2588 1048//2588 1047//2588
f  1387//2589 1358//2589 1390//2589
f  1390//2590 1358//2590 1357//2590
f  1390//2591 1357//2591 1391//2591
f  1392//2592 1365//2592 1393//2592
f  1393//2593 1365//2593 1362//2593
f  1393//2594 1362//2594 1394//2594
f  1394//2595 1362//2595 1361//2595
f  1394//2596 1361//2596 1388//2596
f  1388//2597 1361//2597 1045//2597
f  1388//2598 1045//2598 1389//2598
f  1389//2599 1045//2599 1044//2599
f  1389//2600 1044//2600 1048//2600
f  1395//2601 1396//2601 1397//2601
f  1397//2602 1396//2602 1398//2602
f  1397//2603 1398//2603 1399//2603
f  1399//2604 1398//2604 1400//2604
f  1399//2605 1400//2605 1401//2605
f  1401//2606 1400//2606 1402//2606
f  1403//2607 1402//2607 1404//2607
f  1404//2608 1402//2608 1400//2608
f  1404//2609 1400//2609 1405//2609
f  1405//2610 1400//2610 1398//2610
f  1405//2611 1398//2611 1406//2611
f  1406//2612 1398//2612 1396//2612
f  1406//2613 1396//2613 1407//2613
f  1407//2614 1396//2614 1395//2614
f  1407//2615 1395//2615 1408//2615
f  1409//2616 1403//2616 1410//2616
f  1410//2617 1403//2617 1404//2617
f  1410//2618 1404//2618 1411//2618
f  1411//2619 1404//2619 1405//2619
f  1411//2620 1405//2620 1412//2620
f  1412//2621 1405//2621 1406//2621
f  1412//2622 1406//2622 1391//2622
f  1391//2623 1406//2623 1407//2623
f  1391//2624 1407//2624 1390//2624
f  1390//2625 1407//2625 1408//2625
f  1390//2626 1408//2626 1387//2626
f  1387//2627 1408//2627 1413//2627
f  1387//2628 1413//2628 1386//2628
f  1386//2629 1413//2629 1414//2629
f  1386//2630 1414//2630 1372//2630
f  1372//2631 1414//2631 1415//2631
f  1372//2632 1415//2632 1368//2632
f  1368//2633 1415//2633 859//2633
f  1368//2634 859//2634 858//2634
f  845//2635 842//2635 1382//2635
f  1382//2636 842//2636 1416//2636
f  1382//2637 1416//2637 1417//2637
f  1383//2638 1418//2638 1384//2638
f  1384//2639 1418//2639 1419//2639
f  1384//2640 1419//2640 1055//2640
f  1055//2641 1419//2641 1420//2641
f  1055//2642 1420//2642 1053//2642
f  1053//2643 1420//2643 1421//2643
f  1053//2644 1421//2644 1051//2644
f  1051//2645 1421//2645 1046//2645
f  1047//2646 1046//2646 1355//2646
f  1355//2647 1046//2647 1421//2647
f  1355//2648 1421//2648 1356//2648
f  1356//2649 1421//2649 1420//2649
f  1356//2650 1420//2650 1422//2650
f  1422//2651 1420//2651 1419//2651
f  1422//2652 1419//2652 1417//2652
f  1417//2653 1419//2653 1418//2653
f  1417//2654 1418//2654 1382//2654
f  1382//2655 1418//2655 1383//2655
f  1382//2656 1383//2656 1060//2656
f  1060//2657 1383//2657 1059//2657
f  1385//2658 1392//2658 1360//2658
f  1360//2659 1392//2659 1393//2659
f  1360//2660 1393//2660 1359//2660
f  1359//2661 1393//2661 1394//2661
f  1359//2662 1394//2662 1357//2662
f  1357//2663 1394//2663 1388//2663
f  1357//2664 1388//2664 1391//2664
f  1391//2665 1388//2665 1354//2665
f  1391//2666 1354//2666 1412//2666
f  1412//2667 1354//2667 1356//2667
f  1412//2668 1356//2668 1411//2668
f  1411//2669 1356//2669 1422//2669
f  1411//2670 1422//2670 1410//2670
f  1410//2671 1422//2671 1417//2671
f  1410//2672 1417//2672 1409//2672
f  1409//2673 1417//2673 1416//2673
f  887//2674 889//2674 1423//2674
f  1423//2675 889//2675 1377//2675
f  1423//2676 1377//2676 1376//2676
f  1376//2677 1377//2677 1378//2677
f  1376//2678 1378//2678 848//2678
f  848//2679 1378//2679 891//2679
f  848//2680 891//2680 849//2680
f  906//2681 908//2681 1353//2681
f  1353//2682 908//2682 1424//2682
f  1353//2683 1424//2683 1351//2683
f  1351//2684 1424//2684 1425//2684
f  1351//2685 1425//2685 1426//2685
f  1352//2686 1351//2686 1427//2686
f  1427//2687 1351//2687 1426//2687
f  1427//2688 1426//2688 1428//2688
f  1428//2689 1426//2689 1429//2689
f  1428//2690 1429//2690 1430//2690
f  1375//2691 1431//2691 1432//2691
f  908//2692 887//2692 1424//2692
f  1424//2693 887//2693 1423//2693
f  1424//2694 1423//2694 1425//2694
f  1425//2695 1423//2695 1376//2695
f  1425//2696 1376//2696 1426//2696
f  1426//2697 1376//2697 1375//2697
f  1426//2698 1375//2698 1429//2698
f  1429//2699 1375//2699 1432//2699
f  1429//2700 1432//2700 1430//2700
f  848//2701 851//2701 1375//2701
f  1375//2702 851//2702 859//2702
f  1375//2703 859//2703 1431//2703
f  1431//2704 859//2704 1415//2704
f  1431//2705 1415//2705 1432//2705
f  1432//2706 1415//2706 1414//2706
f  1432//2707 1414//2707 1430//2707
f  1430//2708 1414//2708 1413//2708
f  1430//2709 1413//2709 1428//2709
f  1428//2710 1413//2710 1408//2710
f  1428//2711 1408//2711 1427//2711
f  1427//2712 1408//2712 1395//2712
f  1427//2713 1395//2713 1352//2713
f  1352//2714 1395//2714 1397//2714
f  1352//2715 1397//2715 1353//2715
f  1353//2716 1397//2716 1399//2716
f  1353//2717 1399//2717 906//2717
f  906//2718 1399//2718 1401//2718
f  906//2719 1401//2719 904//2719
f  904//2720 1401//2720 1402//2720
f  904//2721 1402//2721 1381//2721
f  1381//2722 1402//2722 1403//2722
f  1381//2723 1403//2723 1380//2723
f  1380//2724 1403//2724 1409//2724
f  1380//2725 1409//2725 1379//2725
f  1379//2726 1409//2726 1416//2726
f  1379//2727 1416//2727 843//2727
f  843//2728 1416//2728 842//2728
f  1433//2729 1434//2729 1435//2729
f  1436//2730 1437//2730 1438//2730
f  937//2731 1439//2731 936//2731
f  1438//2732 1437//2732 939//2732
f  939//2733 1437//2733 1440//2733
f  939//2734 1440//2734 937//2734
f  1441//2735 928//2735 930//2735
f  855//2736 854//2736 926//2736
f  1442//2737 852//2737 857//2737
f  853//2738 852//2738 1369//2738
f  1369//2739 852//2739 1442//2739
f  1369//2740 1442//2740 1370//2740
f  1443//2741 1373//2741 1442//2741
f  1442//2742 1373//2742 1371//2742
f  1442//2743 1371//2743 1370//2743
f  1435//2744 1434//2744 1444//2744
f  1433//2745 1365//2745 1434//2745
f  1434//2746 1365//2746 1392//2746
f  1434//2747 1392//2747 1444//2747
f  1444//2748 1392//2748 1385//2748
f  1444//2749 1385//2749 1443//2749
f  1443//2750 1385//2750 1374//2750
f  1443//2751 1374//2751 1373//2751
f  1364//2752 1367//2752 1433//2752
f  1433//2753 1367//2753 1366//2753
f  1433//2754 1366//2754 1365//2754
f  1009//2755 1445//2755 1010//2755
f  1010//2756 1445//2756 1011//2756
f  1446//2757 1447//2757 1448//2757
f  1448//2758 1447//2758 1449//2758
f  1011//2759 1445//2759 1007//2759
f  1007//2760 1445//2760 1448//2760
f  1007//2761 1448//2761 1008//2761
f  1008//2762 1448//2762 1449//2762
f  1008//2763 1449//2763 997//2763
f  997//2764 1449//2764 1447//2764
f  997//2765 1447//2765 999//2765
f  995//2766 1450//2766 993//2766
f  993//2767 1450//2767 954//2767
f  993//2768 954//2768 32//2768
f  940//2769 953//2769 1451//2769
f  1451//2770 953//2770 1452//2770
f  1451//2771 1452//2771 1453//2771
f  953//2772 952//2772 1452//2772
f  1452//2773 952//2773 957//2773
f  1452//2774 957//2774 1453//2774
f  1453//2775 957//2775 956//2775
f  1453//2776 956//2776 1450//2776
f  1450//2777 956//2777 955//2777
f  1450//2778 955//2778 954//2778
f  1454//2779 1441//2779 1455//2779
f  1455//2780 1441//2780 930//2780
f  1455//2781 930//2781 932//2781
f  926//2782 928//2782 1456//2782
f  1456//2783 928//2783 1441//2783
f  1456//2784 1441//2784 1457//2784
f  1457//2785 1441//2785 1454//2785
f  1457//2786 1454//2786 1458//2786
f  1458//2787 1454//2787 1459//2787
f  1458//2788 1459//2788 1460//2788
f  1461//2789 1462//2789 1463//2789
f  1463//2790 1462//2790 1464//2790
f  1465//2791 1466//2791 1467//2791
f  1467//2792 1466//2792 1461//2792
f  1464//2793 1468//2793 1463//2793
f  1463//2794 1468//2794 1469//2794
f  1463//2795 1469//2795 1470//2795
f  1470//2796 1471//2796 1463//2796
f  1463//2797 1471//2797 1472//2797
f  1463//2798 1472//2798 1461//2798
f  1461//2799 1472//2799 1473//2799
f  1461//2800 1473//2800 1467//2800
f  1003//2801 1001//2801 1474//2801
f  1474//2802 1001//2802 999//2802
f  1474//2803 999//2803 1475//2803
f  1475//2804 999//2804 1447//2804
f  1475//2805 1447//2805 1476//2805
f  1476//2806 1447//2806 1446//2806
f  1477//2807 1003//2807 1478//2807
f  1478//2808 1003//2808 1474//2808
f  1478//2809 1474//2809 1479//2809
f  1479//2810 1474//2810 1475//2810
f  1479//2811 1475//2811 1480//2811
f  1480//2812 1475//2812 1476//2812
f  1439//2813 937//2813 1481//2813
f  1481//2814 937//2814 1440//2814
f  1481//2815 1440//2815 1482//2815
f  1482//2816 1440//2816 1437//2816
f  1482//2817 1437//2817 1483//2817
f  1483//2818 1437//2818 1436//2818
f  1483//2819 1436//2819 1484//2819
f  939//2820 940//2820 1438//2820
f  1438//2821 940//2821 1451//2821
f  1438//2822 1451//2822 1436//2822
f  1436//2823 1451//2823 1453//2823
f  1436//2824 1453//2824 1484//2824
f  1484//2825 1453//2825 1450//2825
f  1484//2826 1450//2826 1485//2826
f  1485//2827 1450//2827 995//2827
f  1485//2828 995//2828 1005//2828
f  1486//2829 1465//2829 1487//2829
f  1487//2830 1465//2830 1467//2830
f  1487//2831 1467//2831 1488//2831
f  1488//2832 1467//2832 1473//2832
f  1488//2833 1473//2833 1489//2833
f  1489//2834 1473//2834 1472//2834
f  1489//2835 1472//2835 1490//2835
f  1490//2836 1472//2836 1471//2836
f  1490//2837 1471//2837 1491//2837
f  965//2838 1492//2838 966//2838
f  966//2839 1492//2839 1493//2839
f  966//2840 1493//2840 1009//2840
f  1009//2841 1493//2841 1494//2841
f  1009//2842 1494//2842 1445//2842
f  1445//2843 1494//2843 1495//2843
f  1445//2844 1495//2844 1448//2844
f  1448//2845 1495//2845 1496//2845
f  1448//2846 1496//2846 1446//2846
f  1446//2847 1496//2847 1497//2847
f  1446//2848 1497//2848 1476//2848
f  1476//2849 1497//2849 1498//2849
f  1476//2850 1498//2850 1480//2850
f  1492//2851 1486//2851 1493//2851
f  1493//2852 1486//2852 1487//2852
f  1493//2853 1487//2853 1494//2853
f  1494//2854 1487//2854 1488//2854
f  1494//2855 1488//2855 1495//2855
f  1495//2856 1488//2856 1489//2856
f  1495//2857 1489//2857 1496//2857
f  1496//2858 1489//2858 1490//2858
f  1496//2859 1490//2859 1497//2859
f  1497//2860 1490//2860 1491//2860
f  1497//2861 1491//2861 1498//2861
f  1460//2862 1459//2862 1499//2862
f  1499//2863 1459//2863 1500//2863
f  1499//2864 1500//2864 1501//2864
f  926//2865 1456//2865 855//2865
f  855//2866 1456//2866 1457//2866
f  855//2867 1457//2867 857//2867
f  857//2868 1457//2868 1458//2868
f  857//2869 1458//2869 1442//2869
f  1442//2870 1458//2870 1460//2870
f  1442//2871 1460//2871 1443//2871
f  1443//2872 1460//2872 1499//2872
f  1443//2873 1499//2873 1444//2873
f  1444//2874 1499//2874 1501//2874
f  1444//2875 1501//2875 1435//2875
f  965//2876 1364//2876 1492//2876
f  1492//2877 1364//2877 1433//2877
f  1492//2878 1433//2878 1486//2878
f  1486//2879 1433//2879 1435//2879
f  1486//2880 1435//2880 1465//2880
f  1465//2881 1435//2881 1501//2881
f  1465//2882 1501//2882 1466//2882
f  1466//2883 1501//2883 1500//2883
f  1466//2884 1500//2884 1461//2884
f  1461//2885 1500//2885 1459//2885
f  1461//2886 1459//2886 1462//2886
f  1462//2887 1459//2887 1454//2887
f  1462//2888 1454//2888 1464//2888
f  1464//2889 1454//2889 1455//2889
f  1464//2890 1455//2890 1468//2890
f  1468//2891 1455//2891 932//2891
f  1468//2892 932//2892 1469//2892
f  1469//2893 932//2893 934//2893
f  1469//2894 934//2894 1470//2894
f  1470//2895 934//2895 936//2895
f  1470//2896 936//2896 1471//2896
f  1471//2897 936//2897 1439//2897
f  1471//2898 1439//2898 1491//2898
f  1491//2899 1439//2899 1481//2899
f  1491//2900 1481//2900 1498//2900
f  1498//2901 1481//2901 1482//2901
f  1498//2902 1482//2902 1480//2902
f  1480//2903 1482//2903 1483//2903
f  1480//2904 1483//2904 1479//2904
f  1479//2905 1483//2905 1484//2905
f  1479//2906 1484//2906 1478//2906
f  1478//2907 1484//2907 1485//2907
f  1478//2908 1485//2908 1477//2908
f  1477//2909 1485//2909 1005//2909
f  1477//2910 1005//2910 1003//2910
f  803//2911 925//2911 804//2911
f  804//2912 925//2912 885//2912
f  903//2913 901//2913 925//2913
f  925//2914 901//2914 899//2914
f  925//2915 899//2915 885//2915
f  925//2916 938//2916 903//2916
f  903//2917 938//2917 935//2917
f  903//2918 935//2918 905//2918
f  905//2919 935//2919 907//2919
f  907//2920 935//2920 933//2920
f  907//2921 933//2921 909//2921
f  909//2922 933//2922 910//2922
f  910//2923 933//2923 931//2923
f  910//2924 931//2924 888//2924
f  888//2925 931//2925 929//2925
f  888//2926 929//2926 890//2926
f  890//2927 929//2927 892//2927
f  892//2928 929//2928 927//2928
f  892//2929 927//2929 911//2929
f  911//2930 927//2930 912//2930
f  912//2931 927//2931 942//2931
f  912//2932 942//2932 913//2932
f  913//2933 942//2933 914//2933
f  914//2934 942//2934 943//2934
f  914//2935 943//2935 915//2935
f  817//2936 20//2936 1070//2936
f  1070//2937 20//2937 1502//2937
f  1070//2938 1502//2938 1063//2938
f  1063//2939 1502//2939 1503//2939
f  1063//2940 1503//2940 1065//2940
f  1065//2941 1503//2941 1504//2941
f  1065//2942 1504//2942 1072//2942
f  1072//2942 1504//2942 1505//2942
f  1072//2943 1505//2943 1075//2943
f  1075//2944 1505//2944 1506//2944
f  1075//2945 1506//2945 1081//2945
f  1081//2946 1506//2946 1507//2946
f  1081//2947 1507//2947 1095//2947
f  1095//2948 1507//2948 1508//2948
f  1095//2949 1508//2949 1099//2949
f  1099//2950 1508//2950 1509//2950
f  1099//2951 1509//2951 1088//2951
f  1088//2951 1509//2951 1510//2951
f  1088//2952 1510//2952 1086//2952
f  1086//2953 1510//2953 1511//2953
f  1086//2954 1511//2954 1085//2954
f  1085//2955 1511//2955 1512//2955
f  1085//2956 1512//2956 1092//2956
f  1092//2957 1512//2957 1513//2957
f  1092//2958 1513//2958 813//2958
f  813//2959 1513//2959 12//2959
f  20//2960 12//2960 1513//2960
f  1504//2961 1503//2961 1513//2961
f  1513//2962 1503//2962 1502//2962
f  1513//2963 1502//2963 20//2963
f  1511//2964 1507//2964 1506//2964
f  1511//2965 1510//2965 1507//2965
f  1507//2966 1510//2966 1509//2966
f  1507//2967 1509//2967 1508//2967
f  1513//2968 1512//2968 1504//2968
f  1504//2969 1512//2969 1511//2969
f  1504//2970 1511//2970 1505//2970
f  1505//2971 1511//2971 1506//2971
f  1514//2972 1515//2972 1516//2972
f  1516//2973 1515//2973 1517//2973
f  1518//2974 1519//2974 1520//2974
f  1521//1466 1522//1466 1523//1466
f  1524//2975 1520//2975 1525//2975
f  1525//2976 1520//2976 1516//2976
f  1524//2977 1526//2977 1520//2977
f  1520//2978 1526//2978 1527//2978
f  1520//2979 1527//2979 1518//2979
f  1516//2980 1520//2980 1514//2980
f  1514//2981 1520//2981 1528//2981
f  1514//2982 1528//2982 1529//2982
f  1529//2983 1528//2983 1530//2983
f  1529//2984 1530//2984 1523//2984
f  1523//1466 1530//1466 1531//1466
f  1523//1466 1531//1466 1521//1466
f  1522//2985 1532//2985 1523//2985
f  1523//2986 1532//2986 1533//2986
f  1523//2987 1533//2987 1534//2987
f  1519//2988 1535//2988 1520//2988
f  1520//2989 1535//2989 1536//2989
f  1520//2990 1536//2990 1537//2990
f  1537//2991 1536//2991 1538//2991
f  1539//2992 1534//2992 1540//2992
f  1539//2993 1541//2993 1534//2993
f  1534//2994 1541//2994 1542//2994
f  1534//2995 1542//2995 1523//2995
f  1538//2996 1536//2996 1543//2996
f  1543//2997 1536//2997 1544//2997
f  1543//2998 1544//2998 1545//2998
f  1545//2999 1546//2999 1543//2999
f  1543//3000 1546//3000 1547//3000
f  1543//3001 1547//3001 1548//3001
f  1540//3002 1549//3002 1539//3002
f  1539//3003 1549//3003 1550//3003
f  1539//3004 1550//3004 1551//3004
f  1551//3005 1552//3005 1539//3005
f  1539//3006 1552//3006 1553//3006
f  1539//3007 1553//3007 1554//3007
f  1548//3008 1555//3008 1543//3008
f  1543//3009 1555//3009 1556//3009
f  1543//3010 1556//3010 1557//3010
f  1557//1466 1556//1466 1558//1466
f  1554//3011 1559//3011 1539//3011
f  1539//3012 1559//3012 1560//3012
f  1539//3013 1560//3013 1561//3013
f  1562//456 1563//456 1564//456
f  1565//3014 1566//3014 1567//3014
f  1568//456 1569//456 1570//456
f  1570//456 1569//456 1571//456
f  1563//456 1572//456 1573//456
f  1574//456 1575//456 1563//456
f  1563//456 1575//456 1576//456
f  1563//456 1576//456 1564//456
f  1577//456 1578//456 1579//456
f  1579//456 1578//456 1580//456
f  1579//456 1580//456 1581//456
f  1582//456 1583//456 1584//456
f  1585//456 1586//456 1587//456
f  1587//456 1586//456 1588//456
f  1587//456 1588//456 1571//456
f  1571//456 1588//456 1589//456
f  1571//456 1589//456 1570//456
f  1573//456 1590//456 1563//456
f  1563//456 1590//456 1591//456
f  1563//456 1591//456 1574//456
f  1584//456 1592//456 1582//456
f  1582//456 1592//456 1593//456
f  1582//456 1593//456 1594//456
f  1594//3015 1593//3015 1567//3015
f  1594//3016 1567//3016 1595//3016
f  1595//3017 1567//3017 1566//3017
f  1595//456 1566//456 1596//456
f  1597//456 1598//456 1599//456
f  1599//456 1598//456 1600//456
f  1599//456 1600//456 1601//456
f  1601//456 1600//456 1602//456
f  1601//456 1602//456 1603//456
f  1603//456 1602//456 1604//456
f  1603//456 1604//456 1605//456
f  1605//456 1604//456 1606//456
f  1605//456 1606//456 1607//456
f  1607//456 1606//456 1565//456
f  1607//456 1565//456 1608//456
f  1608//456 1565//456 1567//456
f  1564//456 1609//456 1562//456
f  1562//456 1609//456 1610//456
f  1562//3018 1610//3018 1611//3018
f  1611//3019 1610//3019 1612//3019
f  1611//456 1612//456 1515//456
f  1515//456 1612//456 1613//456
f  1515//456 1613//456 1517//456
f  1517//456 1613//456 1614//456
f  1517//456 1614//456 1615//456
f  1615//456 1614//456 1616//456
f  1615//456 1616//456 1617//456
f  1617//456 1616//456 1577//456
f  1617//456 1577//456 1618//456
f  1597//456 1568//456 1598//456
f  1598//456 1568//456 1570//456
f  1598//456 1570//456 1619//456
f  1619//456 1570//456 1620//456
f  1619//456 1620//456 1621//456
f  1621//456 1620//456 1622//456
f  1621//456 1622//456 1623//456
f  1623//456 1622//456 1624//456
f  1623//456 1624//456 1625//456
f  1625//456 1624//456 1626//456
f  1625//456 1626//456 1627//456
f  1627//456 1626//456 1628//456
f  1627//456 1628//456 1629//456
f  1629//456 1628//456 1630//456
f  1629//3020 1630//3020 1631//3020
f  1631//3021 1630//3021 1632//3021
f  1631//456 1632//456 1633//456
f  1633//456 1632//456 1634//456
f  1633//456 1634//456 1635//456
f  1635//456 1634//456 1636//456
f  1635//456 1636//456 1563//456
f  1563//456 1636//456 1637//456
f  1563//456 1637//456 1572//456
f  1638//456 1639//456 1640//456
f  1640//456 1639//456 1641//456
f  1640//456 1641//456 1642//456
f  1642//456 1641//456 1643//456
f  1642//456 1643//456 1644//456
f  1644//456 1643//456 1645//456
f  1644//456 1645//456 1646//456
f  1646//456 1645//456 1647//456
f  1646//456 1647//456 1648//456
f  1648//456 1647//456 1618//456
f  1648//456 1618//456 1649//456
f  1649//456 1618//456 1577//456
f  1649//456 1577//456 1650//456
f  1650//456 1577//456 1579//456
f  1596//456 1566//456 1651//456
f  1651//456 1566//456 1652//456
f  1651//456 1652//456 1653//456
f  1653//456 1652//456 1654//456
f  1653//456 1654//456 1655//456
f  1656//456 1657//456 1658//456
f  1658//456 1657//456 1659//456
f  1658//3022 1659//3022 1660//3022
f  1660//3023 1659//3023 1661//3023
f  1660//456 1661//456 1662//456
f  1662//456 1661//456 1663//456
f  1662//456 1663//456 1664//456
f  1664//456 1663//456 1665//456
f  1664//456 1665//456 1666//456
f  1666//456 1665//456 1667//456
f  1666//456 1667//456 1668//456
f  1668//456 1667//456 1669//456
f  1668//456 1669//456 1670//456
f  1670//456 1669//456 1671//456
f  1670//456 1671//456 1638//456
f  1638//456 1671//456 1672//456
f  1638//456 1672//456 1639//456
f  1654//456 1673//456 1655//456
f  1655//456 1673//456 1674//456
f  1655//456 1674//456 1658//456
f  1658//456 1674//456 1675//456
f  1658//456 1675//456 1656//456
f  1530//3024 1528//3024 1676//3024
f  1676//3025 1528//3025 1673//3025
f  1673//3026 1528//3026 1674//3026
f  1674//3027 1528//3027 1520//3027
f  1674//3028 1520//3028 1675//3028
f  1677//3029 1657//3029 1656//3029
f  1675//3030 1520//3030 1537//3030
f  1675//3031 1537//3031 1656//3031
f  1656//3032 1537//3032 1538//3032
f  1656//3033 1538//3033 1677//3033
f  1678//3034 1679//3034 1680//3034
f  1681//3035 1678//3035 1682//3035
f  1682//3036 1678//3036 1683//3036
f  1680//3037 1684//3037 1678//3037
f  1678//3038 1684//3038 1685//3038
f  1678//3039 1685//3039 1683//3039
f  1681//3040 1686//3040 1678//3040
f  1678//3041 1686//3041 1687//3041
f  1678//3042 1687//3042 1688//3042
f  1688//3043 1689//3043 1678//3043
f  1678//3044 1689//3044 1690//3044
f  1678//3045 1690//3045 1691//3045
f  1692//3046 1538//3046 1543//3046
f  1516//3047 1517//3047 1525//3047
f  1525//3048 1517//3048 1615//3048
f  1518//3049 1527//3049 1617//3049
f  1617//3050 1527//3050 1526//3050
f  1617//3051 1526//3051 1615//3051
f  1615//3052 1526//3052 1524//3052
f  1615//3053 1524//3053 1525//3053
f  1518//3054 1617//3054 1519//3054
f  1519//3055 1617//3055 1618//3055
f  1519//3056 1618//3056 1535//3056
f  1535//3057 1618//3057 1647//3057
f  1535//3058 1647//3058 1536//3058
f  1647//3059 1645//3059 1536//3059
f  1536//3060 1645//3060 1643//3060
f  1536//3060 1643//3060 1544//3060
f  1544//3061 1643//3061 1641//3061
f  1544//3062 1641//3062 1545//3062
f  1545//3063 1641//3063 1639//3063
f  1545//3064 1639//3064 1546//3064
f  1639//3065 1672//3065 1546//3065
f  1546//3066 1672//3066 1671//3066
f  1546//3067 1671//3067 1547//3067
f  1547//3068 1671//3068 1669//3068
f  1547//3069 1669//3069 1548//3069
f  1548//3070 1669//3070 1667//3070
f  1548//3071 1667//3071 1555//3071
f  1555//3072 1667//3072 1665//3072
f  1555//3072 1665//3072 1556//3072
f  1556//3073 1665//3073 1663//3073
f  1556//3074 1663//3074 1558//3074
f  1558//3075 1663//3075 1661//3075
f  1558//3076 1661//3076 1557//3076
f  1557//3077 1661//3077 1659//3077
f  1557//3078 1659//3078 1543//3078
f  1543//3079 1659//3079 1657//3079
f  1543//3080 1657//3080 1692//3080
f  1693//3081 1694//3081 1695//3081
f  1695//3082 1694//3082 1696//3082
f  1697//456 1695//456 1698//456
f  1698//3083 1695//3083 1699//3083
f  1698//3084 1699//3084 1700//3084
f  1700//3085 1699//3085 1701//3085
f  1702//456 1703//456 1704//456
f  1693//3086 1695//3086 1705//3086
f  1705//3087 1695//3087 1702//3087
f  1705//3088 1702//3088 1706//3088
f  1707//456 1708//456 1709//456
f  1709//456 1708//456 1710//456
f  1709//456 1710//456 1711//456
f  1711//456 1710//456 1712//456
f  1711//456 1712//456 1713//456
f  1713//456 1712//456 1714//456
f  1713//456 1714//456 1702//456
f  1702//456 1714//456 1715//456
f  1702//456 1715//456 1703//456
f  1704//3089 1716//3089 1717//3089
f  1717//3090 1716//3090 1718//3090
f  1717//3091 1718//3091 1719//3091
f  1720//456 1721//456 1707//456
f  1707//456 1721//456 1722//456
f  1707//456 1722//456 1708//456
f  1704//3092 1717//3092 1702//3092
f  1702//3093 1717//3093 1723//3093
f  1702//3094 1723//3094 1706//3094
f  1724//456 1725//456 1726//456
f  1726//3095 1725//3095 1727//3095
f  1726//3096 1727//3096 1699//3096
f  1699//3097 1727//3097 1728//3097
f  1699//3098 1728//3098 1701//3098
f  1729//456 1730//456 1731//456
f  1731//456 1730//456 1732//456
f  1729//456 1733//456 1730//456
f  1730//456 1733//456 1734//456
f  1730//456 1734//456 1735//456
f  1696//3099 1736//3099 1695//3099
f  1695//3100 1736//3100 1737//3100
f  1695//456 1737//456 1738//456
f  1719//3101 1739//3101 1717//3101
f  1717//3102 1739//3102 1740//3102
f  1717//3103 1740//3103 1741//3103
f  1741//3104 1740//3104 1742//3104
f  1743//456 1744//456 1745//456
f  1745//456 1744//456 1699//456
f  1745//456 1699//456 1746//456
f  1746//3105 1699//3105 1695//3105
f  1746//3106 1695//3106 1747//3106
f  1747//3107 1695//3107 1738//3107
f  1748//3108 1749//3108 1734//3108
f  1734//3109 1749//3109 1750//3109
f  1734//456 1750//456 1735//456
f  1724//456 1726//456 1734//456
f  1734//456 1726//456 1751//456
f  1734//3110 1751//3110 1748//3110
f  1752//456 1753//456 1754//456
f  1754//456 1753//456 1755//456
f  1740//3111 1756//3111 1742//3111
f  1742//456 1756//456 1753//456
f  1742//456 1753//456 1757//456
f  1757//456 1753//456 1752//456
f  1758//3112 1759//3112 1760//3112
f  1758//3113 1760//3113 1761//3113
f  1761//3114 1760//3114 1762//3114
f  1761//3115 1762//3115 1763//3115
f  1764//3116 1765//3116 1766//3116
f  1766//3117 1765//3117 1767//3117
f  1766//3118 1767//3118 1768//3118
f  1763//3119 1769//3119 1761//3119
f  1761//3120 1769//3120 1770//3120
f  1761//3121 1770//3121 1771//3121
f  1771//3122 1770//3122 1766//3122
f  1771//3123 1766//3123 1772//3123
f  1772//3124 1766//3124 1768//3124
f  1683//3125 1685//3125 1773//3125
f  1682//3126 1683//3126 1774//3126
f  1774//3127 1683//3127 1773//3127
f  1774//3128 1773//3128 1775//3128
f  1688//3129 1687//3129 1776//3129
f  1776//3130 1687//3130 1686//3130
f  1776//3131 1686//3131 1774//3131
f  1774//3132 1686//3132 1681//3132
f  1774//3133 1681//3133 1682//3133
f  1777//3134 1778//3134 1779//3134
f  1776//3135 1780//3135 1688//3135
f  1688//3136 1780//3136 1777//3136
f  1688//3137 1777//3137 1689//3137
f  1689//3138 1777//3138 1779//3138
f  1689//3139 1779//3139 1690//3139
f  1781//3140 1778//3140 1782//3140
f  1782//3141 1778//3141 1777//3141
f  1782//3142 1777//3142 1783//3142
f  1783//3143 1777//3143 1784//3143
f  1784//3144 1777//3144 1785//3144
f  1785//3145 1777//3145 1780//3145
f  1785//3146 1780//3146 1786//3146
f  1786//3147 1780//3147 1787//3147
f  1787//3148 1780//3148 1776//3148
f  1787//3149 1776//3149 1788//3149
f  1788//3150 1776//3150 1774//3150
f  1788//3151 1774//3151 1789//3151
f  1789//3152 1774//3152 1790//3152
f  1790//3153 1774//3153 1775//3153
f  1790//3154 1775//3154 1791//3154
f  1792//3155 1793//3155 1794//3155
f  1795//3156 1796//3156 1797//3156
f  1798//3157 1799//3157 1800//3157
f  1799//3158 1801//3158 1802//3158
f  1803//3159 1804//3159 1805//3159
f  1806//3160 1807//3160 1804//3160
f  1798//3161 1800//3161 1808//3161
f  1799//3162 1802//3162 1800//3162
f  1800//3163 1802//3163 1809//3163
f  1800//3164 1809//3164 1810//3164
f  1797//3165 1811//3165 1812//3165
f  1812//3166 1811//3166 1813//3166
f  1794//3167 1814//3167 1815//3167
f  1815//3168 1814//3168 1816//3168
f  1804//3169 1803//3169 1806//3169
f  1806//3170 1803//3170 1817//3170
f  1806//3171 1817//3171 1818//3171
f  1818//3172 1817//3172 1819//3172
f  1818//3173 1819//3173 1820//3173
f  1821//3174 1822//3174 1810//3174
f  1810//3175 1822//3175 1823//3175
f  1810//3176 1823//3176 1800//3176
f  1800//3177 1823//3177 1824//3177
f  1800//3178 1824//3178 1808//3178
f  1809//3179 1796//3179 1810//3179
f  1810//3180 1796//3180 1795//3180
f  1810//3181 1795//3181 1821//3181
f  1821//3182 1795//3182 1825//3182
f  1797//3183 1812//3183 1795//3183
f  1795//3184 1812//3184 1826//3184
f  1795//3185 1826//3185 1825//3185
f  1827//3186 1828//3186 1813//3186
f  1813//3187 1828//3187 1829//3187
f  1813//3188 1829//3188 1812//3188
f  1812//3189 1829//3189 1830//3189
f  1812//3190 1830//3190 1826//3190
f  1811//3191 1793//3191 1813//3191
f  1813//3192 1793//3192 1792//3192
f  1813//3193 1792//3193 1827//3193
f  1827//3194 1792//3194 1831//3194
f  1794//3195 1815//3195 1792//3195
f  1792//3196 1815//3196 1832//3196
f  1792//3197 1832//3197 1831//3197
f  1833//3198 1834//3198 1816//3198
f  1816//3199 1834//3199 1835//3199
f  1816//3200 1835//3200 1815//3200
f  1815//3201 1835//3201 1836//3201
f  1815//3202 1836//3202 1832//3202
f  1814//3203 1820//3203 1816//3203
f  1816//3204 1820//3204 1819//3204
f  1816//3205 1819//3205 1833//3205
f  1833//3206 1819//3206 1837//3206
f  1837//3207 1819//3207 1838//3207
f  1838//3208 1819//3208 1817//3208
f  1838//3209 1817//3209 1839//3209
f  1839//3210 1817//3210 1840//3210
f  1840//3211 1817//3211 1803//3211
f  1840//3212 1803//3212 1841//3212
f  1841//3213 1803//3213 1805//3213
f  1841//3214 1805//3214 1842//3214
f  1843//3215 1844//3215 1845//3215
f  1846//3216 1847//3216 1848//3216
f  1849//3217 1850//3217 1847//3217
f  1843//3218 1851//3218 1852//3218
f  1853//3219 1844//3219 1854//3219
f  1854//3220 1844//3220 1843//3220
f  1854//3221 1843//3221 1855//3221
f  1855//3222 1843//3222 1852//3222
f  1845//3223 1856//3223 1857//3223
f  1857//3224 1856//3224 1858//3224
f  1847//3225 1846//3225 1849//3225
f  1849//3226 1846//3226 1859//3226
f  1849//3227 1859//3227 1860//3227
f  1860//3228 1859//3228 1861//3228
f  1860//3229 1861//3229 1862//3229
f  1862//3230 1861//3230 1863//3230
f  1862//3231 1863//3231 1864//3231
f  1845//3232 1857//3232 1843//3232
f  1843//3233 1857//3233 1865//3233
f  1843//3234 1865//3234 1851//3234
f  1866//3235 1867//3235 1858//3235
f  1858//3236 1867//3236 1868//3236
f  1858//3237 1868//3237 1857//3237
f  1857//3238 1868//3238 1869//3238
f  1857//3239 1869//3239 1865//3239
f  1856//3240 1864//3240 1858//3240
f  1858//3241 1864//3241 1863//3241
f  1858//3242 1863//3242 1866//3242
f  1866//3243 1863//3243 1870//3243
f  1870//3244 1863//3244 1871//3244
f  1871//3245 1863//3245 1861//3245
f  1871//3246 1861//3246 1872//3246
f  1872//3247 1861//3247 1873//3247
f  1873//3248 1861//3248 1859//3248
f  1873//3249 1859//3249 1874//3249
f  1874//3250 1859//3250 1875//3250
f  1875//3251 1859//3251 1846//3251
f  1875//3252 1846//3252 1876//3252
f  1876//3253 1846//3253 1848//3253
f  1876//3254 1848//3254 1877//3254
f  1878//3255 1879//3255 1880//3255
f  1881//3256 1882//3256 1883//3256
f  1883//3257 1882//3257 1884//3257
f  1883//3258 1884//3258 1885//3258
f  1886//3259 1887//3259 1880//3259
f  1880//3260 1887//3260 1888//3260
f  1880//3261 1888//3261 1889//3261
f  1886//3262 1890//3262 1891//3262
f  1891//3263 1890//3263 1892//3263
f  1886//3264 1880//3264 1890//3264
f  1890//3265 1880//3265 1879//3265
f  1890//3266 1879//3266 1893//3266
f  1760//3267 1891//3267 1762//3267
f  1762//3268 1891//3268 1892//3268
f  1762//3269 1892//3269 1763//3269
f  1763//3270 1892//3270 1890//3270
f  1763//3271 1890//3271 1769//3271
f  1769//3272 1890//3272 1893//3272
f  1769//3273 1893//3273 1770//3273
f  1889//3274 1894//3274 1880//3274
f  1880//3275 1894//3275 1895//3275
f  1880//3276 1895//3276 1878//3276
f  1896//3277 1894//3277 1882//3277
f  1882//3278 1894//3278 1889//3278
f  1882//3279 1889//3279 1884//3279
f  1884//3280 1889//3280 1888//3280
f  1884//3281 1888//3281 1885//3281
f  1897//3282 1898//3282 1899//3282
f  1900//3283 1901//3283 1898//3283
f  1898//3284 1897//3284 1900//3284
f  1900//3285 1897//3285 1902//3285
f  1900//3286 1902//3286 1903//3286
f  1903//3287 1902//3287 1904//3287
f  1903//3288 1904//3288 1905//3288
f  1905//3289 1904//3289 1882//3289
f  1905//3290 1882//3290 1881//3290
f  1896//3291 1882//3291 1906//3291
f  1906//3292 1882//3292 1904//3292
f  1906//3293 1904//3293 1907//3293
f  1907//3294 1904//3294 1902//3294
f  1907//3295 1902//3295 1908//3295
f  1908//3296 1902//3296 1909//3296
f  1909//3297 1902//3297 1897//3297
f  1909//3298 1897//3298 1910//3298
f  1910//3299 1897//3299 1899//3299
f  1910//3300 1899//3300 1911//3300
f  1912//3301 1913//3301 1914//3301
f  1915//3302 1916//3302 1917//3302
f  1916//3303 1918//3303 1919//3303
f  1920//3304 1921//3304 1922//3304
f  1922//3305 1921//3305 1915//3305
f  1923//3306 1924//3306 1925//3306
f  1925//3307 1924//3307 1912//3307
f  1925//3308 1912//3308 1926//3308
f  1926//3309 1912//3309 1927//3309
f  1927//3310 1912//3310 1914//3310
f  1927//3311 1914//3311 1928//3311
f  1916//3312 1919//3312 1917//3312
f  1917//3313 1919//3313 1929//3313
f  1917//3314 1929//3314 1930//3314
f  1923//3315 1920//3315 1924//3315
f  1924//3316 1920//3316 1922//3316
f  1924//3317 1922//3317 1912//3317
f  1912//3318 1922//3318 1931//3318
f  1912//3319 1931//3319 1913//3319
f  1913//3320 1931//3320 1932//3320
f  1913//3321 1932//3321 1933//3321
f  1915//3322 1917//3322 1922//3322
f  1922//3323 1917//3323 1930//3323
f  1922//3324 1930//3324 1931//3324
f  1931//3325 1930//3325 1934//3325
f  1931//3326 1934//3326 1932//3326
f  1932//3327 1934//3327 1935//3327
f  1932//3328 1935//3328 1933//3328
f  1936//3329 1937//3329 1938//3329
f  1939//3330 1940//3330 1941//3330
f  1941//3331 1940//3331 1942//3331
f  1941//3332 1942//3332 1936//3332
f  1939//3333 1941//3333 1943//3333
f  1943//3334 1941//3334 1944//3334
f  1943//3335 1944//3335 1945//3335
f  1945//3336 1944//3336 1946//3336
f  1946//3337 1944//3337 1947//3337
f  1946//3338 1947//3338 1948//3338
f  1948//3339 1947//3339 1927//3339
f  1948//3340 1927//3340 1928//3340
f  1936//3341 1938//3341 1941//3341
f  1941//3342 1938//3342 1949//3342
f  1941//3343 1949//3343 1944//3343
f  1944//3344 1949//3344 1950//3344
f  1944//3345 1950//3345 1947//3345
f  1947//3346 1950//3346 1926//3346
f  1947//3347 1926//3347 1927//3347
f  1712//3348 1951//3348 1952//3348
f  1712//3349 1952//3349 1714//3349
f  1714//3350 1952//3350 1953//3350
f  1714//3351 1953//3351 1715//3351
f  1715//3352 1953//3352 1954//3352
f  1715//3353 1954//3353 1703//3353
f  1703//3354 1954//3354 1955//3354
f  1703//3355 1955//3355 1704//3355
f  1704//3356 1955//3356 1956//3356
f  1704//3357 1956//3357 1716//3357
f  1716//3358 1956//3358 1957//3358
f  1716//3359 1957//3359 1718//3359
f  1718//3360 1957//3360 1958//3360
f  1718//3361 1958//3361 1719//3361
f  1739//3362 1719//3362 1959//3362
f  1959//3363 1719//3363 1958//3363
f  1959//3364 1958//3364 1960//3364
f  1960//3365 1958//3365 1961//3365
f  1961//3366 1958//3366 1957//3366
f  1961//3367 1957//3367 1962//3367
f  1962//3368 1957//3368 1956//3368
f  1962//3369 1956//3369 1963//3369
f  1963//3370 1956//3370 1955//3370
f  1963//3371 1955//3371 1964//3371
f  1964//3372 1955//3372 1954//3372
f  1964//3373 1954//3373 1965//3373
f  1965//3374 1954//3374 1953//3374
f  1965//3375 1953//3375 1966//3375
f  1966//3376 1953//3376 1952//3376
f  1966//3377 1952//3377 1967//3377
f  1967//3378 1952//3378 1951//3378
f  1967//3379 1951//3379 1678//3379
f  1712//3380 1710//3380 1951//3380
f  1951//3381 1710//3381 1968//3381
f  1968//3382 1969//3382 1951//3382
f  1951//3383 1969//3383 1679//3383
f  1951//3384 1679//3384 1678//3384
f  1970//3385 1971//3385 1972//3385
f  1973//3386 1974//3386 1975//3386
f  1976//3387 1977//3387 1975//3387
f  1975//3388 1977//3388 1978//3388
f  1975//3389 1978//3389 1973//3389
f  1979//3390 1980//3390 1976//3390
f  1976//3391 1980//3391 1981//3391
f  1976//3392 1981//3392 1977//3392
f  1982//3393 1983//3393 1979//3393
f  1979//3394 1983//3394 1984//3394
f  1979//3395 1984//3395 1980//3395
f  1971//3396 1985//3396 1972//3396
f  1972//3397 1985//3397 1986//3397
f  1972//3398 1986//3398 1982//3398
f  1982//3399 1986//3399 1987//3399
f  1982//3400 1987//3400 1983//3400
f  1970//3401 1972//3401 1988//3401
f  1988//3402 1972//3402 1989//3402
f  1988//3403 1989//3403 1990//3403
f  1990//3404 1989//3404 1991//3404
f  1990//3405 1991//3405 1992//3405
f  1993//3406 1994//3406 1995//3406
f  1993//3407 1995//3407 1991//3407
f  1991//3408 1995//3408 1996//3408
f  1991//3409 1996//3409 1992//3409
f  1997//3410 1998//3410 1999//3410
f  1997//3411 1999//3411 1993//3411
f  1993//3412 1999//3412 2000//3412
f  1993//3413 2000//3413 1994//3413
f  2001//3414 2002//3414 1997//3414
f  1997//3415 2002//3415 2003//3415
f  1997//3416 2003//3416 1998//3416
f  1959//3417 1960//3417 2004//3417
f  2004//3418 1960//3418 2005//3418
f  2004//3419 2005//3419 2001//3419
f  2001//3420 2005//3420 2006//3420
f  2001//3421 2006//3421 2002//3421
f  1740//3422 1739//3422 1959//3422
f  1959//3423 2004//3423 1740//3423
f  1740//3424 2004//3424 2001//3424
f  1740//3425 2001//3425 1756//3425
f  1756//3426 2001//3426 1997//3426
f  1756//3427 1997//3427 1753//3427
f  1753//3428 1997//3428 1993//3428
f  1753//3429 1993//3429 1755//3429
f  1755//3430 1993//3430 1991//3430
f  1755//3431 1991//3431 1754//3431
f  1754//3432 1991//3432 1989//3432
f  1754//3433 1989//3433 1752//3433
f  1752//3434 1989//3434 1972//3434
f  1752//3435 1972//3435 1757//3435
f  1757//3436 1972//3436 1982//3436
f  1757//3437 1982//3437 1742//3437
f  1742//3438 1982//3438 1979//3438
f  1742//3439 1979//3439 1741//3439
f  1741//3440 1979//3440 1976//3440
f  1741//3441 1976//3441 1717//3441
f  1717//3442 1976//3442 1975//3442
f  1717//3443 1975//3443 1723//3443
f  1723//3444 1975//3444 1974//3444
f  1723//3445 1974//3445 1706//3445
f  1710//3446 1708//3446 1968//3446
f  1968//3447 1708//3447 2007//3447
f  1968//3448 2007//3448 1969//3448
f  1969//3449 2007//3449 2008//3449
f  1684//3450 1680//3450 2008//3450
f  2008//3451 1680//3451 1679//3451
f  2008//3452 1679//3452 1969//3452
f  2009//3453 2010//3453 2011//3453
f  2012//3454 2013//3454 2014//3454
f  2012//3455 2014//3455 2015//3455
f  2015//3456 2014//3456 2016//3456
f  2015//3457 2016//3457 2017//3457
f  2017//3458 2016//3458 2018//3458
f  2017//3459 2018//3459 2019//3459
f  2019//3460 2018//3460 2020//3460
f  2019//3461 2020//3461 2021//3461
f  2021//3462 2020//3462 2022//3462
f  2022//3463 2020//3463 2023//3463
f  2022//3464 2023//3464 2024//3464
f  2009//3465 2011//3465 2025//3465
f  2025//3466 2011//3466 1974//3466
f  2025//3467 1974//3467 1973//3467
f  1706//3468 1974//3468 1705//3468
f  1705//3469 1974//3469 2011//3469
f  1705//3470 2011//3470 1693//3470
f  1693//3471 2011//3471 2010//3471
f  1693//3472 2010//3472 1694//3472
f  2009//3473 2024//3473 2010//3473
f  2010//3474 2024//3474 2023//3474
f  2010//3475 2023//3475 1694//3475
f  1694//3476 2023//3476 2020//3476
f  1694//3477 2020//3477 1696//3477
f  1696//3478 2020//3478 2018//3478
f  1696//3479 2018//3479 1736//3479
f  1736//3480 2018//3480 1737//3480
f  1737//3481 2018//3481 2016//3481
f  1737//3482 2016//3482 1738//3482
f  1738//3483 2016//3483 2014//3483
f  1738//3484 2014//3484 1747//3484
f  1747//3485 2014//3485 2013//3485
f  1747//3486 2013//3486 1746//3486
f  2012//3487 2026//3487 2013//3487
f  2013//3488 2026//3488 2027//3488
f  2013//3489 2027//3489 1746//3489
f  1746//3490 2027//3490 1745//3490
f  2028//3491 2029//3491 2030//3491
f  2030//3492 2029//3492 2031//3492
f  2030//3493 2031//3493 2032//3493
f  2033//3494 2034//3494 2035//3494
f  2035//3495 2034//3495 2036//3495
f  1743//3496 1745//3496 2027//3496
f  2026//3497 2036//3497 2027//3497
f  2027//3498 2036//3498 2034//3498
f  2027//3499 2034//3499 1743//3499
f  1743//3500 2034//3500 2033//3500
f  1743//3501 2033//3501 2037//3501
f  2035//3502 2032//3502 2033//3502
f  2033//3503 2032//3503 2031//3503
f  2033//3504 2031//3504 2037//3504
f  2037//3505 2031//3505 2029//3505
f  2037//3506 2029//3506 1699//3506
f  2028//3507 2038//3507 2029//3507
f  2029//3508 2038//3508 2039//3508
f  2029//3509 2039//3509 1699//3509
f  1699//3510 2039//3510 1726//3510
f  1751//3511 1726//3511 2039//3511
f  2040//3512 2041//3512 2042//3512
f  2042//3513 2041//3513 2043//3513
f  2042//3514 2043//3514 2044//3514
f  2044//3515 2043//3515 2045//3515
f  2044//3516 2045//3516 2046//3516
f  1748//3517 1751//3517 2047//3517
f  2047//3518 1751//3518 2039//3518
f  2047//3519 2039//3519 2048//3519
f  2048//3520 2039//3520 2038//3520
f  2048//3521 2040//3521 2047//3521
f  2047//3522 2040//3522 2042//3522
f  2047//3523 2042//3523 1748//3523
f  1748//3524 2042//3524 2044//3524
f  1748//3525 2044//3525 1749//3525
f  1749//3526 2044//3526 2046//3526
f  1749//3527 2046//3527 1750//3527
f  2049//3528 2050//3528 2051//3528
f  2052//3529 1730//3529 1735//3529
f  2053//3530 1728//3530 1727//3530
f  2053//3531 1727//3531 2054//3531
f  2054//3532 1727//3532 1725//3532
f  2054//3533 1725//3533 2055//3533
f  2055//3534 1725//3534 1724//3534
f  2055//3535 1724//3535 2056//3535
f  2056//3536 1724//3536 1734//3536
f  2056//3537 1734//3537 2057//3537
f  2057//3538 1734//3538 1733//3538
f  2057//3539 1733//3539 2058//3539
f  2058//3540 1733//3540 1729//3540
f  2058//3541 1729//3541 2059//3541
f  2059//3542 1729//3542 1731//3542
f  2059//3543 1731//3543 2060//3543
f  2060//3544 1731//3544 1732//3544
f  2060//3545 1732//3545 2061//3545
f  2052//3546 1735//3546 2062//3546
f  2062//3547 1735//3547 1750//3547
f  2062//3548 1750//3548 2046//3548
f  1701//3549 1728//3549 2051//3549
f  2051//3550 1728//3550 2053//3550
f  2051//3551 2053//3551 2049//3551
f  2049//3552 2053//3552 2063//3552
f  2063//3553 2053//3553 2064//3553
f  2064//3554 2053//3554 2054//3554
f  2064//3555 2054//3555 2065//3555
f  2056//3556 2066//3556 2055//3556
f  2055//3557 2066//3557 2067//3557
f  2055//3558 2067//3558 2054//3558
f  2054//3559 2067//3559 2068//3559
f  2054//3560 2068//3560 2065//3560
f  2069//3561 2070//3561 2057//3561
f  2057//3562 2070//3562 2071//3562
f  2057//3563 2071//3563 2056//3563
f  2056//3564 2071//3564 2072//3564
f  2056//3565 2072//3565 2066//3565
f  2069//3566 2057//3566 2073//3566
f  2073//3567 2057//3567 2058//3567
f  2073//3568 2058//3568 2074//3568
f  2074//3569 2058//3569 2059//3569
f  2074//3570 2059//3570 2075//3570
f  2075//3571 2059//3571 2076//3571
f  2076//3572 2059//3572 2060//3572
f  2076//3573 2060//3573 2077//3573
f  2078//3574 2079//3574 2061//3574
f  2061//3575 2079//3575 2080//3575
f  2061//3576 2080//3576 2060//3576
f  2060//3577 2080//3577 2081//3577
f  2060//3578 2081//3578 2077//3578
f  1732//3579 1730//3579 2061//3579
f  2061//3580 1730//3580 2052//3580
f  2061//3581 2052//3581 2078//3581
f  2078//3582 2052//3582 2082//3582
f  2082//3583 2052//3583 2083//3583
f  2083//3584 2052//3584 2062//3584
f  2083//3585 2062//3585 2084//3585
f  2084//3586 2062//3586 2085//3586
f  2085//3587 2062//3587 2046//3587
f  2085//3588 2046//3588 2045//3588
f  1697//3589 1698//3589 2086//3589
f  2086//3590 1698//3590 2087//3590
f  2086//3591 2087//3591 2088//3591
f  2088//3592 2087//3592 2089//3592
f  2088//3593 2089//3593 2090//3593
f  1700//3594 1701//3594 2091//3594
f  2091//3595 1701//3595 2051//3595
f  1698//3596 1700//3596 2087//3596
f  2087//3597 1700//3597 2091//3597
f  2087//3598 2091//3598 2089//3598
f  2089//3599 2091//3599 2092//3599
f  2092//3600 2091//3600 2093//3600
f  2093//3601 2091//3601 2051//3601
f  2093//3602 2051//3602 2050//3602
f  2094//3603 2095//3603 2096//3603
f  2097//3604 2088//3604 2090//3604
f  1695//3605 1697//3605 2086//3605
f  2098//3606 2099//3606 2100//3606
f  2100//3607 2099//3607 1720//3607
f  2101//3608 2102//3608 2103//3608
f  2103//3609 2102//3609 2098//3609
f  2104//3610 2105//3610 2101//3610
f  2105//3611 2104//3611 2106//3611
f  2106//3612 2104//3612 2107//3612
f  2106//3613 2107//3613 2108//3613
f  2096//3614 2109//3614 2094//3614
f  2094//3615 2109//3615 2110//3615
f  2094//3616 2110//3616 2111//3616
f  2111//3617 2110//3617 2112//3617
f  2111//3618 2112//3618 2113//3618
f  2113//3619 2112//3619 2114//3619
f  2114//3620 2115//3620 2113//3620
f  2113//3621 2115//3621 2116//3621
f  2113//3622 2116//3622 2117//3622
f  2117//3623 2116//3623 2118//3623
f  2117//3624 2118//3624 2119//3624
f  2119//3625 2118//3625 2104//3625
f  2104//3626 2118//3626 2120//3626
f  2104//3627 2120//3627 2107//3627
f  2101//3628 2103//3628 2104//3628
f  2104//3629 2103//3629 2121//3629
f  2104//3630 2121//3630 2119//3630
f  2119//3631 2121//3631 2122//3631
f  2119//3632 2122//3632 2117//3632
f  2117//3633 2122//3633 2123//3633
f  2117//3634 2123//3634 2113//3634
f  2113//3635 2123//3635 2124//3635
f  2113//3636 2124//3636 2111//3636
f  2111//3637 2124//3637 2125//3637
f  2111//3638 2125//3638 2094//3638
f  2098//3639 2100//3639 2103//3639
f  2103//3640 2100//3640 2126//3640
f  2103//3641 2126//3641 2121//3641
f  2121//3642 2126//3642 2127//3642
f  2121//3643 2127//3643 2122//3643
f  2122//3644 2127//3644 2128//3644
f  2122//3645 2128//3645 2123//3645
f  2123//3646 2128//3646 2129//3646
f  2123//3647 2129//3647 2124//3647
f  2124//3648 2129//3648 2097//3648
f  2124//3649 2097//3649 2125//3649
f  2125//3650 2097//3650 2090//3650
f  2125//3651 2090//3651 2094//3651
f  2094//3652 2090//3652 2130//3652
f  2094//3653 2130//3653 2095//3653
f  1720//3654 1707//3654 2100//3654
f  2100//3655 1707//3655 1709//3655
f  2100//3656 1709//3656 2126//3656
f  2126//3657 1709//3657 1711//3657
f  2126//3658 1711//3658 2127//3658
f  2127//3659 1711//3659 1713//3659
f  2127//3660 1713//3660 2128//3660
f  2128//3661 1713//3661 1702//3661
f  2128//3662 1702//3662 2129//3662
f  2129//3663 1702//3663 1695//3663
f  2129//3664 1695//3664 2097//3664
f  2097//3665 1695//3665 2086//3665
f  2097//3666 2086//3666 2088//3666
f  2131//3667 1881//3667 2132//3667
f  2132//3668 1881//3668 1883//3668
f  1760//3669 1759//3669 1891//3669
f  1891//3670 1759//3670 2133//3670
f  1883//3671 1885//3671 2132//3671
f  2132//3672 1885//3672 1888//3672
f  2132//3673 1888//3673 2134//3673
f  2134//3674 1888//3674 1887//3674
f  2134//3675 1887//3675 2133//3675
f  2133//3676 1887//3676 1886//3676
f  2133//3677 1886//3677 1891//3677
f  2135//3678 2136//3678 2137//3678
f  2138//3679 2132//3679 2134//3679
f  2139//3680 2140//3680 2141//3680
f  2141//3681 2140//3681 2142//3681
f  2143//3682 2144//3682 2145//3682
f  2145//3683 2144//3683 2146//3683
f  2145//3684 2146//3684 2147//3684
f  2148//3685 2149//3685 2150//3685
f  2151//3686 2147//3686 2150//3686
f  2150//3687 2147//3687 2146//3687
f  2150//3688 2146//3688 2148//3688
f  2148//3689 2146//3689 2144//3689
f  2148//3690 2144//3690 2139//3690
f  2139//3691 2144//3691 2143//3691
f  2139//3692 2143//3692 2140//3692
f  2152//3693 2153//3693 2137//3693
f  2137//3694 2153//3694 2154//3694
f  2137//3695 2154//3695 2135//3695
f  2135//3696 2154//3696 2155//3696
f  2156//3697 2157//3697 2148//3697
f  2148//3698 2157//3698 2158//3698
f  2148//3699 2158//3699 2149//3699
f  2136//3700 2159//3700 2156//3700
f  2156//3701 2159//3701 2160//3701
f  2156//3702 2160//3702 2157//3702
f  2157//3703 2160//3703 2161//3703
f  2157//3704 2161//3704 2162//3704
f  1759//3705 2155//3705 2133//3705
f  2133//3706 2155//3706 2154//3706
f  2133//3707 2154//3707 2134//3707
f  2134//3708 2154//3708 2153//3708
f  2134//3709 2153//3709 2138//3709
f  2136//3710 2156//3710 2137//3710
f  2137//3711 2156//3711 2148//3711
f  2137//3712 2148//3712 2152//3712
f  2152//3713 2148//3713 2139//3713
f  2152//3714 2139//3714 2153//3714
f  2153//3715 2139//3715 2141//3715
f  2153//3716 2141//3716 2138//3716
f  2138//3717 2141//3717 2142//3717
f  2138//3718 2142//3718 2132//3718
f  2132//3719 2142//3719 2163//3719
f  2132//3720 2163//3720 2131//3720
f  2162//3721 2164//3721 2157//3721
f  2157//3722 2164//3722 2165//3722
f  2157//3723 2165//3723 2158//3723
f  2158//3724 2165//3724 2166//3724
f  2158//3725 2166//3725 2149//3725
f  2149//3726 2166//3726 2167//3726
f  2149//3727 2167//3727 2150//3727
f  2150//3728 2167//3728 2168//3728
f  2150//3729 2168//3729 2151//3729
f  2151//3730 2168//3730 2169//3730
f  2170//3731 2171//3731 2172//3731
f  2166//3732 2165//3732 2173//3732
f  2174//3733 2175//3733 2176//3733
f  2177//3734 2169//3734 2168//3734
f  2174//3735 2176//3735 2178//3735
f  2176//3736 2179//3736 2178//3736
f  2178//3737 2179//3737 2172//3737
f  2178//3738 2172//3738 2180//3738
f  2180//3739 2172//3739 2171//3739
f  2180//3740 2171//3740 2181//3740
f  2165//3741 2164//3741 2182//3741
f  2168//3742 2167//3742 2183//3742
f  2165//3743 2182//3743 2173//3743
f  2173//3744 2182//3744 2184//3744
f  2173//3745 2184//3745 2185//3745
f  2185//3746 2184//3746 2186//3746
f  2185//3747 2186//3747 2187//3747
f  2187//3748 2186//3748 2188//3748
f  2187//3749 2188//3749 2189//3749
f  2189//3750 2190//3750 2187//3750
f  2187//3751 2190//3751 2191//3751
f  2187//3752 2191//3752 2185//3752
f  2185//3753 2191//3753 2192//3753
f  2185//3754 2192//3754 2173//3754
f  2173//3755 2192//3755 2183//3755
f  2173//3756 2183//3756 2166//3756
f  2166//3757 2183//3757 2167//3757
f  2190//3758 2170//3758 2191//3758
f  2191//3759 2170//3759 2172//3759
f  2191//3760 2172//3760 2192//3760
f  2192//3761 2172//3761 2179//3761
f  2192//3762 2179//3762 2183//3762
f  2183//3763 2179//3763 2176//3763
f  2183//3764 2176//3764 2168//3764
f  2168//3765 2176//3765 2175//3765
f  2168//3766 2175//3766 2177//3766
f  2189//3767 2188//3767 2193//3767
f  2170//3768 2190//3768 2194//3768
f  2195//3769 2196//3769 2197//3769
f  2195//3770 2197//3770 2198//3770
f  2199//3771 2200//3771 2201//3771
f  2196//3772 2202//3772 2197//3772
f  2197//3773 2202//3773 2203//3773
f  2197//3774 2203//3774 2204//3774
f  2204//3775 2203//3775 2205//3775
f  2204//3776 2205//3776 2206//3776
f  2206//3777 2205//3777 2207//3777
f  2206//3778 2207//3778 2208//3778
f  2208//3779 2207//3779 2209//3779
f  2208//3780 2209//3780 2210//3780
f  2210//3781 2209//3781 2211//3781
f  2210//3782 2211//3782 2212//3782
f  2212//3783 2211//3783 2213//3783
f  2212//3784 2213//3784 2214//3784
f  2214//3785 2213//3785 2215//3785
f  2214//3786 2215//3786 2216//3786
f  2216//3787 2215//3787 2217//3787
f  2216//3788 2217//3788 2218//3788
f  2218//3789 2217//3789 2219//3789
f  2218//3790 2219//3790 2220//3790
f  2220//3791 2219//3791 2221//3791
f  2220//3792 2221//3792 2222//3792
f  2222//3793 2221//3793 2223//3793
f  2222//3794 2223//3794 2224//3794
f  2224//3795 2223//3795 2225//3795
f  2224//3796 2225//3796 2226//3796
f  2226//3797 2225//3797 2227//3797
f  2226//3798 2227//3798 2228//3798
f  2228//3799 2227//3799 2229//3799
f  2228//3800 2229//3800 2230//3800
f  2230//3801 2229//3801 2231//3801
f  2230//3802 2231//3802 2232//3802
f  2232//3803 2231//3803 2233//3803
f  2232//3804 2233//3804 2234//3804
f  2234//3805 2233//3805 2235//3805
f  2234//3806 2235//3806 2171//3806
f  2171//3807 2235//3807 2181//3807
f  2171//3808 2170//3808 2234//3808
f  2234//3809 2170//3809 2194//3809
f  2234//3810 2194//3810 2232//3810
f  2232//3811 2194//3811 2236//3811
f  2232//3812 2236//3812 2230//3812
f  2230//3813 2236//3813 2237//3813
f  2230//3814 2237//3814 2228//3814
f  2228//3815 2237//3815 2238//3815
f  2228//3816 2238//3816 2226//3816
f  2226//3817 2238//3817 2239//3817
f  2226//3818 2239//3818 2224//3818
f  2224//3819 2239//3819 2240//3819
f  2224//3820 2240//3820 2222//3820
f  2222//3821 2240//3821 2241//3821
f  2222//3822 2241//3822 2220//3822
f  2220//3823 2241//3823 2242//3823
f  2220//3824 2242//3824 2218//3824
f  2218//3825 2242//3825 2243//3825
f  2218//3826 2243//3826 2216//3826
f  2216//3827 2243//3827 2244//3827
f  2216//3828 2244//3828 2214//3828
f  2214//3829 2244//3829 2245//3829
f  2214//3830 2245//3830 2212//3830
f  2212//3831 2245//3831 2246//3831
f  2212//3832 2246//3832 2210//3832
f  2210//3833 2246//3833 2247//3833
f  2210//3834 2247//3834 2208//3834
f  2208//3835 2247//3835 2248//3835
f  2208//3836 2248//3836 2206//3836
f  2206//3837 2248//3837 2249//3837
f  2206//3838 2249//3838 2204//3838
f  2204//3839 2249//3839 2250//3839
f  2204//3840 2250//3840 2197//3840
f  2197//3841 2250//3841 2201//3841
f  2197//3842 2201//3842 2198//3842
f  2198//3843 2201//3843 2200//3843
f  2190//3844 2189//3844 2194//3844
f  2194//3845 2189//3845 2193//3845
f  2194//3846 2193//3846 2236//3846
f  2236//3847 2193//3847 2251//3847
f  2236//3848 2251//3848 2237//3848
f  2237//3849 2251//3849 2252//3849
f  2237//3850 2252//3850 2238//3850
f  2238//3851 2252//3851 2253//3851
f  2238//3852 2253//3852 2239//3852
f  2239//3853 2253//3853 2254//3853
f  2239//3854 2254//3854 2240//3854
f  2240//3855 2254//3855 2255//3855
f  2240//3856 2255//3856 2241//3856
f  2241//3857 2255//3857 2256//3857
f  2241//3858 2256//3858 2242//3858
f  2242//3859 2256//3859 2257//3859
f  2242//3860 2257//3860 2243//3860
f  2243//3861 2257//3861 2258//3861
f  2243//3862 2258//3862 2244//3862
f  2244//3863 2258//3863 2259//3863
f  2244//3864 2259//3864 2245//3864
f  2245//3865 2259//3865 2260//3865
f  2245//3866 2260//3866 2246//3866
f  2246//3867 2260//3867 2261//3867
f  2246//3868 2261//3868 2247//3868
f  2247//3869 2261//3869 2262//3869
f  2247//3870 2262//3870 2248//3870
f  2248//3871 2262//3871 2263//3871
f  2248//3872 2263//3872 2249//3872
f  2249//3873 2263//3873 2264//3873
f  2249//3874 2264//3874 2250//3874
f  2250//3875 2264//3875 2265//3875
f  2250//3876 2265//3876 2201//3876
f  2201//3877 2265//3877 2266//3877
f  2201//3878 2266//3878 2199//3878
f  2267//3879 2268//3879 2269//3879
f  2198//3880 2200//3880 2270//3880
f  2271//3881 2272//3881 2273//3881
f  2274//3882 2202//3882 2196//3882
f  2271//3883 2273//3883 2275//3883
f  2273//3884 2276//3884 2275//3884
f  2275//3885 2276//3885 2269//3885
f  2275//3886 2269//3886 2277//3886
f  2277//3887 2269//3887 2268//3887
f  2277//3888 2268//3888 2278//3888
f  2196//3889 2195//3889 2279//3889
f  2280//3890 2281//3890 2282//3890
f  2282//3891 2281//3891 2283//3891
f  2282//3892 2283//3892 2284//3892
f  2284//3893 2283//3893 2270//3893
f  2284//3894 2270//3894 2285//3894
f  2285//3895 2270//3895 2200//3895
f  2285//3896 2200//3896 2199//3896
f  2280//3897 2286//3897 2281//3897
f  2281//3898 2286//3898 2287//3898
f  2281//3899 2287//3899 2283//3899
f  2283//3900 2287//3900 2288//3900
f  2283//3901 2288//3901 2270//3901
f  2270//3902 2288//3902 2279//3902
f  2270//3903 2279//3903 2198//3903
f  2198//3904 2279//3904 2195//3904
f  2286//3905 2267//3905 2287//3905
f  2287//3906 2267//3906 2269//3906
f  2287//3907 2269//3907 2288//3907
f  2288//3908 2269//3908 2276//3908
f  2288//3909 2276//3909 2279//3909
f  2279//3910 2276//3910 2273//3910
f  2279//3911 2273//3911 2196//3911
f  2196//3912 2273//3912 2272//3912
f  2196//3913 2272//3913 2274//3913
f  2286//3914 2280//3914 1918//3914
f  1926//3915 2278//3915 1925//3915
f  1925//3916 2278//3916 2268//3916
f  2267//3917 1920//3917 2268//3917
f  2268//3918 1920//3918 1923//3918
f  2268//3919 1923//3919 1925//3919
f  1918//3920 1916//3920 2286//3920
f  2286//3921 1916//3921 1915//3921
f  2286//3922 1915//3922 2267//3922
f  2267//3923 1915//3923 1921//3923
f  2267//3924 1921//3924 1920//3924
f  2289//3925 1761//3925 1771//3925
f  2290//3926 2045//3926 2043//3926
f  2290//3927 2043//3927 1765//3927
f  1765//3928 2043//3928 2041//3928
f  1765//3929 2041//3929 1767//3929
f  2038//3930 2289//3930 2048//3930
f  2048//3931 2289//3931 1771//3931
f  2048//3932 1771//3932 2040//3932
f  2040//3933 1771//3933 1772//3933
f  2040//3934 1772//3934 2041//3934
f  2041//3935 1772//3935 1768//3935
f  2041//3936 1768//3936 1767//3936
f  2291//3937 1644//3937 2292//3937
f  2292//3938 1644//3938 1646//3938
f  2292//3939 1646//3939 2293//3939
f  2294//3940 2295//3940 1648//3940
f  1648//3941 2295//3941 2296//3941
f  1648//3942 2296//3942 1646//3942
f  1646//3943 2296//3943 2297//3943
f  1646//3944 2297//3944 2293//3944
f  2294//3945 1648//3945 2298//3945
f  2298//3946 1648//3946 1649//3946
f  2298//3947 1649//3947 2299//3947
f  1594//3948 1595//3948 2300//3948
f  2300//3949 2301//3949 1594//3949
f  1594//3950 2301//3950 2302//3950
f  1594//3951 2302//3951 2303//3951
f  1596//3952 1651//3952 2304//3952
f  2304//3953 2305//3953 1596//3953
f  1596//3954 2305//3954 2306//3954
f  1596//3955 2306//3955 1595//3955
f  1595//3956 2306//3956 2307//3956
f  1595//3957 2307//3957 2300//3957
f  2308//3958 1607//3958 2309//3958
f  2309//3959 1607//3959 1608//3959
f  2309//3960 1608//3960 2310//3960
f  2311//3961 2312//3961 1567//3961
f  1567//3962 2312//3962 2313//3962
f  1567//3963 2313//3963 1608//3963
f  1608//3964 2313//3964 2314//3964
f  1608//3965 2314//3965 2310//3965
f  2311//3966 1567//3966 2315//3966
f  2315//3967 1567//3967 1593//3967
f  2315//3968 1593//3968 2316//3968
f  1571//3969 1569//3969 2317//3969
f  2317//3970 2318//3970 1571//3970
f  1571//3971 2318//3971 2319//3971
f  1571//3972 2319//3972 2320//3972
f  1568//3973 1597//3973 2321//3973
f  2321//3974 2322//3974 1568//3974
f  1568//3975 2322//3975 2323//3975
f  1568//3976 2323//3976 1569//3976
f  1569//3977 2323//3977 2324//3977
f  1569//3978 2324//3978 2317//3978
f  2325//3979 1622//3979 2326//3979
f  2326//3980 1622//3980 1620//3980
f  2326//3981 1620//3981 2327//3981
f  2328//3982 2329//3982 1570//3982
f  1570//3983 2329//3983 2330//3983
f  1570//3984 2330//3984 1620//3984
f  1620//3985 2330//3985 2331//3985
f  1620//3986 2331//3986 2327//3986
f  2328//3987 1570//3987 2332//3987
f  2332//3988 1570//3988 1589//3988
f  2332//3989 1589//3989 2333//3989
f  1573//3990 1572//3990 2334//3990
f  2334//3991 2335//3991 1573//3991
f  1573//3992 2335//3992 2336//3992
f  1573//3993 2336//3993 2337//3993
f  1637//3994 1636//3994 2338//3994
f  2338//3995 2339//3995 1637//3995
f  1637//3996 2339//3996 2340//3996
f  1637//3997 2340//3997 1572//3997
f  1572//3998 2340//3998 2341//3998
f  1572//3999 2341//3999 2334//3999
f  2342//4000 1610//4000 2343//4000
f  2343//4001 1610//4001 1609//4001
f  2343//4002 1609//4002 2344//4002
f  2345//4003 2346//4003 1564//4003
f  1564//4004 2346//4004 2347//4004
f  1564//4005 2347//4005 1609//4005
f  1609//4006 2347//4006 2348//4006
f  1609//4007 2348//4007 2344//4007
f  2345//4008 1564//4008 2349//4008
f  2349//4009 1564//4009 1576//4009
f  2349//4010 1576//4010 2350//4010
f  2332//4011 2333//4011 1824//4011
f  1824//4012 2333//4012 2351//4012
f  1824//4013 2351//4013 2352//4013
f  2352//4014 2353//4014 1824//4014
f  1824//4015 2353//4015 2354//4015
f  1824//4016 2354//4016 1808//4016
f  2325//4017 2326//4017 1823//4017
f  1823//4018 2326//4018 2327//4018
f  1823//4019 2327//4019 2331//4019
f  2331//4020 2330//4020 1823//4020
f  1823//4021 2330//4021 2329//4021
f  1823//4022 2329//4022 1824//4022
f  1824//4023 2329//4023 2328//4023
f  1824//4024 2328//4024 2332//4024
f  1842//4025 2355//4025 1841//4025
f  1841//4026 2355//4026 2356//4026
f  1841//4027 2356//4027 2357//4027
f  2357//4028 2358//4028 1841//4028
f  1841//4029 2358//4029 2337//4029
f  1841//4030 2337//4030 2336//4030
f  2336//4031 2335//4031 1841//4031
f  1841//4032 2335//4032 2334//4032
f  1841//4033 2334//4033 1840//4033
f  1840//4034 2334//4034 2341//4034
f  1840//4035 2341//4035 2340//4035
f  2359//4036 2360//4036 1825//4036
f  1825//4037 2360//4037 2361//4037
f  1825//4038 2361//4038 1821//4038
f  1821//4039 2361//4039 2362//4039
f  1821//4040 2362//4040 1822//4040
f  1822//4041 2362//4041 2363//4041
f  1822//4042 2363//4042 1823//4042
f  1823//4043 2363//4043 2364//4043
f  1823//4044 2364//4044 2325//4044
f  1825//4045 1826//4045 2359//4045
f  2359//4046 1826//4046 1830//4046
f  2359//4047 1830//4047 2365//4047
f  2365//4048 1830//4048 1829//4048
f  2365//4049 1829//4049 2366//4049
f  2366//4050 1829//4050 1828//4050
f  2366//4051 1828//4051 2367//4051
f  2367//4052 1828//4052 1827//4052
f  2367//4053 1827//4053 2368//4053
f  2368//4054 1827//4054 2369//4054
f  2369//4055 1827//4055 1831//4055
f  2369//4056 1831//4056 2370//4056
f  2370//4057 1831//4057 1832//4057
f  2370//4058 1832//4058 2371//4058
f  2371//4059 1832//4059 1836//4059
f  2371//4060 1836//4060 2372//4060
f  2372//4061 1836//4061 2373//4061
f  2373//4062 1836//4062 1835//4062
f  2373//4063 1835//4063 2374//4063
f  1835//4064 1834//4064 2374//4064
f  2374//4065 1834//4065 1833//4065
f  2374//4066 1833//4066 2375//4066
f  2375//4067 1833//4067 1837//4067
f  2375//4068 1837//4068 2376//4068
f  2376//4069 1837//4069 1838//4069
f  2376//4070 1838//4070 2377//4070
f  2377//4071 1838//4071 2378//4071
f  2378//4072 1838//4072 1839//4072
f  2378//4073 1839//4073 2379//4073
f  2379//4074 1839//4074 1840//4074
f  2379//4075 1840//4075 2338//4075
f  2338//4076 1840//4076 2340//4076
f  2338//4077 2340//4077 2339//4077
f  2323//4078 2322//4078 2321//4078
f  2315//4079 2316//4079 1851//4079
f  1851//4080 2316//4080 2380//4080
f  1851//4081 2380//4081 2381//4081
f  2381//4082 2382//4082 1851//4082
f  1851//4083 2382//4083 2383//4083
f  1851//4084 2383//4084 1852//4084
f  2314//4085 1865//4085 2310//4085
f  2310//4086 1865//4086 2309//4086
f  2314//4087 2313//4087 1865//4087
f  1865//4088 2313//4088 2312//4088
f  1865//4089 2312//4089 1851//4089
f  1851//4090 2312//4090 2311//4090
f  1851//4091 2311//4091 2315//4091
f  1877//4092 2384//4092 1876//4092
f  1876//4093 2384//4093 2385//4093
f  2385//4094 2386//4094 1876//4094
f  1876//4095 2386//4095 2387//4095
f  1876//4096 2387//4096 2320//4096
f  2320//4097 2319//4097 1876//4097
f  1876//4098 2319//4098 2318//4098
f  1876//4099 2318//4099 1875//4099
f  1875//4100 2318//4100 2317//4100
f  1875//4101 2317//4101 2324//4101
f  1866//4102 2388//4102 1867//4102
f  1867//4103 2388//4103 2389//4103
f  1867//4104 2389//4104 1868//4104
f  1868//4105 2389//4105 2390//4105
f  1868//4106 2390//4106 1869//4106
f  1869//4107 2390//4107 2391//4107
f  1869//4108 2391//4108 1865//4108
f  1865//4109 2391//4109 2308//4109
f  1865//4110 2308//4110 2309//4110
f  1872//4111 2392//4111 1871//4111
f  1871//4112 2392//4112 2393//4112
f  1871//4113 2393//4113 1870//4113
f  1870//4114 2393//4114 2394//4114
f  1870//4115 2394//4115 1866//4115
f  1866//4116 2394//4116 2395//4116
f  1866//4117 2395//4117 2388//4117
f  2324//4118 2323//4118 1875//4118
f  1875//4119 2323//4119 2321//4119
f  1875//4120 2321//4120 1874//4120
f  1874//4121 2321//4121 2396//4121
f  1874//4122 2396//4122 1873//4122
f  1873//4123 2396//4123 2397//4123
f  1873//4124 2397//4124 1872//4124
f  1872//4125 2397//4125 2398//4125
f  1872//4126 2398//4126 2392//4126
f  1790//4127 1791//4127 2399//4127
f  1913//4128 1933//4128 2400//4128
f  1783//4129 1784//4129 2401//4129
f  1784//4130 1785//4130 2401//4130
f  2401//4131 1785//4131 1786//4131
f  2401//4132 1786//4132 2402//4132
f  1913//4133 2400//4133 1914//4133
f  1914//4134 2400//4134 1781//4134
f  1914//4135 1781//4135 1782//4135
f  1782//4136 1783//4136 1914//4136
f  1914//4137 1783//4137 2401//4137
f  1914//4138 2401//4138 1928//4138
f  1928//4139 2401//4139 2403//4139
f  1928//4140 2403//4140 1948//4140
f  1948//4141 2403//4141 2404//4141
f  1948//4142 2404//4142 1946//4142
f  1946//4143 2404//4143 2405//4143
f  1946//4144 2405//4144 1945//4144
f  1945//4145 2405//4145 1943//4145
f  1943//4146 2405//4146 2342//4146
f  1943//4147 2342//4147 2343//4147
f  2343//4148 2344//4148 1943//4148
f  1943//4149 2344//4149 2348//4149
f  1943//4150 2348//4150 2347//4150
f  2347//4151 2346//4151 1943//4151
f  1943//4152 2346//4152 2345//4152
f  1943//4153 2345//4153 2349//4153
f  2406//4154 1939//4154 2407//4154
f  2407//4155 1939//4155 1943//4155
f  2407//4156 1943//4156 2350//4156
f  2350//4157 1943//4157 2349//4157
f  2406//4158 2408//4158 1939//4158
f  1939//4159 2408//4159 2409//4159
f  1939//4160 2409//4160 1940//4160
f  1786//4161 1787//4161 2402//4161
f  2402//4162 1787//4162 1788//4162
f  2402//4163 1788//4163 2399//4163
f  2399//4164 1788//4164 1789//4164
f  2399//4165 1789//4165 1790//4165
f  2410//4166 2411//4166 2092//4166
f  2045//4167 2412//4167 2413//4167
f  2412//4168 2045//4168 2290//4168
f  2298//4169 2299//4169 2089//4169
f  2089//4170 2299//4170 2414//4170
f  2089//4171 2414//4171 2415//4171
f  2130//4172 2090//4172 2095//4172
f  2095//4173 2090//4173 2089//4173
f  2095//4174 2089//4174 2096//4174
f  2096//4175 2089//4175 2415//4175
f  2292//4176 2293//4176 2089//4176
f  2089//4177 2293//4177 2297//4177
f  2089//4178 2297//4178 2296//4178
f  2296//4179 2295//4179 2089//4179
f  2089//4180 2295//4180 2294//4180
f  2089//4181 2294//4181 2298//4181
f  2092//4182 2411//4182 2089//4182
f  2089//4183 2411//4183 2291//4183
f  2089//4184 2291//4184 2292//4184
f  2092//4185 2093//4185 2410//4185
f  2410//4186 2093//4186 2050//4186
f  2410//4187 2050//4187 2416//4187
f  2416//4188 2050//4188 2049//4188
f  2416//4189 2049//4189 2417//4189
f  2417//4190 2049//4190 2063//4190
f  2417//4191 2063//4191 2418//4191
f  2418//4192 2063//4192 2064//4192
f  2418//4193 2064//4193 2419//4193
f  2419//4194 2064//4194 2065//4194
f  2419//4195 2065//4195 2420//4195
f  2065//4196 2068//4196 2420//4196
f  2420//4197 2068//4197 2067//4197
f  2420//4198 2067//4198 2421//4198
f  2421//4199 2067//4199 2066//4199
f  2421//4200 2066//4200 2422//4200
f  2422//4201 2066//4201 2072//4201
f  2422//4202 2072//4202 2423//4202
f  2423//4203 2072//4203 2071//4203
f  2423//4204 2071//4204 2424//4204
f  2424//4205 2071//4205 2070//4205
f  2424//4206 2070//4206 2425//4206
f  2425//4207 2070//4207 2069//4207
f  2425//4208 2069//4208 2426//4208
f  2426//4209 2069//4209 2073//4209
f  2426//4210 2073//4210 2427//4210
f  2427//4211 2073//4211 2074//4211
f  2427//4212 2074//4212 2428//4212
f  2428//4213 2074//4213 2075//4213
f  2428//4214 2075//4214 2429//4214
f  2429//4215 2075//4215 2430//4215
f  2075//4216 2076//4216 2430//4216
f  2430//4217 2076//4217 2077//4217
f  2430//4218 2077//4218 2431//4218
f  2431//4219 2077//4219 2081//4219
f  2431//4220 2081//4220 2432//4220
f  2432//4221 2081//4221 2080//4221
f  2432//4222 2080//4222 2433//4222
f  2080//4223 2079//4223 2433//4223
f  2433//4224 2079//4224 2078//4224
f  2433//4225 2078//4225 2434//4225
f  2434//4226 2078//4226 2082//4226
f  2434//4227 2082//4227 2435//4227
f  2435//4228 2082//4228 2083//4228
f  2435//4229 2083//4229 2436//4229
f  2436//4230 2083//4230 2437//4230
f  2437//4231 2083//4231 2084//4231
f  2437//4232 2084//4232 2413//4232
f  2413//4233 2084//4233 2085//4233
f  2413//4234 2085//4234 2045//4234
f  2438//4235 1764//4235 1766//4235
f  1908//4236 1909//4236 2304//4236
f  1909//4237 2303//4237 2302//4237
f  2302//4238 2301//4238 1909//4238
f  1909//4239 2301//4239 2300//4239
f  1909//4240 2300//4240 2307//4240
f  2307//4241 2306//4241 1909//4241
f  1909//4242 2306//4242 2305//4242
f  1909//4243 2305//4243 2304//4243
f  1910//4244 1911//4244 2439//4244
f  2439//4245 2440//4245 1910//4245
f  1910//4246 2440//4246 2441//4246
f  1910//4247 2441//4247 1909//4247
f  1909//4248 2441//4248 2442//4248
f  1909//4249 2442//4249 2303//4249
f  2304//4250 2443//4250 1908//4250
f  1908//4251 2443//4251 2444//4251
f  1908//4252 2444//4252 1907//4252
f  1907//4253 2444//4253 2445//4253
f  1907//4254 2445//4254 1906//4254
f  1906//4255 2445//4255 2446//4255
f  1906//4256 2446//4256 1896//4256
f  1766//4257 1770//4257 1893//4257
f  1893//4258 1879//4258 1766//4258
f  1766//4259 1879//4259 1878//4259
f  1766//4260 1878//4260 1895//4260
f  1896//4261 2446//4261 1894//4261
f  1894//4262 2446//4262 2447//4262
f  1894//4263 2447//4263 1895//4263
f  1895//4264 2447//4264 1766//4264
f  1766//4265 2447//4265 2448//4265
f  1766//4266 2448//4266 2438//4266
f  1678//4267 1691//4267 1967//4267
f  1967//4268 1691//4268 2449//4268
f  1967//4269 2449//4269 1966//4269
f  2449//4270 2450//4270 1966//4270
f  1966//4271 2450//4271 2451//4271
f  1966//4272 2451//4272 1965//4272
f  1965//4273 2451//4273 2452//4273
f  1965//4274 2452//4274 1964//4274
f  1964//4275 2452//4275 2453//4275
f  1964//4276 2453//4276 1963//4276
f  1963//4277 2453//4277 2454//4277
f  1963//4278 2454//4278 1962//4278
f  2455//4279 1960//4279 2456//4279
f  2456//4280 1960//4280 1961//4280
f  2456//4281 1961//4281 2457//4281
f  2457//4282 1961//4282 1962//4282
f  2457//4283 1962//4283 2458//4283
f  2458//4284 1962//4284 2454//4284
f  2459//4285 2002//4285 2460//4285
f  2460//4286 2002//4286 2006//4286
f  2460//4287 2006//4287 2461//4287
f  2461//4288 2006//4288 2005//4288
f  2461//4289 2005//4289 2462//4289
f  2462//4290 2005//4290 1960//4290
f  2462//4291 1960//4291 2455//4291
f  1999//4292 1998//4292 2459//4292
f  2459//4293 1998//4293 2003//4293
f  2459//4294 2003//4294 2002//4294
f  2459//4295 2463//4295 1999//4295
f  1999//4296 2463//4296 2464//4296
f  1999//4297 2464//4297 2000//4297
f  2000//4298 2464//4298 1994//4298
f  1994//4299 2464//4299 2465//4299
f  1994//4300 2465//4300 1995//4300
f  2465//4301 2466//4301 1995//4301
f  1995//4302 2466//4302 2467//4302
f  1995//4303 2467//4303 1996//4303
f  1996//4304 2467//4304 2468//4304
f  1996//4305 2468//4305 1992//4305
f  1992//4306 2468//4306 2469//4306
f  1992//4307 2469//4307 1990//4307
f  1990//4308 2469//4308 2470//4308
f  1990//4309 2470//4309 1988//4309
f  1988//4310 2470//4310 2471//4310
f  1987//4311 1986//4311 2472//4311
f  2472//4312 1986//4312 1985//4312
f  2472//4313 1985//4313 2473//4313
f  2473//4314 1985//4314 1971//4314
f  2473//4315 1971//4315 2471//4315
f  2471//4316 1971//4316 1970//4316
f  2471//4317 1970//4317 1988//4317
f  1987//4318 2472//4318 1983//4318
f  1983//4319 2472//4319 2474//4319
f  1983//4320 2474//4320 1984//4320
f  1984//4321 2474//4321 2475//4321
f  1984//4322 2475//4322 1980//4322
f  1980//4323 2475//4323 2476//4323
f  1980//4324 2476//4324 1981//4324
f  1981//4325 2476//4325 2477//4325
f  1981//4326 2477//4326 1977//4326
f  2477//4327 2478//4327 1977//4327
f  1977//4328 2478//4328 2479//4328
f  1977//4329 2479//4329 1978//4329
f  2479//4330 2480//4330 1978//4330
f  1978//4331 2480//4331 2481//4331
f  1978//4332 2481//4332 1973//4332
f  1973//4333 2481//4333 2025//4333
f  2025//4334 2481//4334 2482//4334
f  2025//4335 2482//4335 2009//4335
f  2009//4336 2482//4336 2483//4336
f  2009//4337 2483//4337 2024//4337
f  2024//4338 2483//4338 2484//4338
f  2024//4339 2484//4339 2022//4339
f  2022//4340 2484//4340 2485//4340
f  2022//4341 2485//4341 2021//4341
f  2021//4342 2485//4342 2486//4342
f  2021//4343 2486//4343 2019//4343
f  2019//4344 2486//4344 2487//4344
f  2019//4345 2487//4345 2017//4345
f  2488//4346 2012//4346 2489//4346
f  2489//4347 2012//4347 2015//4347
f  2489//4348 2015//4348 2490//4348
f  2490//4349 2015//4349 2017//4349
f  2490//4350 2017//4350 2491//4350
f  2491//4351 2017//4351 2487//4351
f  2488//4352 2492//4352 2012//4352
f  2012//4352 2492//4352 2026//4352
f  2026//4353 2492//4353 2493//4353
f  2026//4354 2493//4354 2036//4354
f  2493//4355 2494//4355 2036//4355
f  2036//4356 2494//4356 2495//4356
f  2036//4357 2495//4357 2035//4357
f  2035//4358 2495//4358 2496//4358
f  2035//4359 2496//4359 2032//4359
f  2496//4360 2497//4360 2032//4360
f  2032//4361 2497//4361 2498//4361
f  2032//4362 2498//4362 2030//4362
f  2030//4363 2498//4363 2499//4363
f  2030//4364 2499//4364 2028//4364
f  2028//4365 2499//4365 1758//4365
f  2038//4366 2028//4366 2289//4366
f  2289//4367 2028//4367 1758//4367
f  2289//4368 1758//4368 1761//4368
f  2457//4369 2285//4369 2456//4369
f  2456//4370 2285//4370 2199//4370
f  2456//4371 2199//4371 2455//4371
f  2457//4372 2458//4372 2285//4372
f  2285//4373 2458//4373 2454//4373
f  2285//4374 2454//4374 2284//4374
f  2451//4375 2282//4375 2452//4375
f  2452//4376 2282//4376 2284//4376
f  2452//4377 2284//4377 2453//4377
f  2453//4378 2284//4378 2454//4378
f  1691//4379 2280//4379 2449//4379
f  2449//4380 2280//4380 2282//4380
f  2449//4381 2282//4381 2450//4381
f  2450//4382 2282//4382 2451//4382
f  2490//4383 2182//4383 2489//4383
f  2489//4384 2182//4384 2164//4384
f  2489//4385 2164//4385 2488//4385
f  2490//4386 2491//4386 2182//4386
f  2182//4387 2491//4387 2487//4387
f  2182//4388 2487//4388 2184//4388
f  2484//4389 2186//4389 2485//4389
f  2485//4390 2186//4390 2184//4390
f  2485//4391 2184//4391 2486//4391
f  2486//4392 2184//4392 2487//4392
f  2481//4393 2188//4393 2482//4393
f  2482//4394 2188//4394 2186//4394
f  2482//4395 2186//4395 2483//4395
f  2483//4396 2186//4396 2484//4396
f  2155//4397 1759//4397 1758//4397
f  1758//4398 2499//4398 2155//4398
f  2155//4399 2499//4399 2498//4399
f  2155//4400 2498//4400 2135//4400
f  2135//4401 2498//4401 2497//4401
f  2135//4402 2497//4402 2136//4402
f  2497//4403 2496//4403 2136//4403
f  2136//4404 2496//4404 2495//4404
f  2136//4405 2495//4405 2159//4405
f  2159//4406 2495//4406 2494//4406
f  2159//4407 2494//4407 2160//4407
f  2160//4408 2494//4408 2493//4408
f  2160//4409 2493//4409 2161//4409
f  2161//4410 2493//4410 2492//4410
f  2161//4411 2492//4411 2162//4411
f  2299//4412 1649//4412 2414//4412
f  2414//4413 1649//4413 1650//4413
f  2414//4414 1650//4414 2415//4414
f  2415//4415 1650//4415 2096//4415
f  2096//4416 1650//4416 2109//4416
f  2109//4417 1650//4417 1579//4417
f  2109//4418 1579//4418 2110//4418
f  2110//4419 1579//4419 2112//4419
f  2112//4420 1579//4420 1581//4420
f  2112//4421 1581//4421 2114//4421
f  2114//4422 1581//4422 2115//4422
f  2115//4423 1581//4423 1580//4423
f  2115//4424 1580//4424 2116//4424
f  2116//4425 1580//4425 2118//4425
f  2118//4426 1580//4426 1578//4426
f  2118//4427 1578//4427 2120//4427
f  2120//4428 1578//4428 2107//4428
f  2107//4429 1578//4429 1577//4429
f  2107//4430 1577//4430 2108//4430
f  1911//4431 1899//4431 1583//4431
f  2316//4432 1593//4432 2380//4432
f  2380//4433 1593//4433 1592//4433
f  1854//4434 1855//4434 1584//4434
f  1584//4435 1855//4435 1852//4435
f  1852//4436 2383//4436 1584//4436
f  1584//4437 2383//4437 2382//4437
f  1584//4438 2382//4438 1592//4438
f  1592//4439 2382//4439 2381//4439
f  1592//4440 2381//4440 2380//4440
f  1899//4441 1898//4441 1583//4441
f  1583//4442 1898//4442 1901//4442
f  1583//4443 1901//4443 1584//4443
f  1584//4444 1901//4444 1853//4444
f  1584//4445 1853//4445 1854//4445
f  1594//4446 2303//4446 1582//4446
f  1582//4447 2303//4447 2442//4447
f  2442//4448 2441//4448 1582//4448
f  1582//4449 2441//4449 2440//4449
f  1582//4450 2440//4450 1583//4450
f  1583//4451 2440//4451 2439//4451
f  1583//4452 2439//4452 1911//4452
f  1842//4453 1805//4453 1591//4453
f  2350//4454 1576//4454 2407//4454
f  2407//4455 1576//4455 1575//4455
f  1936//4456 1942//4456 1574//4456
f  1574//4457 1942//4457 1940//4457
f  1940//4458 2409//4458 1574//4458
f  1574//4459 2409//4459 2408//4459
f  1574//4460 2408//4460 1575//4460
f  1575//4461 2408//4461 2406//4461
f  1575//4462 2406//4462 2407//4462
f  1805//4463 1804//4463 1591//4463
f  1591//4464 1804//4464 1807//4464
f  1591//4465 1807//4465 1574//4465
f  1574//4466 1807//4466 1937//4466
f  1574//4467 1937//4467 1936//4467
f  1573//4468 2337//4468 1590//4468
f  1590//4469 2337//4469 2358//4469
f  2358//4470 2357//4470 1590//4470
f  1590//4471 2357//4471 2356//4471
f  1590//4472 2356//4472 1591//4472
f  1591//4473 2356//4473 2355//4473
f  1591//4474 2355//4474 1842//4474
f  1877//4475 1848//4475 1585//4475
f  2333//4476 1589//4476 2351//4476
f  2351//4477 1589//4477 1588//4477
f  1799//4478 1798//4478 1586//4478
f  1586//4479 1798//4479 1808//4479
f  1808//4480 2354//4480 1586//4480
f  1586//4481 2354//4481 2353//4481
f  1586//4482 2353//4482 1588//4482
f  1588//4483 2353//4483 2352//4483
f  1588//4484 2352//4484 2351//4484
f  1848//4485 1847//4485 1585//4485
f  1585//4486 1847//4486 1850//4486
f  1585//4487 1850//4487 1586//4487
f  1586//4488 1850//4488 1801//4488
f  1586//4489 1801//4489 1799//4489
f  1571//4490 2320//4490 1587//4490
f  1587//4491 2320//4491 2387//4491
f  2387//4492 2386//4492 1587//4492
f  1587//4493 2386//4493 2385//4493
f  1587//4494 2385//4494 1585//4494
f  1585//4495 2385//4495 2384//4495
f  1585//4496 2384//4496 1877//4496
f  1935//4497 1934//4497 1690//4497
f  1690//4498 1934//4498 1930//4498
f  1690//4499 1930//4499 1929//4499
f  2280//4500 1691//4500 1918//4500
f  1918//4501 1691//4501 1690//4501
f  1918//4502 1690//4502 1919//4502
f  1919//4503 1690//4503 1929//4503
f  1935//4504 1690//4504 1933//4504
f  1933//4505 1690//4505 1779//4505
f  1933//4506 1779//4506 2400//4506
f  2400//4507 1779//4507 1778//4507
f  2400//4508 1778//4508 1781//4508
f  2488//4509 2164//4509 2492//4509
f  2492//4510 2164//4510 2162//4510
f  2455//4511 2199//4511 2462//4511
f  2462//4512 2199//4512 2266//4512
f  2462//4513 2266//4513 2461//4513
f  2461//4514 2266//4514 2265//4514
f  2461//4515 2265//4515 2460//4515
f  2460//4516 2265//4516 2264//4516
f  2460//4517 2264//4517 2459//4517
f  2459//4518 2264//4518 2263//4518
f  2259//4519 2468//4519 2260//4519
f  2260//4520 2468//4520 2467//4520
f  2260//4521 2467//4521 2261//4521
f  2467//4522 2466//4522 2261//4522
f  2261//4523 2466//4523 2465//4523
f  2261//4524 2465//4524 2262//4524
f  2262//4525 2465//4525 2464//4525
f  2262//4526 2464//4526 2263//4526
f  2263//4527 2464//4527 2463//4527
f  2263//4528 2463//4528 2459//4528
f  2188//4529 2481//4529 2480//4529
f  2188//4530 2480//4530 2193//4530
f  2193//4531 2480//4531 2479//4531
f  2193//4532 2479//4532 2251//4532
f  2479//4533 2478//4533 2251//4533
f  2251//4534 2478//4534 2477//4534
f  2251//4535 2477//4535 2252//4535
f  2252//4536 2477//4536 2476//4536
f  2252//4537 2476//4537 2253//4537
f  2253//4538 2476//4538 2475//4538
f  2253//4539 2475//4539 2254//4539
f  2254//4540 2475//4540 2474//4540
f  2254//4541 2474//4541 2255//4541
f  2255//4542 2474//4542 2472//4542
f  2255//4543 2472//4543 2256//4543
f  2256//4544 2472//4544 2473//4544
f  2256//4545 2473//4545 2257//4545
f  2257//4546 2473//4546 2471//4546
f  2257//4547 2471//4547 2258//4547
f  2258//4548 2471//4548 2470//4548
f  2258//4549 2470//4549 2259//4549
f  2259//4550 2470//4550 2469//4550
f  2259//4551 2469//4551 2468//4551
f  2181//4552 2235//4552 1860//4552
f  2235//4553 2233//4553 1860//4553
f  1860//4554 2233//4554 2231//4554
f  1860//4555 2231//4555 1849//4555
f  1849//4556 2231//4556 2229//4556
f  1849//4557 2229//4557 1850//4557
f  1850//4558 2229//4558 2227//4558
f  1850//4559 2227//4559 1801//4559
f  1801//4560 2227//4560 2225//4560
f  1844//456 1853//456 2131//456
f  2131//456 1853//456 1901//456
f  2131//456 1901//456 1900//456
f  1900//456 1903//456 2131//456
f  2131//456 1903//456 1905//456
f  2131//456 1905//456 1881//456
f  2131//456 2163//456 1844//456
f  1844//456 2163//456 2142//456
f  1844//456 2142//456 1845//456
f  1845//4561 2142//4561 2140//4561
f  1845//4562 2140//4562 1856//4562
f  1856//4563 2140//4563 2143//4563
f  1856//4564 2143//4564 1864//4564
f  1864//4565 2143//4565 2145//4565
f  1864//4566 2145//4566 1862//4566
f  1862//4567 2145//4567 2147//4567
f  1862//4568 2147//4568 1860//4568
f  1860//4569 2147//4569 2151//4569
f  1860//4570 2151//4570 2169//4570
f  2169//4571 2177//4571 1860//4571
f  1860//4572 2177//4572 2175//4572
f  1860//4573 2175//4573 2174//4573
f  1938//456 1937//456 2203//456
f  2203//456 1937//456 1807//456
f  2203//456 1807//456 2205//456
f  2205//456 1807//456 1806//456
f  2205//456 1806//456 2207//456
f  2207//456 1806//456 1818//456
f  2207//456 1818//456 2209//456
f  2209//456 1818//456 1820//456
f  2209//456 1820//456 2211//456
f  2211//456 1820//456 1814//456
f  2211//456 1814//456 2213//456
f  2213//456 1814//456 1794//456
f  2213//456 1794//456 2215//456
f  2215//456 1794//456 1793//456
f  2215//456 1793//456 2217//456
f  2217//4574 1793//4574 1811//4574
f  2217//4575 1811//4575 2219//4575
f  2219//4576 1811//4576 1797//4576
f  2219//4577 1797//4577 2221//4577
f  2221//4578 1797//4578 1796//4578
f  2221//4579 1796//4579 2223//4579
f  2223//4580 1796//4580 1809//4580
f  2223//4581 1809//4581 2225//4581
f  2225//4582 1809//4582 1802//4582
f  2225//4583 1802//4583 1801//4583
f  2278//4584 1926//4584 1950//4584
f  2174//456 2178//456 1860//456
f  1860//4585 2178//4585 2180//4585
f  1860//4586 2180//4586 2181//4586
f  2272//4587 1949//4587 2274//4587
f  2274//4588 1949//4588 1938//4588
f  2274//456 1938//456 2202//456
f  2202//456 1938//456 2203//456
f  2272//4589 2271//4589 1949//4589
f  1949//4590 2271//4590 2275//4590
f  1949//4591 2275//4591 1950//4591
f  1950//4592 2275//4592 2277//4592
f  1950//4593 2277//4593 2278//4593
f  2308//4594 2391//4594 1607//4594
f  1607//4595 2391//4595 1605//4595
f  2388//4596 1603//4596 2389//4596
f  2389//4597 1603//4597 1605//4597
f  2389//4598 1605//4598 2390//4598
f  2390//4599 1605//4599 2391//4599
f  2393//4600 1601//4600 2394//4600
f  2394//4601 1601//4601 1603//4601
f  2394//4602 1603//4602 2395//4602
f  2395//4603 1603//4603 2388//4603
f  2393//4604 2392//4604 1601//4604
f  1601//4605 2392//4605 2398//4605
f  1601//4606 2398//4606 1599//4606
f  2321//4607 1597//4607 2396//4607
f  2396//4608 1597//4608 1599//4608
f  2396//4609 1599//4609 2397//4609
f  2397//4610 1599//4610 2398//4610
f  1622//4611 2325//4611 2364//4611
f  1622//4612 2364//4612 1624//4612
f  1624//4613 2364//4613 2363//4613
f  1624//4614 2363//4614 2362//4614
f  2362//4615 2361//4615 1624//4615
f  1624//4616 2361//4616 2360//4616
f  1624//4617 2360//4617 1626//4617
f  2360//4618 2359//4618 1626//4618
f  1626//4619 2359//4619 2365//4619
f  1626//4620 2365//4620 1628//4620
f  2365//4621 2366//4621 1628//4621
f  1628//4622 2366//4622 2367//4622
f  1628//4623 2367//4623 2368//4623
f  2371//4624 1630//4624 2370//4624
f  2370//4625 1630//4625 1628//4625
f  2370//4626 1628//4626 2369//4626
f  2369//4627 1628//4627 2368//4627
f  2371//4628 2372//4628 1630//4628
f  1630//4629 2372//4629 2373//4629
f  1630//4630 2373//4630 1632//4630
f  2373//4631 2374//4631 1632//4631
f  1632//4632 2374//4632 2375//4632
f  1632//4633 2375//4633 1634//4633
f  1634//4634 2375//4634 2376//4634
f  1634//4635 2376//4635 2377//4635
f  2338//4636 1636//4636 2379//4636
f  2379//4637 1636//4637 1634//4637
f  2379//4638 1634//4638 2378//4638
f  2378//4639 1634//4639 2377//4639
f  1614//4640 1722//4640 1721//4640
f  1614//4641 1613//4641 2399//4641
f  2399//4642 1791//4642 1614//4642
f  1614//4643 1791//4643 1775//4643
f  1614//4644 1775//4644 1722//4644
f  1722//4645 1775//4645 1773//4645
f  1685//4646 1684//4646 1773//4646
f  1773//4647 1684//4647 2008//4647
f  2008//4648 2007//4648 1773//4648
f  1773//4649 2007//4649 1708//4649
f  1773//4650 1708//4650 1722//4650
f  2404//4651 2403//4651 1612//4651
f  1612//4652 2403//4652 2401//4652
f  1612//4653 2401//4653 1613//4653
f  1613//4654 2401//4654 2402//4654
f  1613//4655 2402//4655 2399//4655
f  2404//4656 1612//4656 2405//4656
f  2405//4657 1612//4657 1610//4657
f  2405//4658 1610//4658 2342//4658
f  2101//4659 2105//4659 2500//4659
f  2105//4660 2106//4660 2500//4660
f  2500//4661 2106//4661 2108//4661
f  2500//4662 2108//4662 1577//4662
f  2099//4663 2098//4663 2500//4663
f  2500//4664 2098//4664 2102//4664
f  2500//4665 2102//4665 2101//4665
f  2099//4666 2500//4666 1720//4666
f  1720//4667 2500//4667 1577//4667
f  1720//4668 1577//4668 1721//4668
f  1721//4669 1577//4669 1616//4669
f  1721//4670 1616//4670 1614//4670
f  2501//4671 1673//4671 1654//4671
f  1531//4672 1530//4672 2501//4672
f  2501//4673 1654//4673 1531//4673
f  1531//4674 1654//4674 1652//4674
f  1531//4675 1652//4675 1521//4675
f  1521//4676 1652//4676 1566//4676
f  1521//4677 1566//4677 1522//4677
f  1522//4678 1566//4678 1565//4678
f  1522//4679 1565//4679 1532//4679
f  1532//4680 1565//4680 1606//4680
f  1532//4681 1606//4681 1533//4681
f  1533//4682 1606//4682 1604//4682
f  1533//4683 1604//4683 1534//4683
f  1534//4684 1604//4684 1602//4684
f  1534//4684 1602//4684 1540//4684
f  1540//4685 1602//4685 1600//4685
f  1540//4685 1600//4685 1549//4685
f  1549//4686 1600//4686 1598//4686
f  1549//4686 1598//4686 1550//4686
f  1550//4687 1598//4687 1619//4687
f  1550//4688 1619//4688 1551//4688
f  1551//4689 1619//4689 1621//4689
f  1551//4690 1621//4690 1552//4690
f  1552//4691 1621//4691 1623//4691
f  1552//4692 1623//4692 1553//4692
f  1553//4693 1623//4693 1625//4693
f  1553//4693 1625//4693 1554//4693
f  1554//4694 1625//4694 1627//4694
f  1554//4694 1627//4694 1559//4694
f  1559//4695 1627//4695 1629//4695
f  1559//4696 1629//4696 1560//4696
f  1560//4697 1629//4697 1631//4697
f  1560//4697 1631//4697 1561//4697
f  1561//4698 1631//4698 1633//4698
f  1561//4699 1633//4699 1539//4699
f  1539//4700 1633//4700 1635//4700
f  1539//4701 1635//4701 1541//4701
f  1541//4702 1635//4702 1563//4702
f  1541//4702 1563//4702 1542//4702
f  1542//4703 1563//4703 1562//4703
f  1542//4704 1562//4704 1523//4704
f  1523//4705 1562//4705 1611//4705
f  1523//4706 1611//4706 1529//4706
f  1529//4707 1611//4707 1515//4707
f  1529//4708 1515//4708 1514//4708
f  2304//4709 1651//4709 2443//4709
f  2443//4710 1651//4710 1653//4710
f  1655//4711 2448//4711 2447//4711
f  2447//4712 2446//4712 1655//4712
f  1655//4713 2446//4713 2445//4713
f  1655//4714 2445//4714 1653//4714
f  1653//4715 2445//4715 2444//4715
f  1653//4716 2444//4716 2443//4716
f  2290//4717 1765//4717 1764//4717
f  2412//4718 2290//4718 1658//4718
f  1658//4719 2290//4719 1764//4719
f  1658//4720 1764//4720 1655//4720
f  1655//4721 1764//4721 2438//4721
f  1655//4722 2438//4722 2448//4722
f  1644//4723 2291//4723 1642//4723
f  1642//4724 2291//4724 2411//4724
f  2417//4725 1640//4725 2416//4725
f  2416//4726 1640//4726 1642//4726
f  2416//4727 1642//4727 2410//4727
f  2410//4728 1642//4728 2411//4728
f  2417//4729 2418//4729 1640//4729
f  1640//4730 2418//4730 2419//4730
f  1640//4731 2419//4731 1638//4731
f  1638//4732 2419//4732 2420//4732
f  1638//4733 2420//4733 1670//4733
f  2420//4734 2421//4734 1670//4734
f  1670//4735 2421//4735 2422//4735
f  1670//4736 2422//4736 1668//4736
f  1668//4737 2422//4737 2423//4737
f  1668//4738 2423//4738 2424//4738
f  2427//4739 1666//4739 2426//4739
f  2426//4740 1666//4740 1668//4740
f  2426//4741 1668//4741 2425//4741
f  2425//4742 1668//4742 2424//4742
f  2427//4743 2428//4743 1666//4743
f  1666//4744 2428//4744 2429//4744
f  1666//4745 2429//4745 1664//4745
f  2429//4746 2430//4746 1664//4746
f  1664//4747 2430//4747 2431//4747
f  1664//4748 2431//4748 1662//4748
f  2431//4749 2432//4749 1662//4749
f  1662//4750 2432//4750 2433//4750
f  1662//4751 2433//4751 1660//4751
f  1660//4752 2433//4752 2434//4752
f  1660//4753 2434//4753 2435//4753
f  2435//4754 2436//4754 1660//4754
f  1660//4755 2436//4755 2437//4755
f  1660//4756 2437//4756 1658//4756
f  1658//4757 2437//4757 2413//4757
f  1658//4758 2413//4758 2412//4758

