# File produced by Open Asset Import Library (http://www.assimp.sf.net)
# (assimp v5.2.0)

mtllib right_shoulder_pitch_link.mtl

# 1770 vertex positions
v  0.0310357101 -0.014062508 -0.00177877571
v  0.0304359719 -0.014062508 -0.00177877571
v  0.0304359719 -0.0119808447 -0.00740749389
v  0.0310358815 -0.0119808447 -0.00740749389
v  0.0304359719 -0.011203873 -0.0133582717
v  0.0310358554 -0.011203873 -0.0133582717
v  0.0304359719 -0.0117705576 -0.0193327758
v  0.0310358275 -0.0117705576 -0.0193327758
v  0.0304359719 -0.0136524932 -0.0250313673
v  0.0310357995 -0.0136524932 -0.0250313673
v  0.0304359719 -0.0167553071 -0.0301683266
v  0.0310357735 -0.0167553071 -0.0301683266
v  0.0304359719 -0.020923391 -0.0344860666
v  0.0310357474 -0.020923391 -0.0344860666
v  0.0304359719 -0.0259477627 -0.0377680399
v  0.0310357269 -0.0259477627 -0.0377680399
v  0.0304359719 -0.0315764807 -0.0398497023
v  0.031035712 -0.0315764807 -0.0398497023
v  0.0304359719 -0.0375272743 -0.0406266786
v  0.0310357008 -0.0375272743 -0.0406266786
v  0.0304359719 -0.043501772 -0.04005998
v  0.0310356971 -0.043501772 -0.04005998
v  0.0304359719 -0.0492003784 -0.0381780304
v  0.031035699 -0.0492003784 -0.0381780304
v  0.0304359719 -0.0543373264 -0.0350752436
v  0.0310357064 -0.0543373264 -0.0350752436
v  0.0304359719 -0.0586550459 -0.0309071541
v  0.0310357194 -0.0586550459 -0.0309071541
v  0.0304359719 -0.0619370304 -0.0258827712
v  0.0310357101 -0.0619370304 -0.0258827712
v  0.0304359719 -0.0640186965 -0.0202540532
v  0.0310357623 -0.0640186965 -0.0202540532
v  0.0304359719 -0.064795658 -0.0143032735
v  0.0310357884 -0.064795658 -0.0143032735
v  0.0304359719 -0.0642289743 -0.00832876936
v  0.0310358163 -0.0642289743 -0.00832876936
v  0.0304359719 -0.0623470396 -0.00263017765
v  0.0310358442 -0.0623470396 -0.00263017765
v  0.0304359719 -0.0592442304 0.00250677858
v  0.0310358722 -0.0592442304 0.00250677858
v  0.0304359719 -0.0550761484 0.00682452042
v  0.0310358964 -0.0550761484 0.00682452042
v  0.0304359719 -0.0500517711 0.0101064947
v  0.0310359169 -0.0500517711 0.0101064947
v  0.0304359719 -0.0444230586 0.0121881561
v  0.0310359336 -0.0444230586 0.0121881561
v  0.0304359719 -0.038472265 0.0129651316
v  0.031035943 -0.038472265 0.0129651316
v  0.0304359719 -0.0324977562 0.0123984329
v  0.0310359485 -0.0324977562 0.0123984329
v  0.0304359719 -0.0267991703 0.0105165113
v  0.0310359467 -0.0267991703 0.0105165113
v  0.0304359719 -0.021662211 0.00741369696
v  0.0310359374 -0.021662211 0.00741369696
v  0.0304359719 -0.0173444841 0.00324560911
v  0.0310359243 -0.0173444841 0.00324560911
v  -0.0113624427 -0.00437936001 -0.0261371378
v  -0.0136759952 -0.00425073598 -0.025004318
v  -0.0136760194 -2.51745025e-09 -0.0250043366
v  -0.0274178032 -0.00399989681 -0.00777945248
v  -0.0278888773 -0.00400028331 -0.00583813433
v  -0.0278953034 -5.00167419e-09 -0.00583968451
v  -0.00937579479 -0.00399992615 0.0269136485
v  -0.00747177703 -0.00399993127 0.027503144
v  -0.00747177703 -2.30374875e-09 0.0275031365
v  0.000274213467 -0.00399993639 0.0284986906
v  0.000274213467 -7.49136753e-09 0.0284986831
v  -0.000591967488 -0.00399992988 0.0284938551
v  -0.00140400208 5.8168208e-09 0.0284653883
v  -0.00645682914 -0.00399992941 0.0277589522
v  -0.00503308279 -0.00399992615 0.0280520599
v  -0.00346445129 -0.00399993081 0.0282886438
v  -0.0121881627 -0.00399991777 0.0257623401
v  -0.01319235 -4.17073265e-09 0.0252628662
v  -0.01319235 -0.00399992475 0.0252628438
v  -0.0196741465 -0.00399992708 0.020619845
v  -0.0182998981 -0.0039999173 0.0218486656
v  -0.0182998981 -2.77095391e-09 0.0218486544
v  -0.0173667781 -0.00399991684 0.0225974582
v  -0.0148619562 -0.00399992708 0.02431814
v  -0.0235941354 -0.00399991218 0.0159864631
v  -0.0225570835 -0.00399991451 0.0174191892
v  -0.0225570835 9.40879319e-11 0.0174191762
v  -0.0217578299 -0.00399991311 0.0184077919
v  -0.0204811487 -0.00399992708 0.0198185015
v  -0.0251621883 -0.00399992056 0.0133833578
v  -0.0257660802 -1.38011802e-09 0.0121802632
v  -0.0257660802 -0.00399991591 0.0121802744
v  -0.0274621155 -0.00399995968 0.00762115931
v  -0.0274252463 -0.0039999173 0.00775302853
v  -0.0277777705 -1.79386739e-09 0.00637538405
v  -0.0264441576 -0.0039999187 0.0106280921
v  -0.0284986813 -0.00400032429 0.000274224265
v  -0.0283971336 -0.00400024606 0.0024192438
v  -0.0284986813 -4.33753566e-09 0.000274204969
v  -0.0280002523 -0.0040001329 0.00531374803
v  -0.0277777705 -0.00400008215 0.00637537893
v  -0.0279334169 -0.00400032103 -0.00565457437
v  -0.0283156391 -0.00400038669 -0.00323642581
v  -0.0284955557 -0.00400034059 -0.000503220188
v  -0.0270170402 -0.00399990985 -0.00907356665
v  -0.0259956848 5.91890581e-09 -0.01168223
v  -0.0258973334 -0.00399995828 -0.0118986666
v  -0.0244831871 -0.00400000252 -0.0145884668
v  -0.0228880905 5.04503905e-09 -0.0169819091
v  -0.0236367099 -0.00400003185 -0.0159234479
v  -0.0187169258 -2.80624746e-09 -0.0214924943
v  -0.0208397694 -0.00400010217 -0.0194410458
v  -0.0227906797 -0.00400005514 -0.0171124339
v  -0.0139759444 -0.00423402851 -0.0248379074
v  -0.0164435189 -0.00410492765 -0.0232779421
v  -0.0187395792 -0.00401872629 -0.0214727335
v  -0.00862929597 -0.00451463088 -0.0271621738
v  -0.00799961295 1.87308213e-09 -0.0273542646
v  -0.00799970236 -0.00454188557 -0.0273542404
v  -0.00580468262 -0.00462415908 -0.0279027186
v  -0.00195147819 6.62671473e-09 -0.0284331162
v  -0.00291800941 -0.00469884509 -0.0283501837
v  -0.000274213759 5.66674929e-09 -0.0284986887
v  -0.00027421469 -0.00472661434 -0.0284987763
v  0.0274369158 -0.00400002347 0.00771182543
v  0.0278956518 -0.00400002208 0.0058397511
v  0.0278953053 3.17705529e-09 0.00583967846
v  1.48293054e-07 -0.00472691609 -0.0285001025
v  0.00140400231 -7.64143948e-09 -0.0284653958
v  0.0074717761 4.79130069e-10 -0.0275031421
v  0.00580498623 -0.00462657027 -0.0279026348
v  0.00291829696 -0.0047004153 -0.0283501688
v  0.0131923277 -0.00427734619 -0.0252628587
v  0.0113626486 -0.00437921891 -0.0261370353
v  0.013192351 -5.86851945e-09 -0.0252628438
v  0.00862954836 -0.0045155948 -0.0271621086
v  0.00747191766 -0.00456521846 -0.0275031123
v  0.0187397134 -0.0040188022 -0.021472631
v  0.0182998013 -0.0040311832 -0.0218487475
v  0.0182998981 9.46335232e-10 -0.02184866
v  0.0164435506 -0.00410409644 -0.0232779197
v  0.0139760245 -0.00423326343 -0.0248378739
v  0.0208399035 -0.00400009193 -0.0194409192
v  0.0225570835 -1.91870653e-09 -0.0174191836
v  0.0225578006 -0.00400009193 -0.017419748
v  0.0236392524 -0.00400009006 -0.0159204882
v  0.0257660802 -4.44500603e-10 -0.0121802697
v  0.0258535389 -0.00400008354 -0.0119947819
v  0.0274366885 -0.00400007097 -0.00771278329
v  0.0277777724 -8.24538482e-09 -0.00637536123
v  0.0277778003 -0.00400005188 -0.00637538685
v  0.0284017008 -0.00400004815 -0.00236733607
v  0.0283869877 -0.00400005188 -0.00253745238
v  0.0284986813 2.51291699e-09 -0.00027421111
v  0.0282328706 -0.00400004908 -0.00389319682
v  0.0282338671 -0.00400002999 0.00388948387
v  0.0283538699 -0.00400003139 0.00288779684
v  0.0284990799 -0.00400003884 -0.000276406237
v  0.0260498133 -0.00400001742 0.0115607679
v  0.0259956848 6.5803909e-09 0.0116822282
v  0.0238918234 -0.00400000345 0.0155389961
v  0.0228880905 7.45425766e-09 0.0169819072
v  0.0228884332 -0.00399999553 0.0169821735
v  0.0187169258 9.81628778e-10 0.0214924887
v  0.0187171344 -0.00399998529 0.0214926973
v  0.021121908 -0.00399998901 0.019133931
v  0.0133220237 -0.00399996201 0.0251945332
v  0.0136759346 -0.00399996713 0.0250042025
v  0.0136760203 6.92831625e-10 0.0250043292
v  0.0171476677 -0.00399997411 0.0227649212
v  0.0178336855 -0.00399998343 0.0222315378
v  0.00916101132 -0.00399994804 0.0269881114
v  0.00799961295 -3.69770081e-09 0.0273542572
v  0.00799970329 -0.00399994524 0.0273546334
v  0.00195147819 5.87258242e-09 0.0284331143
v  0.00477439258 -0.00399993872 0.0280971341
v  0.0284587909 -0.00444116816 4.8644489e-07
v  0.0287883654 -0.00500745466 -0.00576035259
v  0.0285769012 -0.00498798164 -0.00720513612
v  0.028400423 -0.00494511938 -0.00593097834
v  0.0280938651 -0.00474647107 0.0058609331
v  0.0276836064 -0.00474644871 0.00778125506
v  0.0277601648 -0.00481489673 0.00780280028
v  0.0282251164 -0.00441924017 0.0038943449
v  0.0279282406 -0.00440002186 0.00582200056
v  0.0275337826 -0.00452225376 0.00773910759
v  0.0284805503 -0.0046466291 6.01754493e-07
v  0.0282661654 -0.0046142037 0.00390320597
v  0.0285474397 -0.00482763676 6.91244907e-07
v  0.028350817 -0.00478447555 0.0039181863
v  0.0286525507 -0.00496927183 7.85509201e-07
v  0.0284733102 -0.00491535058 0.00393838668
v  0.028351739 -0.00477772625 -0.00391950691
v  0.0284745693 -0.00490717823 -0.00393914059
v  0.027896652 -0.00489958609 -0.0078419894
v  0.0286222193 -0.00499018189 -0.00396198034
v  0.0283989962 -0.00500031514 -0.00798319839
v  0.0282250326 -0.00441587809 -0.00389688439
v  0.0274678729 -0.00431813207 -0.00772154797
v  0.0275647212 -0.00458454434 -0.0077487384
v  0.0282666013 -0.00460915454 -0.00390514941
v  0.0276149064 -0.0046641673 -0.00776282698
v  0.0276819356 -0.00474495813 -0.00778165273
v  0.027990045 -0.0045856717 0.00583703583
v  0.0284004081 -0.00494565396 0.00592938159
v  0.0279833842 -0.00493570324 0.00786557235
v  0.0280929953 -0.004967649 0.00789637491
v  0.0283989608 -0.0050000404 0.0079823602
v  0.0287701432 -0.00500585325 0.00590967061
v  0.0288690887 -0.00503962906 0.00493813772
v  0.0286214091 -0.00499817962 0.00396169862
v  0.0287838783 -0.00506281201 9.05140155e-07
v  0.0289782397 -0.00509858131 1.68569079e-06
v  0.0289657656 -0.00507903006 -0.00363866985
v  0.0289215986 -0.00505529298 -0.00431092922
v  0.028848283 -0.0050246832 -0.00518425927
v  0.0289890319 -0.00511550112 0.00315102073
v  0.0289058108 -0.00503933104 -0.00517934421
v  0.0289997328 -0.00512461597 0.00280368095
v  0.0293291304 -0.00526705291 -0.00517311785
v  0.0296407007 -0.00544042047 -0.00796671864
v  0.029392479 -0.0052070762 -0.00796795357
v  0.0287584737 -0.00499743596 0.0079857111
v  0.0289097521 -0.0050253314 0.00798719935
v  0.0290559605 -0.00509397639 -0.00517793093
v  0.0290616527 -0.00503114099 -0.00797176082
v  0.0285448134 -0.00498526962 -0.00798052642
v  0.0293791741 -0.00519663515 -0.00796809141
v  0.0292349998 -0.00510546984 -0.00796960481
v  0.0291969031 -0.00516973389 -0.00517587457
v  0.0290834736 -0.00503873127 -0.00797145721
v  0.0291104764 -0.00521916896 0.00280527724
v  0.0292051844 -0.00534000807 0.0028073974
v  0.0290323868 -0.0050894618 0.00798849761
v  0.029123988 -0.00519316178 0.00798961055
v  0.0291872267 -0.00533333002 0.0079905903
v  0.0292708799 -0.00568252942 0.00799245946
v  0.0293045249 -0.00567203667 0.00571737438
v  0.0293399971 -0.0056582368 0.00367678516
v  0.0293821692 -0.00564006343 0.00163900026
v  0.0294321813 -0.00561551051 -0.000396273244
v  0.0294705871 -0.00559314108 -0.00180909876
v  0.0296026487 -0.00548431603 -0.0064363312
v  -0.0283921156 -0.00489428174 0.00593716744
v  -0.0279758368 -0.00493708532 0.00790882856
v  -0.0278265271 -0.00486805849 0.0078666145
v  -0.0281020273 -0.00497222878 0.00794451218
v  -0.0277264956 -0.00480340095 -0.00786609109
v  -0.0279689115 -0.00493698567 -0.00793456193
v  -0.02838034 -0.00490836566 -0.00597671047
v  -0.0280642118 -0.0049649952 -0.00796138216
v  -0.0283780713 -0.00500019314 -0.00805130787
v  -0.0287187565 -0.00501877582 -0.00633759471
v  -0.0276632067 -0.00474508293 -0.00784825254
v  -0.0284095611 -0.00468253018 -0.00396475755
v  -0.0282725077 -0.00437315041 -0.00394198857
v  -0.028106926 -0.00469811913 -0.00591431512
v  -0.0275137629 -0.00451976899 -0.00780618424
v  -0.0285366904 -0.0043587843 -3.03012803e-05
v  -0.0274910275 -0.004443496 0.00777167408
v  -0.0286515746 -0.00500558363 0.00678435201
v  -0.028387187 -0.00499995006 0.0080250781
v  -0.0286486205 -0.0048916135 0.00395102194
v  -0.0289200787 -0.00509541109 0.00448226742
v  -0.0287602749 -0.00502429344 0.00603912305
v  -0.028832702 -0.00496642431 -2.95253722e-05
v  -0.0290822256 -0.00521426275 0.000876416336
v  -0.0289983544 -0.00515198521 0.00333274878
v  -0.0290095825 -0.00513454294 -0.00317806657
v  -0.0286387447 -0.00492444448 -0.00400213012
v  -0.028955197 -0.00509963743 -0.00405329606
v  -0.0282810424 -0.00433242135 0.00388922868
v  -0.0284213778 -0.00463031279 0.00390413636
v  -0.0286474694 -0.00468167569 -3.55214033e-05
v  -0.0285236668 -0.00476491079 0.00392342405
v  -0.0276267547 -0.00469517661 0.00781009486
v  -0.0293420423 -0.00550961075 -5.71029113e-06
v  -0.02945075 -0.00559289707 -0.00180924591
v  -0.0293289777 -0.00565396342 0.00311213755
v  -0.029622538 -0.00543971313 -0.00803459901
v  -0.0295814294 -0.00548642781 -0.00643696776
v  -0.0295203086 -0.00535793789 -0.00803455804
v  -0.0292392392 -0.00536141591 -1.02481181e-05
v  -0.0293644797 -0.00524331024 -0.00803545211
v  -0.0291201491 -0.00523803383 -1.35610244e-05
v  -0.0291997958 -0.00515012629 -0.00803762674
v  -0.029104175 -0.00510804402 -0.00803923234
v  -0.029064687 -0.00517705968 0.00803087372
v  -0.0289783459 -0.00509678805 0.0080298325
v  -0.0287787188 -0.0050211763 0.00802801363
v  -0.0292463508 -0.00568023836 0.00803469215
v  -0.0291651022 -0.00536879431 0.0080326926
v  -0.0291051511 -0.00523608271 0.00803149678
v  -0.0278978106 -0.00497224228 0.00863551069
v  -0.0272911061 -0.00444353651 0.00844762847
v  -0.0234211478 -0.00444349134 0.0163596924
v  0.000283834961 -0.0049999319 0.029498646
v  0.000279783475 -0.00493554072 0.0290668178
v  -0.000405723491 -0.00497216964 0.0292010996
v  -0.00515732123 -0.00497215055 0.0287447069
v  -0.00520962523 -0.00499992352 0.0290362351
v  -0.00420677429 -0.0049999305 0.0291984417
v  -0.00112514407 -0.00499993144 0.0294788051
v  -0.00723426091 -0.00499992631 0.0285992734
v  -0.00964694563 -0.00497213518 0.027564507
v  -0.0101921717 -0.00499993982 0.0276831519
v  -0.0130368154 -0.00499993889 0.0264622401
v  -0.0138900243 -0.00497217104 0.0256884526
v  -0.0140308999 -0.0049999305 0.0259490125
v  -0.0157276429 -0.00499993796 0.0249578338
v  -0.0175067279 -0.00497218687 0.0233749785
v  -0.0182570312 -0.00499995286 0.0231718831
v  -0.0205845945 -0.00499995193 0.021130437
v  -0.0209865738 -0.00497219851 0.0203075055
v  -0.0211994946 -0.00499995565 0.0205135625
v  -0.0226772297 -0.00499995332 0.0188679993
v  -0.0239417404 -0.00497221528 0.0167233907
v  -0.0245306157 -0.00499997055 0.0163862389
v  -0.0274000112 -0.00499998732 0.0109313512
v  -0.0261119753 -0.00499997893 0.0137253432
v  -0.0262876432 -0.00497222319 0.0127196787
v  -0.0257160924 -0.00444349833 0.0124430703
v  -0.0205302127 -0.00444345968 0.0198659636
v  -0.0171260461 -0.00444344757 0.0228667799
v  -0.0135878734 -0.00444338564 0.0251299795
v  -0.00943727698 -0.00444318214 0.026965281
v  -0.00504515739 -0.00444330182 0.0281194076
v  -0.000396888034 -0.0044434364 0.028565878
v  0.00027486679 -0.00443177531 0.0285630524
v  -0.000398866163 -0.00469513889 0.0287070386
v  -0.00507008145 -0.00469499407 0.0282583684
v  -0.00948386081 -0.00469489349 0.0270984694
v  -0.0136550274 -0.00469506579 0.0252540316
v  -0.0172106307 -0.00469515007 0.0229796637
v  -0.0206316002 -0.00469514541 0.0199640319
v  -0.0235368107 -0.00469516264 0.0164404679
v  -0.0258430578 -0.00469519431 0.0125045218
v  -0.0274258908 -0.00469520781 0.00848936848
v  -0.0276242625 -0.00486809248 0.00855081808
v  -0.0260299314 -0.0048680678 0.0125949625
v  -0.0237070285 -0.0048680515 0.0165593959
v  -0.0207808129 -0.00486803195 0.0201084148
v  -0.0173351038 -0.00486801611 0.0231458172
v  -0.0137538295 -0.00486798258 0.0254366323
v  -0.00955241732 -0.00486786151 0.0272943862
v  -0.00510675693 -0.00486793742 0.0284628496
v  -0.000401759782 -0.00486801192 0.0289147329
v  0.000276758772 -0.00474489899 0.0287536904
v  0.026108643 -0.00443187496 0.0115868673
v  0.0265690107 -0.00493561523 0.0117912097
v  0.0240441337 -0.00499996822 0.0170925874
v  0.024729684 -0.00499996729 0.0160840806
v  0.0243678503 -0.00493558263 0.0158486255
v  0.0256976057 -0.00499997335 0.014486446
v  0.0270724967 -0.00499999011 0.0117182154
v  0.0281521156 -0.00499999058 0.00881515536
v  0.0221185628 -0.00499995565 0.0195194408
v  0.0215429571 -0.0049355831 0.0195152964
v  0.0199544635 -0.00499995332 0.0217265692
v  0.0181890503 -0.00493556028 0.0226744208
v  0.0175760686 -0.00499995425 0.0236929245
v  0.0174894743 -0.00493555702 0.0232185293
v  0.0149944145 -0.00499994401 0.0254047755
v  0.0135876387 -0.00493551977 0.025696544
v  0.0137894163 -0.00499993097 0.0260781106
v  0.00335660181 -0.00499992073 0.0293084756
v  0.0049418644 -0.00499992911 0.0290830173
v  0.00486953091 -0.0049355044 0.0286573991
v  0.00639814511 -0.00499992538 0.0287977252
v  0.00934359338 -0.00493546203 0.0275259744
v  0.00937990472 -0.00499993796 0.0279691257
v  0.0122525971 -0.00499992911 0.0268344693
v  0.0133521361 -0.00443170359 0.0252514202
v  0.00918171462 -0.00443153968 0.0270490721
v  0.00478517078 -0.00443166774 0.0281606298
v  0.0171864107 -0.00443181675 0.0228163246
v  0.0178739559 -0.00443178415 0.0222817119
v  0.00481709139 -0.00474480353 0.0283486601
v  0.00924299192 -0.00474469317 0.0272295959
v  0.0134412749 -0.00474483287 0.0254198592
v  0.0173011106 -0.00474493066 0.0229684897
v  0.0179931968 -0.00474491296 0.0224303082
v  0.0213109087 -0.0047449558 0.0193050969
v  0.0241054837 -0.00474492926 0.0156779625
v  0.0262828507 -0.00474499725 0.0116641885
v  0.0239457618 -0.00443181442 0.0155740688
v  0.0211696252 -0.0044318405 0.0191771444
v  -0.0283908937 -0.00499996869 0.0170932394
v  0.0283990055 -0.00499993749 0.0261624698
v  0.0249594226 -0.00499991002 0.0344024189
v  0.0260222033 -0.00499990862 0.0338339135
v  0.0283634365 -0.00499992399 0.0285728276
v  -0.0282548014 -0.00499991328 0.0312745869
v  -0.0283946004 -0.00499993889 0.0261616632
v  0.0269567575 -0.00499990629 0.0330795385
v  0.0276401956 -0.00499991328 0.0320904702
v  0.0280520674 -0.0049999184 0.0309595894
v  0.0222408473 -0.00499990629 0.0355624408
v  0.0169873834 -0.00499989977 0.0372524671
v  -0.0277818497 -0.00499991467 0.0337630063
v  -0.0272638705 -0.00499990582 0.0348574892
v  -0.0268875882 -0.00499991607 0.0353298523
v  0.0134579139 -0.00499990117 0.0380633287
v  0.00688122585 -0.00499989837 0.0390419811
v  -0.000376713258 -0.00499989465 0.0395023488
v  -0.0208435394 -0.0049999035 0.0378556363
v  -0.0249055177 -0.00499990303 0.0365619585
v  -0.0252087284 -0.00499990955 0.0364334807
v  -0.0262187663 -0.00499990908 0.0358896814
v  -0.00783034693 -0.0049999021 0.0394734517
v  -0.0151505098 -0.00499989651 0.0388877392
v  0.0302526504 -0.00610798784 -0.006655409
v  0.0310358908 -0.00685850251 -0.00691727549
v  0.0310358834 -0.00652881153 -0.00861981604
v  0.0297012646 -0.00535901869 -0.0156181613
v  0.031035848 -0.00619811937 -0.0163272917
v  0.0296304841 -0.00545574585 -0.0200361256
v  0.0310358331 -0.00658065919 -0.0193460267
v  0.0303334575 -0.00605986593 -0.0199209601
v  0.0310357455 -0.00666474318 -0.0198056418
v  0.0302532632 -0.00684256898 -0.00227252976
v  0.0310357846 -0.00809198245 -0.0027359568
v  0.0310358945 -0.00716847135 -0.00564523507
v  0.0296929143 -0.00537156034 -0.0110320225
v  0.0310358759 -0.00630394742 -0.0102316253
v  0.0297076926 -0.00534905819 -0.0131621035
v  0.031035861 -0.00610491214 -0.0132867927
v  0.0310358517 -0.00614875089 -0.0155894551
v  0.0274174698 -0.00500003807 -0.0108878212
v  0.026759889 -0.0050000581 -0.0124152377
v  0.0264902152 -0.00497204764 -0.0122901369
v  0.0227092542 -0.00500008278 -0.0188304875
v  0.021571232 -0.0050000893 -0.0201231111
v  0.0211899392 -0.00489975046 -0.0197673775
v  0.0245585088 -0.00500006182 -0.016343765
v  0.026230922 -0.00486762868 -0.0121698519
v  0.0238131229 -0.00469544716 -0.0160375349
v  0.0208869893 -0.00443194993 -0.0194848254
v  0.0236960631 -0.0044437577 -0.0159587283
v  0.0208664518 -0.00433497736 -0.0194656681
v  0.0261350367 -0.00500006555 -0.0136810439
v  0.0242216233 -0.00497207651 -0.016312642
v  0.0239844788 -0.00486766407 -0.0161529221
v  0.0210264213 -0.00474507967 -0.0196148567
v  0.0209830645 -0.00467814179 -0.0195744243
v  0.0259156227 -0.00444369065 -0.012023611
v  0.0260435827 -0.00469538849 -0.01208298
v  -0.0209131408 -0.00452150218 -0.0195094813
v  -0.0237464793 -0.00458265189 -0.0159972236
v  -0.02366006 -0.00429609558 -0.0159390811
v  -0.0278780144 -0.00500003761 -0.00964269601
v  -0.0258755889 -0.00429597497 -0.0120129082
v  -0.0261269752 -0.00479062833 -0.012129263
v  -0.0259699635 -0.00458250009 -0.0120565621
v  -0.0263550989 -0.00493166503 -0.0122349979
v  -0.026711978 -0.00500005344 -0.0125145093
v  -0.0240990054 -0.00493173022 -0.0162345096
v  -0.0244660545 -0.00500006368 -0.0164816678
v  -0.0252563357 -0.00500005437 -0.0152414385
v  -0.0215709489 -0.0050000893 -0.0201231111
v  -0.0235389788 -0.00500007067 -0.0177820735
v  -0.0213261023 -0.00496378914 -0.0198946856
v  -0.0212551728 -0.00493569626 -0.01982853
v  -0.0238902196 -0.00479074521 -0.0160939414
v  -0.0210751854 -0.00480436347 -0.0196606256
v  -0.0210262258 -0.00474504661 -0.0196149703
v  -0.0187851731 -0.00445651216 -0.0215167273
v  0.0189087801 -0.00477430085 -0.0216589458
v  0.0187852643 -0.00445650378 -0.0215165392
v  -0.0189087987 -0.0047743395 -0.0216592979
v  -0.019112492 -0.00497255521 -0.0218970701
v  0.0140172876 -0.00468564034 -0.0248826109
v  0.0164876767 -0.00454962999 -0.0233214386
v  0.00865854602 -0.00497915689 -0.027211789
v  0.0113988603 -0.00483732903 -0.0261841603
v  1.29666603e-07 -0.00519776484 -0.0285541061
v  0.00292926165 -0.00517065311 -0.0284034368
v  0.00582558569 -0.00509455381 -0.0279543586
v  -0.0086582629 -0.00497839553 -0.0272118486
v  -0.00582527695 -0.00509262783 -0.0279544257
v  -0.00292898691 -0.00516937999 -0.0284034442
v  -0.0140171982 -0.00468631973 -0.0248826183
v  -0.0113986414 -0.00483747851 -0.0261842329
v  -0.0164876319 -0.00455036061 -0.0233214311
v  0.0165934376 -0.00487444689 -0.023472989
v  0.0141050648 -0.00501623657 -0.0250415225
v  0.011468661 -0.00517247431 -0.026348561
v  0.00871034805 -0.00531862397 -0.0273796618
v  0.00585990772 -0.00543753384 -0.0281239823
v  0.00294648111 -0.00551539613 -0.0285741556
v  1.68782151e-07 -0.00554302335 -0.0287254062
v  -0.00294615678 -0.00551468786 -0.0285741389
v  -0.0058596232 -0.00543648144 -0.0281240847
v  -0.00871008821 -0.00531824725 -0.0273796786
v  -0.011468458 -0.00517261727 -0.026348602
v  -0.0141049195 -0.00501667662 -0.025041556
v  -0.0165933203 -0.00487491162 -0.0234729368
v  0.0191123541 -0.00497250026 -0.0218965579
v  0.0167685449 -0.00508261845 -0.0237304829
v  0.0142509378 -0.00523340283 -0.0253148954
v  0.0115851024 -0.0053974255 -0.0266338717
v  0.00879737455 -0.00555072725 -0.0276732221
v  0.00591763575 -0.0056754062 -0.0284226704
v  0.0029751882 -0.00575661846 -0.028875757
v  2.13951296e-07 -0.00578537257 -0.0290281065
v  -0.00297481078 -0.00575643824 -0.0288757365
v  -0.00591738196 -0.00567521155 -0.0284228623
v  -0.00879714731 -0.00555072119 -0.0276731905
v  -0.011584918 -0.00539757079 -0.0266338512
v  -0.0142507348 -0.00523361983 -0.0253148954
v  -0.0167683382 -0.00508280238 -0.0237303805
v  -0.0193982907 -0.00505143078 -0.0222267751
v  -0.0170204453 -0.00517829508 -0.024091607
v  -0.0144662764 -0.00534566026 -0.0257029105
v  -0.0117610414 -0.00552512985 -0.0270436462
v  -0.00893181842 -0.00569232181 -0.0280999709
v  -0.00600821478 -0.00582825253 -0.0288619157
v  -0.00302024069 -0.00591641152 -0.0293216445
v  2.13019973e-07 -0.00594750466 -0.0294762142
v  0.00302061578 -0.00591631699 -0.0293216482
v  0.00600845227 -0.00582802948 -0.0288616661
v  0.00893204752 -0.00569213321 -0.0280999783
v  0.011761236 -0.00552496221 -0.0270436909
v  0.0144664887 -0.00534554338 -0.0257029384
v  0.0170207061 -0.00517822756 -0.0240916796
v  0.019398082 -0.00505138841 -0.022226112
v  -0.0283769537 -0.0050000893 -0.0201231111
v  -0.0296115223 -0.00545642339 -0.0200359784
v  -0.0296849664 -0.0053607421 -0.015618097
v  -0.0290446747 -0.00509212539 -0.0200818516
v  -0.0296900515 -0.00534858927 -0.013248127
v  -0.0296746809 -0.00537195895 -0.0110324165
v  -0.0302249771 -0.00610387325 -0.00665391888
v  -0.0302255917 -0.00683573913 -0.00226985826
v  -0.0310123395 -0.00685834698 -0.00691716885
v  -0.0310123395 -0.00705342181 -0.00609062659
v  -0.0310123283 -0.00793091021 -0.00317934388
v  -0.0310123507 -0.00809201971 -0.00273593632
v  -0.0310123656 -0.00623703655 -0.016782077
v  -0.0310123581 -0.00610029697 -0.0137418071
v  -0.0310123544 -0.00614625122 -0.0121172015
v  -0.0310123507 -0.00620689942 -0.0112233423
v  -0.031012347 -0.00645711133 -0.00907221157
v  -0.031012373 -0.00666474318 -0.0198056418
v  -0.0283767078 -0.00559782377 -0.0258853715
v  -0.0283769984 -0.00616835942 -0.0280228909
v  -0.0286982674 -0.00601348514 -0.0274052918
v  -0.0283770766 -0.00628444273 -0.0283758827
v  -0.0283778105 -0.00731467083 -0.0309060793
v  -0.0286957603 -0.00756391231 -0.0313180573
v  -0.0283784289 -0.00862531364 -0.0332879722
v  -0.0295369346 -0.00570546649 -0.0232589412
v  -0.0294724647 -0.00654828548 -0.0271904785
v  -0.0293091182 -0.00547268335 -0.0233091991
v  -0.029026961 -0.00529536186 -0.0233549271
v  -0.0287043024 -0.00520496722 -0.0233894326
v  -0.0283767115 -0.00516324257 -0.0231920369
v  -0.028376678 -0.00528754713 -0.0241707098
v  -0.0294389259 -0.00808669068 -0.0310229398
v  -0.0294665266 -0.00670410041 -0.027686784
v  -0.0292744581 -0.00630771043 -0.0272794254
v  -0.0294302125 -0.0103106285 -0.0345679522
v  -0.0294376481 -0.00821892917 -0.0312779136
v  -0.0292559098 -0.00785587914 -0.0311494116
v  -0.0290113632 -0.00611724751 -0.027355304
v  -0.029003093 -0.00767021393 -0.0312539153
v  -0.0292506572 -0.0100967642 -0.0347281471
v  -0.0290016439 -0.00992086902 -0.0348598845
v  -0.0286966991 -0.00981573761 -0.0349385925
v  -0.0283785295 -0.00977729354 -0.0349674076
v  -0.0291675683 -0.00569452578 0.0155995023
v  -0.0291177649 -0.00569888344 0.0245383456
v  -0.0291072894 -0.00535995839 0.0170963556
v  -0.0292088296 -0.00568818348 0.011131105
v  -0.0290352758 -0.00519656902 0.0170954298
v  -0.0289377738 -0.00509774545 0.0170947798
v  -0.0288044829 -0.0050361352 0.0170942154
v  -0.0287086498 -0.00501784217 0.0261615515
v  -0.0291120317 -0.00569958519 0.0261616949
v  -0.0290386807 -0.00524024293 0.02616149
v  -0.0289187934 -0.00509882113 0.02616149
v  -0.0293573979 -0.00602913927 0.00655912142
v  -0.0310122501 -0.0306545775 0.0172133539
v  -0.0308752228 -0.029020384 0.017378211
v  -0.0310122538 -0.0277124606 0.0163648911
v  -0.0294754822 -0.00722036324 0.0106438901
v  -0.0294846576 -0.00843963213 0.0147193149
v  -0.0293411072 -0.0109201893 0.0228619296
v  -0.0293268841 -0.0149684232 0.0260257423
v  -0.0291703772 -0.00822837092 0.0261739623
v  -0.0294497702 -0.0181796458 0.0250596423
v  -0.0294386093 -0.0211782884 0.0256248955
v  -0.0293909404 -0.0181169808 0.0258568488
v  -0.0297273677 -0.0242075156 0.0231911372
v  -0.0294907521 -0.0270072781 0.0249792673
v  -0.0300694127 -0.0302611236 0.0213407036
v  -0.0294895675 -0.0324369669 0.0241042785
v  -0.03052398 -0.0363160074 0.0195245668
v  -0.0294760894 -0.0373530686 0.0230421871
v  -0.0294579621 -0.042141147 0.0217312649
v  -0.0310122352 -0.0413702279 0.0178919081
v  -0.0294549707 -0.0431769639 0.0213993713
v  -0.0310122352 -0.0443730913 0.017426081
v  -0.0294581931 -0.0464701541 0.0202053934
v  -0.0310122315 -0.0473278537 0.0166734084
v  -0.0294585582 -0.0510893166 0.0182457361
v  -0.0310122315 -0.0535730235 0.01400893
v  -0.0294287261 -0.0548896492 0.016361082
v  -0.0310122315 -0.0516369306 0.0150081562
v  -0.0310122315 -0.0488549247 0.0161643755
v  -0.0310122389 -0.0383139215 0.0180673972
v  -0.0310122389 -0.0366867222 0.0180409439
v  -0.0310122576 -0.0262027476 0.0158068035
v  -0.0302329306 -0.0229362454 0.019152604
v  -0.031012265 -0.0234260187 0.0145459166
v  -0.0307545085 -0.0217031222 0.0151411435
v  -0.0310122725 -0.0207939297 0.0130317379
v  -0.0297350716 -0.016894538 0.0209849589
v  -0.0303252321 -0.0143961543 0.012886676
v  -0.0310122799 -0.0182924494 0.0112529472
v  -0.0309546273 -0.011855646 0.00480242539
v  -0.0310122985 -0.0128647787 0.00581132574
v  -0.0306310821 -0.0131402668 0.00884286501
v  -0.0310122911 -0.014846541 0.00811403617
v  -0.0310122836 -0.0170352124 0.0102126924
v  -0.0301769394 -0.007690378 0.00160489464
v  -0.0310123172 -0.00928386208 6.31015209e-05
v  -0.0301422942 -0.00892318878 0.0056694299
v  -0.0310123097 -0.0107356412 0.0027295968
v  -0.0310123097 -0.0110946484 0.0033062771
v  -0.0310122464 -0.0336463749 0.0177700892
v  0.00584611017 -0.00566172553 0.0396178328
v  0.00695500476 -0.00541349687 0.0395822041
v  -0.000360838865 -0.00541191548 0.0400429629
v  0.0223892964 -0.00504654832 0.0359326415
v  0.0251471661 -0.00506239943 0.0348034501
v  0.0250252131 -0.00500212144 0.0345426351
v  0.0224215854 -0.00509697432 0.0360124335
v  0.0251847822 -0.00513449404 0.0348843113
v  0.0223817211 -0.0056781047 0.0360721834
v  0.0251907855 -0.00568237063 0.0348959938
v  0.0224604458 -0.00541473506 0.0361005776
v  0.02520613 -0.00523724407 0.0349302813
v  0.0171518978 -0.00541509548 0.0377911776
v  0.0188156124 -0.00567275239 0.037266694
v  0.0219287779 -0.00567736896 0.0362412073
v  0.00741581293 -0.00566244358 0.0394626409
v  0.0105751166 -0.00566435372 0.0390551426
v  0.0135888606 -0.00541479327 0.0386018492
v  0.0148998173 -0.00566812465 0.0382631645
v  0.0171416532 -0.00567064295 0.0377291255
v  -0.00787232537 -0.00541008264 0.0400116481
v  -0.00598407583 -0.00565917045 0.0399932414
v  1.16841202e-05 -0.00565989688 0.0399585254
v  -0.0152533427 -0.00540830242 0.0394216403
v  -0.0109656267 -0.00565866567 0.0397663154
v  -0.00787519757 -0.00565888919 0.0399365239
v  -0.0223748479 -0.00566363707 0.0379422344
v  -0.0209909156 -0.00566212181 0.038306836
v  -0.0210008454 -0.00540788099 0.0383802019
v  -0.0188764669 -0.00566054136 0.0387661383
v  -0.0152508356 -0.00565918814 0.0393457599
v  -0.0208964124 -0.00500531588 0.0380470194
v  -0.0249816887 -0.00500509795 0.0367491245
v  -0.025068542 -0.00506259175 0.0369641706
v  -0.0250899345 -0.00566779822 0.0370167382
v  -0.025107583 -0.00550418906 0.0370619185
v  -0.020997839 -0.00526076043 0.0383886583
v  -0.0152484681 -0.00526220584 0.0394304208
v  -0.00786891021 -0.00526437396 0.0400195122
v  -0.000360692648 -0.00526614022 0.0400495119
v  0.00695249531 -0.00526727783 0.0395874232
v  0.0135853719 -0.0052673202 0.0386052877
v  0.0171483923 -0.00526641309 0.0377928875
v  0.022457609 -0.00526354555 0.0360983536
v  0.0224441402 -0.0051675397 0.0360672548
v  0.0171374977 -0.00517076906 0.0377630517
v  0.0135763306 -0.0051719225 0.0385760926
v  0.00694710296 -0.00517230621 0.0395588502
v  -0.00036158532 -0.00517151505 0.0400215536
v  -0.00786502566 -0.00517007709 0.0399924815
v  -0.0152404886 -0.005168139 0.0394041911
v  -0.0209877528 -0.00516661676 0.0383631326
v  -0.0251155905 -0.00523533439 0.0370822139
v  0.0171201695 -0.00509963837 0.0377082005
v  0.0135623682 -0.00510063628 0.0385213494
v  0.00693908939 -0.00510109821 0.0395040549
v  -0.000363256113 -0.00510059157 0.0399670489
v  -0.00786025915 -0.00509958016 0.0399385989
v  -0.0152292978 -0.00509814406 0.0393510312
v  -0.0209714472 -0.00509691983 0.038311284
v  -0.0250996221 -0.00513413129 0.03704191
v  0.017095957 -0.00504821865 0.0376274884
v  0.0135431197 -0.00504885195 0.0384403355
v  0.00692825206 -0.00504919467 0.0394225158
v  -0.000365695712 -0.00504892971 0.0398853794
v  -0.00785436668 -0.00504834997 0.0398573019
v  -0.0152144711 -0.00504751643 0.0392704308
v  -0.0209484175 -0.00504674809 0.0382323824
v  -0.0250859987 -0.00509471539 0.0370077603
v  0.0223158114 -0.00500525301 0.0357495956
v  0.0170418993 -0.00500551285 0.0374419019
v  0.013500574 -0.00500562135 0.0382537842
v  0.00690466212 -0.00500567351 0.0392342508
v  -0.000371199363 -0.00500564091 0.0396960862
v  -0.00784220267 -0.00500557106 0.0396678932
v  -0.0151824113 -0.0050054444 0.0390818119
v  0.0286925677 -0.00501921959 0.0286029801
v  0.0279308297 -0.00501839165 0.0322509781
v  0.0271910001 -0.00501933973 0.0333058722
v  0.0287096892 -0.00501725776 0.0261622146
v  0.0288256332 -0.00506029185 0.0286337696
v  0.0289221574 -0.00509775337 0.0261619817
v  0.0289283656 -0.00513178017 0.0286707822
v  0.0289989859 -0.0052356394 0.0287062936
v  0.0290448572 -0.00524032721 0.0261618383
v  0.0290397704 -0.0053697261 0.0287328288
v  0.0290919282 -0.0053741103 0.0261617973
v  0.0261958614 -0.00501977559 0.0341047347
v  0.0262658708 -0.00506147463 0.0342090726
v  0.0263180211 -0.00513312081 0.0342831798
v  0.026349768 -0.00523592858 0.0343251303
v  0.0263611395 -0.00536716823 0.0343369804
v  0.0263388436 -0.00568615925 0.0342988074
v  0.0273631327 -0.00569210667 0.0335142054
v  0.0272795204 -0.00506049721 0.0333984271
v  0.0273416229 -0.00513179228 0.0334688239
v  0.0273767691 -0.00523488084 0.0335137025
v  0.0273878183 -0.00536741503 0.0335329324
v  0.0281473696 -0.00569631159 0.0324883088
v  0.0280373842 -0.00505819917 0.0323292539
v  0.0281103756 -0.00512819318 0.0323984101
v  0.0281512346 -0.00523082865 0.0324513875
v  0.0281654336 -0.0053644455 0.0324832052
v  0.0286506079 -0.00569879264 0.0312984325
v  0.0283715967 -0.00501803076 0.0310607068
v  0.0284919776 -0.00505731395 0.031123478
v  0.0285777729 -0.0051268423 0.031187281
v  0.0286299698 -0.00522940047 0.031242419
v  0.0286537874 -0.00536361057 0.0312803574
v  0.0290605426 -0.00569972349 0.0287486054
v  0.029123269 -0.00569953211 0.0261618346
v  -0.0290093701 -0.00523311691 0.029246537
v  -0.0290492084 -0.00536734797 0.0292741153
v  -0.0287909564 -0.00535374647 0.0323797762
v  -0.0256197285 -0.00566856191 0.0367915928
v  -0.0265058223 -0.00513224397 0.036331296
v  -0.0265198126 -0.00517926039 0.0363555141
v  -0.0276798066 -0.00512542063 0.0352216884
v  -0.0264920201 -0.00567458803 0.036325682
v  -0.0277018007 -0.00535853859 0.0353053324
v  -0.0273408759 -0.00568374014 0.0356499441
v  -0.0284199398 -0.00535200303 0.033900585
v  -0.0284214672 -0.00569656817 0.0338421799
v  -0.0287933368 -0.00569949578 0.032363072
v  -0.0289733056 -0.00570004247 0.0309326369
v  -0.0290684234 -0.00569982175 0.0292792302
v  -0.0282984842 -0.00505180657 0.0337096192
v  -0.0276234504 -0.0050567477 0.0351446494
v  -0.0264610145 -0.00506126368 0.0362580493
v  -0.0285016578 -0.00501594134 0.0321390145
v  -0.0281847548 -0.00501582539 0.0336328484
v  -0.0275317784 -0.0050178715 0.0350534543
v  -0.0263950173 -0.00501977047 0.0361548625
v  -0.0287032407 -0.00501872459 0.0291424561
v  -0.0288368333 -0.00505904108 0.0291725006
v  -0.0286273006 -0.00505211158 0.0322000124
v  -0.028715482 -0.00511832302 0.0322691686
v  -0.0283725876 -0.00511763943 0.0337877832
v  -0.0289394166 -0.0051297415 0.0292099565
v  -0.028767949 -0.00521885883 0.0323332548
v  -0.0284104291 -0.00521770772 0.0338551067
v  -0.0277036298 -0.00522649894 0.0352769084
v  -0.0265301485 -0.00536260987 0.0363791771
v  -0.0265283063 -0.00523367012 0.0363713503
v  -0.0276954267 -0.00517190108 0.0352524184
v  0.0283991005 -0.0050000893 -0.0201231111
v  0.0143871764 -0.00648127729 -0.0306559149
v  0.0143860038 -0.00719069922 -0.0324303396
v  1.34806414e-05 -0.00702583883 -0.0327076726
v  -0.023586221 -0.00946513563 -0.0352011696
v  -0.0143629834 -0.0059236791 -0.0287681799
v  -0.0143582691 -0.00805856474 -0.0340839885
v  -0.0211351831 -0.00932773575 -0.0353040732
v  -0.0143557284 -0.00902606454 -0.0355300233
v  -0.00687976694 -0.00882694405 -0.0356791317
v  1.28780757e-05 -0.0078455098 -0.0343283415
v  1.16999527e-05 -0.00876744092 -0.0357237011
v  0.0143832685 -0.00805858895 -0.0340839028
v  0.0143791288 -0.00902606454 -0.0355300233
v  0.010757912 -0.00891212188 -0.0356153511
v  0.0037881569 -0.00878530834 -0.0357103162
v  0.0284020007 -0.00869015884 -0.0333908945
v  0.0284019392 -0.00752939889 -0.0313431658
v  0.028401792 -0.00684759021 -0.0298638418
v  0.0143869147 -0.00592373637 -0.0287679788
v  0.0284013823 -0.0059882747 -0.0274303369
v  0.0284008272 -0.00528759276 -0.0241702273
v  0.0284006316 -0.00518487394 -0.0233844146
v  -0.0143620241 -0.00648120558 -0.0306561124
v  -0.014360439 -0.00719064381 -0.0324304774
v  0.028401928 -0.00977729354 -0.0349674076
v  -0.0310123768 -0.00681371056 -0.0205392037
v  -0.0310123842 -0.00759267528 -0.0234671142
v  -0.0310123879 -0.00865085516 -0.0263209082
v  -0.0310123917 -0.00896455161 -0.0270336848
v  -0.031012373 -0.0124669913 -0.0329529829
v  -0.0310123954 -0.0103596207 -0.0297514927
v  -0.0310123991 -0.010768488 -0.0304422956
v  0.0310357679 -0.0120250387 -0.0323479362
v  0.0310357455 -0.0124669913 -0.0329529829
v  0.0294535942 -0.0103106424 -0.0345679559
v  0.0310357809 -0.010387281 -0.02979948
v  0.0294616204 -0.00808569696 -0.0310219731
v  0.0310357958 -0.00899238139 -0.0270946492
v  0.0294941422 -0.00654807035 -0.0271910671
v  0.0310357995 -0.00867729075 -0.0263826828
v  0.0295578856 -0.00570107065 -0.0232323203
v  0.0310358144 -0.00760966027 -0.0235201642
v  0.0310358182 -0.00737502845 -0.0227529835
v  0.0292712674 -0.0459793918 0.0208098032
v  0.0294736084 -0.0459503084 0.0204432197
v  0.029481506 -0.0413401425 0.0219712425
v  0.0284387954 -0.0259339511 0.0278811194
v  0.0280329715 -0.0259178393 0.0282532517
v  0.028378183 -0.0360648818 0.0250787735
v  0.0291579086 -0.00680355029 0.0261720698
v  0.0294477474 -0.0258848686 0.0251255725
v  0.0293882079 -0.0199717097 0.0257246159
v  0.0291325431 -0.015726611 0.0279016495
v  0.0293351971 -0.0157203227 0.0259924065
v  0.029303696 -0.0135843456 0.0260802489
v  0.0294793751 -0.0365654714 0.0232344195
v  0.0294789989 -0.036103595 0.0233412813
v  0.0292450506 -0.0360973105 0.0240519438
v  0.0294733495 -0.0314212032 0.0242895428
v  0.0292021129 -0.0259572528 0.0263627768
v  0.0294482894 -0.0259560533 0.0251166001
v  0.0282181669 -0.0460066348 0.0214285068
v  0.0286250561 -0.046016328 0.0213262383
v  0.0281119626 -0.0433740132 0.0225278158
v  0.0277873613 -0.0370879024 0.0249362271
v  0.027282536 -0.0294243339 0.0275827404
v  0.0265322961 -0.0199781545 0.0305873156
v  0.0257910416 -0.0117951585 0.0330718718
v  0.0253494103 -0.00726035051 0.034426216
v  0.0286528189 -0.0157183725 0.0296306498
v  0.0282319896 -0.0157080721 0.030398827
v  0.0276597962 -0.0156934466 0.0310434271
v  0.0269528944 -0.015674049 0.0315378495
v  0.0292619318 -0.0410810001 0.0225603916
v  0.0287629757 -0.0259457082 0.0274291914
v  0.0288897902 -0.0360869318 0.0246433336
v  0.0289452355 -0.0410835035 0.0229863115
v  0.0289866943 -0.046006795 0.0211166926
v  0.0263773762 -0.0181950778 0.0311350655
v  0.0252534281 -0.018198045 0.0315230265
v  0.021796206 -0.0182006732 0.0325583741
v  0.0217309128 -0.0245677512 0.030494662
v  0.0181241445 -0.0309163649 0.0288430396
v  0.0145396637 -0.030939173 0.0292865746
v  0.0144770155 -0.0372375883 0.0266879033
v  0.0162635185 -0.0556273013 0.0176822133
v  0.0203713402 -0.0555122793 0.017476812
v  0.0214968137 -0.0494984724 0.0205285884
v  0.0252072774 -0.0245597064 0.0296434779
v  0.0251633339 -0.0308813583 0.0276080146
v  0.0218633525 -0.0117997425 0.0344971158
v  0.0253015459 -0.0118014626 0.0332690142
v  0.021550497 -0.043386627 0.0233393069
v  0.0251217242 -0.0371517353 0.0253879968
v  0.0216076896 -0.0371781364 0.0259112641
v  0.0283527244 -0.05066742 0.0193044711
v  0.0284018442 -0.0552130826 0.0169422589
v  1.1699487e-05 -0.0558295213 0.0180428345
v  0.00378805585 -0.0558185279 0.0180234164
v  1.17097316e-05 -0.0520295352 0.0201165415
v  0.00718844682 -0.0497150533 0.0212227181
v  1.17055406e-05 -0.0446410142 0.0238846969
v  0.00722228084 -0.0435444638 0.0242685452
v  1.17055406e-05 -0.0435838252 0.0243987888
v  0.00725721009 -0.0372985527 0.0271431915
v  1.17013496e-05 -0.0364614055 0.0277205855
v  1.16990213e-05 -0.0310447291 0.0300997216
v  0.00729222549 -0.0309907664 0.0298695248
v  1.16962274e-05 -0.0274369083 0.0316223651
v  0.00732635334 -0.0246361233 0.0324627757
v  1.16906394e-05 -0.0175131336 0.0355873667
v  0.00735876383 -0.0182421785 0.034936212
v  0.00738892565 -0.0118124792 0.0373014957
v  0.014667809 -0.0182161741 0.0340651572
v  0.0147319566 -0.0118026976 0.0362762325
v  0.0182635579 -0.0182068739 0.0333992355
v  0.0101943389 -0.0557500385 0.0179013088
v  0.0143589154 -0.0496264696 0.0209645312
v  0.0144164469 -0.0434724689 0.0239240006
v  0.0146035161 -0.0245961007 0.0317399353
v  0.0216679499 -0.0308967978 0.0282869637
v  -0.0143164229 -0.0495738797 0.0209993925
v  -0.014357347 -0.0433861725 0.0240275878
v  -0.021508513 -0.0432493426 0.023456119
v  -0.0145542175 -0.0181309916 0.034761671
v  -0.00716585433 -0.0435044058 0.0243386589
v  -0.00724222278 -0.0182136428 0.0352606885
v  -0.00720653916 -0.0309525263 0.0300525278
v  -0.00790012535 -0.0557817072 0.0179573055
v  -0.021462705 -0.0494189374 0.0205650367
v  -0.0181424525 -0.0555777326 0.0175926294
v  -0.0282488819 -0.048171591 0.0204403568
v  -0.028361721 -0.0528439805 0.0182049461
v  -0.0283786226 -0.0552137643 0.0169415046
v  -0.02513518 -0.0306714736 0.0280990209
v  -0.0252323635 -0.0180122703 0.0327115469
v  -0.0267076492 -0.0234128013 0.0303333513
v  -0.0217403211 -0.0180490948 0.0336342826
v  -0.0181757789 -0.0180891547 0.0342923738
v  -0.0144525599 -0.0308398437 0.0296289045
v  -0.0216164496 -0.0307239313 0.028761588
v  -0.0250529945 -0.0431812592 0.0230527241
v  -0.0275419708 -0.0345577635 0.0260737669
v  -0.0279883835 -0.0420922562 0.0230597649
v  -0.0286603663 -0.0492014512 0.0198882502
v  -0.0285300408 -0.0552056096 0.0169285592
v  -0.0290082153 -0.0491900556 0.0196941178
v  -0.0292818192 -0.0491532385 0.0194193833
v  -0.0290013868 -0.055124905 0.0167827941
v  -0.029256111 -0.0431340039 0.0218356289
v  -0.0292509887 -0.0369722918 0.0238165185
v  -0.0292245205 -0.0244102124 0.0268249232
v  -0.0291709621 -0.0180848259 0.0279081669
v  -0.0287366156 -0.0180438366 0.0297872517
v  -0.0278428551 -0.0179909766 0.0314125381
v  -0.027116742 -0.0179595035 0.0319922715
v  -0.0283942912 -0.0368453562 0.0249186251
v  -0.0289042685 -0.0369092785 0.0244287662
v  -0.0289577339 -0.0431019701 0.0222198628
v  -0.0285492558 -0.043062631 0.0225153808
v  -0.0277703237 -0.0305432361 0.0274499375
v  -0.0282122213 -0.030579105 0.0271807108
v  -0.0285676513 -0.0306142736 0.0268249717
v  -0.0283727553 -0.0180189572 0.0306516904
v  -0.0287893321 -0.0243539661 0.0281917732
v  -0.0288469922 -0.0306483358 0.0264108889
v  -0.0292458441 -0.0307149943 0.0254704487
v  0.0294707157 -0.04701823 0.0200397409
v  0.029453868 -0.0548875593 0.0163605027
v  0.0294595212 -0.0510398485 0.0183278173
v  0.0292757861 -0.0505739897 0.0188616849
v  0.029393537 -0.0549390465 0.0164493527
v  0.0290237591 -0.0506345741 0.019094944
v  0.0290234145 -0.0551257394 0.0167820286
v  0.0287054088 -0.0506648347 0.0192409419
v  -0.031012414 -0.0279998016 -0.0441222675
v  -0.031012414 -0.0290741809 -0.0444560759
v  -0.0310124028 -0.0304197334 -0.0402654707
v  -0.0310122315 -0.055538781 0.0128146186
v  -0.0310122464 -0.0512720272 0.0102544436
v  -0.0310122427 -0.0488115959 0.0114546809
v  -0.031012414 -0.0198359396 -0.0400538743
v  -0.0310124028 -0.0247275066 -0.0379159898
v  -0.0310124103 -0.0189225394 -0.039397072
v  -0.0310123991 -0.0197008215 -0.0343587585
v  -0.0310124103 -0.0165746324 -0.0374642164
v  -0.0310122464 -0.0455797911 0.0126039283
v  -0.0310122501 -0.039507471 0.0136278756
v  -0.0310123917 -0.0486604683 -0.0438961163
v  -0.0310123879 -0.0501615405 -0.0433208868
v  -0.0310123768 -0.0485552251 -0.0392243341
v  -0.031012414 -0.02243682 -0.0416762531
v  -0.031012414 -0.0251606684 -0.0430323556
v  -0.031012414 -0.0262734741 -0.0434967279
v  -0.0310123917 -0.0155916987 -0.0297721941
v  -0.0310124066 -0.0144203557 -0.035315387
v  -0.0310124066 -0.015386574 -0.0363301076
v  -0.0310122352 -0.0579933859 0.0110257799
v  -0.0310122501 -0.0562987179 0.00669720909
v  -0.0310122389 -0.0602717064 0.00900675356
v  -0.0310122427 -0.0623653792 0.00675826473
v  -0.0310122576 -0.0604078397 0.00211064727
v  -0.0310122427 -0.0633716434 0.00550465239
v  -0.0310123805 -0.0126062185 -0.0243862253
v  -0.0310122576 -0.0333595537 0.0132749081
v  -0.0310123991 -0.0364920609 -0.0412894227
v  -0.0310124103 -0.0350712128 -0.0455955006
v  -0.0310124066 -0.0381076634 -0.0457300432
v  -0.031012414 -0.0304399747 -0.0448214822
v  -0.031012414 -0.032057602 -0.0451718867
v  -0.0310124103 -0.0347484834 -0.0455640964
v  -0.0310122613 -0.0681890473 -0.00352564477
v  -0.0310122613 -0.0678068921 -0.00246751611
v  -0.031012265 -0.0633933097 -0.00327532133
v  -0.0310122538 -0.0665773973 0.000343478081
v  -0.0310122501 -0.0650966614 0.00300217164
v  -0.0310124066 -0.0391180702 -0.0457106084
v  -0.0310124066 -0.0397145189 -0.0456840843
v  -0.0310123879 -0.0426399857 -0.0409364551
v  -0.0310124028 -0.0427667089 -0.0453720428
v  -0.0310123656 -0.0108940778 -0.0184709933
v  -0.0310122687 -0.0274443142 0.0115627861
v  -0.0310122836 -0.0220583528 0.00857728813
v  -0.0310122687 -0.0690331683 -0.00644727983
v  -0.0310122799 -0.0651054606 -0.0091905538
v  -0.0310122762 -0.0695954412 -0.00943765696
v  -0.0310123991 -0.0434666499 -0.0452582836
v  -0.0310123954 -0.0457506627 -0.0447742417
v  -0.0310123917 -0.0477125384 -0.0442155972
v  -0.0310123507 -0.0105411336 -0.0123230526
v  -0.031012373 -0.0555562451 -0.0404643267
v  -0.0310123656 -0.0539411791 -0.0362388343
v  -0.0310123805 -0.0529383793 -0.0420161262
v  -0.0310123842 -0.0517759845 -0.0426021256
v  -0.0310122985 -0.017471781 0.00446818396
v  -0.0310122836 -0.069871217 -0.012490605
v  -0.0310122948 -0.0654584169 -0.0153384665
v  -0.0310122874 -0.0698986501 -0.0136153046
v  -0.0310123134 -0.0644344613 -0.0214108005
v  -0.0310123023 -0.0693606511 -0.0196684301
v  -0.0310122948 -0.0697741956 -0.0166539084
v  -0.0310123358 -0.0651061013 -0.030648211
v  -0.0310123321 -0.0659189001 -0.0292613208
v  -0.0310123321 -0.062084984 -0.0271030143
v  -0.0310123246 -0.0668824241 -0.0273723025
v  -0.0310123321 -0.0115650762 -0.00625074748
v  -0.0310123544 -0.0614258349 -0.0354824923
v  -0.031012347 -0.0585277565 -0.032129731
v  -0.0310123619 -0.0592374094 -0.0376328714
v  -0.0310123656 -0.0580113642 -0.0386725217
v  -0.0310123172 -0.0139145628 -0.000558505417
v  -0.0310123246 -0.0672658309 -0.0265224427
v  -0.0310123134 -0.068342261 -0.0236753039
v  -0.0310123134 -0.0686555207 -0.0226516128
v  -0.0310123507 -0.0621339791 -0.0346902497
v  -0.031012347 -0.063382484 -0.0331516527
v  -0.0310123395 -0.0647595376 -0.0311943553
v  0.0310356766 -0.0386982635 -0.0457227379
v  0.0310356785 -0.0370908044 -0.0457174331
v  0.0310359187 -0.00928558782 6.51180599e-05
v  0.0310359299 -0.0107345991 0.00272704335
v  0.0310359318 -0.0111235362 0.00335042039
v  0.0310357008 -0.0265874527 -0.0436190963
v  0.0310357008 -0.0262734182 -0.0434968658
v  0.0310357083 -0.0237785205 -0.0423849337
v  0.0310357139 -0.0223271791 -0.0416148342
v  0.0310356729 -0.044732254 -0.0450118482
v  0.0310356729 -0.0476966314 -0.0442208312
v  0.0310356729 -0.0492152385 -0.0436937548
v  0.0310356859 -0.0580953322 -0.0386047661
v  0.031035684 -0.0572092123 -0.0392980129
v  0.0310356952 -0.0281025469 -0.0441561639
v  0.0310356896 -0.0304399338 -0.0448216535
v  0.031035956 -0.0444365218 0.0174122956
v  0.0310359616 -0.0414330885 0.0178838652
v  0.0310359672 -0.0383750759 0.0180658903
v  0.0310359709 -0.033717379 0.017778812
v  0.031035969 -0.0367535837 0.0180430096
v  0.0310359672 -0.023482576 0.0145731345
v  0.0310359709 -0.0262566693 0.0158269349
v  0.0310359709 -0.0277784318 0.0163856894
v  0.0310359709 -0.030724369 0.0172280651
v  0.0310359634 -0.0208452903 0.0130626168
v  0.0310359597 -0.0183407608 0.0112890406
v  0.0310357194 -0.0211222768 -0.0408998355
v  0.0310357288 -0.0186226591 -0.0391706675
v  0.0310357362 -0.0173707511 -0.0381623544
v  0.0310357455 -0.0153865293 -0.0363301598
v  0.0310356822 -0.0347484685 -0.045564279
v  0.0310356822 -0.0340317041 -0.0454826392
v  0.0310356896 -0.0310336091 -0.0449604839
v  0.0310356803 -0.0555807091 -0.0404483378
v  0.0310356785 -0.0546737798 -0.041025646
v  0.0310356747 -0.052006457 -0.0424908139
v  0.0310357008 -0.0624287315 -0.0343443491
v  0.0310357101 -0.0642848983 -0.0319048315
v  0.0310359504 -0.0473863184 0.0166552495
v  0.0310359448 -0.0489116311 0.0161434337
v  0.0310359411 -0.0128989127 0.00585300382
v  0.0310359485 -0.0148850158 0.00815279502
v  0.031035956 -0.0170769822 0.0102471579
v  0.0310357604 -0.0131233614 -0.0337993652
v  0.0310357474 -0.0151398014 -0.0360794365
v  0.0310356729 -0.0434666835 -0.0452584475
v  0.0310356729 -0.0417303294 -0.0455115177
v  0.0310356766 -0.0391180776 -0.0457107946
v  0.0310357269 -0.0668823868 -0.0273722615
v  0.0310357232 -0.0664154068 -0.0283266362
v  0.031035712 -0.0649058968 -0.0309666879
v  0.031035699 -0.0621340126 -0.0346902907
v  0.0310356934 -0.0603631362 -0.0365785621
v  0.0310356878 -0.0590551272 -0.0377943702
v  0.0310359374 -0.051704295 0.0149751054
v  0.0310356747 -0.0535730086 0.0140089346
v  0.0310359206 -0.0561731495 0.0123854037
v  0.0310359132 -0.0576980188 0.0112598483
v  0.0310357679 -0.0696964264 -0.0174217597
v  0.0310359094 -0.0585883036 0.0105346153
v  0.0310358964 -0.0608150065 0.00846332964
v  0.0310358927 -0.0615870059 0.00764490059
v  0.0310358834 -0.0628591776 0.0061585349
v  0.0310358182 -0.069097057 -0.00672249217
v  0.0310358033 -0.0696324334 -0.00971439574
v  0.0310357958 -0.0697996393 -0.01131316
v  0.0310357828 -0.0698943734 -0.0143839847
v  0.0310358331 -0.0682781562 -0.00379153341
v  0.0310358461 -0.0671736225 -0.000929159927
v  0.0310358796 -0.0635394454 0.00528173754
v  0.0310358647 -0.0652442649 0.00276142568
v  0.0310358517 -0.0667005032 9.16187273e-05
v  0.0310357548 -0.069211252 -0.0204200204
v  0.0310357455 -0.0686554238 -0.0226515867
v  0.0310357343 -0.0676672384 -0.0255533271
v  0.0294536799 -0.0575446226 -0.0423737355
v  0.0294536781 -0.0571093783 -0.0426669493
v  0.0302446783 -0.0563450493 -0.0415576436
v  0.029453624 -0.0259964112 -0.0462750755
v  0.0294536222 -0.025332218 -0.0460215621
v  0.0302446783 -0.025802834 -0.0447591878
v  0.0302446783 -0.0114625311 -0.0338584967
v  0.0302446783 -0.0659038201 -0.031905394
v  0.0302446783 -0.0697568357 -0.0236702897
v  0.0302446783 -0.0681131631 -0.0279201623
v  0.0302446783 -0.0631703064 -0.0355510823
v  0.0302446783 -0.0599639639 -0.0387887917
v  0.0302446783 -0.0481478237 -0.0454906374
v  0.0302446783 -0.0523815155 -0.0438056625
v  0.0302446783 -0.0437235087 -0.0465808734
v  0.0302446783 -0.0391916744 -0.0470558964
v  0.0302446783 -0.0346374474 -0.0469068214
v  0.0302446783 -0.0301463772 -0.0461364426
v  0.0302446783 -0.0216883924 -0.0428009592
v  0.0302446783 -0.0178803653 -0.040298529
v  0.0302446783 -0.0144502707 -0.0372989401
v  0.0294536017 -0.0143511044 -0.0390786827
v  0.0294535998 -0.0135139981 -0.0382677205
v  0.0294535961 -0.011986617 -0.0366350375
v  0.0294536073 -0.0169580188 -0.0412891246
v  0.0294536129 -0.0197859108 -0.0432411507
v  0.0294536147 -0.0208903532 -0.0438970849
v  0.0294536185 -0.022810638 -0.0449113697
v  0.0294536296 -0.0291461889 -0.0472721383
v  0.0294536315 -0.0298527982 -0.0474512875
v  0.0294536352 -0.0323136635 -0.0479537621
v  0.0294536389 -0.0343313627 -0.0482292101
v  0.0294536483 -0.0392652676 -0.0484010912
v  0.0294536464 -0.0388162397 -0.0484146066
v  0.0294536408 -0.0355464332 -0.0483371615
v  0.029453652 -0.0420938767 -0.0481811054
v  0.0294536576 -0.0453494638 -0.047634434
v  0.0294536557 -0.0442559719 -0.0478537977
v  0.0294536557 -0.0439803414 -0.0479033329
v  0.0294536632 -0.0485526733 -0.0467753038
v  0.0294536687 -0.0516730845 -0.0456072576
v  0.0294536706 -0.0529929362 -0.0450062305
v  0.0294536743 -0.0546803661 -0.044136893
v  0.0294536836 -0.0602366254 -0.0403302722
v  0.0294536855 -0.0608727932 -0.03978315
v  0.0294536948 -0.064992182 -0.0354666077
v  0.029453693 -0.064206548 -0.0364118591
v  0.0294536892 -0.0627281517 -0.0380218476
v  0.0294536874 -0.0612487905 -0.0394468755
v  0.0294537004 -0.0670032278 -0.0326854475
v  0.029453706 -0.0687375069 -0.0297018122
v  0.0294537097 -0.0693438128 -0.028468024
v  0.0294540077 -0.0712587684 -0.0233464316
v  0.0294537134 -0.0701723769 -0.0265438091
v  0.0294537097 -0.0695579275 -0.0280004721
v  -0.0286966544 -0.0130068203 -0.0386345573
v  -0.029251961 -0.0715156868 -0.0234143045
v  -0.0294302944 -0.0712588653 -0.0233457778
v  -0.029430287 -0.0696236938 -0.0278550759
v  -0.0290028136 -0.0717287883 -0.0234713499
v  -0.0292507466 -0.0698697716 -0.0279589649
v  -0.029430287 -0.0693445206 -0.0284683816
v  -0.0292507652 -0.0676097125 -0.0322319716
v  -0.0286965985 -0.0679099336 -0.0324119031
v  -0.0283785444 -0.0682887435 -0.0318811461
v  -0.0286966693 -0.0701925159 -0.028095847
v  -0.0283785481 -0.070236519 -0.0281149428
v  -0.0283785481 -0.0719026327 -0.023518594
v  -0.0294302832 -0.067380555 -0.032095015
v  -0.0294302832 -0.0670495406 -0.0326174684
v  -0.0292507354 -0.0647802055 -0.0361512676
v  -0.028696673 -0.0650530607 -0.0363715328
v  -0.0283785444 -0.0657043979 -0.0356436707
v  -0.0283785444 -0.0679508373 -0.0324368104
v  -0.0294302795 -0.0645721629 -0.0359836891
v  -0.0294302758 -0.064207837 -0.0364130996
v  -0.0292507131 -0.061433766 -0.0396394618
v  -0.0286967177 -0.0616737828 -0.039895609
v  -0.0283785407 -0.0626533329 -0.0390389152
v  -0.0283785444 -0.0650902241 -0.0364018753
v  -0.0294302721 -0.0612509586 -0.0394445509
v  -0.0294302721 -0.0608725846 -0.0397828743
v  -0.0292507205 -0.0576389581 -0.0426337123
v  -0.0286966842 -0.0578410737 -0.0429204442
v  -0.0283785407 -0.0591900572 -0.042012278
v  -0.0283785407 -0.0617065281 -0.0399307311
v  -0.0294302683 -0.0574850477 -0.0424153432
v  -0.0294302683 -0.0571098663 -0.0426677689
v  -0.0292507131 -0.0534660965 -0.0450740121
v  -0.0286966916 -0.0536266044 -0.0453860126
v  -0.0283785369 -0.0553727075 -0.044514928
v  -0.0283785407 -0.0578687452 -0.0429596603
v  -0.0294302646 -0.0533440262 -0.0448363386
v  -0.0294302646 -0.0529874079 -0.0450101048
v  -0.0292507019 -0.0489950106 -0.0469116271
v  -0.0286966991 -0.0491108671 -0.0472429171
v  -0.0283785369 -0.0512626991 -0.0465008803
v  -0.0283785369 -0.0536487363 -0.0454286039
v  -0.0294302572 -0.0489071757 -0.0466592796
v  -0.0294302572 -0.0485829897 -0.046765238
v  -0.0292507019 -0.0443135351 -0.0481157564
v  -0.0286966842 -0.0443824604 -0.0484597869
v  -0.0283785332 -0.0469310805 -0.0479403511
v  -0.0283785369 -0.0491271056 -0.0472880937
v  -0.0294302534 -0.0442616604 -0.0478536636
v  -0.0294302534 -0.0439804494 -0.0479043275
v  -0.0292507131 -0.039510157 -0.0486592539
v  -0.0286966395 -0.0395307653 -0.0490091443
v  -0.0283785332 -0.0424499325 -0.0488092676
v  -0.0283785332 -0.0443925001 -0.0485067517
v  -0.0286966022 -0.0346498154 -0.0488830805
v  -0.0283785295 -0.0378940068 -0.0490901209
v  -0.0283785332 -0.0395343751 -0.0490569957
v  -0.0283785295 -0.029150527 -0.047962185
v  -0.0283785332 -0.0298240725 -0.0481297746
v  -0.0286966544 -0.0298333541 -0.0480826758
v  -0.0283785295 -0.0333398618 -0.0487815253
v  -0.0283785295 -0.0346469507 -0.0489309318
v  -0.0283785295 -0.0279593207 -0.0476309359
v  -0.0286966991 -0.0251735002 -0.0466234609
v  -0.0283785295 -0.0251575503 -0.0466688648
v  -0.0294302497 -0.0394952446 -0.0483925976
v  -0.0294302423 -0.0347002074 -0.0482678823
v  -0.0292507205 -0.0346778557 -0.0485339612
v  -0.0294302385 -0.0299686622 -0.0474798903
v  -0.0292506982 -0.0299095176 -0.0477403477
v  -0.0294302348 -0.0253923312 -0.0460452475
v  -0.0292506758 -0.0252971929 -0.0462949201
v  -0.0294302274 -0.0210582837 -0.0439926088
v  -0.0292506833 -0.0209290031 -0.0442263521
v  -0.0294302236 -0.0170494001 -0.0413605943
v  -0.0292506944 -0.0168885849 -0.0415737629
v  -0.0294302199 -0.0134442085 -0.038198255
v  -0.0292506758 -0.0132549834 -0.0383867547
v  -0.0290016215 -0.0130995298 -0.0385418087
v  -0.0290016066 -0.0167566668 -0.0417490229
v  -0.029001629 -0.0208230373 -0.044418633
v  -0.0290016513 -0.025219379 -0.0465003885
v  -0.0290016327 -0.0298613757 -0.0479545444
v  -0.0290016104 -0.0346599035 -0.0487525351
v  -0.0290016327 -0.0395227373 -0.0488783345
v  -0.0290016551 -0.0443564355 -0.0483311638
v  -0.0290016662 -0.0490673818 -0.0471190512
v  -0.0290016625 -0.0535665043 -0.0452693515
v  -0.0290016625 -0.057765469 -0.0428132266
v  -0.0290016811 -0.061584048 -0.0397997461
v  -0.0290016625 -0.0649510995 -0.0362890922
v  -0.029001629 -0.06779778 -0.0323445573
v  -0.0290016662 -0.0700718984 -0.0280445181
v  -0.0286973584 -0.0718561858 -0.0235057101
v  -0.0286966134 -0.0166781936 -0.0418539122
v  -0.0286966581 -0.0207601972 -0.0445337743
v  -0.0283785295 -0.0237055998 -0.0460633412
v  -0.0283785295 -0.0196881723 -0.0439629704
v  -0.0283785295 -0.0159734376 -0.0413644575
v  -0.0283785295 -0.0126227867 -0.0383108221
v  -0.0286740307 -0.0564806536 0.0161503851
v  -0.0283785779 -0.0698703304 0.001253739
v  -0.0283785816 -0.0691271052 0.00273219519
v  -0.0286843274 -0.069830507 0.00123545784
v  -0.0283785854 -0.0684256926 0.00398731232
v  -0.0286806952 -0.0673416108 0.00564414728
v  -0.0283785779 -0.0705692917 -0.000320814695
v  -0.0286880825 -0.0716607049 -0.00348632806
v  -0.0283785742 -0.0717144832 -0.00350794871
v  -0.028378563 -0.0729816183 -0.00940982345
v  -0.0283785667 -0.0728402659 -0.00840908661
v  -0.0286916103 -0.0727945119 -0.00841596536
v  -0.0283785667 -0.0725480616 -0.0067848363
v  -0.0283785705 -0.0720704943 -0.00475256797
v  -0.028378563 -0.07306353 -0.0101134945
v  -0.0286945719 -0.0732105076 -0.0134774912
v  -0.0283785593 -0.0732579082 -0.0134915495
v  -0.0286966022 -0.0728931502 -0.018543059
v  -0.0283785556 -0.0731260106 -0.0168793779
v  -0.0283785593 -0.0732578114 -0.0141473031
v  -0.0283785518 -0.072672464 -0.0202305969
v  -0.0283785556 -0.0728946179 -0.0188788436
v  -0.0283785556 -0.0729406774 -0.0185493696
v  -0.0292525273 -0.0725422874 -0.018500831
v  -0.0294303279 -0.0722788274 -0.0184697118
v  -0.0294303391 -0.0719216317 -0.0206068456
v  -0.0294303093 -0.0724179745 -0.0172901265
v  -0.0292540584 -0.0728548691 -0.0134855751
v  -0.0294302013 -0.0725925565 -0.0139574129
v  -0.0294300336 -0.0724436939 -0.0106129628
v  -0.0292562861 -0.072440289 -0.008475082
v  -0.0294299033 -0.0721830279 -0.00851897243
v  -0.0292589348 -0.0713145658 -0.00359625276
v  -0.0294295643 -0.0711789802 -0.00404037442
v  -0.0294297356 -0.0717379078 -0.00618696818
v  -0.0294298176 -0.0719694421 -0.00729194051
v  -0.0292617586 -0.0694995373 0.00107570062
v  -0.0294292923 -0.0700804889 -0.000884460052
v  -0.0294294264 -0.0706503242 -0.00239876495
v  -0.0292644855 -0.0670331642 0.00543678971
v  -0.0294290166 -0.0686757192 0.00216110866
v  -0.0294291284 -0.0692709908 0.000963958737
v  -0.0292668696 -0.0639583692 0.00941170566
v  -0.02942851 -0.0650290549 0.00776128611
v  -0.0294287484 -0.0669842884 0.00505402358
v  -0.0294281337 -0.0593207479 0.0134123685
v  -0.029428171 -0.0603637956 0.0125628449
v  -0.029268628 -0.0603522696 0.0128943203
v  -0.0294283088 -0.0628136396 0.0102748834
v  -0.0294283871 -0.063775219 0.00924409926
v  -0.0294281039 -0.0577159338 0.0145957246
v  -0.0292695072 -0.0562818833 0.0158272814
v  -0.0286973584 -0.0718561783 -0.0235057082
v  -0.0283785854 -0.0674006045 0.00563222123
v  -0.0283785891 -0.0657579005 0.00791196339
v  -0.0286775287 -0.064236939 0.00966322329
v  -0.0283785928 -0.0653984249 0.00836345647
v  -0.0283785928 -0.0642684326 0.00969031174
v  -0.0283785965 -0.0631455556 0.0108866766
v  -0.0283785965 -0.0625867248 0.0114423679
v  -0.028675193 -0.0605940446 0.013184879
v  -0.0283786003 -0.0606692508 0.013175034
v  -0.0283786003 -0.0589700863 0.0145147908
v  -0.028378604 -0.0579766631 0.0152237453
v  -0.0290027615 -0.0727618858 -0.0185270924
v  -0.0290026385 -0.0730774924 -0.0134804901
v  -0.0290024597 -0.0726621225 -0.00843824167
v  -0.0290022399 -0.0715315342 -0.00352781895
v  -0.0290020127 -0.069707267 0.00117515062
v  -0.0290017929 -0.0672270954 0.00556596089
v  -0.0290015992 -0.0641338974 0.00956850778
v  -0.0290014613 -0.0605049953 0.0130757038
v  -0.0290013943 -0.0564077944 0.0160292499
v  0.0284019262 -0.029150527 -0.047962185
v  0.0162636191 -0.0289376527 -0.0487832502
v  0.0284019262 -0.0279593207 -0.0476309359
v  0.0162636191 -0.0277177896 -0.0484440625
v  0.0107579101 -0.0288792513 -0.0490084849
v  0.00946912076 -0.0288690217 -0.0490479469
v  0.0037881569 -0.0276064072 -0.0488189831
v  0.00378815597 -0.0288394876 -0.0491618663
v  -0.0210817084 -0.0290086716 -0.0485092998
v  -0.0211351831 -0.0277993809 -0.0481693633
v  -0.0134373624 -0.0289049391 -0.0489094146
v  -0.00867495127 -0.0276336838 -0.0487271585
v  -0.00687976787 -0.0288525391 -0.0491115078
v  -0.00579801155 -0.0276151057 -0.0487897284
v  -0.00579801155 -0.0288471431 -0.0491323285
v  0.00183955953 -0.0288351923 -0.049178414
v  -0.023586221 -0.029052645 -0.0483397022
v  -0.0211351831 -0.0290095638 -0.048505865
v  -0.012329096 -0.072886467 -0.0237999596
v  -0.0225046389 -0.0723526627 -0.0236472953
v  -0.0211351831 -0.0708826333 -0.028039908
v  -0.0211351831 -0.0425207615 -0.0493659005
v  0.0284018181 -0.0647463873 -0.036806345
v  0.0284018125 -0.0657837987 -0.0355403796
v  0.0162636191 -0.0663698092 -0.0361676365
v  0.0162636191 -0.0711456761 -0.0281535927
v  0.0284017865 -0.0703670457 -0.027817132
v  0.0284017846 -0.0707139 -0.0269854069
v  0.0182115752 -0.0726170242 -0.0237234123
v  0.0284017734 -0.0717748702 -0.0239550695
v  0.0284018051 -0.0719027817 -0.023519475
v  0.0284017939 -0.0693473369 -0.029973533
v  0.0162636191 -0.0690176561 -0.0323154889
v  0.0284017995 -0.0682890043 -0.031881284
v  0.0284018032 -0.0677003786 -0.0328342579
v  0.0284018219 -0.06361112 -0.0380654223
v  0.0162636191 -0.0632465258 -0.0396454148
v  0.0284018256 -0.0626534522 -0.039039012
v  0.0284018423 -0.0577128492 -0.0430652313
v  0.0162636191 -0.0597001314 -0.04269059
v  0.0284018498 -0.0557301342 -0.044308532
v  0.0162636191 -0.0557900667 -0.0452521257
v  0.0284018498 -0.0553721525 -0.044513993
v  0.0284018405 -0.0585644282 -0.0424726047
v  0.0284018386 -0.0591903627 -0.0420126468
v  0.0284018312 -0.0611984432 -0.0403841175
v  0.0284018591 -0.0527189188 -0.0458714627
v  0.0162636191 -0.0515818559 -0.0472870581
v  0.0284018628 -0.0512627997 -0.0465011261
v  0.0284018777 -0.0462694056 -0.0481071882
v  0.0284018759 -0.0469311737 -0.0479407497
v  0.0162636191 -0.0471460409 -0.0487612933
v  0.0284018703 -0.0485906303 -0.047462523
v  0.0284018684 -0.0495562106 -0.0471430533
v  0.028401887 -0.0428876057 -0.0487502366
v  0.0162636191 -0.0425569341 -0.0496501587
v  0.028401887 -0.0424498729 -0.04880872
v  0.0284018964 -0.0394414328 -0.0490611941
v  0.0162636191 -0.0378914438 -0.0499387532
v  0.0284019001 -0.0378939919 -0.0490905195
v  0.0162636191 -0.0332277864 -0.049622193
v  0.0284019168 -0.0324868672 -0.048657041
v  0.0284019131 -0.0333398804 -0.0487814061
v  0.0284019057 -0.0359628201 -0.0490317978
v  0.00378815597 -0.0331760943 -0.0500098877
v  -0.0086749522 -0.0331887528 -0.0499149263
v  -0.0211351831 -0.0332656577 -0.0493381508
v  -0.0211351831 -0.0378923081 -0.049652189
v  -0.0211351831 -0.0470734499 -0.0484840795
v  -0.0211351831 -0.051474072 -0.0470215492
v  -0.0211351831 -0.0556488857 -0.0450027436
v  -0.0211351831 -0.0595279112 -0.0424615704
v  -0.0211351831 -0.0630461574 -0.0394405685
v  -0.0211351831 -0.0661446676 -0.0359903499
v  -0.0211351831 -0.0687714964 -0.0321687907
v  -0.00215465273 -0.0731085837 -0.0238635894
v  -0.00867505185 -0.0730021 -0.023833055
v  -0.0086749522 -0.0714167804 -0.0282707363
v  0.00802385528 -0.0730189905 -0.0238381457
v  0.00378815597 -0.0715047121 -0.028308725
v  0.00378805562 -0.0730941594 -0.0238595754
v  0.00378815597 -0.0693536401 -0.0325157233
v  0.00378815597 -0.0666771159 -0.0364095941
v  0.00378815597 -0.0635199919 -0.0399250388
v  0.00378815597 -0.0599351898 -0.0430031978
v  0.00378815597 -0.055982776 -0.0455924608
v  0.00378815597 -0.0517289862 -0.0476494506
v  0.00378815597 -0.0472451113 -0.0491396636
v  0.00378815597 -0.0426062904 -0.0500381477
v  0.00378815597 -0.0378902704 -0.0503298678
v  -0.0086749522 -0.0692713559 -0.0324666761
v  -0.0086749522 -0.0666018575 -0.0363503136
v  -0.0086749522 -0.0634530112 -0.039856568
v  -0.0086749522 -0.0598776191 -0.0429266356
v  -0.0086749522 -0.0559355803 -0.0455091074
v  -0.0086749522 -0.0516929515 -0.0475606807
v  -0.0086749522 -0.0472208411 -0.0490470119
v  -0.0086749522 -0.0425942019 -0.0499431305
v  -0.0086749522 -0.0378905684 -0.050234057
v  -0.0211351831 -0.0234779157 -0.0465767942
v  -0.00867495127 -0.0117997639 -0.0391047858
v  0.0162636191 -0.0120123103 -0.0388997272
v  0.0284019262 -0.0126227867 -0.0383108221
v  0.0037881569 -0.0117308162 -0.0391712673
v  -0.0211351831 -0.0122185564 -0.0387007929
v  0.0284019262 -0.0237055998 -0.0460633412
v  0.0162636191 -0.023361735 -0.0468387567
v  -0.00867495127 -0.0232420191 -0.0471087247
v  0.0037881569 -0.0232031718 -0.0471963026
v  0.0284019262 -0.0196881723 -0.0439629704
v  0.0162636191 -0.0192476604 -0.0446878225
v  0.0037881569 -0.0190445408 -0.0450220816
v  -0.00867495127 -0.0190942939 -0.0449402072
v  -0.0211351831 -0.0193964727 -0.0444429368
v  0.0284019262 -0.0159734376 -0.0413644575
v  0.0162636191 -0.0154435569 -0.0420268178
v  0.0037881569 -0.0151992263 -0.0423322394
v  -0.00867495127 -0.0152590713 -0.0422574431
v  -0.0211351831 -0.015622572 -0.0418030582
v  -0.0211352836 -0.0710616782 -4.33342757e-05
v  -0.00867505185 -0.0740281492 -0.0190427843
v  0.00378805562 -0.0597074963 0.0155115426
v  0.0162635185 -0.0594748668 0.0151970917
v  0.0284018219 -0.0589703918 0.0145151997
v  0.0284018237 -0.0576882437 0.0154202925
v  0.0284018125 -0.0641305894 0.00984287448
v  0.0162635185 -0.0631783083 0.0120504526
v  0.0284018125 -0.0650921836 0.00873606652
v  0.0162635185 -0.0664256662 0.00843501929
v  0.0284018107 -0.0657579005 0.00791196339
v  0.0284018163 -0.0628282726 0.0112053454
v  0.0284018163 -0.0625868365 0.0114424909
v  0.02840182 -0.0603519678 0.0134390118
v  0.0284018014 -0.0703828633 0.0001189756
v  0.0284018032 -0.0697799847 0.00144266174
v  0.0162635185 -0.0713261664 6.69385408e-05
v  0.0162635185 -0.0691581145 0.00441624038
v  0.0284018051 -0.0688903853 0.00317012984
v  0.0284018051 -0.0684261695 0.00398760848
v  0.0284018088 -0.0671201646 0.00605044793
v  0.0284017939 -0.0724656433 -0.00639015483
v  0.0284017958 -0.0720709264 -0.00475247437
v  0.0162635185 -0.0728905573 -0.00453407643
v  0.0284017976 -0.0715797767 -0.0030770686
v  0.0284017995 -0.0705432966 -0.000259507739
v  0.0284017902 -0.072808519 -0.00820844341
v  0.0162635185 -0.0738229305 -0.00930351857
v  0.0284017902 -0.0729814097 -0.00940985605
v  0.0162635185 -0.0741064101 -0.0141549483
v  0.0284017846 -0.0732582286 -0.0141473301
v  0.0284017846 -0.0732548386 -0.013248004
v  0.0284017902 -0.073027432 -0.00979078468
v  0.0284017809 -0.0731402859 -0.0167296026
v  0.0162635185 -0.073735863 -0.0190005172
v  0.028401779 -0.0728963837 -0.0188790709
v  0.0284017771 -0.0726796016 -0.0202000923
v  0.00378805562 -0.0741229504 -0.019056512
v  -0.0211352836 -0.0734522417 -0.0189594943
v  -0.0211352836 -0.0735386238 -0.00933943596
v  -0.0211352836 -0.0738198534 -0.0141523639
v  -0.0211352836 -0.0726136416 -0.00460786093
v  -0.0211352836 -0.0689108297 0.00427142717
v  -0.0211352836 -0.0662000552 0.00825828686
v  -0.0211352836 -0.0629784763 0.0118450606
v  -0.0211352836 -0.0593044348 0.0149667161
v  -0.00867505185 -0.059650518 0.0154345296
v  0.00378805562 -0.0634510443 0.0123308012
v  0.00378805562 -0.0667335689 0.00867620017
v  0.00378805562 -0.0694956258 0.00461390056
v  0.00378805562 -0.0716871545 0.000217497261
v  0.00378805562 -0.073268488 -0.00443339068
v  0.00378805562 -0.0742109641 -0.00925446767
v  0.00378805562 -0.0744975135 -0.0141584584
v  -0.00867505185 -0.0633842349 0.0122621255
v  -0.00867505185 -0.0666581616 0.00861712266
v  -0.00867505185 -0.0694129542 0.00456549181
v  -0.00867505185 -0.0715987459 0.000180625953
v  -0.00867505185 -0.073175922 -0.00445803441
v  -0.00867505185 -0.0741159171 -0.00926649384
v  -0.00867505185 -0.0744017214 -0.0141575914
v  -0.0302160364 -0.0704385415 -0.00650612684
v  -0.0302160364 -0.0585145876 0.0123430341
v  -0.0302160364 -0.0554043502 0.0145066064
v  -0.0302160364 -0.0613585524 0.00983974896
v  -0.0302160364 -0.0638993233 0.00702922605
v  -0.0302160364 -0.0661039203 0.00394792901
v  -0.0302160364 -0.0679437369 0.000635867764
v  -0.0302160364 -0.0693948865 -0.00286395987
v  -0.0302160364 -0.0710611492 -0.0102433749
v  -0.0302160364 -0.0710164681 -0.017808428
v  -0.0302160364 -0.0712546185 -0.0140271895
v  -0.0302160364 -0.0703497604 -0.0215380602
v  -0.0302213114 -0.0114625534 -0.0338584706
v  -0.0302213114 -0.0144502791 -0.0372989103
v  -0.0302213114 -0.0178803783 -0.0402985327
v  -0.0302213114 -0.0258028414 -0.044759158
v  -0.0302213114 -0.0216884147 -0.0428009331
v  -0.0302213114 -0.030146379 -0.0461364128
v  -0.0302213114 -0.039191667 -0.0470558964
v  -0.0302213114 -0.0346374474 -0.0469068214
v  -0.0302213114 -0.0437235087 -0.0465808436
v  -0.0302213114 -0.0481478237 -0.0454906039
v  -0.0302213114 -0.0523815006 -0.0438056551
v  -0.0302213114 -0.0563450344 -0.0415576398
v  -0.0302213114 -0.0599639602 -0.0387887582
v  -0.0302213114 -0.0631702915 -0.0355510786
v  -0.0302213114 -0.0659038052 -0.0319053903
v  -0.0302213114 -0.0681131557 -0.0279201586
v  -0.0302213114 -0.0697568208 -0.0236702841
v  0.0292879511 -0.0697882771 -0.0280970316
v  0.0292874053 -0.0674208775 -0.0324998572
v  0.0292867534 -0.0644270852 -0.036542438
v  0.0292859748 -0.0614226162 -0.0396286361
v  0.0292848311 -0.0574735515 -0.0427289605
v  0.0292835943 -0.0531097874 -0.045233883
v  0.0292822774 -0.0484549925 -0.0470750295
v  0.0292811003 -0.0443092845 -0.0481071919
v  0.0292796865 -0.039316982 -0.0486596376
v  0.0292783342 -0.0343101062 -0.0484910458
v  0.0292771664 -0.0293675475 -0.0476021171
v  0.0292762611 -0.0252950694 -0.0462910235
v  0.029275272 -0.0207623467 -0.0441302322
v  0.0292745139 -0.016585933 -0.0413397737
v  0.0287180338 -0.0205950271 -0.0444410555
v  0.0287191048 -0.0163742602 -0.0416203924
v  0.0287198499 -0.0126107167 -0.0382291712
v  0.0287200939 -0.00981575251 -0.0349385962
v  0.0287150927 -0.0292923898 -0.0479503721
v  0.0287166145 -0.0251764841 -0.0466254316
v  0.028713081 -0.0342849009 -0.0488480143
v  0.028711034 -0.0393426344 -0.049018912
v  0.0287089217 -0.0443861485 -0.0484616496
v  0.0287070945 -0.0485746749 -0.0474195033
v  0.0287049841 -0.0532779098 -0.0455598496
v  0.0287029985 -0.0576874204 -0.043029353
v  0.02870127 -0.0616782419 -0.0398971662
v  0.0286999457 -0.0647143275 -0.0367786102
v  0.0286986623 -0.0677393675 -0.0326929949
v  0.0286979787 -0.0701319501 -0.028243728
v  0.0285402332 -0.0718895942 -0.0235142335
v  0.0292741228 -0.0128621459 -0.0379841961
v  0.029274039 -0.0100967642 -0.0347281471
v  0.0290250313 -0.00992087647 -0.0348598547
v  0.029024953 -0.0127045447 -0.0381373353
v  0.0290248338 -0.0164528769 -0.0415151119
v  0.0290248301 -0.0206567068 -0.0443244018
v  0.0290248133 -0.0252195429 -0.0465000309
v  0.0290246606 -0.0293189622 -0.0478199683
v  0.0290244352 -0.0342929102 -0.0487147346
v  0.0290243495 -0.0393318348 -0.0488850102
v  0.0290242787 -0.0443564169 -0.0483297929
v  0.0290241763 -0.0485291742 -0.0472914986
v  0.0290240198 -0.0532146059 -0.0454388894
v  0.0290238708 -0.0576073192 -0.0429179966
v  0.0290238019 -0.0615828112 -0.039797686
v  0.0290236603 -0.0646073297 -0.0366911925
v  0.0290234312 -0.0676209778 -0.0326215662
v  0.0290234871 -0.0700042769 -0.0281894449
v  0.0290236417 -0.0717268884 -0.023470277
v  0.0305406749 -0.0363994017 0.0195253026
v  0.0309353266 -0.0222579334 0.0144693516
v  0.0297645498 -0.00818704534 0.00926490221
v  0.0298046954 -0.00737177301 0.00535136089
v  0.0298043657 -0.00696938252 0.00339507032
v  0.0297376774 -0.00619237963 -0.00051859318
v  0.0297844652 -0.00657436438 0.00143886707
v  0.030965358 -0.0143145556 0.0079948362
v  0.0305579472 -0.0151728364 0.0118678007
v  0.0303585567 -0.0230876934 0.0183110274
v  0.0309931245 -0.0293364767 0.0170464292
v  0.0298533458 -0.0168619361 0.019633323
v  0.0301672779 -0.0301738214 0.020843083
v  0.030835649 -0.042617809 0.018189922
v  0.0298273265 -0.0239454824 0.0221791416
v  0.0294509642 -0.010688602 0.0209975094
v  0.029246876 -0.00568608241 0.0098113995
v  0.0292034503 -0.00569102541 0.0139177386
v  0.0296850502 -0.00901060086 0.0131764086
v  0.0291698724 -0.00569444057 0.0180252902
v  0.0295763835 -0.009843003 0.0170856267
v  0.0291434042 -0.00569734676 0.0221333914
v  0.0288789943 -0.00504963147 0.0170744099
v  0.0287376475 -0.00501223328 0.0170737859
v  0.0291271191 -0.00536031555 0.0170759764
v  0.0289920643 -0.00511958078 0.0170749705
v  0.0290742181 -0.00522408402 0.0170754809
v  0.0287383255 -0.00497953407 -0.0201047845
v  0.0287298318 -0.00518717198 -0.0233638063
v  0.0287194364 -0.0075625293 -0.0313172564
v  0.0290254503 -0.00766937574 -0.0312528387
v  0.0287229605 -0.00601144321 -0.0274064112
v  0.0290820915 -0.00504777394 -0.0200827755
v  0.0293872189 -0.00522009283 -0.0200589262
v  0.0290569589 -0.00527475961 -0.0233299527
v  0.0293393619 -0.0054591517 -0.0232836772
v  0.0292985477 -0.00630642008 -0.0272803567
v  0.0290361792 -0.00611485355 -0.0273565706
v  0.0292776115 -0.00785566028 -0.0311480146
v  0.029435534 -0.00512971822 -0.0140137449
v  0.0291051697 -0.0049824561 -0.0140273552
v  0.0287453812 -0.00494603021 -0.0140409693
v  0.0286850873 -0.0563054122 0.0162508916
v  0.0286974739 -0.0729098246 -0.0183962975
v  0.028705243 -0.0731979758 -0.0132546425
v  0.0287082773 -0.0727508292 -0.00821664371
v  0.0287092589 -0.0715879276 -0.00329667679
v  0.028709393 -0.0697260424 0.001419281
v  0.0287086181 -0.067213513 0.00580845587
v  0.0287062954 -0.0640965849 0.0097949598
v  0.0287002455 -0.0604238696 0.0133095728
v  0.0294533838 -0.0572619885 0.0149041601
v  0.0291180387 -0.0561947227 0.0160683654
v  0.0291073192 -0.06029284 0.0131513588
v  0.029103281 -0.063950941 0.00965504255
v  0.0294534974 -0.0624243207 0.0106676575
v  0.0294534862 -0.059946958 0.0129096564
v  0.0291021578 -0.0670472011 0.00569567224
v  0.0294534434 -0.0646825656 0.00818623789
v  0.0294534545 -0.063638635 0.00939369947
v  0.0291015934 -0.0695458129 0.00133178907
v  0.0294535216 -0.0684194267 0.00264278846
v  0.0294535235 -0.0666863099 0.00550335366
v  0.0294535421 -0.0710211024 -0.00351976138
v  0.0294535235 -0.0706499442 -0.00239927624
v  0.0291017257 -0.0713974759 -0.00335950498
v  0.0294535067 -0.0698696151 -0.00037655246
v  0.0294535086 -0.0691815242 0.00114965078
v  0.0294535849 -0.0718638152 -0.00676327385
v  0.0291024018 -0.0725526065 -0.00824993104
v  0.0294535719 -0.072151728 -0.00832180586
v  0.0294535346 -0.0723875389 -0.0100640394
v  0.0291043296 -0.0729951262 -0.0132557554
v  0.0294535942 -0.072590746 -0.0134085361
v  0.0294536464 -0.0724692196 -0.0167584158
v  0.0291097127 -0.0727038756 -0.0183737334
v  0.0294535942 -0.0723009109 -0.0183189809
v  0.0294535346 -0.0720243976 -0.0200782828
v  0.0302444864 -0.0703411773 -0.0215368085
v  0.0302444864 -0.0660968274 0.00394298648
v  0.0302444864 -0.0679361522 0.000631717907
v  0.0302444864 -0.0553999655 0.0144991819
v  0.0302444864 -0.0585094243 0.0123361126
v  0.0302444864 -0.0613526702 0.00983340479
v  0.0302444864 -0.0638927966 0.00702353381
v  0.0302444864 -0.0710526332 -0.0102449004
v  0.0302444864 -0.0710078031 -0.0178081151
v  0.0302444864 -0.0712459907 -0.0140277827
v  0.0302444864 -0.0693868995 -0.00286728027
v  0.0302444864 -0.0704302341 -0.00650858134
v  2.12770496e-10 5.60518476e-09 0.0272499956
v  -0.00606369553 5.8362648e-09 0.0265667755
v  -0.0118233319 2.50743071e-09 0.0245514028
v  -0.0169900972 -4.47333992e-09 0.0213049166
v  -0.0213049073 1.7023446e-09 0.0169900917
v  -0.0245514009 7.20352267e-09 0.0118233245
v  -0.0265667848 2.54235411e-09 0.00606370857
v  -0.0272499993 -5.01959452e-09 1.12537135e-08
v  -0.0265667848 1.74237091e-09 -0.00606368203
v  -0.0245514009 5.29583088e-09 -0.0118233263
v  -0.0213049073 -3.52691387e-09 -0.0169900972
v  -0.0169900972 -5.5658731e-09 -0.0213048942
v  -0.0118233319 -4.33202185e-09 -0.0245514084
v  -0.00606369553 -7.66086927e-09 -0.0265667811
v  2.12770496e-10 6.89411195e-09 -0.0272499975
v  0.00606369553 5.83625059e-09 0.0265667755
v  0.0118233319 2.5074034e-09 0.0245514028
v  0.0169900972 -4.473379e-09 0.0213049166
v  0.0213049073 1.70229542e-09 0.0169900917
v  0.0245514028 7.20346627e-09 0.0118233245
v  0.0265667867 2.5422926e-09 0.00606370857
v  0.0272499993 -5.01965758e-09 1.12537135e-08
v  0.0265667867 1.74230952e-09 -0.00606368203
v  0.0245514028 5.29577404e-09 -0.0118233263
v  0.0213049073 -3.52696317e-09 -0.0169900972
v  0.0169900972 -5.56591218e-09 -0.0213048942
v  0.0118233319 -4.33204939e-09 -0.0245514084
v  0.00606369553 -7.66088348e-09 -0.0265667811
v  2.12768192e-10 -0.00200000592 0.0272500012
v  0.00606369553 -0.00200000568 0.0265667811
v  0.0118233319 -0.00200000894 0.0245514084
v  0.0169900972 -0.00199999358 0.021304898
v  0.0213049073 -0.00199999544 0.016990101
v  0.0245514028 -0.00200000429 0.0118233301
v  0.0265667867 -0.00200000079 0.00606368575
v  0.0272499993 -0.00199999404 -7.59913732e-09
v  0.0265667867 -0.00200000149 -0.00606370484
v  0.0245514028 -0.00200000615 -0.0118233208
v  0.0213049073 -0.00200000079 -0.0169900879
v  0.0169900972 -0.00199999451 -0.0213049129
v  0.0118233319 -0.00200000149 -0.0245513991
v  0.00606369553 -0.00200000498 -0.0265667718
v  2.12768192e-10 -0.00200000475 -0.0272499919
v  -0.00606369553 -0.00200000498 -0.0265667718
v  -0.0118233319 -0.00200000149 -0.0245513991
v  -0.0169900972 -0.00199999451 -0.0213049129
v  -0.0213049073 -0.00200000079 -0.0169900879
v  -0.0245514009 -0.00200000615 -0.0118233208
v  -0.0265667848 -0.00200000149 -0.00606370484
v  -0.0272499993 -0.00199999404 -7.59913732e-09
v  -0.0265667848 -0.00200000079 0.00606368575
v  -0.0245514009 -0.00200000429 0.0118233301
v  -0.0213049073 -0.00199999544 0.016990101
v  -0.0169900972 -0.00199999358 0.021304898
v  -0.0118233319 -0.00200000894 0.0245514084
v  -0.00606369553 -0.00200000568 0.0265667811
v  2.12768192e-10 -0.00199999404 -7.59913732e-09
v  -0.0304124597 -0.0455797911 0.0126039283
v  -0.0304124597 -0.039507471 0.0136278756
v  -0.0304124597 -0.0333595537 0.0132749081
v  -0.0304124597 -0.0274443142 0.0115627861
v  -0.0304124597 -0.0220583528 0.00857728813
v  -0.0304124597 -0.017471781 0.00446818396
v  -0.0304124597 -0.0139145628 -0.000558505417
v  -0.0304124597 -0.0115650762 -0.00625074748
v  -0.0304124597 -0.0105411336 -0.0123230526
v  -0.0304124597 -0.0108940778 -0.0184709933
v  -0.0304124597 -0.0126062185 -0.0243862253
v  -0.0304124597 -0.0155916987 -0.0297721941
v  -0.0304124597 -0.0197008215 -0.0343587585
v  -0.0304124597 -0.0247275066 -0.0379159898
v  -0.0304124597 -0.0304197334 -0.0402654707
v  -0.0304124597 -0.0364920609 -0.0412894227
v  -0.0304124597 -0.0426399857 -0.0409364551
v  -0.0304124597 -0.0485552251 -0.0392243341
v  -0.0304124597 -0.0539411791 -0.0362388343
v  -0.0304124597 -0.0585277565 -0.032129731
v  -0.0304124597 -0.062084984 -0.0271030143
v  -0.0304124597 -0.0644344613 -0.0214108005
v  -0.0304124597 -0.0654584169 -0.0153384665
v  -0.0304124597 -0.0651054606 -0.0091905538
v  -0.0304124597 -0.0633933097 -0.00327532133
v  -0.0304124597 -0.0604078397 0.00211064727
v  -0.0304124597 -0.0562987179 0.00669720909
v  -0.0304124597 -0.0512720272 0.0102544436
v  -0.0304124597 -0.0379997604 -0.0138307717

# 0 UV coordinates

# 3417 vertex normals
vn -1.08335042e-12 -0.937914014 -0.34686783
vn -1.14533838e-12 -0.991583705 -0.129467413
vn -1.14989485e-12 -0.995531797 0.0944266617
vn -1.09679019e-12 -0.949559212 0.313587815
vn -9.88688081e-13 -0.855971873 0.517022371
vn -8.31012451e-13 -0.719465613 0.694528043
vn -6.31659764e-13 -0.546876609 0.837213218
vn -4.00636447e-13 -0.34686783 0.937914014
vn -1.49525994e-13 -0.12946777 0.991583645
vn 1.09088208e-13 0.0944294184 0.995531559
vn 3.62229452e-13 0.313589096 0.949558794
vn 5.9720165e-13 0.517019451 0.855973661
vn 8.02234635e-13 0.694530368 0.719463408
vn 9.67038407e-13 0.83721298 0.546876967
vn 1.08335042e-12 0.937914014 0.34686783
vn 1.14533849e-12 0.991583824 0.129466191
vn 1.14989485e-12 0.995531797 -0.0944266617
vn 1.09679019e-12 0.949559212 -0.313587815
vn 9.88688515e-13 0.85597235 -0.517021656
vn 8.31012451e-13 0.719465613 -0.694528043
vn 6.31659438e-13 0.546876311 -0.837213397
vn 4.00636555e-13 0.346867919 -0.937914014
vn 1.49525994e-13 0.12946777 -0.991583645
vn -1.09087686e-13 -0.094428964 -0.995531619
vn -3.62225739e-13 -0.313585848 -0.949559867
vn -5.97205011e-13 -0.517022371 -0.855971873
vn -8.02233768e-13 -0.694529593 -0.719464123
vn -9.67039057e-13 -0.837213635 -0.546876013
vn -0.43975842 -6.32149477e-06 -0.898116112
vn -0.97179693 -0.00165250571 -0.235813498
vn -0.295755625 1.76043864e-06 0.955263615
vn -0.0055814404 1.84285341e-06 0.999984443
vn -0.0198347699 0.00308861816 0.999798477
vn -0.2443984 1.78699679e-06 0.969674885
vn -0.201627925 0.0114760827 0.979394972
vn -0.156501502 0.0400143862 0.986866832
vn -0.14905414 0.0331120454 0.988274455
vn -0.0712568462 -0.00736752618 0.997430801
vn -0.378490716 0.0439092889 0.924562991
vn -0.364539951 0.024719324 0.930859566
vn -0.445360303 -4.76256537e-06 0.89535147
vn -0.666562676 2.13924523e-06 0.745448947
vn -0.625864923 2.23820098e-06 0.779931486
vn -0.555546522 0.0259816237 0.831079423
vn -0.565728784 0.0416322872 0.823539734
vn -0.49245739 -4.62950584e-06 0.870336533
vn -0.810060024 1.68266411e-06 0.586346924
vn -0.777646661 1.80421091e-06 0.628701627
vn -0.720723212 0.0271913093 0.692689478
vn -0.739947975 0.0636325851 0.669647634
vn -0.704410076 0.0240845978 0.709384501
vn -0.855998814 0.0372403227 0.515634716
vn -0.852399886 0.028351577 0.52212131
vn -0.89372772 1.28739441e-06 0.448609799
vn -0.96303761 0.00786009431 0.269252181
vn -0.944458842 0.0294915233 0.327303737
vn -0.945831299 0.0350941829 0.322756201
vn -0.916374564 1.14882073e-06 0.400321901
vn -0.99888128 2.2790968e-07 0.0472881868
vn -0.989605606 0.0476382785 0.135688365
vn -0.992803395 0.0240845457 0.117308892
vn -0.978738844 -2.59147527e-07 0.205110431
vn -0.969366789 -3.10326612e-07 0.245617539
vn -0.97179997 -0.00165250571 -0.235800996
vn -0.987734854 0.00218622433 -0.156125247
vn -0.994344115 0.0406202711 -0.0981315076
vn -0.997768819 0.0119845923 -0.0656795576
vn -0.999991894 -1.93745322e-08 -0.00402021455
vn -0.95483005 0.0294120107 -0.295693338
vn -0.950191081 0.041140981 -0.308940738
vn -0.929640651 -0.002921012 -0.368455887
vn -0.885121524 0.00341639901 -0.46534735
vn -0.861899257 0.0412944295 -0.505395293
vn -0.844422996 0.0163554549 -0.535427213
vn -0.733561277 0.0414020829 -0.678361058
vn -0.766532898 0.00228838925 -0.642201006
vn -0.814783454 -0.000923942018 -0.579764664
vn -0.485136777 -6.4793785e-06 -0.874438286
vn -0.534181476 0.00461079646 -0.845357239
vn -0.571162641 0.0402712896 -0.819848418
vn -0.618076146 -0.000381608406 -0.78611815
vn -0.695286274 0.000384988001 -0.718732834
vn -0.348035514 0.0581654422 -0.935675204
vn -0.382462829 0.0140353115 -0.923864245
vn -0.291790783 8.89786065e-07 -0.956482172
vn -0.242420435 -1.51539922e-07 -0.970171273
vn -0.175507978 0.0333905853 -0.983911574
vn -0.152812287 0.013991965 -0.988156199
vn -0.0390631743 -0.00960043725 -0.999190629
vn -0.0561159737 1.84952623e-05 -0.998424232
vn 0.971265078 8.84539404e-05 0.238000304
vn -0.00483525172 1.85141125e-05 -0.999988317
vn 0.0198348742 0.00145037263 -0.999802232
vn 0.156561702 0.0288426895 -0.987246931
vn 0.152532816 0.0249205623 -0.98798418
vn 0.0513827838 -0.0079275826 -0.998647571
vn 0.431099296 9.19156548e-07 -0.902304471
vn 0.349080294 0.0410348251 -0.936193943
vn 0.364557534 0.0231660418 -0.930892646
vn 0.282566577 2.56977273e-06 -0.959247708
vn 0.233074427 9.49808225e-07 -0.972458899
vn 0.649843693 8.11948894e-07 -0.76006788
vn 0.610055983 2.48132733e-06 -0.792358279
vn 0.55532676 0.0381300338 -0.830757678
vn 0.533790588 0.0139384503 -0.84550184
vn 0.476701558 5.86815474e-07 -0.879065216
vn 0.695224822 0.00883442257 -0.718738079
vn 0.720392883 0.040686205 -0.692371845
vn 0.761957347 0.000228220568 -0.647627175
vn 0.811024964 0.000228158911 -0.585011542
vn 0.852220893 0.0349770039 -0.522011697
vn 0.87099278 -0.00373756443 -0.491281599
vn 0.937937438 0.00442696037 -0.346776217
vn 0.944475591 0.0289004948 -0.327308178
vn 0.968978643 8.34289676e-06 -0.247144401
vn 0.996062458 0.0209296905 -0.0861479566
vn 0.992349982 0.0386341698 -0.11725565
vn 0.992685258 0.0429165922 -0.112845533
vn 0.983606398 8.01933857e-06 -0.180328682
vn 0.985293627 8.84475812e-05 0.170869634
vn 0.992563665 0.0260365456 0.118909732
vn 0.994305134 0.0415728427 0.0981273502
vn 0.998948634 7.43880373e-05 0.0458432287
vn 0.998917282 0.000125072605 -0.0465217233
vn 0.939556777 0.0508073121 0.338602453
vn 0.950990379 0.00348001299 0.309200794
vn 0.879000545 -0.00258369418 0.476813823
vn 0.86213696 0.0339782611 0.505534649
vn 0.82105422 0.000108196858 0.570850194
vn 0.734190583 7.3409472e-05 0.678943396
vn 0.698289096 0.0746847019 0.711909056
vn 0.772900641 0.000108292785 0.634527087
vn 0.473643422 -3.82752733e-05 0.880716681
vn 0.542033255 -3.84511623e-05 0.840357006
vn 0.571240664 0.0367303155 0.819960356
vn 0.613775134 0.0103259627 0.789413333
vn 0.641533077 7.31804103e-05 0.767095387
vn 0.39582181 0.00863543805 0.918286741
vn 0.382366389 0.0264741909 0.92363143
vn 0.300977111 9.63899583e-05 0.953631341
vn 0.175606519 9.64548235e-05 0.984460413
vn 0.22368969 0.0762495175 0.97167325
vn 0.0390010662 -0.0562745631 0.997653306
vn 0.0888779536 1.83558882e-06 0.99604255
vn 0.991750896 -0.119569592 -0.0461874455
vn 0.163174808 0.986540377 -0.0105862077
vn 0.638669133 0.757289052 0.136436865
vn 0.996767223 -0.0533013083 0.0601171777
vn 0.980159819 -0.193037331 0.0449814461
vn 0.992714465 -0.0193431862 0.118927859
vn 0.988143444 -0.0188599918 0.152370751
vn 0.982700825 0.0725001022 0.170419678
vn 0.976154089 0.0704170838 0.205340132
vn 0.953738511 0.189115003 0.233705699
vn 0.936886609 0.346240491 0.048589915
vn 0.893326461 0.447633117 0.0399050228
vn 0.80255723 0.595621467 0.0337187499
vn 0.728062212 0.685099185 0.0237598959
vn 0.713511586 0.692835808 -0.104306027
vn 0.485659033 0.873458683 -0.0347166695
vn 0.186017945 0.982211888 -0.0256340802
vn 0.141457975 0.989849389 -0.0137054296
vn 0.180879429 0.981856644 -0.0569224916
vn 0.983465314 -0.0169385169 -0.180302784
vn 0.993444622 -0.0177240688 -0.112931967
vn 0.963994741 0.101290628 -0.245874658
vn 0.973294377 -0.119923703 -0.195745662
vn 0.919834614 0.352051944 -0.173100188
vn 0.961148918 0.214164495 -0.1741447
vn 0.82482487 0.54591006 -0.147126332
vn 0.876526654 0.455858737 -0.154576376
vn 0.749191105 0.650564849 -0.124410868
vn 0.564988077 0.820062518 -0.09102685
vn 0.88476944 0.450397909 0.119685881
vn 0.829226673 0.550090015 0.0989143401
vn 0.721303403 0.687754333 0.0819471478
vn 0.964444995 0.199980795 0.17278187
vn 0.268314987 0.963020086 0.0244819839
vn 0.453516394 0.886369348 0.0931247249
vn 0.265843362 0.96259588 0.0523112565
vn 0.101011947 0.994767547 0.0152996285
vn -0.0648130849 0.997043908 -0.0412639044
vn 0.31693548 0.946539938 0.0601166859
vn 0.185645521 0.98260206 -0.00537881535
vn 0.484164387 0.874426425 0.0310370866
vn 0.487428308 0.87314409 0.00574597716
vn 0.580072284 0.81442219 0.0152524291
vn 0.803862512 0.569485247 0.171731055
vn 0.814649522 0.552283108 0.177001402
vn 0.922323227 0.32409209 0.210438013
vn 0.937679768 0.3226192 0.129125893
vn 0.966583133 0.210182175 0.146766737
vn 0.976746976 0.208011657 0.051928103
vn 0.992704093 0.10516569 0.0589809641
vn 0.246531874 0.969124854 0.00436011888
vn 0.233555764 0.972158134 0.0189819317
vn 0.210967034 0.977492213 -0.00139327289
vn 0.137267873 0.990262568 0.0231844764
vn 0.152770862 0.988167167 0.0136629725
vn 0.255804449 0.966434002 -0.0238613877
vn 0.31208989 0.950044036 0.00403465284
vn 0.181021452 0.983441353 -0.00862247311
vn 0.180943102 0.983435988 0.0106427502
vn 0.580132127 0.814475536 -0.00873810239
vn 0.489042133 0.872220218 -0.00834559277
vn 0.802743137 0.595719099 -0.0268743392
vn 0.723073721 0.690230846 -0.0273088831
vn 0.937166631 0.346298993 -0.0423754528
vn 0.890207291 0.453385502 -0.0444136225
vn 0.993023753 0.105136476 -0.0533870421
vn 0.975542367 0.212256432 -0.0571341887
vn 0.978913546 -0.195270389 -0.0599808209
vn 0.990695298 -0.105742842 -0.0856810287
vn 0.245653898 0.969265699 0.0133495992
vn 0.678437352 0.734656453 0.00162207801
vn 0.684520125 0.728328347 0.0311453883
vn -0.0072060274 0.999965668 -0.00409488706
vn 0.181369513 0.983410537 -0.00296777696
vn 0.25264433 0.967526913 -0.00790633168
vn 0.341883153 0.939677417 0.0110563049
vn 0.340529144 0.940171659 0.0108244196
vn 0.236265317 0.971678555 0.00440901378
vn 0.0892505422 0.996009171 0.000361263548
vn 0.0884097591 0.996084154 -0.000174599336
vn -0.102774575 0.994674623 0.00773219904
vn 0.616861999 0.786466122 0.0308594611
vn 0.53395921 0.844947338 0.0308484994
vn 0.592189848 0.805359304 0.0266010091
vn 0.402665108 0.91496259 0.0265377536
vn 0.473080814 0.880742371 0.0220770873
vn 0.328172356 0.944363773 0.0219080914
vn 0.341733038 0.939543545 0.0218273103
vn 0.197343662 0.980235994 0.0138884308
vn 0.246477097 0.969142854 0.00334795332
vn 0.347458988 0.937675655 0.00604725862
vn 0.64924413 0.760543168 0.00749325706
vn 0.473299861 0.880837858 0.0105812084
vn 0.786901772 0.616954803 0.0123426663
vn 0.592454016 0.805433929 0.0165644195
vn 0.424909413 0.905181587 -0.00991136953
vn 0.463457793 0.886074066 -0.00892318692
vn 0.464472681 0.885542452 -0.00892942119
vn 0.749491513 0.661949933 -0.00920846779
vn 0.649360895 0.760460436 -0.00550725963
vn 0.911526978 0.411216378 -0.00443853717
vn 0.787048936 0.61688751 0.00193201064
vn 0.972350061 0.233016104 0.0154542057
vn 0.950784624 0.309838951 0.00289489911
vn 0.901369691 0.432651073 0.0185947064
vn 0.89699477 0.441468179 0.0225005057
vn 0.90399313 0.426670641 0.0273607448
vn 0.918597639 0.39395985 0.0312085431
vn 0.836055458 0.548349679 0.0179976448
vn 0.720353067 0.692628086 0.0368484035
vn 0.722644687 0.690187335 0.0377644002
vn -0.393295974 0.913638711 0.102871463
vn -0.248250201 0.965912402 0.0733826235
vn -0.456030577 0.883295536 -0.108743481
vn -0.108391695 0.994049907 -0.0107690077
vn -0.638790607 0.748149097 -0.179498032
vn -0.900945127 0.409647584 -0.143131822
vn -0.737531602 0.653664172 -0.169618055
vn -0.971908569 0.178311259 -0.153618932
vn -0.981197953 0.00632046722 -0.192900553
vn -0.95447582 0.18803376 -0.231558353
vn -0.954462945 0.188085273 -0.231569499
vn -0.996729612 0.0656031519 0.0471839309
vn -0.99405551 0.108801141 -0.00399864465
vn -0.959127545 0.144986272 0.243008837
vn -0.951838791 0.152338654 0.266074896
vn -0.0924938917 0.995597422 0.0151891122
vn -0.573117614 0.819193482 0.0214068703
vn -0.672487438 0.739908814 0.0171934124
vn -0.59722966 0.80207026 5.67379138e-05
vn -0.598696232 0.800975025 0.00134757918
vn -0.484927148 0.87454164 0.00474557886
vn -0.476753742 0.87729907 -0.0552469976
vn -0.311508358 0.9502424 0.00139416661
vn -0.245462731 0.967175722 -0.0657203048
vn -0.262052298 0.962230504 -0.0737631023
vn -0.960041881 0.246969461 0.131626919
vn -0.996123731 -0.0588615797 0.0653672442
vn -0.902141511 0.427795202 0.0559640154
vn -0.944944143 0.323387206 0.0500129573
vn -0.793012679 0.608044744 0.0375826508
vn -0.799620926 0.567189395 -0.197237268
vn -0.580326855 0.799963415 -0.152575493
vn -0.592421651 0.799601436 -0.098357074
vn -0.716296554 0.692211866 -0.0881020501
vn -0.72349906 0.689755857 -0.0280350111
vn -0.520166039 0.853908241 -0.0163728856
vn -0.702103317 0.712073684 0.0014214511
vn -0.978656769 0.012960407 0.205092624
vn -0.979773223 -0.0238391459 0.198685989
vn -0.852338016 0.488261133 0.187405914
vn -0.885018826 0.426292658 0.187126204
vn -0.625016987 0.767971456 0.139905781
vn -0.77607739 0.611743987 0.153209567
vn -0.322239727 0.943131089 0.0816415548
vn -0.0111109279 0.999662638 -0.0234774332
vn -0.311653674 0.946668386 0.081798017
vn -0.322104037 0.94573313 0.042869471
vn -0.69902873 0.709250212 0.0912304446
vn -0.709731281 0.704200149 0.0195868798
vn -0.837290406 0.545460522 0.0376514792
vn -0.837652445 0.543832719 -0.0508366339
vn -0.944045246 0.324812621 -0.0572308935
vn -0.910760701 0.408099055 -0.0630086139
vn -0.997397363 0.0254630931 -0.067454502
vn -0.997801244 0.00886875391 -0.0656816438
vn -0.854720056 0.518355966 0.027580699
vn -0.624192715 0.780302525 0.0388770513
vn -0.653143942 0.75638485 0.0358458012
vn -0.86276567 0.504789174 0.0286921524
vn -0.820894122 0.570343554 0.0290008578
vn -0.592339456 0.805412233 0.0210971031
vn -0.7190575 0.694619656 0.0214441363
vn -0.492269963 0.870323122 0.0144210709
vn -0.608150244 0.793807924 0.00471185148
vn -0.436150283 0.899761975 0.0141865462
vn -0.391450822 0.920115888 0.0123716462
vn -0.402593523 0.915284872 0.0131169157
vn -0.25726518 0.966311157 0.0075775166
vn -0.147198319 0.988933265 -0.0185392257
vn -0.68092227 0.732333481 -0.00570530863
vn -0.0540806875 0.998512089 0.00699036708
vn -0.150016069 0.988679171 -0.00294075208
vn -0.354242086 0.935141683 -0.00475072535
vn -0.360830575 0.932614803 -0.00556447729
vn -0.506143332 0.862412453 -0.00797842816
vn -0.95568496 0.293864191 0.0176100936
vn -0.967451274 0.252494216 0.0168722067
vn -0.821512818 0.570132554 0.00809545256
vn -0.911262512 0.411732405 0.00877741817
vn -0.719494522 0.694497108 0.00117290148
vn -0.824778855 0.565453708 0.00140047155
vn -0.4721407 0.881516516 -0.00342642865
vn -0.536595643 0.843833923 -0.00307247369
vn -0.0893263742 0.99565196 0.0264192484
vn -0.924408019 0.214391664 0.315445781
vn -0.797599852 0.17471908 0.577328086
vn -0.0239076912 0.988749146 0.147660106
vn -0.0149020907 0.995631158 0.092176795
vn -0.0073353271 0.997049391 0.0764117539
vn -0.0073358519 0.996716559 0.0806365013
vn -0.00135165628 0.995379865 0.0960055292
vn -0.0197091661 0.995627105 0.0913139582
vn -0.0181840006 0.997437954 0.0691871643
vn -0.0298018288 0.994915009 0.096207805
vn -0.0337156206 0.996339381 0.0785559788
vn -0.0308869723 0.997080028 0.0698381811
vn -0.0428069718 0.995635569 0.0829298198
vn -0.0470945649 0.99563241 0.0806113333
vn -0.0398116075 0.997267425 0.0622314401
vn -0.0596878901 0.994632006 0.0845256299
vn -0.0533507541 0.996721387 0.060828615
vn -0.0520529114 0.996897161 0.059046749
vn -0.066067338 0.99563992 0.065850012
vn -0.0694425479 0.995634854 0.0623616837
vn -0.0549419001 0.997461617 0.0452959016
vn -0.0818993673 0.99476254 0.0611557402
vn -0.0958636478 0.994413078 0.0441903435
vn -0.85940516 0.08855398 0.503568172
vn -0.856343329 -0.0241402462 0.515842438
vn -0.881796122 0.162855923 0.442621261
vn -0.777579486 0.0131432088 0.628647268
vn -0.770811737 -0.0440508612 0.635538161
vn -0.732831001 0.152033985 0.66320771
vn -0.66100508 -0.0281516686 0.749853134
vn -0.666436315 0.0194786917 0.745307446
vn -0.696417868 0.1520859 0.701335907
vn -0.538836122 -0.00594786508 0.842389584
vn -0.555940628 0.189675078 0.809291899
vn -0.620329142 0.132710144 0.773032844
vn -0.404250085 -0.0277134217 0.914228559
vn -0.441703111 0.127903387 0.88799721
vn -0.484797955 0.175686926 0.856799304
vn -0.199284047 0.152466223 0.96800822
vn -0.244385749 0.0101791602 0.969624639
vn -0.253869444 -0.0466043986 0.966115057
vn -0.292383879 0.150560677 0.944374502
vn -0.374077111 0.158328488 0.913782477
vn -0.147392184 0.152457982 0.977257431
vn -0.0955392718 -0.0390503816 0.994659424
vn -0.0706584379 0.129537016 0.989053845
vn -0.00551933842 0.147404239 0.989060938
vn 0.00135902595 0.160876572 0.986973584
vn -0.00482295128 0.489169806 0.872175217
vn -0.0834427252 0.487939596 0.868879914
vn -0.0834391266 0.487968713 0.868863881
vn -0.221810713 0.488036543 0.844168425
vn -0.221860424 0.487802356 0.844290733
vn -0.353051096 0.487790316 0.798383057
vn -0.353066385 0.487738013 0.79840827
vn -0.470353931 0.487934291 0.735314429
vn -0.470380396 0.4878622 0.735345304
vn -0.577292621 0.487705618 0.654886603
vn -0.577284992 0.487723649 0.654879868
vn -0.673570037 0.487731367 0.555357099
vn -0.673545301 0.487783194 0.555341601
vn -0.753185689 0.487791687 0.441328198
vn -0.753227174 0.487711728 0.441345781
vn -0.947744012 0.152330026 0.280315578
vn -0.836515486 0.488892645 0.24743852
vn -0.83646965 0.489005834 0.247369722
vn -0.613651395 0.768434584 0.1814944
vn -0.613574982 0.768512368 0.181423619
vn -0.553126514 0.767472863 0.324093372
vn -0.55310446 0.767493248 0.324082643
vn -0.494610578 0.767497361 0.407808989
vn -0.494626909 0.767480731 0.407820463
vn -0.423917145 0.767483294 0.480898827
vn -0.423922956 0.767476499 0.48090452
vn -0.345362842 0.767614126 0.539900959
vn -0.345404714 0.767556727 0.539955795
vn -0.259309351 0.767400086 0.586392164
vn -0.259409368 0.767224014 0.58657831
vn -0.163024291 0.767228186 0.620309591
vn -0.162898853 0.767547309 0.619947672
vn -0.061275553 0.767489791 0.638125956
vn -0.061258629 0.767572939 0.638027549
vn 0.0124183865 0.768452644 0.639786184
vn -0.0206863489 0.519826293 0.85402149
vn -0.32778731 0.939764142 0.0969473347
vn -0.397699535 0.913391888 0.0868924633
vn -0.248249128 0.965912402 0.0733864531
vn -0.0655880347 0.997085333 0.0389755964
vn -0.0706854686 0.996638536 0.041414924
vn -0.295790195 0.939399481 0.173311114
vn -0.295801282 0.93939501 0.173316598
vn -0.264515936 0.939396858 0.218093693
vn -0.264532685 0.939389348 0.218105644
vn -0.22671552 0.939389884 0.257190138
vn -0.226735324 0.939379752 0.257209659
vn -0.18468909 0.939430475 0.288721949
vn -0.184722558 0.93941021 0.288766444
vn -0.138684049 0.939358234 0.313644439
vn -0.138857365 0.939223111 0.313972324
vn -0.0872767195 0.93922472 0.332023591
vn -0.0871601403 0.939356983 0.331679851
vn -0.0327903889 0.939336479 0.341426045
vn -0.0327579342 0.939409018 0.341229618
vn 0.0167836417 0.939560771 0.341970533
vn -0.031460572 0.853589177 0.519995868
vn -0.908268631 0.132714838 0.39678058
vn -0.930000365 -0.0264071617 0.366608799
vn -0.812120199 0.487826049 0.320135206
vn -0.812033653 0.487983882 0.320114106
vn -0.596302569 0.767571449 0.235068768
vn -0.5962134 0.767648995 0.235041723
vn -0.318847895 0.939434409 0.12569432
vn -0.318778247 0.939460933 0.125672653
vn -0.0679586679 0.99732846 0.0267877504
vn -0.0977457166 0.99465704 0.0332140923
vn 0.77511853 0.569448709 0.273714125
vn 0.254767269 0.96263814 0.0917687863
vn 0.122017473 0.989056051 0.0829446316
vn 0.126228675 0.989049256 0.0764712468
vn 0.108148545 0.992402434 0.0586629808
vn 0.136176586 0.988373578 0.0676286072
vn 0.132960871 0.990149379 0.0438816734
vn 0.0803945735 0.996314645 0.0298977196
vn 0.0972368121 0.994845569 0.0287622679
vn 0.0963414833 0.99240905 0.0764365122
vn 0.110137887 0.990287662 0.0848530382
vn 0.109731913 0.988120914 0.107591406
vn 0.0841749981 0.99243629 0.0893578976
vn 0.10267745 0.986931264 0.124193482
vn 0.0914270133 0.988850117 0.117543794
vn 0.0794617683 0.989609182 0.119830929
vn 0.0674588606 0.99205339 0.106204554
vn 0.0720220432 0.989042521 0.128871039
vn 0.0207942072 0.989040375 0.14617373
vn 0.0283809509 0.989041448 0.144884542
vn 0.0306735802 0.992137969 0.121331878
vn 0.0391112678 0.989275336 0.140728951
vn 0.0598926805 0.988491893 0.138912171
vn 0.0413930379 0.993630946 0.104805358
vn 0.0652009919 0.989039183 0.132477552
vn 0.0463028587 0.853429496 0.519147515
vn 0.0131362611 0.988997221 0.147349536
vn 0.00709997304 0.993365586 0.114779912
vn 0.391539693 0.147080243 0.908330381
vn 0.297685206 0.147503406 0.943199992
vn 0.245085165 -0.0150905121 0.969384074
vn 0.221895844 0.147298232 0.96388042
vn 0.0879113078 0.147090092 0.98520869
vn 0.540528178 0.0744727999 0.838023305
vn 0.468467742 0.147451326 0.871089041
vn 0.3915371 0.146994695 0.908345342
vn 0.530290067 0.146962643 0.83498168
vn 0.607126713 0.147408336 0.780812383
vn 0.607108951 0.147350788 0.780837059
vn 0.634531617 0.147338718 0.758723199
vn 0.0759472325 0.518861592 0.851477921
vn 0.046302449 0.853371084 0.519243598
vn 0.127767801 0.853369951 0.505405903
vn 0.127885252 0.85315609 0.505737126
vn 0.206526414 0.853151262 0.479040474
vn 0.206429422 0.853274405 0.478862911
vn 0.279574186 0.853279352 0.440173417
vn 0.279481798 0.853371143 0.440054089
vn 0.319280922 0.854081929 0.410613865
vn 0.319421738 0.853995979 0.410683066
vn 0.357539535 0.853291631 0.379550844
vn 0.357386917 0.85341537 0.379416406
vn 0.412898749 0.853409767 0.318129569
vn 0.413059145 0.853294313 0.318230927
vn 0.458338618 0.853295207 0.248622254
vn 0.458156019 0.853415966 0.248544186
vn 0.491808087 0.853402495 0.172710583
vn 0.435577631 0.88636893 0.156914935
vn 0.61460042 0.757122278 0.221432135
vn 0.804133534 0.51897043 0.289894611
vn 0.751477599 0.518752754 0.407648116
vn 0.751545191 0.518635929 0.407672256
vn 0.677285552 0.518633068 0.521827519
vn 0.677202225 0.51878804 0.521781683
vn 0.586187065 0.518790841 0.622286737
vn 0.586278856 0.518601537 0.622358084
vn 0.524426818 0.51975137 0.674414575
vn 0.524366736 0.519830346 0.674400449
vn 0.458377838 0.518655479 0.72172451
vn 0.458359808 0.518700063 0.721703887
vn 0.338456661 0.518681109 0.785122275
vn 0.338421702 0.518788159 0.785066605
vn 0.209549665 0.518792987 0.828820109
vn 0.209504738 0.518980086 0.828714311
vn 0.0759522989 0.518988252 0.851400316
vn 0.0879015699 0.146974117 0.98522681
vn 0.69886446 -0.0627549812 0.712495804
vn 0.678241253 0.146990001 0.719987988
vn 0.764472961 0.147273809 0.627607763
vn 0.791128159 -0.0505689681 0.609556437
vn 0.812098384 0.147300646 0.564622641
vn 0.869464338 0.146914467 0.471643835
vn 0.869461715 0.146945596 0.471638978
vn 0.928666413 0.147085831 0.340506166
vn 0.923860371 0.18875739 0.332945466
vn 3.15462603e-05 1 2.09124983e-06
vn 0.00018196278 1 -5.65197661e-06
vn -2.94105096e-08 1 -2.98637906e-06
vn -2.59874355e-06 1 -2.33159722e-06
vn -7.36051288e-06 1 -2.95749578e-06
vn 3.98994916e-06 1 -3.99988176e-06
vn 1.11249005e-06 1 -3.33414414e-06
vn -3.91237654e-06 1 -1.50469964e-06
vn 1.3424393e-06 1 -4.02778142e-06
vn 3.0683359e-06 1 -5.65947585e-06
vn -1.3752707e-06 1 -2.59435114e-06
vn 2.27222677e-06 1 -2.07608377e-06
vn -1.48427353e-06 1 -4.91645369e-06
vn -3.79658218e-06 1 -1.33395247e-06
vn 1.22779284e-06 1 -6.35515426e-06
vn -2.26616248e-06 1 -2.16778722e-06
vn 5.35948232e-07 1 -4.24579548e-06
vn -1.44572323e-06 1 -2.50781727e-06
vn -2.63109229e-07 1 -3.94183326e-06
vn 9.84165354e-07 1 -4.43201816e-06
vn 9.92401628e-09 1 -3.73699868e-06
vn -1.28997181e-06 1 -4.61483796e-06
vn 2.04821367e-06 1 -3.6232862e-07
vn -1.7145677e-06 1 -3.31190472e-06
vn -7.45731995e-07 1 -6.43097565e-06
vn -1.26950354e-07 1 -3.05238018e-06
vn 3.7899149e-06 1 -2.03437494e-07
vn -3.36398102e-06 1 -6.63708533e-06
vn 1.62276774e-05 1 8.46345119e-06
vn 8.16924603e-06 1 -5.10952577e-06
vn -2.22318036e-07 1 -2.70796022e-06
vn -8.69624671e-07 1 -2.41377143e-06
vn -3.89301795e-06 1 -2.08923757e-06
vn -1.23046078e-07 1 -3.61228786e-06
vn 3.4763782e-06 1 -2.80004883e-06
vn -3.06590482e-06 1 -2.49153914e-06
vn 4.62903654e-06 1 -3.99001601e-06
vn 3.10934439e-07 1 -2.4263768e-06
vn 7.57878979e-07 1 -1.83241366e-06
vn -1.6872707e-06 1 -4.33785044e-06
vn -1.51192025e-05 1 -1.49613643e-05
vn -2.70438545e-06 1 -4.70434316e-06
vn 1.6912079e-06 1 -2.4001838e-06
vn -4.80537528e-06 1 -6.46724538e-06
vn -3.94031576e-06 1 -3.98331758e-06
vn 3.98664611e-07 1 -3.69681311e-06
vn -9.59612976e-07 1 -3.59539422e-06
vn 5.90612672e-07 1 -2.55537975e-06
vn 7.229326e-06 1 -2.14178954e-07
vn -1.06812286e-06 1 -2.29761804e-06
vn 9.33617173e-07 1 -2.18788932e-06
vn -2.87556031e-06 1 -5.11878261e-06
vn -5.00947692e-07 1 -4.06795152e-06
vn 1.28059344e-06 1 -2.20254174e-06
vn 7.2015041e-06 1 1.85444992e-06
vn 0.708623171 0.692719102 0.134139538
vn 0.521745384 0.852673054 -0.0270273816
vn 0.650218606 0.753719091 -0.0955158919
vn 0.658422828 0.740733624 -0.133390784
vn 0.659264505 0.739613414 -0.135433674
vn 0.858285129 0.506133378 0.0847091675
vn 0.669059575 0.708367825 0.224887237
vn 0.710661113 0.683533788 0.166560367
vn 0.852936327 0.520731091 0.0365896039
vn 0.707806408 0.696705163 0.116670497
vn 0.698460162 0.714646518 0.0378646255
vn 0.638654053 0.764100134 0.0909504518
vn 0.623005092 0.781710267 0.0281727258
vn 0.517806649 0.847292244 0.118203551
vn 0.565165162 0.824881017 0.0126351882
vn 0.49781549 0.865448534 0.0563789792
vn 0.494261891 0.86929971 -0.00481911423
vn 0.509453654 0.860342145 -0.0163815096
vn 0.509334803 0.85864836 -0.0574545972
vn 0.0861898288 0.995586991 -0.0371194109
vn 0.141873196 0.981972277 -0.124909602
vn 0.12059442 0.988641977 -0.0896885023
vn 0.179819807 0.981826842 -0.0606707782
vn 0.104358055 0.993323147 -0.0491779894
vn 0.323541462 0.938878417 -0.117593527
vn 0.683531463 0.487894207 -0.542903304
vn 0.751903355 0.277390361 -0.59807688
vn 0.774633348 -0.0789066032 -0.627468646
vn 0.757530391 0.107639447 -0.643864453
vn 0.0784349442 0.995837092 -0.046437934
vn 0.0782985315 0.995780289 -0.0478634797
vn 0.26815182 0.938928127 -0.215658411
vn 0.44752866 0.82152015 -0.353302538
vn 0.500948727 0.767038643 -0.400876611
vn 0.586903811 0.661844313 -0.466375381
vn 0.690449774 0.469674259 -0.550168395
vn 0.93315047 0.100998245 -0.345006645
vn 0.860873163 0.152037159 -0.485573947
vn 0.928292751 0.151971817 -0.339377642
vn 0.816438317 0.48791033 -0.308823466
vn 0.880185723 0.352419019 -0.31792134
vn 0.785736859 0.546507001 -0.289737344
vn 0.60120523 0.766994596 -0.224213064
vn 0.714321375 0.651930571 -0.254423887
vn 0.534995079 0.820877671 -0.199850231
vn 0.80154258 0.15246889 -0.578171849
vn 0.860869229 0.152083784 -0.485566318
vn 0.76030004 0.487887293 -0.428847104
vn 0.760382116 0.487730235 -0.428880244
vn 0.55875051 0.767119467 -0.315159559
vn 0.558942616 0.76694268 -0.315249264
vn 0.299607664 0.93897754 -0.16898647
vn 0.299703568 0.938938737 -0.169032007
vn 0.0650648326 0.997205853 -0.0367020778
vn 0.0841391012 0.995587766 -0.0415402427
vn -0.734669209 0.34060517 -0.586727619
vn -0.102314338 0.994235575 -0.0320527777
vn -0.752761245 0.188705549 -0.630666852
vn -0.792724729 -0.0714262947 -0.605380714
vn -0.811140418 0.0944507495 -0.577174366
vn -0.840758979 0.0944597125 -0.533105731
vn -0.879372895 0.113829426 -0.462326854
vn -0.938189089 0.188113734 -0.290541589
vn -0.722564816 0.63804549 -0.266078979
vn -0.77212739 0.566049874 -0.288802296
vn -0.882243216 0.340176284 -0.325464308
vn -0.931935847 0.00655279355 -0.362563968
vn -0.927115321 0.0737090632 -0.367456317
vn -0.459417313 0.871540666 -0.171326011
vn -0.440565169 0.882862628 -0.162652805
vn -0.623119295 0.74706465 -0.231553018
vn -0.143632486 0.987910926 -0.0583243445
vn -0.0985122547 0.994632721 -0.0316399932
vn -0.256037682 0.961997986 -0.0948923901
vn -0.128742397 0.988278508 -0.0820427984
vn -0.0826004371 0.994160056 -0.0694472045
vn -0.0512489751 0.998017192 -0.0365415663
vn -0.209862038 0.960478485 -0.182863414
vn -0.119544744 0.988207459 -0.0956823528
vn -0.383663684 0.871811867 -0.304542661
vn -0.368725985 0.881690323 -0.294386387
vn -0.604237974 0.638762832 -0.476317674
vn -0.642154336 0.567853689 -0.514956295
vn -0.520093501 0.747429848 -0.413341761
vn -0.857225239 -0.176566258 -0.483724385
vn -0.818802297 0.340683013 -0.462058336
vn -0.818985403 0.340160668 -0.462118626
vn -0.670152605 0.638667524 -0.37815249
vn -0.670607865 0.638068736 -0.378356129
vn -0.426629484 0.871804059 -0.24071753
vn -0.427121133 0.871499062 -0.240949929
vn -0.113469101 0.991476595 -0.0640231743
vn -0.133574829 0.988470376 -0.0713028312
vn -0.687471807 0.143144876 -0.711963534
vn 0.614607334 0.470326841 -0.633285463
vn 0.515592098 0.662306786 -0.54361248
vn 0.389768451 0.82183063 -0.415541798
vn 0.687491775 0.142968744 -0.711979628
vn 0.69462657 0.107634589 -0.711272597
vn 0.665991843 0.277808607 -0.692298472
vn -0.567453921 0.568255782 -0.595887065
vn -0.185310319 0.960183978 -0.209061667
vn -0.319741696 0.881712317 -0.346913069
vn 0.524447739 0.131035551 -0.841299176
vn 0.524515688 0.134072572 -0.840778112
vn 0.608525276 0.13662073 -0.781685233
vn 0.606554568 0.0740331933 -0.791587412
vn 0.640906632 0.142366216 -0.754301369
vn 0.343025386 0.121283025 -0.931463361
vn 0.343126267 0.122914627 -0.931212306
vn 0.435693234 0.126117319 -0.89121592
vn 0.429682672 0.027615374 -0.902557552
vn 0.467089832 0.129110053 -0.874732912
vn 0.0499857776 0.113799475 -0.992245495
vn 0.0499519221 0.113569885 -0.99227351
vn 0.149263844 0.114735208 -0.982118189
vn 0.149308234 0.115113854 -0.982067108
vn 0.247335911 0.117190652 -0.961816669
vn 0.23356086 -0.0146993259 -0.97223109
vn 0.275827169 0.11946848 -0.953753948
vn -0.250667751 0.0630620942 -0.966017008
vn -0.23663424 0.11686454 -0.964544952
vn -0.149210408 0.114958964 -0.982100129
vn -0.149273291 0.114651524 -0.982126534
vn -0.0499392562 0.113483824 -0.992284
vn -0.0550262704 0.0847906396 -0.994878232
vn -0.00467850221 0.113942802 -0.993476272
vn -0.438785762 0.0940296128 -0.893658459
vn -0.4306041 0.125901848 -0.893716276
vn -0.342912495 0.122836687 -0.931301296
vn -0.343301386 0.121207215 -0.93137157
vn -0.284950972 0.119669706 -0.951042652
vn -0.607881725 0.141819641 -0.781259835
vn -0.609099567 0.136598065 -0.781241775
vn -0.52411586 0.134019792 -0.841035843
vn -0.52484709 0.131015912 -0.841053128
vn -0.475537509 0.129392534 -0.87012738
vn 0.59487766 0.509718478 -0.621536493
vn 0.517021358 0.509245932 -0.688009858
vn 0.524548173 0.494239181 -0.69323647
vn 0.443495959 0.493486166 -0.74818629
vn 0.449240029 0.481132239 -0.752791584
vn 0.366564989 0.480339348 -0.796808779
vn 0.370872676 0.470115423 -0.800902605
vn 0.287247747 0.46940282 -0.834954917
vn 0.290935546 0.459409893 -0.839225292
vn 0.206515104 0.458864599 -0.864172876
vn 0.209193185 0.450241029 -0.868055999
vn 0.12462724 0.449845791 -0.884368002
vn 0.125754967 0.445288509 -0.88651216
vn 0.0417476743 0.445061207 -0.894526482
vn 0.0419273078 0.444067717 -0.895011723
vn -0.0416808501 0.444064707 -0.895024717
vn -0.0417204276 0.444421321 -0.894845843
vn -0.125071421 0.444651932 -0.88692826
vn -0.12525712 0.449022889 -0.884697199
vn -0.208224952 0.449423283 -0.868712306
vn -0.208000377 0.458414167 -0.864055693
vn -0.289722502 0.458946615 -0.839898109
vn -0.288765818 0.46940273 -0.834431171
vn -0.369556785 0.470093608 -0.801523447
vn -0.367921382 0.480652601 -0.795994341
vn -0.447612256 0.481409341 -0.75358367
vn -0.444995433 0.493694097 -0.74715811
vn -0.522577763 0.494420707 -0.694593906
vn -0.518492937 0.50966692 -0.686589181
vn -0.598435223 0.509956658 -0.617915452
vn -0.676894903 0.188638896 -0.711497486
vn 0.368640721 0.844466746 -0.388561308
vn 0.305857748 0.843499064 -0.441543132
vn 0.320068687 0.83130455 -0.454410374
vn 0.260838419 0.829751015 -0.493433475
vn 0.27193132 0.818900049 -0.505426586
vn 0.214352846 0.817290902 -0.534872353
vn 0.222774237 0.807690203 -0.545901299
vn 0.167222574 0.806254804 -0.567441463
vn 0.174022958 0.796911895 -0.578487158
vn 0.120027825 0.795767188 -0.593589008
vn 0.12466415 0.787742674 -0.603258073
vn 0.072624892 0.786970794 -0.612701058
vn 0.0746657848 0.782217562 -0.618514955
vn 0.0243472829 0.781840563 -0.623002827
vn 0.0247567147 0.780392885 -0.624799192
vn -0.0244104154 0.780395985 -0.624809027
vn -0.0245155152 0.781173348 -0.623832703
vn -0.0737633333 0.781555176 -0.619459867
vn -0.0737159178 0.786017597 -0.613793373
vn -0.123428151 0.786767781 -0.604782581
vn -0.122066647 0.795344651 -0.59373951
vn -0.172360539 0.796414316 -0.579668939
vn -0.169283763 0.806305826 -0.566757381
vn -0.220846295 0.807640195 -0.546757936
vn -0.216181129 0.81763339 -0.533611655
vn -0.269587934 0.819129705 -0.506309032
vn -0.262703568 0.830150723 -0.491768897
vn -0.317348927 0.831594467 -0.455785334
vn -0.307772338 0.843753576 -0.439722806
vn -0.369349152 0.844573617 -0.387655348
vn -0.455772728 0.747790039 -0.482784927
vn -0.0635206699 0.993926585 -0.0898615792
vn -0.117175519 0.984050632 -0.133843988
vn -0.0785550475 0.982818007 -0.167026505
vn -0.100944914 0.977001429 -0.187825412
vn -0.0685580447 0.975299239 -0.209978908
vn -0.0874675363 0.96896565 -0.231203407
vn -0.0582245253 0.967274964 -0.246959671
vn -0.0732913166 0.960750222 -0.267558187
vn -0.0472227782 0.959327102 -0.278319031
vn -0.0586235598 0.952872694 -0.297652364
vn -0.0351574458 0.951798975 -0.304700881
vn -0.0426553115 0.946128905 -0.32096824
vn -0.0221068747 0.94546032 -0.324986309
vn -0.0256013535 0.94177705 -0.335262001
vn -0.00755352387 0.941476822 -0.336993039
vn -0.00827952847 0.940309882 -0.340218663
vn 0.00770100951 0.940314233 -0.340220273
vn 0.00812744908 0.941670716 -0.336437523
vn 0.0237318184 0.941939175 -0.334943891
vn 0.0237712264 0.945792079 -0.323901713
vn 0.0395938382 0.946315527 -0.320810378
vn 0.0377776921 0.952067316 -0.303546786
vn 0.0550867282 0.952865839 -0.298349082
vn 0.0504776537 0.959565163 -0.276923567
vn 0.0696204156 0.960614264 -0.269022793
vn 0.061817646 0.967485726 -0.245254919
vn 0.0837869868 0.968759537 -0.233419478
vn 0.072310023 0.975508571 -0.207736209
vn 0.0974176154 0.976830363 -0.190557778
vn 0.0821840987 0.983021021 -0.164059132
vn 0.111319035 0.984010756 -0.139035553
vn 0.118836127 0.981595159 -0.149495542
vn -0.146921992 0.98914808 -5.09412575e-06
vn -0.54200536 0.839934707 -0.0272015221
vn -0.419535637 0.907721877 -0.00555492239
vn -0.624408603 0.78057766 0.0285026152
vn -0.13650687 0.990638912 0.000635018398
vn -0.375027418 0.927013516 -0.000627570262
vn -0.402768165 0.915297031 0.00303366361
vn -0.487273872 0.873158455 0.0125898188
vn -0.49228394 0.870328486 0.0135938898
vn -0.592238665 0.80531913 0.0267303325
vn -0.698589921 0.714465916 0.0388663076
vn -0.707752764 0.696833432 0.116228715
vn -0.853984356 0.519047856 0.0360568278
vn -0.698144615 0.714879513 0.0392595492
vn -0.710409164 0.68497014 0.161662221
vn -0.731192231 0.672876835 0.112226158
vn -0.857461154 0.492655814 0.148494467
vn -0.86233592 0.475910485 0.172875494
vn -0.482680976 0.874911845 -0.039348945
vn -0.497718662 0.867247045 0.0125999246
vn -0.51546216 0.856569707 0.0242305025
vn -0.534492314 0.843234479 0.057215374
vn -0.532194316 0.846146405 0.0283805989
vn -0.631012797 0.770577013 0.0896320045
vn -0.650435686 0.746728659 0.13903144
vn -0.547583878 0.836732924 -0.0054656351
vn -0.534022868 0.84503305 -0.0271792393
vn -0.659393489 0.744387388 -0.105297774
vn -0.0299680922 0.96574229 -0.257766932
vn -0.231057703 0.901129425 -0.366848797
vn -0.0620360672 0.874441743 -0.481147796
vn -0.543448448 0.835888147 -0.0771670863
vn -0.722564757 0.673422337 -0.156212926
vn -0.71701473 0.696665227 -0.0233974569
vn -0.537680686 0.841342807 -0.0551517084
vn -0.140047431 0.988194346 -0.062118236
vn -0.272888422 0.961480916 -0.0329596065
vn -0.094767198 0.994095266 -0.0528565161
vn -0.0503644086 0.990770876 -0.125843212
vn -0.731238365 0.627990484 -0.266305208
vn -0.793141782 0.513146579 -0.32803455
vn -0.791388333 0.580475748 -0.191709131
vn -0.788823009 0.60003823 -0.133087784
vn -0.609421432 0.774783313 -0.168274373
vn -0.54397732 0.821511447 -0.170902327
vn -0.336117208 0.922291517 -0.190797344
vn -0.283626616 0.939988911 -0.189675376
vn -0.315009862 0.930327058 -0.187777311
vn -0.173896119 0.969027102 -0.175347298
vn -0.820974469 0.505160451 -0.266108721
vn -0.819251001 0.53104794 -0.216369748
vn -0.641297877 0.711336732 -0.287640512
vn -0.61467135 0.732336938 -0.293021679
vn -0.370280445 0.862703919 -0.344433397
vn -0.344465882 0.872701764 -0.346027315
vn -0.312976807 0.882899702 -0.350048065
vn -0.141112357 0.940455556 -0.30924198
vn -0.82915175 0.473254234 -0.297553033
vn -0.643985271 0.647985101 -0.406691879
vn -0.660360396 0.636928141 -0.397802383
vn -0.374525607 0.786511779 -0.491049737
vn -0.394299001 0.780405641 -0.485278636
vn -0.400937289 0.777963638 -0.483758092
vn -0.149182618 0.815420806 -0.559315145
vn -0.988198578 0.153076693 0.00558044482
vn -0.99057126 0.136679649 0.00934095774
vn -0.967522025 0.252483785 0.0123719154
vn -0.981138408 0.193211362 0.0060698567
vn -0.911295652 0.411717057 0.00541134737
vn -0.915038466 0.403331786 0.00529587548
vn -0.824761152 0.565467834 0.00389309204
vn -0.711833358 0.70233798 0.00382126542
vn -0.680872917 0.732394934 0.00312474091
vn -0.419563174 0.907723963 0.00197370863
vn -0.35420391 0.935168087 0.000536420906
vn -0.0569162481 0.998378932 -2.65700128e-05
vn -0.99405241 0.108844407 0.00355776749
vn -0.987474084 0.157689139 0.0053911428
vn -0.915057898 0.403319389 0.00159923628
vn -0.76279068 0.646639287 0.00282856263
vn -0.7118451 0.702334762 0.00157350965
vn -0.359576017 0.933115423 0.000863445515
vn -0.419560403 0.907723665 0.00260306522
vn -0.0871153474 0.996197641 -0.00108905393
vn -0.0871094912 0.99619776 0.00139613962
vn -0.0541344136 0.998533666 -2.00524501e-05
vn -0.971832395 0.235017523 0.0175670274
vn -0.975779235 0.0606149696 0.210192189
vn -0.986512005 0.157417834 0.0448745899
vn -0.999194622 0.0224706568 0.0332441293
vn -0.993688166 0.11178869 0.00933441054
vn -0.993890524 0.0994706675 0.0478244461
vn -0.999145806 0.0409448929 0.00558677362
vn -0.999113798 0.035452418 0.0226891786
vn -0.999727249 0.0230834167 0.00354073639
vn -0.997295678 0.0100126332 0.0728082508
vn -0.992302299 -0.0048296256 0.123745084
vn -0.988976896 0.010737895 0.147679865
vn -0.982698023 -0.0296759922 0.182822093
vn -0.97709924 0.00959645119 0.212567702
vn -0.961366177 -0.0606453605 0.268509328
vn -0.928565741 -0.11568635 0.352678835
vn -0.923278689 -0.0588849336 0.379590541
vn -0.905966222 -0.143514469 0.39828229
vn -0.900120854 -0.107538559 0.422158659
vn -0.882552266 -0.183584064 0.432895333
vn -0.862104595 -0.232399747 0.450295538
vn -0.8613258 -0.231131315 0.452433586
vn -0.872886539 -0.187255546 0.450560153
vn -0.865225255 -0.158554018 0.475653082
vn -0.92907697 -0.100944005 0.355845958
vn -0.958352625 0.000327198562 0.28558746
vn -0.939590633 -0.0196232796 0.341737241
vn -0.950245857 0.00506351888 0.31145969
vn -0.964024663 0.0921637788 0.249323681
vn -0.982599437 0.0517035984 0.178395718
vn -0.984653354 0.072155565 0.158906892
vn -0.983291805 0.0930548087 0.156454593
vn -0.982880712 0.0918708816 0.159703493
vn -0.989304781 0.0388852246 0.140584663
vn -0.991034508 0.0889742449 0.099670656
vn -0.979956508 0.10901548 0.166735783
vn -0.982169151 0.108946487 0.153213665
vn -0.970734835 0.195258543 0.139813974
vn -0.977552176 0.159694076 0.137439355
vn -0.978296757 0.165064245 0.125256628
vn -0.983683288 0.124514595 0.129858673
vn -0.98356384 0.115103595 0.139116064
vn -0.922171116 0.36787799 0.119441114
vn -0.96036762 0.244803533 0.133286461
vn -0.962627172 0.229917109 0.143132865
vn -0.852824509 0.521469176 0.0275724269
vn -0.997281551 0.0100482302 0.0729968101
vn -0.992885411 0.0488884449 0.108574569
vn -0.992407262 -0.00416046521 0.122924656
vn -0.9877038 0.0624744892 0.143311545
vn -0.980238318 -0.00506267184 0.197755426
vn -0.974364161 0.0598218925 0.216877565
vn -0.975001991 0.00658021215 0.222098723
vn -0.930107892 0.067192845 0.361087888
vn -0.951534033 0.0272876173 0.306330472
vn -0.862093389 0.46623835 0.198536664
vn -0.916979671 0.386993825 0.0968715027
vn -0.940498054 0.329148471 0.0844080895
vn -0.943108737 0.315853149 0.103839979
vn -0.966471732 0.256001025 0.0198951121
vn -0.967552066 0.248711452 0.0445602499
vn -0.980708838 0.193449065 0.0280639734
vn -0.985773385 0.167623669 0.0123753315
vn -0.997247815 0.0164103229 0.0723018199
vn -0.998901546 0.0266252328 0.0385587737
vn -0.99581337 0.0398157984 0.0822823644
vn -0.997894645 0.0550116748 0.0343510956
vn -0.988667667 0.107178666 0.105114378
vn -0.991021097 0.128691971 0.0362703502
vn -0.980461895 0.154256195 0.122063726
vn -0.982782781 0.169408306 0.0737484246
vn -0.963478029 0.223113626 0.148089141
vn -0.963300765 0.222419709 0.150270075
vn -0.972736239 0.189398184 0.133837864
vn 0.0622420646 -0.13613762 0.988732755
vn 0.0824580267 0.978768528 0.187650979
vn 0.246715859 0.777518868 0.578442514
vn 0.377335668 -0.21003297 0.901944518
vn 0.395305961 -0.0840835646 0.914692938
vn 0.303390443 0.0197912827 0.952660739
vn 0.310307741 -0.123463757 0.942584634
vn 0.342179388 -0.201237261 0.917832673
vn 0.0942102671 -0.283901304 0.954214036
vn 0.124257877 -0.233201608 0.964456856
vn 0.146127343 0.0313130729 0.988770068
vn 0.167822435 -0.35899502 0.918127537
vn 0.219201595 -0.153757229 0.963488102
vn 0.224795118 -0.238430992 0.944784522
vn 0.25836423 -0.237726361 0.936340809
vn -0.00417144084 -0.105118357 0.994450986
vn 0.00545697706 -0.314971 0.949085593
vn 0.0564442165 -0.244793758 0.967930794
vn -0.0796777532 0.00773095293 0.996790707
vn -0.0526810884 -0.28809914 0.956150413
vn -0.0287449639 -0.28863436 0.957007825
vn -0.244458407 -0.277650446 0.92905885
vn -0.203655958 -0.278784573 0.938511252
vn -0.178293109 0.00390426302 0.983969688
vn -0.151091799 -0.287549019 0.945773125
vn -0.0934669003 -0.289077759 0.952731848
vn -0.073009342 0.970455587 0.229968607
vn -0.308969826 -0.283971786 0.907688081
vn -0.305897623 0.0131811257 0.95197314
vn -0.304254621 -0.0484536439 0.951357663
vn -0.178049535 -0.0528280847 0.982602417
vn -0.17805399 -0.0531163514 0.982586086
vn -0.0795654058 -0.0571599565 0.995189488
vn -0.0794825703 -0.0518615358 0.995486259
vn -0.00417597592 -0.0537915826 0.998543441
vn -0.00400222745 -0.0448798165 0.998984396
vn 0.0627836362 -0.0448584817 0.997018516
vn 0.0630171448 -0.0345234424 0.997415125
vn 0.146108165 -0.0327873304 0.988725126
vn 0.146445602 -0.0196061097 0.989024401
vn 0.221816748 -0.017494332 0.974931419
vn 0.222300723 -0.00597041799 0.97495985
vn 0.303449154 -0.00380334514 0.95284003
vn 0.303988218 0.0197024345 0.952472031
vn 0.390872955 0.0208584908 0.920208275
vn 0.347234756 0.442130804 0.827011704
vn 0.370306194 0.332861841 0.867223322
vn 0.287012041 0.331397206 0.898776948
vn 0.28842923 0.314943105 0.904223084
vn 0.211304441 0.312941134 0.925968826
vn 0.211687431 0.304295719 0.928758621
vn 0.139786109 0.301854998 0.943050027
vn 0.140067562 0.292549074 0.94593662
vn 0.0604845211 0.290725082 0.954892933
vn 0.0605191626 0.283372253 0.957098544
vn -0.0036613734 0.283332944 0.959014595
vn -0.00377597939 0.275699168 0.961236537
vn -0.0763118342 0.277657568 0.957644403
vn -0.0764535367 0.273810029 0.958740294
vn -0.171138644 0.278064907 0.945193887
vn -0.171358615 0.274863333 0.946090043
vn -0.288820267 0.279224664 0.91576004
vn -0.301881909 -0.0806969777 0.949923813
vn 0.29687801 0.643230021 0.705775201
vn 0.233295053 0.641999483 0.730349302
vn 0.236343205 0.62879163 0.74078536
vn 0.173309818 0.62752831 0.759059906
vn 0.174272627 0.620983541 0.764204502
vn 0.115213871 0.619099796 0.776814818
vn 0.115723394 0.613898933 0.780856073
vn 0.0500547364 0.612616777 0.788793504
vn 0.0501642115 0.609324515 0.791332543
vn -0.00292684021 0.609303057 0.792932034
vn -0.00296148169 0.607386172 0.794401228
vn -0.0629408509 0.608741164 0.790868282
vn -0.06284675 0.609973073 0.789925992
vn -0.140651643 0.612966776 0.777488768
vn -0.140815213 0.6119259 0.778278708
vn -0.23682496 0.614956081 0.75215888
vn -0.27849111 0.392955571 0.876372397
vn 0.195783198 0.862820745 0.466057241
vn 0.154215634 0.86221534 0.482495815
vn 0.158321083 0.853596509 0.496293664
vn 0.116213866 0.853113651 0.508617163
vn 0.117442265 0.849172056 0.51489228
vn 0.0777264163 0.848303974 0.523773789
vn 0.0782696903 0.845677853 0.527923107
vn 0.0338843614 0.84513545 0.533477187
vn 0.0338887423 0.845077217 0.533569157
vn -0.00193918531 0.845077872 0.534639776
vn -0.00190861977 0.846090674 0.533035576
vn -0.0422020406 0.846652985 0.530469358
vn -0.0417680107 0.849511027 0.525914848
vn -0.0935136825 0.85075438 0.517177165
vn -0.0930297226 0.852264583 0.514772296
vn -0.156963259 0.853497207 0.496895403
vn -0.220795095 0.681118608 0.698088109
vn 0.082481876 0.978757858 0.187695876
vn 0.0627197474 0.978673935 0.195610598
vn 0.065523617 0.97643894 0.205605641
vn 0.0482569858 0.976376057 0.210620686
vn 0.0489852615 0.975414097 0.214866921
vn 0.032486219 0.975274265 0.218597338
vn 0.0327940211 0.974676132 0.221203595
vn 0.0141920578 0.974596918 0.223516136
vn 0.0141559364 0.974826276 0.222515807
vn -0.000832230842 0.974829018 0.222952202
vn -0.00075036881 0.975440919 0.220260039
vn -0.0174855702 0.975522399 0.219203711
vn -0.0170259178 0.976484656 0.214913428
vn -0.0382521786 0.976662636 0.2113453
vn -0.0375153907 0.977419853 0.207949534
vn -0.0653729066 0.977577984 0.200169206
vn -0.169344291 0.824544013 0.539860785
vn -0.00782308169 0.999667645 0.0245640259
vn -0.00820723269 0.999628246 0.0260008685
vn -0.00488155428 0.999625683 0.026919581
vn -0.00500330655 0.999602318 0.0277518444
vn -0.00225589983 0.999599636 0.0282033887
vn -0.00229841983 0.999576688 0.029001914
vn -0.000113927694 0.999575496 0.0291350763
vn -0.000102536731 0.999560416 0.0296482574
vn 0.00187747274 0.999560297 0.0295919031
vn 0.00189556298 0.999554336 0.0297924262
vn 0.0043885014 0.999555469 0.0294885933
vn 0.00431115134 0.999568522 0.0290557574
vn 0.00655928859 0.999570787 0.0285522677
vn 0.00634111976 0.999593616 0.0277926866
vn 0.00872166082 0.99959445 0.0271076299
vn 0.00807645079 0.999646723 0.0253230073
vn 0.0104082767 0.999648333 0.0243890435
vn 0.00485401647 0.999897242 0.013490702
vn 0.0578349791 0.998297691 0.00754264276
vn 0.0459491834 0.998439312 0.0317432433
vn 0.0376920402 0.998197675 0.0466981418
vn 0.0584470332 0.998290122 0.000856793602
vn 0.0556627214 0.998448908 0.00119296554
vn 0.294333547 0.95569855 0.00283282925
vn 0.354285181 0.935137391 -0.000337592879
vn 0.568788469 0.822426081 0.00974704046
vn 0.826037347 0.563587546 0.00559983961
vn 0.75790596 0.652244806 0.0124618318
vn 0.955665231 0.293982089 0.0166870821
vn 0.94315356 0.33183828 0.0185676422
vn 0.029161552 0.99808687 0.054517746
vn 0.0178438388 0.999813437 0.00739436923
vn 0.0845834464 0.978776813 0.186659083
vn 0.147909924 0.948577583 0.27986294
vn 0.294706732 0.777261674 0.555888712
vn 0.291334301 0.781998515 0.551001489
vn 0.419956058 0.441888779 0.792698681
vn 0.417071074 0.45082885 0.789179981
vn 0.466128737 -0.0839088112 0.880728841
vn 0.40225476 0.116835803 0.908042133
vn 0.456758231 -0.137112617 0.878960788
vn 0.601928115 -0.136235312 0.786843359
vn 0.0385134034 0.998079419 0.0485205501
vn 0.197562128 0.948761225 0.24661988
vn 0.191246167 0.951676011 0.240286544
vn 0.387332171 0.783888757 0.485275388
vn 0.376240909 0.795967579 0.474213481
vn 0.55389905 0.455451459 0.696964741
vn 0.542224348 0.483899772 0.686901569
vn 0.615113497 0.123600766 0.77869004
vn 0.608312845 0.163399875 0.776695549
vn 0.613952756 -0.0918939263 0.783975482
vn 0.790678918 -0.0949968994 0.604816079
vn 0.0488455892 0.998187542 0.0351539217
vn 0.254410148 0.950333834 0.179279417
vn 0.234239325 0.957536519 0.168094486
vn 0.500896931 0.788564622 0.356746584
vn 0.465453058 0.818390191 0.337032557
vn 0.716595352 0.469045401 0.516224265
vn 0.683925331 0.530674636 0.5006302
vn 0.798504114 0.151112437 0.582714558
vn 0.783275187 0.221544221 0.58085978
vn 0.803109407 -0.0345665589 0.594828069
vn 0.920085788 -0.0440956652 0.389227122
vn 0.052562274 0.998421967 0.0197667778
vn 0.280109882 0.95431602 0.104016237
vn 0.261517644 0.960077047 0.0993003324
vn 0.563525736 0.798155129 0.213042498
vn 0.521459818 0.828980565 0.20216541
vn 0.814701319 0.486895829 0.314951152
vn 0.771699727 0.557401001 0.306241244
vn 0.913923383 0.183343038 0.362117916
vn 0.894271672 0.26138863 0.363254905
vn 0.926483691 0.0114943329 0.37615943
vn 0.987321436 -0.000806734839 0.158731595
vn 0.995104074 0.0958397016 0.0241372995
vn 0.997761607 0.0637683198 0.0201325752
vn 0.986368537 0.0692259595 0.14928104
vn 0.938951671 0.313599497 0.141510144
vn 0.967309117 0.211303875 0.140227377
vn 0.802640378 0.585203707 0.115347609
vn 0.857727408 0.50025779 0.11851497
vn 0.551182985 0.83099246 0.0751590133
vn 0.591852367 0.802228749 0.0783569962
vn 0.286838859 0.957252562 0.0372955278
vn 0.292185605 0.955618441 0.0376963429
vn 0.0545001402 0.998491704 0.00663468102
vn 0.0507542118 0.998540163 0.0184805021
vn -0.951291084 0.298316419 0.0777984038
vn -0.374654412 -0.284118295 0.882559299
vn -0.958160818 0.286105961 0.00844246708
vn -0.32967189 0.680709243 0.654179931
vn -0.410305411 0.392552555 0.823135436
vn -0.38724038 0.510648012 0.767648041
vn -0.592885196 0.501125336 0.630365372
vn -0.618013978 0.134839207 0.774517357
vn -0.794401288 -0.453547895 0.404006034
vn -0.855126023 -0.0829515234 0.511740685
vn -0.969136834 -0.0370169878 0.24372834
vn -0.971495271 -0.00476202881 0.237011164
vn -0.992177844 0.000800186419 0.124829687
vn -0.980554104 0.178863779 0.0807549208
vn -0.996640146 0.0584822372 0.0573429167
vn -0.998334467 0.0576821715 -0.00102115038
vn -0.987393498 0.157680035 0.0138236759
vn -0.571863413 0.774059832 0.271668255
vn -0.400567174 0.809745371 0.428787082
vn -0.445054114 0.763632178 0.467752814
vn -0.290983021 0.769850433 0.568031013
vn -0.255414695 0.824323356 0.505227029
vn -0.266332656 0.962228179 0.0564254858
vn -0.230412841 0.966659129 0.111714117
vn -0.276248962 0.952477396 0.128348365
vn -0.197312072 0.957609355 0.209886402
vn -0.22638911 0.945192337 0.235285714
vn -0.14507477 0.94661808 0.287867099
vn -0.0469738394 0.99047941 0.129398406
vn -0.214839742 0.961679876 0.170339823
vn -0.0100465761 0.999669611 0.0236591827
vn -0.285252571 0.958291709 0.0175488982
vn -0.580603719 0.81328392 0.038321916
vn -0.534072816 0.83684814 0.120213829
vn -0.762793005 0.646641254 0.00139843288
vn -0.827100694 0.562015533 0.00655995449
vn -0.816458464 0.574151039 0.0612055026
vn -0.978291094 0.192944661 0.0756237209
vn -0.945602715 0.237838015 0.221965328
vn -0.960936606 0.147386029 0.234260842
vn -0.875027418 0.209718466 0.436285615
vn -0.886979699 0.0854086801 0.453841746
vn -0.438650131 -0.101704076 0.892884254
vn -0.437787145 -0.0806331709 0.895455599
vn -0.448610038 0.0605366416 0.891675055
vn -0.426535904 0.313506931 0.848398805
vn -0.650844932 0.304068983 0.695660055
vn -0.555280328 0.580393791 0.595656574
vn -0.77391082 0.509097338 0.376672149
vn -0.489847153 0.837774634 0.241212443
vn -0.580991387 0.804036975 0.126386449
vn -0.251656562 0.966274142 0.0546193793
vn -0.268888623 0.963017762 0.0171940774
vn -0.0481326245 0.998840094 0.0013111044
vn -0.0550968163 0.998477161 0.002779047
vn -0.0389508195 0.999213696 0.00740354788
vn -0.0423292555 0.999064028 0.00890246034
vn -0.046552483 0.998673022 0.0220234003
vn -0.0493226238 0.998491883 0.024108801
vn -0.0422982611 0.998535991 0.0337158963
vn -0.0512099303 0.997195721 0.0545731299
vn -0.040209353 0.998036444 0.0480254851
vn -0.0296390168 0.998043537 0.0550515242
vn -0.0569163971 0.998378873 0.000398699427
vn -0.359576017 0.933115363 0.000928591413
vn -0.289892912 0.957047284 -0.00475321105
vn -0.566352487 0.824150681 0.00452783285
vn -0.55769974 0.82918489 0.0377287678
vn -0.86817044 0.492414147 0.0617122538
vn -0.818162918 0.544584572 0.184491217
vn -0.863152087 0.462593079 0.202425644
vn -0.758477211 0.536110461 0.370537311
vn -0.848333061 0.317528665 0.423682094
vn -0.624510527 0.395864755 0.67325902
vn -0.673633814 0.14660117 0.72437948
vn -0.674565315 0.0543278717 0.736213386
vn -0.661765456 -0.204551965 0.72126621
vn -0.460085571 -0.204383314 0.86403054
vn 1.15505749e-12 1 -4.97840483e-06
vn -6.58153169e-07 1 -7.87545559e-06
vn 5.33359889e-06 1 -1.78660446e-06
vn -2.61444666e-06 1 -4.57994429e-06
vn -1.4209455e-05 1 -7.04582226e-06
vn 0.00022728066 1 1.86224734e-05
vn 0.0178114772 0.928388178 -0.371184856
vn -0.0810393393 0.82193464 -0.563787282
vn -0.0331810303 0.949431002 -0.312217504
vn 1.15342783e-12 0.998589814 -0.0530879833
vn -0.00884183776 0.999398828 -0.0335230157
vn 0.00119219301 0.992029369 -0.126001298
vn -0.00903710723 0.996806979 -0.0793358535
vn -0.00822610315 0.983985782 -0.17805703
vn -0.0162847377 0.991536319 -0.128804043
vn -0.0141304592 0.966079235 -0.257859021
vn -0.0343782492 0.925624132 -0.376879424
vn -0.0626637936 0.874407411 -0.481128752
vn -0.069704175 0.837371945 -0.542171121
vn -0.0641443953 0.84810245 -0.525935113
vn -0.0554315969 0.829803884 -0.555295289
vn -0.0332096033 0.830641389 -0.555816531
vn -0.0214501154 0.857692659 -0.513715148
vn -0.0107686752 0.834292293 -0.551217258
vn 0.0392244272 0.830457091 -0.555700004
vn 0.021547189 0.850734174 -0.525154352
vn 0.0226192735 0.854352117 -0.519202054
vn 0.00590125751 0.834319651 -0.551249385
vn 0.0591698252 0.868429542 -0.492269278
vn 0.0511688776 0.92731148 -0.370776445
vn 0.0473415665 0.907166004 -0.418101221
vn 0.0410400592 0.958246946 -0.282981485
vn 0.0360992439 0.942325115 -0.332746416
vn 1.15471359e-12 0.999702632 -0.0243861694
vn 0.00873648282 0.99309653 -0.116974212
vn 0.00903233141 0.996811211 -0.0792829543
vn -0.00197421969 0.991562545 -0.12961404
vn 0.00752563169 0.998370588 -0.0565639883
vn 0.0190432463 0.977497339 -0.210086301
vn 0.0222658161 0.982319355 -0.185884058
vn 0.0270340256 0.982181191 -0.185981795
vn 0.0170216449 0.979522586 -0.200613394
vn 0.013655033 0.973988354 -0.226186261
vn 0.0141208107 0.958958328 -0.283195287
vn 0.0147975693 0.959787607 -0.280336916
vn 0.00964559522 0.947673082 -0.319096774
vn 0.00640242361 0.948567688 -0.316509634
vn -0.0148124676 0.959790885 -0.280324936
vn -0.00643489417 0.948551655 -0.31655702
vn -0.0171107538 0.945515454 -0.325127274
vn -0.00255724369 0.928528607 -0.37125209
vn -0.0270461384 0.982155323 -0.186116785
vn -0.0270837098 0.982154071 -0.186117813
vn -0.0170370322 0.979511678 -0.20066537
vn 0.0667302758 0.821404517 -0.56642884
vn 0.0647988468 0.82931608 -0.555009902
vn 0.0627433807 0.88366133 -0.463902891
vn 0.0210298356 0.885238528 -0.464661688
vn 0.0189412255 0.892198443 -0.451246262
vn -0.0208985824 0.892169595 -0.451216877
vn -0.0191114489 0.885263681 -0.464696586
vn -0.0582846403 0.883899033 -0.464031696
vn -0.0485362969 0.92742312 -0.370851189
vn -0.0519092903 0.957755029 -0.28286162
vn -0.0141303642 0.958957493 -0.283197522
vn -0.0136623746 0.973989189 -0.226182327
vn -0.000283642497 0.99999994 8.57474242e-06
vn 1.4864346e-06 1 -4.99934231e-06
vn -5.89135652e-06 1 -3.38487462e-06
vn 2.6697731e-07 1 -7.32160106e-06
vn -8.35783908e-07 1 -6.13723887e-06
vn 1.15505749e-12 1 -7.86446799e-06
vn -0.659793377 0.736416638 -0.149543479
vn -0.644969404 0.738518894 -0.196479857
vn -0.782550275 0.619084716 -0.0659478158
vn -0.754670739 0.615175068 -0.228104547
vn -0.824890912 0.549810171 -0.131391659
vn -0.82809031 0.51310271 -0.225814104
vn -0.861700773 0.427319556 -0.273623437
vn -0.835554719 0.52124536 -0.173642173
vn -0.833835542 0.507481337 -0.217211887
vn -0.85577023 0.46026203 -0.236254409
vn -0.855849802 0.457380921 -0.241503298
vn -0.857067645 0.443367332 -0.262412786
vn -0.853557646 0.431522548 -0.291937739
vn 0.862280786 0.408935815 -0.298736215
vn 0.857966661 0.432157218 -0.277729005
vn 0.85531801 0.437991947 -0.276756436
vn 0.85595113 0.45954445 -0.236994833
vn 0.830047846 0.515087128 -0.21378921
vn 0.827739775 0.513106883 -0.22708638
vn 0.825936079 0.548419178 -0.13063696
vn 0.752306879 0.617275596 -0.230228528
vn 0.658843458 0.731346369 -0.176232189
vn 0.762345195 0.618872881 -0.189277977
vn 0.757397056 0.649502277 -0.0670562536
vn 0.658002555 0.731981635 -0.176735729
vn 0.869899511 -0.156519473 0.467735499
vn 0.657127917 -0.204608083 0.725478113
vn 0.999207556 0.0315757096 0.0242320541
vn 0.99265182 -0.00226157904 0.120984279
vn 0.994395494 0.0057496056 0.105567664
vn 0.994357347 0.0103226602 0.105578676
vn 0.94723475 -0.0715213791 0.312459707
vn 0.947855055 -0.0621591881 0.312581152
vn 0.956128478 -0.0612366684 0.286475778
vn 0.980743349 -0.0248187073 0.193717539
vn 0.218339831 -0.368516535 0.903616786
vn 0.39550364 -0.31545803 0.862590909
vn 0.342226177 -0.32070744 0.883191943
vn 0.291348815 -0.295056522 0.909976661
vn 0.425495267 -0.256983995 0.867705584
vn 0.384001702 -0.252035826 0.888268352
vn 0.45260337 -0.214422524 0.865547895
vn 0.450342566 -0.212875277 0.867107689
vn 0.872721612 -0.0926639587 0.479343683
vn 0.788555384 -0.119243689 0.603292108
vn 0.738811076 -0.14089255 0.659020066
vn 0.598020434 -0.175459966 0.782039225
vn 0.559361458 -0.188732237 0.807152331
vn 0.436860412 -0.214618251 0.873551369
vn 0.987301767 -0.00631815754 0.158730447
vn 0.995688558 -0.000685229432 0.0927566886
vn 0.999364614 0.0210973844 0.0287270602
vn 0.980903149 -0.0169506501 0.193756685
vn 0.980858266 -0.0224250127 0.193427488
vn 0.963009834 -0.0336663872 0.267354816
vn 0.962597966 -0.0442788154 0.267291099
vn 0.919047415 -0.0645189509 0.388830543
vn 0.944152296 -0.0838810578 0.31865406
vn 0.913535476 -0.113783248 0.390520483
vn 0.905751646 -0.141094595 0.399632633
vn 0.801650882 -0.149009332 0.578923225
vn 0.628278434 -0.210902318 0.748856723
vn 0.623193562 -0.239935577 0.74435252
vn 0.390710473 -0.31628558 0.864470243
vn 0.483150363 -0.307268858 0.819848537
vn 0.396594524 -0.232426047 0.888082743
vn 0.411862165 -0.234700426 0.88050282
vn 0.553406894 -0.230817735 0.800289929
vn 0.474161446 -0.215641856 0.853621423
vn 0.737373054 -0.152653977 0.658010423
vn 0.662840128 -0.166340306 0.730050623
vn 0.872027814 -0.10031499 0.479066193
vn 0.805606067 -0.1163655 0.580911279
vn 0.92199856 -0.0719615072 0.380447298
vn 0.920319378 -0.0928750485 0.379982233
vn 0.850817919 -0.113327019 0.513094366
vn 0.844950855 -0.159884438 0.510387123
vn 0.790858924 -0.173012644 0.587033868
vn 0.784414709 -0.214408487 0.581998765
vn 0.723622441 -0.231051549 0.650373518
vn 0.273963034 -0.299075335 0.914055884
vn 0.115978673 -0.379815012 0.917763293
vn 0.057187181 -0.460278571 0.885930717
vn 0.217684358 -0.300508261 0.928605556
vn 0.324569732 -0.261373252 0.90903163
vn 0.373869956 -0.232727259 0.897808015
vn 0.375611663 -0.229554072 0.897898018
vn 0.316674083 -0.248053089 0.915525615
vn 0.314712107 -0.271043301 0.909665763
vn 0.250564545 -0.264324099 0.931316376
vn 0.27999866 -0.27071932 0.921038449
vn 0.115632549 -0.350160003 0.929525197
vn 0.162889466 -0.390958041 0.905880153
vn 0.13902314 -0.380099833 0.91443789
vn 0.114307262 -0.378870994 0.918363035
vn 0.0953852236 -0.416602373 0.904070854
vn 0.0919317901 -0.410737455 0.907107115
vn 0.0787424296 -0.462803423 0.882956743
vn 0.0760236681 -0.459135771 0.885107219
vn 0.0059080841 -0.479019135 0.87778455
vn 0.0160310492 -0.471194416 0.881883681
vn 0.00921135023 -0.454307944 0.890797079
vn 0.0195877831 -0.442620724 0.896494985
vn 0.0186280832 -0.437240094 0.899151862
vn 0.0186871868 -0.418102086 0.908207834
vn 0.023379134 -0.422561169 0.906032801
vn 0.0264894385 -0.402002364 0.915255368
vn 0.0319466293 -0.39669171 0.91739583
vn 0.0319957174 -0.388629973 0.920838237
vn 0.0383444615 -0.377735287 0.92511934
vn 0.0353513323 -0.37079519 0.928041577
vn 0.046779573 -0.360597432 0.931547701
vn 0.048834756 -0.34503895 0.937317073
vn 0.0545969494 -0.345480204 0.936836481
vn 0.0461141765 -0.34190473 0.938602507
vn 0.0927099884 -0.330462575 0.939254701
vn 0.120580219 -0.32957986 0.936396003
vn 0.257002741 -0.31727767 0.912844181
vn 0.220289767 -0.306012839 0.926190376
vn 0.337102801 -0.261265963 0.904489815
vn 0.301395535 -0.264209628 0.91616267
vn 0.244678646 -0.295700133 0.92341423
vn 0.0413331687 -0.469341815 0.882048666
vn 0.0622932464 -0.463658869 0.883821249
vn 0.0626832694 -0.433014929 0.899204552
vn 0.0792244375 -0.417077005 0.905411661
vn 0.0795340836 -0.404623806 0.911018074
vn 0.103229009 -0.381490439 0.918590665
vn 0.103500202 -0.373943329 0.921658337
vn 0.116852678 -0.359287232 0.925882339
vn 0.163180873 -0.334521294 0.92815274
vn 0.172174826 -0.338842928 0.924954772
vn 0.174608395 -0.29732281 0.938675165
vn 0.252192467 -0.316771895 0.914360166
vn 0.229100272 -0.277333736 0.933058977
vn 0.22579284 -0.322854102 0.919120669
vn 0.183033809 -0.30246231 0.93542248
vn 0.16600956 -0.31210357 0.93543154
vn 0.234916046 -0.325793535 0.915790915
vn 0.141404301 -0.331228554 0.932894647
vn 0.18014136 -0.349482924 0.919462204
vn 0.147038713 -0.351147383 0.924702704
vn 0.148256376 -0.327032655 0.933311164
vn 0.16379489 -0.334492922 0.92805481
vn 0.221192956 -0.302745372 0.927048504
vn 0.222443432 -0.284753174 0.932434738
vn 0.275496423 -0.281307548 0.919221282
vn 0.32547608 -0.251262814 0.911554873
vn 0.364680439 -0.247740582 0.897570491
vn 0.365846723 -0.233436659 0.900923669
vn 0.0218456481 -0.473672032 0.880430341
vn 0.0375772826 -0.467389643 0.883252442
vn 0.0377280451 -0.442470491 0.89598912
vn 0.0474396236 -0.43326354 0.900017858
vn 0.0476327203 -0.417834103 0.907273829
vn 0.0609493256 -0.405003339 0.912281454
vn 0.0611158758 -0.396288991 0.916089475
vn 0.0768254772 -0.380928963 0.921407044
vn 0.0769248754 -0.377071202 0.922984242
vn 0.0941777751 -0.359956741 0.928203464
vn 0.0941895172 -0.359597445 0.928341508
vn 0.112430774 -0.341254234 0.93322283
vn 0.112340704 -0.343527704 0.932399213
vn 0.131233856 -0.324283004 0.936812818
vn 0.130777061 -0.334023476 0.933448255
vn 0.171126842 -0.307821572 0.935928166
vn -0.0799238086 -0.438592851 0.895124853
vn -0.0915232673 -0.34804222 0.933000565
vn -0.0123718539 -0.437282532 0.899239063
vn -0.0281324927 -0.350122601 0.936281323
vn 0.00539032184 -0.345991254 0.938222229
vn -0.00815802347 -0.35200429 0.935962856
vn -0.00513885869 -0.378440946 0.925611198
vn -0.0111223562 -0.402118623 0.915520012
vn -0.0109897917 -0.388805598 0.921254277
vn -0.0212462991 -0.370943367 0.928412437
vn -0.0156006319 -0.454271942 0.890726447
vn -0.0241294671 -0.459920228 0.88763231
vn -0.0123835709 -0.478990734 0.877732635
vn -0.0407285132 -0.45201692 0.891079068
vn -0.10373003 -0.477111191 0.872699857
vn -0.0609322973 -0.429579794 0.900970817
vn -0.0726657435 -0.468812495 0.880303681
vn -0.246265069 -0.333469778 0.910028279
vn -0.240162894 -0.329856813 0.912971139
vn -0.304478377 -0.326798201 0.894704342
vn -0.199240848 -0.341817975 0.918402731
vn -0.147842303 -0.348463893 0.925589323
vn -0.124636635 -0.342255801 0.93130374
vn -0.123493902 -0.372467399 0.919791996
vn -0.1745262 -0.338262171 0.924726605
vn -0.173592791 -0.354864746 0.918660223
vn -0.117520049 -0.371196806 0.921087384
vn -0.177286103 -0.369173139 0.912294269
vn -0.178122684 -0.354612917 0.917889953
vn -0.244119525 -0.333641022 0.910543442
vn -0.245440662 -0.316703886 0.916219175
vn -0.314251989 -0.309385449 0.897511184
vn -0.111562677 -0.388410211 0.914708316
vn -0.0807730183 -0.389345706 0.917543232
vn -0.116323628 -0.405636072 0.906602561
vn -0.0596137345 -0.407319784 0.911337912
vn -0.0599211976 -0.374223977 0.925400376
vn -0.067292735 -0.377737284 0.923464239
vn -0.0676507279 -0.354719013 0.932522297
vn -0.0515218638 -0.350832045 0.93501997
vn -0.233240798 -0.331880629 0.914031744
vn -0.197662801 -0.353966415 0.914131939
vn -0.135586947 -0.371408939 0.91851598
vn -0.141248837 -0.386624157 0.91135639
vn -0.11109288 -0.404140532 0.907925546
vn -0.09430895 -0.423006594 0.90120542
vn -0.0641026795 -0.423841268 0.903465211
vn -0.0634510815 -0.49127534 0.868690073
vn 0.000569955562 -0.439569533 0.89820838
vn -0.0459273309 -0.458540469 0.887485921
vn -0.0461303145 -0.41399464 0.909109712
vn -0.0122082932 -0.414313734 0.91005224
vn -0.0297837891 -0.422489196 0.905878484
vn -0.137462482 -0.424779177 0.894799829
vn -0.100270197 -0.46753186 0.878270924
vn -0.691067576 -0.327507734 0.644332469
vn -0.415259689 -0.409452081 0.812347472
vn -0.456346393 -0.401366919 0.794136345
vn -0.332919598 -0.415596962 0.846429944
vn -0.715641677 -0.308276623 0.626755536
vn -0.748600066 -0.299278289 0.591633677
vn -0.877340972 -0.129805773 0.461977571
vn -0.896051884 -0.137810037 0.42201823
vn -0.893575728 -0.15223816 0.422310263
vn -0.948238015 -0.0695413202 0.30985266
vn -0.982533753 -0.0298143029 0.183680594
vn -0.993014753 0.0205029938 0.116195038
vn -0.994218469 0.0145201609 0.106390007
vn -0.994284153 0.00741228648 0.106508471
vn -0.999634624 0.0231319368 0.0139846979
vn -0.999576092 0.00510257576 0.0286636706
vn -0.998347521 0.00190747273 0.0574335828
vn -0.973355234 -0.0396209396 0.225853309
vn -0.991712213 -0.0305945836 0.124783099
vn -0.599584579 -0.238566235 0.763926983
vn -0.603373408 -0.237814888 0.761173189
vn -0.373104781 -0.297031909 0.878956676
vn -0.298734784 -0.339141726 0.892042816
vn -0.940307438 -0.10345038 0.324221998
vn -0.851857424 -0.1596625 0.498845458
vn -0.86415273 -0.0770114288 0.497302055
vn -0.700285375 -0.268589288 0.661407709
vn -0.467451364 -0.335444778 0.817903459
vn -0.533709824 -0.324536175 0.780916154
vn -0.252656788 -0.37680614 0.891168714
vn -0.218735531 -0.378199935 0.899510741
vn -0.282941461 -0.339668363 0.896978021
vn -0.651971221 -0.259188414 0.712569237
vn -0.545468152 -0.277399063 0.790894568
vn -0.763408124 -0.211146668 0.610430241
vn -0.756769717 -0.240727887 0.607741475
vn -0.821588755 -0.209344953 0.530251503
vn -0.878252566 -0.186702058 0.440244019
vn -0.483898282 -0.274783254 0.830864966
vn -0.599472582 -0.239188015 0.763820469
vn -0.680034161 -0.215623632 0.700756729
vn -0.967618287 -0.0668472648 0.243405595
vn -0.917438626 -0.0853075013 0.38862446
vn -0.916954339 -0.0905876979 0.388572574
vn -0.972904682 -0.0490031205 0.225953817
vn -0.951414347 -0.0441309772 0.304734588
vn -0.990541339 -0.0149710504 0.136395529
vn -0.988020897 -0.00823014323 0.154100537
vn -0.849388838 -0.140508994 0.508719742
vn -0.808650017 -0.150450349 0.56872648
vn -0.807236493 -0.16010882 0.568097174
vn -0.850765109 -0.140680403 0.506367207
vn -0.813632011 -0.151365459 0.56133008
vn -0.949059248 -0.0777042732 0.305366278
vn -0.915467083 -0.0815567896 0.3940413
vn -0.971597016 -0.0465586223 0.232016131
vn -0.899780512 -0.185857147 0.394781142
vn -0.936403036 -0.0981023312 0.336935163
vn -0.810378432 -0.170088083 0.560675383
vn -0.657357633 -0.237128049 0.715297997
vn -0.676415563 -0.232617348 0.698821247
vn -0.367936194 -0.30625245 0.877970636
vn -0.476355404 -0.309244037 0.823075712
vn -0.270890564 -0.325901777 0.905762851
vn -0.390053272 -0.294642508 0.872378469
vn -0.383596778 -0.294991851 0.87511903
vn -0.451295793 -0.276354045 0.848504901
vn 0.867425382 -0.177911088 0.464672893
vn 0.818773389 -0.262314528 0.510686994
vn 0.861803412 -0.227344811 0.453441471
vn 0.6815328 -0.339793473 0.648115277
vn 0.717487097 -0.318965226 0.619252324
vn 0.411301136 -0.417350173 0.81033957
vn 0.160006359 -0.467742652 0.869261026
vn 0.281638652 -0.440053433 0.852662086
vn 0.857346296 -0.203627065 0.472750783
vn 0.837090075 -0.212855518 0.503957093
vn 0.687242866 -0.282996953 0.669036567
vn 0.71725595 -0.274126053 0.640623748
vn 0.416878909 -0.361084312 0.834164321
vn 0.476012051 -0.353089809 0.805444062
vn 0.165223151 -0.401293933 0.900924265
vn 0.214449227 -0.399911433 0.891112983
vn -1 -7.53429276e-07 2.42497094e-06
vn -1 -1.75707919e-06 2.89204013e-06
vn -1 -3.24880176e-07 3.76978619e-06
vn -1 1.20782602e-07 5.50388859e-06
vn -1 -7.46975957e-07 2.10278881e-06
vn -1 -1.62004233e-06 1.96792394e-06
vn -1 -3.74044021e-07 2.4112112e-06
vn -1 -1.12024486e-06 3.00523379e-06
vn -1 -1.24867324e-06 3.21773996e-06
vn -1 -1.34343497e-06 2.15369982e-06
vn -1 -1.13535327e-06 2.28045974e-06
vn -1 -9.34236766e-07 2.26343263e-06
vn -1 -9.3997636e-07 2.25252325e-06
vn -1 -8.55490782e-07 2.36093297e-06
vn -1 -2.73105456e-06 -8.53882557e-06
vn -1 1.10810442e-05 5.02974808e-06
vn -1 -9.60744842e-07 2.48517381e-06
vn -1 -1.20338029e-06 1.14586135e-06
vn -1 -1.52855065e-07 3.44490491e-06
vn -1 -1.15090279e-06 2.22998051e-06
vn -1 -9.82455049e-07 2.36391202e-06
vn -1 -1.99001897e-06 2.35464267e-06
vn -1 -1.06770221e-06 3.2030498e-06
vn -1 -1.97717804e-06 2.81238067e-06
vn -1 -1.23005464e-06 3.77037259e-06
vn -1 -1.32731429e-06 2.92285927e-06
vn -1 -1.05097968e-06 3.03104639e-06
vn -1 -1.20019604e-06 2.7743572e-06
vn -1 -1.20094069e-06 2.70036639e-06
vn -1 -2.6196933e-06 2.10279904e-06
vn -1 5.53576399e-07 4.98281588e-06
vn -1 -1.38480573e-06 2.88965953e-06
vn -1 4.07487164e-08 2.50640392e-06
vn -1 -1.02874003e-06 3.19000105e-06
vn -1 -1.32252103e-06 2.15898763e-06
vn -1 -6.57057512e-07 2.45591491e-06
vn -1 -5.31871819e-07 2.45535875e-06
vn -1 -1.05708637e-06 2.63068682e-06
vn -1 -1.66640916e-06 1.93473306e-06
vn -1 -2.44683065e-07 2.51463416e-06
vn -1 -1.11219458e-06 2.69149427e-06
vn -1 -7.18892068e-07 1.73970921e-06
vn -1 -7.35067374e-07 5.82776511e-06
vn -1 -7.91715934e-07 2.85937972e-07
vn -1 -3.32329876e-07 2.79587243e-06
vn -1 -1.18879802e-06 2.04228991e-06
vn -1 -1.19594552e-06 2.06724326e-06
vn -1 -9.04378794e-07 3.60068998e-06
vn -1 3.20508242e-08 1.66616292e-06
vn -1 7.30113996e-08 1.64183405e-06
vn -1 -1.65098857e-06 2.90598587e-06
vn -1 -8.74520879e-07 3.38444124e-06
vn -1 -1.0540017e-06 1.69620353e-06
vn -1 -1.272379e-06 2.88740307e-06
vn -1 -1.27692476e-06 2.88439924e-06
vn -1 -2.24182645e-06 2.34314643e-06
vn -1 -7.91920911e-07 2.43565955e-06
vn -1 -1.11927477e-06 2.66049028e-06
vn -1 -3.77398464e-07 3.08197355e-06
vn -1 -1.34829202e-06 3.02775948e-06
vn -1 -1.31302659e-06 3.01744262e-06
vn -1 -1.19007973e-06 2.85183251e-06
vn -1 -1.18887829e-06 2.84639327e-06
vn -1 -9.23832829e-07 2.81705525e-06
vn -1 -9.03318551e-07 2.78057996e-06
vn -1 -9.76915999e-07 2.67520636e-06
vn -1 -4.75418301e-06 3.49528159e-06
vn -1 -1.04081664e-06 2.78499897e-06
vn -1 -1.07517587e-06 2.81284838e-06
vn -1 -1.10169424e-06 2.79944788e-06
vn -1 1.06689652e-06 3.16557544e-06
vn -1 -8.97687471e-07 2.47529942e-06
vn -1 -9.41976396e-07 2.59742228e-06
vn -1 -1.49492251e-07 5.10870814e-06
vn -1 -1.03954517e-06 4.09711311e-06
vn -1 -9.53781182e-07 2.26606426e-06
vn -1 -8.82140682e-07 2.49030609e-06
vn -1 -1.46819593e-06 2.32441948e-06
vn -1 -7.13980683e-07 2.45533306e-06
vn -1 -1.41342434e-06 3.55346924e-06
vn -1 -9.3047089e-07 3.0929682e-06
vn -1 -9.93788944e-07 2.79101596e-06
vn -1 -8.36695676e-07 2.56991234e-06
vn -1 -8.65959009e-07 2.65979475e-06
vn -1 -9.68812742e-07 2.52796758e-06
vn -1 -9.33786509e-07 2.47738444e-06
vn -1 -3.88871143e-07 3.32173909e-06
vn -1 -1.25880695e-06 2.85516171e-06
vn -1 -7.23091318e-07 2.37236577e-06
vn -1 -7.38141068e-07 2.42174178e-06
vn -1 -1.13700548e-06 2.01972466e-06
vn -1 -1.72503542e-06 3.06427341e-06
vn -1 -4.26802018e-07 1.68213853e-06
vn -1 -1.34849108e-06 2.84005387e-06
vn -1 -1.12305554e-06 3.2481812e-06
vn -1 3.33783428e-05 -3.82812359e-05
vn -1 -1.76872754e-06 3.30570128e-06
vn -1 -1.6376888e-06 -3.86517002e-07
vn -1 -6.60201579e-07 2.79289293e-06
vn -1 -1.46585523e-06 2.89678519e-06
vn -1 -1.25650797e-06 2.10143162e-06
vn -1 -1.36662618e-06 2.28559747e-06
vn -1 -1.22196589e-05 6.77507842e-06
vn -1 -3.32954386e-07 2.4803735e-06
vn -1 -3.49528733e-07 2.60384513e-06
vn -1 -8.54581572e-07 2.65893004e-06
vn -1 -7.54098494e-07 2.58657587e-06
vn -1 -8.95550556e-07 3.07175901e-06
vn -1 -1.76396179e-06 3.21487823e-06
vn -1 1.42570389e-06 8.87558542e-07
vn -1 -1.51467509e-06 -6.83338385e-07
vn -1 -1.0423895e-06 3.53119935e-06
vn -1 -1.53022052e-06 2.64066489e-06
vn -1 1.15505749e-12 1.6878e-17
vn -1 -1.02970478e-06 3.50290043e-06
vn -1 -1.41049691e-06 3.44143723e-06
vn -1 -4.35311449e-07 2.06799041e-06
vn -1 -5.43101748e-07 2.58005753e-06
vn -1 -1.46287778e-06 2.77735921e-06
vn -1 -3.88114449e-06 4.35820448e-06
vn 1 -1.14393504e-06 -4.48873334e-06
vn 1 -2.16324934e-05 -5.70963311e-05
vn 1 -8.07703873e-06 2.74573486e-05
vn 1 -3.47495952e-05 -2.31142549e-05
vn 1 -3.36085213e-05 -2.3957029e-05
vn 1 -4.74158981e-07 -4.29426436e-05
vn 1 1.81178984e-06 -4.65488938e-06
vn 1 -9.82517804e-07 -4.49604613e-06
vn 1 -1.36834012e-06 -4.67732434e-06
vn 1 -1.22369931e-06 -4.58587419e-06
vn 1 -1.19662673e-06 -4.61316768e-06
vn 1 -1.63937023e-06 -4.72334432e-06
vn 1 -1.3308935e-06 -4.38801544e-06
vn 1 -2.19334061e-06 -4.2170127e-06
vn 1 -9.30199349e-07 -4.64308414e-06
vn 1 -1.04284504e-06 -4.73395312e-06
vn 1 -1.18825869e-06 -4.28161275e-06
vn 1 -9.92593755e-07 -4.38432744e-06
vn 1 -1.54649194e-06 -4.71774547e-06
vn 1 -1.35855555e-06 -4.4622625e-06
vn 1 -1.03000639e-06 -4.78679885e-06
vn 1 -1.21538574e-06 -4.72405463e-06
vn 1 -6.86302997e-07 -4.48967376e-06
vn 1 -1.61371634e-06 -4.39493124e-06
vn 1 -1.09601149e-06 -4.30855289e-06
vn 1 -1.19761978e-06 -4.18828949e-06
vn 1 -7.97712573e-07 -4.33513105e-06
vn 1 -1.0082008e-06 -4.22649828e-06
vn 1 -8.96984602e-07 -4.48656874e-06
vn 1 -1.61609e-06 -4.3825753e-06
vn 1 -1.37389054e-06 -4.6422042e-06
vn 1 -1.5028395e-06 -3.29480349e-06
vn 1 -1.48194285e-05 3.30701114e-05
vn 1 1.7933944e-05 2.03250711e-05
vn 1 -1.68516272e-06 -4.97551628e-06
vn 1 -1.00689226e-06 -3.93043456e-06
vn 1 -1.12106409e-06 -4.52668655e-06
vn 1 -1.96977567e-06 -4.94351161e-06
vn 1 -9.96957169e-07 -4.00341287e-06
vn 1 -1.29607088e-06 -4.50177731e-06
vn 1 4.0378842e-07 -3.54512326e-06
vn 1 -1.25890006e-06 -4.74201079e-06
vn 1 -1.69210796e-06 -4.55318877e-06
vn 1 9.9791589e-07 -4.26745191e-06
vn 1 -9.80386517e-07 -4.626394e-06
vn 1 -9.02617046e-07 -4.64439017e-06
vn 1 -1.33994877e-06 -4.61966238e-06
vn 1 -1.2431517e-06 -4.80571634e-06
vn 1 -1.3686315e-06 -4.72407373e-06
vn 1 -8.61554952e-07 -4.47319007e-06
vn 1 -1.77703566e-06 6.92826916e-07
vn 1 -7.95758353e-07 -4.28060139e-06
vn 1 -1.96652832e-06 -5.05723528e-06
vn 1 -1.36176914e-06 -4.37093604e-06
vn 1 -1.12155669e-06 -4.51709548e-06
vn 1 -1.24179462e-06 -4.31209173e-06
vn 1 -1.17513605e-06 -4.34550066e-06
vn 1 -1.13188662e-06 -4.74207854e-06
vn 1 -1.05898062e-06 -4.8600582e-06
vn 1 1.19366814e-05 8.34881757e-06
vn 1 -1.24576331e-06 -4.83692429e-06
vn 1 -1.26678401e-06 -4.59815647e-06
vn 1 -1.61017476e-06 -5.84459258e-06
vn 1 -9.08809227e-07 -4.6641203e-06
vn 1 -6.79565744e-07 -4.66257279e-06
vn 1 -1.07807591e-06 -4.79206665e-06
vn 1 -1.74770082e-06 -4.21590175e-06
vn 1 -1.34290033e-07 -4.72073316e-06
vn 1 -1.18518437e-05 -2.82850342e-05
vn 1 -9.07436686e-07 -4.53308166e-06
vn 1 -9.07726758e-07 -4.52807399e-06
vn 1 3.97905387e-06 -1.95639973e-06
vn 1 3.97975828e-06 -1.9576903e-06
vn 1 1.88763693e-06 -7.35948845e-07
vn 1 -1.41335215e-06 -4.81967072e-06
vn 1 -1.27874011e-06 -4.5490815e-06
vn 1 -1.02658726e-06 -4.9442433e-06
vn 1 -1.78490591e-08 -5.39949224e-06
vn 1 -1.32259402e-06 -4.1996509e-06
vn 1 -1.09927259e-06 -4.26690985e-06
vn 1 -8.01920635e-07 -5.45879948e-06
vn 1 -1.55913585e-06 -4.144998e-06
vn 1 -7.9448148e-07 -4.47807406e-06
vn 1 -0.000117709453 -4.4161905e-05
vn 1 -2.806665e-05 3.6724341e-05
vn 1 8.66105183e-05 1.27313215e-05
vn 1 -1.4594026e-06 -4.64231152e-06
vn 1 -1.56226088e-06 -0.000190187522
vn 1 -1.08894596e-06 -4.79823439e-06
vn 1 -1.21686287e-06 -4.561065e-06
vn 1 -1.44873809e-06 -4.95200538e-06
vn 1 -1.03947707e-06 -4.02475553e-06
vn 1 -1.33495973e-06 -4.82064388e-06
vn 1 -1.26866939e-06 -4.67092104e-06
vn 1 -1.22206302e-06 -4.4993285e-06
vn 1 -1.53065218e-06 -4.63472725e-06
vn 1 -1.34055426e-06 -4.44583156e-06
vn 1 -1.28553199e-06 -4.54996552e-06
vn 1 -7.46172191e-07 -4.22069661e-06
vn 1 -1.37536688e-06 -4.81632287e-06
vn 1 -1.25540248e-06 -4.3962259e-06
vn 1 -4.03148306e-07 -4.17148158e-06
vn 1 -1.73655906e-06 -4.77946242e-06
vn 1 -1.19045785e-06 -4.76747346e-06
vn 1 -1.2515286e-06 -4.52931863e-06
vn 1 -1.23546658e-06 -4.55930012e-06
vn 1 -1.02924173e-06 -4.21418099e-06
vn 1 -1.01725243e-06 -4.97157225e-06
vn 1 -1.18561627e-06 -4.75280058e-06
vn 1 -9.88151669e-07 -4.57657643e-06
vn 1 -1.07345727e-06 -4.14091528e-06
vn 1 -6.72983504e-07 -3.72660838e-06
vn 1 -1.45102945e-06 -4.93090556e-06
vn 1 -1.43578518e-06 -4.57171791e-06
vn 1 -1.0006479e-06 -4.33789319e-06
vn 1 -1.32663888e-06 -4.85930968e-06
vn 1 -1.28919646e-06 -4.55731151e-06
vn 1 -1.29118791e-06 -4.49500521e-06
vn 1 9.86896111e-07 -8.90072533e-06
vn 1 4.08427877e-06 -2.46053969e-06
vn 1 4.09175118e-06 -2.3305729e-06
vn 0.862321734 -0.282910287 -0.419955999
vn 0.862330139 0.180563286 -0.473057747
vn 0.862565815 0.399816632 -0.310043365
vn 0.862838268 -0.421500981 -0.279010832
vn 0.866159201 -0.473086566 -0.161112666
vn 0.848744631 -0.493200988 -0.190749362
vn 0.862321198 -0.464925885 -0.200614214
vn 0.859119892 -0.447593838 -0.248138607
vn 0.849199414 -0.458426028 -0.26211822
vn 0.862190485 -0.45503056 -0.222653881
vn 0.852254748 -0.416316569 -0.316768616
vn 0.857296169 -0.411899477 -0.308839977
vn 0.862317204 -0.385451287 -0.328384489
vn 0.861933351 -0.369829178 -0.346838892
vn 0.84912008 -0.37530762 -0.371670932
vn 0.862329841 -0.344729245 -0.370876044
vn 0.862319231 -0.292145193 -0.413590014
vn 0.848728359 -0.321342975 -0.419998646
vn 0.85363394 -0.320948631 -0.410245121
vn 0.86216712 -0.326840609 -0.38709569
vn 0.84971869 -0.194962204 -0.489865154
vn 0.863767803 -0.199430436 -0.462744713
vn 0.859268844 -0.252359152 -0.444940299
vn 0.848993301 -0.254398614 -0.46313253
vn 0.862187266 -0.272032112 -0.427354276
vn 0.851061821 -0.125628352 -0.509814978
vn 0.861688614 -0.130827367 -0.490282536
vn 0.862403512 -0.165985033 -0.478235483
vn 0.838639617 -0.0414329469 -0.543108523
vn 0.862090766 -0.0730865896 -0.501455724
vn 0.862336099 -0.0968388692 -0.496989578
vn 0.862057686 0.0165808052 -0.506538868
vn 0.834622204 0.0359374844 -0.549649179
vn 0.859739661 0.00168494869 -0.51072979
vn 0.862255514 -0.0144016333 -0.50626874
vn 0.85587585 0.0874379873 -0.509736359
vn 0.854131997 0.0892292187 -0.512344241
vn 0.862226367 0.0573223568 -0.503269136
vn 0.862313509 0.18367067 -0.47189033
vn 0.860604286 0.170149624 -0.480009705
vn 0.848801315 0.15980354 -0.503983319
vn 0.861967027 0.13882181 -0.487587243
vn 0.862324536 0.11529775 -0.493054599
vn 0.8619048 0.206417397 -0.463154376
vn 0.849536896 0.226705417 -0.476331532
vn 0.862330616 0.237329558 -0.447281331
vn 0.862823844 0.277613014 -0.42245236
vn 0.843338609 0.305721521 -0.441943765
vn 0.862143934 0.258558124 -0.435724199
vn 0.852968991 0.394099146 -0.342242181
vn 0.85851413 0.384121031 -0.339712322
vn 0.862267315 0.36097756 -0.355232686
vn 0.862062633 0.333621323 -0.381503344
vn 0.839807034 0.368291974 -0.398854852
vn 0.861804545 0.31817162 -0.395043999
vn 0.862334788 0.352312505 -0.363668233
vn 0.86205411 0.37011072 -0.346237987
vn 0.874285221 0.366503388 -0.318277538
vn 0.861391485 0.394550443 -0.31989792
vn 0.862296104 0.404771775 -0.304311126
vn 0.873815238 0.31447646 -0.370879352
vn 0.863249779 0.332288444 -0.379979163
vn 0.861004293 0.288924754 -0.418561906
vn 0.872514665 0.268322676 -0.408315003
vn 0.862778246 0.25816983 -0.434697688
vn 0.861489892 0.218215927 -0.458494216
vn 0.881830275 0.190018937 -0.431587905
vn 0.861462474 0.237178311 -0.449031055
vn 0.868619502 0.149532571 -0.472377181
vn 0.868328035 0.149913415 -0.472792149
vn 0.862244904 0.12447533 -0.490957916
vn 0.862298667 0.101311229 -0.496162355
vn 0.874282598 0.0820677429 -0.478429496
vn 0.863059759 0.0683220103 -0.500459731
vn 0.862271011 -0.0152350981 -0.506217957
vn 0.866050482 0.0163565837 -0.499688953
vn 0.871891677 0.0115966871 -0.489561498
vn 0.861855209 0.0448829606 -0.505164444
vn 0.862057328 -0.052834224 -0.504049361
vn 0.873834968 -0.0506879427 -0.483573377
vn 0.862279475 -0.0392667241 -0.504908144
vn 0.863251925 -0.0992820337 -0.49491334
vn 0.862312138 -0.0895678475 -0.498392791
vn 0.862103462 -0.0738158748 -0.501327097
vn 0.876298368 -0.124802664 -0.465322912
vn 0.861850739 -0.121344715 -0.492431462
vn 0.861990333 -0.17771028 -0.474754333
vn 0.872419894 -0.180733323 -0.454113454
vn 0.862147331 -0.209972054 -0.461100578
vn 0.861486733 -0.250512004 -0.44168359
vn 0.881085038 -0.244867593 -0.404634416
vn 0.862356424 -0.231874704 -0.450083911
vn 0.866854191 -0.301440626 -0.397111297
vn 0.869118035 -0.300546557 -0.392817497
vn 0.862232149 -0.330271989 -0.38402617
vn 0.862336457 -0.389396131 -0.323645681
vn 0.862063646 -0.373291492 -0.342782408
vn 0.874247074 -0.344954282 -0.341611713
vn 0.865275919 -0.347777158 -0.361038208
vn 0.862320125 -0.33755824 -0.377436638
vn 0.87460196 -0.392887533 -0.28409645
vn 0.862410724 -0.405007273 -0.303672224
vn 0.861577809 -0.438870281 -0.255101025
vn 0.872127831 -0.427918762 -0.237231076
vn 0.862176061 -0.454673797 -0.22343725
vn 0.862291455 -0.485208869 -0.145002618
vn 0.857491851 -0.487121582 -0.165590882
vn 0.874209106 -0.45285973 -0.175147057
vn 0.864815712 -0.462615877 -0.195141807
vn 0.862322688 -0.460378706 -0.210834205
vn -0.39473471 0.695445597 -0.6004498
vn -0.829431057 -0.525147498 -0.190431714
vn -0.661545694 -0.705031991 -0.255513608
vn -0.829595089 -0.524925053 -0.190330371
vn -0.829840899 -0.507860363 -0.231175154
vn -0.78317225 -0.549657524 -0.290719539
vn -0.263083786 -0.852847874 -0.451040357
vn -0.14875032 -0.878361166 -0.454263121
vn -0.14880766 -0.92967248 -0.336994529
vn -0.82959801 -0.490988165 -0.265890628
vn -0.829742372 -0.471482784 -0.298716605
vn -0.786376774 -0.500858605 -0.361596763
vn -0.306226701 -0.772000253 -0.55699271
vn -0.148598194 -0.809942067 -0.567373276
vn -0.148897752 -0.844895959 -0.513790131
vn -0.829719126 -0.449557215 -0.330854148
vn -0.829881132 -0.425443679 -0.360963941
vn -0.790537655 -0.441925615 -0.423971623
vn -0.337518305 -0.679427028 -0.651506186
vn -0.14884536 -0.72624737 -0.671125829
vn -0.149117559 -0.768360376 -0.622403681
vn -0.829766273 -0.399527043 -0.389699966
vn -0.829948902 -0.371827811 -0.415847212
vn -0.794634461 -0.37605226 -0.476592869
vn -0.360165149 -0.577940702 -0.732301593
vn -0.148970976 -0.630265474 -0.761953473
vn -0.149225444 -0.677975357 -0.719778538
vn -0.829696774 -0.342524856 -0.440771997
vn -0.82991755 -0.311425716 -0.462872416
vn -0.797939897 -0.304270566 -0.520299256
vn -0.37785247 -0.467525989 -0.799153924
vn -0.148938343 -0.522936821 -0.839258254
vn -0.149173126 -0.576177478 -0.803596258
vn -0.829701066 -0.278560072 -0.483735919
vn -0.829941452 -0.244351029 -0.501487494
vn -0.802005291 -0.22706525 -0.552475274
vn -0.383419722 -0.351243824 -0.854176283
vn -0.148934394 -0.405335963 -0.901954174
vn -0.149165645 -0.463043302 -0.873693585
vn -0.829690993 -0.209184155 -0.517546892
vn -0.829956353 -0.173301309 -0.530225515
vn -0.805899978 -0.147482142 -0.573388398
vn -0.383592546 -0.230165035 -0.894360542
vn -0.148964122 -0.281546533 -0.947914183
vn -0.149190277 -0.341994137 -0.927783549
vn -0.8296507 -0.136356682 -0.541374683
vn -0.829953492 -0.0989076793 -0.548994064
vn -0.809479833 -0.0660157055 -0.583424628
vn -0.377847612 -0.104167335 -0.919989288
vn -0.149036586 -0.152156278 -0.977055073
vn -0.149260685 -0.215323761 -0.96506834
vn -0.361186206 0.0240792707 -0.932182789
vn -0.148940548 -0.0199648552 -0.9886446
vn -0.149155438 -0.0837158188 -0.985263586
vn -0.149034336 0.238758951 -0.959574342
vn -0.149202347 0.180232912 -0.972242117
vn -0.338860124 0.154230624 -0.928109229
vn -0.148823604 0.112301417 -0.982466221
vn -0.149028003 0.0484197289 -0.987646818
vn -0.205653355 0.26218611 -0.942849457
vn -0.375594258 0.276953429 -0.884435296
vn -0.149547502 0.321114004 -0.935158432
vn -0.829553485 -0.0604341328 -0.555147469
vn -0.829042673 0.0145402905 -0.55899626
vn -0.829443276 0.0144770881 -0.558403254
vn -0.829022169 0.0918672308 -0.551618218
vn -0.829479873 0.0917018354 -0.550957263
vn -0.829081237 0.167256638 -0.533525527
vn -0.829514503 0.167014986 -0.532927454
vn -0.829193354 0.239253446 -0.505169451
vn -0.829425633 0.239080817 -0.504869759
vn -0.829195142 0.306773722 -0.46725291
vn -0.829321027 0.306658655 -0.467105031
vn -0.829170227 0.368616313 -0.420236498
vn -0.829329729 0.368445933 -0.420071125
vn -0.829256475 0.423062265 -0.365173966
vn -0.829393983 0.422897041 -0.365053058
vn -0.660332382 0.568470001 -0.490716815
vn -0.660470247 0.495110542 -0.564486146
vn -0.65986073 0.495422065 -0.564925492
vn -0.660131156 0.412238032 -0.627922475
vn -0.660158277 0.412227005 -0.627901196
vn -0.66056788 0.321318805 -0.678530991
vn -0.660392821 0.321370274 -0.678677022
vn -0.660958409 0.22441186 -0.716081917
vn -0.659970582 0.224585742 -0.716938019
vn -0.660651445 0.123248413 -0.740506232
vn -0.659503758 0.123310797 -0.741518199
vn -0.660198331 0.0194668528 -0.750838995
vn -0.659762025 0.019437056 -0.751223147
vn -0.66048342 -0.0844195932 -0.746079743
vn -0.660120904 -0.0844882578 -0.746392727
vn -0.660865426 -0.186953261 -0.726846159
vn -0.660224736 -0.187150285 -0.727377534
vn -0.660987616 -0.285258055 -0.694062829
vn -0.66008836 -0.285634696 -0.694763422
vn -0.660875738 -0.378861606 -0.64784807
vn -0.660038114 -0.379299492 -0.648445547
vn -0.660827518 -0.464909732 -0.589207888
vn -0.660245478 -0.465268612 -0.589577019
vn -0.661073625 -0.541442573 -0.519443572
vn -0.659866869 -0.542284727 -0.520098984
vn -0.660708666 -0.608608842 -0.439385206
vn -0.659184277 -0.609775782 -0.440056324
vn -0.66003269 -0.664071202 -0.35123539
vn -0.659747541 -0.664304733 -0.351329505
vn -0.660613835 -0.705775082 -0.255872905
vn -0.395376831 -0.863554478 -0.312970936
vn -0.660796881 0.568132997 -0.490481764
vn -0.39413473 0.695669591 -0.600584447
vn -0.394323915 0.60591799 -0.690921128
vn -0.393642545 0.606072605 -0.69117403
vn -0.394017875 0.50441277 -0.768321335
vn -0.394013286 0.504413545 -0.768323183
vn -0.394568115 0.393244326 -0.830466688
vn -0.394361466 0.393268436 -0.830553412
vn -0.395105839 0.27461192 -0.87662971
vn -0.39378041 0.274688184 -0.877202034
vn -0.394651175 0.150729015 -0.906383574
vn -0.393194824 0.150724903 -0.907016993
vn -0.394033968 0.0237707198 -0.918788433
vn -0.393532753 0.0237391349 -0.919004023
vn -0.394356698 -0.103363596 -0.913125813
vn -0.394002348 -0.103406794 -0.913273871
vn -0.394806981 -0.228937492 -0.88978374
vn -0.394158453 -0.229053438 -0.890041351
vn -0.394926876 -0.349334598 -0.849704742
vn -0.394047141 -0.349538535 -0.85002923
vn -0.394790381 -0.463890523 -0.793061256
vn -0.393961668 -0.46412313 -0.793337226
vn -0.394677281 -0.569201827 -0.721276045
vn -0.394284725 -0.569329023 -0.721390307
vn -0.394985825 -0.663030148 -0.635906637
vn -0.393774897 -0.663467348 -0.63620156
vn -0.394465119 -0.745135903 -0.537744999
vn -0.392969579 -0.745720208 -0.538030028
vn -0.393658966 -0.812611938 -0.429760873
vn -0.393688768 -0.812599659 -0.42975685
vn -0.39437288 -0.863934875 -0.313187778
vn -0.149052382 -0.929643393 -0.336966664
vn -0.149311155 0.380594701 -0.912608266
vn -0.357906967 0.399602592 -0.843931496
vn 0.0287691765 0.463123411 -0.885826766
vn -0.329903334 0.518083811 -0.78914696
vn -0.00909908023 0.573172271 -0.819384336
vn -0.29069078 0.630832434 -0.719408989
vn -0.0608926341 0.672338545 -0.737735033
vn -0.241338417 0.734537959 -0.634200096
vn -0.149031579 0.753031313 -0.640884876
vn -0.100506023 -0.510020912 0.854269981
vn -0.141787976 -0.884432077 0.444607764
vn -0.355091423 -0.816048384 0.456042945
vn -0.392461479 -0.800808728 0.452415079
vn -0.141864493 -0.904748619 0.401627123
vn -0.380695194 -0.862095773 0.334457844
vn -0.138541862 -0.93201685 0.334889144
vn -0.146192297 -0.979532897 0.138358727
vn -0.146138847 -0.973634422 0.175155416
vn -0.37311393 -0.904120207 0.208213031
vn -0.33285439 -0.917972744 0.215717375
vn -0.1462477 -0.951104105 0.272052497
vn -0.220977858 -0.968737125 0.11277023
vn -0.380129665 -0.921806931 0.0759831741
vn -0.145632595 -0.987704933 0.0568339974
vn -0.374972582 -0.925231278 -0.0578152016
vn -0.244043723 -0.968637645 -0.0467308313
vn -0.148352012 -0.988934636 -0.000150710883
vn -0.173122063 -0.971862376 -0.159725443
vn -0.149050534 -0.979308069 -0.136892915
vn -0.149020314 -0.982800603 -0.109068215
vn -0.830396712 -0.549550533 -0.0918450281
vn -0.83069396 -0.552897036 -0.0652106553
vn -0.747061491 -0.6634534 -0.0415782668
vn -0.802952945 -0.595227659 -0.0311543941
vn -0.849041998 -0.527800858 0.0235359725
vn -0.703451037 -0.708348811 0.0582979731
vn -0.832328022 -0.5500319 0.0685198456
vn -0.818579137 -0.555843472 0.144797087
vn -0.702489316 -0.693557143 0.159647152
vn -0.782491863 -0.609414101 0.127753466
vn -0.832585871 -0.545680821 0.0950429514
vn -0.706308126 -0.660002112 0.255980462
vn -0.760710955 -0.607480705 0.228661552
vn -0.841013908 -0.514948905 0.165901408
vn -0.739202678 -0.58642596 0.331185758
vn -0.835411549 -0.492110431 0.244775221
vn -0.835196376 -0.503732979 0.220681101
vn -0.707899272 -0.55887866 0.431895047
vn -0.848844826 -0.428524762 0.309562594
vn -0.820103705 -0.493944287 0.288875312
vn -0.842723131 -0.339952469 0.417432696
vn -0.826682568 -0.384023368 0.411244482
vn -0.734758556 -0.471409082 0.487753302
vn -0.838208377 -0.398742676 0.372036308
vn -0.838029325 -0.416606724 0.352343082
vn -0.774380445 -0.375497222 0.509251177
vn -0.711307049 -0.411008447 0.570187986
vn -0.873228908 -0.258299559 0.413222194
vn -0.149389163 -0.962742627 -0.225409538
vn -0.375949264 -0.907061338 -0.189477816
vn -0.395991713 -0.898853123 -0.187759608
vn -0.143362626 -0.839922369 0.523428619
vn -0.134138003 -0.803984523 0.579323649
vn -0.405025423 -0.723406971 0.559139311
vn -0.31457603 -0.74260515 0.591252506
vn -0.137635812 -0.754078865 0.64220047
vn -0.137510493 -0.722221792 0.677854359
vn -0.311545193 -0.670016885 0.6738078
vn -0.405678481 -0.635144889 0.657279193
vn -0.143858612 -0.663473368 0.734239638
vn -0.129821733 -0.613924086 0.778616428
vn -0.399617821 -0.536007166 0.743641019
vn -0.362094194 -0.541476369 0.758743107
vn -0.00996066816 -0.527970552 0.849204242
vn -0.662352383 -0.733355761 -0.153227329
vn -0.395293713 -0.899137199 -0.1878701
vn -0.395925254 -0.916492939 -0.0573051237
vn -0.395291656 -0.916768193 -0.057276845
vn -0.395902365 -0.915191472 0.0754049644
vn -0.395303011 -0.915445209 0.0754692033
vn -0.395900786 -0.894876122 0.20605661
vn -0.395284981 -0.895124495 0.20615992
vn -0.395889342 -0.856138527 0.332112134
vn -0.395280212 -0.856366873 0.332248867
vn -0.395903796 -0.799546182 0.451648235
vn -0.395245671 -0.799768865 0.451830328
vn -0.395868182 -0.726605594 0.561544955
vn -0.395262927 -0.72678405 0.561740339
vn -0.395895213 -0.638158321 0.660318851
vn -0.395249575 -0.638316274 0.660552859
vn -0.395836532 -0.537001312 0.74494499
vn -0.395275801 -0.537107766 0.745165944
vn -0.396409571 -0.464977294 0.791615784
vn -0.333268762 -0.46346426 0.821055889
vn -0.748789251 -0.335690796 0.571512341
vn -0.662121356 -0.333105356 0.671294332
vn -0.663029373 -0.437747031 0.607264042
vn -0.662742317 -0.437873513 0.607486129
vn -0.662924111 -0.520283878 0.53836447
vn -0.662681222 -0.520416737 0.538535058
vn -0.662741482 -0.592514038 0.457931012
vn -0.662658572 -0.592567384 0.457982033
vn -0.662579 -0.652131379 0.368393451
vn -0.662585318 -0.652126789 0.368390203
vn -0.662351489 -0.698474705 0.270967811
vn -0.662498713 -0.698358238 0.270908117
vn -0.662105799 -0.730296493 0.168175235
vn -0.662420273 -0.730032086 0.168084979
vn -0.661867142 -0.747088671 0.0615665577
vn -0.662368059 -0.746651232 0.061485488
vn -0.661669195 -0.748335004 -0.0467825457
vn -0.6623469 -0.747733831 -0.0468052402
vn -0.661530077 -0.734051824 -0.153446749
vn -0.704619825 -0.694569767 -0.145202458
vn -0.830342591 -0.541618586 -0.131074205
vn 0.0696983561 0.267261237 -0.961100161
vn 0.0697007477 0.267238736 -0.9611063
vn 0.0422180034 0.267651409 -0.962590456
vn 0.0315529667 0.311891317 -0.949593723
vn 0.0313213393 0.313060522 -0.949216545
vn 0.020707719 0.2678487 -0.963238418
vn -0.053984262 0.26800862 -0.961902857
vn -0.0466309115 0.310794353 -0.949332595
vn -0.0318200402 0.257657796 -0.96571213
vn -0.0226788875 0.270126581 -0.962557673
vn -0.0198768061 0.267857909 -0.963253379
vn -0.00318313297 0.267909497 -0.963438809
vn -0.00622844649 0.28982693 -0.957058787
vn 0.00877241325 0.267895848 -0.963407934
vn -0.0811001509 0.267030269 -0.96026957
vn -0.0773118585 0.28120923 -0.956527174
vn -0.0698529631 0.267242461 -0.961094201
vn -0.0661865175 0.267309427 -0.961335003
vn -0.0543827824 -0.941676855 -0.332095236
vn -0.0772061422 -0.153415516 -0.985141039
vn 0.0699244514 -0.77157867 -0.632279158
vn 0.0697043762 -0.920711637 -0.383967966
vn 0.0661390424 -0.93788892 -0.340573132
vn 0.0703142732 -0.941488206 -0.329629958
vn 0.0726970807 -0.956946909 -0.281012088
vn 0.0696703643 -0.901824236 -0.426449418
vn 0.0635254383 -0.888564885 -0.454331338
vn 0.0696767196 -0.872329831 -0.483927518
vn 0.0688941181 -0.822134316 -0.565109551
vn 0.0637305081 -0.814401925 -0.576791048
vn 0.0697010979 -0.84871918 -0.524230361
vn 0.0639613196 -0.74115622 -0.668278694
vn 0.0644918457 -0.742459238 -0.666779637
vn 0.0696966201 -0.711179435 -0.699547172
vn 0.0607174598 -0.530279756 -0.845645785
vn 0.0675769895 -0.546739399 -0.834571362
vn 0.0697096139 -0.496572793 -0.86519134
vn 0.068027094 -0.569885194 -0.818903625
vn 0.069705449 -0.590709031 -0.803868115
vn 0.0695642009 -0.649879515 -0.756847024
vn 0.0589109361 -0.628791451 -0.775339127
vn 0.0696821883 -0.677180827 -0.732509732
vn 0.0696488395 -0.454369783 -0.8880862
vn 0.0640794635 -0.434441179 -0.89841789
vn 0.0696927905 -0.395942658 -0.915626764
vn 0.06970568 -0.243315384 -0.967439294
vn 0.0696881786 -0.276239544 -0.958558977
vn 0.0638719797 -0.314741671 -0.947025895
vn 0.0635542944 -0.313478351 -0.947466195
vn 0.0696871802 -0.351206958 -0.933700919
vn 0.0662842616 -0.186392099 -0.980236888
vn 0.0674522892 -0.189723313 -0.979517877
vn 0.0697084516 -0.132113069 -0.988780499
vn 0.0696461946 -0.0834240913 -0.994077384
vn 0.0641429722 -0.0616126135 -0.996036947
vn 0.0696944743 -0.0189033244 -0.997389257
vn 0.0421471372 0.191746518 -0.980539083
vn 0.0695818365 0.191451892 -0.979032457
vn 0.065257743 0.203459367 -0.97690618
vn 0.0697050318 0.14391993 -0.987131357
vn 0.0695647821 0.0675581247 -0.99528724
vn 0.0591777787 0.0948626176 -0.993729889
vn 0.0696851611 0.0303203482 -0.997108161
vn 0.00875747483 0.191907674 -0.981373906
vn 0.0206729546 0.191874012 -0.981201828
vn -0.0317681916 0.194789231 -0.980330527
vn -0.019841291 0.190080792 -0.981567919
vn -0.0660739094 0.191496819 -0.979266644
vn -0.0771532804 0.191344157 -0.978485942
vn -0.0713667348 0.181808472 -0.980740786
vn -0.0695950165 0.164592415 -0.983903408
vn -0.0811086595 0.240659639 -0.967214704
vn -0.077075012 -0.061552383 -0.995123506
vn -0.0625604242 -0.084497042 -0.994457841
vn -0.0773450211 -0.0201297347 -0.996801138
vn -0.0772045627 0.0675183237 -0.994726479
vn -0.0653498694 0.0488618724 -0.996665418
vn -0.0772807971 0.113226481 -0.990559161
vn -0.0593891405 -0.217378795 -0.974278927
vn -0.0772028565 -0.18959105 -0.978823245
vn -0.0773231834 -0.283870965 -0.955739737
vn -0.0671178997 -0.314673394 -0.946824074
vn -0.077306658 -0.344829828 -0.935476363
vn -0.0772953704 -0.408681303 -0.909398139
vn -0.0671316162 -0.434357792 -0.898235321
vn -0.0771306381 -0.466887355 -0.880946696
vn -0.0770924389 -0.527261436 -0.846198618
vn -0.067844674 -0.546724379 -0.8345595
vn -0.0773560181 -0.580951154 -0.810254157
vn -0.0772933215 -0.635470867 -0.768246412
vn -0.0689791963 -0.649906337 -0.756877542
vn -0.0773171186 -0.683600008 -0.725750029
vn -0.0772325397 -0.732234895 -0.676658809
vn -0.0701736584 -0.742176831 -0.666520238
vn -0.077126205 -0.774733603 -0.627566278
vn -0.0770134926 -0.816602767 -0.572039187
vn -0.0722182989 -0.821939707 -0.564977527
vn -0.0773456246 -0.85186094 -0.518025637
vn -0.0771878362 -0.887706518 -0.453893363
vn -0.0742680281 -0.88579005 -0.458105057
vn -0.0801150352 -0.937473476 -0.338710904
vn -0.0792451948 -0.937183261 -0.33971709
vn -0.0169519614 -0.941577077 -0.336370766
vn -0.0328296684 -0.941204607 -0.336238086
vn 0.0408481583 -0.933954239 -0.355050564
vn 0.0184106641 -0.941551626 -0.336365283
vn 0.00251358165 -0.941708148 -0.336421579
vn 0.0312498659 -0.944373786 -0.327386051
vn 0.0312701538 -0.889928281 -0.455027223
vn 0.0312705636 -0.889927804 -0.455028206
vn 0.0312706381 -0.823688984 -0.566178977
vn 0.0312703922 -0.823689342 -0.566178441
vn 0.0312704295 -0.743643522 -0.667844653
vn 0.0312700346 -0.743644238 -0.667843878
vn 0.0312701054 -0.651139379 -0.758313715
vn 0.0312702544 -0.651139081 -0.758313954
vn 0.0312702395 -0.547721684 -0.836076021
vn 0.0312691517 -0.547724128 -0.836074471
vn 0.0312690027 -0.43512544 -0.899826705
vn 0.0312700234 -0.435122997 -0.899827838
vn 0.0312699303 -0.315233558 -0.948498785
vn 0.0312707722 -0.315231413 -0.948499501
vn 0.031270802 -0.190061152 -0.981274128
vn 0.0312699415 -0.190063402 -0.981273711
vn 0.0312700011 -0.0617084205 -0.997604251
vn 0.0312695727 -0.0617095605 -0.997604191
vn 0.0312695839 0.067686595 -0.997216523
vn 0.0312705152 0.0676890612 -0.997216284
vn 0.031301789 0.178360686 -0.983467162
vn 0.0315307826 0.178708375 -0.983396709
vn -0.00767552946 -0.937295377 -0.348451465
vn -0.00766969612 -0.890337229 -0.455237031
vn -0.007669935 -0.890337527 -0.455236465
vn -0.00767003885 -0.824067116 -0.566440284
vn -0.00767047377 -0.824067771 -0.566439331
vn -0.00767068332 -0.743988037 -0.668148875
vn -0.00766923837 -0.743985474 -0.668151736
vn -0.00766911032 -0.651437759 -0.758663297
vn -0.00766963838 -0.651438832 -0.758662403
vn -0.00766962627 -0.54797405 -0.836460173
vn -0.00766939158 -0.547973573 -0.836460471
vn -0.00766935572 -0.435322285 -0.900242031
vn -0.00767071499 -0.435325533 -0.900240421
vn -0.00767076761 -0.315383762 -0.948933184
vn -0.00766867213 -0.315378517 -0.948934972
vn -0.00766857341 -0.190147012 -0.981725693
vn -0.00766916573 -0.190148547 -0.981725395
vn -0.00766916387 -0.0617320873 -0.998063266
vn -0.00767095014 -0.0617367961 -0.998062968
vn -0.0076710647 0.0677160397 -0.997675121
vn -0.00767042767 0.0677177161 -0.997675061
vn -0.0076766042 0.182315931 -0.983210027
vn -0.00621942803 0.185426861 -0.982638359
vn -0.046580568 -0.937037826 -0.346107483
vn -0.0465510897 -0.889397621 -0.454758048
vn -0.046551574 -0.889398158 -0.454756886
vn -0.0465515554 -0.82319814 -0.565842509
vn -0.0465514176 -0.823197961 -0.565842867
vn -0.046551425 -0.743204415 -0.667443037
vn -0.0465508364 -0.743203342 -0.667444229
vn -0.0465507992 -0.650751829 -0.75786221
vn -0.0465502478 -0.650750697 -0.757863164
vn -0.0465500988 -0.547392964 -0.835580051
vn -0.0465515181 -0.547396123 -0.835577905
vn -0.0465515554 -0.434867918 -0.899290204
vn -0.0465495735 -0.43486318 -0.899292588
vn -0.0465494357 -0.315042675 -0.947935283
vn -0.0465527736 -0.315051109 -0.947932303
vn -0.0465528965 -0.189952433 -0.980688989
vn -0.0465506166 -0.189946473 -0.980690241
vn -0.0465505943 -0.0616691038 -0.997010529
vn -0.0465497971 -0.0616669804 -0.997010708
vn -0.0465497375 0.0676470399 -0.996622801
vn -0.0465506464 0.0676446185 -0.99662292
vn -0.0465636365 0.19147107 -0.980393112
vn -0.0538144149 0.171090692 -0.983784497
vn -0.0772917122 0.383758008 -0.920193374
vn -0.0331988037 0.763392031 -0.645081758
vn 0.0695330873 0.765578866 -0.639573455
vn 0.0666521415 0.759842336 -0.646681607
vn -0.0076728873 0.757226229 -0.653107643
vn -0.0107563073 0.752453148 -0.658557951
vn 0.005900166 0.76152426 -0.648109555
vn 0.0312749632 0.761164963 -0.647803783
vn 0.0226411168 0.745685458 -0.665913343
vn 0.0391943194 0.758610308 -0.650364697
vn -0.0553021505 0.744383752 -0.665458143
vn -0.0465587564 0.760713995 -0.64741528
vn -0.0697312206 0.759686112 -0.646540463
vn -0.0771813989 0.756588042 -0.649320841
vn -0.0809523314 0.759036422 -0.645995677
vn 0.0695676804 0.344951481 -0.936038911
vn 0.0695678666 0.344951928 -0.936038733
vn 0.0312705375 0.345620602 -0.937853158
vn -0.00317444303 0.356979638 -0.934106767
vn -0.00767088728 0.345776916 -0.93828541
vn 0.0312715806 0.34561798 -0.937854111
vn -0.0226343498 0.345701516 -0.938071489
vn -0.0465524048 0.345415235 -0.937294602
vn -0.0465527996 0.345416218 -0.937294245
vn -0.077153191 0.344760388 -0.935514629
vn -0.0631605163 0.32411772 -0.94390595
vn 0.0695651844 0.462192774 -0.884046674
vn 0.0695676059 0.462198406 -0.884043574
vn 0.0312722139 0.463094294 -0.885757148
vn 0.0312716141 0.463092893 -0.885757923
vn -0.00767107774 0.463305861 -0.886165261
vn -0.00767097669 0.463306099 -0.886165142
vn -0.0465521775 0.46281743 -0.885230422
vn -0.046552822 0.462815881 -0.885231197
vn -0.0771496072 0.461937279 -0.883550704
vn -0.0771517083 0.461934239 -0.883552134
vn 0.0695670545 0.571807325 -0.817433059
vn 0.0695653483 0.571803689 -0.817435741
vn 0.0312714465 0.572911978 -0.819020152
vn 0.0312720984 0.572913408 -0.819019139
vn -0.0076697534 0.573176861 -0.819395781
vn -0.00767104886 0.573174059 -0.819397748
vn -0.0465528592 0.572569489 -0.81853348
vn -0.0465520509 0.572571278 -0.818532228
vn -0.0771524385 0.571484208 -0.816978157
vn -0.0771498978 0.571487606 -0.816976011
vn 0.0695665851 0.671956599 -0.737315953
vn 0.0695670992 0.671957612 -0.737314999
vn 0.0312709212 0.673260093 -0.738744199
vn 0.0312714614 0.673261166 -0.738743186
vn -0.00766870612 0.673570812 -0.739082932
vn -0.00766983675 0.673568547 -0.739084959
vn -0.0465527922 0.672858119 -0.73830539
vn -0.0465528928 0.672857881 -0.738305569
vn -0.0771526992 0.671580434 -0.736903787
vn -0.0771524087 0.671580791 -0.736903489
vn -0.0774409547 -0.911247909 0.404512227
vn -0.0328223035 -0.977293909 -0.209330708
vn 0.0218066331 -0.542434573 0.839814961
vn 0.00589875737 -0.54255414 0.840000153
vn 0.0412613824 -0.542099535 0.839300632
vn 0.0696923286 -0.575301051 0.814967275
vn 0.0613176338 -0.522810221 0.850240946
vn 0.0758188665 -0.555128396 0.828301847
vn 0.0571019799 -0.541676342 0.838645399
vn 0.0599472597 -0.753534377 0.654669583
vn 0.0650190115 -0.742388129 0.666807592
vn 0.0697027296 -0.776004851 0.626863599
vn 0.0687901452 -0.721172273 0.689331889
vn 0.0697079003 -0.69903326 0.711683452
vn 0.0695513785 -0.645927012 0.760224223
vn 0.0597657897 -0.665029824 0.744421482
vn 0.0696881562 -0.613025546 0.786983609
vn 0.068782568 -0.907898843 0.41350776
vn 0.0633115619 -0.893174708 0.445230991
vn 0.0664628223 -0.887073517 0.45681864
vn 0.069703199 -0.867461801 0.492596626
vn 0.0695520565 -0.824954152 0.560903847
vn 0.056651473 -0.843547702 0.534057975
vn 0.069673419 -0.805031478 0.589126408
vn 0.0696908832 -0.969797134 0.233744949
vn 0.0696894377 -0.957283497 0.280627221
vn 0.0634702966 -0.944860756 0.321262658
vn 0.0696453974 -0.936233461 0.34440735
vn 0.069707036 -0.918460608 0.389321238
vn 0.0626113713 -0.980753601 0.18493849
vn 0.0645753294 -0.979374349 0.191457227
vn 0.0696991533 -0.9873963 0.142093644
vn 0.0697039589 -0.99756062 0.00376608083
vn 0.0655373037 -0.99615097 0.0582076609
vn 0.0678727403 -0.995542765 0.0654820129
vn 0.0697084144 -0.990364075 0.119665138
vn 0.0696629882 -0.996531606 -0.0455170907
vn 0.0630628988 -0.995104134 -0.0760976821
vn 0.0696769655 -0.991208911 -0.112472095
vn 0.0724974424 -0.976802289 -0.201497838
vn 0.0620903857 -0.971813321 -0.227428317
vn 0.0696971342 -0.984401643 -0.161541566
vn 0.00251550088 -0.977817416 -0.209444016
vn 0.0184090398 -0.977654815 -0.209409192
vn -0.0793410763 -0.970599234 -0.227248952
vn -0.0683724955 -0.975553453 -0.208855718
vn -0.0775371268 -0.98379153 -0.16168572
vn -0.0775505453 -0.987388313 -0.138022423
vn -0.0772757977 -0.990322292 0.115282953
vn -0.0715291277 -0.995740056 0.0581830367
vn -0.0720246285 -0.995755732 0.0572973341
vn -0.0773625821 -0.997003019 -0.00015194049
vn -0.077191405 -0.994113743 -0.076022245
vn -0.0587242655 -0.997114539 -0.0481044054
vn -0.0762182772 -0.991007268 -0.109978966
vn -0.0773363188 -0.970566809 0.228077129
vn -0.0664023906 -0.979256392 0.191435754
vn -0.0719629303 -0.981648982 0.176597223
vn -0.0772712901 -0.987210572 0.139443457
vn -0.0764667392 -0.943998873 0.320965707
vn -0.0653356016 -0.939081371 0.337427646
vn -0.0773571581 -0.958560467 0.274185508
vn -0.0663757399 -0.891488254 0.448155105
vn -0.067924507 -0.892901778 0.445098519
vn -0.0773697346 -0.870319188 0.486372709
vn -0.0590452477 -0.727876246 0.683161676
vn -0.0710728839 -0.742084563 0.666527689
vn -0.0773262605 -0.702998042 0.706975579
vn -0.0746346191 -0.759201109 0.646562696
vn -0.0773052126 -0.779979706 0.621011734
vn -0.0771335587 -0.824491024 0.560593426
vn -0.0592253432 -0.809892476 0.583580792
vn -0.0773563012 -0.846146047 0.527307153
vn -0.0772787556 -0.66844213 0.739738524
vn -0.0663532913 -0.646067023 0.760391116
vn -0.0773420706 -0.617309213 0.782909691
vn -0.072566092 -0.534878552 0.841807067
vn -0.0665040463 -0.52682817 0.847366095
vn -0.0773670599 -0.57915318 0.811539233
vn -0.0123572676 -0.544432998 0.838713288
vn -0.040686179 -0.540029466 0.840662122
vn 0.0312981978 -0.553312838 0.832385302
vn 0.0312667489 -0.647181451 0.761694551
vn 0.0312652029 -0.647178471 0.761697114
vn 0.0312651731 -0.743599236 0.667894185
vn 0.0312648118 -0.74359864 0.66789484
vn 0.0312648043 -0.826551735 0.561991811
vn 0.0312653743 -0.82655251 0.561990559
vn 0.0312652774 -0.894531846 0.445909411
vn 0.0312659405 -0.894532621 0.445907891
vn 0.031265758 -0.946308196 0.321750283
vn 0.0312640816 -0.946306884 0.321754366
vn 0.0312642306 -0.980942547 0.191766039
vn 0.0312650986 -0.980942965 0.191763863
vn 0.0312649645 -0.997809231 0.0583033115
vn 0.0312644765 -0.997809172 0.058304552
vn 0.0312644653 -0.996601343 -0.0762119815
vn 0.0312645398 -0.996601343 -0.0762121752
vn 0.0312860385 -0.979610801 -0.198453724
vn 0.0409184657 -0.975907922 -0.214311391
vn -0.00767581863 -0.551812649 0.833932757
vn -0.00766895711 -0.647480905 0.762043118
vn -0.00766994245 -0.647478998 0.762044728
vn -0.00766993407 -0.743939281 0.668203175
vn -0.00766888307 -0.743941069 0.668201208
vn -0.00766881881 -0.826931953 0.56224972
vn -0.00766902464 -0.826931655 0.562250137
vn -0.00766906608 -0.894942582 0.446115464
vn -0.00766860088 -0.894943058 0.446114391
vn -0.00766859017 -0.946742892 0.321899265
vn -0.00766814407 -0.94674325 0.321898192
vn -0.00766835688 -0.981394053 0.191851139
vn -0.00766958063 -0.981393456 0.191854194
vn -0.00766942371 -0.99826777 0.0583320223
vn -0.0076686712 -0.998267889 0.0583301149
vn -0.00766874617 -0.997059584 -0.0762455687
vn -0.00766817667 -0.997059464 -0.0762470141
vn -0.00766832987 -0.977791965 -0.2094374
vn -0.0169151425 -0.982332885 -0.186375886
vn -0.0465835743 -0.550101042 0.833797812
vn -0.0465451926 -0.646792233 0.761244595
vn -0.0465421639 -0.646798253 0.761239648
vn -0.0465422124 -0.743159771 0.667493343
vn -0.0465449989 -0.743154883 0.667498589
vn -0.0465449281 -0.826058447 0.561659157
vn -0.0465438403 -0.826060057 0.561656892
vn -0.046543736 -0.893998802 0.445645392
vn -0.0465436056 -0.893998981 0.445645094
vn -0.0465436615 -0.945744812 0.32155934
vn -0.0465438738 -0.945744634 0.321559846
vn -0.0465437919 -0.980358839 0.19165127
vn -0.0465428345 -0.980359375 0.191648856
vn -0.046542991 -0.997215331 0.05826924
vn -0.0465434901 -0.997215271 0.0582705177
vn -0.0465435237 -0.996008158 -0.0761671215
vn -0.0465442799 -0.996008277 -0.0761651769
vn -0.0465239175 -0.975457728 -0.215215474
vn -0.0542922392 -0.979617238 -0.193396986
vn -0.862016797 -0.496092826 0.104014248
vn -0.86173445 -0.320383102 0.393406153
vn -0.861877561 -0.300952882 0.408159822
vn -0.870435655 -0.281118631 0.404121369
vn -0.855319738 -0.274608463 0.439338565
vn -0.862188816 -0.256061852 0.437107295
vn -0.874819815 -0.330632895 0.354079306
vn -0.853105187 -0.344721437 0.391635895
vn -0.86544776 -0.366311103 0.34178412
vn -0.870521069 -0.365067214 0.330028802
vn -0.861358702 -0.387872994 0.328048378
vn -0.862915218 -0.410987645 0.294051826
vn -0.865663588 -0.405812055 0.293160558
vn -0.861391306 -0.454785913 0.226218387
vn -0.871984065 -0.422566235 0.247146815
vn -0.863514006 -0.461937338 0.20237945
vn -0.870497584 -0.454640448 0.18851012
vn -0.862198293 -0.474089205 0.178475514
vn -0.861984491 -0.48732242 0.139641017
vn -0.876203597 -0.466372937 0.121505156
vn -0.861994863 -0.482493222 0.155451372
vn -0.867847562 -0.489460379 0.0852593109
vn -0.870433748 -0.48559311 0.080897592
vn -0.860268116 -0.505930603 0.0630318448
vn -0.861171782 -0.504815221 -0.0595380887
vn -0.86785233 -0.49614349 -0.0259618647
vn -0.861098945 -0.507431924 -0.0319599211
vn -0.864939094 -0.495011359 -0.0827294141
vn -0.869556785 -0.486126959 -0.0868996382
vn -0.857360899 -0.500274241 -0.121070169
vn -0.854946077 -0.517691076 -0.0326060839
vn -0.867349505 -0.493081719 -0.0676404461
vn -0.853227079 -0.51340127 -0.0917751789
vn -0.868117511 -0.483048767 -0.114174664
vn -0.862333477 -0.48975876 -0.128519833
vn -0.841365576 -0.538274646 0.0486245975
vn -0.860598683 -0.509132266 0.0124209998
vn -0.864847541 -0.501614094 -0.0205435138
vn -0.86256206 -0.505448878 0.0225417204
vn -0.866099477 -0.499219477 0.0255255867
vn -0.872622311 -0.487758428 0.0249395706
vn -0.855124593 -0.511374772 0.0851926953
vn -0.86463058 -0.493755281 0.0928419456
vn -0.858807981 -0.492477894 0.141118303
vn -0.860040009 -0.490177274 0.141624302
vn -0.856549621 -0.451134384 0.250600368
vn -0.859085858 -0.447433859 0.248544753
vn -0.865244687 -0.463117719 0.19202511
vn -0.852050543 -0.47958985 0.209769934
vn -0.862801433 -0.475482702 0.171726197
vn -0.865580201 -0.260018468 0.427973509
vn -0.850642264 -0.30964306 0.424887002
vn -0.866014063 -0.285537124 0.410473108
vn -0.858264685 -0.340376168 0.384090841
vn -0.860255063 -0.336875439 0.38272211
vn -0.863480747 -0.369132608 0.343718052
vn -0.856218398 -0.383228809 0.346447289
vn -0.863928258 -0.392741561 0.315249205
vn -0.855639577 -0.420928627 0.301164359
vn -0.863962173 -0.414597064 0.285794824
vn -0.859715402 -0.446233302 0.248526126
vn -0.862965405 0.38939774 -0.321962953
vn -0.850273848 0.397406071 -0.345112711
vn -0.862144828 0.366926044 -0.349387407
vn -0.865137637 0.330155671 -0.377536863
vn -0.839557648 0.345284849 -0.419429719
vn -0.862331569 0.34962818 -0.36625731
vn -0.862324238 0.172504246 -0.476066411
vn -0.862169683 0.195105895 -0.467543721
vn -0.851238728 0.225523621 -0.473847806
vn -0.861186802 0.226535007 -0.4550156
vn -0.862923503 0.277516931 -0.422311902
vn -0.843546093 0.284239829 -0.455672771
vn -0.861180663 0.296752304 -0.412681341
vn -0.846919775 0.157764554 -0.507776737
vn -0.850216866 0.159114629 -0.501810551
vn -0.862141848 0.130948797 -0.48945263
vn -0.862196207 -0.0097424686 -0.506480753
vn -0.852410555 0.0171061084 -0.522593141
vn -0.859325171 0.022638021 -0.510928392
vn -0.862312198 0.0490409434 -0.50399667
vn -0.861488283 0.0858514458 -0.500467241
vn -0.841076553 0.0780158117 -0.535260439
vn -0.862330139 0.107197188 -0.494869173
vn -0.854608655 -0.0541364811 -0.516442955
vn -0.856285512 -0.0525320768 -0.513824403
vn -0.862323463 -0.0224948507 -0.505857944
vn -0.848631084 -0.126566172 -0.513620734
vn -0.862300575 -0.104988076 -0.495394021
vn -0.862228334 -0.0812623128 -0.499958694
vn -0.862336278 -0.227935597 -0.45212999
vn -0.862089038 -0.206109166 -0.46294874
vn -0.85522908 -0.185451299 -0.483932823
vn -0.86233151 -0.161715761 -0.479825348
vn -0.862038791 -0.138807267 -0.487464577
vn -0.846045911 -0.271844208 -0.458592504
vn -0.861163914 -0.250782013 -0.442159623
vn -0.862481594 -0.298350304 -0.408794105
vn -0.85044229 -0.319667041 -0.417804807
vn -0.863033652 -0.326704681 -0.385275155
vn -0.860090077 -0.357549429 -0.363872796
vn -0.852079391 -0.37190488 -0.368303478
vn -0.862190425 -0.377697051 -0.337598354
vn -0.848592818 -0.46269989 -0.256513178
vn -0.858435988 -0.442525744 -0.25934273
vn -0.862326384 -0.427538991 -0.271299958
vn -0.861489296 -0.40626061 -0.304611981
vn -0.836403549 -0.448285669 -0.315387189
vn -0.862321079 -0.393196166 -0.319059789
vn -0.851923168 -0.489828825 -0.185188174
vn -0.862332523 -0.4615466 -0.208224356
vn -0.862026095 -0.451521873 -0.230302051
vn -0.854538441 -0.488275915 -0.17706129
vn -0.862239957 -0.485361487 -0.144797996
vn -0.862995803 -0.483098418 -0.147831574
vn -0.857351661 -0.480076581 -0.185673386
vn -0.868409038 -0.462465256 -0.178862065
vn -0.862444758 -0.460670382 -0.209694535
vn -0.861787677 -0.446060956 -0.241560757
vn -0.868118763 -0.434109479 -0.240663111
vn -0.86262244 -0.427304953 -0.270726919
vn -0.861950815 -0.408329517 -0.300512493
vn -0.867751658 -0.397637665 -0.298146546
vn -0.862605989 -0.385743231 -0.327281415
vn -0.861914694 -0.362976998 -0.354049057
vn -0.866937041 -0.35414508 -0.350715667
vn -0.862254977 -0.337590486 -0.377556652
vn -0.861560464 -0.311501145 -0.400849819
vn -0.866623461 -0.303196192 -0.396277428
vn -0.862466395 -0.28252548 -0.419917941
vn -0.861756444 -0.253166676 -0.439638972
vn -0.866222382 -0.246505335 -0.434619308
vn -0.862488806 -0.221672729 -0.454944283
vn -0.849043429 -0.195362017 -0.490875691
vn -0.865468383 -0.185245082 -0.465455413
vn -0.861761928 -0.190106347 -0.4703466
vn -0.862295449 0.404723495 -0.304377139
vn -0.86039412 0.38578853 -0.333000243
vn -0.86266464 0.381879359 -0.331629097
vn -0.861052752 0.335328221 -0.382286668
vn -0.862207115 0.333461255 -0.381316811
vn -0.861774445 0.278417051 -0.424062163
vn -0.86145556 0.27888903 -0.424399883
vn -0.862241268 0.216797292 -0.457754225
vn -0.860750377 0.21875447 -0.459625125
vn -0.862781942 0.151237294 -0.482425749
vn -0.860194445 0.154137626 -0.486114264
vn -0.86350286 0.0828530416 -0.497491866
vn -0.859606862 0.0863888562 -0.503600061
vn -0.864238679 0.0130816409 -0.502911925
vn -0.85879612 0.0167607795 -0.512043297
vn -0.864680111 -0.0543623082 -0.499372661
vn -0.861647129 -0.0529099517 -0.504742265
vn -0.862471998 -0.0897359774 -0.498085886
vn -0.865145683 -0.119994961 -0.486954004
vn -0.861525476 -0.124005608 -0.492337793
vn -0.862257123 -0.15734601 -0.481409311
vn 0.634631217 -0.73171258 -0.248676389
vn 0.833204508 -0.509491801 -0.214914799
vn 0.849550486 -0.456059247 -0.265092343
vn 0.706064999 -0.623664916 -0.335431516
vn 0.81748879 -0.516901791 -0.254017025
vn 0.833070397 -0.502936065 -0.230323687
vn 0.810001016 -0.475207865 -0.343621701
vn 0.744764984 -0.536223173 -0.397227645
vn 0.834744334 -0.423466593 -0.351963043
vn 0.832412481 -0.408172786 -0.374812573
vn 0.742281377 -0.480044991 -0.467520267
vn 0.831979632 -0.384900361 -0.399576753
vn 0.833684564 -0.308544397 -0.458006948
vn 0.817836642 -0.347929239 -0.458354056
vn 0.731926024 -0.420631826 -0.53605336
vn 0.821215868 -0.372071534 -0.432628393
vn 0.831838429 -0.36999312 -0.413702667
vn 0.81966573 -0.296581596 -0.490089208
vn 0.706862032 -0.35199517 -0.613551557
vn 0.832823873 -0.253508121 -0.492075264
vn 0.832543015 -0.229575649 -0.504149914
vn 0.728419006 -0.251820832 -0.637175024
vn 0.821008921 -0.200143442 -0.534684002
vn 0.838934541 -0.140984163 -0.525654137
vn 0.769363284 -0.154128581 -0.619939089
vn 0.832146108 -0.10907387 -0.543723941
vn 0.831106722 -0.0167296398 -0.555861294
vn 0.832866371 -0.0429142639 -0.55180788
vn 0.700966418 -0.0782467127 -0.708888948
vn 0.822571456 -0.0828374401 -0.562595904
vn 0.832045555 -0.0981164798 -0.545960903
vn 0.80142808 0.0141631039 -0.597923458
vn 0.744971633 0.0226507764 -0.666711509
vn 0.831789136 0.0491252244 -0.552913666
vn 0.83141309 0.0751597881 -0.550548196
vn 0.706349373 0.125461757 -0.696656227
vn 0.811275244 0.116968647 -0.572844505
vn 0.832785308 0.136051431 -0.536617756
vn 0.812757373 0.178702295 -0.5545187
vn 0.787813187 0.185878456 -0.58719641
vn 0.703860819 0.305794626 -0.641147077
vn 0.827688336 0.226131693 -0.513611138
vn 0.831038952 0.198345855 -0.519647181
vn 0.740623474 0.373379558 -0.558627427
vn 0.830423117 0.284493446 -0.479020834
vn 0.830536842 0.260130137 -0.492484361
vn 0.0312347524 0.555352807 -0.831028044
vn 0.246932641 0.652729273 -0.716218352
vn 0.163170576 0.660415053 -0.7329579
vn 0.136260659 0.754432976 -0.642077863
vn 0.149067089 0.753649771 -0.640149236
vn 0.155771509 0.264642388 -0.951682508
vn 0.315848142 0.290630639 -0.903201938
vn -0.05963609 0.345173806 -0.93664217
vn 0.370388061 0.399669528 -0.838496864
vn -0.0111160427 0.463286579 -0.886138797
vn 0.375464439 0.531259179 -0.759467006
vn 0.128215566 0.202210933 -0.970912695
vn 0.385298967 0.1631466 -0.908255398
vn 0.22075361 0.14071098 -0.965126038
vn 0.0753068328 0.0947592705 -0.992647767
vn 0.378618836 0.0311030205 -0.925029933
vn 0.350273848 0.0284678563 -0.936214626
vn 0.394901991 -0.101059809 -0.913148046
vn 0.160895899 -0.0825378895 -0.98351413
vn 0.141369581 -0.0187592655 -0.989779115
vn 0.148249865 -0.273853123 -0.95027703
vn 0.324296474 -0.230727419 -0.917385757
vn 0.340047777 -0.227199465 -0.912550211
vn 0.0116396779 -0.186790124 -0.982330859
vn 0.27431494 -0.127354994 -0.953169465
vn 0.0750233084 -0.454192251 -0.887739182
vn 0.207038313 -0.388308167 -0.897970974
vn 0.404254198 -0.336472005 -0.850508749
vn 0.273563385 -0.338633657 -0.900272369
vn 0.148561671 -0.310627848 -0.938850224
vn 0.407853603 -0.454500139 -0.791887045
vn 0.408679068 -0.45441106 -0.791512489
vn 0.144259989 -0.525703073 -0.838346779
vn 0.105810419 -0.675020218 -0.730172455
vn 0.245977119 -0.610532999 -0.752824485
vn 0.392164052 -0.568048298 -0.723552704
vn 0.228475973 -0.576487064 -0.784513474
vn 0.144480526 -0.56521523 -0.812192798
vn 0.297926664 -0.68053925 -0.669407248
vn 0.337774098 -0.674477816 -0.656497002
vn 0.140759155 -0.735282838 -0.662982643
vn 0.140739635 -0.765773416 -0.627521634
vn 0.381040663 -0.743109107 -0.550088048
vn 0.165539607 -0.804801941 -0.569991589
vn 0.396989107 -0.808382928 -0.434645504
vn 0.28084591 -0.839261055 -0.465581894
vn 0.137027264 -0.842763245 -0.520551324
vn 0.101582184 -0.954521775 -0.280302048
vn 0.260755986 -0.911172628 -0.319015294
vn 0.389995635 -0.867310941 -0.309314042
vn 0.175433561 -0.908642769 -0.378934592
vn 0.101311244 -0.899369597 -0.425288588
vn 0.753988504 0.500689685 -0.42521894
vn 0.829831779 0.43344444 -0.35143292
vn 0.843918741 0.391766518 -0.36649707
vn 0.81225878 0.405860543 -0.41894263
vn 0.71550566 0.467705727 -0.518944085
vn 0.841775775 0.349120975 -0.411737859
vn 0.816260159 0.328171462 -0.475418568
vn 0.660959303 0.571956515 -0.485796809
vn 0.660603344 0.572219133 -0.485971689
vn 0.660618901 0.502546012 -0.557700813
vn 0.659956932 0.502978802 -0.558094203
vn 0.660611868 0.417121023 -0.624181092
vn 0.660201371 0.417351574 -0.624461174
vn 0.661211491 0.322878659 -0.67716223
vn 0.660441816 0.323231608 -0.677744746
vn 0.662009299 0.229687214 -0.713433564
vn 0.660708308 0.230167687 -0.714484036
vn 0.661972344 0.132673964 -0.737692535
vn 0.660233855 0.133097529 -0.739172697
vn 0.661808431 0.0253077243 -0.749245703
vn 0.660702765 0.0254398026 -0.750216424
vn 0.662190437 -0.0823102072 -0.744801223
vn 0.661328793 -0.08231657 -0.745565712
vn 0.662911296 -0.180799156 -0.72653991
vn 0.662007213 -0.180898577 -0.727339089
vn 0.66299516 -0.275286466 -0.696171522
vn 0.661864579 -0.275557786 -0.697139263
vn 0.663152814 -0.372568607 -0.649169445
vn 0.66206491 -0.372961193 -0.650053859
vn 0.663284957 -0.462063044 -0.588685691
vn 0.662514031 -0.462428451 -0.589266598
vn 0.663826048 -0.535873532 -0.521703482
vn 0.66285485 -0.536416948 -0.522379398
vn 0.663595736 -0.601215243 -0.445175141
vn 0.66212672 -0.60217911 -0.446058929
vn 0.663147032 -0.65921998 -0.354492724
vn 0.662665367 -0.659574151 -0.35473448
vn 0.663597584 -0.702728987 -0.256535083
vn 0.746421754 -0.627898514 -0.220449612
vn 0.394961327 0.700190187 -0.594759822
vn 0.394449055 0.700385749 -0.594869494
vn 0.394622296 0.61503464 -0.682646036
vn 0.393448055 0.61543411 -0.682963789
vn 0.394403189 0.510519505 -0.764078498
vn 0.39334628 0.510834098 -0.764412999
vn 0.394818336 0.395308912 -0.829366863
vn 0.393009037 0.395760089 -0.830010772
vn 0.395120442 0.281356126 -0.874481857
vn 0.392925024 0.281821787 -0.875320733
vn 0.394869179 0.162425384 -0.904265642
vn 0.391811043 0.162875697 -0.905514002
vn 0.394010365 0.0308790915 -0.918587148
vn 0.391885787 0.0310652908 -0.919489264
vn 0.393912017 -0.101106063 -0.913570404
vn 0.39187634 -0.101052813 -0.914451361
vn 0.393871456 -0.222092584 -0.89193058
vn 0.392237365 -0.222123399 -0.892642736
vn 0.393617749 -0.338169426 -0.854813755
vn 0.391557753 -0.33834976 -0.855687976
vn 0.39315924 -0.45778653 -0.797406614
vn 0.391340196 -0.458054811 -0.798147023
vn 0.392794877 -0.567882299 -0.723340809
vn 0.391383201 -0.568170249 -0.723879635
vn 0.39282304 -0.659003317 -0.641408384
vn 0.391289234 -0.659377515 -0.641961098
vn 0.392166108 -0.739362538 -0.547310531
vn 0.390240848 -0.73993367 -0.547914445
vn 0.391314983 -0.810525775 -0.435798705
vn 0.390705079 -0.810732007 -0.435962319
vn 0.391503572 -0.866726696 -0.309046626
vn 0.328119963 -0.887363017 -0.323920041
vn 0.948763669 0.00445748586 0.315955132
vn 0.971144378 0.09822537 0.217325374
vn 0.981686056 0.094683677 0.165310353
vn 0.979490638 0.200899318 0.0154116815
vn 0.960996807 0.268613905 0.0658159032
vn 0.961022437 0.270832956 0.0555458516
vn 0.94371599 0.330231398 0.018638188
vn 0.886031032 0.462560773 0.0314094275
vn 0.885784507 0.463289887 0.0273550767
vn 0.921261549 0.385292649 0.0531669445
vn 0.919984877 0.391305804 0.0225289296
vn 0.862067044 0.466244519 0.198636636
vn 0.944867015 0.322707623 0.0555524863
vn 0.918648064 0.388969302 0.069199495
vn 0.916911125 0.395253509 0.0552147217
vn 0.907606781 0.403078854 0.117376827
vn 0.855928659 0.513451159 0.0612702332
vn 0.973436058 0.221948877 0.0562222116
vn 0.959934771 0.22855407 0.162136659
vn 0.957304895 0.283184171 0.0580870062
vn 0.944707036 0.278208017 0.173576817
vn 0.946885109 0.282439679 0.153741226
vn 0.969635785 0.16894573 0.176815584
vn 0.982107103 0.133445024 0.132883802
vn 0.97775507 0.0585295931 0.20141834
vn 0.980987012 0.0668924898 0.182180792
vn 0.982977033 0.0807667226 0.165024012
vn 0.986327052 0.0464564264 0.158116311
vn 0.988259912 0.0665480718 0.1375269
vn 0.987824321 0.107026331 0.112909384
vn 0.979133546 0.117443971 0.165844664
vn 0.981664896 0.121254854 0.147075996
vn 0.968164384 0.0216987878 0.249372974
vn 0.972898245 0.0418469273 0.227415472
vn 0.937929571 -0.0206096061 0.346212804
vn 0.908322632 -0.046185907 0.415712446
vn 0.924580216 -0.0590967312 0.376376063
vn 0.862209439 -0.231606737 0.45050329
vn 0.861327231 -0.233428568 0.451249897
vn 0.874081492 -0.187485084 0.448141634
vn 0.874948204 -0.191713169 0.444647789
vn 0.892170668 -0.143695772 0.428232461
vn 0.888357043 -0.16438368 0.428718746
vn 0.904427409 -0.106055923 0.413235068
vn 0.901948452 -0.0819504261 0.423996657
vn 0.919972599 -0.124742836 0.371604085
vn 0.937795997 -0.0297970865 0.345905751
vn 0.959805787 -0.0713821277 0.271435857
vn 0.947625399 -0.0107299369 0.319203705
vn 0.963429093 0.00106452301 0.267961264
vn 0.960291684 -0.0621469915 0.271988362
vn 0.992029607 -0.00277338899 0.125974506
vn 0.992418587 -0.00790112745 0.122649454
vn 0.989371002 0.0232081134 0.143549219
vn 0.981693089 -0.024091335 0.188939884
vn 0.982138276 -0.0362084471 0.184643954
vn 0.998945594 0.0209240206 0.0408644751
vn 0.99924624 0.0132359341 0.0364931226
vn 0.996175528 0.0489356853 0.0723848864
vn 0.979729176 0.199883416 0.0133195985
vn 0.979644537 0.200459898 0.010601324
vn 0.989964187 0.132881433 0.0480983444
vn 0.989864886 0.141774982 0.00820969976
vn 0.995132387 0.0870475546 0.0461975634
vn 0.995353937 0.0960652083 0.00648094621
vn 0.996776164 0.00739662722 0.0798911154
vn 0.995446622 0.0289799813 0.0908084959
vn 0.987984955 0.0490450449 0.146561772
vn 0.989698827 0.0237333626 0.141184062
vn 0.973225415 0.0535975099 0.223516405
vn 0.972620726 0.0594293401 0.224671066
vn 0.979229391 0.0557427332 0.194942445
vn 0.97768265 0.159003049 0.137312084
vn 0.97678715 0.162488535 0.139586315
vn 0.97686851 0.16266574 0.138808295
vn 0.990348697 0.13019006 0.0475395024
vn 0.986679852 0.115422674 0.114631854
vn 0.997795939 0.0535811856 0.0391454995
vn 0.997502148 0.0553086586 0.04393664
vn 0.997731924 0.0516590104 0.0431550927
vn 0.998199522 0.0586677045 0.0124843149
vn 0.999494135 0.0314065404 0.00501276553
vn 0.255765468 0.966730952 0.00390433869
vn 0.995381713 0.0958642215 0.00502717774
vn 0.988678575 0.149824157 0.00820669532
vn 0.991808355 0.127290785 0.0106418822
vn 0.526092291 0.850425124 0.00200449629
vn 0.757953823 0.652294278 0.00426414097
vn 0.786144137 0.618032455 0.00364508922
vn 0.943308473 0.331897408 0.00364143401
vn 0.932171524 0.361992985 0.00416005496
vn 0.994112372 0.108279504 0.00401476398
vn 0.989409864 0.145004079 0.00647726748
vn 0.0361315086 0.999347031 -5.73668376e-06
vn 0.0556623638 0.998449385 0.000723192294
vn 0.354286611 0.935135484 0.00160683494
vn 0.997451961 0.0700909123 0.013299942
vn 0.972451627 0.232995838 0.00712565193
vn 0.932151377 0.361996382 0.00724219577
vn 0.911488891 0.41127494 0.00639259815
vn 0.786126614 0.618032217 0.00640956638
vn 0.749433398 0.662056684 0.00552021526
vn 0.526075125 0.850422502 0.00515339943
vn 0.463365763 0.886158347 0.0039380542
vn 0.255767763 0.966732085 0.00345085119
vn 0.181322515 0.983421624 0.00201676181
vn -0.00725926692 0.999972343 0.00161155628
vn -0.0573455356 0.996754169 -0.05650286
vn 0.0109474054 0.99791497 -0.0636074543
vn 0.01503345 0.991452992 -0.129595488
vn 0.127861604 0.900732994 -0.415128291
vn 0.129904419 0.86258316 -0.488953114
vn 0.398449033 0.778784215 -0.484493047
vn 0.149227887 0.81401974 -0.561340272
vn 0.39438805 0.779522359 -0.486624062
vn 0.377502054 0.786269784 -0.489154428
vn 0.373143733 0.862304926 -0.342336088
vn 0.374252528 0.861889303 -0.342172265
vn 0.0923116058 0.938916504 -0.331533313
vn 0.494536459 0.866766512 -0.0644167811
vn 0.553373337 0.830008328 -0.0697429404
vn 0.558263183 0.810451746 -0.177511141
vn 0.198191524 0.978147089 -0.0628360063
vn 0.264700174 0.961838663 -0.0692836568
vn 0.272578478 0.941570878 -0.197851494
vn 0.612375021 0.7732656 -0.16449064
vn 0.617857218 0.728750288 -0.295254886
vn 0.660386145 0.636205971 -0.398913652
vn 0.646230102 0.647342443 -0.404146552
vn 0.643390357 0.710423529 -0.285214394
vn 0.34340328 0.871995687 -0.348851949
vn 0.33483088 0.92317003 -0.188799873
vn 0.0851556137 0.976252198 -0.199198738
vn 0.211636916 0.955535471 -0.205333322
vn 0.829201698 0.472618103 -0.298423678
vn 0.818175972 0.486988604 -0.305663466
vn 0.817057014 0.532634616 -0.220722035
vn 0.796288788 0.560041785 -0.228642374
vn 0.794253051 0.591397822 -0.13932237
vn 0.749353886 0.646179974 -0.144638091
vn 0.747482359 0.660822868 -0.0676999688
vn 0.697439134 0.71384567 -0.0632695183
vn 0.617196321 0.786676288 0.0144611448
vn 0.63654846 0.771221817 -0.00479374127
vn 0.603237271 0.797462106 0.0126096709
vn 0.590118587 0.807185769 0.014530737
vn 0.684591651 0.728387892 0.0280239247
vn 0.534282506 0.845184445 0.0143357934
vn 0.406781524 0.913472593 0.0098315645
vn 0.402956963 0.915164828 0.00994789694
vn 0.100363851 0.994904459 0.00960480236
vn 0.328569084 0.944471955 -0.00387727236
vn -0.154537991 0.987986863 1.70690128e-05
vn -0.102692157 0.994708538 0.00304186251
vn 0.0882452726 0.996054709 0.00936957169
vn -0.0601898246 0.998172104 -0.00544507802
vn 0.100936927 0.994876981 -0.00561435474
vn 0.195392415 0.980659783 -0.0113226892
vn 0.407504499 0.913132012 -0.0114026852
vn 0.492678344 0.870046496 -0.0169447027
vn 0.593236804 0.804853261 -0.0167737715
vn 0.696826518 0.716736734 -0.0268561728
vn 0.281705022 -0.459933043 0.842083037
vn 0.100906648 -0.968722284 -0.226704612
vn 0.46568498 -0.865022302 -0.186745554
vn 0.214419454 -0.963849962 -0.15816921
vn 0.137583837 -0.984174609 -0.111673974
vn 0.417033404 -0.907431781 -0.0514846966
vn 0.315576434 -0.947911859 -0.0432967171
vn 0.186758891 -0.972388625 0.139933929
vn 0.269516766 -0.956041992 0.115518026
vn 0.407544523 -0.909631252 0.0804886743
vn 0.185138747 -0.980593503 0.0644985363
vn 0.184236318 -0.98287499 0.00371063827
vn 0.186575264 -0.965426445 0.182048038
vn 0.421447545 -0.882553935 0.208519772
vn 0.385445535 -0.897042572 0.21620895
vn 0.187694341 -0.893880248 0.407122761
vn 0.301496267 -0.877858043 0.372109264
vn 0.423238009 -0.842722356 0.332698911
vn 0.216462165 -0.916261196 0.337060153
vn 0.172851816 -0.94517231 0.277076721
vn 0.433676094 -0.781973481 0.447708011
vn 0.409078866 -0.793488026 0.450589895
vn 0.187324166 -0.873301685 0.449726373
vn 0.184308529 -0.741959512 0.644613385
vn 0.337245643 -0.732325375 0.591578305
vn 0.438060433 -0.708053648 0.553862035
vn 0.215114027 -0.788100123 0.576735795
vn 0.162652016 -0.83365351 0.527793705
vn 0.436666161 -0.62161088 0.650324941
vn 0.359875709 -0.653788567 0.665619969
vn 0.186160594 -0.710248291 0.67888993
vn 0.0591391437 -0.522879064 0.850352883
vn 0.387102634 -0.531741858 0.75326103
vn 0.422231346 -0.525803983 0.738411009
vn 0.19056347 -0.60325855 0.774444759
vn 0.16082868 -0.657548189 0.736046493
vn 0.862138033 -0.265034616 0.431827098
vn 0.780897975 -0.331893981 0.529192567
vn 0.697449267 -0.416780651 0.582973778
vn 0.679214001 -0.50750047 0.530199647
vn 0.765084624 -0.432080179 0.477443486
vn 0.756379128 -0.390051126 0.525119722
vn 0.683792353 -0.574885547 0.449371308
vn 0.758184373 -0.493255168 0.426445514
vn 0.757552266 -0.472522944 0.450373888
vn 0.679856181 -0.636448205 0.364320248
vn 0.757990062 -0.557864904 0.33799082
vn 0.754733264 -0.52560544 0.392576933
vn 0.757065535 -0.620195031 0.205450654
vn 0.707119286 -0.659703553 0.254506439
vn 0.679630816 -0.682320952 0.269332647
vn 0.756403685 -0.596302569 0.268843263
vn 0.756652534 -0.582351744 0.29722628
vn 0.754595637 -0.635101557 0.165019527
vn 0.683008373 -0.710828662 0.167994574
vn 0.757339299 -0.642157793 0.11861968
vn 0.757046402 -0.647459507 0.0876185521
vn 0.679054141 -0.73121351 0.0649017841
vn 0.76349622 -0.644622803 0.0391792096
vn 0.752105594 -0.658609748 -0.023881359
vn 0.686228931 -0.726251304 -0.0406073257
vn 0.763473868 -0.642112315 -0.0692774877
vn 0.763525426 -0.637942314 -0.100292169
vn 0.679775774 -0.718096793 -0.149136975
vn 0.74731797 -0.646974504 -0.151459008
vn 0.717709243 -0.341579825 0.606808603
vn 0.442206442 -0.47059992 0.763537288
vn 0.441227645 -0.521158338 0.730556011
vn 0.449569792 -0.518040776 0.727681756
vn 0.449609101 -0.617424607 0.645475447
vn 0.453104347 -0.615950823 0.644438565
vn 0.451564014 -0.70290935 0.549552858
vn 0.453930676 -0.701818883 0.548996508
vn 0.453721911 -0.773375392 0.442749232
vn 0.454080254 -0.773199558 0.442689061
vn 0.453874379 -0.828834891 0.32715565
vn 0.454440862 -0.828545928 0.327101111
vn 0.453680307 -0.867284656 0.20491831
vn 0.45354113 -0.867356718 0.204921305
vn 0.453220427 -0.88792038 0.0786679089
vn 0.451882333 -0.888608456 0.0785961002
vn 0.452427536 -0.890387475 -0.0501938052
vn 0.448562533 -0.892313123 -0.0506850481
vn 0.447647423 -0.876791358 -0.175638005
vn 0.32873854 -0.924210012 -0.194336861
vn 0.862386048 -0.489697754 -0.12839964
vn 0.857508183 -0.449743718 0.24982062
vn 0.862296283 -0.256216407 0.436804622
vn 0.868041992 -0.26289916 0.421173453
vn 0.853033006 -0.298011005 0.428397149
vn 0.862322509 -0.300714791 0.407394767
vn 0.868042052 -0.32804352 0.372680157
vn 0.847818077 -0.361176997 0.388272732
vn 0.862177491 -0.319963396 0.392776489
vn 0.84843874 -0.438415319 0.296553105
vn 0.862183392 -0.400256425 0.310539156
vn 0.8621732 -0.375814497 0.339736402
vn 0.843931019 -0.40755868 0.348821312
vn 0.859571874 -0.371734798 0.350641519
vn 0.849334419 -0.49246347 0.19002834
vn 0.862408102 -0.45928213 0.212866604
vn 0.861617088 -0.44558692 0.243039727
vn 0.851558089 -0.524011016 0.0161621347
vn 0.855464876 -0.504236877 -0.118004106
vn 0.870695889 -0.484145164 -0.086557366
vn 0.863931715 -0.497497082 -0.0782215968
vn 0.85487771 -0.517802835 -0.0326246098
vn 0.873999953 -0.485607058 -0.0176032633
vn 0.861261725 -0.505228698 -0.0545178168
vn 0.865364552 -0.486284912 -0.121124677
vn 0.853105366 -0.515038311 -0.0833471566
vn 0.864169538 -0.495346516 -0.0885599852
vn 0.860029697 -0.509163857 -0.0331822559
vn 0.858811736 -0.511277556 -0.0322134793
vn 0.865624547 -0.500040829 0.0255589802
vn 0.866773009 -0.498052686 0.025457358
vn 0.86173749 -0.506419599 0.0307840966
vn 0.862297118 -0.472461641 0.182273492
vn 0.862181723 -0.480897933 0.159310594
vn 0.869334936 -0.475105315 0.136131197
vn 0.858399332 -0.496495008 0.129008695
vn 0.866398633 -0.492565691 0.0820513889
vn 0.875091076 -0.475907445 0.0879072249
vn 0.862343609 -0.501750827 0.0678943843
vn 0.862514973 -0.461314201 0.20798336
vn 0.870628893 -0.454428643 0.188414305
vn 0.867208481 -0.45997557 0.190714151
vn 0.857754588 -0.494174004 0.141594917
vn 0.861323655 -0.489318073 0.136709198
vn 0.862745285 -0.498766094 0.083084248
vn 0.855000913 -0.510518253 0.0913486406
vn 0.863903999 -0.500924706 0.0523858964
vn 0.867620707 -0.4043836 0.289323658
vn 0.868730247 -0.40280503 0.288194239
vn 0.849395216 -0.461358964 0.256272584
vn 0.878631592 -0.408392727 0.247430652
vn 0.861940742 -0.451591343 0.230485126
vn 0.857603669 -0.269027174 0.438338101
vn 0.875792146 -0.287812918 0.387494355
vn 0.852811396 -0.298217773 0.428694397
vn 0.869103551 -0.331898689 0.366745502
vn 0.860205233 -0.336935073 0.382781595
vn 0.863021791 -0.365678966 0.348528802
vn 0.870770216 -0.364744008 0.329728663
vn 0.864069164 -0.380792797 0.329213202
vn 0.859222353 -0.409886271 0.306153893
vn -1.10776159e-06 1 -1.45379818e-06
vn -8.04997399e-07 1 7.48270713e-06
vn -2.34801996e-06 1 5.16233877e-06
vn -2.3082514e-06 1 4.94491906e-06
vn -2.62456774e-06 1 4.33625337e-06
vn 2.45137784e-07 1 -2.54039014e-06
vn 1.1209861e-06 1 -4.30570879e-07
vn -5.91293713e-07 1 2.02256228e-06
vn -1.14125032e-06 1 4.1765577e-07
vn -5.70106613e-06 1 4.64693949e-06
vn -6.43247859e-06 1 2.15790965e-06
vn -3.47598143e-06 1 4.07018206e-07
vn -3.57919271e-06 1 6.00050276e-09
vn 2.65803493e-07 1 -1.27703424e-06
vn 5.33940806e-07 1 -5.5933338e-08
vn -4.98300597e-06 1 5.53706002e-07
vn -5.03736192e-06 1 2.3132263e-07
vn 5.09082668e-07 1 7.95093683e-07
vn 4.40534819e-07 1 9.34276727e-08
vn 5.42317002e-06 1 1.70000612e-06
vn 5.43135138e-06 1 3.28200758e-06
vn 1.48779372e-06 1 1.01524779e-06
vn 1.37477252e-06 1 2.05558763e-06
vn 6.38207496e-07 1 1.39574911e-06
vn 3.28610241e-07 1 2.66214875e-06
vn 2.58804539e-06 1 5.74452179e-06
vn 9.54893949e-07 1 9.75940293e-06
vn -2.0456373e-06 1 3.14813747e-06
vn 5.29368151e-07 1 -1.09916959e-06
vn 7.75567787e-06 1 8.785104e-06
vn -7.4933655e-06 1 1.21338144e-05
vn -5.36088507e-08 1 -1.37586312e-07
vn 2.60125785e-06 1 5.71204146e-06
vn 2.58804562e-06 1 5.74452179e-06
vn 3.28610128e-07 1 2.66214852e-06
vn 1.08352867e-06 1 -4.25827949e-07
vn -2.74060108e-06 1 -3.85163094e-06
vn -2.98969485e-06 1 -1.55841531e-06
vn -3.64315952e-06 1 -1.9340273e-06
vn -3.63947993e-06 1 -1.2221152e-06
vn 4.40535416e-07 1 9.3428028e-08
vn 3.64817623e-07 1 -6.81629842e-07
vn -6.09441145e-07 1 -7.80659661e-07
vn -7.01422323e-07 1 -1.32611683e-06
vn -6.19044249e-06 1 -7.1955867e-07
vn -5.64777338e-06 1 1.75150637e-06
vn 7.56371173e-06 1 -2.65704784e-06
vn 7.7118375e-06 1 -2.08152596e-06
vn 4.64738559e-06 1 -2.66709691e-07
vn 3.56560508e-06 1 -3.94800918e-06
vn -1.07717824e-06 1 6.04633442e-07
vn -3.36197149e-06 1 3.87801401e-06
vn -2.89886043e-06 1 4.99353837e-06
vn 4.78431268e-08 1 -2.06761501e-06
vn 1.06219574e-07 1 -1.95528082e-06
vn -1.444286e-06 1 6.52135805e-06
vn 1.21499102e-06 1 1.05203271e-05
vn 4.71839826e-07 1 -1.14144486e-05
vn 7.98424571e-06 1 -2.73626938e-06
vn 1 -1.15505749e-12 -1.6878e-17
vn -0.11196547 -2.82593396e-06 -0.993712127
vn -0.330277473 -2.6842315e-06 -0.943883896
vn -0.53203398 -2.4079236e-06 -0.84672296
vn -0.532031119 7.98163273e-06 -0.846724808
vn -0.707105756 6.6655366e-06 -0.707107842
vn -0.70710808 -3.46304637e-06 -0.707105458
vn -0.846724331 -2.60562365e-06 -0.532031834
vn -0.846724153 -1.51300037e-06 -0.532032132
vn -0.943883479 -9.39250526e-07 -0.330278665
vn -0.943882942 3.79163816e-06 -0.330280125
vn -0.993712246 1.28535783e-06 -0.111964233
vn -0.993712246 1.0554287e-06 -0.111964159
vn -0.993712246 -1.05542642e-06 0.111964159
vn -0.993712246 -1.28535544e-06 0.111964233
vn -0.943882942 -3.79163589e-06 0.330280125
vn -0.943883479 9.39252686e-07 0.330278665
vn -0.846724153 1.51300242e-06 0.532032132
vn -0.846724331 2.60562547e-06 0.532031834
vn -0.70710808 3.46304796e-06 0.707105458
vn -0.707105756 -6.66553478e-06 0.707107842
vn -0.532031119 -7.98163092e-06 0.846724808
vn -0.532034457 4.14682245e-06 0.846722662
vn -0.330277473 4.62266917e-06 0.943883896
vn -0.11196547 4.86670251e-06 0.993712127
vn -0.111964807 2.82593442e-06 0.993712187
vn 0.111965463 2.82593396e-06 0.993712127
vn 0.111964799 4.86670251e-06 0.993712187
vn 0.330277443 4.62266826e-06 0.943883896
vn 0.532031119 4.146832e-06 0.846724808
vn 0.532034457 -7.98161273e-06 0.846722662
vn 0.70710808 -6.66551432e-06 0.707105458
vn 0.707105756 3.46305774e-06 0.707107842
vn 0.846724272 2.60562388e-06 0.532031953
vn 0.846724451 1.51299889e-06 0.532031655
vn 0.943882942 9.39254676e-07 0.330280125
vn 0.943883479 -3.79162134e-06 0.330278665
vn 0.993712187 -1.28536033e-06 0.111964464
vn 0.993712187 -1.05543222e-06 0.111964539
vn 0.993712187 1.05542995e-06 -0.111964539
vn 0.993712187 1.28535805e-06 -0.111964464
vn 0.943883479 3.79161906e-06 -0.330278665
vn 0.943882942 -9.39256893e-07 -0.330280125
vn 0.846724451 -1.51300094e-06 -0.532031655
vn 0.846724272 -2.60562592e-06 -0.532031953
vn 0.707105756 -3.46305956e-06 -0.707107842
vn 0.70710808 6.6655125e-06 -0.707105458
vn 0.53203398 7.98161363e-06 -0.84672296
vn 0.532031119 -2.40792997e-06 -0.846724808
vn 0.330277443 -2.68423219e-06 -0.943883896
vn 0.111965463 -2.82593419e-06 -0.993712127
vn 1.11547349e-08 1 4.37201237e-07
vn 2.01669468e-06 1 1.58261935e-06
vn -6.77706851e-07 1 2.85064573e-07
vn -1.11524248e-08 1 4.37201237e-07
vn -1.052993e-07 1 6.53804818e-07
vn -9.53857807e-07 1 -1.10824419e-06
vn -2.48630073e-07 1 -2.23917226e-07
vn -9.25335826e-08 1 -8.4166453e-07
vn 1.15505749e-12 1 -1.24708561e-06
vn 1.15505749e-12 1 1.11515635e-06
vn 8.89345699e-07 1 -7.34869104e-07
vn -8.1053264e-07 1 6.20738831e-07
vn -7.75836838e-07 1 5.77231617e-07
vn 8.20405148e-08 1 -3.89901516e-07
vn -8.20381985e-08 1 -3.89901516e-07
vn 4.02807217e-07 1 -5.00564397e-07
vn 8.10534971e-07 1 6.20738774e-07
vn -8.89343426e-07 1 -7.34869104e-07
vn -4.02804943e-07 1 -5.00564454e-07
vn 9.25358918e-08 1 -8.4166453e-07
vn 7.75839055e-07 1 5.77231447e-07
vn 9.53859967e-07 1 -1.10824396e-06
vn 1.05301602e-07 1 6.53804818e-07
vn 6.77709238e-07 1 2.85064544e-07
vn -2.01669241e-06 1 1.58261923e-06
vn 2.48632404e-07 1 -2.23917226e-07
vn 3.86987642e-13 0.335051328 -0.942199886
vn 1.92043945e-13 0.166277945 -0.986078918
vn -6.62225266e-14 -0.0573180765 -0.998355985
vn -3.21157353e-13 -0.278030425 -0.960572243
vn -5.59999475e-13 -0.484811127 -0.874618888
vn -7.70753903e-13 -0.66727531 -0.744811177
vn -9.42861566e-13 -0.816281259 -0.57765466
vn -1.06769118e-12 -0.924356341 -0.381530255
vn -1.13898073e-12 -0.986078978 -0.166277677
vn -1.15315786e-12 -0.998356164 0.0573142022
vn -1.10951038e-12 -0.960571349 0.278033644
vn -1.01022879e-12 -0.874620557 0.484808117
vn -8.60285855e-13 -0.744808912 0.667277813
vn -6.67212759e-13 -0.577656567 0.816279948
vn -4.40674081e-13 -0.381530523 0.924356222
vn -1.92044107e-13 -0.166278079 0.986078918
vn 6.62220658e-14 0.0573176779 0.998355985
vn 3.21157353e-13 0.278030425 0.960572243
vn 5.60000343e-13 0.484811872 0.874618471
vn 7.70753036e-13 0.667274535 0.744811833
vn 9.42862542e-13 0.816282153 0.577653348
vn 1.06769097e-12 0.924356163 0.381530762
vn 1.13898062e-12 0.986078858 0.166278213
vn 1.15315776e-12 0.998356104 -0.0573157966
vn 1.10951005e-12 0.960571051 -0.278034627
vn 1.01022934e-12 0.874620974 -0.484807372
vn 8.60285855e-13 0.744808912 -0.667277813
vn 6.67212379e-13 0.577656209 -0.816280127
vn 5.06398688e-13 0.43843171 -0.898764491
vn -0.273759425 0.366955251 -0.889044225

# Mesh '' with 3534 faces
usemtl DefaultMaterial
f  1//1 2//1 3//1
f  1//1 3//1 4//1
f  4//2 3//2 5//2
f  4//2 5//2 6//2
f  6//3 5//3 7//3
f  6//3 7//3 8//3
f  8//4 7//4 9//4
f  8//4 9//4 10//4
f  10//5 9//5 11//5
f  10//5 11//5 12//5
f  12//6 11//6 13//6
f  12//6 13//6 14//6
f  14//7 13//7 15//7
f  14//7 15//7 16//7
f  16//8 15//8 17//8
f  16//8 17//8 18//8
f  18//9 17//9 19//9
f  18//9 19//9 20//9
f  20//10 19//10 21//10
f  20//10 21//10 22//10
f  22//11 21//11 23//11
f  22//11 23//11 24//11
f  24//12 23//12 25//12
f  24//12 25//12 26//12
f  26//13 25//13 27//13
f  26//13 27//13 28//13
f  28//14 27//14 29//14
f  28//14 29//14 30//14
f  30//15 29//15 31//15
f  30//15 31//15 32//15
f  32//16 31//16 33//16
f  32//16 33//16 34//16
f  34//17 33//17 35//17
f  34//17 35//17 36//17
f  36//18 35//18 37//18
f  36//18 37//18 38//18
f  38//19 37//19 39//19
f  38//19 39//19 40//19
f  40//20 39//20 41//20
f  40//20 41//20 42//20
f  42//21 41//21 43//21
f  42//21 43//21 44//21
f  44//22 43//22 45//22
f  44//22 45//22 46//22
f  46//23 45//23 47//23
f  46//23 47//23 48//23
f  48//24 47//24 49//24
f  48//24 49//24 50//24
f  50//25 49//25 51//25
f  50//25 51//25 52//25
f  52//26 51//26 53//26
f  52//26 53//26 54//26
f  54//27 53//27 55//27
f  54//27 55//27 56//27
f  56//28 55//28 2//28
f  56//28 2//28 1//28
f  57//29 58//29 59//29
f  60//30 61//30 62//30
f  63//31 64//31 65//31
f  66//32 67//32 68//32
f  68//33 67//33 69//33
f  64//34 70//34 65//34
f  65//35 70//35 71//35
f  65//36 71//36 69//36
f  69//37 71//37 72//37
f  69//38 72//38 68//38
f  63//39 65//39 73//39
f  73//40 65//40 74//40
f  73//41 74//41 75//41
f  76//42 77//42 78//42
f  78//43 77//43 79//43
f  78//44 79//44 74//44
f  74//45 79//45 80//45
f  74//46 80//46 75//46
f  81//47 82//47 83//47
f  83//48 82//48 84//48
f  83//49 84//49 78//49
f  78//50 84//50 85//50
f  78//51 85//51 76//51
f  81//52 83//52 86//52
f  86//53 83//53 87//53
f  86//54 87//54 88//54
f  89//55 90//55 91//55
f  91//56 90//56 87//56
f  87//57 90//57 92//57
f  87//58 92//58 88//58
f  93//59 94//59 95//59
f  95//60 94//60 96//60
f  95//61 96//61 91//61
f  91//62 96//62 97//62
f  91//63 97//63 89//63
f  61//64 98//64 62//64
f  62//65 98//65 99//65
f  62//66 99//66 95//66
f  95//67 99//67 100//67
f  95//68 100//68 93//68
f  60//69 62//69 101//69
f  101//70 62//70 102//70
f  101//71 102//71 103//71
f  103//72 102//72 104//72
f  104//73 102//73 105//73
f  104//74 105//74 106//74
f  107//75 108//75 105//75
f  105//76 108//76 109//76
f  105//77 109//77 106//77
f  58//78 110//78 59//78
f  59//79 110//79 111//79
f  59//80 111//80 107//80
f  107//81 111//81 112//81
f  107//82 112//82 108//82
f  57//83 59//83 113//83
f  113//84 59//84 114//84
f  113//85 114//85 115//85
f  115//86 114//86 116//86
f  116//87 114//87 117//87
f  116//88 117//88 118//88
f  118//89 117//89 119//89
f  118//90 119//90 120//90
f  121//91 122//91 123//91
f  120//92 119//92 124//92
f  124//93 119//93 125//93
f  126//94 127//94 125//94
f  125//95 127//95 128//95
f  125//96 128//96 124//96
f  129//97 130//97 131//97
f  131//98 130//98 132//98
f  131//99 132//99 126//99
f  126//100 132//100 133//100
f  126//101 133//101 127//101
f  134//102 135//102 136//102
f  136//103 135//103 137//103
f  136//104 137//104 131//104
f  131//105 137//105 138//105
f  131//106 138//106 129//106
f  134//107 136//107 139//107
f  139//108 136//108 140//108
f  139//109 140//109 141//109
f  141//110 140//110 142//110
f  142//111 140//111 143//111
f  142//112 143//112 144//112
f  144//113 143//113 145//113
f  145//114 143//114 146//114
f  145//115 146//115 147//115
f  148//116 149//116 150//116
f  150//117 149//117 146//117
f  146//118 149//118 151//118
f  146//119 151//119 147//119
f  122//120 152//120 123//120
f  123//121 152//121 153//121
f  123//122 153//122 150//122
f  150//123 153//123 154//123
f  150//124 154//124 148//124
f  121//125 123//125 155//125
f  155//126 123//126 156//126
f  155//127 156//127 157//127
f  157//128 156//128 158//128
f  157//129 158//129 159//129
f  160//130 161//130 158//130
f  158//131 161//131 162//131
f  158//132 162//132 159//132
f  163//133 164//133 165//133
f  165//134 164//134 166//134
f  165//135 166//135 160//135
f  160//136 166//136 167//136
f  160//137 167//137 161//137
f  163//138 165//138 168//138
f  168//139 165//139 169//139
f  168//140 169//140 170//140
f  170//141 169//141 171//141
f  170//142 171//142 172//142
f  172//143 171//143 67//143
f  172//144 67//144 66//144
f  148//145 154//145 173//145
f  174//146 175//146 176//146
f  177//147 178//147 179//147
f  173//148 154//148 180//148
f  154//149 153//149 180//149
f  180//150 153//150 152//150
f  180//151 152//151 181//151
f  181//152 152//152 122//152
f  181//153 122//153 182//153
f  182//154 122//154 121//154
f  183//155 184//155 185//155
f  185//156 184//156 186//156
f  185//157 186//157 187//157
f  187//158 186//158 188//158
f  189//159 190//159 191//159
f  190//160 192//160 176//160
f  190//161 176//161 191//161
f  191//162 176//162 175//162
f  191//163 175//163 193//163
f  147//164 151//164 194//164
f  194//165 151//165 149//165
f  145//166 147//166 195//166
f  195//167 147//167 194//167
f  195//168 194//168 196//168
f  196//169 194//169 197//169
f  196//170 197//170 198//170
f  198//171 197//171 189//171
f  198//172 189//172 199//172
f  199//173 189//173 191//173
f  184//174 200//174 186//174
f  186//175 200//175 177//175
f  186//176 177//176 188//176
f  188//177 177//177 179//177
f  188//178 179//178 201//178
f  201//179 179//179 202//179
f  201//180 202//180 203//180
f  204//181 205//181 203//181
f  203//182 205//182 206//182
f  203//183 206//183 201//183
f  201//184 206//184 207//184
f  201//185 207//185 188//185
f  188//186 207//186 208//186
f  188//187 208//187 187//187
f  178//188 177//188 182//188
f  182//189 177//189 200//189
f  182//190 200//190 181//190
f  181//191 200//191 184//191
f  181//192 184//192 180//192
f  180//193 184//193 183//193
f  180//194 183//194 173//194
f  209//195 210//195 192//195
f  192//196 210//196 211//196
f  192//197 211//197 176//197
f  176//198 211//198 212//198
f  176//199 212//199 174//199
f  206//200 213//200 207//200
f  207//201 213//201 209//201
f  207//202 209//202 208//202
f  208//203 209//203 192//203
f  208//204 192//204 187//204
f  187//205 192//205 190//205
f  187//206 190//206 185//206
f  185//207 190//207 189//207
f  185//208 189//208 183//208
f  183//209 189//209 197//209
f  183//210 197//210 173//210
f  173//211 197//211 194//211
f  173//212 194//212 148//212
f  148//213 194//213 149//213
f  211//214 214//214 212//214
f  209//215 213//215 215//215
f  216//216 217//216 218//216
f  204//217 219//217 205//217
f  205//218 219//218 220//218
f  205//219 220//219 206//219
f  214//220 211//220 221//220
f  221//221 211//221 210//221
f  221//222 210//222 209//222
f  174//223 222//223 175//223
f  175//224 222//224 223//224
f  175//225 223//225 193//225
f  218//226 224//226 216//226
f  216//227 224//227 225//227
f  216//228 225//228 226//228
f  226//229 225//229 227//229
f  226//230 227//230 221//230
f  221//231 227//231 222//231
f  221//232 222//232 214//232
f  214//233 222//233 174//233
f  214//234 174//234 212//234
f  209//235 215//235 221//235
f  221//236 215//236 228//236
f  221//237 228//237 226//237
f  226//238 228//238 229//238
f  226//239 229//239 216//239
f  206//240 220//240 213//240
f  213//241 220//241 230//241
f  213//242 230//242 215//242
f  215//243 230//243 231//243
f  215//244 231//244 228//244
f  228//245 231//245 232//245
f  228//246 232//246 229//246
f  232//247 233//247 234//247
f  232//248 234//248 229//248
f  229//249 234//249 235//249
f  229//250 235//250 236//250
f  236//251 237//251 229//251
f  229//252 237//252 238//252
f  229//253 238//253 216//253
f  216//254 238//254 239//254
f  216//255 239//255 217//255
f  240//256 241//256 242//256
f  241//257 240//257 243//257
f  244//258 245//258 246//258
f  247//259 248//259 249//259
f  244//260 246//260 250//260
f  251//261 252//261 253//261
f  253//262 252//262 254//262
f  252//263 99//263 98//263
f  252//264 98//264 254//264
f  254//265 98//265 61//265
f  254//266 61//266 60//266
f  94//267 93//267 255//267
f  255//268 93//268 100//268
f  97//269 256//269 89//269
f  89//270 256//270 90//270
f  257//271 258//271 243//271
f  259//272 260//272 261//272
f  262//273 263//273 259//273
f  259//274 263//274 264//274
f  259//275 264//275 260//275
f  265//276 266//276 267//276
f  267//277 266//277 246//277
f  267//278 246//278 249//278
f  249//279 246//279 245//279
f  249//280 245//280 247//280
f  96//281 94//281 268//281
f  268//282 94//282 255//282
f  268//283 255//283 269//283
f  269//284 255//284 270//284
f  269//285 270//285 271//285
f  254//286 250//286 253//286
f  253//287 250//287 246//287
f  253//288 246//288 251//288
f  251//289 246//289 266//289
f  251//290 266//290 262//290
f  262//291 266//291 265//291
f  262//292 265//292 263//292
f  97//293 96//293 256//293
f  256//294 96//294 268//294
f  256//295 268//295 272//295
f  272//296 268//296 269//296
f  272//297 269//297 242//297
f  242//298 269//298 271//298
f  242//299 271//299 240//299
f  257//300 243//300 261//300
f  261//301 243//301 240//301
f  261//302 240//302 259//302
f  259//303 240//303 271//303
f  259//304 271//304 262//304
f  262//305 271//305 270//305
f  262//306 270//306 251//306
f  251//307 270//307 255//307
f  251//308 255//308 252//308
f  252//309 255//309 100//309
f  252//310 100//310 99//310
f  273//311 274//311 275//311
f  276//312 277//312 278//312
f  278//313 277//313 274//313
f  274//314 273//314 278//314
f  278//315 273//315 279//315
f  278//316 279//316 280//316
f  280//317 279//317 281//317
f  280//318 281//318 282//318
f  281//319 263//319 265//319
f  281//320 265//320 282//320
f  282//321 265//321 267//321
f  282//322 267//322 283//322
f  283//323 267//323 249//323
f  283//324 249//324 248//324
f  284//325 285//325 264//325
f  258//326 257//326 286//326
f  286//327 257//327 261//327
f  286//328 261//328 285//328
f  285//329 261//329 260//329
f  285//330 260//330 264//330
f  275//331 287//331 273//331
f  273//332 287//332 288//332
f  273//333 288//333 279//333
f  279//334 288//334 289//334
f  279//335 289//335 281//335
f  281//336 289//336 284//336
f  281//337 284//337 263//337
f  263//338 284//338 264//338
f  290//339 243//339 258//339
f  291//340 92//340 90//340
f  82//341 81//341 292//341
f  293//342 294//342 295//342
f  296//343 297//343 298//343
f  296//344 298//344 295//344
f  295//345 298//345 299//345
f  295//346 299//346 293//346
f  297//347 296//347 300//347
f  300//348 296//348 301//348
f  300//349 301//349 302//349
f  302//350 301//350 303//350
f  303//351 301//351 304//351
f  303//352 304//352 305//352
f  305//353 304//353 306//353
f  306//354 304//354 307//354
f  306//355 307//355 308//355
f  308//356 307//356 309//356
f  309//357 307//357 310//357
f  309//358 310//358 311//358
f  311//359 310//359 312//359
f  312//360 310//360 313//360
f  312//361 313//361 314//361
f  315//362 316//362 317//362
f  292//363 81//363 318//363
f  318//364 81//364 86//364
f  318//365 86//365 88//365
f  82//366 292//366 84//366
f  84//367 292//367 319//367
f  84//368 319//368 85//368
f  320//369 77//369 319//369
f  319//370 77//370 76//370
f  319//371 76//371 85//371
f  321//372 80//372 320//372
f  320//373 80//373 79//373
f  320//374 79//374 77//374
f  322//375 73//375 321//375
f  321//376 73//376 75//376
f  321//377 75//377 80//377
f  71//378 70//378 323//378
f  323//379 70//379 64//379
f  323//380 64//380 322//380
f  322//381 64//381 63//381
f  322//382 63//382 73//382
f  71//383 323//383 72//383
f  72//384 323//384 324//384
f  72//385 324//385 68//385
f  66//386 68//386 325//386
f  325//387 68//387 324//387
f  325//388 324//388 326//388
f  326//389 324//389 323//389
f  326//390 323//390 327//390
f  327//391 323//391 322//391
f  327//392 322//392 328//392
f  328//393 322//393 321//393
f  328//394 321//394 329//394
f  329//395 321//395 320//395
f  329//396 320//396 330//396
f  330//397 320//397 319//397
f  330//398 319//398 331//398
f  331//399 319//399 292//399
f  331//400 292//400 332//400
f  332//401 292//401 318//401
f  332//402 318//402 333//402
f  90//403 256//403 291//403
f  291//404 256//404 272//404
f  291//405 272//405 334//405
f  334//406 272//406 242//406
f  334//407 242//407 335//407
f  333//408 336//408 337//408
f  333//409 337//409 332//409
f  332//410 337//410 338//410
f  332//411 338//411 331//411
f  331//412 338//412 339//412
f  331//413 339//413 330//413
f  330//414 339//414 340//414
f  330//415 340//415 329//415
f  329//416 340//416 341//416
f  329//417 341//417 328//417
f  328//418 341//418 342//418
f  328//419 342//419 327//419
f  327//420 342//420 343//420
f  327//421 343//421 326//421
f  326//422 343//422 344//422
f  326//423 344//423 325//423
f  335//424 242//424 290//424
f  290//425 242//425 241//425
f  290//426 241//426 243//426
f  316//427 314//427 317//427
f  317//428 314//428 313//428
f  317//429 313//429 336//429
f  336//430 313//430 337//430
f  337//431 313//431 310//431
f  337//432 310//432 338//432
f  338//433 310//433 307//433
f  338//434 307//434 339//434
f  339//435 307//435 304//435
f  339//436 304//436 340//436
f  340//437 304//437 301//437
f  340//438 301//438 341//438
f  341//439 301//439 296//439
f  341//440 296//440 342//440
f  342//441 296//441 295//441
f  342//442 295//442 343//442
f  343//443 295//443 294//443
f  343//444 294//444 344//444
f  88//445 92//445 318//445
f  318//446 92//446 291//446
f  318//447 291//447 333//447
f  333//448 291//448 334//448
f  333//449 334//449 336//449
f  336//450 334//450 335//450
f  336//451 335//451 317//451
f  317//452 335//452 290//452
f  317//453 290//453 315//453
f  315//454 290//454 258//454
f  178//455 182//455 345//455
f  203//456 202//456 346//456
f  347//457 348//457 349//457
f  349//458 348//458 350//458
f  349//459 350//459 346//459
f  346//460 350//460 351//460
f  346//461 351//461 203//461
f  203//462 351//462 352//462
f  203//463 352//463 204//463
f  347//464 349//464 353//464
f  353//465 349//465 354//465
f  353//466 354//466 355//466
f  355//467 354//467 356//467
f  355//468 356//468 357//468
f  357//469 356//469 358//469
f  357//470 358//470 359//470
f  359//471 358//471 360//471
f  359//472 360//472 361//472
f  362//473 363//473 364//473
f  364//474 363//474 365//474
f  364//475 365//475 366//475
f  366//476 365//476 367//476
f  366//477 367//477 360//477
f  360//478 367//478 368//478
f  360//479 368//479 361//479
f  344//480 294//480 364//480
f  364//481 294//481 293//481
f  364//482 293//482 362//482
f  369//483 168//483 370//483
f  370//484 168//484 170//484
f  370//485 170//485 371//485
f  371//486 170//486 172//486
f  371//487 172//487 66//487
f  166//488 164//488 369//488
f  369//489 164//489 163//489
f  369//490 163//490 168//490
f  369//491 372//491 166//491
f  166//492 372//492 373//492
f  166//493 373//493 167//493
f  167//494 373//494 161//494
f  325//495 344//495 374//495
f  374//496 344//496 364//496
f  374//497 364//497 375//497
f  375//498 364//498 366//498
f  375//499 366//499 376//499
f  376//500 366//500 360//500
f  376//501 360//501 377//501
f  377//502 360//502 358//502
f  377//503 358//503 378//503
f  378//504 358//504 356//504
f  378//505 356//505 379//505
f  379//506 356//506 354//506
f  379//507 354//507 380//507
f  380//508 354//508 349//508
f  380//509 349//509 381//509
f  381//510 349//510 346//510
f  381//511 346//511 179//511
f  179//512 346//512 202//512
f  179//513 178//513 381//513
f  381//514 178//514 345//514
f  381//515 345//515 380//515
f  380//516 345//516 382//516
f  380//517 382//517 379//517
f  379//518 382//518 383//518
f  379//519 383//519 378//519
f  378//520 383//520 373//520
f  378//521 373//521 377//521
f  377//522 373//522 372//522
f  377//523 372//523 376//523
f  376//524 372//524 369//524
f  376//525 369//525 375//525
f  375//526 369//526 370//526
f  375//527 370//527 374//527
f  374//528 370//528 371//528
f  374//529 371//529 325//529
f  325//530 371//530 66//530
f  161//531 373//531 162//531
f  162//532 373//532 383//532
f  162//533 383//533 159//533
f  159//534 383//534 382//534
f  159//535 382//535 157//535
f  157//536 382//536 345//536
f  157//537 345//537 155//537
f  155//538 345//538 182//538
f  155//539 182//539 121//539
f  315//540 258//540 384//540
f  385//541 204//541 352//541
f  315//542 384//542 316//542
f  357//543 386//543 387//543
f  352//544 351//544 385//544
f  385//545 351//545 350//545
f  385//546 350//546 348//546
f  348//547 347//547 385//547
f  385//548 347//548 353//548
f  385//549 353//549 388//549
f  388//550 353//550 355//550
f  308//551 309//551 389//551
f  389//552 309//552 390//552
f  387//553 391//553 357//553
f  357//554 391//554 392//554
f  357//555 392//555 355//555
f  355//556 392//556 393//556
f  355//557 393//557 388//557
f  386//558 357//558 394//558
f  394//559 357//559 359//559
f  394//560 359//560 395//560
f  309//561 311//561 390//561
f  390//562 311//562 312//562
f  390//563 312//563 384//563
f  384//564 312//564 314//564
f  384//565 314//565 316//565
f  389//566 396//566 308//566
f  308//567 396//567 397//567
f  308//568 397//568 398//568
f  359//569 361//569 395//569
f  395//570 361//570 368//570
f  395//571 368//571 399//571
f  399//572 368//572 367//572
f  399//573 367//573 400//573
f  400//574 367//574 365//574
f  365//575 363//575 400//575
f  400//576 363//576 362//576
f  400//577 362//577 401//577
f  402//578 305//578 403//578
f  403//579 305//579 306//579
f  403//580 306//580 404//580
f  404//581 306//581 308//581
f  404//582 308//582 405//582
f  405//583 308//583 398//583
f  362//584 293//584 401//584
f  401//585 293//585 299//585
f  401//586 299//586 406//586
f  406//587 299//587 298//587
f  298//588 297//588 406//588
f  406//589 297//589 300//589
f  406//590 300//590 407//590
f  407//591 300//591 302//591
f  407//592 302//592 402//592
f  402//593 302//593 303//593
f  402//594 303//594 305//594
f  408//595 409//595 410//595
f  411//596 412//596 413//596
f  413//597 412//597 414//597
f  413//598 414//598 415//598
f  415//599 414//599 416//599
f  417//600 418//600 408//600
f  408//601 418//601 419//601
f  408//602 419//602 409//602
f  238//603 417//603 239//603
f  239//604 417//604 408//604
f  239//605 408//605 217//605
f  217//606 408//606 410//606
f  217//607 410//607 420//607
f  420//608 410//608 421//608
f  420//609 421//609 422//609
f  422//610 421//610 423//610
f  422//611 423//611 411//611
f  411//612 423//612 424//612
f  411//613 424//613 412//613
f  425//614 426//614 427//614
f  428//615 429//615 430//615
f  428//616 430//616 431//616
f  193//617 425//617 191//617
f  191//618 425//618 427//618
f  191//619 427//619 432//619
f  433//620 434//620 435//620
f  435//621 434//621 436//621
f  435//622 436//622 141//622
f  141//623 436//623 139//623
f  437//624 431//624 438//624
f  438//625 431//625 430//625
f  438//626 430//626 439//626
f  439//627 430//627 440//627
f  439//628 440//628 433//628
f  433//629 440//629 441//629
f  433//630 441//630 434//630
f  144//631 145//631 195//631
f  142//632 144//632 442//632
f  442//633 144//633 195//633
f  442//634 195//634 443//634
f  195//635 196//635 443//635
f  443//636 196//636 198//636
f  443//637 198//637 432//637
f  432//638 198//638 199//638
f  432//639 199//639 191//639
f  141//640 142//640 435//640
f  435//641 142//641 442//641
f  435//642 442//642 433//642
f  433//643 442//643 443//643
f  433//644 443//644 439//644
f  439//645 443//645 432//645
f  439//646 432//646 438//646
f  438//647 432//647 427//647
f  438//648 427//648 437//648
f  437//649 427//649 426//649
f  444//650 445//650 446//650
f  447//651 248//651 247//651
f  108//652 444//652 109//652
f  109//653 444//653 446//653
f  109//654 446//654 106//654
f  106//655 446//655 104//655
f  448//656 103//656 104//656
f  254//657 60//657 101//657
f  449//658 250//658 450//658
f  450//659 250//659 254//659
f  450//660 254//660 448//660
f  448//661 254//661 101//661
f  448//662 101//662 103//662
f  451//663 245//663 449//663
f  449//664 245//664 244//664
f  449//665 244//665 250//665
f  452//666 447//666 451//666
f  451//667 447//667 247//667
f  451//668 247//668 245//668
f  453//669 454//669 455//669
f  456//670 457//670 458//670
f  458//671 457//671 454//671
f  458//672 454//672 459//672
f  454//673 453//673 459//673
f  459//674 453//674 460//674
f  459//675 460//675 461//675
f  445//676 444//676 460//676
f  460//677 444//677 462//677
f  460//678 462//678 461//678
f  104//679 446//679 448//679
f  448//680 446//680 445//680
f  448//681 445//681 450//681
f  450//682 445//682 460//682
f  450//683 460//683 449//683
f  449//684 460//684 453//684
f  449//685 453//685 451//685
f  451//686 453//686 455//686
f  451//687 455//687 452//687
f  108//688 112//688 463//688
f  434//689 441//689 464//689
f  464//690 441//690 440//690
f  464//691 440//691 430//691
f  134//692 139//692 465//692
f  465//693 139//693 436//693
f  465//694 436//694 434//694
f  466//695 462//695 444//695
f  458//696 459//696 467//696
f  467//697 459//697 461//697
f  468//698 138//698 469//698
f  469//699 138//699 137//699
f  469//700 137//700 465//700
f  465//701 137//701 135//701
f  465//702 135//702 134//702
f  470//703 132//703 471//703
f  471//704 132//704 130//704
f  471//705 130//705 468//705
f  468//706 130//706 129//706
f  468//707 129//707 138//707
f  472//708 124//708 473//708
f  473//709 124//709 128//709
f  473//710 128//710 474//710
f  474//711 128//711 127//711
f  474//712 127//712 470//712
f  470//713 127//713 133//713
f  470//714 133//714 132//714
f  475//715 115//715 476//715
f  476//716 115//716 116//716
f  476//717 116//717 477//717
f  477//718 116//718 118//718
f  477//719 118//719 472//719
f  472//720 118//720 120//720
f  472//721 120//721 124//721
f  478//722 58//722 479//722
f  479//723 58//723 57//723
f  479//724 57//724 475//724
f  475//725 57//725 113//725
f  475//726 113//726 115//726
f  463//727 112//727 480//727
f  480//728 112//728 111//728
f  480//729 111//729 478//729
f  478//730 111//730 110//730
f  478//731 110//731 58//731
f  434//732 464//732 465//732
f  465//733 464//733 481//733
f  465//734 481//734 469//734
f  469//735 481//735 482//735
f  469//736 482//736 468//736
f  468//737 482//737 483//737
f  468//738 483//738 471//738
f  471//739 483//739 484//739
f  471//740 484//740 470//740
f  470//741 484//741 485//741
f  470//742 485//742 474//742
f  474//743 485//743 486//743
f  474//744 486//744 473//744
f  473//745 486//745 487//745
f  473//746 487//746 472//746
f  472//747 487//747 488//747
f  472//748 488//748 477//748
f  477//749 488//749 489//749
f  477//750 489//750 476//750
f  476//751 489//751 490//751
f  476//752 490//752 475//752
f  475//753 490//753 491//753
f  475//754 491//754 479//754
f  479//755 491//755 492//755
f  479//756 492//756 478//756
f  478//757 492//757 493//757
f  478//758 493//758 480//758
f  480//759 493//759 466//759
f  480//760 466//760 463//760
f  463//761 466//761 444//761
f  463//762 444//762 108//762
f  430//763 494//763 464//763
f  464//764 494//764 495//764
f  464//765 495//765 481//765
f  481//766 495//766 496//766
f  481//767 496//767 482//767
f  482//768 496//768 497//768
f  482//769 497//769 483//769
f  483//770 497//770 498//770
f  483//771 498//771 484//771
f  484//772 498//772 499//772
f  484//773 499//773 485//773
f  485//774 499//774 500//774
f  485//775 500//775 486//775
f  486//776 500//776 501//776
f  486//777 501//777 487//777
f  487//778 501//778 502//778
f  487//779 502//779 488//779
f  488//780 502//780 503//780
f  488//781 503//781 489//781
f  489//782 503//782 504//782
f  489//783 504//783 490//783
f  490//784 504//784 505//784
f  490//785 505//785 491//785
f  491//786 505//786 506//786
f  491//787 506//787 492//787
f  492//788 506//788 507//788
f  492//789 507//789 493//789
f  493//790 507//790 467//790
f  493//791 467//791 466//791
f  466//792 467//792 461//792
f  466//793 461//793 462//793
f  456//794 458//794 508//794
f  508//795 458//795 467//795
f  508//796 467//796 509//796
f  509//797 467//797 507//797
f  509//798 507//798 510//798
f  510//799 507//799 506//799
f  510//800 506//800 511//800
f  511//801 506//801 505//801
f  511//802 505//802 512//802
f  512//803 505//803 504//803
f  512//804 504//804 513//804
f  513//805 504//805 503//805
f  513//806 503//806 514//806
f  514//807 503//807 502//807
f  514//808 502//808 515//808
f  515//809 502//809 501//809
f  515//810 501//810 516//810
f  516//811 501//811 500//811
f  516//812 500//812 517//812
f  517//813 500//813 499//813
f  517//814 499//814 518//814
f  518//815 499//815 498//815
f  518//816 498//816 519//816
f  519//817 498//817 497//817
f  519//818 497//818 520//818
f  520//819 497//819 496//819
f  520//820 496//820 521//820
f  521//821 496//821 495//821
f  521//822 495//822 522//822
f  522//823 495//823 494//823
f  522//824 494//824 429//824
f  429//825 494//825 430//825
f  283//826 248//826 523//826
f  524//827 525//827 526//827
f  526//828 525//828 527//828
f  528//829 276//829 278//829
f  523//830 526//830 283//830
f  283//831 526//831 527//831
f  283//832 527//832 282//832
f  282//833 527//833 528//833
f  282//834 528//834 280//834
f  280//835 528//835 278//835
f  276//836 529//836 277//836
f  277//837 529//837 530//837
f  277//838 530//838 274//838
f  276//839 531//839 529//839
f  529//840 531//840 532//840
f  529//841 532//841 530//841
f  530//842 532//842 533//842
f  530//843 533//843 534//843
f  535//844 536//844 527//844
f  527//845 536//845 528//845
f  536//846 537//846 528//846
f  528//847 537//847 538//847
f  528//848 538//848 276//848
f  276//849 538//849 539//849
f  276//850 539//850 531//850
f  527//851 525//851 535//851
f  535//852 525//852 524//852
f  535//853 524//853 540//853
f  541//854 542//854 543//854
f  544//855 545//855 546//855
f  546//856 545//856 547//856
f  548//857 524//857 526//857
f  549//858 548//858 550//858
f  550//859 548//859 526//859
f  550//860 526//860 551//860
f  551//861 526//861 523//861
f  551//862 523//862 552//862
f  552//863 523//863 553//863
f  552//864 553//864 554//864
f  555//865 556//865 557//865
f  558//866 559//866 560//866
f  556//867 549//867 557//867
f  557//868 549//868 550//868
f  557//869 550//869 561//869
f  561//870 550//870 551//870
f  561//871 551//871 543//871
f  543//872 551//872 552//872
f  543//873 552//873 541//873
f  541//874 552//874 554//874
f  559//875 555//875 560//875
f  560//876 555//876 557//876
f  560//877 557//877 562//877
f  562//878 557//878 561//878
f  562//879 561//879 546//879
f  546//880 561//880 543//880
f  546//881 543//881 544//881
f  544//882 543//882 542//882
f  558//883 560//883 563//883
f  563//884 560//884 562//884
f  563//885 562//885 564//885
f  564//886 562//886 546//886
f  564//887 546//887 565//887
f  565//888 546//888 547//888
f  565//889 547//889 566//889
f  567//890 568//890 569//890
f  567//891 569//891 570//891
f  287//892 570//892 288//892
f  288//893 570//893 569//893
f  288//894 569//894 289//894
f  289//895 569//895 571//895
f  289//896 571//896 284//896
f  284//897 571//897 572//897
f  284//898 572//898 285//898
f  285//899 572//899 573//899
f  285//900 573//900 286//900
f  574//901 390//901 384//901
f  568//902 575//902 569//902
f  569//903 575//903 576//903
f  569//904 576//904 571//904
f  571//905 576//905 577//905
f  571//906 577//906 572//906
f  572//907 577//907 574//907
f  572//908 574//908 573//908
f  573//909 574//909 384//909
f  573//910 384//910 286//910
f  286//911 384//911 258//911
f  275//912 578//912 287//912
f  579//913 580//913 581//913
f  570//914 582//914 583//914
f  584//915 585//915 586//915
f  570//916 583//916 567//916
f  567//917 583//917 584//917
f  567//918 584//918 568//918
f  568//919 584//919 586//919
f  568//920 586//920 575//920
f  587//921 588//921 589//921
f  588//922 590//922 591//922
f  591//923 590//923 592//923
f  591//924 592//924 593//924
f  593//925 592//925 594//925
f  593//926 594//926 595//926
f  596//927 597//927 598//927
f  598//928 597//928 599//928
f  598//929 599//929 600//929
f  600//930 599//930 601//930
f  600//931 601//931 602//931
f  603//932 604//932 605//932
f  605//933 604//933 602//933
f  605//934 602//934 606//934
f  606//935 602//935 601//935
f  596//936 595//936 597//936
f  597//937 595//937 594//937
f  597//938 594//938 607//938
f  607//939 594//939 608//939
f  581//940 580//940 609//940
f  609//941 580//941 610//941
f  609//942 610//942 611//942
f  611//943 610//943 612//943
f  611//944 612//944 613//944
f  610//945 614//945 612//945
f  612//946 614//946 615//946
f  612//947 615//947 613//947
f  613//948 615//948 616//948
f  617//949 618//949 619//949
f  619//950 618//950 620//950
f  619//951 620//951 615//951
f  615//952 620//952 621//952
f  615//953 621//953 616//953
f  622//954 623//954 624//954
f  624//955 623//955 625//955
f  624//956 625//956 626//956
f  275//957 274//957 530//957
f  587//958 614//958 588//958
f  588//959 614//959 610//959
f  588//960 610//960 590//960
f  590//961 610//961 580//961
f  590//962 580//962 592//962
f  592//963 580//963 579//963
f  592//964 579//964 594//964
f  594//965 579//965 627//965
f  594//966 627//966 608//966
f  534//967 623//967 530//967
f  530//968 623//968 622//968
f  530//969 622//969 275//969
f  275//970 622//970 624//970
f  275//971 624//971 578//971
f  578//972 624//972 582//972
f  578//973 582//973 287//973
f  287//974 582//974 570//974
f  589//975 585//975 587//975
f  587//976 585//976 584//976
f  587//977 584//977 614//977
f  614//978 584//978 583//978
f  614//979 583//979 615//979
f  615//980 583//980 582//980
f  615//981 582//981 619//981
f  619//982 582//982 624//982
f  619//983 624//983 617//983
f  617//984 624//984 626//984
f  617//985 626//985 618//985
f  628//986 629//986 630//986
f  631//987 632//987 633//987
f  634//988 635//988 632//988
f  636//989 637//989 638//989
f  638//990 637//990 639//990
f  640//991 641//991 638//991
f  638//992 641//992 642//992
f  638//993 642//993 636//993
f  628//994 643//994 629//994
f  629//995 643//995 644//995
f  629//996 644//996 645//996
f  645//997 644//997 646//997
f  645//998 646//998 640//998
f  640//999 646//999 647//999
f  640//1000 647//1000 641//1000
f  648//1001 649//1001 630//1001
f  630//1002 649//1002 650//1002
f  630//1003 650//1003 628//1003
f  651//1004 652//1004 648//1004
f  648//1005 652//1005 653//1005
f  648//1006 653//1006 649//1006
f  654//1007 655//1007 656//1007
f  656//1008 655//1008 657//1008
f  656//1009 657//1009 651//1009
f  651//1010 657//1010 658//1010
f  651//1011 658//1011 652//1011
f  659//1012 660//1012 661//1012
f  662//1013 654//1013 663//1013
f  663//1014 654//1014 656//1014
f  663//1015 656//1015 664//1015
f  664//1016 656//1016 651//1016
f  664//1017 651//1017 665//1017
f  665//1018 651//1018 648//1018
f  665//1019 648//1019 666//1019
f  666//1020 648//1020 630//1020
f  666//1021 630//1021 667//1021
f  667//1022 630//1022 629//1022
f  667//1023 629//1023 668//1023
f  668//1024 629//1024 645//1024
f  668//1025 645//1025 669//1025
f  669//1026 645//1026 640//1026
f  669//1027 640//1027 670//1027
f  670//1028 640//1028 638//1028
f  670//1029 638//1029 671//1029
f  671//1030 638//1030 639//1030
f  671//1031 639//1031 635//1031
f  635//1032 672//1032 671//1032
f  671//1033 672//1033 673//1033
f  671//1034 673//1034 670//1034
f  670//1035 673//1035 674//1035
f  670//1036 674//1036 669//1036
f  669//1037 674//1037 675//1037
f  669//1038 675//1038 668//1038
f  668//1039 675//1039 676//1039
f  668//1040 676//1040 667//1040
f  667//1041 676//1041 677//1041
f  667//1042 677//1042 666//1042
f  666//1043 677//1043 678//1043
f  666//1044 678//1044 665//1044
f  665//1045 678//1045 679//1045
f  665//1046 679//1046 664//1046
f  664//1047 679//1047 680//1047
f  664//1048 680//1048 663//1048
f  635//1049 634//1049 672//1049
f  672//1050 634//1050 681//1050
f  672//1051 681//1051 673//1051
f  673//1052 681//1052 682//1052
f  673//1053 682//1053 674//1053
f  674//1054 682//1054 683//1054
f  674//1055 683//1055 675//1055
f  675//1056 683//1056 684//1056
f  675//1057 684//1057 676//1057
f  676//1058 684//1058 685//1058
f  676//1059 685//1059 677//1059
f  677//1060 685//1060 686//1060
f  677//1061 686//1061 678//1061
f  678//1062 686//1062 687//1062
f  678//1063 687//1063 679//1063
f  679//1064 687//1064 688//1064
f  679//1065 688//1065 680//1065
f  632//1066 631//1066 634//1066
f  634//1067 631//1067 689//1067
f  634//1068 689//1068 681//1068
f  681//1069 689//1069 690//1069
f  681//1070 690//1070 682//1070
f  682//1071 690//1071 691//1071
f  682//1072 691//1072 683//1072
f  683//1073 691//1073 692//1073
f  683//1074 692//1074 684//1074
f  684//1075 692//1075 693//1075
f  684//1076 693//1076 685//1076
f  685//1077 693//1077 694//1077
f  685//1078 694//1078 686//1078
f  686//1079 694//1079 695//1079
f  686//1080 695//1080 687//1080
f  687//1081 695//1081 696//1081
f  687//1082 696//1082 688//1082
f  633//1083 697//1083 631//1083
f  631//1084 697//1084 698//1084
f  631//1085 698//1085 689//1085
f  689//1086 698//1086 699//1086
f  689//1087 699//1087 690//1087
f  690//1088 699//1088 700//1088
f  690//1089 700//1089 691//1089
f  691//1090 700//1090 701//1090
f  691//1091 701//1091 692//1091
f  692//1092 701//1092 702//1092
f  692//1093 702//1093 693//1093
f  693//1094 702//1094 703//1094
f  693//1095 703//1095 694//1095
f  694//1096 703//1096 659//1096
f  694//1097 659//1097 695//1097
f  695//1098 659//1098 661//1098
f  695//1099 661//1099 696//1099
f  403//1100 660//1100 402//1100
f  402//1101 660//1101 659//1101
f  402//1102 659//1102 407//1102
f  407//1103 659//1103 703//1103
f  407//1104 703//1104 406//1104
f  406//1105 703//1105 702//1105
f  406//1106 702//1106 401//1106
f  401//1107 702//1107 701//1107
f  401//1108 701//1108 400//1108
f  400//1109 701//1109 700//1109
f  400//1110 700//1110 399//1110
f  399//1111 700//1111 699//1111
f  399//1112 699//1112 395//1112
f  395//1113 699//1113 698//1113
f  395//1114 698//1114 394//1114
f  394//1115 698//1115 697//1115
f  394//1116 697//1116 386//1116
f  386//1117 697//1117 633//1117
f  704//1118 388//1118 393//1118
f  705//1119 392//1119 391//1119
f  706//1120 391//1120 387//1120
f  388//1121 704//1121 385//1121
f  385//1122 704//1122 707//1122
f  707//1123 704//1123 708//1123
f  707//1124 708//1124 709//1124
f  708//1125 710//1125 709//1125
f  709//1126 710//1126 711//1126
f  709//1127 711//1127 712//1127
f  712//1128 711//1128 713//1128
f  712//1129 713//1129 714//1129
f  715//1130 387//1130 386//1130
f  386//1131 633//1131 715//1131
f  715//1132 633//1132 632//1132
f  715//1133 632//1133 716//1133
f  716//1134 632//1134 635//1134
f  716//1135 635//1135 717//1135
f  717//1136 635//1136 639//1136
f  717//1137 639//1137 718//1137
f  718//1138 639//1138 637//1138
f  718//1139 637//1139 719//1139
f  719//1140 637//1140 720//1140
f  719//1141 720//1141 721//1141
f  387//1142 715//1142 706//1142
f  706//1143 715//1143 716//1143
f  706//1144 716//1144 722//1144
f  722//1145 716//1145 717//1145
f  722//1146 717//1146 723//1146
f  723//1147 717//1147 718//1147
f  723//1148 718//1148 724//1148
f  724//1149 718//1149 719//1149
f  724//1150 719//1150 725//1150
f  725//1151 719//1151 721//1151
f  725//1152 721//1152 726//1152
f  391//1153 706//1153 705//1153
f  705//1154 706//1154 722//1154
f  705//1155 722//1155 727//1155
f  727//1156 722//1156 723//1156
f  727//1157 723//1157 728//1157
f  728//1158 723//1158 724//1158
f  728//1159 724//1159 729//1159
f  729//1160 724//1160 725//1160
f  729//1161 725//1161 730//1161
f  730//1162 725//1162 726//1162
f  730//1163 726//1163 731//1163
f  392//1164 705//1164 732//1164
f  732//1165 705//1165 727//1165
f  732//1166 727//1166 733//1166
f  733//1167 727//1167 728//1167
f  733//1168 728//1168 734//1168
f  734//1169 728//1169 729//1169
f  734//1170 729//1170 735//1170
f  735//1171 729//1171 730//1171
f  735//1172 730//1172 736//1172
f  736//1173 730//1173 731//1173
f  736//1174 731//1174 737//1174
f  738//1175 714//1175 737//1175
f  737//1176 714//1176 713//1176
f  737//1177 713//1177 736//1177
f  736//1178 713//1178 711//1178
f  736//1179 711//1179 735//1179
f  735//1180 711//1180 710//1180
f  735//1181 710//1181 734//1181
f  734//1182 710//1182 708//1182
f  734//1183 708//1183 733//1183
f  733//1184 708//1184 704//1184
f  733//1185 704//1185 732//1185
f  732//1186 704//1186 393//1186
f  732//1187 393//1187 392//1187
f  739//1188 740//1188 741//1188
f  742//1189 662//1189 663//1189
f  740//1190 739//1190 576//1190
f  743//1191 688//1191 696//1191
f  680//1192 688//1192 744//1192
f  744//1193 688//1193 743//1193
f  744//1194 743//1194 745//1194
f  746//1195 747//1195 748//1195
f  748//1196 747//1196 749//1196
f  748//1197 749//1197 750//1197
f  750//1198 749//1198 751//1198
f  751//1199 749//1199 741//1199
f  751//1200 741//1200 752//1200
f  752//1201 741//1201 740//1201
f  752//1202 740//1202 753//1202
f  753//1203 740//1203 576//1203
f  753//1204 576//1204 575//1204
f  754//1205 745//1205 755//1205
f  755//1206 745//1206 743//1206
f  755//1207 743//1207 756//1207
f  756//1208 743//1208 696//1208
f  756//1209 696//1209 661//1209
f  757//1210 754//1210 758//1210
f  758//1211 754//1211 755//1211
f  758//1212 755//1212 759//1212
f  759//1213 755//1213 756//1213
f  759//1214 756//1214 760//1214
f  760//1215 756//1215 661//1215
f  760//1216 661//1216 404//1216
f  404//1217 661//1217 660//1217
f  404//1218 660//1218 403//1218
f  761//1219 762//1219 763//1219
f  763//1220 762//1220 764//1220
f  763//1221 764//1221 765//1221
f  577//1222 576//1222 766//1222
f  766//1223 576//1223 739//1223
f  766//1224 739//1224 767//1224
f  767//1225 739//1225 741//1225
f  767//1226 741//1226 768//1226
f  768//1227 741//1227 749//1227
f  768//1228 749//1228 769//1228
f  769//1229 749//1229 747//1229
f  742//1230 663//1230 770//1230
f  770//1231 663//1231 680//1231
f  770//1232 680//1232 771//1232
f  771//1233 680//1233 744//1233
f  771//1234 744//1234 772//1234
f  772//1235 744//1235 745//1235
f  772//1236 745//1236 765//1236
f  765//1237 745//1237 754//1237
f  765//1238 754//1238 763//1238
f  763//1239 754//1239 757//1239
f  763//1240 757//1240 761//1240
f  390//1241 761//1241 389//1241
f  389//1242 761//1242 757//1242
f  389//1243 757//1243 396//1243
f  396//1244 757//1244 758//1244
f  396//1245 758//1245 397//1245
f  397//1246 758//1246 759//1246
f  397//1247 759//1247 398//1247
f  398//1248 759//1248 760//1248
f  398//1249 760//1249 405//1249
f  405//1250 760//1250 404//1250
f  390//1251 574//1251 761//1251
f  761//1252 574//1252 577//1252
f  761//1253 577//1253 762//1253
f  762//1254 577//1254 766//1254
f  762//1255 766//1255 764//1255
f  764//1256 766//1256 767//1256
f  764//1257 767//1257 765//1257
f  765//1258 767//1258 768//1258
f  765//1259 768//1259 772//1259
f  772//1260 768//1260 769//1260
f  772//1261 769//1261 771//1261
f  771//1262 769//1262 747//1262
f  771//1263 747//1263 770//1263
f  770//1264 747//1264 746//1264
f  770//1265 746//1265 742//1265
f  429//1266 428//1266 773//1266
f  773//1267 428//1267 431//1267
f  773//1268 431//1268 437//1268
f  437//1269 426//1269 773//1269
f  773//1270 426//1270 425//1270
f  773//1271 425//1271 193//1271
f  774//1272 775//1272 776//1272
f  777//1273 566//1273 547//1273
f  544//1274 542//1274 778//1274
f  523//1275 456//1275 553//1275
f  553//1276 456//1276 508//1276
f  553//1277 508//1277 554//1277
f  554//1278 508//1278 509//1278
f  554//1279 509//1279 541//1279
f  541//1280 509//1280 510//1280
f  541//1281 510//1281 542//1281
f  544//1282 778//1282 545//1282
f  779//1283 547//1283 545//1283
f  777//1284 547//1284 780//1284
f  780//1285 547//1285 779//1285
f  780//1286 779//1286 781//1286
f  781//1287 779//1287 782//1287
f  782//1288 779//1288 783//1288
f  782//1289 783//1289 784//1289
f  785//1290 786//1290 787//1290
f  785//1291 787//1291 783//1291
f  783//1292 787//1292 788//1292
f  783//1293 788//1293 784//1293
f  789//1294 775//1294 790//1294
f  790//1295 775//1295 774//1295
f  790//1296 774//1296 791//1296
f  791//1297 774//1297 792//1297
f  791//1298 792//1298 793//1298
f  522//1299 429//1299 773//1299
f  520//1300 521//1300 794//1300
f  794//1301 521//1301 522//1301
f  794//1302 522//1302 795//1302
f  795//1303 522//1303 773//1303
f  794//1304 793//1304 520//1304
f  520//1305 793//1305 792//1305
f  520//1306 792//1306 519//1306
f  519//1307 792//1307 518//1307
f  518//1308 792//1308 517//1308
f  517//1309 792//1309 774//1309
f  517//1310 774//1310 516//1310
f  516//1311 774//1311 776//1311
f  516//1312 776//1312 515//1312
f  513//1313 514//1313 796//1313
f  515//1314 776//1314 514//1314
f  514//1315 776//1315 797//1315
f  514//1316 797//1316 796//1316
f  542//1317 510//1317 778//1317
f  778//1318 510//1318 511//1318
f  778//1319 511//1319 512//1319
f  798//1320 786//1320 789//1320
f  789//1321 786//1321 785//1321
f  789//1322 785//1322 775//1322
f  775//1323 785//1323 783//1323
f  775//1324 783//1324 776//1324
f  776//1325 783//1325 779//1325
f  776//1326 779//1326 797//1326
f  797//1327 779//1327 545//1327
f  797//1328 545//1328 796//1328
f  796//1329 545//1329 778//1329
f  796//1330 778//1330 513//1330
f  513//1331 778//1331 512//1331
f  248//1332 447//1332 523//1332
f  523//1333 447//1333 452//1333
f  523//1334 452//1334 455//1334
f  455//1335 454//1335 523//1335
f  523//1336 454//1336 457//1336
f  523//1337 457//1337 456//1337
f  799//1338 540//1338 524//1338
f  799//1339 524//1339 800//1339
f  800//1340 524//1340 548//1340
f  800//1341 548//1341 801//1341
f  801//1342 548//1342 549//1342
f  801//1343 549//1343 802//1343
f  559//1344 558//1344 803//1344
f  549//1345 556//1345 802//1345
f  802//1346 556//1346 555//1346
f  802//1347 555//1347 804//1347
f  804//1348 555//1348 559//1348
f  804//1349 559//1349 805//1349
f  805//1350 559//1350 803//1350
f  806//1351 807//1351 808//1351
f  806//1352 808//1352 809//1352
f  809//1353 808//1353 810//1353
f  809//1354 810//1354 811//1354
f  811//1355 810//1355 812//1355
f  811//1356 812//1356 813//1356
f  813//1357 812//1357 814//1357
f  813//1358 814//1358 815//1358
f  415//1359 416//1359 816//1359
f  815//1360 814//1360 816//1360
f  816//1361 814//1361 413//1361
f  816//1362 413//1362 415//1362
f  817//1363 818//1363 819//1363
f  820//1364 821//1364 822//1364
f  823//1365 738//1365 737//1365
f  824//1366 825//1366 826//1366
f  826//1367 825//1367 827//1367
f  826//1368 827//1368 828//1368
f  829//1369 830//1369 831//1369
f  831//1370 830//1370 832//1370
f  831//1371 832//1371 833//1371
f  833//1372 832//1372 834//1372
f  835//1373 836//1373 837//1373
f  837//1374 836//1374 822//1374
f  837//1375 822//1375 838//1375
f  838//1376 822//1376 839//1376
f  839//1377 822//1377 821//1377
f  839//1378 821//1378 840//1378
f  841//1379 720//1379 842//1379
f  842//1380 720//1380 637//1380
f  843//1381 726//1381 844//1381
f  844//1382 726//1382 721//1382
f  844//1383 721//1383 845//1383
f  845//1384 721//1384 720//1384
f  845//1385 720//1385 846//1385
f  846//1386 720//1386 841//1386
f  731//1387 826//1387 737//1387
f  737//1388 826//1388 828//1388
f  737//1389 828//1389 823//1389
f  834//1390 824//1390 833//1390
f  833//1391 824//1391 826//1391
f  833//1392 826//1392 843//1392
f  843//1393 826//1393 731//1393
f  843//1394 731//1394 726//1394
f  829//1395 831//1395 819//1395
f  819//1396 831//1396 847//1396
f  819//1397 847//1397 817//1397
f  848//1398 820//1398 849//1398
f  849//1399 820//1399 822//1399
f  849//1400 822//1400 850//1400
f  850//1401 822//1401 836//1401
f  850//1402 836//1402 851//1402
f  841//1403 852//1403 846//1403
f  846//1404 852//1404 840//1404
f  846//1405 840//1405 845//1405
f  845//1406 840//1406 821//1406
f  845//1407 821//1407 844//1407
f  844//1408 821//1408 820//1408
f  844//1409 820//1409 843//1409
f  843//1410 820//1410 848//1410
f  843//1411 848//1411 833//1411
f  833//1412 848//1412 849//1412
f  833//1413 849//1413 831//1413
f  831//1414 849//1414 850//1414
f  831//1415 850//1415 847//1415
f  847//1416 850//1416 851//1416
f  847//1417 851//1417 817//1417
f  853//1418 854//1418 855//1418
f  856//1419 857//1419 858//1419
f  859//1420 860//1420 861//1420
f  862//1421 863//1421 839//1421
f  864//1422 865//1422 636//1422
f  636//1423 865//1423 842//1423
f  636//1424 842//1424 637//1424
f  841//1425 853//1425 852//1425
f  852//1426 853//1426 862//1426
f  852//1427 862//1427 840//1427
f  840//1428 862//1428 839//1428
f  837//1429 838//1429 866//1429
f  866//1430 838//1430 867//1430
f  866//1431 867//1431 868//1431
f  837//1432 866//1432 835//1432
f  835//1433 866//1433 861//1433
f  835//1434 861//1434 869//1434
f  869//1435 861//1435 860//1435
f  869//1436 860//1436 870//1436
f  871//1437 872//1437 873//1437
f  873//1438 872//1438 874//1438
f  873//1439 874//1439 875//1439
f  875//1440 874//1440 876//1440
f  875//1441 876//1441 877//1441
f  877//1442 876//1442 878//1442
f  877//1443 878//1443 879//1443
f  879//1444 878//1444 880//1444
f  880//1445 878//1445 881//1445
f  880//1446 881//1446 882//1446
f  882//1447 881//1447 883//1447
f  882//1448 883//1448 884//1448
f  884//1449 883//1449 885//1449
f  884//1450 885//1450 886//1450
f  650//1451 884//1451 628//1451
f  628//1452 884//1452 886//1452
f  628//1453 886//1453 643//1453
f  643//1454 886//1454 644//1454
f  887//1455 647//1455 888//1455
f  888//1456 647//1456 646//1456
f  636//1457 642//1457 864//1457
f  864//1458 642//1458 641//1458
f  864//1459 641//1459 889//1459
f  890//1460 859//1460 891//1460
f  891//1461 859//1461 861//1461
f  891//1462 861//1462 892//1462
f  892//1463 861//1463 866//1463
f  892//1464 866//1464 858//1464
f  858//1465 866//1465 868//1465
f  858//1466 868//1466 856//1466
f  857//1467 856//1467 893//1467
f  893//1468 856//1468 889//1468
f  893//1469 889//1469 887//1469
f  887//1470 889//1470 641//1470
f  887//1471 641//1471 647//1471
f  853//1472 855//1472 862//1472
f  862//1473 855//1473 894//1473
f  862//1474 894//1474 863//1474
f  838//1475 839//1475 867//1475
f  867//1476 839//1476 863//1476
f  867//1477 863//1477 868//1477
f  868//1478 863//1478 894//1478
f  868//1479 894//1479 856//1479
f  856//1480 894//1480 855//1480
f  856//1481 855//1481 889//1481
f  889//1482 855//1482 854//1482
f  889//1483 854//1483 864//1483
f  864//1484 854//1484 853//1484
f  864//1485 853//1485 865//1485
f  865//1486 853//1486 841//1486
f  865//1487 841//1487 842//1487
f  872//1488 890//1488 874//1488
f  874//1489 890//1489 891//1489
f  874//1490 891//1490 876//1490
f  876//1491 891//1491 892//1491
f  876//1492 892//1492 878//1492
f  878//1493 892//1493 858//1493
f  878//1494 858//1494 881//1494
f  881//1495 858//1495 857//1495
f  881//1496 857//1496 883//1496
f  883//1497 857//1497 893//1497
f  883//1498 893//1498 885//1498
f  885//1499 893//1499 887//1499
f  885//1500 887//1500 886//1500
f  886//1501 887//1501 888//1501
f  886//1502 888//1502 644//1502
f  644//1503 888//1503 646//1503
f  895//1504 896//1504 897//1504
f  652//1505 658//1505 898//1505
f  875//1506 877//1506 899//1506
f  649//1507 653//1507 900//1507
f  650//1508 649//1508 884//1508
f  884//1509 649//1509 900//1509
f  884//1510 900//1510 901//1510
f  879//1511 880//1511 901//1511
f  901//1512 880//1512 882//1512
f  901//1513 882//1513 884//1513
f  875//1514 899//1514 873//1514
f  873//1515 899//1515 902//1515
f  873//1516 902//1516 871//1516
f  903//1517 904//1517 902//1517
f  903//1518 905//1518 904//1518
f  904//1519 905//1519 906//1519
f  904//1520 906//1520 907//1520
f  908//1521 909//1521 910//1521
f  655//1522 654//1522 911//1522
f  911//1523 654//1523 662//1523
f  912//1524 657//1524 655//1524
f  658//1525 657//1525 898//1525
f  898//1526 657//1526 912//1526
f  898//1527 912//1527 913//1527
f  655//1528 911//1528 912//1528
f  912//1529 911//1529 914//1529
f  912//1530 914//1530 913//1530
f  915//1531 914//1531 908//1531
f  908//1532 914//1532 911//1532
f  908//1533 911//1533 909//1533
f  909//1534 911//1534 662//1534
f  909//1535 662//1535 910//1535
f  915//1536 897//1536 914//1536
f  914//1537 897//1537 896//1537
f  914//1538 896//1538 913//1538
f  913//1539 896//1539 901//1539
f  913//1540 901//1540 898//1540
f  898//1541 901//1541 900//1541
f  898//1542 900//1542 652//1542
f  652//1543 900//1543 653//1543
f  910//1544 916//1544 908//1544
f  908//1545 916//1545 917//1545
f  908//1546 917//1546 915//1546
f  915//1547 917//1547 905//1547
f  915//1548 905//1548 897//1548
f  897//1549 905//1549 903//1549
f  897//1550 903//1550 895//1550
f  895//1551 903//1551 902//1551
f  895//1552 902//1552 896//1552
f  896//1553 902//1553 899//1553
f  896//1554 899//1554 901//1554
f  901//1555 899//1555 877//1555
f  901//1556 877//1556 879//1556
f  906//1557 905//1557 918//1557
f  919//1558 907//1558 906//1558
f  920//1559 921//1559 602//1559
f  906//1560 918//1560 919//1560
f  919//1561 918//1561 920//1561
f  919//1562 920//1562 922//1562
f  922//1563 920//1563 602//1563
f  922//1564 602//1564 604//1564
f  595//1565 596//1565 923//1565
f  923//1566 596//1566 598//1566
f  923//1567 598//1567 600//1567
f  593//1568 595//1568 924//1568
f  925//1569 591//1569 593//1569
f  586//1570 585//1570 926//1570
f  926//1571 585//1571 589//1571
f  926//1572 589//1572 588//1572
f  575//1573 586//1573 753//1573
f  753//1574 586//1574 926//1574
f  753//1575 926//1575 752//1575
f  752//1576 926//1576 927//1576
f  752//1577 927//1577 751//1577
f  928//1578 929//1578 748//1578
f  748//1579 929//1579 746//1579
f  910//1580 662//1580 742//1580
f  917//1581 916//1581 930//1581
f  595//1582 923//1582 924//1582
f  924//1583 923//1583 931//1583
f  924//1584 931//1584 593//1584
f  921//1585 920//1585 932//1585
f  932//1586 920//1586 918//1586
f  932//1587 918//1587 933//1587
f  933//1588 918//1588 905//1588
f  933//1589 905//1589 917//1589
f  917//1590 930//1590 933//1590
f  933//1591 930//1591 931//1591
f  933//1592 931//1592 932//1592
f  932//1593 931//1593 923//1593
f  932//1594 923//1594 921//1594
f  921//1595 923//1595 600//1595
f  921//1596 600//1596 602//1596
f  934//1597 929//1597 935//1597
f  935//1598 929//1598 928//1598
f  935//1599 928//1599 936//1599
f  750//1600 751//1600 937//1600
f  937//1601 751//1601 927//1601
f  937//1602 927//1602 938//1602
f  938//1603 927//1603 926//1603
f  938//1604 926//1604 925//1604
f  925//1605 926//1605 588//1605
f  925//1606 588//1606 591//1606
f  748//1607 750//1607 928//1607
f  928//1608 750//1608 937//1608
f  928//1609 937//1609 936//1609
f  936//1610 937//1610 938//1610
f  936//1611 938//1611 939//1611
f  939//1612 938//1612 925//1612
f  939//1613 925//1613 940//1613
f  940//1614 925//1614 593//1614
f  940//1615 593//1615 939//1615
f  939//1616 593//1616 931//1616
f  939//1617 931//1617 936//1617
f  936//1618 931//1618 930//1618
f  936//1619 930//1619 935//1619
f  935//1620 930//1620 916//1620
f  935//1621 916//1621 934//1621
f  934//1622 916//1622 910//1622
f  934//1623 910//1623 929//1623
f  929//1624 910//1624 742//1624
f  929//1625 742//1625 746//1625
f  941//1626 818//1626 817//1626
f  942//1627 943//1627 944//1627
f  942//1628 944//1628 945//1628
f  945//1629 944//1629 946//1629
f  945//1630 946//1630 947//1630
f  946//1631 948//1631 947//1631
f  947//1632 948//1632 869//1632
f  947//1633 869//1633 870//1633
f  943//1634 941//1634 944//1634
f  944//1635 941//1635 817//1635
f  944//1636 817//1636 946//1636
f  946//1637 817//1637 851//1637
f  946//1638 851//1638 948//1638
f  948//1639 851//1639 836//1639
f  948//1640 836//1640 869//1640
f  869//1641 836//1641 835//1641
f  949//1642 950//1642 951//1642
f  952//1643 603//1643 953//1643
f  953//1644 603//1644 954//1644
f  955//1645 956//1645 957//1645
f  957//1646 956//1646 958//1646
f  957//1647 958//1647 959//1647
f  599//1648 597//1648 960//1648
f  960//1649 597//1649 961//1649
f  962//1650 963//1650 964//1650
f  955//1651 965//1651 956//1651
f  956//1652 965//1652 966//1652
f  956//1653 966//1653 951//1653
f  951//1654 966//1654 967//1654
f  951//1655 967//1655 949//1655
f  805//1656 803//1656 968//1656
f  968//1657 803//1657 969//1657
f  968//1658 969//1658 958//1658
f  958//1659 969//1659 970//1659
f  958//1660 970//1660 959//1660
f  603//1661 605//1661 954//1661
f  954//1662 605//1662 606//1662
f  954//1663 606//1663 960//1663
f  960//1664 606//1664 601//1664
f  960//1665 601//1665 599//1665
f  952//1666 953//1666 971//1666
f  971//1667 953//1667 972//1667
f  971//1668 972//1668 973//1668
f  973//1669 972//1669 974//1669
f  974//1670 972//1670 975//1670
f  974//1671 975//1671 976//1671
f  977//1672 801//1672 802//1672
f  597//1673 607//1673 961//1673
f  961//1674 607//1674 608//1674
f  961//1675 608//1675 978//1675
f  979//1676 980//1676 981//1676
f  950//1677 982//1677 951//1677
f  951//1678 982//1678 983//1678
f  951//1679 983//1679 979//1679
f  979//1680 983//1680 984//1680
f  979//1681 984//1681 980//1681
f  977//1682 802//1682 968//1682
f  968//1683 802//1683 804//1683
f  968//1684 804//1684 805//1684
f  985//1685 986//1685 987//1685
f  987//1686 986//1686 988//1686
f  987//1687 988//1687 975//1687
f  975//1688 988//1688 989//1688
f  975//1689 989//1689 976//1689
f  981//1690 990//1690 979//1690
f  979//1691 990//1691 991//1691
f  979//1692 991//1692 992//1692
f  992//1693 991//1693 993//1693
f  801//1694 977//1694 800//1694
f  800//1695 977//1695 994//1695
f  800//1696 994//1696 799//1696
f  608//1697 627//1697 978//1697
f  978//1698 627//1698 579//1698
f  978//1699 579//1699 995//1699
f  995//1700 579//1700 581//1700
f  995//1701 581//1701 609//1701
f  609//1702 611//1702 995//1702
f  995//1703 611//1703 613//1703
f  995//1704 613//1704 996//1704
f  985//1705 987//1705 997//1705
f  997//1706 987//1706 998//1706
f  997//1707 998//1707 999//1707
f  993//1708 1000//1708 992//1708
f  992//1709 1000//1709 1001//1709
f  992//1710 1001//1710 964//1710
f  964//1711 1001//1711 1002//1711
f  964//1712 1002//1712 962//1712
f  1003//1713 535//1713 994//1713
f  994//1714 535//1714 540//1714
f  994//1715 540//1715 799//1715
f  538//1716 537//1716 1003//1716
f  1003//1717 537//1717 536//1717
f  1003//1718 536//1718 535//1718
f  1004//1719 1005//1719 1006//1719
f  1006//1720 1005//1720 964//1720
f  1006//1721 964//1721 1007//1721
f  1007//1722 964//1722 963//1722
f  613//1723 616//1723 996//1723
f  996//1724 616//1724 621//1724
f  996//1725 621//1725 1008//1725
f  999//1726 998//1726 1009//1726
f  1009//1727 998//1727 1010//1727
f  1009//1728 1010//1728 1011//1728
f  1012//1729 1013//1729 1010//1729
f  1010//1730 1013//1730 1014//1730
f  1010//1731 1014//1731 1011//1731
f  1015//1732 1016//1732 1017//1732
f  1017//1733 1016//1733 1018//1733
f  538//1734 1003//1734 539//1734
f  539//1735 1003//1735 1019//1735
f  539//1736 1019//1736 531//1736
f  534//1737 533//1737 1019//1737
f  1019//1738 533//1738 532//1738
f  1019//1739 532//1739 531//1739
f  1020//1740 1021//1740 1022//1740
f  1022//1741 1021//1741 1005//1741
f  1022//1742 1005//1742 1023//1742
f  1023//1743 1005//1743 1004//1743
f  534//1744 1019//1744 623//1744
f  623//1745 1019//1745 1024//1745
f  623//1746 1024//1746 625//1746
f  621//1747 620//1747 1008//1747
f  1008//1748 620//1748 618//1748
f  1008//1749 618//1749 1024//1749
f  1024//1750 618//1750 626//1750
f  1024//1751 626//1751 625//1751
f  1018//1752 1025//1752 1017//1752
f  1017//1753 1025//1753 1026//1753
f  1017//1754 1026//1754 1012//1754
f  1012//1755 1026//1755 1027//1755
f  1012//1756 1027//1756 1013//1756
f  1020//1757 1028//1757 1021//1757
f  1021//1758 1028//1758 1029//1758
f  1021//1759 1029//1759 1017//1759
f  1017//1760 1029//1760 1030//1760
f  1017//1761 1030//1761 1015//1761
f  1031//1762 1032//1762 20//1762
f  1033//1763 1//1763 418//1763
f  418//1764 1//1764 4//1764
f  1033//1765 1034//1765 1//1765
f  1//1766 1034//1766 1035//1766
f  1//1767 1035//1767 56//1767
f  1036//1768 1037//1768 16//1768
f  16//1769 1037//1769 1038//1769
f  16//1770 1038//1770 1039//1770
f  1040//1771 22//1771 1041//1771
f  1041//1772 22//1772 24//1772
f  1041//1773 24//1773 1042//1773
f  1043//1774 1044//1774 26//1774
f  1036//1775 16//1775 1045//1775
f  1045//1776 16//1776 18//1776
f  1045//1777 18//1777 1046//1777
f  1047//1778 46//1778 1048//1778
f  1048//1779 46//1779 48//1779
f  1048//1780 48//1780 1049//1780
f  50//1781 1050//1781 48//1781
f  48//1782 1050//1782 1051//1782
f  48//1783 1051//1783 1049//1783
f  1052//1784 1053//1784 52//1784
f  52//1785 1053//1785 1054//1785
f  52//1786 1054//1786 50//1786
f  50//1787 1054//1787 1055//1787
f  50//1788 1055//1788 1050//1788
f  1052//1789 52//1789 1056//1789
f  1056//1790 52//1790 54//1790
f  1056//1791 54//1791 1057//1791
f  410//1792 409//1792 4//1792
f  4//1793 409//1793 419//1793
f  4//1794 419//1794 418//1794
f  816//1795 416//1795 8//1795
f  1039//1796 1058//1796 16//1796
f  16//1797 1058//1797 1059//1797
f  16//1798 1059//1798 14//1798
f  14//1799 1059//1799 1060//1799
f  14//1800 1060//1800 1061//1800
f  1032//1801 1062//1801 20//1801
f  20//1802 1062//1802 1063//1802
f  20//1803 1063//1803 18//1803
f  18//1804 1063//1804 1064//1804
f  18//1805 1064//1805 1046//1805
f  1044//1806 1065//1806 26//1806
f  26//1807 1065//1807 1066//1807
f  26//1808 1066//1808 24//1808
f  24//1809 1066//1809 1067//1809
f  24//1810 1067//1810 1042//1810
f  1068//1811 28//1811 1069//1811
f  1069//1812 28//1812 30//1812
f  1047//1813 1070//1813 46//1813
f  46//1814 1070//1814 1071//1814
f  46//1815 1071//1815 44//1815
f  1035//1816 1072//1816 56//1816
f  56//1817 1072//1817 1073//1817
f  56//1818 1073//1818 54//1818
f  54//1819 1073//1819 1074//1819
f  54//1820 1074//1820 1057//1820
f  807//1821 12//1821 1075//1821
f  1075//1822 12//1822 14//1822
f  1075//1823 14//1823 1076//1823
f  1076//1824 14//1824 1061//1824
f  1040//1825 1077//1825 22//1825
f  22//1826 1077//1826 1078//1826
f  22//1827 1078//1827 20//1827
f  20//1828 1078//1828 1079//1828
f  20//1829 1079//1829 1031//1829
f  807//1830 806//1830 12//1830
f  12//1831 806//1831 809//1831
f  12//1832 809//1832 10//1832
f  1080//1833 1081//1833 30//1833
f  30//1834 1081//1834 1082//1834
f  30//1835 1082//1835 1069//1835
f  410//1836 4//1836 421//1836
f  421//1837 4//1837 6//1837
f  421//1838 6//1838 423//1838
f  1068//1839 1083//1839 28//1839
f  28//1840 1083//1840 1084//1840
f  28//1841 1084//1841 26//1841
f  26//1842 1084//1842 1085//1842
f  26//1843 1085//1843 1043//1843
f  1071//1844 1086//1844 44//1844
f  44//1845 1086//1845 1087//1845
f  44//1846 1087//1846 42//1846
f  42//1847 1087//1847 1088//1847
f  42//1848 1088//1848 1089//1848
f  416//1849 414//1849 8//1849
f  8//1850 414//1850 412//1850
f  8//1851 412//1851 6//1851
f  6//1852 412//1852 424//1852
f  6//1853 424//1853 423//1853
f  809//1854 811//1854 10//1854
f  10//1855 811//1855 813//1855
f  10//1856 813//1856 8//1856
f  8//1857 813//1857 815//1857
f  8//1858 815//1858 816//1858
f  32//1859 34//1859 1090//1859
f  1089//1860 1091//1860 42//1860
f  42//1861 1091//1861 1092//1861
f  42//1862 1092//1862 40//1862
f  40//1863 1092//1863 1093//1863
f  40//1864 1093//1864 1094//1864
f  1095//1865 1096//1865 36//1865
f  36//1866 1096//1866 1097//1866
f  36//1867 1097//1867 34//1867
f  34//1868 1097//1868 1098//1868
f  34//1869 1098//1869 1090//1869
f  1095//1870 36//1870 1099//1870
f  1099//1871 36//1871 38//1871
f  1099//1872 38//1872 1100//1872
f  1094//1873 1101//1873 40//1873
f  40//1874 1101//1874 1102//1874
f  40//1875 1102//1875 38//1875
f  38//1876 1102//1876 1103//1876
f  38//1877 1103//1877 1100//1877
f  1090//1878 1104//1878 32//1878
f  32//1879 1104//1879 1105//1879
f  32//1880 1105//1880 30//1880
f  30//1881 1105//1881 1106//1881
f  30//1882 1106//1882 1080//1882
f  1107//1883 1108//1883 1109//1883
f  1110//1884 1111//1884 1112//1884
f  1075//1885 1113//1885 807//1885
f  1069//1886 1082//1886 1114//1886
f  1105//1887 1115//1887 1106//1887
f  1106//1888 1115//1888 1116//1888
f  1106//1889 1116//1889 1080//1889
f  1114//1890 1082//1890 1116//1890
f  1116//1891 1082//1891 1081//1891
f  1116//1892 1081//1892 1080//1892
f  1069//1893 1114//1893 1068//1893
f  1068//1894 1114//1894 1117//1894
f  1068//1895 1117//1895 1083//1895
f  1083//1896 1117//1896 1084//1896
f  1084//1897 1117//1897 1118//1897
f  1084//1898 1118//1898 1085//1898
f  1109//1899 1065//1899 1044//1899
f  1109//1900 1044//1900 1118//1900
f  1118//1901 1044//1901 1043//1901
f  1118//1902 1043//1902 1085//1902
f  1119//1903 1042//1903 1120//1903
f  1120//1904 1042//1904 1067//1904
f  1120//1905 1067//1905 1109//1905
f  1109//1906 1067//1906 1066//1906
f  1109//1907 1066//1907 1065//1907
f  1121//1908 1040//1908 1119//1908
f  1119//1909 1040//1909 1041//1909
f  1119//1910 1041//1910 1042//1910
f  1079//1911 1078//1911 1121//1911
f  1121//1912 1078//1912 1077//1912
f  1121//1913 1077//1913 1040//1913
f  1122//1914 1123//1914 1062//1914
f  1062//1915 1032//1915 1122//1915
f  1122//1916 1032//1916 1031//1916
f  1122//1917 1031//1917 1079//1917
f  1124//1918 1064//1918 1123//1918
f  1123//1919 1064//1919 1063//1919
f  1123//1920 1063//1920 1062//1920
f  1037//1921 1036//1921 1112//1921
f  1112//1922 1036//1922 1045//1922
f  1112//1923 1045//1923 1124//1923
f  1124//1924 1045//1924 1046//1924
f  1124//1925 1046//1925 1064//1925
f  1037//1926 1112//1926 1038//1926
f  1038//1927 1112//1927 1125//1927
f  1038//1928 1125//1928 1039//1928
f  1126//1929 1059//1929 1125//1929
f  1125//1930 1059//1930 1058//1930
f  1125//1931 1058//1931 1039//1931
f  1113//1932 1075//1932 1127//1932
f  1075//1933 1076//1933 1127//1933
f  1127//1934 1076//1934 1061//1934
f  1127//1935 1061//1935 1126//1935
f  1126//1936 1061//1936 1060//1936
f  1126//1937 1060//1937 1059//1937
f  1128//1938 1129//1938 1127//1938
f  1127//1939 1129//1939 1130//1939
f  1127//1940 1130//1940 1113//1940
f  1113//1941 1130//1941 808//1941
f  1113//1942 808//1942 807//1942
f  1128//1943 1127//1943 1131//1943
f  1131//1944 1127//1944 1126//1944
f  1131//1945 1126//1945 1132//1945
f  1132//1946 1126//1946 1125//1946
f  1132//1947 1125//1947 1133//1947
f  1112//1948 1111//1948 1125//1948
f  1125//1949 1111//1949 1134//1949
f  1125//1950 1134//1950 1133//1950
f  1110//1951 1112//1951 1135//1951
f  1135//1952 1112//1952 1124//1952
f  1135//1953 1124//1953 1136//1953
f  1136//1954 1124//1954 1137//1954
f  1137//1955 1124//1955 1123//1955
f  1137//1956 1123//1956 1138//1956
f  1122//1957 1139//1957 1140//1957
f  1122//1958 1140//1958 1123//1958
f  1123//1959 1140//1959 1141//1959
f  1123//1960 1141//1960 1138//1960
f  1079//1961 1121//1961 1122//1961
f  1122//1962 1121//1962 1142//1962
f  1122//1963 1142//1963 1139//1963
f  1143//1964 1144//1964 1121//1964
f  1121//1965 1144//1965 1145//1965
f  1121//1966 1145//1966 1142//1966
f  1143//1967 1121//1967 1146//1967
f  1146//1968 1121//1968 1119//1968
f  1146//1969 1119//1969 1147//1969
f  1147//1970 1119//1970 1120//1970
f  1147//1971 1120//1971 1148//1971
f  1109//1972 1108//1972 1120//1972
f  1120//1973 1108//1973 1149//1973
f  1120//1974 1149//1974 1148//1974
f  1107//1975 1109//1975 1150//1975
f  1150//1976 1109//1976 1118//1976
f  1150//1977 1118//1977 1151//1977
f  1152//1978 1153//1978 1117//1978
f  1117//1979 1153//1979 1154//1979
f  1117//1980 1154//1980 1118//1980
f  1118//1981 1154//1981 1155//1981
f  1118//1982 1155//1982 1151//1982
f  1152//1983 1117//1983 1156//1983
f  1156//1984 1117//1984 1114//1984
f  1156//1985 1114//1985 1157//1985
f  1157//1986 1114//1986 1116//1986
f  1157//1987 1116//1987 1158//1987
f  1105//1988 1159//1988 1115//1988
f  1115//1989 1159//1989 1160//1989
f  1115//1990 1160//1990 1116//1990
f  1116//1991 1160//1991 1161//1991
f  1116//1992 1161//1992 1158//1992
f  564//1993 565//1993 1162//1993
f  1163//1994 1164//1994 1165//1994
f  1166//1995 1163//1995 1167//1995
f  1163//1996 1165//1996 1167//1996
f  1167//1997 1165//1997 1168//1997
f  1167//1998 1168//1998 1169//1998
f  1170//1999 1171//1999 1172//1999
f  1172//2000 1171//2000 1173//2000
f  1172//2001 1173//2001 1174//2001
f  1168//2002 1175//2002 1169//2002
f  1169//2003 1175//2003 1176//2003
f  1169//2004 1176//2004 1177//2004
f  1178//2005 1179//2005 1170//2005
f  1170//2006 1179//2006 1180//2006
f  1170//2007 1180//2007 1171//2007
f  1176//2008 1181//2008 1177//2008
f  1177//2009 1181//2009 1182//2009
f  1177//2010 1182//2010 1183//2010
f  1184//2011 1185//2011 1178//2011
f  1178//2012 1185//2012 1186//2012
f  1178//2013 1186//2013 1179//2013
f  1182//2014 1187//2014 1183//2014
f  1183//2015 1187//2015 1188//2015
f  1183//2016 1188//2016 1189//2016
f  1190//2017 1191//2017 1184//2017
f  1184//2018 1191//2018 1192//2018
f  1184//2019 1192//2019 1185//2019
f  1188//2020 1193//2020 1189//2020
f  1189//2021 1193//2021 1194//2021
f  1189//2022 1194//2022 1195//2022
f  1196//2023 1197//2023 1190//2023
f  1190//2024 1197//2024 1198//2024
f  1190//2025 1198//2025 1191//2025
f  1194//2026 1199//2026 1195//2026
f  1195//2027 1199//2027 1200//2027
f  1195//2028 1200//2028 1201//2028
f  1202//2029 1203//2029 1196//2029
f  1196//2030 1203//2030 1204//2030
f  1196//2031 1204//2031 1197//2031
f  1200//2032 1205//2032 1201//2032
f  1201//2033 1205//2033 1206//2033
f  1201//2034 1206//2034 1207//2034
f  1208//2035 1209//2035 1202//2035
f  1202//2036 1209//2036 1210//2036
f  1202//2037 1210//2037 1203//2037
f  1206//2038 1211//2038 1207//2038
f  1207//2039 1211//2039 1212//2039
f  1207//2040 1212//2040 1213//2040
f  1214//2041 1215//2041 1208//2041
f  1208//2042 1215//2042 1216//2042
f  1208//2043 1216//2043 1209//2043
f  1217//2044 1218//2044 1214//2044
f  1214//2045 1218//2045 1219//2045
f  1214//2046 1219//2046 1215//2046
f  1220//2047 1221//2047 1222//2047
f  1222//2048 1221//2048 1223//2048
f  1222//2049 1223//2049 1217//2049
f  1217//2050 1223//2050 1224//2050
f  1217//2051 1224//2051 1218//2051
f  1220//2052 1222//2052 1225//2052
f  1225//2053 1222//2053 1226//2053
f  1225//2054 1226//2054 1227//2054
f  1212//2055 1228//2055 1213//2055
f  1213//2056 1228//2056 1229//2056
f  1213//2057 1229//2057 1230//2057
f  1230//2058 1229//2058 1231//2058
f  1230//2059 1231//2059 1232//2059
f  1232//2060 1231//2060 1233//2060
f  1232//2061 1233//2061 1234//2061
f  1234//2062 1233//2062 1235//2062
f  1234//2063 1235//2063 1236//2063
f  1236//2064 1235//2064 1237//2064
f  1236//2065 1237//2065 1238//2065
f  1238//2066 1237//2066 1239//2066
f  1238//2067 1239//2067 1240//2067
f  1240//2068 1239//2068 558//2068
f  558//2069 563//2069 1240//2069
f  1240//2070 563//2070 1241//2070
f  1240//2071 1241//2071 1238//2071
f  1238//2072 1241//2072 1242//2072
f  1238//2073 1242//2073 1236//2073
f  1236//2074 1242//2074 1243//2074
f  1236//2075 1243//2075 1234//2075
f  1234//2076 1243//2076 1244//2076
f  1234//2077 1244//2077 1232//2077
f  1232//2078 1244//2078 1245//2078
f  1232//2079 1245//2079 1230//2079
f  1230//2080 1245//2080 1246//2080
f  1230//2081 1246//2081 1213//2081
f  1213//2082 1246//2082 1247//2082
f  1213//2083 1247//2083 1207//2083
f  1207//2084 1247//2084 1248//2084
f  1207//2085 1248//2085 1201//2085
f  1201//2086 1248//2086 1249//2086
f  1201//2087 1249//2087 1195//2087
f  1195//2088 1249//2088 1250//2088
f  1195//2089 1250//2089 1189//2089
f  1189//2090 1250//2090 1251//2090
f  1189//2091 1251//2091 1183//2091
f  1183//2092 1251//2092 1252//2092
f  1183//2093 1252//2093 1177//2093
f  1177//2094 1252//2094 1253//2094
f  1177//2095 1253//2095 1169//2095
f  1169//2096 1253//2096 1254//2096
f  1169//2097 1254//2097 1167//2097
f  1167//2098 1254//2098 1255//2098
f  1167//2099 1255//2099 1166//2099
f  1166//2100 1255//2100 1256//2100
f  563//2101 564//2101 1241//2101
f  1241//2102 564//2102 1162//2102
f  1241//2103 1162//2103 1242//2103
f  1242//2104 1162//2104 1257//2104
f  1242//2105 1257//2105 1243//2105
f  1243//2106 1257//2106 1258//2106
f  1243//2107 1258//2107 1244//2107
f  1244//2108 1258//2108 1226//2108
f  1244//2109 1226//2109 1245//2109
f  1245//2110 1226//2110 1222//2110
f  1245//2111 1222//2111 1246//2111
f  1246//2112 1222//2112 1217//2112
f  1246//2113 1217//2113 1247//2113
f  1247//2114 1217//2114 1214//2114
f  1247//2115 1214//2115 1248//2115
f  1248//2116 1214//2116 1208//2116
f  1248//2117 1208//2117 1249//2117
f  1249//2118 1208//2118 1202//2118
f  1249//2119 1202//2119 1250//2119
f  1250//2120 1202//2120 1196//2120
f  1250//2121 1196//2121 1251//2121
f  1251//2122 1196//2122 1190//2122
f  1251//2123 1190//2123 1252//2123
f  1252//2124 1190//2124 1184//2124
f  1252//2125 1184//2125 1253//2125
f  1253//2126 1184//2126 1178//2126
f  1253//2127 1178//2127 1254//2127
f  1254//2128 1178//2128 1170//2128
f  1254//2129 1170//2129 1255//2129
f  1255//2130 1170//2130 1172//2130
f  1255//2131 1172//2131 1256//2131
f  1256//2132 1172//2132 1174//2132
f  1227//2133 1226//2133 1259//2133
f  1259//2134 1226//2134 1258//2134
f  1259//2135 1258//2135 1260//2135
f  1260//2136 1258//2136 1257//2136
f  1260//2137 1257//2137 1261//2137
f  1261//2138 1257//2138 1162//2138
f  1261//2139 1162//2139 1262//2139
f  1262//2140 1162//2140 565//2140
f  1262//2141 565//2141 566//2141
f  907//2142 919//2142 1263//2142
f  1264//2143 1265//2143 1266//2143
f  1266//2144 1265//2144 1267//2144
f  1266//2145 1267//2145 1268//2145
f  1264//2146 1266//2146 1269//2146
f  1269//2147 1266//2147 1270//2147
f  1269//2148 1270//2148 1271//2148
f  1272//2149 1273//2149 1274//2149
f  1274//2150 1273//2150 1275//2150
f  1274//2151 1275//2151 1270//2151
f  1270//2152 1275//2152 1276//2152
f  1270//2153 1276//2153 1271//2153
f  1272//2154 1274//2154 1277//2154
f  1277//2155 1274//2155 1278//2155
f  1277//2156 1278//2156 1279//2156
f  1280//2157 1281//2157 1278//2157
f  1278//2158 1281//2158 1282//2158
f  1278//2159 1282//2159 1279//2159
f  1283//2160 1284//2160 1280//2160
f  1280//2161 1284//2161 1285//2161
f  1280//2162 1285//2162 1281//2162
f  1286//2163 1287//2163 1288//2163
f  1287//2164 1286//2164 1289//2164
f  1289//2165 1286//2165 1290//2165
f  1289//2166 1290//2166 1291//2166
f  1291//2167 1290//2167 1292//2167
f  1292//2168 1290//2168 1293//2168
f  1292//2169 1293//2169 1294//2169
f  1295//2170 1296//2170 1297//2170
f  1295//2171 1297//2171 1293//2171
f  1293//2172 1297//2172 1298//2172
f  1293//2173 1298//2173 1294//2173
f  1299//2174 1300//2174 1295//2174
f  1295//2175 1300//2175 1301//2175
f  1295//2176 1301//2176 1296//2176
f  1302//2177 1303//2177 1299//2177
f  1299//2178 1303//2178 1304//2178
f  1299//2179 1304//2179 1300//2179
f  1305//2180 1306//2180 1302//2180
f  1302//2181 1306//2181 1307//2181
f  1302//2182 1307//2182 1303//2182
f  1308//2183 1309//2183 1310//2183
f  1310//2184 1309//2184 1311//2184
f  1310//2185 1311//2185 1305//2185
f  1305//2186 1311//2186 1312//2186
f  1305//2187 1312//2187 1306//2187
f  1308//2188 1310//2188 1313//2188
f  1313//2189 1310//2189 1314//2189
f  1313//2190 1314//2190 604//2190
f  1174//2191 1283//2191 1315//2191
f  1315//2192 1283//2192 1280//2192
f  1315//2193 1280//2193 1166//2193
f  1267//2194 1316//2194 1268//2194
f  1268//2195 1316//2195 1317//2195
f  1268//2196 1317//2196 1318//2196
f  1318//2197 1317//2197 1319//2197
f  1318//2198 1319//2198 1320//2198
f  1320//2199 1321//2199 1318//2199
f  1318//2200 1321//2200 1322//2200
f  1318//2201 1322//2201 1323//2201
f  1322//2202 1324//2202 1323//2202
f  1323//2203 1324//2203 1325//2203
f  1323//2204 1325//2204 1263//2204
f  1263//2205 1325//2205 1326//2205
f  1263//2206 1326//2206 907//2206
f  1163//2207 1166//2207 1327//2207
f  1327//2208 1166//2208 1280//2208
f  1327//2209 1280//2209 1328//2209
f  1328//2210 1280//2210 1278//2210
f  1328//2211 1278//2211 1329//2211
f  1329//2212 1278//2212 1274//2212
f  1329//2213 1274//2213 1330//2213
f  1330//2214 1274//2214 1270//2214
f  1330//2215 1270//2215 1331//2215
f  1331//2216 1270//2216 1266//2216
f  1331//2217 1266//2217 1332//2217
f  1332//2218 1266//2218 1268//2218
f  1332//2219 1268//2219 1333//2219
f  1333//2220 1268//2220 1318//2220
f  1333//2221 1318//2221 1334//2221
f  1334//2222 1318//2222 1323//2222
f  1334//2223 1323//2223 1335//2223
f  1335//2224 1323//2224 1263//2224
f  1335//2225 1263//2225 922//2225
f  922//2226 1263//2226 919//2226
f  922//2227 604//2227 1335//2227
f  1335//2228 604//2228 1314//2228
f  1335//2229 1314//2229 1334//2229
f  1334//2230 1314//2230 1310//2230
f  1334//2231 1310//2231 1333//2231
f  1333//2232 1310//2232 1305//2232
f  1333//2233 1305//2233 1332//2233
f  1332//2234 1305//2234 1302//2234
f  1332//2235 1302//2235 1331//2235
f  1331//2236 1302//2236 1299//2236
f  1331//2237 1299//2237 1330//2237
f  1330//2238 1299//2238 1295//2238
f  1330//2239 1295//2239 1329//2239
f  1329//2240 1295//2240 1293//2240
f  1329//2241 1293//2241 1328//2241
f  1328//2242 1293//2242 1290//2242
f  1328//2243 1290//2243 1327//2243
f  1327//2244 1290//2244 1286//2244
f  1327//2245 1286//2245 1163//2245
f  1163//2246 1286//2246 1288//2246
f  1163//2247 1288//2247 1164//2247
f  1336//2248 1337//2248 1338//2248
f  1338//2249 1337//2249 1339//2249
f  1337//2250 1340//2250 1339//2250
f  1339//2251 1340//2251 1341//2251
f  1339//2252 1341//2252 1342//2252
f  1342//2253 1341//2253 1343//2253
f  1344//2254 1345//2254 1346//2254
f  1346//2255 1345//2255 1347//2255
f  1346//2256 1347//2256 1348//2256
f  1348//2257 1347//2257 1349//2257
f  1348//2258 1349//2258 1350//2258
f  1350//2259 1349//2259 1342//2259
f  1350//2260 1342//2260 1351//2260
f  1351//2261 1342//2261 1343//2261
f  1220//2262 1225//2262 1352//2262
f  1352//2263 1225//2263 1345//2263
f  1352//2264 1345//2264 1353//2264
f  1353//2265 1345//2265 1344//2265
f  1354//2266 1355//2266 1356//2266
f  1216//2267 1215//2267 1357//2267
f  1358//2268 1359//2268 1360//2268
f  1361//2269 1362//2269 1363//2269
f  1361//2270 1363//2270 1364//2270
f  1364//2271 1363//2271 1365//2271
f  1364//2272 1365//2272 1366//2272
f  1362//2273 1361//2273 1367//2273
f  1367//2274 1361//2274 1368//2274
f  1367//2275 1368//2275 1369//2275
f  1360//2276 1359//2276 1368//2276
f  1368//2277 1359//2277 1370//2277
f  1368//2278 1370//2278 1369//2278
f  1358//2279 1360//2279 1371//2279
f  1371//2280 1360//2280 1372//2280
f  1371//2281 1372//2281 1373//2281
f  1374//2282 1375//2282 1376//2282
f  1376//2283 1375//2283 1377//2283
f  1376//2284 1377//2284 1378//2284
f  1374//2285 1379//2285 1375//2285
f  1375//2286 1379//2286 1380//2286
f  1375//2287 1380//2287 1372//2287
f  1372//2288 1380//2288 1381//2288
f  1372//2289 1381//2289 1373//2289
f  1378//2290 1377//2290 1382//2290
f  1382//2291 1377//2291 1383//2291
f  1382//2292 1383//2292 1384//2292
f  1385//2293 1386//2293 1387//2293
f  1387//2294 1386//2294 1388//2294
f  1387//2295 1388//2295 1383//2295
f  1383//2296 1388//2296 1389//2296
f  1383//2297 1389//2297 1384//2297
f  1385//2298 1387//2298 1390//2298
f  1390//2299 1387//2299 1391//2299
f  1390//2300 1391//2300 1392//2300
f  1392//2301 1391//2301 1393//2301
f  1393//2302 1391//2302 1394//2302
f  1393//2303 1394//2303 1395//2303
f  1340//2304 1337//2304 1396//2304
f  1396//2305 1337//2305 1336//2305
f  1336//2306 1397//2306 1396//2306
f  1396//2307 1397//2307 1398//2307
f  1396//2308 1398//2308 1394//2308
f  1394//2309 1398//2309 1399//2309
f  1394//2310 1399//2310 1395//2310
f  1351//2311 1343//2311 1400//2311
f  1400//2312 1343//2312 1341//2312
f  1346//2313 1348//2313 1401//2313
f  1401//2314 1348//2314 1350//2314
f  1402//2315 1353//2315 1344//2315
f  1402//2316 1223//2316 1353//2316
f  1353//2317 1223//2317 1221//2317
f  1353//2318 1221//2318 1352//2318
f  1352//2319 1221//2319 1220//2319
f  1357//2320 1215//2320 1403//2320
f  1215//2321 1219//2321 1403//2321
f  1403//2322 1219//2322 1218//2322
f  1403//2323 1218//2323 1402//2323
f  1402//2324 1218//2324 1224//2324
f  1402//2325 1224//2325 1223//2325
f  1216//2326 1357//2326 1209//2326
f  1209//2327 1357//2327 1404//2327
f  1209//2328 1404//2328 1210//2328
f  1210//2329 1404//2329 1405//2329
f  1210//2330 1405//2330 1203//2330
f  1203//2331 1405//2331 1204//2331
f  1204//2332 1405//2332 1406//2332
f  1204//2333 1406//2333 1197//2333
f  1197//2334 1406//2334 1198//2334
f  1198//2335 1406//2335 1407//2335
f  1198//2336 1407//2336 1191//2336
f  1191//2337 1407//2337 1192//2337
f  1192//2338 1407//2338 1408//2338
f  1192//2339 1408//2339 1185//2339
f  1185//2340 1408//2340 1186//2340
f  1186//2341 1408//2341 1409//2341
f  1186//2342 1409//2342 1179//2342
f  1179//2343 1409//2343 1180//2343
f  1180//2344 1409//2344 1410//2344
f  1180//2345 1410//2345 1171//2345
f  1171//2346 1410//2346 1356//2346
f  1171//2347 1356//2347 1173//2347
f  1173//2348 1356//2348 1355//2348
f  1173//2349 1355//2349 1174//2349
f  1411//2350 1412//2350 1413//2350
f  1413//2351 1412//2351 1354//2351
f  1364//2352 1414//2352 1415//2352
f  1415//2353 1414//2353 1416//2353
f  1415//2354 1416//2354 1411//2354
f  1364//2355 1415//2355 1361//2355
f  1361//2356 1415//2356 1417//2356
f  1361//2357 1417//2357 1368//2357
f  1368//2358 1417//2358 1418//2358
f  1368//2359 1418//2359 1360//2359
f  1360//2360 1418//2360 1419//2360
f  1360//2361 1419//2361 1372//2361
f  1372//2362 1419//2362 1420//2362
f  1372//2363 1420//2363 1375//2363
f  1375//2364 1420//2364 1421//2364
f  1375//2365 1421//2365 1377//2365
f  1377//2366 1421//2366 1422//2366
f  1377//2367 1422//2367 1383//2367
f  1383//2368 1422//2368 1423//2368
f  1383//2369 1423//2369 1387//2369
f  1387//2370 1423//2370 1424//2370
f  1387//2371 1424//2371 1391//2371
f  1391//2372 1424//2372 1425//2372
f  1391//2373 1425//2373 1394//2373
f  1394//2374 1425//2374 1400//2374
f  1394//2375 1400//2375 1396//2375
f  1396//2376 1400//2376 1341//2376
f  1396//2377 1341//2377 1340//2377
f  1411//2378 1413//2378 1415//2378
f  1415//2379 1413//2379 1426//2379
f  1415//2380 1426//2380 1417//2380
f  1417//2381 1426//2381 1427//2381
f  1417//2382 1427//2382 1418//2382
f  1418//2383 1427//2383 1428//2383
f  1418//2384 1428//2384 1419//2384
f  1419//2385 1428//2385 1429//2385
f  1419//2386 1429//2386 1420//2386
f  1420//2387 1429//2387 1430//2387
f  1420//2388 1430//2388 1421//2388
f  1421//2389 1430//2389 1431//2389
f  1421//2390 1431//2390 1422//2390
f  1422//2391 1431//2391 1432//2391
f  1422//2392 1432//2392 1423//2392
f  1423//2393 1432//2393 1433//2393
f  1423//2394 1433//2394 1424//2394
f  1424//2395 1433//2395 1434//2395
f  1424//2396 1434//2396 1425//2396
f  1425//2397 1434//2397 1401//2397
f  1425//2398 1401//2398 1400//2398
f  1400//2399 1401//2399 1350//2399
f  1400//2400 1350//2400 1351//2400
f  1354//2401 1356//2401 1413//2401
f  1413//2402 1356//2402 1410//2402
f  1413//2403 1410//2403 1426//2403
f  1426//2404 1410//2404 1409//2404
f  1426//2405 1409//2405 1427//2405
f  1427//2406 1409//2406 1408//2406
f  1427//2407 1408//2407 1428//2407
f  1428//2408 1408//2408 1407//2408
f  1428//2409 1407//2409 1429//2409
f  1429//2410 1407//2410 1406//2410
f  1429//2411 1406//2411 1430//2411
f  1430//2412 1406//2412 1405//2412
f  1430//2413 1405//2413 1431//2413
f  1431//2414 1405//2414 1404//2414
f  1431//2415 1404//2415 1432//2415
f  1432//2416 1404//2416 1357//2416
f  1432//2417 1357//2417 1433//2417
f  1433//2418 1357//2418 1403//2418
f  1433//2419 1403//2419 1434//2419
f  1434//2420 1403//2420 1402//2420
f  1434//2421 1402//2421 1401//2421
f  1401//2422 1402//2422 1344//2422
f  1401//2423 1344//2423 1346//2423
f  1227//2424 1259//2424 1435//2424
f  781//2425 782//2425 1436//2425
f  1437//2426 786//2426 1438//2426
f  1438//2427 786//2427 798//2427
f  1436//2428 782//2428 1439//2428
f  782//2429 784//2429 1439//2429
f  1439//2430 784//2430 788//2430
f  1439//2431 788//2431 1437//2431
f  1437//2432 788//2432 787//2432
f  1437//2433 787//2433 786//2433
f  781//2434 1436//2434 780//2434
f  780//2435 1436//2435 1440//2435
f  780//2436 1440//2436 777//2436
f  777//2437 1440//2437 1262//2437
f  777//2438 1262//2438 566//2438
f  1441//2439 1338//2439 1442//2439
f  1442//2440 1338//2440 1339//2440
f  1442//2441 1339//2441 1342//2441
f  1349//2442 1443//2442 1342//2442
f  1342//2443 1443//2443 1444//2443
f  1342//2444 1444//2444 1442//2444
f  1349//2445 1347//2445 1443//2445
f  1443//2446 1347//2446 1345//2446
f  1443//2447 1345//2447 1435//2447
f  1435//2448 1345//2448 1225//2448
f  1435//2449 1225//2449 1227//2449
f  1445//2450 1441//2450 1446//2450
f  1446//2451 1441//2451 1442//2451
f  1446//2452 1442//2452 1447//2452
f  1447//2453 1442//2453 1444//2453
f  1447//2454 1444//2454 1448//2454
f  1448//2455 1444//2455 1443//2455
f  1448//2456 1443//2456 1449//2456
f  1449//2457 1443//2457 1435//2457
f  1449//2458 1435//2458 1260//2458
f  1260//2459 1435//2459 1259//2459
f  1450//2460 1445//2460 1451//2460
f  1451//2461 1445//2461 1446//2461
f  1451//2462 1446//2462 1452//2462
f  1452//2463 1446//2463 1447//2463
f  1452//2464 1447//2464 1453//2464
f  1453//2465 1447//2465 1448//2465
f  1453//2466 1448//2466 1454//2466
f  1454//2467 1448//2467 1449//2467
f  1454//2468 1449//2468 1261//2468
f  1261//2469 1449//2469 1260//2469
f  1438//2470 1450//2470 1437//2470
f  1437//2471 1450//2471 1451//2471
f  1437//2472 1451//2472 1439//2472
f  1439//2473 1451//2473 1452//2473
f  1439//2474 1452//2474 1436//2474
f  1436//2475 1452//2475 1453//2475
f  1436//2476 1453//2476 1440//2476
f  1440//2477 1453//2477 1454//2477
f  1440//2478 1454//2478 1262//2478
f  1262//2479 1454//2479 1261//2479
f  1264//2480 1269//2480 1455//2480
f  1354//2481 1412//2481 1456//2481
f  890//2482 872//2482 1457//2482
f  1457//2483 872//2483 871//2483
f  1458//2484 859//2484 890//2484
f  1458//2485 1459//2485 1460//2485
f  1460//2486 870//2486 1458//2486
f  1458//2487 870//2487 860//2487
f  1458//2488 860//2488 859//2488
f  1461//2489 1462//2489 1463//2489
f  1463//2490 1462//2490 1464//2490
f  1463//2491 1464//2491 1465//2491
f  1461//2492 1466//2492 1462//2492
f  1462//2493 1466//2493 1467//2493
f  1462//2494 1467//2494 1458//2494
f  1458//2495 1467//2495 1468//2495
f  1458//2496 1468//2496 1459//2496
f  1469//2497 1470//2497 1471//2497
f  1471//2498 1470//2498 1472//2498
f  1470//2499 1473//2499 1472//2499
f  1472//2500 1473//2500 1474//2500
f  1472//2501 1474//2501 1464//2501
f  1464//2502 1474//2502 1475//2502
f  1464//2503 1475//2503 1465//2503
f  1476//2504 1477//2504 1478//2504
f  1478//2505 1477//2505 1479//2505
f  1478//2506 1479//2506 1471//2506
f  1471//2507 1479//2507 1480//2507
f  1471//2508 1480//2508 1469//2508
f  1476//2509 1478//2509 1481//2509
f  1481//2510 1478//2510 1482//2510
f  1481//2511 1482//2511 1483//2511
f  1484//2512 1485//2512 1486//2512
f  1484//2513 1486//2513 1482//2513
f  1482//2514 1486//2514 1487//2514
f  1482//2515 1487//2515 1483//2515
f  1485//2516 1484//2516 1488//2516
f  1488//2517 1484//2517 1489//2517
f  1488//2518 1489//2518 1490//2518
f  1364//2519 1366//2519 1489//2519
f  1489//2520 1366//2520 1491//2520
f  1489//2521 1491//2521 1490//2521
f  1411//2522 1416//2522 1492//2522
f  1492//2523 1416//2523 1414//2523
f  1174//2524 1355//2524 1283//2524
f  1283//2525 1355//2525 1493//2525
f  1283//2526 1493//2526 1284//2526
f  1284//2527 1493//2527 1285//2527
f  1494//2528 1272//2528 1277//2528
f  1494//2529 1277//2529 1495//2529
f  1277//2530 1279//2530 1495//2530
f  1495//2531 1279//2531 1282//2531
f  1495//2532 1282//2532 1493//2532
f  1493//2533 1282//2533 1281//2533
f  1493//2534 1281//2534 1285//2534
f  1496//2535 1276//2535 1275//2535
f  1496//2536 1275//2536 1494//2536
f  1494//2537 1275//2537 1273//2537
f  1494//2538 1273//2538 1272//2538
f  1455//2539 1269//2539 1496//2539
f  1496//2540 1269//2540 1271//2540
f  1496//2541 1271//2541 1276//2541
f  1264//2542 1455//2542 1265//2542
f  1265//2543 1455//2543 1497//2543
f  1265//2544 1497//2544 1267//2544
f  1320//2545 1498//2545 1321//2545
f  1321//2546 1498//2546 1499//2546
f  1321//2547 1499//2547 1322//2547
f  1320//2548 1319//2548 1498//2548
f  1498//2549 1319//2549 1317//2549
f  1498//2550 1317//2550 1497//2550
f  1497//2551 1317//2551 1316//2551
f  1497//2552 1316//2552 1267//2552
f  1322//2553 1499//2553 1324//2553
f  1324//2554 1499//2554 1500//2554
f  1324//2555 1500//2555 1325//2555
f  904//2556 907//2556 1500//2556
f  1500//2557 907//2557 1326//2557
f  1500//2558 1326//2558 1325//2558
f  871//2559 902//2559 1501//2559
f  1501//2560 902//2560 904//2560
f  890//2561 1457//2561 1458//2561
f  1458//2562 1457//2562 1502//2562
f  1458//2563 1502//2563 1462//2563
f  1462//2564 1502//2564 1503//2564
f  1462//2565 1503//2565 1464//2565
f  1464//2566 1503//2566 1504//2566
f  1464//2567 1504//2567 1472//2567
f  1472//2568 1504//2568 1505//2568
f  1472//2569 1505//2569 1471//2569
f  1471//2570 1505//2570 1506//2570
f  1471//2571 1506//2571 1478//2571
f  1478//2572 1506//2572 1507//2572
f  1478//2573 1507//2573 1482//2573
f  1482//2574 1507//2574 1508//2574
f  1482//2575 1508//2575 1484//2575
f  1484//2576 1508//2576 1492//2576
f  1484//2577 1492//2577 1489//2577
f  1489//2578 1492//2578 1414//2578
f  1489//2579 1414//2579 1364//2579
f  871//2580 1501//2580 1457//2580
f  1457//2581 1501//2581 1509//2581
f  1457//2582 1509//2582 1502//2582
f  1502//2583 1509//2583 1510//2583
f  1502//2584 1510//2584 1503//2584
f  1503//2585 1510//2585 1511//2585
f  1503//2586 1511//2586 1504//2586
f  1504//2587 1511//2587 1512//2587
f  1504//2588 1512//2588 1505//2588
f  1505//2589 1512//2589 1513//2589
f  1505//2590 1513//2590 1506//2590
f  1506//2591 1513//2591 1514//2591
f  1506//2592 1514//2592 1507//2592
f  1507//2593 1514//2593 1515//2593
f  1507//2594 1515//2594 1508//2594
f  1508//2595 1515//2595 1456//2595
f  1508//2596 1456//2596 1492//2596
f  1492//2597 1456//2597 1412//2597
f  1492//2598 1412//2598 1411//2598
f  904//2599 1500//2599 1501//2599
f  1501//2600 1500//2600 1499//2600
f  1501//2601 1499//2601 1509//2601
f  1509//2602 1499//2602 1498//2602
f  1509//2603 1498//2603 1510//2603
f  1510//2604 1498//2604 1497//2604
f  1510//2605 1497//2605 1511//2605
f  1511//2606 1497//2606 1455//2606
f  1511//2607 1455//2607 1512//2607
f  1512//2608 1455//2608 1496//2608
f  1512//2609 1496//2609 1513//2609
f  1513//2610 1496//2610 1494//2610
f  1513//2611 1494//2611 1514//2611
f  1514//2612 1494//2612 1495//2612
f  1514//2613 1495//2613 1515//2613
f  1515//2614 1495//2614 1493//2614
f  1515//2615 1493//2615 1456//2615
f  1456//2616 1493//2616 1355//2616
f  1456//2617 1355//2617 1354//2617
f  1298//2618 1297//2618 1516//2618
f  1309//2619 1308//2619 1517//2619
f  1517//2620 1308//2620 1313//2620
f  1517//2621 1313//2621 1518//2621
f  1518//2622 1313//2622 604//2622
f  1518//2623 604//2623 603//2623
f  1309//2624 1517//2624 1311//2624
f  1311//2625 1517//2625 1519//2625
f  1311//2626 1519//2626 1312//2626
f  1312//2627 1519//2627 1520//2627
f  1312//2628 1520//2628 1306//2628
f  1306//2629 1520//2629 1521//2629
f  1306//2630 1521//2630 1307//2630
f  1304//2631 1303//2631 1522//2631
f  1522//2632 1303//2632 1307//2632
f  1304//2633 1522//2633 1300//2633
f  1300//2634 1522//2634 1523//2634
f  1300//2635 1523//2635 1301//2635
f  1516//2636 1297//2636 1523//2636
f  1523//2637 1297//2637 1296//2637
f  1523//2638 1296//2638 1301//2638
f  1298//2639 1516//2639 1294//2639
f  1294//2640 1516//2640 1524//2640
f  1294//2641 1524//2641 1292//2641
f  1287//2642 1289//2642 1525//2642
f  1525//2643 1289//2643 1291//2643
f  1525//2644 1291//2644 1526//2644
f  1287//2645 1525//2645 1288//2645
f  1288//2646 1525//2646 1527//2646
f  1288//2647 1527//2647 1164//2647
f  1526//2648 1014//2648 1525//2648
f  1525//2649 1014//2649 1013//2649
f  1525//2650 1013//2650 1527//2650
f  1527//2651 1013//2651 1027//2651
f  1527//2652 1027//2652 1164//2652
f  999//2653 1009//2653 1526//2653
f  1526//2654 1009//2654 1011//2654
f  1526//2655 1011//2655 1014//2655
f  1291//2656 1292//2656 1526//2656
f  1526//2657 1292//2657 1524//2657
f  1526//2658 1524//2658 999//2658
f  999//2659 1524//2659 1516//2659
f  999//2660 1516//2660 997//2660
f  997//2661 1516//2661 1523//2661
f  997//2662 1523//2662 985//2662
f  1307//2663 1521//2663 1522//2663
f  1522//2664 1521//2664 988//2664
f  1522//2665 988//2665 1523//2665
f  1523//2666 988//2666 986//2666
f  1523//2667 986//2667 985//2667
f  603//2668 952//2668 1518//2668
f  1518//2669 952//2669 971//2669
f  1518//2670 971//2670 1517//2670
f  1517//2671 971//2671 973//2671
f  1517//2672 973//2672 1519//2672
f  1519//2673 973//2673 974//2673
f  1519//2674 974//2674 1520//2674
f  1520//2675 974//2675 976//2675
f  1520//2676 976//2676 1521//2676
f  1521//2677 976//2677 989//2677
f  1521//2678 989//2678 988//2678
f  803//2679 1528//2679 969//2679
f  969//2680 1528//2680 1529//2680
f  969//2681 1529//2681 970//2681
f  1530//2682 957//2682 1529//2682
f  1529//2683 957//2683 959//2683
f  1529//2684 959//2684 970//2684
f  949//2685 967//2685 1531//2685
f  1531//2686 967//2686 966//2686
f  1531//2687 966//2687 1532//2687
f  1532//2688 966//2688 965//2688
f  1532//2689 965//2689 1530//2689
f  1530//2690 965//2690 955//2690
f  1530//2691 955//2691 957//2691
f  949//2692 1531//2692 950//2692
f  950//2693 1531//2693 1533//2693
f  950//2694 1533//2694 982//2694
f  1534//2695 990//2695 981//2695
f  1534//2696 981//2696 1535//2696
f  981//2697 980//2697 1535//2697
f  1535//2698 980//2698 984//2698
f  1535//2699 984//2699 1533//2699
f  1533//2700 984//2700 983//2700
f  1533//2701 983//2701 982//2701
f  1536//2702 993//2702 1534//2702
f  1534//2703 993//2703 991//2703
f  1534//2704 991//2704 990//2704
f  1537//2705 1001//2705 1536//2705
f  1536//2706 1001//2706 1000//2706
f  1536//2707 1000//2707 993//2707
f  1006//2708 1007//2708 1538//2708
f  1538//2709 1007//2709 963//2709
f  963//2710 962//2710 1537//2710
f  1537//2711 962//2711 1002//2711
f  1537//2712 1002//2712 1001//2712
f  1006//2713 1538//2713 1004//2713
f  1004//2714 1538//2714 1539//2714
f  1004//2715 1539//2715 1023//2715
f  1023//2716 1539//2716 1540//2716
f  1023//2717 1540//2717 1022//2717
f  1022//2718 1540//2718 1020//2718
f  1020//2719 1540//2719 1541//2719
f  1020//2720 1541//2720 1028//2720
f  1542//2721 1543//2721 1016//2721
f  1016//2722 1015//2722 1542//2722
f  1542//2723 1015//2723 1030//2723
f  1542//2724 1030//2724 1541//2724
f  1541//2725 1030//2725 1029//2725
f  1541//2726 1029//2726 1028//2726
f  1026//2727 1025//2727 1543//2727
f  1543//2728 1025//2728 1018//2728
f  1543//2729 1018//2729 1016//2729
f  1165//2730 1164//2730 1544//2730
f  1544//2731 1164//2731 1027//2731
f  1027//2732 1026//2732 1544//2732
f  1544//2733 1026//2733 1543//2733
f  1544//2734 1543//2734 1165//2734
f  1165//2735 1543//2735 1168//2735
f  1168//2736 1543//2736 1175//2736
f  1175//2737 1543//2737 1542//2737
f  1175//2738 1542//2738 1176//2738
f  1176//2739 1542//2739 1181//2739
f  1181//2740 1542//2740 1541//2740
f  1181//2741 1541//2741 1182//2741
f  1182//2742 1541//2742 1187//2742
f  1187//2743 1541//2743 1540//2743
f  1187//2744 1540//2744 1188//2744
f  1188//2745 1540//2745 1193//2745
f  1193//2746 1540//2746 1539//2746
f  1193//2747 1539//2747 1194//2747
f  1194//2748 1539//2748 1199//2748
f  1199//2749 1539//2749 1538//2749
f  1199//2750 1538//2750 1200//2750
f  963//2751 1537//2751 1538//2751
f  1538//2752 1537//2752 1205//2752
f  1538//2753 1205//2753 1200//2753
f  803//2754 558//2754 1528//2754
f  1528//2755 558//2755 1239//2755
f  1528//2756 1239//2756 1529//2756
f  1529//2757 1239//2757 1237//2757
f  1529//2758 1237//2758 1530//2758
f  1530//2759 1237//2759 1235//2759
f  1530//2760 1235//2760 1532//2760
f  1532//2761 1235//2761 1233//2761
f  1532//2762 1233//2762 1531//2762
f  1531//2763 1233//2763 1231//2763
f  1531//2764 1231//2764 1533//2764
f  1533//2765 1231//2765 1229//2765
f  1533//2766 1229//2766 1535//2766
f  1535//2767 1229//2767 1228//2767
f  1535//2768 1228//2768 1534//2768
f  1534//2769 1228//2769 1212//2769
f  1534//2770 1212//2770 1536//2770
f  1536//2771 1212//2771 1211//2771
f  1536//2772 1211//2772 1537//2772
f  1537//2773 1211//2773 1206//2773
f  1537//2774 1206//2774 1205//2774
f  1159//2775 1545//2775 1160//2775
f  1160//2776 1545//2776 1161//2776
f  1546//2777 1156//2777 1157//2777
f  1546//2778 1157//2778 1545//2778
f  1545//2779 1157//2779 1158//2779
f  1545//2780 1158//2780 1161//2780
f  1156//2781 1546//2781 1152//2781
f  1152//2782 1546//2782 1547//2782
f  1152//2783 1547//2783 1153//2783
f  1153//2784 1547//2784 1154//2784
f  1154//2785 1547//2785 1548//2785
f  1154//2786 1548//2786 1155//2786
f  1108//2787 1107//2787 1549//2787
f  1549//2788 1107//2788 1150//2788
f  1549//2789 1150//2789 1548//2789
f  1548//2790 1150//2790 1151//2790
f  1548//2791 1151//2791 1155//2791
f  1108//2792 1549//2792 1149//2792
f  1149//2793 1549//2793 1550//2793
f  1149//2794 1550//2794 1148//2794
f  1148//2795 1550//2795 1147//2795
f  1147//2796 1550//2796 1551//2796
f  1147//2797 1551//2797 1146//2797
f  1146//2798 1551//2798 1143//2798
f  1143//2799 1551//2799 1552//2799
f  1143//2800 1552//2800 1144//2800
f  1140//2801 1139//2801 1553//2801
f  1553//2802 1139//2802 1142//2802
f  1553//2803 1142//2803 1552//2803
f  1552//2804 1142//2804 1145//2804
f  1552//2805 1145//2805 1144//2805
f  1140//2806 1553//2806 1141//2806
f  1141//2807 1553//2807 1554//2807
f  1141//2808 1554//2808 1138//2808
f  1138//2809 1554//2809 1137//2809
f  1137//2810 1554//2810 1555//2810
f  1137//2811 1555//2811 1136//2811
f  1136//2812 1555//2812 1135//2812
f  1135//2813 1555//2813 1556//2813
f  1135//2814 1556//2814 1110//2814
f  1557//2815 1134//2815 1556//2815
f  1556//2816 1134//2816 1111//2816
f  1556//2817 1111//2817 1110//2817
f  1558//2818 1132//2818 1557//2818
f  1557//2819 1132//2819 1133//2819
f  1557//2820 1133//2820 1134//2820
f  1559//2821 1450//2821 1560//2821
f  1560//2822 1450//2822 1438//2822
f  1560//2823 1438//2823 1561//2823
f  1561//2824 1438//2824 798//2824
f  1561//2825 798//2825 1562//2825
f  1563//2826 1336//2826 1338//2826
f  1563//2827 1338//2827 1564//2827
f  1564//2828 1338//2828 1441//2828
f  1564//2829 1441//2829 1559//2829
f  1559//2830 1441//2830 1445//2830
f  1559//2831 1445//2831 1450//2831
f  1336//2832 1563//2832 1397//2832
f  1397//2833 1563//2833 1565//2833
f  1397//2834 1565//2834 1398//2834
f  1398//2835 1565//2835 1399//2835
f  1399//2836 1565//2836 1566//2836
f  1399//2837 1566//2837 1395//2837
f  1567//2838 1392//2838 1566//2838
f  1566//2839 1392//2839 1393//2839
f  1566//2840 1393//2840 1395//2840
f  1388//2841 1386//2841 1568//2841
f  1568//2842 1386//2842 1385//2842
f  1568//2843 1385//2843 1567//2843
f  1567//2844 1385//2844 1390//2844
f  1567//2845 1390//2845 1392//2845
f  1378//2846 1382//2846 1569//2846
f  1569//2847 1382//2847 1384//2847
f  1569//2848 1384//2848 1568//2848
f  1568//2849 1384//2849 1389//2849
f  1568//2850 1389//2850 1388//2850
f  1378//2851 1569//2851 1376//2851
f  1376//2852 1569//2852 1570//2852
f  1376//2853 1570//2853 1374//2853
f  1373//2854 1381//2854 1571//2854
f  1571//2855 1381//2855 1380//2855
f  1571//2856 1380//2856 1570//2856
f  1570//2857 1380//2857 1379//2857
f  1570//2858 1379//2858 1374//2858
f  1373//2859 1571//2859 1371//2859
f  1371//2860 1571//2860 1572//2860
f  1371//2861 1572//2861 1358//2861
f  1358//2862 1572//2862 1359//2862
f  1359//2863 1572//2863 1573//2863
f  1359//2864 1573//2864 1370//2864
f  1574//2865 1367//2865 1573//2865
f  1573//2866 1367//2866 1369//2866
f  1573//2867 1369//2867 1370//2867
f  1366//2868 1365//2868 1575//2868
f  1575//2869 1365//2869 1363//2869
f  1575//2870 1363//2870 1574//2870
f  1574//2871 1363//2871 1362//2871
f  1574//2872 1362//2872 1367//2872
f  1576//2873 1577//2873 1130//2873
f  1130//2874 1577//2874 808//2874
f  1130//2875 1129//2875 1576//2875
f  1576//2876 1129//2876 1128//2876
f  1576//2877 1128//2877 1558//2877
f  1558//2878 1128//2878 1131//2878
f  1558//2879 1131//2879 1132//2879
f  1578//2880 1577//2880 1579//2880
f  1579//2881 1577//2881 1576//2881
f  1579//2882 1576//2882 1580//2882
f  1580//2883 1576//2883 1558//2883
f  1580//2884 1558//2884 1581//2884
f  1581//2885 1558//2885 1557//2885
f  1581//2886 1557//2886 1582//2886
f  1582//2887 1557//2887 1556//2887
f  1582//2888 1556//2888 1583//2888
f  1583//2889 1556//2889 1555//2889
f  1583//2890 1555//2890 1584//2890
f  1584//2891 1555//2891 1554//2891
f  1584//2892 1554//2892 1585//2892
f  1585//2893 1554//2893 1553//2893
f  1585//2894 1553//2894 1586//2894
f  1586//2895 1553//2895 1552//2895
f  1586//2896 1552//2896 1587//2896
f  1587//2897 1552//2897 1551//2897
f  1587//2898 1551//2898 1588//2898
f  1588//2899 1551//2899 1550//2899
f  1588//2900 1550//2900 1589//2900
f  1589//2901 1550//2901 1549//2901
f  1589//2902 1549//2902 1590//2902
f  1590//2903 1549//2903 1548//2903
f  1590//2904 1548//2904 1591//2904
f  1591//2905 1548//2905 1547//2905
f  1591//2906 1547//2906 1592//2906
f  1592//2907 1547//2907 1546//2907
f  1592//2908 1546//2908 1593//2908
f  1593//2909 1546//2909 1545//2909
f  1593//2910 1545//2910 1594//2910
f  1594//2911 1545//2911 1159//2911
f  1562//2912 1578//2912 1561//2912
f  1561//2913 1578//2913 1579//2913
f  1561//2914 1579//2914 1560//2914
f  1560//2915 1579//2915 1580//2915
f  1560//2916 1580//2916 1559//2916
f  1559//2917 1580//2917 1581//2917
f  1559//2918 1581//2918 1564//2918
f  1564//2919 1581//2919 1582//2919
f  1564//2920 1582//2920 1563//2920
f  1563//2921 1582//2921 1583//2921
f  1563//2922 1583//2922 1565//2922
f  1565//2923 1583//2923 1584//2923
f  1565//2924 1584//2924 1566//2924
f  1566//2925 1584//2925 1585//2925
f  1566//2926 1585//2926 1567//2926
f  1567//2927 1585//2927 1586//2927
f  1567//2928 1586//2928 1568//2928
f  1568//2929 1586//2929 1587//2929
f  1568//2930 1587//2930 1569//2930
f  1569//2931 1587//2931 1588//2931
f  1569//2932 1588//2932 1570//2932
f  1570//2933 1588//2933 1589//2933
f  1570//2934 1589//2934 1571//2934
f  1571//2935 1589//2935 1590//2935
f  1571//2936 1590//2936 1572//2936
f  1572//2937 1590//2937 1591//2937
f  1572//2938 1591//2938 1573//2938
f  1573//2939 1591//2939 1592//2939
f  1573//2940 1592//2940 1574//2940
f  1574//2941 1592//2941 1593//2941
f  1574//2942 1593//2942 1575//2942
f  1575//2943 1593//2943 1594//2943
f  1049//2944 1051//2944 1595//2944
f  1053//2945 1052//2945 1596//2945
f  1596//2946 1052//2946 1056//2946
f  234//2947 233//2947 1597//2947
f  1597//2948 1598//2948 234//2948
f  234//2949 1598//2949 1599//2949
f  234//2950 1599//2950 235//2950
f  238//2951 237//2951 1600//2951
f  1600//2952 237//2952 236//2952
f  1600//2953 236//2953 1601//2953
f  1601//2954 236//2954 235//2954
f  1033//2955 418//2955 417//2955
f  235//2956 1599//2956 1601//2956
f  1601//2957 1599//2957 1033//2957
f  1601//2958 1033//2958 1600//2958
f  1600//2959 1033//2959 417//2959
f  1600//2960 417//2960 238//2960
f  1597//2961 1072//2961 1598//2961
f  1598//2962 1072//2962 1035//2962
f  1598//2963 1035//2963 1599//2963
f  1599//2964 1035//2964 1034//2964
f  1599//2965 1034//2965 1033//2965
f  1073//2966 1602//2966 1074//2966
f  1074//2967 1602//2967 1603//2967
f  1604//2968 1605//2968 1054//2968
f  1054//2969 1053//2969 1604//2969
f  1604//2970 1053//2970 1596//2970
f  1604//2971 1596//2971 1606//2971
f  1606//2972 1596//2972 1056//2972
f  1606//2973 1056//2973 1603//2973
f  1603//2974 1056//2974 1057//2974
f  1603//2975 1057//2975 1074//2975
f  1051//2976 1050//2976 1607//2976
f  1607//2977 1050//2977 1055//2977
f  1049//2978 1595//2978 1048//2978
f  1048//2979 1595//2979 1608//2979
f  1048//2980 1608//2980 1047//2980
f  943//2981 942//2981 1087//2981
f  1087//2982 1086//2982 943//2982
f  943//2983 1086//2983 1071//2983
f  943//2984 1071//2984 941//2984
f  941//2985 1071//2985 1070//2985
f  941//2986 1070//2986 818//2986
f  1070//2987 1047//2987 818//2987
f  818//2988 1047//2988 1608//2988
f  818//2989 1608//2989 819//2989
f  819//2990 1608//2990 1595//2990
f  819//2991 1595//2991 829//2991
f  1051//2992 1607//2992 1595//2992
f  1595//2993 1607//2993 830//2993
f  1595//2994 830//2994 829//2994
f  825//2995 824//2995 1609//2995
f  1609//2996 824//2996 834//2996
f  1609//2997 834//2997 1607//2997
f  1607//2998 834//2998 832//2998
f  1607//2999 832//2999 830//2999
f  823//3000 828//3000 1610//3000
f  1610//3001 828//3001 827//3001
f  1610//3002 827//3002 1606//3002
f  233//3003 1611//3003 1597//3003
f  1597//3004 1611//3004 1612//3004
f  1597//3005 1612//3005 1613//3005
f  1613//3006 1612//3006 1614//3006
f  1613//3007 1614//3007 1615//3007
f  1615//3008 1614//3008 1616//3008
f  827//3009 825//3009 1606//3009
f  1606//3010 825//3010 1609//3010
f  1606//3011 1609//3011 1604//3011
f  1604//3012 1609//3012 1607//3012
f  1604//3013 1607//3013 1605//3013
f  1605//3014 1607//3014 1055//3014
f  1605//3015 1055//3015 1054//3015
f  1073//3016 1072//3016 1602//3016
f  1602//3017 1072//3017 1597//3017
f  1602//3018 1597//3018 1603//3018
f  1603//3019 1597//3019 1613//3019
f  1603//3020 1613//3020 1606//3020
f  1606//3021 1613//3021 1615//3021
f  1606//3022 1615//3022 1610//3022
f  1610//3023 1615//3023 1616//3023
f  1610//3024 1616//3024 823//3024
f  823//3025 1616//3025 738//3025
f  709//3026 1617//3026 1618//3026
f  714//3027 738//3027 1616//3027
f  1614//3028 1612//3028 1619//3028
f  1619//3029 1612//3029 1611//3029
f  1617//3030 709//3030 1620//3030
f  1620//3031 709//3031 712//3031
f  1620//3032 712//3032 1621//3032
f  1621//3033 712//3033 714//3033
f  1621//3034 714//3034 1619//3034
f  1619//3035 714//3035 1616//3035
f  1619//3036 1616//3036 1614//3036
f  204//3037 385//3037 1618//3037
f  1618//3038 385//3038 707//3038
f  1618//3039 707//3039 709//3039
f  1611//3040 233//3040 1619//3040
f  1619//3041 233//3041 232//3041
f  1619//3042 232//3042 1621//3042
f  1621//3043 232//3043 231//3043
f  1621//3044 231//3044 1620//3044
f  1620//3045 231//3045 230//3045
f  1620//3046 230//3046 1617//3046
f  1617//3047 230//3047 220//3047
f  1617//3048 220//3048 1618//3048
f  1618//3049 220//3049 219//3049
f  1618//3050 219//3050 204//3050
f  773//3051 1622//3051 795//3051
f  795//3052 1622//3052 1623//3052
f  795//3053 1623//3053 794//3053
f  1624//3054 790//3054 791//3054
f  790//3055 1624//3055 789//3055
f  789//3056 1624//3056 1562//3056
f  789//3057 1562//3057 798//3057
f  1578//3058 1562//3058 1625//3058
f  1625//3059 1562//3059 1624//3059
f  1625//3060 1624//3060 1626//3060
f  1626//3061 1624//3061 791//3061
f  1626//3062 791//3062 793//3062
f  1627//3063 1628//3063 1629//3063
f  1629//3064 1628//3064 1630//3064
f  1629//3065 1630//3065 1631//3065
f  1622//3066 1627//3066 1623//3066
f  1623//3067 1627//3067 1629//3067
f  1623//3068 1629//3068 1632//3068
f  1632//3069 1629//3069 1631//3069
f  1632//3070 1631//3070 1633//3070
f  1577//3071 1578//3071 1633//3071
f  1633//3072 1578//3072 1625//3072
f  1633//3073 1625//3073 1632//3073
f  1632//3074 1625//3074 1626//3074
f  1632//3075 1626//3075 1623//3075
f  1623//3076 1626//3076 793//3076
f  1623//3077 793//3077 794//3077
f  808//3078 1577//3078 810//3078
f  810//3079 1577//3079 1633//3079
f  810//3080 1633//3080 812//3080
f  812//3081 1633//3081 1631//3081
f  812//3082 1631//3082 814//3082
f  814//3083 1631//3083 1630//3083
f  814//3084 1630//3084 413//3084
f  413//3085 1630//3085 1628//3085
f  224//3086 218//3086 1634//3086
f  1634//3087 422//3087 411//3087
f  422//3088 1634//3088 420//3088
f  420//3089 1634//3089 218//3089
f  420//3090 218//3090 217//3090
f  224//3091 1634//3091 225//3091
f  225//3092 1634//3092 1635//3092
f  225//3093 1635//3093 227//3093
f  227//3094 1635//3094 1636//3094
f  227//3095 1636//3095 222//3095
f  773//3096 193//3096 1636//3096
f  1636//3097 193//3097 223//3097
f  1636//3098 223//3098 222//3098
f  773//3099 1636//3099 1622//3099
f  1622//3100 1636//3100 1635//3100
f  1622//3101 1635//3101 1627//3101
f  1627//3102 1635//3102 1634//3102
f  1627//3103 1634//3103 1628//3103
f  1628//3104 1634//3104 411//3104
f  1628//3105 411//3105 413//3105
f  1637//3106 947//3106 870//3106
f  1366//3107 1575//3107 1491//3107
f  1491//3108 1575//3108 1638//3108
f  1491//3109 1638//3109 1490//3109
f  1490//3110 1638//3110 1488//3110
f  1488//3111 1638//3111 1639//3111
f  1488//3112 1639//3112 1485//3112
f  1481//3113 1483//3113 1640//3113
f  1640//3114 1483//3114 1487//3114
f  1640//3115 1487//3115 1639//3115
f  1639//3116 1487//3116 1486//3116
f  1639//3117 1486//3117 1485//3117
f  1481//3118 1640//3118 1476//3118
f  1476//3119 1640//3119 1641//3119
f  1476//3120 1641//3120 1477//3120
f  1470//3121 1469//3121 1642//3121
f  1642//3122 1469//3122 1480//3122
f  1642//3123 1480//3123 1641//3123
f  1641//3124 1480//3124 1479//3124
f  1641//3125 1479//3125 1477//3125
f  1643//3126 1474//3126 1642//3126
f  1642//3127 1474//3127 1473//3127
f  1642//3128 1473//3128 1470//3128
f  1461//3129 1463//3129 1644//3129
f  1644//3130 1463//3130 1465//3130
f  1644//3131 1465//3131 1643//3131
f  1643//3132 1465//3132 1475//3132
f  1643//3133 1475//3133 1474//3133
f  1645//3134 1467//3134 1644//3134
f  1644//3135 1467//3135 1466//3135
f  1644//3136 1466//3136 1461//3136
f  870//3137 1460//3137 1637//3137
f  1637//3138 1460//3138 1459//3138
f  1637//3139 1459//3139 1645//3139
f  1645//3140 1459//3140 1468//3140
f  1645//3141 1468//3141 1467//3141
f  942//3142 945//3142 1646//3142
f  1646//3143 945//3143 1647//3143
f  1646//3144 1647//3144 1648//3144
f  1649//3145 1650//3145 1648//3145
f  1648//3146 1650//3146 1651//3146
f  1648//3147 1651//3147 1646//3147
f  1652//3148 1653//3148 1649//3148
f  1649//3149 1653//3149 1654//3149
f  1649//3150 1654//3150 1650//3150
f  1655//3151 1656//3151 1652//3151
f  1652//3152 1656//3152 1657//3152
f  1652//3153 1657//3153 1653//3153
f  1658//3154 1659//3154 1660//3154
f  1660//3155 1659//3155 1661//3155
f  1660//3156 1661//3156 1655//3156
f  1655//3157 1661//3157 1662//3157
f  1655//3158 1662//3158 1656//3158
f  1658//3159 1660//3159 1663//3159
f  1663//3160 1660//3160 1664//3160
f  1663//3161 1664//3161 1665//3161
f  1665//3162 1664//3162 1666//3162
f  1666//3163 1664//3163 1667//3163
f  1666//3164 1667//3164 1668//3164
f  1668//3165 1667//3165 1669//3165
f  1669//3166 1667//3166 1670//3166
f  1669//3167 1670//3167 1671//3167
f  1671//3168 1670//3168 1672//3168
f  1672//3169 1670//3169 1594//3169
f  1672//3170 1594//3170 1159//3170
f  945//3171 947//3171 1647//3171
f  1647//3172 947//3172 1637//3172
f  1647//3173 1637//3173 1648//3173
f  1648//3174 1637//3174 1645//3174
f  1648//3175 1645//3175 1649//3175
f  1649//3176 1645//3176 1644//3176
f  1649//3177 1644//3177 1652//3177
f  1652//3178 1644//3178 1643//3178
f  1652//3179 1643//3179 1655//3179
f  1655//3180 1643//3180 1642//3180
f  1655//3181 1642//3181 1660//3181
f  1660//3182 1642//3182 1641//3182
f  1660//3183 1641//3183 1664//3183
f  1664//3184 1641//3184 1640//3184
f  1664//3185 1640//3185 1667//3185
f  1667//3186 1640//3186 1639//3186
f  1667//3187 1639//3187 1670//3187
f  1670//3188 1639//3188 1638//3188
f  1670//3189 1638//3189 1594//3189
f  1594//3190 1638//3190 1575//3190
f  1673//3191 1159//3191 1105//3191
f  1102//3192 1674//3192 1675//3192
f  1087//3193 942//3193 1676//3193
f  1087//3194 1676//3194 1088//3194
f  1088//3195 1676//3195 1677//3195
f  1088//3196 1677//3196 1089//3196
f  1678//3197 1092//3197 1677//3197
f  1677//3198 1092//3198 1091//3198
f  1677//3199 1091//3199 1089//3199
f  1102//3200 1101//3200 1679//3200
f  1679//3201 1101//3201 1094//3201
f  1679//3202 1094//3202 1678//3202
f  1678//3203 1094//3203 1093//3203
f  1678//3204 1093//3204 1092//3204
f  1099//3205 1100//3205 1675//3205
f  1675//3206 1100//3206 1103//3206
f  1675//3207 1103//3207 1102//3207
f  1098//3208 1097//3208 1680//3208
f  1159//3209 1673//3209 1672//3209
f  1672//3210 1673//3210 1681//3210
f  1672//3211 1681//3211 1671//3211
f  1682//3212 1668//3212 1681//3212
f  1681//3213 1668//3213 1669//3213
f  1681//3214 1669//3214 1671//3214
f  1105//3215 1104//3215 1673//3215
f  1673//3216 1104//3216 1090//3216
f  1673//3217 1090//3217 1681//3217
f  1681//3218 1090//3218 1098//3218
f  1681//3219 1098//3219 1682//3219
f  1682//3220 1098//3220 1680//3220
f  1682//3221 1680//3221 1668//3221
f  1668//3222 1680//3222 1666//3222
f  1661//3223 1659//3223 1683//3223
f  1683//3224 1659//3224 1658//3224
f  1683//3225 1658//3225 1684//3225
f  1684//3226 1658//3226 1663//3226
f  1684//3227 1663//3227 1680//3227
f  1680//3228 1663//3228 1665//3228
f  1680//3229 1665//3229 1666//3229
f  1662//3230 1661//3230 1675//3230
f  1675//3231 1661//3231 1683//3231
f  1675//3232 1683//3232 1099//3232
f  1099//3233 1683//3233 1684//3233
f  1099//3234 1684//3234 1095//3234
f  1095//3235 1684//3235 1680//3235
f  1095//3236 1680//3236 1096//3236
f  1096//3237 1680//3237 1097//3237
f  1102//3238 1679//3238 1674//3238
f  1674//3239 1679//3239 1657//3239
f  1674//3240 1657//3240 1675//3240
f  1675//3241 1657//3241 1656//3241
f  1675//3242 1656//3242 1662//3242
f  942//3243 1646//3243 1676//3243
f  1676//3244 1646//3244 1651//3244
f  1676//3245 1651//3245 1677//3245
f  1677//3246 1651//3246 1650//3246
f  1677//3247 1650//3247 1678//3247
f  1678//3248 1650//3248 1654//3248
f  1678//3249 1654//3249 1679//3249
f  1679//3250 1654//3250 1653//3250
f  1679//3251 1653//3251 1657//3251
f  69//3252 1685//3252 65//3252
f  65//3253 1685//3253 1686//3253
f  65//3254 1686//3254 74//3254
f  74//3255 1686//3255 1687//3255
f  74//3256 1687//3256 78//3256
f  78//3257 1687//3257 1688//3257
f  78//3258 1688//3258 83//3258
f  83//3259 1688//3259 1689//3259
f  83//3260 1689//3260 87//3260
f  87//3261 1689//3261 1690//3261
f  87//3262 1690//3262 91//3262
f  91//3263 1690//3263 1691//3263
f  91//3264 1691//3264 95//3264
f  95//3265 1691//3265 1692//3265
f  95//3266 1692//3266 62//3266
f  62//3267 1692//3267 1693//3267
f  62//3268 1693//3268 102//3268
f  102//3269 1693//3269 1694//3269
f  102//3270 1694//3270 105//3270
f  105//3271 1694//3271 1695//3271
f  105//3272 1695//3272 107//3272
f  107//3273 1695//3273 1696//3273
f  107//3274 1696//3274 59//3274
f  59//3275 1696//3275 1697//3275
f  59//3276 1697//3276 114//3276
f  114//3277 1697//3277 1698//3277
f  114//3278 1698//3278 117//3278
f  117//3279 1698//3279 1699//3279
f  117//3280 1699//3280 119//3280
f  69//3281 67//3281 1685//3281
f  1685//3282 67//3282 171//3282
f  1685//3283 171//3283 1700//3283
f  1700//3284 171//3284 169//3284
f  1700//3285 169//3285 1701//3285
f  1701//3286 169//3286 165//3286
f  1701//3287 165//3287 1702//3287
f  1702//3288 165//3288 160//3288
f  1702//3289 160//3289 1703//3289
f  1703//3290 160//3290 158//3290
f  1703//3291 158//3291 1704//3291
f  1704//3292 158//3292 156//3292
f  1704//3293 156//3293 1705//3293
f  1705//3294 156//3294 123//3294
f  1705//3295 123//3295 1706//3295
f  1706//3296 123//3296 150//3296
f  1706//3297 150//3297 1707//3297
f  1707//3298 150//3298 146//3298
f  1707//3299 146//3299 1708//3299
f  1708//3300 146//3300 143//3300
f  1708//3301 143//3301 1709//3301
f  1709//3260 143//3260 140//3260
f  1709//3302 140//3302 1710//3302
f  1710//3303 140//3303 136//3303
f  1710//3304 136//3304 1711//3304
f  1711//3305 136//3305 131//3305
f  1711//3306 131//3306 1712//3306
f  1712//3307 131//3307 126//3307
f  1712//3308 126//3308 1699//3308
f  1699//3309 126//3309 125//3309
f  1699//3310 125//3310 119//3310
f  3//3311 2//3311 29//3311
f  29//3311 2//3311 55//3311
f  29//3311 27//3311 3//3311
f  3//3311 27//3311 25//3311
f  3//3311 25//3311 23//3311
f  17//3311 15//3311 13//3311
f  19//3311 9//3311 7//3311
f  17//3311 13//3311 19//3311
f  19//3311 13//3311 11//3311
f  19//3311 11//3311 9//3311
f  23//3311 21//3311 3//3311
f  3//3311 21//3311 19//3311
f  3//3311 19//3311 5//3311
f  5//3311 19//3311 7//3311
f  41//3311 39//3311 55//3311
f  55//3311 39//3311 37//3311
f  55//3311 37//3311 35//3311
f  53//3311 45//3311 55//3311
f  55//3311 45//3311 43//3311
f  55//3311 43//3311 41//3311
f  53//3311 51//3311 45//3311
f  45//3311 51//3311 49//3311
f  45//3311 49//3311 47//3311
f  35//3311 33//3311 55//3311
f  55//3311 33//3311 31//3311
f  55//3311 31//3311 29//3311
f  1713//3312 1685//3312 1714//3312
f  1714//3312 1685//3312 1700//3312
f  1714//3313 1700//3313 1715//3313
f  1715//3313 1700//3313 1701//3313
f  1715//3314 1701//3314 1716//3314
f  1716//3315 1701//3315 1702//3315
f  1716//3316 1702//3316 1717//3316
f  1717//3317 1702//3317 1703//3317
f  1717//3318 1703//3318 1718//3318
f  1718//3319 1703//3319 1704//3319
f  1718//3320 1704//3320 1719//3320
f  1719//3321 1704//3321 1705//3321
f  1719//3322 1705//3322 1720//3322
f  1720//3323 1705//3323 1706//3323
f  1720//3324 1706//3324 1721//3324
f  1721//3325 1706//3325 1707//3325
f  1721//3326 1707//3326 1722//3326
f  1722//3327 1707//3327 1708//3327
f  1722//3328 1708//3328 1723//3328
f  1723//3329 1708//3329 1709//3329
f  1723//3330 1709//3330 1724//3330
f  1724//3331 1709//3331 1710//3331
f  1724//3332 1710//3332 1725//3332
f  1725//3333 1710//3333 1711//3333
f  1725//3334 1711//3334 1726//3334
f  1726//3334 1711//3334 1712//3334
f  1726//3335 1712//3335 1727//3335
f  1727//3336 1712//3336 1699//3336
f  1727//3337 1699//3337 1728//3337
f  1728//3338 1699//3338 1698//3338
f  1728//3339 1698//3339 1729//3339
f  1729//3339 1698//3339 1697//3339
f  1729//3340 1697//3340 1730//3340
f  1730//3341 1697//3341 1696//3341
f  1730//3342 1696//3342 1731//3342
f  1731//3343 1696//3343 1695//3343
f  1731//3344 1695//3344 1732//3344
f  1732//3345 1695//3345 1694//3345
f  1732//3346 1694//3346 1733//3346
f  1733//3347 1694//3347 1693//3347
f  1733//3348 1693//3348 1734//3348
f  1734//3349 1693//3349 1692//3349
f  1734//3350 1692//3350 1735//3350
f  1735//3351 1692//3351 1691//3351
f  1735//3352 1691//3352 1736//3352
f  1736//3353 1691//3353 1690//3353
f  1736//3354 1690//3354 1737//3354
f  1737//3355 1690//3355 1689//3355
f  1737//3356 1689//3356 1738//3356
f  1738//3357 1689//3357 1688//3357
f  1738//3358 1688//3358 1739//3358
f  1739//3359 1688//3359 1687//3359
f  1739//3360 1687//3360 1740//3360
f  1740//3360 1687//3360 1686//3360
f  1740//3361 1686//3361 1713//3361
f  1713//3361 1686//3361 1685//3361
f  1713//3362 1714//3362 1741//3362
f  1738//3363 1739//3363 1741//3363
f  1741//3364 1739//3364 1740//3364
f  1741//3365 1740//3365 1713//3365
f  1735//3366 1736//3366 1741//3366
f  1741//3367 1736//3367 1737//3367
f  1741//3368 1737//3368 1738//3368
f  1732//3369 1733//3369 1741//3369
f  1741//3370 1733//3370 1734//3370
f  1741//3371 1734//3371 1735//3371
f  1729//3372 1730//3372 1741//3372
f  1741//3373 1730//3373 1731//3373
f  1741//3374 1731//3374 1732//3374
f  1726//3375 1727//3375 1741//3375
f  1741//3376 1727//3376 1728//3376
f  1741//3377 1728//3377 1729//3377
f  1723//3378 1724//3378 1741//3378
f  1741//3379 1724//3379 1725//3379
f  1741//3380 1725//3380 1726//3380
f  1720//3370 1721//3370 1741//3370
f  1741//3381 1721//3381 1722//3381
f  1741//3382 1722//3382 1723//3382
f  1717//3383 1718//3383 1741//3383
f  1741//3384 1718//3384 1719//3384
f  1741//3371 1719//3371 1720//3371
f  1714//3385 1715//3385 1741//3385
f  1741//3386 1715//3386 1716//3386
f  1741//3387 1716//3387 1717//3387
f  954//3388 960//3388 1742//3388
f  1742//3389 960//3389 961//3389
f  1742//3389 961//3389 1743//3389
f  1743//3390 961//3390 978//3390
f  1743//3390 978//3390 1744//3390
f  1744//3391 978//3391 995//3391
f  1744//3391 995//3391 1745//3391
f  1745//3392 995//3392 996//3392
f  1745//3392 996//3392 1746//3392
f  1746//3393 996//3393 1008//3393
f  1746//3393 1008//3393 1747//3393
f  1747//3394 1008//3394 1024//3394
f  1747//3394 1024//3394 1748//3394
f  1748//3395 1024//3395 1019//3395
f  1748//3395 1019//3395 1749//3395
f  1749//3396 1019//3396 1003//3396
f  1749//3396 1003//3396 1750//3396
f  1750//3397 1003//3397 994//3397
f  1750//3397 994//3397 1751//3397
f  1751//3398 994//3398 977//3398
f  1751//3398 977//3398 1752//3398
f  1752//3399 977//3399 968//3399
f  1752//3399 968//3399 1753//3399
f  1753//3400 968//3400 958//3400
f  1753//3400 958//3400 1754//3400
f  1754//3401 958//3401 956//3401
f  1754//3401 956//3401 1755//3401
f  1755//3402 956//3402 951//3402
f  1755//3402 951//3402 1756//3402
f  1756//3403 951//3403 979//3403
f  1756//3403 979//3403 1757//3403
f  1757//3404 979//3404 992//3404
f  1757//3404 992//3404 1758//3404
f  1758//3405 992//3405 964//3405
f  1758//3405 964//3405 1759//3405
f  1759//3406 964//3406 1005//3406
f  1759//3406 1005//3406 1760//3406
f  1760//3407 1005//3407 1021//3407
f  1760//3407 1021//3407 1761//3407
f  1761//3408 1021//3408 1017//3408
f  1761//3408 1017//3408 1762//3408
f  1762//3409 1017//3409 1012//3409
f  1762//3409 1012//3409 1763//3409
f  1763//3410 1012//3410 1010//3410
f  1763//3410 1010//3410 1764//3410
f  1764//3411 1010//3411 998//3411
f  1764//3411 998//3411 1765//3411
f  1765//3412 998//3412 987//3412
f  1765//3412 987//3412 1766//3412
f  1766//3413 987//3413 975//3413
f  1766//3413 975//3413 1767//3413
f  1767//3414 975//3414 972//3414
f  1767//3414 972//3414 1768//3414
f  1768//3415 972//3415 953//3415
f  1768//3415 953//3415 1769//3415
f  1769//3416 953//3416 954//3416
f  1769//3417 954//3417 1742//3417
f  1756//1755 1757//1755 1770//1755
f  1753//1755 1754//1755 1770//1755
f  1770//1755 1754//1755 1755//1755
f  1770//1755 1755//1755 1756//1755
f  1750//1755 1751//1755 1770//1755
f  1770//1755 1751//1755 1752//1755
f  1770//1755 1752//1755 1753//1755
f  1747//1755 1748//1755 1770//1755
f  1770//1755 1748//1755 1749//1755
f  1770//1755 1749//1755 1750//1755
f  1744//1755 1745//1755 1770//1755
f  1770//1755 1745//1755 1746//1755
f  1770//1755 1746//1755 1747//1755
f  1769//1755 1742//1755 1770//1755
f  1770//1755 1742//1755 1743//1755
f  1770//1755 1743//1755 1744//1755
f  1766//1755 1767//1755 1770//1755
f  1770//1755 1767//1755 1768//1755
f  1770//1755 1768//1755 1769//1755
f  1763//1755 1764//1755 1770//1755
f  1770//1755 1764//1755 1765//1755
f  1770//1755 1765//1755 1766//1755
f  1760//1755 1761//1755 1770//1755
f  1770//1755 1761//1755 1762//1755
f  1770//1755 1762//1755 1763//1755
f  1757//1755 1758//1755 1770//1755
f  1770//1755 1758//1755 1759//1755
f  1770//1755 1759//1755 1760//1755

