# File produced by Open Asset Import Library (http://www.assimp.sf.net)
# (assimp v5.2.0)

mtllib right_hip_roll_link.mtl

# 1930 vertex positions
v  0.0364965126 0.0230038855 -0.121229395
v  0.0442626104 0.0230038762 -0.121229395
v  0.0364965126 0.0230038855 -0.121690452
v  0.0442626104 0.0230038799 -0.124124065
v  0.0364965126 0.0230038874 -0.124124065
v  0.0355012529 -0.0229999926 -0.011578545
v  0.0335012525 -0.0229999982 -0.0115785226
v  0.0335012488 -0.0189724322 -0.0174100231
v  0.0355012491 -0.0189724267 -0.0174100455
v  0.0335012488 -0.0135076912 -0.021922702
v  0.0355012491 -0.0135076856 -0.0219226945
v  0.0335012451 -0.0070197247 -0.0247746985
v  0.0355012454 -0.00701971911 -0.024774693
v  0.0335012488 4.96570385e-09 -0.0257500038
v  0.0355012454 -4.34881953e-09 -0.0257499963
v  0.0335012451 0.00701971725 -0.0247747004
v  0.0355012454 0.00701972283 -0.024774693
v  0.0335012525 0.0135076819 -0.0219227076
v  0.0355012529 0.0135076875 -0.0219227001
v  0.0335012525 0.018972436 -0.0174100399
v  0.0355012491 0.0189724267 -0.0174100325
v  0.0335012451 0.0230000056 -0.0115785217
v  0.0355012454 0.0229999963 -0.011578545
v  0.0494833328 -0.0470221825 -0.00990872085
v  0.0481060036 -0.0472797751 -0.0110630905
v  0.048254475 -0.0472944193 -0.0112440381
v  0.0521108173 -0.0470034108 -0.0129119363
v  0.0496018939 -0.0473539978 -0.0129094822
v  0.0506093837 -0.0472997725 -0.0141739538
v  0.0586345866 -0.04433465 -0.00221130392
v  0.0571170971 -0.0444655977 -0.00106186757
v  0.0536656976 -0.0459380075 -0.0056956117
v  0.0571783073 -0.045409143 -0.00744800316
v  0.0600822791 -0.043948669 -0.00339585822
v  0.0564669035 -0.0457035787 -0.00834343489
v  0.0543849021 -0.0464265458 -0.010726016
v  0.0481060073 0.0476213545 -0.0110635944
v  0.0494829118 0.0473631583 -0.00990886055
v  0.0496018976 0.0476955473 -0.0129099824
v  0.0517870225 0.0473767929 -0.0125356019
v  0.0506093837 0.047641322 -0.0141744278
v  0.0521108769 0.0473453179 -0.0129124224
v  0.0590607114 0.0445781201 -0.00263595278
v  0.0600823648 0.0442905389 -0.00339629827
v  0.0583308153 0.0452221483 -0.00591590395
v  0.0569152273 0.0447058156 -0.0012050214
v  0.0558190085 0.045298811 -0.00283167115
v  0.0573254265 0.0456868336 -0.00725835375
v  0.0544822253 0.0458983704 -0.00462090224
v  0.0548800454 0.0466145612 -0.0101935659
v  0.0523048788 0.0466578081 -0.00716180867
v  0.0516781025 0.0468374453 -0.00782028027
v  0.0673292503 -0.0229415223 0.0256706905
v  0.0675795525 -0.0183129907 0.0278321411
v  0.0660713762 -0.0186076351 0.0287698768
v  0.068395704 -0.020673817 0.0252459701
v  0.0685307756 -0.017836675 0.0264867898
v  0.0681594163 -0.018094236 0.0271974672
v  0.068168655 -0.0242661852 0.0232116338
v  0.0669736713 -0.0272210632 0.0228878111
v  0.0678602457 -0.0276584607 0.0207183696
v  0.0665018708 -0.0310676936 0.0195460822
v  0.0674692988 -0.030821735 0.0177554823
v  0.0659380853 -0.0344066545 0.0157094505
v  0.0670127347 -0.0334341116 0.0147236604
v  0.0650539398 -0.0315697417 0.0203347914
v  0.0649181977 -0.0325538293 0.0193183161
v  0.0644894242 -0.0349992141 0.0164660178
v  0.0653093532 -0.0294854138 0.0222624298
v  0.0658809692 -0.0224776957 0.0270180777
v  0.0656333119 -0.0261233598 0.0248361584
v  0.0654977709 -0.0276665352 0.0237291139
v  0.0595888756 -0.0426017866 0.00329976506
v  0.0610866249 -0.0424379222 0.00214976654
v  0.0616475083 -0.0404494181 0.00774317887
v  0.0631124005 -0.0401587188 0.00668453472
v  0.06332919 -0.0379681513 0.0121748094
v  0.0647654235 -0.0375270434 0.0112456251
v  0.0662632361 -0.0358008221 0.0115035018
v  0.0628128648 -0.0416224375 0.0016870281
v  0.0646823496 -0.0390341282 0.00639215298
v  0.0655674189 -0.037394397 0.00908020977
v  0.0651799068 0.0294118356 0.0224594269
v  0.0655739754 0.0261724237 0.0249654129
v  0.0670440197 0.0264320485 0.023669688
v  0.0678767413 0.0278455149 0.0208458398
v  0.0674938709 0.0309853554 0.0179413222
v  0.0671237186 0.030623585 0.0193255246
v  0.0646980032 0.0323698223 0.0195832066
v  0.0648608953 0.0314402133 0.0205568001
v  0.0664511174 0.031035481 0.0197819136
v  0.0641018599 0.0350420289 0.0163657796
v  0.0647831932 0.0349599645 0.0160615779
v  0.0661922917 0.0344274826 0.0153607205
v  0.0670129061 0.0337759964 0.0147233661
v  0.0680857375 0.0256390329 0.0225180201
v  0.0676632002 0.0260631144 0.0231341571
v  0.0681834891 0.024403641 0.0233432855
v  0.0684057325 0.0208181944 0.0253432449
v  0.0658678561 0.0226677842 0.0270804316
v  0.0660713688 0.0189496242 0.0287696682
v  0.0674560517 0.021031769 0.0268240571
v  0.0675742552 0.0187021047 0.0278186072
v  0.0681563914 0.0184547808 0.0271946825
v  0.0685307235 0.0181786269 0.0264865868
v  0.0663995072 0.0119286859 0.0307496358
v  0.0679367334 0.0117793093 0.0297051761
v  0.0685101599 0.0116653992 0.0290012509
v  0.0688610151 0.0115432646 0.0282105785
v  0.0617678799 0.0430360585 -0.000491947285
v  0.0607924201 0.0429918915 0.00179399422
v  0.0635300502 0.0410836674 0.00336072431
v  0.062827386 0.0408566445 0.00575412903
v  0.0641423464 0.040226385 0.00491394335
v  0.0609506816 0.0411331169 0.00663425447
v  0.0592510514 0.0429977812 0.00288403826
v  0.0573246367 0.0444552191 -0.000555368431
v  0.0662676319 0.0361294784 0.0115201604
v  0.0655348375 0.0378023908 0.00897483155
v  0.0652179047 0.037585143 0.010518983
v  0.066708453 0.0348733179 0.0132896341
v  0.0644640625 0.0379316695 0.0109847318
v  0.0632658154 0.0372396447 0.0132303257
v  0.062706463 0.040845044 0.00595243322
v  0.066604197 -0.00541502563 0.0316053741
v  0.0681926906 -0.00451877154 0.030524049
v  0.0666621029 0.0001710098 0.0318442471
v  0.0677673817 0.000170856467 0.0311367549
v  0.0682501793 0.000170753425 0.030668065
v  0.0687632039 -0.00446770899 0.0297456961
v  0.0686562583 0.000170711632 0.0301408656
v  0.0688610375 -0.0112012867 0.028210694
v  0.0690640733 -0.0061579165 0.028778445
v  0.0690838695 -0.00542907231 0.0288262516
v  0.0691069663 -0.00444561196 0.0288792662
v  0.0691532418 -0.0011967147 0.0289729889
v  0.0691585839 0.000170988162 0.0289805401
v  0.0662194714 -0.0152284903 0.0298921335
v  0.0678043067 -0.0138150295 0.0292114317
v  0.0683800876 -0.0136700179 0.0285354611
v  0.0686153769 -0.00909943879 0.0293312855
v  0.0680431798 -0.00919393729 0.0300611649
v  0.0664298087 -0.0109062893 0.0308775157
v  0.0686901137 -0.0143940933 0.0275679808
v  0.0690284967 -0.0168865472 0.0251076631
v  0.0689313784 -0.0145622212 0.0265770927
v  0.0688021779 -0.0215869639 0.0230436157
v  0.0691746771 -0.0199258458 0.0226926971
v  0.0689575076 -0.0250870995 0.019344693
v  0.0695716515 -0.0248878803 0.0168828368
v  0.0693508536 -0.0226039421 0.019927714
v  0.0691927969 -0.0202481039 0.0223963242
v  0.0696693882 -0.0256358068 0.0156819895
v  0.0689143613 -0.0281730834 0.0159930903
v  0.0698587969 -0.0267835893 0.0135389958
v  0.0686724633 -0.0307259262 0.013285269
v  0.070022516 -0.0275501702 0.0118229343
v  0.0704098642 -0.028771935 0.00822181534
v  0.071454674 -0.0298276749 0.00052850123
v  0.0708804801 -0.029533295 0.00449516764
v  0.0705797523 -0.0298198219 0.00565855624
v  0.0706464127 -0.0292306207 0.00627363985
v  0.0726020634 -0.0330870897 -0.0216238964
v  0.0745208934 -0.0277424566 -0.0216445103
v  0.0737632513 -0.0274455268 -0.0125649525
v  0.0724295154 -0.0293205939 -0.00533798011
v  0.0717727095 -0.0305557679 -0.00340413745
v  0.0720779747 -0.0296203494 -0.00333715836
v  0.0750120133 -0.0241606105 -0.0176321622
v  0.075743556 -0.0217131451 -0.0206642393
v  0.0757745802 -0.0220959838 -0.0216987394
v  0.0760029927 -0.0207013674 -0.021713309
v  0.074692145 -0.0250721592 -0.0162598006
v  0.0742508769 -0.0261961706 -0.014315445
v  0.0734993741 -0.0277813803 -0.0108286534
v  0.0727651119 -0.0289340746 -0.0071404716
v  0.0659170151 -0.03999364 -0.00348306145
v  0.0630928576 -0.0422947556 -0.00364829367
v  0.060829442 -0.0444319583 -0.0126846917
v  0.0648146719 -0.039132107 0.00560677424
v  0.067307055 -0.0364267863 0.00573415263
v  0.0692147836 -0.0332788937 0.00574608101
v  0.0683588088 -0.0372142456 -0.00337883085
v  0.0703057647 -0.0340268649 -0.00335595454
v  0.069849506 -0.0378217176 -0.0216644872
v  0.06627547 -0.041590333 -0.021780109
v  0.0636944249 -0.0434076823 -0.0218942687
v  0.0614313595 -0.0446002856 -0.0220025331
v  0.076918982 -0.0162526574 -0.0253462587
v  0.0767158419 -0.0224221218 -0.0325703546
v  0.0776141956 -0.0111618862 -0.0280705243
v  0.0780194178 -0.0110222939 -0.0326602571
v  0.0780467018 -0.0056141587 -0.0297604166
v  0.0788399503 -0.0104930708 -0.0437042229
v  0.0789191648 -0.00914572179 -0.0437195413
v  0.0781952068 0.000170684492 -0.0303332265
v  0.0791613609 0.000170829197 -0.0437714383
v  0.0783200487 -0.0165272113 -0.043609377
v  0.077535294 -0.0221530609 -0.0434767008
v  0.0754214525 -0.0280079748 -0.0325396769
v  0.0765552297 -0.0265918579 -0.0432970561
v  0.0753055587 -0.0304360408 -0.0430519357
v  0.0734184012 -0.0332954042 -0.0325442851
v  0.0741238669 -0.033133518 -0.0428139009
v  0.0700561255 -0.0391173437 -0.0419706851
v  0.0711037293 -0.0379016809 -0.042191267
v  0.0705400109 -0.0379985459 -0.0326065049
v  0.0720599443 -0.0366277248 -0.0423904471
v  0.0738064721 -0.0337550491 -0.0427493565
v  0.0668632165 -0.0416743904 -0.0315775201
v  0.0673189089 -0.0416326113 -0.0413821936
v  0.067772612 -0.0412708633 -0.0414808653
v  0.0690284967 0.0172284842 0.0251074936
v  0.0690980852 0.0187733695 0.0239590853
v  0.0688021705 0.0219288822 0.0230433866
v  0.0689575151 0.0254289843 0.019344449
v  0.069451496 0.0241061617 0.0184793118
v  0.0697032511 0.0262083709 0.0152835716
v  0.0689143613 0.0285149422 0.0159928035
v  0.0685497299 0.0313034318 0.0134017617
v  0.069859162 0.0283498466 0.0120223491
v  0.0700225085 0.0278919693 0.011822667
v  0.0692565441 0.0216325372 0.0213729106
v  0.0689036846 0.0139908614 0.0270746686
v  0.0681641474 0.00602794485 0.0304411165
v  0.0687350407 0.00596669735 0.0296731144
v  0.0690665692 0.00641241996 0.0287845433
v  0.0691583827 0.00032488734 0.0289808251
v  0.0691533685 0.00152238959 0.0289731454
v  0.0691069439 0.00478856312 0.0288791712
v  0.0690840781 0.00576263852 0.0288267173
v  0.0666038096 0.00577588053 0.0316036642
v  0.0664533004 0.0106939981 0.030975027
v  0.0780466944 0.00595554989 -0.0297604986
v  0.0719303563 0.0348113887 -0.0216283873
v  0.0734184012 0.0336367525 -0.0325446352
v  0.0698495135 0.0381631926 -0.0216648765
v  0.0705400035 0.0383399092 -0.0326068848
v  0.0688954294 0.0393616445 -0.0216905046
v  0.0662754625 0.0419317931 -0.0217805281
v  0.06719134 0.0420001224 -0.0383494049
v  0.0697400272 0.0397940204 -0.0419015028
v  0.0673189163 0.0419742875 -0.0413826257
v  0.074123323 0.0334747173 -0.0428141877
v  0.0737384185 0.0342231989 -0.0427357256
v  0.0719796866 0.0370814912 -0.042371884
v  0.0711034089 0.0382427312 -0.0421886593
v  0.0752396733 0.0309485178 -0.0430382006
v  0.0754214525 0.0283493344 -0.0325399749
v  0.076507993 0.0271061156 -0.0432874076
v  0.0767158493 0.0227634739 -0.0325705893
v  0.0775016621 0.0226741917 -0.0434715822
v  0.0726020634 0.0334285647 -0.0216242298
v  0.0742631555 0.0289684124 -0.0216384213
v  0.0760029927 0.021042835 -0.0217135344
v  0.0769189745 0.0165940914 -0.0253464393
v  0.0780194104 0.011363646 -0.03266038
v  0.0776141956 0.0115032867 -0.0280706398
v  0.0789010376 0.00982107222 -0.043716006
v  0.0787984133 0.0114547899 -0.0436966196
v  0.0782736614 0.0172853861 -0.0436039194
v  0.077614896 0.022026021 -0.0434907116
v  0.067307055 0.0367685221 0.00573379407
v  0.0692147911 0.0336206444 0.00574573083
v  0.0703057721 0.0343685262 -0.00335631659
v  0.0752991885 0.0236056075 -0.0188385118
v  0.0704153106 0.0291263498 0.00817462895
v  0.0706464127 0.0295723565 0.00627333065
v  0.0705797523 0.0301615689 0.00565825496
v  0.0659170076 0.0403353013 -0.00348346308
v  0.0648146793 0.0394738577 0.00560637936
v  0.0683588162 0.037555892 -0.00337922876
v  0.063092865 0.0426364094 -0.00364872627
v  0.0644694567 0.0432618856 -0.0218592118
v  0.0614313558 0.0449417457 -0.0220029987
v  0.0608254224 0.0447715744 -0.0126293367
v  0.0745573789 0.0257727895 -0.0156729203
v  0.0708956346 0.029890364 0.00438363804
v  0.071454674 0.0301693622 0.000528200006
v  0.0717727095 0.0308974255 -0.003404452
v  0.0716854781 0.0301472079 -0.000950631453
v  0.0723369494 0.0297521222 -0.00482388167
v  0.0726127326 0.0313666388 -0.0125130238
v  0.0730528757 0.0288721379 -0.00862425938
v  0.0737632513 0.0277870875 -0.0125652263
v  0.0735326037 0.0280614123 -0.0109887728
v  0.0738004595 0.02753653 -0.0122566978
v  0.0710957125 0.0347978659 -0.0124980183
v  0.0695068762 -0.0034593849 0.0267563947
v  0.0692877769 -0.00419494743 0.0280367043
v  0.0693745986 -0.00827711076 0.0267870855
v  0.0694941804 0.000170977248 0.0270002186
v  0.0692519173 0.000170988031 0.0285221897
v  0.0697570667 -0.0149834603 0.0223471932
v  0.0697050765 -0.0136660151 0.0231864471
v  0.0696109831 -0.0104419626 0.0248288773
v  0.0695460588 -0.00700662797 0.026028607
v  0.0691475645 -0.00860155746 0.0278322138
v  0.0699027926 -0.0178425647 0.0201152451
v  0.0700964406 -0.0203707162 0.0175234489
v  0.0703447312 -0.0225264654 0.0146264406
v  0.0706384555 -0.0241893847 0.0116451113
v  0.0707462803 -0.0246390104 0.0106529705
v  0.0718211085 -0.0283431318 0.00057408202
v  0.0720787421 -0.0268225875 0.000595483638
v  0.0716163889 -0.0265738666 0.00370556093
v  0.0711453632 -0.0258400384 0.00724124862
v  0.0713410228 -0.0262161549 0.00572010688
v  0.0757872835 -0.0205809586 -0.019615151
v  0.0726537555 -0.0266593639 -0.00301922997
v  0.0727408007 -0.0278855022 -0.00501489686
v  0.0729429796 -0.0264145285 -0.00470887078
v  0.0748252273 -0.0238229167 -0.0154204136
v  0.0745038986 -0.0235882606 -0.0128266094
v  0.0737624168 -0.0263640545 -0.01040156
v  0.0739338547 -0.0248987004 -0.0100249387
v  0.0732778609 -0.0260144901 -0.00658021215
v  0.0757938474 -0.0193209909 -0.0186823811
v  0.0751652941 -0.0216502957 -0.0159007106
v  0.0748765543 -0.0225546006 -0.014579339
v  0.075976938 -0.0185370892 -0.0194669459
v  0.0778084621 0.000170712039 -0.0269991327
v  0.0777763724 -0.00244510151 -0.0268724319
v  0.0765263215 -0.0157711208 -0.0217902176
v  0.0767349228 -0.0145178158 -0.0226537567
v  0.0776842088 -0.00498859258 -0.0265015457
v  0.0776310042 -0.005986128 -0.0262878127
v  0.0773692653 -0.00942721311 -0.0252354331
v  0.076997228 -0.0127099575 -0.0237286072
v  0.0707463399 0.0249805152 0.0106526138
v  0.0710875914 0.0260474291 0.00770672644
v  0.0713410676 0.0265576784 0.0057197893
v  0.0715494826 0.0268448275 0.00418269075
v  0.072078757 0.0271641705 0.000595201389
v  0.0718211606 0.0286848191 0.000573781203
v  0.0697570965 0.0153252631 0.0223468747
v  0.0697963536 0.0162263718 0.0217086673
v  0.0704157278 0.0233390648 0.0138678476
v  0.0699462965 0.0188463647 0.0195015371
v  0.0701535121 0.0212918203 0.0168203004
v  0.0696471706 0.0121854264 0.0241819341
v  0.0694961473 0.00172937196 0.0269555021
v  0.0692877695 0.00453692442 0.028036654
v  0.0693745986 0.0086190775 0.0267869942
v  0.0691473633 0.00894379988 0.0278329644
v  0.0695705712 0.00883507915 0.0255722571
v  0.069520466 0.00532748038 0.02650428
v  0.0736472234 0.000170843894 2.37692911e-05
v  0.073413901 -0.0108016888 0.000108806758
v  0.0728137568 -0.01997138 0.000327346497
v  0.0777491331 0.00373752089 -0.0267627314
v  0.0776842162 0.00532999961 -0.0265016053
v  0.0775734335 0.00724275783 -0.0260567199
v  0.0772846267 0.0106220953 -0.0248941854
v  0.0768917724 0.0138149597 -0.0232979897
v  0.0767349228 0.0148592722 -0.022653928
v  0.075976938 0.018878594 -0.0194671601
v  0.0764054731 0.0167800765 -0.0212861877
v  0.0722488835 0.027165547 -0.000518024084
v  0.0727408156 0.02822713 -0.0050151716
v  0.0737624243 0.0267056115 -0.0104018413
v  0.0757872909 0.020922441 -0.0196153522
v  0.0753636733 0.0213136394 -0.0167921651
v  0.0748252198 0.0241644401 -0.0154206492
v  0.0747126788 0.023368638 -0.0138157485
v  0.0740456879 0.0250080787 -0.0105875218
v  0.0728437975 0.026851071 -0.00413788995
v  0.0729429871 0.026756078 -0.00470911944
v  0.0734820291 0.0260546729 -0.0076815919
v  0.072983332 0.0182687119 0.000265411742
v  0.0732816681 0.0137921544 0.000156835042
v  0.0732809007 0.0138058932 0.000157095841
v  0.0734927431 0.00915417075 7.99983245e-05
v  0.0335012525 0.0189724378 0.0174100287
v  0.0335012451 -0.023 0.0115785263
v  0.0335012488 -0.0189724304 0.0174100455
v  0.0335012488 0.0230000038 0.0115785263
v  0.0335012488 -0.0135076921 0.0219227131
v  0.0335012525 -0.00701971259 0.0247747041
v  0.0335012488 0.013507681 0.0219227057
v  0.0335012525 -6.22731589e-11 0.0257500075
v  0.0335012525 0.00701971445 0.0247747041
v  0.0355012491 0.0229999945 0.0115785338
v  0.0355012491 0.0189724285 0.0174100343
v  0.0355012491 0.0135076866 0.0219227131
v  0.0355012529 0.00701972004 0.0247747097
v  0.0355012529 5.52531132e-09 0.0257499851
v  0.0355012529 -0.0070197219 0.0247747116
v  0.0355012491 -0.0135076866 0.0219226889
v  0.0355012491 -0.0189724397 0.0174100213
v  0.0355012454 -0.0229999945 0.0115785329
v  0.0708344132 0.0311167836 -0.121229425
v  0.0709991083 0.0308540631 -0.12122941
v  0.0493472703 0.0175330341 -0.121229373
v  0.0435601845 -0.0417793393 -0.121229194
v  0.0400959328 -0.0420391224 -0.121229194
v  0.0355012491 -0.0373386815 -0.121229224
v  0.0362664424 -0.0424646363 -0.121229209
v  0.0355012454 -0.0425657853 -0.121229194
v  0.0754926726 0.0149404993 -0.121229373
v  0.075576663 0.0141044846 -0.121229365
v  0.0529229119 0.0109756989 -0.121229358
v  0.0250012502 -0.0257878527 -0.121229239
v  0.0309965443 -0.0250801947 -0.121229246
v  0.0547679067 0.00373831438 -0.121229336
v  0.0754475296 -0.0150177795 -0.121229284
v  0.050793156 -0.0410239957 -0.121229202
v  0.0498126447 -0.0411602408 -0.121229209
v  0.0190059561 -0.0250801984 -0.121229254
v  0.00573989237 -0.0229961146 -0.121229254
v  0.0133401835 -0.0229961239 -0.121229261
v  0.0442626104 -0.0229961276 -0.121229261
v  0.0366623104 -0.0229961183 -0.121229254
v  0.0742629766 0.022485951 -0.121229388
v  0.0748242661 0.0197570436 -0.121229388
v  0.0355012491 0.0398315713 -0.12122944
v  0.0355012491 0.0429067835 -0.121229447
v  0.0362664498 0.0428056344 -0.121229447
v  0.0309062451 0.0250259414 -0.121229395
v  0.0303077567 0.0408869013 -0.12122944
v  0.0250012502 0.0257121548 -0.121229395
v  0.072257556 0.0284923054 -0.121229403
v  0.0733848363 0.025610514 -0.121229395
v  0.0397241563 0.0424144305 -0.12122944
v  0.0625805184 -0.0378366932 -0.121229209
v  0.0620192103 -0.038090609 -0.121229216
v  0.0493472666 -0.0175252706 -0.121229269
v  0.0529229082 -0.0109679447 -0.121229298
v  0.0759740025 -0.00787769258 -0.121229306
v  0.0547679067 -0.00373054994 -0.121229306
v  0.0761318356 0.000170439977 -0.121229321
v  0.076006487 0.00741699338 -0.121229343
v  0.0303081144 -0.0383939669 -0.121229209
v  0.024957031 -0.0387535617 -0.121229216
v  0.0160561856 -0.0377507545 -0.121229216
v  0.0584657118 -0.0393869765 -0.121229202
v  0.0547701567 -0.040323168 -0.121229209
v  0.0435601622 0.0421203524 -0.121229455
v  0.0470277853 0.0418250933 -0.121229447
v  0.0483828187 0.0416784845 -0.121229447
v  0.0746826753 -0.0201820023 -0.121229269
v  0.0742406547 -0.0222386774 -0.121229261
v  0.073124364 -0.0260234848 -0.121229246
v  -0.0047654123 0.00373831205 -0.121229343
v  -0.0140405223 0.0101469327 -0.121229358
v  -0.00292041409 0.0109757064 -0.121229351
v  -0.0110822367 0.0186014716 -0.12122938
v  0.000655233162 0.0175330322 -0.12122938
v  -0.00631681457 0.0261857454 -0.121229403
v  0.0057398905 0.0230038743 -0.121229388
v  1.68004135e-05 0.0325194709 -0.121229418
v  0.0135059869 0.0230038799 -0.121229388
v  0.00760099618 0.0372850336 -0.121229433
v  0.0190962553 0.0250259396 -0.121229388
v  0.0160554815 0.0402434729 -0.12122944
v  0.0249563139 0.0412464365 -0.121229447
v  0.0538484231 0.0408506505 -0.121229447
v  0.0584938154 0.0397194885 -0.12122944
v  0.0598760098 0.0392702818 -0.12122944
v  0.0669875741 -0.0351144038 -0.121229216
v  0.0712284222 -0.0301315468 -0.121229239
v  0.0676321834 -0.0345640555 -0.121229224
v  0.0695895106 -0.0325070061 -0.121229231
v  0.0717018098 -0.0292801671 -0.121229239
v  0.0646429583 -0.0367483795 -0.121229216
v  0.0076016481 -0.0347924642 -0.121229216
v  1.73660865e-05 -0.0300270356 -0.121229239
v  0.00065522996 -0.0175252724 -0.121229276
v  -0.00631635869 -0.023693433 -0.121229246
v  -0.00292041292 -0.0109679373 -0.121229291
v  -0.0110819247 -0.0161092337 -0.121229276
v  -0.00476540765 -0.00373055227 -0.121229306
v  -0.014040364 -0.00765475444 -0.121229291
v  -0.0150433267 0.00124607887 -0.121229321
v  0.0665065646 0.035834033 -0.121229433
v  0.0685993657 0.0339709297 -0.121229425
v  0.0703934878 0.031778127 -0.121229425
v  0.0630955771 0.0379301086 -0.12122944
v  0.0658664107 0.0363004208 -0.121229433
v  0.0355012529 0.0412467644 -0.0784035176
v  0.0355012529 0.0412467904 -0.0731035173
v  0.0355012491 0.0468884744 -0.0622567013
v  0.0355012491 0.0398321375 -0.0784035027
v  0.0355012491 0.0440438464 -0.10434173
v  0.0355012491 0.0434610583 -0.111684673
v  0.0355012529 0.0470727719 -0.0180310048
v  0.0355012491 0.0472079329 -0.0200913288
v  0.0355012454 -0.0466747843 -0.0589952059
v  0.0355012529 -0.0387532078 -0.0731031075
v  0.0355012491 -0.045797497 -0.0767180473
v  0.0355012491 -0.0387532339 -0.0784030929
v  0.0355012491 0.0460506082 -0.0781382695
v  0.0355012491 0.0456812344 -0.0837039798
v  0.0355012454 0.0454149954 -0.0874277651
v  0.0355012491 0.0362344123 -0.0731034875
v  0.0355012491 0.0362012088 -0.0730027258
v  0.0355012529 0.036190819 -0.072903499
v  0.0355012491 0.0361909084 -0.0668034926
v  0.0355012454 0.0472396314 -0.0518060066
v  0.0355012491 -0.0336974598 -0.0668031201
v  0.0355012491 -0.03369743 -0.072903119
v  0.0355012529 -0.0337410383 -0.0731031299
v  0.0355012491 0.0472463779 -0.0234617237
v  0.0355012529 0.047375977 -0.0310705099
v  0.0355012491 -0.0427777171 -0.116808265
v  0.0355012491 -0.0429465435 -0.11411725
v  0.0355012491 -0.0373388156 -0.0784031078
v  0.0355012529 -0.0437026843 -0.104341276
v  0.0355012529 -0.0453033336 -0.0842267796
v  0.0355012491 0.0472098477 -0.0222473722
v  0.0355012491 0.0440773629 0.00479080761
v  0.0355012491 0.0448062755 0.00135658321
v  0.0355012491 -0.0336974822 -0.0628031194
v  0.0355012491 0.0361909643 -0.062803492
v  0.0355012454 0.0474075414 -0.0344286971
v  0.0355012491 0.0473443344 -0.0468078069
v  0.0355012491 0.0431787111 0.00837851875
v  0.0355012454 0.0415016674 0.0138360588
v  0.0355012491 0.0315797739 0.0317031704
v  0.0355012454 0.034195181 0.0284283645
v  0.0355012529 0.0308212489 0.0325341895
v  0.0355012491 0.0459410958 -0.00552444253
v  0.0355012529 0.0466401391 -0.0116445431
v  0.0355012491 0.0346787162 0.0277430192
v  0.0355012491 0.0370299108 0.0239650011
v  0.0355012491 0.0393694937 0.0192790721
v  0.0355012491 -0.0259387903 0.0366283506
v  0.0355012529 -0.0227165129 0.0387961343
v  0.0355012529 0.0279399026 0.0352899879
v  0.0355012491 0.0269118156 0.0361387096
v  0.0355012529 0.0145897269 0.0424233638
v  0.0355012454 0.0184061639 0.0411061719
v  0.0355012491 0.0203028098 0.0402690284
v  0.0355012491 0.0237191245 0.0383941084
v  0.0355012491 0.000171331587 0.0443562791
v  0.0355012491 0.00390082784 0.0442356355
v  0.0355012454 0.00876897946 0.0437002741
v  0.0355012529 0.0136600649 0.0426806211
v  0.0355012491 -0.0463649295 -0.0123910047
v  0.0355012529 -0.0455989279 -0.00552398013
v  0.0355012529 -0.0444655828 0.00134912936
v  0.0355012529 -0.0428363942 0.00837894809
v  0.0355012491 -0.0414767899 0.0128977979
v  0.0355012491 -0.0469451882 -0.0497945622
v  0.0355012529 -0.0468979478 -0.0518051609
v  0.0355012529 -0.00470114779 0.0441493429
v  0.0355012491 -0.00965232123 0.0434935056
v  0.0355012454 -0.0300592929 0.0329739638
v  0.0355012529 -0.0270676743 0.035735514
v  0.0355012529 -0.039494209 0.018200377
v  0.0355012491 -0.0391407944 0.0190219153
v  0.0355012529 -0.036960613 0.023471944
v  0.0355012491 -0.0362790711 0.0246801879
v  0.0355012454 -0.0470656715 -0.0344282091
v  0.0355012529 -0.0470600612 -0.033728607
v  0.0355012529 -0.0469043888 -0.0234612562
v  0.0355012491 -0.046867799 -0.0222455543
v  0.0355012529 -0.0468689948 -0.0201808885
v  0.0355012491 -0.0467307381 -0.0180305261
v  0.0355012491 -0.0215950701 0.0394339859
v  0.0355012491 -0.0180698074 0.0411046818
v  0.0355012491 -0.0180635192 0.0411063582
v  0.0355012491 -0.0175321344 0.0413173139
v  0.0355012491 -0.0137118902 0.0425743386
v  0.0355012529 -0.0118994759 0.0430316702
v  0.0355012417 -0.0338526554 0.0284287073
v  0.0355012529 -0.0327992924 0.0298300385
v  0.0348964259 0.0470912568 -0.0182352774
v  0.0351617001 0.0470833853 -0.018146161
v  0.0348992087 0.0470832475 -0.018024927
v  0.034957584 0.0466620289 -0.011633141
v  0.0349589139 0.0466399528 -0.0113921026
v  0.0349769332 0.0459411032 -0.00528239366
v  0.0417118855 0.0419945456 -0.123898134
v  0.0435634106 0.0418574736 -0.123898447
v  0.0435607582 0.0419951193 -0.122507282
v  0.0417247489 0.0421252884 -0.122519054
v  0.0399027057 0.042286858 -0.122546948
v  0.0381641462 0.0423874781 -0.123897567
v  0.0362321511 0.0426615216 -0.123897262
v  0.0651493594 0.0364025496 -0.123901881
v  0.0757404342 0.000170359563 -0.123903371
v  0.0756556094 0.00632979907 -0.123903394
v  0.075366132 0.0120804692 -0.123903386
v  0.0735529587 0.0237864889 -0.12390317
v  0.0743416846 0.0203303155 -0.123903275
v  0.0748133585 0.017422922 -0.123903327
v  0.0713912472 0.0294501167 -0.123902857
v  0.0725074708 0.0269812793 -0.123903014
v  0.0674849898 0.0345931649 -0.123902261
v  0.0699153617 0.0318539515 -0.123902634
v  0.0684128851 0.0336792208 -0.123902403
v  0.0681301802 0.0339723118 -0.123902358
v  0.0529263206 0.0407485999 -0.123899952
v  0.0573745705 0.0397492088 -0.123900652
v  0.0587102845 0.0393542275 -0.123900861
v  0.0609821677 0.0385446958 -0.123901233
v  0.0624335892 0.0379138477 -0.123901457
v  0.047135286 0.0415499248 -0.123899013
v  0.0656842589 -0.0372270383 -0.123901516
v  0.0616371222 -0.0393015593 -0.123900846
v  0.0618338846 -0.0378459394 -0.123900883
v  0.0640757531 -0.0367198959 -0.123901248
v  0.0664168745 -0.0351543278 -0.123901643
v  0.069220528 -0.0343368128 -0.123902105
v  0.0436489768 0.0431103483 -0.123898469
v  0.0523680039 0.0421216525 -0.123899862
v  0.0253591668 -0.0446095578 -0.123894952
v  0.02535557 -0.044609528 -0.12389496
v  0.0253555644 -0.0434196405 -0.123894967
v  0.072887592 0.0293213893 -0.123903096
v  0.0706161112 0.0330539905 -0.123902746
v  0.0690738261 0.0348291919 -0.123902507
v  0.0673247203 0.0364003628 -0.123902231
v  0.0634884238 0.038808737 -0.123901643
v  0.0590699837 0.040564619 -0.123900935
v  0.036410097 0.0438767113 -0.123897292
v  0.0308736823 0.0446850099 -0.123896413
v  0.0289072171 0.0436578654 -0.123896092
v  0.0253591686 0.0449510254 -0.123895526
v  0.0253555644 0.0437606163 -0.123895451
v  0.0253555644 0.0449509956 -0.123895459
v  0.0308736823 -0.0443435423 -0.123895854
v  0.0558428466 -0.0410937369 -0.123899907
v  0.0553524345 -0.0399157293 -0.123899832
v  0.058726728 -0.0390080735 -0.123900384
v  0.0753962547 -0.0212666746 -0.12390317
v  0.0739263669 -0.0265112035 -0.123902909
v  0.0724529549 -0.0267791897 -0.123902671
v  0.0684618577 -0.033286076 -0.123901978
v  0.06916859 -0.0324818864 -0.123902097
v  0.0718474016 -0.0309056658 -0.123902544
v  0.0708578527 -0.0300678201 -0.123902395
v  0.0722492859 -0.0272790492 -0.123902641
v  0.0758979619 0.0188638214 -0.123903513
v  0.0746413171 0.0246591475 -0.123903349
v  0.0478763841 -0.0423925593 -0.123898603
v  0.0436489508 -0.0427689031 -0.123897932
v  0.0435634144 -0.041516535 -0.123897918
v  0.0489745438 -0.0410011187 -0.123898797
v  0.051021833 -0.0407214612 -0.123899125
v  0.053992983 -0.0402053669 -0.123899609
v  0.0290648639 -0.0433056243 -0.123895571
v  0.0327248983 -0.0428790972 -0.123896152
v  0.036410097 -0.0435352586 -0.12389674
v  0.0362321511 -0.0423205607 -0.123896725
v  0.0416175053 -0.0416615419 -0.123897605
v  0.077031143 0.000170452578 -0.123903573
v  0.0766916424 0.0116021605 -0.123903602
v  0.0736951083 -0.0229096971 -0.123902887
v  0.0746218562 -0.0183738414 -0.123903081
v  0.0764031559 -0.0146379359 -0.123903394
v  0.0749696419 -0.0158728734 -0.12390314
v  0.0769460797 -0.00595109351 -0.123903528
v  0.0755401924 -0.00890441798 -0.123903275
v  0.0399027057 -0.0419458747 -0.122546554
v  0.0417247489 -0.0417843126 -0.122518666
v  0.0348971076 -0.0484488681 -0.018183358
v  0.0392958298 -0.0482510217 -0.0164562948
v  0.034957923 -0.0480227247 -0.0115713812
v  0.043308951 -0.0479242355 -0.0143715842
v  0.0349771567 -0.0472802743 -0.00500268675
v  0.0469056591 -0.0474742241 -0.0119887944
v  0.029825462 -0.0449521244 -0.123400651
v  0.0253563896 -0.0451100469 -0.123391069
v  0.0364824422 -0.044030305 -0.123425581
v  0.0350750722 -0.0442423671 -0.123427711
v  0.0348992981 -0.0442697704 -0.123427808
v  0.0348114185 -0.0442835391 -0.123427778
v  0.0346356779 -0.0443111956 -0.123427585
v  0.0344599672 -0.0443390012 -0.123427197
v  0.0342842713 -0.0443669446 -0.123426586
v  0.0341085903 -0.0443950035 -0.123425737
v  0.0340207592 -0.0444090553 -0.123425215
v  0.0338451043 -0.0444372185 -0.123423986
v  0.0337572806 -0.0444513001 -0.123423293
v  0.0335816145 -0.0444794036 -0.123421766
v  0.0334937759 -0.0444934107 -0.123420931
v  0.03331808 -0.044521261 -0.123419218
v  0.0332302116 -0.0445350893 -0.123418324
v  0.0330544375 -0.0445624813 -0.123416558
v  0.0329665244 -0.0445760265 -0.123415656
v  0.0326146968 -0.0446289405 -0.123412289
v  0.0312035009 -0.0448147319 -0.123403132
v  0.0423130691 -0.0433628187 -0.123443931
v  0.0436841361 -0.0432652868 -0.123446912
v  0.0436841547 0.0436066054 -0.123447448
v  0.0378438532 0.0441824123 -0.123428218
v  0.0364824422 0.0443717726 -0.123426132
v  0.0364919268 -0.0445957296 -0.114007689
v  0.036497239 -0.045191396 -0.106641807
v  0.0436865911 -0.0450370833 -0.104489483
v  0.0364991687 -0.0453749299 -0.104488365
v  0.0775255039 0.000170455431 -0.123478793
v  0.0775218457 -0.00117269054 -0.123479083
v  0.0775105208 -0.00251580682 -0.123479091
v  0.0495653898 -0.0426938422 -0.123448633
v  0.0533782281 -0.0421087667 -0.123449624
v  0.0571203567 -0.0412943624 -0.123452723
v  0.0664857179 -0.037291348 -0.123462237
v  0.0659525245 -0.0376449563 -0.12346112
v  0.0639160797 -0.0388093367 -0.123457871
v  0.0605983213 -0.0402320065 -0.123455934
v  0.0687702522 -0.0354738161 -0.123464882
v  0.0695692524 -0.0346914455 -0.123464927
v  0.07306391 -0.0297398381 -0.123470329
v  0.0722705796 -0.0311622005 -0.123470441
v  0.071471706 -0.0323838294 -0.123469852
v  0.0699399784 -0.0342955217 -0.123465389
v  0.0743912309 -0.0266810283 -0.123472705
v  0.0734695122 -0.0289104246 -0.123470634
v  0.0765167251 -0.0177523512 -0.123474166
v  0.0759420767 -0.0210737325 -0.123474054
v  0.0748676136 -0.0252782032 -0.123473749
v  0.077461727 -0.00520172622 -0.123478271
v  0.0772321448 -0.0105702579 -0.123477414
v  0.0771471038 -0.0118180662 -0.123477824
v  0.0626781136 0.0397399999 -0.123457246
v  0.0637100637 0.0392543897 -0.123458132
v  0.0775219128 0.00150376663 -0.123479113
v  0.0774627551 0.00550267193 -0.123478368
v  0.0775107518 0.00283698831 -0.123479135
v  0.076759927 0.0162405651 -0.123476274
v  0.0772375688 0.0108248144 -0.123477519
v  0.0759692043 0.0212815218 -0.123474278
v  0.0761250481 0.0204761587 -0.123474009
v  0.0763883814 0.0189415198 -0.123473875
v  0.0751250386 0.0247657243 -0.123474412
v  0.0740165263 0.02799513 -0.12347205
v  0.0733345002 0.0295367427 -0.123470858
v  0.0709149987 0.033477556 -0.123468563
v  0.0711543784 0.0331630222 -0.123469375
v  0.0727757663 0.0306258071 -0.123470709
v  0.0699401572 0.0346367732 -0.123465829
v  0.0689408779 0.0356556997 -0.123465285
v  0.0666542649 0.0375161618 -0.123463079
v  0.0657965913 0.0380856059 -0.123461276
v  0.0590728745 0.0410834029 -0.123455621
v  0.0556606054 0.0419875085 -0.123451114
v  0.0524500646 0.0426121242 -0.123450279
v  0.0450234674 0.0435048193 -0.123447821
v  0.046003826 0.0434206128 -0.123447955
v  0.0503669456 0.0429288 -0.123449758
v  0.0364919081 0.0449413843 -0.113952473
v  0.0436865985 0.0453787521 -0.104489952
v  0.0364977196 0.0454749912 -0.107336544
v  0.0364991762 0.0457165986 -0.104488827
v  0.0253563914 0.0454510003 -0.123391658
v  0.0309446119 0.0451852269 -0.123402923
v  0.025712166 0.0454528518 -0.123396084
v  0.0276687294 0.0454238281 -0.123401366
v  0.0309311524 0.0451866873 -0.123402894
v  0.0348971114 0.0487900004 -0.0181838777
v  0.0349579304 0.0483642891 -0.0115718385
v  0.0364617221 0.048736807 -0.0176289454
v  0.0406749509 0.048497729 -0.0158007834
v  0.0445808843 0.0481265411 -0.0135908909
v  0.0349771567 0.0476215407 -0.00500316126
v  0.0349711627 0.0464377776 0.00214233459
v  0.0349562913 0.0448114499 0.00916833058
v  0.0349497162 0.0435932837 0.0132820169
v  0.0349466652 0.0416812524 0.0185324959
v  0.0349482894 0.0431183241 0.0147035774
v  0.0253590979 0.0454221889 -0.121731527
v  0.0309384465 0.0452721566 -0.113947831
v  0.0253872667 0.0457097441 -0.10448695
v  0.0268161129 0.0457383431 -0.104487278
v  0.0253751017 0.0453166328 -0.111935101
v  0.0253718253 0.0452727824 -0.113941655
v  0.0335143507 0.0490523279 -0.0463432148
v  0.0337675996 0.0490793884 -0.0439878814
v  0.0359115191 0.0490674637 -0.0450931601
v  0.0771166459 0.0273821168 -0.0630818605
v  0.0750963241 0.0326310955 -0.062790364
v  0.0801603943 0.000171331296 -0.0760398582
v  0.0800008252 0.000171403954 -0.0901263356
v  0.0798107535 0.010630874 -0.0836325288
v  0.025413027 0.0469462648 -0.0887150168
v  0.035843242 0.0459900871 -0.101504453
v  0.0467765369 0.0453265607 -0.102113836
v  0.0521838218 0.0446228161 -0.102419533
v  0.0570190102 0.042688977 -0.113363221
v  0.0621088371 0.0410925746 -0.113508396
v  0.0668444335 0.0386592038 -0.113637425
v  0.0708791837 0.0352011658 -0.113740593
v  0.0738978758 0.0308333915 -0.113815561
v  0.0759171471 0.0259250309 -0.11386586
v  0.0771869496 0.0207755808 -0.113896318
v  0.0783989578 0.0102515062 -0.113927908
v  0.0785232782 0.000170873973 -0.11542511
v  0.0799894482 0.00017115644 -0.0634625554
v  0.0796673372 0.0107878139 -0.0634116009
v  0.079902254 0.000171085892 -0.0602985434
v  0.07839486 0.0219146069 -0.0632509291
v  0.0721182004 0.0373994447 -0.0623455532
v  0.0737368688 0.0350975543 -0.0625890121
v  0.0658131912 0.0429006964 -0.0613500103
v  0.0681266189 0.041329626 -0.0617244542
v  0.0702407882 0.0394893326 -0.0620573796
v  0.0644190535 0.0439015031 -0.0407315828
v  0.063344568 0.0442019515 -0.0609410927
v  0.0614295714 0.0453353822 -0.0400560834
v  0.0581061058 0.0460707061 -0.0600566454
v  0.0581518374 0.046445664 -0.0393167213
v  0.0543486588 0.0473697074 -0.0384713486
v  0.0526732169 0.0472850315 -0.0591413081
v  0.0535419844 0.0475330018 -0.0382934548
v  0.0471468121 0.0480871312 -0.0582198799
v  0.0479729511 0.0484006852 -0.0370743312
v  0.0343148969 0.0491165482 -0.0367584303
v  0.0344492421 0.0491022095 -0.0341967791
v  0.0412610285 0.0489627831 -0.0356313363
v  0.0447224341 0.0487309545 -0.0363719463
v  0.0415619463 0.0485742353 -0.0572995618
v  0.035937611 0.0488029681 -0.0563852414
v  0.0328391343 0.0489584804 -0.0510334782
v  0.0267537031 0.0483371317 -0.0652279258
v  0.0272400472 0.0483827665 -0.0645633414
v  0.0359345526 0.0476946197 -0.0789603591
v  0.0281822607 0.0484643318 -0.0634059086
v  0.0296168961 0.0485902578 -0.0612597279
v  0.0254442431 0.0480865091 -0.0696008503
v  0.0256668869 0.0481826514 -0.0677395985
v  0.0259167254 0.0482304133 -0.0669052824
v  0.0307008252 0.0486980267 -0.0589705594
v  0.0318130106 0.0488242134 -0.0556618571
v  0.0632714927 0.0432271399 -0.0819869563
v  0.0680860728 0.0405002572 -0.0825076103
v  0.0702297762 0.0387414731 -0.0827289969
v  0.0721399114 0.0367287844 -0.0829206854
v  0.0737890005 0.0344959423 -0.0830827281
v  0.0751731545 0.0320905037 -0.0832168087
v  0.0772258565 0.0269475728 -0.0834111795
v  0.0785273984 0.0215770658 -0.0835242495
v  0.0793278739 0.0161190443 -0.0835885108
v  0.0471044593 0.0469622537 -0.0801790729
v  0.0526148826 0.0461879633 -0.0807911828
v  0.0580352806 0.0450170636 -0.0813992918
v  0.0575122461 0.0435381122 -0.102723077
v  0.0626743734 0.0418698303 -0.103016391
v  0.0731710494 0.0336190164 -0.103564993
v  0.0745564476 0.0312960371 -0.103632629
v  0.0766003355 0.0263020992 -0.103731312
v  0.0794173628 0.000171232707 -0.104076646
v  0.0791419372 0.0103920205 -0.103847139
v  0.0786802322 0.0157485977 -0.103823513
v  0.0778917074 0.0210715737 -0.103789605
v  0.067457296 0.0393312462 -0.103276536
v  0.0696013272 0.0376753956 -0.103387356
v  0.0715169162 0.0357613638 -0.103483498
v  0.0646662787 0.0435669236 -0.03167025
v  0.0543032512 0.0473819822 -0.0369573794
v  0.0445620492 0.0487254113 -0.0326009393
v  0.0604901128 0.0456788018 -0.0366687737
v  0.0648664609 0.0435792059 -0.0364728086
v  0.0603115484 0.0456810482 -0.0318689868
v  0.0541284047 0.0473960005 -0.032155674
v  0.0580364577 0.0462404527 -0.0221755542
v  0.0597606078 0.0456422493 -0.0220867302
v  0.0440810956 0.0485942252 -0.0229255762
v  0.0489057377 0.0481034033 -0.0226640981
v  0.0543624349 0.0471979231 -0.0223702807
v  0.0348062404 0.0489509813 -0.0234561898
v  0.0419462845 0.0487393774 -0.023043694
v  0.0346672796 0.0490491502 -0.028659936
v  0.0344648138 0.049100291 -0.0338636599
v  0.0348267332 0.0472189561 -0.0224643182
v  0.0348812453 0.0471695215 -0.019310087
v  0.0348051488 0.0472546332 -0.0235066079
v  0.03446481 0.0474007688 -0.0338636562
v  0.0346664637 0.0473498516 -0.0286851674
v  0.0348277278 0.0489144251 -0.0224139094
v  0.0348657928 0.0488545597 -0.0202988479
v  0.0349573605 0.0431785509 0.00863031298
v  0.0349719264 0.0447803177 0.00173372508
v  0.0349477269 0.0410124958 0.0154790003
v  0.0349466354 0.0390052609 0.0203492716
v  0.0349466354 0.0409075581 0.0203492735
v  0.0349484086 0.0413432717 0.0145579986
v  0.034448754 0.0474031791 -0.0342071094
v  0.0343142971 0.0474160314 -0.0367687419
v  0.0337675996 0.0473834872 -0.0439878739
v  0.0281822886 0.0467615165 -0.0634058714
v  0.0272400603 0.0466805324 -0.0645633191
v  0.0282273311 0.0467652567 -0.0633502081
v  0.0284042936 0.0467800759 -0.0631250069
v  0.0290634017 0.0468372516 -0.0621865802
v  0.0299400352 0.04691891 -0.0606498867
v  0.0310639981 0.0470355228 -0.0580221005
v  0.0313135758 0.0470636487 -0.0573027432
v  0.0323284492 0.0471881665 -0.0536025763
v  0.0327821039 0.0472495183 -0.0513538159
v  0.0330316462 0.0472844765 -0.0498772524
v  0.0254442412 0.0463834256 -0.0696008131
v  0.0254880022 0.0464236923 -0.0687781647
v  0.0259007048 0.0465240106 -0.0669501945
v  0.0262349565 0.0465732776 -0.0661459938
v  0.025371464 0.043568112 -0.114163719
v  0.0254186522 0.045479048 -0.0852722973
v  0.0253874976 0.0440148972 -0.104343794
v  0.0253794715 0.0437120795 -0.109257922
v  0.0253780093 0.0436747074 -0.110153139
v  0.0253633801 0.0436295122 -0.119110435
v  0.0253689773 0.0435589068 -0.115686521
v  0.03081722 0.0435674861 -0.114182979
v  0.0263475943 0.0440337174 -0.104343534
v  0.0480265096 0.0480524078 -0.0161006674
v  0.0440655053 0.0484941304 -0.0185360126
v  0.0434826054 0.0484473146 -0.016818719
v  0.0420329347 0.0485270955 -0.0169853587
v  0.0432244092 0.048430521 -0.0163425151
v  0.0422912054 0.0485435054 -0.0174615569
v  0.0400035977 0.0487706289 -0.0205070451
v  0.0578081496 0.0459887423 -0.0127807055
v  0.0544792078 0.046904251 -0.0129602877
v  0.0349471793 -0.0186557416 0.0431182273
v  0.0349471308 -0.0226194356 0.0412191898
v  0.0349470824 -0.0259949267 0.0390927754
v  0.0349470712 -0.0267299544 0.038556695
v  0.0349470451 -0.0279176533 0.0376286693
v  0.0349470042 -0.0298092142 0.0359806754
v  0.0349469334 -0.0326261856 0.0330716148
v  0.0349468589 -0.0351898894 0.029840827
v  0.0432244241 -0.0480889939 -0.0163420308
v  0.0434826016 -0.0481058024 -0.0168182086
v  0.0388922505 -0.0484785847 -0.0209669247
v  0.0430915616 -0.0482332706 -0.0190522037
v  0.0422911867 -0.0482020006 -0.0174610224
v  0.0469880663 -0.0478466786 -0.0167946834
v  0.0348277278 -0.0485733375 -0.0224133972
v  0.0420329347 -0.0481855832 -0.0169848818
v  0.0348658003 -0.0485130697 -0.0202983599
v  0.0544838496 -0.0465649925 -0.0130155748
v  0.0348062404 -0.0486099012 -0.0234556813
v  0.0420654714 -0.0483909063 -0.0230365545
v  0.0440810956 -0.0482527725 -0.0229251031
v  0.0485842004 -0.0478023179 -0.0226809215
v  0.053736072 -0.0469861925 -0.0224034544
v  0.0578124374 -0.0456492379 -0.0128360549
v  0.0597606078 -0.0453007892 -0.0220862478
v  0.057737343 -0.0459917299 -0.0221906789
v  0.0603115484 -0.0453396849 -0.0318685062
v  0.0646664202 -0.0432254858 -0.031669803
v  0.0526836812 -0.0473555587 -0.0381040126
v  0.0578806624 -0.046179153 -0.0392583087
v  0.0543032512 -0.0470406711 -0.0369568877
v  0.060584452 -0.0453216657 -0.0398651809
v  0.0604901165 -0.0453374758 -0.0366683267
v  0.0616203919 -0.0449172854 -0.0400977656
v  0.064866595 -0.0432378054 -0.0364723317
v  0.0645567998 -0.0434820354 -0.0407621823
v  0.0445620455 -0.0483840555 -0.0326004438
v  0.0447224192 -0.0483900905 -0.036371123
v  0.0465025008 -0.0482238494 -0.0367549695
v  0.054128401 -0.0470546372 -0.0321551822
v  0.0344648138 -0.0487589575 -0.0338631906
v  0.0344492458 -0.0487607494 -0.0341962762
v  0.0393786654 -0.0487012044 -0.0352310538
v  0.0346672796 -0.0487077422 -0.0286594331
v  0.0349467136 0.0392668173 0.0237526875
v  0.0349467695 0.0379623547 0.026105212
v  0.0349468142 0.0368559472 0.0278990641
v  0.0349469036 0.0341733508 0.0316308253
v  0.0349469818 0.0311938636 0.0349722616
v  0.0349471793 0.0189976599 0.0431179926
v  0.0349471532 0.0211190637 0.0421751104
v  0.0349471085 0.0246393904 0.040227212
v  0.0349470526 0.0279021785 0.0379160419
v  0.0349769332 -0.0455989353 -0.00528193126
v  0.0349590555 -0.0462954789 -0.0113660004
v  0.0349387936 -0.0465372913 -0.0143179186
v  0.0348992087 -0.0467411987 -0.0180244483
v  0.0351617001 -0.0467413589 -0.0181456823
v  0.0348964259 -0.046749223 -0.0182347987
v  0.0349719711 -0.0444437079 0.00170539215
v  0.0349573568 -0.0428362414 0.00863077119
v  0.0308172405 -0.0432264283 -0.114182487
v  0.0308898669 -0.0437419601 -0.10434214
v  0.0253636576 -0.043281842 -0.118941225
v  0.0253714584 -0.0432270542 -0.114163272
v  0.0253738929 -0.0432546698 -0.112674341
v  0.0253794733 -0.043370977 -0.109257482
v  0.0253874995 -0.0436737277 -0.104343347
v  0.0253633838 -0.0432884991 -0.119109988
v  0.0253751036 -0.0449750461 -0.11193464
v  0.0253718235 -0.0449312329 -0.113941148
v  0.0253591035 -0.045080699 -0.121730961
v  0.0254442394 -0.0477453768 -0.0696003288
v  0.0254442412 -0.0460419059 -0.0696003512
v  0.0254130289 -0.0466044471 -0.0887144804
v  0.0254130606 -0.0449008122 -0.0886938721
v  0.0253872629 -0.0453683436 -0.104486518
v  0.0254880041 -0.0477856509 -0.0687777176
v  0.0256669056 -0.0461372435 -0.0677390769
v  0.0259007048 -0.0478857085 -0.0669497177
v  0.0259167422 -0.0461851321 -0.066904746
v  0.026234949 -0.0479348339 -0.0661455169
v  0.0267537273 -0.0462921858 -0.0652273893
v  0.0272400603 -0.04804153 -0.0645628348
v  0.0272400603 -0.046338968 -0.0645628422
v  0.0275460295 -0.0480684377 -0.0641869679
v  0.0279562827 -0.0464010425 -0.0636830255
v  0.0281822812 -0.0481222533 -0.0634053946
v  0.0281370841 -0.0464161858 -0.0634609237
v  0.0337675959 -0.0487381816 -0.0439873785
v  0.0337675959 -0.0470417142 -0.0439873859
v  0.0330852754 -0.0486507304 -0.0495326705
v  0.0329287201 -0.0469282903 -0.0505098179
v  0.032503508 -0.0485704169 -0.0527917892
v  0.0322981514 -0.046842508 -0.0537359156
v  0.0316163339 -0.0484583825 -0.0563430786
v  0.0312606804 -0.0467159711 -0.0574597828
v  0.0305213146 -0.0483371429 -0.0594009161
v  0.0300010666 -0.0465832576 -0.0605279244
v  0.0293644369 -0.048224777 -0.0616992712
v  0.029577069 -0.0465426259 -0.0613307022
v  0.0281822886 -0.0464199297 -0.063405402
v  0.034448754 -0.0470613018 -0.0342066176
v  0.033992853 -0.0470645614 -0.0414321683
v  0.0344648138 -0.047058899 -0.0338631943
v  0.0343148969 -0.0487742014 -0.0367579311
v  0.0348051488 -0.046912659 -0.0235061403
v  0.034666419 -0.047007937 -0.0286859646
v  0.0349477269 -0.0406701118 0.0154794175
v  0.0349484123 -0.0410009027 0.0145584252
v  0.0349481851 -0.0427260026 0.014839543
v  0.0349562913 -0.0444649979 0.00916751847
v  0.0349711627 -0.0460971072 0.00214330363
v  0.0349466354 -0.0386628248 0.0203496683
v  0.0349466316 -0.0405750163 0.0203286614
v  0.0349466316 -0.0405663438 0.0203496963
v  0.0348267294 -0.0468769595 -0.022463819
v  0.0348471105 -0.0468914621 -0.0213857908
v  0.0351997949 0.0264401007 0.036646232
v  0.0351717211 0.0238879826 0.0384401642
v  0.0349470563 0.0243860744 0.038222827
v  0.0349468365 0.034198612 0.0286795478
v  0.0352734998 0.0321259014 0.0311791133
v  0.034946911 0.0316620357 0.0318660401
v  0.0352425165 0.0298465863 0.0336538777
v  0.0349469744 0.0288596787 0.034730278
v  0.0352290645 0.0288368538 0.034620963
v  0.0349470004 0.0275067948 0.0359112583
v  0.0349470824 0.0231667478 0.0389875881
v  0.0351468809 0.0212082732 0.0399835296
v  0.0349471234 0.0197065808 0.0408026986
v  0.0351253785 0.0184129532 0.0412777998
v  0.0351253413 0.0184069928 0.0412802473
v  0.0349471346 0.0184072424 0.0413623825
v  0.0349469259 -0.0304824803 0.0327864215
v  0.034946952 -0.0295531116 0.0337420255
v  0.0352425165 -0.0295040235 0.0336541682
v  0.0352290645 -0.0284942761 0.0346212611
v  0.0349470153 -0.0265735295 0.0363914371
v  0.0351997986 -0.0260975044 0.0366465002
v  0.0349470489 -0.0249004662 0.0376413651
v  0.0351717211 -0.0235453639 0.0384403877
v  0.0349470973 -0.0215965267 0.0396889932
v  0.0351468846 -0.0208656471 0.0399837419
v  0.0349471346 -0.0180705767 0.0413601696
v  0.035125386 -0.0180703048 0.0412779823
v  0.0349471383 -0.0180645864 0.041362565
v  0.0351253413 -0.0180643443 0.0412804633
v  0.0349468328 -0.0338560939 0.0286798924
v  0.0349468514 -0.0331867598 0.0295843221
v  0.0352734998 -0.031783361 0.0311794393
v  0.0349466465 0.0386757143 0.0210501514
v  0.0349471718 -0.0133662848 0.0429235511
v  0.034947142 -0.0172108058 0.0416963249
v  0.0349467322 0.0368006043 0.0246294308
v  0.0349467359 0.0368287675 0.0245802421
v  0.0349467322 0.0368154012 0.024603609
v  0.0349467359 -0.0364581235 0.0246297885
v  0.0349467359 -0.0384914167 0.0245659333
v  0.0349468254 -0.0361259654 0.028490182
v  0.0349467359 -0.0364729203 0.0246039666
v  0.0349467397 -0.0364863016 0.0245805979
v  0.0349466465 -0.0383332781 0.021050537
v  0.0349472128 -0.0143641932 0.0445795357
v  0.034947224 -0.0123189958 0.0451036282
v  0.0349471979 -0.00852528773 0.0439405292
v  0.0349472351 -0.00974659529 0.0456296541
v  0.0349472053 -0.00471883034 0.0444035791
v  0.0349472538 -0.00487325015 0.0462681055
v  0.0349472091 0.000171336855 0.0446120426
v  0.0349472612 0.000170979591 0.0464847721
v  0.0349472053 0.00511115324 0.0443992242
v  0.0349472575 0.00469253398 0.0463108085
v  0.0349471904 0.0100127021 0.0437459461
v  0.0349472426 0.00905610155 0.0458024181
v  0.034947183 0.0122426758 0.0432871543
v  0.0349472202 0.0132408515 0.0449649841
v  0.0349471718 0.0144706704 0.0427133217
v  0.0349471942 0.0172231048 0.0437874384
v  0.0351900496 0.00535579026 0.0442652963
v  0.0352137312 0.0122425612 0.0431641601
v  0.0351900533 -0.00501310825 0.0442653261
v  0.0352137275 -0.0118998978 0.0431642868
v  0.0351764411 -0.0364706814 0.024500275
v  0.0351765826 -0.0364840478 0.0244768597
v  0.0351936854 -0.0383304134 0.0209384579
v  0.0352060422 -0.0399354659 0.0172699653
v  0.0352189243 -0.0415307768 0.0128699634
v  0.0507070124 -0.0123023605 0.0378329158
v  0.0506952293 -0.00530425925 0.0389598235
v  0.0506952517 0.00564611237 0.0389597565
v  0.0507070385 0.0126442099 0.0378328189
v  0.0309460405 -0.0454358608 -0.104487427
v  0.0266082063 -0.045391541 -0.104486667
v  0.0309384335 -0.0449289642 -0.11400301
v  0.0359344855 -0.0473527648 -0.0789589956
v  0.0721179843 -0.0370576344 -0.0623441748
v  0.0737366751 -0.0347557813 -0.062587671
v  0.0359114483 -0.0487252064 -0.0450914949
v  0.035937544 -0.0484608598 -0.0563836806
v  0.041561842 -0.0482321419 -0.0572980046
v  0.0471466742 -0.0477450527 -0.0582183413
v  0.0581058934 -0.0457286872 -0.060055133
v  0.0526730455 -0.0469429828 -0.059139777
v  0.0658129528 -0.0425587744 -0.0613485537
v  0.0681263879 -0.0409877263 -0.0617230162
v  0.0702405572 -0.0391474776 -0.0620559901
v  0.0783947706 -0.0215729717 -0.0632497519
v  0.0771165192 -0.0270404406 -0.0630806163
v  0.0750961453 -0.0322893597 -0.0627890527
v  0.0796672776 -0.0104462663 -0.0634105355
v  0.0783989802 -0.00991043542 -0.113927282
v  0.0771869272 -0.0204344448 -0.113895588
v  0.0759170726 -0.0255838428 -0.11386507
v  0.0738977492 -0.0304921586 -0.113814719
v  0.0708790049 -0.0348598473 -0.113739684
v  0.0668442398 -0.0383178107 -0.113636479
v  0.0570188425 -0.0423475094 -0.113362238
v  0.0621086434 -0.0407511294 -0.113507412
v  0.0464625545 -0.0440354459 -0.113060668
v  0.051775448 -0.0433780327 -0.113212019
v  0.0358431824 -0.0456484631 -0.101503313
v  0.0467764176 -0.0449849367 -0.102112696
v  0.0632712841 -0.0428853892 -0.0819856822
v  0.0633443296 -0.0438599773 -0.0609396286
v  0.0580350868 -0.0446752757 -0.0813979805
v  0.052614715 -0.0458461381 -0.0807898566
v  0.0471043326 -0.0466204211 -0.0801777467
v  0.0798107311 -0.010289507 -0.0836316422
v  0.0793278366 -0.0157776512 -0.0835875571
v  0.0680858418 -0.040158581 -0.0825063735
v  0.0702295601 -0.0383998267 -0.082727775
v  0.0721397102 -0.0363871902 -0.0829194859
v  0.0737888217 -0.0341543928 -0.0830815658
v  0.075172998 -0.0317489766 -0.0832156762
v  0.0772257447 -0.0266060978 -0.083410114
v  0.0785273239 -0.0212356392 -0.0835232437
v  0.0731708854 -0.0332776606 -0.103564009
v  0.0791419446 -0.0100508528 -0.103846408
v  0.0786802098 -0.01540739 -0.103822745
v  0.0778916627 -0.0207303409 -0.103788778
v  0.0766002536 -0.0259608328 -0.103730433
v  0.0745563135 -0.030954713 -0.10363169
v  0.0521836765 -0.044281207 -0.102418415
v  0.057512071 -0.0431965403 -0.102721982
v  0.0626741871 -0.0415282883 -0.103015311
v  0.0674570948 -0.0389897786 -0.103275485
v  0.0696011335 -0.0373339504 -0.103386335
v  0.0715167373 -0.0354199633 -0.103482507
v  0.035218928 0.0418731384 0.0128695415
v  0.0352060422 0.0402778573 0.0172695611
v  0.0351936929 0.038672857 0.0209380705
v  0.0351765826 0.0368265212 0.0244764742
v  0.0351764448 0.0368131548 0.0244999193
v  0.0442626067 -0.0229961239 -0.124124065
v  0.0493472666 -0.0175252836 -0.12412408
v  0.0529229119 -0.0109679429 -0.12412408
v  0.0547679067 -0.00373054785 -0.124124072
v  0.0547679067 0.00373831647 -0.124124072
v  0.0529229082 0.0109757008 -0.124124065
v  0.0493472666 0.0175330359 -0.124124065
v  0.0133401854 -0.0229961239 -0.12169192
v  0.00573989004 -0.0229961127 -0.124124065
v  0.0366623141 -0.0229961183 -0.12169192
v  0.00573989144 0.0230038762 -0.124124065
v  0.000655227865 0.0175330341 -0.124124072
v  -0.00292040943 0.0109757092 -0.124124072
v  -0.00476540579 0.00373831415 -0.124124072
v  -0.00476540625 -0.00373055018 -0.124124072
v  -0.00292041036 -0.0109679345 -0.124124072
v  0.000655233976 -0.0175252855 -0.124124065
v  0.0135061443 0.0230039582 -0.124124065
v  0.0135059878 0.0230038799 -0.121690452
v  0.0303093903 -0.0383937433 -0.0784029588
v  0.0249583069 -0.0387533382 -0.0784027949
v  0.000458649534 -0.0253617503 -0.062802121
v  0.000458529947 -0.0253617726 -0.0668021366
v  0.000516642292 -0.0256976895 -0.0668021217
v  0.0287071783 -0.0350602493 -0.0668029189
v  0.00051676319 -0.0256976802 -0.0628021285
v  0.000805728429 -0.0261193756 -0.0668021441
v  0.000805848045 -0.0261193532 -0.0628021359
v  0.00149679661 -0.0267141089 -0.066802159
v  0.00170567958 -0.0268879384 -0.0628021508
v  0.0287072994 -0.0350602269 -0.0628029183
v  0.0216316152 -0.035101328 -0.0628027096
v  0.0216314942 -0.0351013504 -0.0668027028
v  0.014471503 -0.0337143019 -0.0628024936
v  0.0144713912 -0.0337143242 -0.0668025091
v  0.00772213563 -0.0309271645 -0.0628023222
v  0.00772201456 -0.0309271868 -0.0668023154
v  0.00170556002 -0.0268879607 -0.0668021664
v  0.0309965461 -0.0250801966 -0.121691979
v  0.0250012539 -0.0257878546 -0.121692009
v  0.0190059561 -0.0250802003 -0.121691972
v  0.0190962572 0.0250259396 -0.121690378
v  0.0250012502 0.0257121529 -0.121690363
v  0.030906247 0.0250259414 -0.121690385
v  0.0303090326 0.0408871248 -0.0784033611
v  0.0249575842 0.0412466601 -0.0784032121
v  0.0160574596 -0.037750531 -0.0784025267
v  0.00760292308 -0.0347922407 -0.0784022883
v  1.86361376e-05 -0.0300268251 -0.0784020871
v  -0.00631508837 -0.0236932095 -0.0784019306
v  -0.0110806534 -0.0161090083 -0.0784018412
v  -0.0140390908 -0.00765452953 -0.0784017965
v  -0.0150420545 0.00124630355 -0.0784018114
v  -0.0140392501 0.0101471422 -0.0784018859
v  -0.0110809663 0.018601682 -0.07840202
v  -0.00631554238 0.0261859689 -0.0784021914
v  1.80688567e-05 0.0325196944 -0.0784024149
v  0.00760227069 0.0372852571 -0.0784026682
v  0.0160567574 0.0402436964 -0.078402929
v  0.00145133364 -0.0229229406 -0.0668021739
v  0.00145135471 -0.0253508016 -0.066802159
v  0.00145115191 -0.0229229722 -0.0729021728
v  0.00145117112 -0.0253508408 -0.0731021613
v  0.00145114621 -0.0228990652 -0.0730350986
v  0.00145114982 -0.0228676964 -0.0731021762
v  0.00145071221 0.0254086796 -0.0729760155
v  0.00145070988 0.0253606569 -0.0731024295
v  0.00145068858 0.0278438013 -0.073102437
v  0.00145087217 0.0278438255 -0.0668024346
v  0.00145090069 0.0254159644 -0.0668024197
v  0.00145071908 0.0254159328 -0.0729024187
v  0.0149997249 -0.0328242704 -0.0684025139
v  0.0155281387 -0.0329742953 -0.0684025362
v  0.0155280028 -0.0329743251 -0.0731025413
v  0.0108687468 -0.0313338079 -0.068402417
v  0.0113745909 -0.0315479375 -0.068402417
v  0.0113744475 -0.0315479524 -0.0731024221
v  0.012395923 -0.0319525748 -0.0684024543
v  0.0129111633 -0.0321429819 -0.0684024692
v  0.0131698716 -0.0322352052 -0.0684024766
v  0.0134292832 -0.0323254168 -0.0684024766
v  0.0144736916 -0.0326660983 -0.0684025064
v  0.00742881838 -0.0296196193 -0.0731023103
v  0.00742897764 -0.0296196043 -0.0684023201
v  0.00937193073 -0.0306448434 -0.0684023649
v  0.010366275 -0.0311118886 -0.0684024021
v  0.0355012491 -0.0326479636 -0.0684031323
v  0.0355012454 -0.0326479487 -0.0731031373
v  0.0343889557 -0.032974124 -0.0684031025
v  0.0343887173 -0.0329741836 -0.0731031001
v  0.0355012491 0.0351413228 -0.0731034875
v  0.0355012491 0.0351413973 -0.0684034824
v  0.0343882032 0.0354676992 -0.0731034502
v  0.034388341 0.035467729 -0.0684034601
v  0.00790812727 0.032380268 -0.0684026554
v  0.00742840162 0.0321127027 -0.0684026331
v  0.00742828054 0.0321126878 -0.0731026381
v  0.0113738663 0.034041103 -0.0731027573
v  0.0113739939 0.0340411179 -0.0684027523
v  0.00937134866 0.0331379808 -0.0684027001
v  0.0083919419 0.0326403864 -0.0684026629
v  0.0155274076 0.0354675427 -0.0731028914
v  0.0155275213 0.0354675576 -0.0684028938
v  0.0134286806 0.0348186381 -0.0684028342
v  0.0126525704 0.0345419794 -0.0684028119
v  0.0123953205 0.0344457775 -0.068402797
v  0.011883094 0.0342473947 -0.0684027821
v  0.0129105607 0.0346361995 -0.0684028119
v  0.00583485514 0.0311515518 -0.0668025762
v  0.00583466422 0.0311515126 -0.073102586
v  0.0058352109 -0.028658485 -0.073102273
v  0.00583539438 -0.0286584459 -0.0668022707
v  0.00593488244 0.0312194638 -0.0731025785
v  0.00593507476 0.0312195029 -0.0668025911
v  0.00593561307 -0.0287263934 -0.0668022707
v  0.0059354296 -0.0287264325 -0.073102273
v  0.000593183737 0.0272919908 -0.0730014443
v  0.000561343215 0.0272919796 -0.0731024072
v  0.00078946451 0.0262395851 -0.0731024072
v  0.000827466196 0.0262568649 -0.0729024112
v  0.000603092078 0.0272919871 -0.0729024112
v  0.00732157007 0.0320557654 -0.0684026331
v  0.00732142664 0.0320557505 -0.0731026307
v  0.0156432074 0.0355028287 -0.0731028914
v  0.0156433452 0.0355028436 -0.0684029013
v  0.034272518 0.0355030149 -0.0684034452
v  0.0342723802 0.035503 -0.0731034502
v  0.0342729986 -0.0330094397 -0.0731030926
v  0.0342731401 -0.0330094248 -0.068403095
v  0.0156439692 -0.0330095813 -0.0684025511
v  0.0156438239 -0.0330096111 -0.0731025338
v  0.00732198777 -0.0295626819 -0.0731023178
v  0.00732212374 -0.0295626521 -0.0684023127
v  0.000787241093 -0.0237525292 -0.0731021538
v  0.000561817898 -0.0247990377 -0.0731021315
v  0.0006035681 -0.0247990452 -0.072902143
v  0.000825287367 -0.0237697158 -0.0729021505
v  0.00148973265 0.0292146895 -0.0730014816
v  0.00149611046 0.029207103 -0.072902441
v  0.00644000899 0.0327118114 -0.073001653
v  0.00644503161 0.0327032693 -0.0729026049
v  0.0119006094 0.0353417769 -0.0730018243
v  0.0119041596 0.0353325382 -0.0729027838
v  0.0141962348 0.0361240767 -0.0729028508
v  0.0177210644 0.0370321386 -0.0730020031
v  0.0297930911 0.0374250375 -0.0729033276
v  0.029794395 0.0374348611 -0.0730023682
v  0.02374129 0.0377264097 -0.0729031563
v  0.0237409566 0.0377363078 -0.0730021894
v  0.0213188808 0.0375648178 -0.0729030818
v  0.0177230295 0.0370224342 -0.07290297
v  0.0297986083 0.0374664105 -0.073103331
v  0.0237398949 0.0377681255 -0.0731031448
v  0.0177147537 0.0370633453 -0.073102966
v  0.0118892277 0.0353715084 -0.0731027871
v  0.0064238538 0.0327392481 -0.0731026083
v  0.00146926963 0.0292390715 -0.0731024444
v  0.032140255 -0.0345822945 -0.0731030181
v  0.0321320519 -0.0345413499 -0.0729030296
v  0.0285858996 -0.0350725725 -0.0729029179
v  0.0285923462 -0.035113886 -0.0731029138
v  0.0249546617 -0.035253305 -0.0729028061
v  0.0249546524 -0.0352950506 -0.0731028095
v  0.021319136 -0.0350714587 -0.0729026943
v  0.0213167015 -0.0351131633 -0.0731026903
v  0.0177770983 -0.0345399454 -0.0729026049
v  0.0177688748 -0.0345808715 -0.0731025934
v  0.0141966129 -0.033630807 -0.0729025006
v  0.0141854053 -0.0336710326 -0.0731024966
v  0.0108117703 -0.0324004553 -0.0729023963
v  0.0107955877 -0.0324389413 -0.0731023923
v  0.00750063779 -0.0308077391 -0.0729023144
v  0.00748117128 -0.0308446735 -0.0731023028
v  0.00441081962 -0.0289204866 -0.072902225
v  0.00438731536 -0.0289549921 -0.0731022283
v  0.00149661361 -0.0267141387 -0.072902143
v  0.00146977301 -0.0267461259 -0.0731021538
v  0.000668604509 -0.0255280174 -0.0731021315
v  0.00101485557 -0.0261728112 -0.072902143
v  0.000979973585 -0.0261957534 -0.0731021464
v  0.000837807485 -0.0258555803 -0.0729021356
v  0.000708596082 -0.0255160443 -0.0729021356
v  0.000837318716 0.028348526 -0.0729024261
v  0.000828329765 0.0283527151 -0.0730014518
v  0.000799474074 0.0283661745 -0.0731024221
v  0.0203772988 0.0364499018 -0.0731030479
v  0.0355012491 0.0351450182 -0.0684034824
v  0.0355012454 0.0351450406 -0.0668034852
v  0.0281019509 0.036607258 -0.0668032765
v  0.0128699513 0.0346252024 -0.0684028193
v  0.0135564115 0.0348658748 -0.0684028268
v  0.0128699988 0.0346252099 -0.0668028146
v  0.0142476531 0.035092447 -0.0684028566
v  0.0203774907 0.036449939 -0.0668030381
v  0.00798974931 0.0324287564 -0.068402648
v  0.00866581313 0.0327872671 -0.0684026703
v  0.00934944674 0.0331311263 -0.0684026927
v  0.0100403363 0.0334601626 -0.0684027225
v  0.0114425803 0.0340731852 -0.0684027597
v  0.0121532921 0.0343568921 -0.0684027895
v  0.0281017572 0.0366072319 -0.0731032714
v  0.0281019174 -0.0341138281 -0.0731029063
v  0.0107386513 -0.0312810168 -0.0684024021
v  0.0128704524 -0.0321319178 -0.0668024644
v  0.0114430645 -0.0315799452 -0.0684024319
v  0.0121537605 -0.0318636298 -0.0684024394
v  0.0100408429 -0.0309669599 -0.0684023872
v  0.00934996828 -0.0306379441 -0.0684023574
v  0.00866634306 -0.0302941166 -0.0684023499
v  0.0142481877 -0.0325991772 -0.068402499
v  0.0135569023 -0.03237262 -0.0684024915
v  0.0128704039 -0.0321319252 -0.0684024617
v  0.0203776155 -0.033956565 -0.0731026754
v  0.0203777999 -0.0339565277 -0.0668026805
v  0.014943976 -0.0328115299 -0.0684025213
v  0.0281021018 -0.034113802 -0.0668028966
v  0.0355012491 -0.032651592 -0.066803135
v  0.0355012491 -0.0326515846 -0.0684031323
v  0.000827647862 0.0262568947 -0.0668024048
v  0.000603273744 0.0272920188 -0.0668024048
v  0.000825469033 -0.023769686 -0.0668021515
v  0.000603749766 -0.0247989986 -0.0668021366
v  0.0347666368 0.0364041738 -0.0668034703
v  0.0280844327 0.0376126096 -0.0668032765
v  0.0211310703 0.0375455208 -0.0668030679
v  0.0182040576 0.0371163562 -0.066802986
v  0.0141964173 0.0361241065 -0.0668028593
v  0.0111951409 0.0350524224 -0.0668027624
v  0.00750035699 0.033300899 -0.0668026432
v  0.00474307546 0.0316374302 -0.0668025538
v  0.00149629219 0.0292071328 -0.0668024421
v  0.000837983098 -0.0258555505 -0.0668021441
v  0.000837492931 0.0283485707 -0.0668024197
v  0.00775365438 -0.0387534909 -0.0784022808
v  -0.0188166834 0.0056943493 -0.0784017146
v  -0.0170273036 0.0144086871 -0.0784018189
v  -0.0135216145 0.0225849785 -0.0784019604
v  -0.00844291691 0.0298889764 -0.0784021541
v  -0.00199883291 0.0360221192 -0.0784023702
v  0.00554721337 0.0407336652 -0.0784026235
v  0.00775293028 0.0412465073 -0.078402698
v  0.00554792956 -0.0382406861 -0.0784022063
v  -0.001998208 -0.0335292742 -0.07840202
v  -0.00844239909 -0.027396258 -0.0784018561
v  -0.0135212271 -0.0200923495 -0.0784017444
v  -0.0170270652 -0.0119161215 -0.0784016773
v  -0.0188166052 -0.00320180785 -0.0784016773
v  0.00775308814 0.0412465334 -0.0731026903
v  0.00554737123 0.0407336913 -0.0731026232
v  -0.00199867389 0.0360221453 -0.0731023848
v  -0.00844275951 0.0298890024 -0.0731021538
v  -0.0135214571 0.0225850046 -0.0731019601
v  -0.0170271453 0.0144087132 -0.0731018186
v  -0.0188165251 0.00569437537 -0.0731017143
v  -0.0188164469 -0.00320178177 -0.073101677
v  -0.0170269106 -0.0119160954 -0.073101677
v  -0.0135210697 -0.0200923085 -0.0731017441
v  -0.00844224915 -0.0273962319 -0.0731018558
v  -0.00199805014 -0.0335292481 -0.0731020197
v  0.00554808741 -0.0382406637 -0.073102206
v  0.00775381178 -0.0387534648 -0.0731022805
v  0.034766756 0.0364041962 -0.062803477
v  0.0280845538 0.0376126319 -0.0628032833
v  0.0211311914 0.0375455432 -0.0628030747
v  0.0182041712 0.0371163823 -0.0628029779
v  0.011195261 0.0350524448 -0.0628027543
v  0.00474318909 0.0316374525 -0.0628025532
v  0.00117215537 0.0289318264 -0.0628024265
v  0.000458166935 0.0278547965 -0.0628023967
v  0.000574565725 0.0283230375 -0.0628024042
v  0.00117203582 0.028931817 -0.0668024421
v  0.000458047347 0.0278547741 -0.0668024123
v  0.000574446167 0.0283230152 -0.0668024123
v  0.0244183782 0.0401552133 -0.0803866014
v  0.024418395 0.0453227684 -0.080384016
v  0.0223912951 0.0400704034 -0.0803868026
v  0.02100683 0.0447348952 -0.080384545
v  0.0209719855 0.0399539173 -0.0803869665
v  0.0192547888 0.039744582 -0.0803873241
v  0.0175988916 0.0434804894 -0.0803869292
v  0.0179508477 0.0395348892 -0.0803876072
v  0.0177888554 0.0395057425 -0.0803880021
v  0.0159039907 0.0427241623 -0.0804069787
v  0.0157547314 0.03908059 -0.0804186165
v  0.0142357247 0.0419554301 -0.0806261748
v  0.0139811104 0.0386184938 -0.0806822553
v  0.0126269506 0.0412517451 -0.0810716301
v  0.0126392161 0.0382103585 -0.0810685828
v  0.0123705259 0.0381224155 -0.0811667889
v  0.0111055085 0.0407060832 -0.081730701
v  0.0111049023 0.0376796126 -0.0817322135
v  0.024418395 -0.0471153781 -0.0803824589
v  0.0244183969 -0.0449823514 -0.0803835616
v  0.0210068319 -0.0443944782 -0.080384098
v  0.0151324254 -0.0464404076 -0.0804765001
v  0.0169025082 -0.0466218255 -0.0803825185
v  0.0175988879 -0.0431400798 -0.0803864896
v  0.0188521873 -0.046787478 -0.0803830847
v  0.0210254733 -0.0469392836 -0.0803827718
v  0.0159039944 -0.0423837602 -0.0804065317
v  0.0142357294 -0.0416150205 -0.0806257576
v  0.0133047421 -0.0462130681 -0.0808517635
v  0.0126269488 -0.0409113355 -0.0810712129
v  0.0126734274 -0.0461250432 -0.0810526311
v  0.0111055067 -0.0403656811 -0.0817302912
v  0.0111066177 -0.045885548 -0.0817274824
v  0.0218903869 -0.0444387719 -0.123894401
v  0.0211888533 -0.0448743366 -0.123396069
v  0.0192965772 -0.0446402431 -0.123400137
v  0.0243543461 -0.0445866734 -0.12389344
v  0.0243550967 -0.0450868905 -0.123389706
v  0.0229195002 -0.0450181104 -0.123392463
v  0.0153836589 -0.0439369492 -0.123409331
v  0.0154739078 -0.0434454493 -0.123893388
v  0.0154829593 -0.0434471034 -0.123893388
v  0.0166544598 -0.044180043 -0.123406239
v  0.0167499166 -0.0436894223 -0.123893589
v  0.0168054719 -0.0437002257 -0.123893604
v  0.0179258566 -0.0444195606 -0.123403214
v  0.0180131495 -0.0439273454 -0.12389379
v  0.0192990545 -0.0441353768 -0.123893991
v  0.0150822429 -0.0433748178 -0.123893321
v  0.0139674237 -0.0436926484 -0.123412609
v  0.0116171651 -0.0428411588 -0.123892769
v  0.0115506519 -0.0433360711 -0.123417877
v  0.0108447187 -0.0427399501 -0.12389265
v  0.0101393834 -0.0431548022 -0.12342073
v  0.00384054589 -0.0424522422 -0.123431735
v  0.00389984902 -0.0419577323 -0.123891532
v  -0.0263188519 0.000169996871 -0.123334512
v  -0.0258220751 0.000169985942 -0.123887211
v  -0.0262718871 -0.00466466974 -0.123334743
v  -0.0257313699 -0.00613274286 -0.123886973
v  -0.02622802 -0.00615098607 -0.123334743
v  -0.0115717305 -0.0386865102 -0.123404697
v  -0.0115791596 -0.0386830978 -0.123404682
v  -0.0113777714 -0.0382256769 -0.123889111
v  -0.0115828728 -0.0386813842 -0.123404689
v  -0.0115847336 -0.0386805348 -0.123404674
v  -0.0114676021 -0.0387340747 -0.123404793
v  -0.0115271276 -0.0387069546 -0.123404726
v  -0.0115568675 -0.0386933349 -0.123404704
v  -0.0106281163 -0.0390994772 -0.12340641
v  -0.0111091733 -0.0388939492 -0.123405337
v  -0.0113483677 -0.0387879275 -0.123404935
v  -0.00965682231 -0.0394854024 -0.123409294
v  -0.00783252157 -0.0395946205 -0.123889662
v  -0.00768738473 -0.0401646644 -0.123415351
v  -0.0141338492 -0.0367425419 -0.123888679
v  -0.013980438 -0.0368380882 -0.123888694
v  -0.0144003211 -0.0371655263 -0.1233944
v  -0.0115865627 -0.0386797003 -0.123404674
v  -0.01295486 -0.0380021632 -0.123400025
v  -0.0156435892 -0.0363228247 -0.123398192
v  -0.0158681534 -0.0355362371 -0.123888403
v  -0.0169850271 -0.0352536403 -0.123386055
v  -0.0162838157 -0.0351999216 -0.123888329
v  -0.0185461491 -0.033733476 -0.123368651
v  -0.0178923942 -0.0336941481 -0.12388809
v  -0.0199432336 -0.0320300981 -0.123361498
v  -0.019331228 -0.0320069976 -0.123887859
v  -0.0208849702 -0.0306291077 -0.123361915
v  -0.0207073409 -0.0299603716 -0.123887651
v  -0.0219939612 -0.0286108535 -0.123359188
v  -0.0218520332 -0.027751144 -0.123887487
v  -0.0224468093 -0.0276346039 -0.123355769
v  -0.0228358842 -0.0252771508 -0.12388733
v  -0.0244104825 -0.0216289964 -0.123342156
v  -0.0239564311 -0.0213856865 -0.123887174
v  -0.0239261389 -0.0215136427 -0.123887181
v  -0.0239179973 -0.0215473343 -0.123887174
v  -0.0244071018 -0.0216431674 -0.123342127
v  -0.0239242017 -0.0215216596 -0.123887174
v  -0.0244087949 -0.0216360744 -0.123342142
v  -0.0244096387 -0.0216325279 -0.123342156
v  -0.0238930434 -0.0216499735 -0.123887181
v  -0.0243969262 -0.0216856953 -0.12334203
v  -0.0244037118 -0.0216573384 -0.123342097
v  -0.0237910394 -0.0220600069 -0.123887196
v  -0.0243558213 -0.0218557026 -0.123341709
v  -0.0243832953 -0.0217423793 -0.123341925
v  -0.0233446416 -0.0236904323 -0.123887263
v  -0.0241848659 -0.0225340612 -0.123341136
v  -0.0243000127 -0.0220821388 -0.123341404
v  -0.0232315902 -0.0256552119 -0.123347685
v  -0.0233866423 -0.0252101291 -0.123346128
v  -0.0239399094 -0.0234336443 -0.123341776
v  -0.0255018212 -0.0155003453 -0.123337097
v  -0.0247987024 -0.0169393606 -0.123887062
v  -0.0252793841 -0.0170939341 -0.123337433
v  -0.0245499816 -0.018474821 -0.123887092
v  -0.0247353241 -0.020163333 -0.123340689
v  -0.0250401329 -0.0185608044 -0.123339355
v  -0.0256676059 -0.00761755416 -0.123886973
v  -0.0256118309 -0.00868875347 -0.123886973
v  -0.0259431284 -0.0111820642 -0.123335995
v  -0.025228275 -0.0135479318 -0.123887017
v  -0.0256012529 -0.0146919275 -0.12333712
v  -0.0251612421 -0.0141656445 -0.12388701
v  -0.0250129104 -0.0153994905 -0.12388704
v  -0.00451545883 -0.0410290435 -0.123421468
v  -0.00370856235 -0.0407019444 -0.123890318
v  -0.00369284069 -0.0412166603 -0.123422205
v  0.000302893517 -0.041964747 -0.123428054
v  0.00253953738 -0.0417863876 -0.123891309
v  0.00232638419 -0.0422606803 -0.123430267
v  0.0210387465 0.0451986827 -0.123396851
v  0.0243550949 0.0454268754 -0.123390175
v  0.0229329877 0.0448579006 -0.123895019
v  0.0243543442 0.0449266434 -0.123893894
v  0.0193308815 0.0449851751 -0.123400532
v  0.0180131551 0.0442673229 -0.123894237
v  0.0179258566 0.044759538 -0.123403676
v  0.0167499147 0.0440293923 -0.123894036
v  0.016654456 0.044520013 -0.123406686
v  0.0153836561 0.0442769267 -0.123409778
v  0.0154739041 0.0437854119 -0.12389382
v  0.0129735107 0.0438778512 -0.123415291
v  0.0116171604 0.0431811288 -0.123893201
v  0.0115506565 0.0436760411 -0.123418324
v  0.0114346882 0.0431567356 -0.123893179
v  0.00526860124 0.04295329 -0.123430885
v  0.00389984436 0.0422977097 -0.123891957
v  0.00384054868 0.0427922197 -0.123432159
v  -0.0262280162 0.00649096537 -0.123334818
v  -0.0257313717 0.00647271564 -0.123887032
v  -0.0263154693 0.00165692414 -0.123334445
v  -0.0209679715 0.0298461094 -0.123887919
v  -0.0219925493 0.0277762748 -0.12388774
v  -0.0229983758 0.0266279578 -0.123350419
v  -0.0228557698 0.0255597103 -0.123887591
v  -0.0238977261 0.0239207856 -0.123342253
v  -0.0234312955 0.0237331688 -0.123887494
v  -0.024037905 0.0234232359 -0.123341598
v  -0.0235803314 0.0232010633 -0.123887464
v  -0.0244104844 0.0219689701 -0.123342387
v  -0.0239261407 0.021853609 -0.123887397
v  -0.0250401311 0.0189007893 -0.123339556
v  -0.0219344087 0.0290717799 -0.123359837
v  -0.0212088916 0.0304266419 -0.123362176
v  -0.0206433367 0.0304080918 -0.123887964
v  -0.0210708082 0.0306621697 -0.123362258
v  -0.0202361494 0.0310615543 -0.123888038
v  -0.0189506635 0.0328308158 -0.123888247
v  -0.0141410362 0.0370781235 -0.123889044
v  -0.0141625786 0.0370649211 -0.123889051
v  -0.0144003192 0.0375055186 -0.123394772
v  -0.01995668 0.032351695 -0.123361811
v  -0.0185334831 0.034087237 -0.123369113
v  -0.0175051019 0.0344290324 -0.123888485
v  -0.0178379864 0.0348053575 -0.123376429
v  -0.0165339075 0.0353278108 -0.123888664
v  -0.0168562625 0.035704691 -0.12338791
v  -0.0159031115 0.0358486846 -0.123888761
v  -0.0162012801 0.0362408347 -0.123394787
v  -0.0145894419 0.0367944203 -0.123888977
v  -0.0142485611 0.0370117985 -0.123889029
v  -0.0115865925 0.0390196629 -0.123405069
v  -0.011379635 0.03856479 -0.123889491
v  -0.0142222373 0.0376162641 -0.123395517
v  -0.0141343009 0.0370822363 -0.123889044
v  -0.0070943106 0.0406856537 -0.123417348
v  -0.00703762891 0.0401821285 -0.123890206
v  -0.00741750188 0.0405882597 -0.123416498
v  -0.00739301508 0.0400737673 -0.123890147
v  -0.00810061209 0.0398467779 -0.123890027
v  -0.00845265109 0.0397279821 -0.123889968
v  -0.0102204485 0.0396059826 -0.123407952
v  -0.00915292837 0.0394792967 -0.123889856
v  -0.0109455837 0.0393049605 -0.12340606
v  -0.0102733597 0.0390442833 -0.123889677
v  -0.0113777723 0.0385656543 -0.123889491
v  -0.00452237623 0.0413673893 -0.123421878
v  -0.00343700452 0.0411014669 -0.123890787
v  -0.00632392848 0.0403891094 -0.123890318
v  -0.0039278823 0.0415043645 -0.123422414
v  -0.00244492386 0.0418174416 -0.123423927
v  0.000599458872 0.0418468192 -0.123891436
v  -0.000164793179 0.0422293469 -0.123427704
v  0.00242541428 0.0421111099 -0.123891719
v  -0.0245499797 0.0188147835 -0.123887286
v  -0.024572961 0.0186819844 -0.123887286
v  -0.0256183017 0.0148859983 -0.123337261
v  -0.0253904983 0.0121796373 -0.123887114
v  -0.0261636488 0.00801595021 -0.123333819
v  -0.0260999221 0.00921687949 -0.123334408
v  -0.025704965 0.0141061908 -0.123337239
v  -0.015041342 0.000169986291 -0.123888709
v  -0.0147825833 -0.00440627895 -0.123888738
v  -0.0143355066 -0.00733325304 -0.123888783
v  -0.0136742918 -0.0102148531 -0.123888887
v  -0.0128099928 -0.0130169988 -0.123889007
v  -0.0117430659 -0.0157474987 -0.123889156
v  -0.0104913572 -0.0183689669 -0.123889357
v  -0.00744697452 -0.0232883245 -0.123889811
v  -0.00567162363 -0.025563458 -0.12389008
v  -0.00905076135 -0.0208957978 -0.123889573
v  0.00502551673 -0.034515705 -0.123891763
v  0.00264867186 -0.0330368727 -0.123891383
v  0.000356973702 -0.0313766375 -0.123891018
v  -0.00182538468 -0.02954611 -0.123890676
v  -0.00381875411 -0.0276201107 -0.123890378
v  0.0126460139 -0.03789315 -0.123892955
v  0.0152750323 -0.0386452042 -0.123893365
v  0.0075086928 -0.035828907 -0.123892151
v  0.0100415228 -0.0369499885 -0.123892546
v  0.0179533157 -0.0392166115 -0.123893797
v  0.0206302535 -0.0395997129 -0.123894222
v  0.0243541263 -0.0398356616 -0.123894818
v  0.0233257134 -0.0398010053 -0.123894662
v  -0.0235313009 0.000170078361 -0.102113403
v  -0.02506244 0.000170007421 -0.112723634
v  -0.0243644547 -0.00307170115 -0.107773125
v  -0.0254148878 -0.00303639332 -0.115619786
v  -0.0231044032 0.000170114799 -0.0994596183
v  -0.0231553521 -0.00309470156 -0.0998776034
v  -0.0230639037 -0.00438812096 -0.0994380191
v  -0.0230773967 -0.00635772897 -0.099836871
v  -0.0230072942 -0.0063594114 -0.0994079486
v  -0.0242878385 -0.00631176541 -0.107745357
v  -0.0253395941 -0.00624114182 -0.115604877
v  -0.0247504376 -0.00628472073 -0.111066535
v  0.00384074962 -0.042945005 -0.117057614
v  0.0141544268 -0.0448919572 -0.104484677
v  0.0167775061 -0.0459425114 -0.0922246203
v  0.0123005714 -0.0455860905 -0.0915944055
v  0.0194124654 -0.0451875962 -0.104485527
v  0.0243829191 -0.0453511663 -0.104486324
v  0.0243962221 -0.0460823551 -0.0954498798
v  0.00147344649 -0.0438448824 -0.0867163241
v  -0.00087993819 -0.0431655087 -0.0897195488
v  0.00343664433 -0.0442682691 -0.0903379321
v  -0.00583868613 -0.0414503589 -0.0952194482
v  -0.00600481918 -0.0412492678 -0.0905895829
v  -0.00853223912 -0.0400044769 -0.0918987691
v  -0.0241527408 -0.0150139201 -0.111176297
v  -0.0228117276 -0.0101999352 -0.099304691
v  -0.0235135928 -0.0195578299 -0.111293174
v  -0.0220679436 -0.0173835121 -0.0989166498
v  -0.0225038771 -0.0138756689 -0.0991437957
v  -0.0216903929 -0.0198100321 -0.0988782197
v  -0.0207265448 -0.0243763365 -0.0990369171
v  -0.0214847103 -0.0207188465 -0.0986133069
v  -0.0210544374 -0.0226318035 -0.0983897373
v  -0.0203635246 -0.0251190253 -0.098030977
v  -0.0200722702 -0.0266159307 -0.0991453007
v  -0.0195378214 -0.027471872 -0.0976024941
v  -0.0192779619 -0.0287884697 -0.099277325
v  -0.0185598917 -0.0296866447 -0.0970952213
v  -0.0183143411 -0.030892387 -0.0994379222
v  -0.0176137481 -0.0314325653 -0.0966046005
v  -0.0171621349 -0.032890562 -0.0996303707
v  -0.0163483471 -0.0333412141 -0.0959486142
v  -0.0158106424 -0.0347458646 -0.0998565331
v  -0.014929126 -0.0350721963 -0.0952130556
v  -0.0142608043 -0.0364280455 -0.100116268
v  -0.0133386487 -0.0366497599 -0.0943888649
v  -0.0127976015 -0.0371188261 -0.0941085219
v  -0.0125300959 -0.0379142426 -0.100406624
v  -0.0107824644 -0.0386367291 -0.093064487
v  -0.0106559414 -0.0391948037 -0.1007213
v  -0.00158578437 -0.0429171361 -0.0958896577
v  -0.0024953133 -0.04262615 -0.0887718201
v  -0.00553759793 -0.0414532535 -0.0903475732
v  0.00590700796 -0.0449152179 -0.0844202042
v  0.00784366019 -0.045047909 -0.0909641832
v  0.00859711599 -0.0454502963 -0.0830270648
v  0.0244177785 -0.0470904335 -0.0807984993
v  0.00384198199 -0.0437654704 -0.104483001
v  0.00210709195 -0.043550279 -0.102867007
v  0.00657278905 -0.0442095771 -0.103618436
v  0.00890494417 -0.0444301814 -0.10448382
v  0.0110727251 -0.0446525365 -0.104376189
v  0.000717881136 -0.0425779819 -0.115667887
v  -0.0037113782 -0.0417160019 -0.114857748
v  -0.00806283578 -0.0404316038 -0.114067465
v  -0.0101712579 -0.0395744778 -0.113686599
v  -0.0121949445 -0.038545046 -0.113322161
v  -0.0200374294 -0.0304767452 -0.111918099
v  -0.0188530684 -0.0324361622 -0.1121298
v  -0.0174653549 -0.0342492945 -0.11237783
v  -0.0158768799 -0.0358846858 -0.112661876
v  -0.0141074136 -0.0373191759 -0.112978764
v  -0.0210286975 -0.0284088906 -0.111740798
v  -0.0225202739 -0.024062695 -0.111473002
v  -0.0218465962 -0.0262694322 -0.111594148
v  -0.0022915022 -0.0425901301 -0.102127232
v  -0.00659256708 -0.0411949977 -0.101404093
v  -0.00866864901 -0.0402806215 -0.10105516
v  0.0243750252 -0.0450452827 -0.109856687
v  0.0243622903 -0.0449569598 -0.118510537
v  0.0243694726 -0.0449438058 -0.113628723
v  0.0193584375 -0.0447156876 -0.114004366
v  0.0141603248 -0.0441988409 -0.114003971
v  0.00895557087 -0.043699488 -0.114008121
v  -0.0147825833 0.00474625267 -0.123888776
v  -0.0143358996 0.0076711732 -0.123888865
v  -0.0136742936 0.0105548184 -0.123888984
v  -0.0128108216 0.0133545846 -0.123889141
v  -0.0117430687 0.0160874762 -0.12388932
v  -0.0104871662 0.0187169537 -0.123889536
v  0.00502950652 0.0348579623 -0.123892106
v  0.00264867372 0.0333768427 -0.123891719
v  -0.00905076042 0.0212357752 -0.123889789
v  -0.00745002972 0.0236240774 -0.12389005
v  0.000351438881 0.0317122862 -0.123891339
v  -0.00182538584 0.0298860837 -0.123890981
v  0.0126460129 0.0382331274 -0.123893343
v  0.0100392848 0.0372890569 -0.123892926
v  0.00750869745 0.0361688696 -0.123892516
v  -0.00381594501 0.0279629938 -0.123890653
v  -0.00567162177 0.0259034242 -0.12389034
v  0.0152748749 0.0389851369 -0.123893768
v  0.0179533176 0.039556589 -0.1238942
v  0.0206302255 0.0399396755 -0.123894632
v  0.0233257134 0.0401409827 -0.123895064
v  0.0243541189 0.0401756316 -0.123895235
v  -0.0204176903 0.000170480649 -0.0980691984
v  -0.0177309774 0.000170012034 -0.0966787785
v  -0.0150442701 0.000170139465 -0.0952883661
v  -0.0149602219 -0.00244342117 -0.0952423587
v  -0.0147825386 -0.00440621935 -0.0951495618
v  -0.0145104202 -0.00635526516 -0.0950078815
v  0.01182687 -0.037597619 -0.0813878104
v  -0.0136759598 -0.0101999249 -0.0945742205
v  -0.0128095178 -0.013008046 -0.0941244513
v  -0.0117447879 -0.0157320667 -0.0935720429
v  -0.0104873069 -0.018364314 -0.0929198638
v  -0.00905256066 -0.0208796654 -0.0921759382
v  -0.00743962592 -0.0232844669 -0.0913397819
v  -0.00567352213 -0.0255464278 -0.0904243961
v  -0.00381522742 -0.0276082661 -0.089461334
v  -0.00182740286 -0.0295280702 -0.0884312838
v  0.000359124708 -0.0313613154 -0.0872983709
v  0.00264653051 -0.0330176391 -0.0861132815
v  0.00502825947 -0.034498699 -0.0848794281
v  0.0075064064 -0.0358083956 -0.0835957378
v  0.0111048957 -0.0373392105 -0.0817318186
v  0.0153251169 -0.0386361778 -0.0804578289
v  0.0170347393 -0.0390205495 -0.0803873613
v  0.0126345605 -0.0378684439 -0.0810698345
v  0.0134196589 -0.0381135568 -0.0808229744
v  0.0150853153 -0.0385759473 -0.0804864764
v  0.0212713443 -0.0396423042 -0.0803865269
v  0.0244183764 -0.0398147926 -0.0803861916
v  0.0244177803 -0.0398157611 -0.0807985216
v  0.0179508477 -0.0391944721 -0.0803872123
v  0.01911157 -0.039383281 -0.0803869665
v  -0.023085475 0.00341627281 -0.0994495377
v  -0.023007296 0.00669963844 -0.0994080082
v  -0.0247981902 0.0066216928 -0.111420646
v  -0.0149972066 0.00214236695 -0.0952618271
v  -0.0148510011 0.004108469 -0.0951853022
v  -0.0147841536 0.0047324542 -0.0951504484
v  -0.0145104174 0.00669554435 -0.0950079411
v  0.0244177822 0.0401561782 -0.0807989314
v  -0.0136759561 0.0105401967 -0.0945743397
v  -0.0128091667 0.0133493366 -0.0941243991
v  -0.0117447888 0.0160723608 -0.0935721919
v  -0.0104897786 0.0186998807 -0.0929213241
v  -0.00905256346 0.0212199595 -0.0921761543
v  -0.00743655814 0.023628993 -0.0913384333
v  -0.00567352725 0.025886748 -0.0904246569
v  -0.00381735433 0.0279463921 -0.0894627199
v  -0.00182739645 0.0298684053 -0.0884315819
v  0.000364057982 0.0317055099 -0.0872961283
v  0.00264652492 0.0333580039 -0.0861136168
v  0.00503512006 0.0348430052 -0.0848762318
v  0.00750641152 0.0361487754 -0.0835961029
v  0.00744802132 0.0455714054 -0.0836226121
v  0.00784366764 0.0453882217 -0.0909646526
v  0.0034366427 0.0446085893 -0.0903383866
v  0.00384198665 0.044105649 -0.104483441
v  0.00384058361 0.0438506007 -0.108792506
v  0.000717877003 0.0429180413 -0.115668319
v  0.00210708892 0.0438904651 -0.102867454
v  0.0065727937 0.0445497558 -0.103618883
v  0.00890494231 0.04477036 -0.104484268
v  0.0110727306 0.0449927151 -0.104376651
v  0.0141544258 0.0452321284 -0.104485139
v  0.0167775042 0.0462828018 -0.0922250897
v  0.024404468 0.0468371324 -0.0898454785
v  0.0243829172 0.0456913374 -0.104486786
v  0.0168970544 0.0469617434 -0.0803829804
v  0.0189988092 0.0471391901 -0.0803836063
v  0.0195000581 0.0471766256 -0.0803835019
v  0.0200014375 0.0472122692 -0.0803833529
v  0.020502938 0.047246173 -0.0803833008
v  0.0210045539 0.0472783893 -0.0803832635
v  0.0212554038 0.0472938716 -0.0803832188
v  0.021757165 0.0473236293 -0.0803831592
v  0.0222590249 0.0473517962 -0.0803830996
v  0.0225099884 0.0473652966 -0.0803830773
v  0.0230119694 0.0473911501 -0.08038304
v  0.0235140231 0.0474155173 -0.0803829953
v  0.0237650778 0.0474271551 -0.0803829804
v  0.0244177785 0.0474308357 -0.0807989687
v  0.0244183969 0.0474557802 -0.0803829432
v  0.011698016 0.0463198796 -0.0814418942
v  0.0132970782 0.046552442 -0.0808544531
v  0.0123005714 0.0459263958 -0.0915948823
v  0.0149719678 0.0467624962 -0.0804981813
v  0.0151755307 0.0467856973 -0.0804716572
v  0.0111066177 0.0462259501 -0.0817279592
v  -0.00253194687 0.0429537818 -0.0887912288
v  0.000620519917 0.043947123 -0.0871585011
v  -0.000879941683 0.0435058288 -0.0897199884
v  0.00395018421 0.0448152348 -0.0854340717
v  -0.00583868334 0.0417906269 -0.0952198729
v  -0.00158578774 0.0432573967 -0.0958900899
v  -0.00817554165 0.0405367836 -0.091714412
v  -0.00601693615 0.0415842012 -0.090596281
v  -0.00550301792 0.0418083854 -0.0903300941
v  -0.0193239637 0.0283408277 -0.0974918231
v  -0.0182070918 0.0307164006 -0.0969125852
v  -0.0183143411 0.0312326122 -0.0994382501
v  -0.0192779638 0.029128693 -0.099277623
v  -0.0200722702 0.0269561578 -0.0991455838
v  -0.0202760212 0.0257359985 -0.0979858264
v  -0.0207265429 0.0247165672 -0.099037163
v  -0.0210851077 0.022846764 -0.0984059125
v  -0.0212679487 0.0220669731 -0.0985008776
v  -0.0216903929 0.020150248 -0.0988784134
v  -0.0219193026 0.0186816175 -0.0988394842
v  -0.0228662156 0.00966984034 -0.0993333459
v  -0.0241527408 0.0153540205 -0.111176446
v  -0.0235135928 0.0198979266 -0.111293368
v  -0.0225202758 0.0244027954 -0.11147324
v  -0.0218465962 0.0266095437 -0.111594424
v  -0.0210286975 0.0287489984 -0.111741088
v  -0.0200374294 0.0308168419 -0.111918412
v  -0.0188530684 0.0327762663 -0.112130135
v  -0.0174653549 0.0345893912 -0.11237818
v  -0.0158768818 0.0362247601 -0.112662233
v  -0.0141074108 0.0376592651 -0.112979159
v  -0.0121949436 0.0388851278 -0.113322563
v  -0.0101712616 0.0399145596 -0.113687001
v  -0.00806283485 0.0407716781 -0.114067867
v  -0.00371138286 0.0420560613 -0.114858173
v  -0.0224821344 0.0144252572 -0.0991326049
v  -0.0171621349 0.0332307927 -0.0996307209
v  -0.0158106424 0.035086073 -0.0998568907
v  -0.0142608033 0.0367682613 -0.100116625
v  -0.0125300949 0.0382544585 -0.100407019
v  -0.0106559405 0.0395350195 -0.100721709
v  -0.00866864808 0.0406208225 -0.10105557
v  -0.00659256522 0.0415352061 -0.10140451
v  -0.00229150499 0.0429303162 -0.102127671
v  -0.0178378075 0.0313879475 -0.0967210904
v  -0.0166107155 0.0333183147 -0.0960849524
v  -0.0152265336 0.0350787789 -0.0953675285
v  -0.0136649981 0.0366918519 -0.0945583433
v  -0.0120800808 0.0380377211 -0.0937371477
v  -0.0101986639 0.0393606052 -0.092762433
v  0.0194124561 0.0455277674 -0.104485989
v  0.00895557087 0.0440395474 -0.114008598
v  0.0141603183 0.0445389152 -0.114004463
v  0.0193584301 0.0450557619 -0.114004858
v  0.0243618432 0.0453062095 -0.118814088
v  0.024368573 0.0452754572 -0.114239074
v  0.0243757516 0.0454049446 -0.109360069

# 0 UV coordinates

# 3830 vertex normals
vn 1.04406001e-06 1 -6.83327414e-07
vn 9.59006684e-07 1 7.49310686e-07
vn 1.04406001e-06 1 1.02073091e-06
vn -4.14777514e-06 -0.822827399 -0.568291366
vn -6.96802817e-06 -0.636741102 -0.771077693
vn 4.47622688e-06 -0.636738598 -0.771079719
vn 4.32679371e-06 -0.402418464 -0.915455818
vn 3.8496064e-06 -0.13761577 -0.990485668
vn 2.82405358e-06 -0.137616053 -0.990485668
vn 4.10588154e-06 0.137615934 -0.990485668
vn 3.08079689e-06 0.137615651 -0.990485728
vn 2.078629e-06 0.402417958 -0.915456057
vn 9.18993408e-07 0.636739373 -0.771079123
vn 5.66289282e-06 0.636740386 -0.771078229
vn 5.82014945e-06 0.822827935 -0.568290591
vn -2.61500395e-06 0.822826564 -0.568292558
vn 0.0697907209 -0.988079429 0.137216091
vn 0.115729794 -0.988720536 0.0950702429
vn 0.137050018 -0.979756117 0.14592877
vn 0.138139009 -0.988096833 0.0676926151
vn 0.202092439 -0.966754317 0.156667665
vn 0.332002461 -0.937949359 0.100126684
vn 0.230752289 -0.963798642 0.133587375
vn 0.213559806 -0.966798067 0.140334442
vn 0.197354674 -0.972626388 0.122674577
vn 0.138760641 -0.983583868 0.115361452
vn 0.138741702 -0.983601332 0.115235142
vn 0.0906207338 0.989433467 0.113178164
vn 0.124237441 0.985671103 0.114094257
vn 0.133337557 0.989013314 0.0638258085
vn 0.153195173 0.986969113 0.0492264032
vn 0.342433959 0.93342036 0.107076406
vn 0.161636591 0.974540651 0.155383781
vn 0.249027565 0.951782882 0.179149851
vn 0.227866635 0.960170507 0.161707833
vn 0.219051078 0.962682962 0.158928096
vn 0.183845699 0.980000973 0.0761505216
vn 0.190694273 0.973333538 0.12750493
vn 0.190532759 0.970461011 0.147995695
vn 0.156273767 0.980549037 0.118752278
vn 0.154131293 0.981241405 0.11579673
vn 0.12596494 0.985275447 0.115607522
vn 0.540841281 -0.379733235 0.750528753
vn 0.796590924 -0.273666471 0.539026499
vn 0.890277147 -0.268367499 0.367947727
vn 0.752545059 -0.3116166 0.580147445
vn 0.836814761 -0.308875352 0.45203656
vn 0.797162414 -0.374298215 0.473743558
vn 0.826960862 -0.379860729 0.414537787
vn 0.809459448 -0.451574028 0.375308186
vn 0.782369375 -0.525215089 0.334734559
vn 0.525705814 -0.645179033 0.554416239
vn 0.77507782 -0.528615773 0.346149862
vn 0.553864241 -0.666661263 0.498795718
vn 0.538590431 -0.677965581 0.500283003
vn 0.787757456 -0.456199884 0.413908005
vn 0.567120075 -0.578702569 0.586070061
vn 0.531708539 -0.60924083 0.588312507
vn 0.570217311 -0.361883551 0.737490714
vn 0.518764734 -0.464712203 0.717583239
vn 0.573023677 -0.479703546 0.664476037
vn 0.535763085 -0.522747338 0.663093626
vn 0.530722141 -0.564652026 0.632061779
vn 0.267203718 -0.931542397 0.246639267
vn 0.287031323 -0.926914036 0.241750643
vn 0.320335597 -0.902259767 0.28863886
vn 0.375554711 -0.884503484 0.276789188
vn 0.404554278 -0.854786932 0.325077176
vn 0.45834589 -0.831574738 0.313691705
vn 0.49543035 -0.77125138 0.399649888
vn 0.516946256 -0.759407759 0.395052433
vn 0.706559718 -0.653593719 0.271272272
vn 0.7667979 -0.589237988 0.2545968
vn 0.386014223 -0.905403495 0.176741496
vn 0.45581457 -0.876268268 0.156163186
vn 0.464631736 -0.856928825 0.223137498
vn 0.594885647 -0.780322492 0.192893431
vn 0.594682932 -0.770622969 0.229112417
vn 0.67724812 -0.705862164 0.207589865
vn 0.718815804 -0.65745753 0.225950167
vn 0.48338899 0.571671307 0.662968338
vn 0.847263277 0.412677616 0.334428012
vn 0.453420997 0.681302369 0.57466203
vn 0.341712654 0.753117323 0.5621804
vn 0.475316793 0.703228295 0.528719127
vn 0.513087571 0.695245087 0.503364146
vn 0.665363193 0.610590339 0.429501206
vn 0.736710787 0.566016972 0.369975656
vn 0.773014307 0.531900465 0.345732272
vn 0.869574308 0.320024401 0.376065016
vn 0.720386028 0.304395497 0.623207331
vn 0.770164967 0.346465379 0.535544276
vn 0.513735056 0.378025949 0.770177066
vn 0.541119635 0.353251368 0.763153374
vn 0.754395485 0.289733112 0.589017928
vn 0.536082208 0.468671948 0.702112854
vn 0.570853591 0.446156085 0.689253867
vn 0.813542843 0.338327408 0.472950965
vn 0.823346853 0.293610752 0.485687882
vn 0.895727634 0.21175085 0.390939385
vn 0.46119222 0.644539773 0.609811604
vn 0.537344635 0.583481908 0.608941376
vn 0.674070835 0.525353432 0.519261301
vn 0.718181849 0.494132668 0.489946663
vn 0.791356325 0.444314182 0.4199287
vn 0.867307663 0.350221574 0.353726208
vn 0.546810091 0.250825703 0.798802376
vn 0.561053038 0.244864255 0.79073447
vn 0.754970372 0.208922654 0.621587515
vn 0.775260687 0.199834436 0.59919697
vn 0.897089422 0.156674773 0.413138717
vn 0.912511766 0.144818857 0.382556856
vn 0.382404059 0.90815872 0.170337543
vn 0.376623482 0.909049988 0.178277537
vn 0.471246779 0.854736328 0.217605934
vn 0.470392734 0.854804277 0.219181016
vn 0.538022697 0.809583545 0.234746784
vn 0.283581942 0.903693974 0.320809156
vn 0.254180223 0.899822831 0.354557812
vn 0.203739226 0.937221587 0.283030003
vn 0.229698941 0.941326916 0.247269139
vn 0.211714774 0.949217618 0.232728958
vn 0.70243144 0.670595765 0.238519192
vn 0.643092096 0.690908432 0.330269694
vn 0.495033592 0.763065755 0.415538669
vn 0.315459192 0.81455946 0.486804247
vn 0.376275748 0.809714735 0.450309485
vn 0.26727739 0.8714872 0.411184698
vn 0.299047172 0.864010513 0.405039072
vn 0.553950489 0.78462261 0.278399408
vn 0.72761786 0.610532463 0.312765598
vn 0.661534905 0.682068467 0.311695576
vn 0.56615603 0.737930655 0.367322326
vn 0.517304838 0.826387167 0.222441018
vn 0.570012033 0.781583965 0.253402442
vn 0.490639687 0.79974103 0.345958054
vn 0.233025566 0.952144563 0.197787389
vn 0.577895522 -0.0408451781 0.815087974
vn 0.538103044 -0.0610326193 0.840666473
vn 0.696215928 -0.0305597186 0.717181623
vn 0.807100654 -0.0280055851 0.589749277
vn 0.791781902 -0.0337016173 0.609873474
vn 0.900127232 -0.0843493864 0.427382916
vn 0.925748527 -0.0497289337 0.374855548
vn 0.929070473 -0.0416358374 0.367552042
vn 0.929553926 -0.00996563677 0.368551522
vn 0.909004092 -0.0249500778 0.416039735
vn 0.917678416 -0.00577691896 0.397281915
vn 0.57859534 -0.279795706 0.766121268
vn 0.545899153 -0.270449817 0.793001235
vn 0.765167594 -0.223397657 0.603831172
vn 0.756726205 -0.223532259 0.614327908
vn 0.76833427 -0.147978052 0.622707725
vn 0.787387311 -0.150621414 0.597774565
vn 0.519612372 -0.180425644 0.835134447
vn 0.606152534 -0.20471403 0.768551409
vn 0.605076849 -0.123469487 0.786535025
vn 0.531881154 -0.100262031 0.840862632
vn 0.806319833 -0.0837569684 0.585519493
vn 0.789471507 -0.0796497911 0.608597219
vn 0.946472645 -0.0586083047 0.317418635
vn 0.898891628 -0.119667262 0.421513498
vn 0.913067997 -0.126895443 0.387562037
vn 0.894477963 -0.169713199 0.413650274
vn 0.897348583 -0.169506222 0.407471627
vn 0.957657576 -0.12567775 0.259030968
vn 0.959633887 -0.120549522 0.254107565
vn 0.962405086 -0.1021806 0.251665592
vn 0.958498776 -0.152050585 0.241165385
vn 0.952935576 -0.159183905 0.258019924
vn 0.953778207 -0.203089252 0.22149922
vn 0.950162232 -0.205545187 0.234398931
vn 0.959252417 -0.171189427 0.224786445
vn 0.95737046 -0.164528459 0.237428322
vn 0.949157596 -0.226682663 0.218437314
vn 0.941843629 -0.253172994 0.220984265
vn 0.942201376 -0.253515691 0.219057828
vn 0.879433632 -0.418007433 0.227741748
vn 0.928560793 -0.249355942 0.27494812
vn 0.935468256 -0.296193182 0.192791849
vn 0.909014881 -0.312360555 0.275903761
vn 0.910427928 -0.338493317 0.237788156
vn 0.935944855 -0.294110149 0.193665713
vn 0.930103779 -0.294053108 0.22009027
vn 0.959213495 -0.150358066 0.239378229
vn 0.943265498 -0.206750229 0.259816289
vn 0.960507512 -0.216130465 0.175251082
vn 0.931314349 -0.302523017 0.202813789
vn 0.930398107 -0.330181748 0.159183532
vn 0.942193091 -0.2870408 0.172857538
vn 0.93753624 -0.336250097 0.0892283097
vn 0.931427181 -0.35227859 0.0913409144
vn 0.941479087 -0.315697372 0.11811991
vn 0.939145088 -0.316106647 0.134473234
vn 0.975680828 -0.208733648 0.0669116154
vn 0.970685244 -0.214479566 0.108483665
vn 0.983107209 -0.160086721 0.088727057
vn 0.971853971 -0.221896768 0.0791308284
vn 0.968670905 -0.23337613 0.0849247128
vn 0.963680744 -0.251913309 0.0886518434
vn 0.966645896 -0.235179931 0.101420723
vn 0.942746401 -0.323603481 0.0806846395
vn 0.940227866 -0.330012441 0.0840438977
vn 0.926265597 -0.364906996 0.0942068323
vn 0.621727049 -0.772377312 0.129956663
vn 0.485757142 -0.863710225 0.134330347
vn 0.485199362 -0.87032944 0.0843105838
vn 0.683577001 -0.701181293 0.202650681
vn 0.719229817 -0.671085715 0.179867864
vn 0.745078146 -0.635106504 0.203711078
vn 0.836442947 -0.507695794 0.206417501
vn 0.827970147 -0.526149333 0.193990692
vn 0.909881115 -0.353551418 0.217066243
vn 0.877626538 -0.449663997 0.166053966
vn 0.930424213 -0.309744149 0.195880994
vn 0.924690187 -0.329945117 0.189958662
vn 0.589112997 -0.783662677 0.197024509
vn 0.642729104 -0.751431286 0.149165303
vn 0.723395646 -0.673591316 0.151570201
vn 0.740971029 -0.656302392 0.142229244
vn 0.846297979 -0.513424397 0.14203918
vn 0.844080806 -0.516622663 0.143626526
vn 0.92222172 -0.360367209 0.140152097
vn 0.888093531 -0.433759362 0.152127087
vn 0.911298752 -0.383033633 0.151062429
vn 0.917388797 -0.38637951 0.0954396278
vn 0.850386679 -0.520018876 0.0801424757
vn 0.860928476 -0.501259804 0.0868376121
vn 0.747136474 -0.659490943 0.0828176513
vn 0.722456396 -0.687429786 0.0741420239
vn 0.626830041 -0.775046945 0.0799145326
vn 0.572323442 -0.817144156 0.0687116981
vn 0.525201023 -0.848172069 0.0690506399
vn 0.463996142 -0.884644449 0.0459541827
vn 0.99281925 -0.103309013 0.0603086911
vn 0.990089476 -0.112554684 0.0839897543
vn 0.994949818 -0.0512851924 0.0862823129
vn 0.995788276 -0.0577388294 0.0712173358
vn 0.999221623 -0.0224385634 0.0324437954
vn 0.996631861 -0.0314022936 0.0757548288
vn 0.997100592 -0.0255215988 0.0716874227
vn 0.993972123 -0.0845436677 0.0697979182
vn 0.990107119 -0.11255838 0.0837768242
vn 0.988146901 -0.136164978 0.0708858892
vn 0.972046912 -0.224878162 0.0674876496
vn 0.974380314 -0.212113485 0.0747719482
vn 0.950416505 -0.305136651 0.0600005686
vn 0.932741702 -0.353415519 0.0713466257
vn 0.916320801 -0.396410942 0.0566974469
vn 0.760390818 -0.648343205 0.0381692089
vn 0.802175462 -0.595668077 0.0411590561
vn 0.851098239 -0.521666229 0.0591275096
vn 0.856217086 -0.513605475 0.0556932129
vn 0.891556799 -0.449659348 0.0541569106
vn 0.626634896 -0.778885603 0.0258051958
vn 0.723950505 -0.688085675 0.0493332334
vn 0.689534962 -0.723461449 0.0338394642
vn 0.712758899 -0.699847102 0.0467840359
vn 0.713732243 -0.698150396 0.0563231222
vn 0.850925148 -0.521600008 0.0621276982
vn 0.861871898 -0.501698196 0.0739982948
vn 0.932387412 -0.35328573 0.0764385313
vn 0.937822282 -0.336366355 0.0857148692
vn 0.97070539 -0.224467248 0.0857058689
vn 0.972392142 -0.215029925 0.090640232
vn 0.986473262 -0.1373142 0.0895279795
vn 0.985628188 -0.160888553 0.0514966995
vn 0.958267748 0.14148806 0.248403043
vn 0.953847349 0.162693486 0.252400577
vn 0.96013701 0.148141295 0.23704651
vn 0.943428934 0.204197422 0.261238039
vn 0.954788864 0.213643625 0.206723616
vn 0.944842577 0.217167765 0.245174766
vn 0.933101475 0.269136935 0.238509819
vn 0.939181447 0.248254627 0.237292632
vn 0.87687093 0.420264959 0.233398274
vn 0.911149383 0.338073581 0.235612109
vn 0.926525474 0.313889831 0.207421586
vn 0.942587852 0.256698042 0.21362184
vn 0.94648838 0.247155681 0.20754233
vn 0.959605992 0.157618463 0.233051002
vn 0.955468953 0.18940194 0.226287305
vn 0.951167822 0.203272998 0.232292548
vn 0.953691304 0.22729741 0.196999371
vn 0.933214784 0.270245701 0.236806765
vn 0.911277711 0.333971292 0.24090673
vn 0.957452416 0.121998817 0.261536121
vn 0.942157865 0.127441749 0.309995413
vn 0.696045578 0.0380048379 0.716991067
vn 0.802017689 0.106908597 0.587654769
vn 0.779284418 0.103618756 0.618044496
vn 0.919699788 0.0815730095 0.384054899
vn 0.915627182 0.0807380527 0.39383781
vn 0.917693079 0.000484531309 0.397289753
vn 0.352892995 0.895332932 0.271745205
vn 0.880262315 0.00672916044 0.474439591
vn 0.87133795 0.0317708179 0.489653766
vn 0.865058601 0.0267086308 0.500959396
vn 0.787044108 -0.154101029 0.597339511
vn 0.927182436 0.0418112352 0.372269452
vn 0.927478194 0.049054496 0.370645136
vn 0.538648725 0.0417220742 0.841496766
vn 0.590749085 0.055583179 0.804938495
vn 0.580483079 0.120695964 0.805277526
vn 0.59064889 0.125355378 0.797132313
vn 0.565002084 0.171929508 0.80697763
vn 0.99725467 0.0185032766 0.0716989711
vn 0.847832322 0.526986897 0.0588658415
vn 0.850925267 0.521600604 0.0621213689
vn 0.780362964 0.622508943 0.0592982769
vn 0.69909358 0.713993311 0.0384922922
vn 0.703622639 0.709342182 0.0418194346
vn 0.694394708 0.717675745 0.0525122993
vn 0.671611547 0.740578532 0.0219407938
vn 0.890294492 0.452174991 0.0539770573
vn 0.853521824 0.517972887 0.0566086732
vn 0.851146758 0.521685004 0.0582575835
vn 0.800660253 0.597712994 0.0410164557
vn 0.754050314 0.655734539 0.0376873538
vn 0.915051758 0.399358153 0.0565098077
vn 0.932741344 0.353415936 0.0713494718
vn 0.949039638 0.309361428 0.0601601116
vn 0.971728086 0.224780351 0.0722378492
vn 0.974089861 0.215553105 0.0684530064
vn 0.896850109 0.435869128 0.0753523707
vn 0.934453368 0.347774506 0.0764838979
vn 0.932200611 0.35321781 0.0789883658
vn 0.972844839 0.212696165 0.0912867934
vn 0.969502985 0.224117115 0.0991740152
vn 0.987367272 0.133125827 0.0859265327
vn 0.991254807 0.112810083 0.068467699
vn 0.992310226 0.0900992155 0.0848678052
vn 0.994949877 0.0512852035 0.0862817541
vn 0.99730587 0.0265107807 0.0683969781
vn 0.99505198 0.0615779199 0.0779722035
vn 0.99657315 0.0429375879 0.0706987232
vn 0.993570685 0.0882944986 0.0708613768
vn 0.990096152 0.112555973 0.0839089602
vn 0.988131285 0.135588929 0.0721955821
vn 0.983046293 0.169686064 0.0694743022
vn 0.846103013 0.51331383 0.143591911
vn 0.975696504 0.213729247 0.0483335778
vn 0.744082034 0.636204839 0.203924671
vn 0.9480955 0.255949825 0.188691929
vn 0.936798394 0.297756016 0.183712035
vn 0.87669301 0.43399182 0.207510114
vn 0.836458504 0.507706821 0.206327379
vn 0.819294274 0.543752789 0.181906074
vn 0.84601444 0.49465546 0.19893606
vn 0.657476485 0.738690674 0.148528442
vn 0.664721727 0.731883585 0.149971321
vn 0.73971796 0.655563891 0.151833296
vn 0.485456109 0.869223714 0.0937148482
vn 0.480414152 0.87452811 0.0663535222
vn 0.568539739 0.821032345 0.0516568124
vn 0.485259295 0.870287895 0.0843942836
vn 0.57952255 0.802553654 0.141637534
vn 0.621449172 0.772203267 0.132299274
vn 0.627323985 0.775229931 0.0740483403
vn 0.588718295 0.804198563 0.0817031488
vn 0.696938396 0.713105738 0.0758750588
vn 0.746797621 0.659348667 0.0869060978
vn 0.778706849 0.621721566 0.0841306299
vn 0.971428752 0.225809336 0.07305035
vn 0.942351818 0.286714703 0.172533184
vn 0.928751051 0.33491835 0.158906117
vn 0.888096452 0.433754981 0.152122676
vn 0.926939785 0.348333716 0.139449701
vn 0.943201005 0.306847543 0.127344027
vn 0.937117159 0.333286643 0.103592627
vn 0.940274477 0.324800491 0.101924002
vn 0.948759198 0.303670257 0.087409392
vn 0.944908381 0.31659618 0.0831564367
vn 0.960868537 0.26008603 0.09532509
vn 0.927000225 0.318386912 0.198243141
vn 0.925205112 0.325828254 0.194503158
vn 0.915327132 0.356452405 0.187397718
vn 0.920906842 0.359589309 0.150419682
vn 0.91262722 0.383736253 0.140918657
vn 0.916603327 0.385922849 0.104412258
vn 0.910393596 0.402078688 0.097551316
vn 0.59525454 0.763184309 0.251439363
vn 0.719328761 0.67114681 0.179243147
vn 0.724679589 0.674317598 0.14189887
vn 0.844274461 0.516732156 0.142086193
vn 0.849908233 0.519774199 0.086549297
vn 0.817439675 0.567736924 0.0972992629
vn 0.84661144 0.52643919 0.0781723112
vn 0.911507368 0.402630746 0.0839213654
vn 0.895103216 0.435086906 0.0974147469
vn 0.950130939 0.304397523 0.0677744746
vn 0.932837605 0.347108781 0.0965894982
vn 0.964820862 0.248607829 0.0855268985
vn 0.96486181 0.248456165 0.0855057687
vn 0.987722754 -0.0261381343 0.1540149
vn 0.986358523 -0.00759301428 0.164435968
vn 0.987523735 -0.00936798658 0.157191396
vn 0.983717918 -0.0118607515 0.179327577
vn 0.979881048 -0.00492798584 0.199521467
vn 0.976404309 -0.087294206 0.197520539
vn 0.97433877 -0.0789455548 0.210787967
vn 0.975462437 -0.0792803541 0.20539622
vn 0.986348391 -0.0373688564 0.160375968
vn 0.983507931 -0.0258632079 0.179006308
vn 0.981559157 -0.0389329642 0.187151834
vn 0.96294713 -0.0681412295 0.260939896
vn 0.976129949 -0.078077659 0.202667713
vn 0.980613232 -0.0737891868 0.181529224
vn 0.979011536 -0.076227136 0.189012691
vn 0.978986561 -0.0428158753 0.199379355
vn 0.980391026 -0.0383200422 0.193300411
vn 0.979196846 -0.0337852947 0.200080186
vn 0.978742063 -0.0198305771 0.204134151
vn 0.976949573 -0.102010317 0.187519059
vn 0.975809157 -0.101446472 0.19366239
vn 0.976355553 -0.114011914 0.183660462
vn 0.976794899 -0.120210961 0.177259922
vn 0.974315405 -0.120436162 0.190275237
vn 0.974996805 -0.13797453 0.174195886
vn 0.972374558 -0.13950713 0.187150881
vn 0.972905219 -0.152241364 0.174005762
vn 0.972211778 -0.150204152 0.179563135
vn 0.970863819 -0.164726883 0.174036026
vn 0.970607698 -0.161322564 0.17859377
vn 0.970179558 -0.17295514 0.169818044
vn 0.973187327 -0.16711913 0.158042997
vn 0.969782591 -0.171281889 0.173735991
vn 0.96800971 -0.186814338 0.167503953
vn 0.967704535 -0.185766742 0.170407385
vn 0.96756947 -0.19303602 0.162930712
vn 0.96713376 -0.19230935 0.166341305
vn 0.967003524 -0.197531611 0.160889536
vn 0.965663791 -0.194032162 0.172756821
vn 0.957764268 -0.241209835 0.156542018
vn 0.982024193 -0.147299901 0.118030809
vn 0.984231353 -0.139176518 0.109171964
vn 0.974816442 -0.167247012 0.147517085
vn 0.97600162 -0.163960993 0.143309638
vn 0.980340481 -0.144360065 0.134509146
vn 0.980359912 -0.148153797 0.130172655
vn 0.978139997 -0.151144564 0.142819643
vn 0.976566851 -0.171095118 0.130551249
vn 0.976609409 -0.163325399 0.139852956
vn 0.985011935 -0.128819466 0.114704199
vn 0.98366642 -0.125424519 0.129108593
vn 0.982743561 -0.12819621 0.133344546
vn 0.977905273 -0.177921757 0.109750263
vn 0.982353508 -0.153791189 0.106441617
vn 0.983930409 -0.109519832 0.141018972
vn 0.990727305 -0.0841344371 0.106681034
vn 0.986633003 -0.111484945 0.118854769
vn 0.961919427 -0.238651201 0.133254051
vn 0.962823033 -0.237728491 0.128284931
vn 0.967484653 -0.222266451 0.120710626
vn 0.968094349 -0.217284337 0.124823414
vn 0.972539186 -0.210447043 0.0993960649
vn 0.975805879 -0.175350383 0.130595431
vn 0.976370394 -0.1821495 0.116285697
vn 0.97461611 -0.169280767 0.146517679
vn 0.960536659 -0.241334081 0.138301045
vn 0.962730885 -0.229618549 0.142914742
vn 0.993240774 -0.0140892258 0.115213841
vn 0.994845271 -0.00730571104 0.101140864
vn 0.988461256 -0.103192218 0.110886268
vn 0.987071633 -0.102856949 0.122922979
vn 0.989361525 -0.081772238 0.120320678
vn 0.99327004 -0.0193373263 0.114195995
vn 0.992869079 -0.0281397998 0.115841098
vn 0.992538691 -0.0425764024 0.114255168
vn 0.992931902 -0.0415205471 0.111185983
vn 0.989651799 -0.0673457831 0.126703992
vn 0.99282825 -0.0671045333 0.0989394933
vn 0.990440726 -0.0747959912 0.115899496
vn 0.970744908 0.175473779 0.163900197
vn 0.96658504 0.183913246 0.17857568
vn 0.96896857 0.18700698 0.161642611
vn 0.966338277 0.191025898 0.172335267
vn 0.967905164 0.193608746 0.160235003
vn 0.966092467 0.196347207 0.167669669
vn 0.96720463 0.197076336 0.160237864
vn 0.968944311 0.166707441 0.182634905
vn 0.957787991 0.241247877 0.156338036
vn 0.976819992 0.0976162031 0.19050914
vn 0.976177394 0.0954670683 0.19484289
vn 0.977596045 0.108805113 0.180187225
vn 0.968581557 0.166597813 0.184648052
vn 0.974440515 0.109482139 0.196161419
vn 0.975879788 0.118402764 0.183410525
vn 0.973925591 0.135816008 0.181722283
vn 0.973999023 0.13626577 0.180990398
vn 0.972012997 0.15369457 0.177675918
vn 0.973002851 0.159126341 0.167165279
vn 0.976186514 0.0829704404 0.200438991
vn 0.987561822 0.00326410169 0.157197371
vn 0.979892552 0.00093469373 0.199523792
vn 0.980169058 0.00537533592 0.198090091
vn 0.985492527 0.0154665653 0.169012591
vn 0.985697687 0.00834281556 0.168316647
vn 0.978937089 0.0404388011 0.200117171
vn 0.962567866 0.0679145381 0.26239422
vn 0.981822848 0.03852541 0.185848475
vn 0.980828226 0.0400643125 0.190711424
vn 0.97919929 0.0337595791 0.200072706
vn 0.978740036 0.0197844002 0.204148173
vn 0.96890074 0.0756213591 0.235611558
vn 0.987567186 0.0129698534 0.156661391
vn 0.985832155 0.0297795888 0.165070102
vn 0.985977113 0.0293197967 0.16428481
vn 0.982483387 0.0729473978 0.171478912
vn 0.979009628 0.0762299225 0.189021543
vn 0.979665518 0.0752434731 0.185994402
vn 0.975807786 0.0778098628 0.204315409
vn 0.988333583 -0.00676126778 0.152154699
vn 0.988427222 -0.0199356433 0.150380149
vn 0.988612115 -0.0326225124 0.146907672
vn 0.988134921 -0.0198310763 0.152302802
vn 0.983819544 -0.0927110985 0.153309509
vn 0.983391821 -0.0990106612 0.152109995
vn 0.983373284 -0.099451758 0.151942044
vn 0.983298361 -0.101810277 0.150860891
vn 0.983279228 -0.101084553 0.151472285
vn 0.98323071 -0.100422509 0.152225688
vn 0.983040273 -0.0994316936 0.154094651
vn 0.987082422 -0.0489126258 0.152564093
vn 0.986789584 -0.0575339869 0.151446968
vn 0.986684382 -0.060984388 0.150780842
vn 0.985920012 -0.0687454045 0.152432755
vn 0.984698653 -0.0821386501 0.153693944
vn 0.984367907 -0.0757369623 0.159008697
vn 0.986903071 -0.0610334612 0.149322435
vn 0.984077454 -0.0919446424 0.152110979
vn 0.984858692 -0.0723549724 0.15753758
vn 0.985735595 -0.0656088069 0.15498662
vn 0.986424685 -0.0584500581 0.153460056
vn 0.983364522 -0.0995510519 0.151933715
vn 0.982998312 -0.100432537 0.153712839
vn 0.982855618 -0.100905485 0.15431425
vn 0.982822776 -0.10104385 0.154433087
vn 0.983134329 -0.0992480665 0.153612062
vn 0.983628571 -0.0956967101 0.152699068
vn 0.987389863 -0.0274196733 0.155914903
vn 0.988008916 -0.0198220704 0.153119162
vn 0.987504959 -0.0422257967 0.151825503
vn 0.986899972 -0.0524883121 0.152556121
vn 0.987848938 -0.019659888 0.154168606
vn 0.988132238 -0.0134911388 0.153011844
vn 0.988339245 -0.0047530639 0.15219374
vn 0.9933002 0.00888555031 0.115220547
vn 0.993877292 0.0146729918 0.10951113
vn 0.993171334 0.021688018 0.114631429
vn 0.992750883 0.0304557234 0.116267644
vn 0.992763758 0.0467995405 0.110589176
vn 0.99248904 0.0424243584 0.114741735
vn 0.990842283 0.0619331375 0.119982883
vn 0.990701616 0.0743073598 0.113968037
vn 0.99017632 0.0765523985 0.117006898
vn 0.987298846 0.108536817 0.116020232
vn 0.98793453 0.0973064676 0.120485842
vn 0.989117861 0.0832927078 0.121277414
vn 0.974578381 0.167190075 0.149145842
vn 0.974647522 0.169090003 0.146529153
vn 0.968522966 0.216710374 0.12247394
vn 0.962769508 0.239168093 0.125990048
vn 0.961490214 0.2372244 0.138784498
vn 0.962554991 0.233270437 0.138104409
vn 0.959380686 0.241327196 0.146115899
vn 0.972914755 0.202864572 0.110828213
vn 0.96978122 0.214619428 0.116029762
vn 0.968502104 0.217023492 0.122083969
vn 0.989215434 0.0995777398 0.107410952
vn 0.985815823 0.101182915 0.133899748
vn 0.983779967 0.122996174 0.130571678
vn 0.983813524 0.123231173 0.130096391
vn 0.983038127 0.147121996 0.109503984
vn 0.981056273 0.139568746 0.134347245
vn 0.980261266 0.177047193 0.0879897252
vn 0.976745307 0.180748418 0.115319811
vn 0.980754852 0.138607219 0.137506232
vn 0.980588257 0.149789363 0.126529709
vn 0.975280344 0.165986151 0.145865679
vn 0.976186693 0.163762763 0.142271802
vn 0.97673291 0.163188115 0.139148891
vn 0.977099836 0.160913467 0.139221877
vn 0.979445875 0.148508668 0.136495307
vn 0.985476494 0.0728289261 0.153401658
vn 0.986861289 0.0524991825 0.152802438
vn 0.987436771 0.0424160771 0.152215168
vn 0.987475157 0.0406819992 0.152439386
vn 0.987976789 0.0263656676 0.152337357
vn 0.988417149 0.0160526056 0.15091005
vn 0.988361061 0.0123329759 0.151625648
vn 0.988351345 0.00311849103 0.152157381
vn 0.986351669 0.0620653629 0.152506575
vn 0.986225784 0.0648118705 0.152177766
vn 0.986712992 0.0548401959 0.152937904
vn 0.983633041 0.0943338946 0.15351592
vn 0.983882666 0.0954209194 0.151227459
vn 0.983971655 0.0961082205 0.15020977
vn 0.984031081 0.0971232653 0.149163842
vn 0.984030783 0.0957360938 0.150060117
vn 0.984160542 0.0922612026 0.151379883
vn 0.984640658 0.0842378959 0.152927101
vn 0.988330483 0.0063524507 0.152192339
vn 0.983144343 0.0959055871 0.155657753
vn 0.984098017 0.0896639302 0.153334334
vn 0.983352661 0.0947126448 0.155071333
vn 0.983053029 0.0962700695 0.156009123
vn 0.98331356 0.0954447389 0.154870108
vn 0.983610868 0.0947091728 0.153427005
vn 0.984082639 0.0944911093 0.150508419
vn 0.986377358 0.0620711707 0.152337924
vn 0.985952497 0.0698138773 0.151735634
vn 0.985050321 0.0811617523 0.15194951
vn 0.988060594 0.0151356943 0.153320521
vn 0.987768054 0.0212813709 0.154471323
vn 0.988081336 0.0160331521 0.153095394
vn 0.987874687 0.0321762711 0.151882559
vn 0.987406492 0.0424114205 0.15241307
vn 0.987331331 0.0454891697 0.152011603
vn 0.98698926 0.0525222458 0.151965782
vn 0.986883998 0.0545071326 0.151950344
vn 0.986478627 0.0608345456 0.152181149
vn -1 7.8760786e-07 -1.25204579e-07
vn -1 -1.29467622e-07 1.34641724e-07
vn -1 1.78774783e-07 -8.56510196e-10
vn -1 -4.41284357e-07 3.8119353e-07
vn -1 2.09564178e-07 -1.56263269e-07
vn -1 -2.48069625e-07 3.42439449e-07
vn -1 1.2738316e-07 -2.01177514e-07
vn -1 6.6079302e-08 2.40059165e-07
vn -1 -5.71163071e-07 1.19292764e-07
vn -1 -1.42906833e-06 9.83741977e-11
vn -1 -1.14263642e-07 9.8332037e-11
vn -1 6.60791031e-08 -2.18283816e-07
vn -1 2.49185774e-07 1.0996298e-06
vn -1 -2.71838815e-07 -7.3922206e-07
vn -1 -1.39947616e-07 2.10071136e-07
vn -1 5.42945941e-07 2.62020444e-06
vn 1.84409782e-06 0.822827399 0.568291366
vn 2.68039599e-07 0.636740088 0.771078527
vn -4.47622688e-06 0.636741102 0.771077693
vn -4.32679371e-06 0.402418464 0.915455818
vn -3.84960686e-06 0.137616053 0.990485668
vn 1.08514159e-05 0.137611941 0.990486205
vn 1.16203391e-05 -0.137615934 0.990485668
vn -4.1058629e-06 -0.137611538 0.990486264
vn -5.07665936e-06 -0.402417183 0.915456414
vn 1.15090115e-05 -0.402421474 0.915454507
vn 1.05258741e-05 -0.636740386 0.771078229
vn 5.78198933e-06 -0.636739373 0.771079123
vn 2.61497485e-06 -0.822827995 0.568290532
vn 3.10261896e-07 -0.822827578 0.568291068
vn 2.17694887e-05 -3.78402219e-05 -1
vn -2.44887701e-07 -5.90486025e-06 -1
vn 3.16538376e-06 -2.57131751e-06 -1
vn -1.49618709e-05 -5.277323e-06 -1
vn 1.53461531e-06 -1.25547003e-05 -1
vn -7.14624235e-08 -1.8198499e-06 -1
vn 1.75167159e-07 -2.71171325e-06 -1
vn 7.17977491e-06 -9.87153999e-06 -1
vn 2.17417619e-06 2.21492982e-07 -1
vn -3.07229897e-07 -3.1175432e-06 -1
vn -1.37101665e-07 -2.03460604e-06 -1
vn -1.75656248e-06 -1.10870724e-06 -1
vn 7.51319362e-07 -4.09693757e-06 -1
vn -1.98223375e-07 -2.39760197e-06 -1
vn -7.41153087e-07 -2.06594541e-06 -1
vn -5.00562543e-08 -6.46509761e-06 -1
vn -2.28281092e-08 -2.57631746e-06 -1
vn -1.09441112e-06 -5.89597732e-07 -1
vn -1.56233327e-07 -2.92948562e-06 -1
vn -4.04590719e-06 -2.14900069e-06 -1
vn -3.10077719e-09 -2.79939877e-06 -1
vn 9.61138227e-08 -2.79353094e-06 -1
vn -5.41042198e-07 -2.5957861e-06 -1
vn -8.21810488e-07 -2.60638058e-06 -1
vn -2.06236408e-07 -2.12113946e-06 -1
vn 2.54970672e-07 -3.08528979e-06 -1
vn -1.7746477e-07 -1.79841606e-06 -1
vn 1.20784662e-07 -2.73489786e-06 -1
vn -4.32782514e-07 -3.07862911e-06 -1
vn 1.69982218e-06 -1.97481631e-06 -1
vn 2.01545226e-05 -1.45091199e-05 -1
vn -4.51844954e-07 -1.40627276e-06 -1
vn -1.70020883e-07 -4.33975583e-06 -1
vn 7.0125644e-08 -3.00409351e-06 -1
vn -1.15712858e-07 -1.61787e-06 -1
vn -2.65306539e-07 -2.38280586e-06 -1
vn 5.44562617e-08 -4.13399994e-06 -1
vn 2.13072994e-07 -3.18422531e-06 -1
vn 1.07811346e-07 -2.57650504e-06 -1
vn -9.43530949e-07 -4.43789122e-06 -1
vn 5.17207354e-07 -2.10719327e-06 -1
vn -1.47812841e-07 -2.91822471e-06 -1
vn -4.63286597e-06 -8.29302493e-08 -1
vn 4.43597992e-06 -6.40260896e-06 -1
vn -2.19296248e-06 -9.8601015e-07 -1
vn -4.05673654e-06 -4.20121978e-06 -1
vn 3.03811476e-06 -2.53130725e-06 -1
vn -4.1855842e-06 -3.22104938e-06 -1
vn -5.02356897e-07 -2.86122304e-06 -1
vn 1.45918023e-06 -4.20584183e-06 -1
vn -8.31218131e-07 -2.49367781e-06 -1
vn 2.80121895e-07 -1.71877844e-06 -1
vn 4.07558673e-07 -3.42866656e-06 -1
vn -2.88870666e-07 -4.17405181e-06 -1
vn -1.79594053e-07 -2.97358133e-06 -1
vn 5.77785386e-07 -2.36331198e-06 -1
vn 4.60285577e-07 -2.80854056e-06 -1
vn -3.03445269e-09 -3.08720132e-06 -1
vn 1.55355892e-07 -2.86266891e-06 -1
vn 1.00575858e-06 -2.51104325e-06 -1
vn 3.50084747e-07 -3.12586371e-06 -1
vn -3.277041e-07 -3.26129975e-06 -1
vn -7.77528726e-07 -3.53822065e-06 -1
vn 1.82142685e-06 -3.53070277e-06 -1
vn -2.9896259e-07 -3.06580478e-06 -1
vn 1.04904586e-06 -3.32601962e-06 -1
vn -2.15812133e-06 -2.00383897e-06 -1
vn -2.75207167e-05 1.98996677e-05 -1
vn -5.80153801e-06 2.27819442e-06 -1
vn 7.69694308e-11 -3.23564791e-06 -1
vn -9.69721327e-07 -2.20183938e-06 -1
vn 1.89031675e-06 -5.41181407e-06 -1
vn -5.26182475e-08 -3.47809055e-06 -1
vn -6.60134106e-07 -3.27643465e-06 -1
vn 7.85429506e-07 -3.04828882e-06 -1
vn 2.51322405e-07 -2.61357445e-06 -1
vn -9.88549232e-07 -2.55031387e-06 -1
vn -6.5874525e-07 -2.92307595e-06 -1
vn 8.73681245e-07 -3.33202183e-06 -1
vn 4.40338056e-07 -2.64411437e-06 -1
vn -7.24625465e-07 -2.04966386e-06 -1
vn 1.94728599e-07 -4.22258154e-06 -1
vn -8.97971972e-07 -3.33302796e-06 -1
vn -8.8167593e-07 -3.40023257e-06 -1
vn 6.56299335e-07 -3.66812264e-06 -1
vn -1.67516544e-06 -9.37506684e-07 -1
vn 7.47532098e-08 -3.52290044e-06 -1
vn 1.26019984e-07 -3.11019471e-06 -1
vn 9.6998042e-07 -3.67905204e-06 -1
vn -3.96261794e-06 6.62643572e-07 -1
vn -1 -8.39246525e-07 1.10859396e-07
vn -1 3.07395453e-07 5.78606283e-08
vn -1 -8.44436158e-07 3.45160316e-07
vn -1 2.185607e-07 -5.90543578e-08
vn -1 2.7319237e-07 3.75810885e-07
vn -1 5.39547614e-07 -4.57526887e-08
vn -1 3.31060562e-07 3.60517987e-07
vn -1 -5.33848493e-07 4.1531063e-09
vn -1 -5.55593829e-07 3.97977402e-07
vn -1 9.48113552e-07 1.65600909e-06
vn -1 -1.64377298e-07 4.28370384e-07
vn -1 -1.14429793e-06 -1.77857601e-07
vn -1 6.3850689e-07 1.04294886e-05
vn -1 9.05801073e-07 2.38102202e-05
vn -1 -4.80627271e-08 -3.00653795e-07
vn -1 4.97845804e-07 -8.49170021e-07
vn -1 2.39048944e-07 -2.40280457e-07
vn -1 8.27261033e-08 -3.02257604e-07
vn -1 -7.51823166e-07 3.67469539e-07
vn -1 3.7446793e-07 -2.81060475e-05
vn -1 -1.52409676e-08 -8.54035989e-08
vn -1 4.97459212e-07 4.76808481e-07
vn -1 5.76563082e-07 5.74128649e-07
vn -1 -1.08801736e-07 3.37119594e-08
vn -1 -1.21548305e-06 2.07479729e-07
vn -1 9.48644924e-07 -3.23483874e-07
vn -1 -3.96640672e-07 -6.67803519e-08
vn -1 9.62395887e-08 -6.21139691e-07
vn -1 -3.73509614e-08 -5.07286074e-07
vn -1 9.7028007e-08 9.07798153e-07
vn -1 -3.0515784e-07 -1.43991679e-06
vn -1 -2.93464268e-07 5.65165294e-07
vn -1 -5.08510993e-07 2.28260603e-07
vn -1 1.46747439e-07 -2.31417303e-07
vn -1 -2.99716234e-08 -7.07024768e-08
vn -1 -9.24629688e-08 -1.31739156e-07
vn -1 5.67831762e-07 3.74761555e-07
vn -1 5.83926465e-07 1.16041554e-06
vn -1 -1.34809369e-07 -4.04621154e-08
vn -1 -1.047325e-07 -1.14348158e-08
vn -1 4.88389951e-08 1.97378597e-07
vn -1 -1.43847032e-07 -2.01232666e-08
vn -1 -3.74951014e-07 2.12056179e-07
vn -1 1.74449895e-07 -3.73264193e-08
vn -1 1.3257764e-07 5.01089215e-09
vn -1 1.65468172e-08 -7.26658641e-07
vn -1 -4.8161121e-07 2.69926659e-07
vn -1 -2.71694762e-06 2.2416184e-06
vn -1 2.22063662e-07 -3.0392124e-07
vn -1 2.1629026e-07 -2.820438e-07
vn -1 2.17547282e-07 1.68210732e-07
vn -1 1.13749775e-06 -1.96700921e-06
vn -1 9.57082378e-08 -3.83474031e-07
vn -1 -1.83892368e-07 3.86763901e-07
vn -1 2.15969152e-07 -6.61516708e-08
vn -1 -1.62113409e-07 7.37561322e-07
vn -1 4.93406958e-07 3.96274743e-07
vn -1 -7.41302202e-08 1.71137827e-07
vn -1 3.17661232e-07 -2.53604409e-08
vn -1 1.97481904e-06 -1.81454027e-06
vn -1 -5.0238009e-07 2.4220779e-07
vn -1 -2.03587206e-06 3.23146679e-07
vn -1 1.69390034e-06 -6.2924704e-07
vn -1 3.58403526e-07 -1.34604576e-07
vn -1 -1.24140229e-07 1.64548354e-07
vn -1 -2.82535353e-07 -2.22729284e-07
vn -1 -4.50559327e-07 -1.87273045e-07
vn -1 -2.38510438e-07 -2.90861976e-07
vn -1 1.05049992e-06 -4.10003139e-07
vn -1 8.11815028e-07 -3.21487704e-07
vn -1 2.38643878e-07 5.93685797e-07
vn -1 8.85519924e-08 3.34611023e-08
vn -1 -1.21585543e-07 -3.15459062e-07
vn -1 -4.79582184e-07 4.35768385e-07
vn -1 -2.12205933e-07 -1.22187873e-06
vn -1 1.0913808e-06 -9.08392622e-07
vn -1 -9.82265362e-08 5.74540238e-08
vn -1 -6.40123119e-07 6.62961895e-07
vn -1 2.82330859e-07 -1.62315942e-07
vn -1 3.9219691e-07 2.12105491e-07
vn -1 -5.15175657e-07 -2.2058714e-07
vn -1 2.69041323e-07 -2.02146762e-08
vn -1 6.87665079e-07 -7.03116427e-08
vn -1 4.20787281e-08 -1.89229269e-07
vn -1 6.7327403e-07 7.56118254e-07
vn -1 -8.50525794e-07 -7.39788902e-07
vn -1 -8.49293826e-08 5.60676312e-07
vn -1 -1.77606148e-06 -3.65173037e-06
vn -1 1.88835486e-07 6.09102926e-07
vn -1 1.93965093e-07 6.73285683e-07
vn -1 -7.23357459e-07 -2.04878074e-06
vn -1 2.91275001e-07 -2.17285503e-07
vn -1 -5.10364316e-06 8.6885384e-06
vn -1 5.08104847e-09 -1.0463804e-07
vn -1 3.93556377e-07 -1.89781315e-06
vn -1 -1.47827038e-07 1.22535278e-06
vn -1 -7.21961086e-08 4.63907668e-07
vn -1 1.40205827e-07 -1.25445993e-07
vn -1 2.81753216e-07 -6.46065246e-07
vn -1 -1.12334635e-06 -4.86082058e-07
vn -1 -2.14667239e-07 -6.64193891e-08
vn -1 3.06863258e-05 7.28287205e-06
vn -1 -3.55526481e-06 -8.48989998e-07
vn -1 4.32713335e-07 -2.14713083e-08
vn -1 3.34536708e-07 -2.24420766e-08
vn -1 1.13532406e-06 2.78631887e-07
vn -1 -1.12288319e-06 -3.24946001e-07
vn -1 -3.01677716e-07 -1.0449719e-06
vn -1 3.5170408e-06 4.11202791e-06
vn -1 -1.037115e-06 -9.57984412e-07
vn -0.016937729 -0.999141157 -0.037815921
vn -0.0177806839 -0.999055803 -0.0396409594
vn -0.0180187523 -0.997684419 -0.0655829683
vn -0.0415491313 -0.996851802 -0.067529045
vn -0.0419636853 -0.994975865 -0.0908959508
vn -0.0524056293 -0.992174685 -0.113327064
vn -0.052331131 -0.992177784 -0.11333432
vn -0.0734571442 -0.992466211 0.0980553925
vn -0.0710080415 -0.992960632 0.0947999954
vn -0.0893704221 -0.991473734 0.094830282
vn -0.109821208 -0.991657615 0.0674872845
vn -0.112252638 -0.992154241 0.0550390705
vn -0.0710069537 -0.992722869 0.0972588584
vn -0.0760203153 -0.991625905 0.104398303
vn -0.0892917737 -0.99245733 0.0839965492
vn -0.129643142 -0.988476813 0.0781427175
vn -0.139624745 -0.984472871 0.106386676
vn -0.50429827 -0.857419491 0.102543123
vn -0.989365101 -0.0136242444 0.14481397
vn -0.990433276 -0.0171319265 0.136924729
vn -0.987468958 -0.0497079492 0.149780288
vn -0.955380917 -0.26850304 0.12309932
vn -0.964052796 -0.220010012 0.148989335
vn -0.970870972 -0.199693009 0.132409453
vn -0.977041662 -0.158509642 0.1423527
vn -0.982976079 -0.136410534 0.123086244
vn -0.982629538 -0.101672471 0.155248061
vn -0.983399749 -0.0987903103 0.152201861
vn -0.98997432 -0.063627772 0.12610437
vn -0.917919934 -0.359066695 0.168801978
vn -0.907701313 -0.410402268 0.0874542668
vn -0.939551532 -0.307471693 0.150678709
vn -0.584153235 -0.801788688 0.126094982
vn -0.60624969 -0.782603323 0.141397953
vn -0.661405444 -0.742950439 0.10279838
vn -0.87650311 -0.467037052 0.116699003
vn -0.837329745 -0.524901211 0.152831912
vn -0.842922568 -0.517541587 0.147078916
vn -0.824762285 -0.549876988 0.131918535
vn -0.766559362 -0.631012201 0.119207039
vn -0.768156826 -0.628495872 0.12218038
vn -0.714086175 -0.688809395 0.124990329
vn -0.688331842 -0.715324819 0.120455906
vn -0.21847932 -0.972497046 0.0807235911
vn -0.281910181 -0.95339781 0.107513823
vn -0.307392448 -0.945836842 0.104415148
vn -0.333367407 -0.935624778 0.11607071
vn -0.382691562 -0.919360518 0.0912328959
vn -0.396453917 -0.912170768 0.103772856
vn -0.482449293 -0.866987228 0.124803029
vn -0.0844387561 -0.991681337 0.097150512
vn -0.106223434 -0.98177743 0.15757443
vn -0.234936804 -0.96482259 0.117991693
vn -0.149158329 -0.984787583 0.0891359746
vn -0.136201575 -0.984436512 0.11105793
vn -0.088797234 -0.992041171 0.0892712474
vn -0.0853579566 -0.991524994 0.0979395807
vn -0.000164280995 -1.99896181e-06 -1
vn -0.000164341633 -1.62174456e-06 -1
vn -0.000165324091 -4.73784439e-06 -1
vn -0.00016164883 -6.03689796e-06 -1
vn -0.000161293094 -9.39832353e-06 -1
vn 0.00181915774 -6.33073932e-06 -0.999998331
vn -0.000162190889 -3.78073469e-06 -1
vn -0.000156186434 -2.48927995e-06 -1
vn -0.000156826994 -2.1152357e-06 -1
vn -0.000153323985 -1.12441637e-06 -1
vn -0.000154189707 -6.26848248e-07 -1
vn -0.000152957611 -1.98369958e-06 -1
vn -0.0001533904 9.29693556e-07 -1
vn -0.00016183668 1.80633819e-07 -1
vn -0.000161847929 -1.10164183e-05 -1
vn -0.000162170792 -9.62757713e-06 -1
vn -0.000158242634 -1.33801404e-06 -1
vn -0.000162006545 -2.86851241e-06 -1
vn -0.000159360381 -1.02641002e-06 -1
vn -0.000159887277 -2.42171723e-06 -1
vn -0.000160846146 -5.8597675e-07 -1
vn -0.000183250333 -6.2056577e-05 -1
vn -0.0187718067 -5.7584457e-06 -0.999823809
vn -0.000162553712 -1.23331547e-05 -1
vn -0.000160994765 -3.1091713e-06 -1
vn -0.000160066658 -1.26063196e-05 -1
vn -0.000159068062 -2.70360988e-06 -1
vn -0.000161814445 -4.38687903e-06 -1
vn -0.000161989679 -1.11142672e-05 -1
vn -0.000160252792 -1.31615907e-05 -1
vn -0.000161261938 -3.58288321e-06 -1
vn -0.00016860482 -1.05341369e-05 -1
vn -0.000160589116 -1.29161881e-05 -1
vn -0.000162811964 -2.04794924e-06 -1
vn -0.000161600256 -1.1730516e-06 -1
vn -0.000166671613 -1.31506181e-06 -1
vn -0.000159883508 -1.28515285e-05 -1
vn -0.000156928509 -9.36150263e-06 -1
vn -0.000159114847 -7.4752088e-06 -1
vn -0.00016266176 2.71754629e-07 -1
vn -0.0001594036 -6.94118989e-06 -1
vn -0.000164371944 -6.59729312e-06 -1
vn -0.00016410934 -6.92480762e-06 -1
vn -0.000176458692 -8.40935445e-06 -1
vn -0.000162780227 -1.06312318e-05 -1
vn -0.000159765113 -5.98451425e-06 -1
vn -0.00016702713 -5.48854314e-06 -1
vn -0.00016334845 -1.18749249e-05 -1
vn -0.00016077832 -4.6352443e-06 -1
vn -0.000157896342 -1.24079725e-06 -1
vn -0.000159014016 3.31790574e-07 -1
vn -0.000161267322 -1.07619198e-05 -1
vn -0.000160087788 -1.16928304e-05 -1
vn -0.000162625016 -6.91711148e-06 -1
vn -0.000161967182 1.60183345e-06 -1
vn -0.000165037898 -4.79235314e-06 -1
vn -0.000161738019 -7.46134992e-06 -1
vn -0.0001593458 -3.29235081e-06 -1
vn -0.000160412717 -1.94364679e-06 -1
vn -0.000161731281 -9.34904256e-06 -1
vn -0.000162951837 -9.5278474e-06 -1
vn -0.000162880635 -8.3500172e-06 -1
vn -0.000158114621 3.93219551e-07 -1
vn -0.000162608194 -7.22189679e-06 -1
vn -0.00016049789 -7.63657681e-06 -1
vn -0.00015976507 -5.60572153e-06 -1
vn -0.000165689038 -5.14126577e-06 -1
vn -0.000161019576 -8.65610036e-06 -1
vn -0.000163839213 -3.30579519e-06 -1
vn -0.000157937859 -9.41589678e-06 -1
vn -0.000156248483 -8.96365873e-06 -1
vn -0.000174040717 -4.80222923e-07 -1
vn -0.00017011931 -5.03217461e-06 -1
vn -0.000165301914 -5.99180885e-06 -1
vn -0.000167313046 -5.03444016e-06 -1
vn -0.000154487978 -7.14152793e-06 -1
vn -0.000154488109 -5.40847532e-06 -1
vn -0.0893692896 0.991436541 0.0952193588
vn -0.121275969 0.991113007 0.0546542816
vn -0.121431552 0.991069913 0.0550892204
vn -0.110024184 0.990181565 0.0862270221
vn -0.0892830119 0.992512643 0.0833497569
vn -0.0743887499 0.991992891 0.102061018
vn -0.0685608834 0.993231237 0.0937608331
vn -0.0739432275 0.992470503 0.0976457447
vn -0.0943549871 0.990757406 0.0974523202
vn -0.098136276 0.991105437 0.0898847431
vn -0.134632871 0.985732436 0.101022378
vn -0.136941418 0.985524476 0.0999426693
vn -0.170325071 0.980648339 0.0965308473
vn -0.172785059 0.980507791 0.093540065
vn -0.207248211 0.97282654 0.103231102
vn -0.24448584 0.965092421 0.0939321592
vn -0.25813809 0.959720552 0.110910781
vn -0.341026664 0.93479681 0.0992759317
vn -0.348199069 0.931013167 0.109416232
vn -0.409596205 0.905447781 0.111333922
vn -0.445503414 0.8870067 0.121432513
vn -0.463970035 0.879259825 0.107860982
vn -0.551450133 0.82466048 0.125848517
vn -0.568339169 0.815517843 0.109184422
vn -0.644112229 0.754435718 0.126278281
vn -0.667619944 0.730798006 0.142189607
vn -0.720509112 0.685579538 0.104150556
vn -0.745391667 0.655079722 0.123538978
vn -0.81201452 0.568230867 0.133214504
vn -0.816480756 0.563318968 0.126613379
vn -0.866383493 0.481730938 0.13158612
vn -0.884777546 0.441464275 0.149258032
vn -0.910698175 0.397804052 0.1112689
vn -0.918818474 0.374388158 0.12492425
vn -0.94696945 0.279299468 0.158873111
vn -0.94562906 0.303565174 0.116764039
vn -0.967314303 0.207893968 0.145200133
vn -0.967803478 0.197743654 0.155736431
vn -0.981978655 0.145438686 0.120687671
vn -0.981826246 0.136536911 0.131813839
vn -0.985565126 0.0726703256 0.152906477
vn -0.988302946 0.0809211805 0.12926355
vn -0.988058627 0.0193772763 0.152854949
vn -0.989221334 0.0218289085 0.144791856
vn 0.0196997076 -0.997747481 0.0641238019
vn 0.0389515273 -0.995941699 0.081135422
vn 0.0492716357 -0.992482007 0.112034716
vn 0.0496980324 -0.992418349 0.11240954
vn 0.0600549132 -0.989691257 0.130017787
vn 0.0318745784 -0.663289011 -0.74768424
vn 0.023556022 -0.709361553 -0.704451084
vn -0.00459365919 -0.709473312 -0.704717338
vn 0.103228256 -0.677774966 -0.727986932
vn 0.106661767 -0.681570947 -0.723936677
vn 0.106470913 -0.68133688 -0.72418505
vn 0.106437713 -0.681294203 -0.724230111
vn 0.106157362 -0.680901289 -0.724640608
vn 0.105624713 -0.680095971 -0.725474238
vn 0.104911409 -0.678941786 -0.726657867
vn 0.104118429 -0.677578092 -0.728043437
vn 0.103303596 -0.6761356 -0.729499161
vn 0.0968151465 -0.663960218 -0.741473973
vn 0.0986994356 -0.652752042 -0.751114666
vn 0.098289229 -0.65507704 -0.749141693
vn 0.097795099 -0.657557666 -0.747030139
vn 0.0973072574 -0.659856498 -0.745064259
vn 0.096723862 -0.662288725 -0.742979228
vn 0.0961041078 -0.664711893 -0.740892768
vn 0.0952966809 -0.66749543 -0.738490641
vn 0.0939873159 -0.671712458 -0.734825671
vn 0.0862570554 -0.690557122 -0.718115985
vn 0.0682902485 -0.697807312 -0.713022709
vn 0.0757391453 -0.681604803 -0.727790117
vn 0.0746409968 -0.706134081 -0.704133093
vn 0.0460477248 -0.669969976 -0.74095875
vn 0.0634940043 0.668746829 -0.740774035
vn 0.0754788816 0.714022696 -0.696042061
vn 0.0933554545 0.67920208 -0.727989912
vn 0.113348342 -0.991762698 -0.0596568696
vn 0.0705047101 -0.993767083 -0.0863486379
vn 0.0782777369 -0.9936831 -0.0804141611
vn 0.0491721816 -0.994455814 -0.0929500386
vn 0.0467705354 -0.995293915 -0.0848677978
vn 0.65171653 -0.00160711305 -0.758460939
vn 0.645667493 -0.00544098904 -0.763599277
vn 0.634736538 -0.00882632006 -0.772678196
vn 0.0647417605 -0.66854471 -0.740848482
vn 0.0626151711 -0.704618275 -0.706818521
vn 0.0954833776 -0.623562038 -0.775920928
vn 0.0958652422 -0.588805616 -0.802569509
vn 0.146556005 -0.676160753 -0.722030401
vn 0.182486728 -0.59040767 -0.786204398
vn 0.365632683 -0.553696573 -0.748152971
vn 0.328694373 -0.576951921 -0.747720838
vn 0.270513445 -0.527998567 -0.805009305
vn 0.277834952 -0.648896217 -0.708337128
vn 0.175619125 -0.577355564 -0.797382295
vn 0.388570637 -0.489548922 -0.780611753
vn 0.374399543 -0.458252519 -0.806120098
vn 0.461876214 -0.471734613 -0.751090407
vn 0.574655771 -0.32045728 -0.753045738
vn 0.550489843 -0.360353291 -0.753064692
vn 0.464153379 -0.355457634 -0.811302364
vn 0.492850721 -0.396699667 -0.774420798
vn 0.481697351 -0.451917022 -0.750825346
vn 0.594430208 -0.281281203 -0.753348291
vn 0.468806326 -0.194624156 -0.86159277
vn 0.536676466 -0.262736738 -0.801840246
vn 0.588034511 -0.0893486738 -0.803885698
vn 0.63810581 -0.110427439 -0.761988699
vn 0.646617353 -0.181264356 -0.740965068
vn 0.559610903 -0.143067673 -0.816313207
vn 0.621121287 -0.211489886 -0.754639208
vn 0.646500111 -0.0119771911 -0.762819827
vn 0.660190046 -0.0283527467 -0.750563264
vn 0.59507823 -0.0372044593 -0.802806139
vn 0.609377325 -0.0412705913 -0.791805565
vn 0.691213846 -0.0738687962 -0.718864977
vn 0.282780319 0.602289021 -0.746514082
vn 0.65171653 0.00157206063 -0.758460999
vn 0.584619462 0.0173604246 -0.811121881
vn 0.626060903 0.0114995148 -0.779689372
vn 0.645736992 0.00539020123 -0.763540924
vn 0.595005751 0.0650419593 -0.801085353
vn 0.664891779 0.0588111989 -0.7446208
vn 0.6387707 0.0271486305 -0.768918037
vn 0.619133115 0.119549684 -0.776132762
vn 0.644941807 0.110601164 -0.756186128
vn 0.648200631 0.0898392126 -0.756151378
vn 0.542282999 0.131353706 -0.829864681
vn 0.639761686 0.138745442 -0.755946219
vn 0.621326745 0.213825598 -0.753811479
vn 0.552378774 0.207824185 -0.807271183
vn 0.600710452 0.266345203 -0.753795207
vn 0.523961782 0.400699615 -0.751600921
vn 0.549064875 0.33420673 -0.766050637
vn 0.487676501 0.312075227 -0.815340817
vn 0.584552407 0.299999177 -0.753856063
vn 0.499986023 0.422250718 -0.756120563
vn 0.481217027 0.418183357 -0.77042383
vn 0.478349328 0.469519615 -0.742114067
vn 0.427043796 0.475536913 -0.769089222
vn 0.443762183 0.546252191 -0.710410953
vn 0.354606479 0.565036237 -0.744975388
vn 0.252164215 0.452471942 -0.85538435
vn 0.339680284 0.514094353 -0.787606657
vn 0.209689349 0.563699126 -0.798920333
vn 0.25017029 0.629816115 -0.735354662
vn 0.168960571 0.641423762 -0.748350084
vn 0.133443013 0.57493782 -0.807241857
vn 0.127909422 0.658449352 -0.741676211
vn 0.0506928451 0.669737458 -0.740865707
vn 0.0565348677 0.65941608 -0.749649405
vn 0.0695045814 0.614050806 -0.786200166
vn 0.0684243664 0.60991025 -0.789511025
vn 0.100615658 0.663084805 -0.741751313
vn 0.137430325 0.988717616 -0.0595846623
vn 0.0976912901 0.993052304 -0.0656015947
vn 0.0617778376 0.993756652 -0.0929043218
vn 0.0451476574 0.995743573 -0.0803516507
vn 0.0467727222 0.995327652 -0.0844697058
vn -0.0190938581 0.709660709 -0.704284847
vn 0.0966476053 0.678730607 -0.728000045
vn 0.100834407 0.691442609 -0.715359747
vn -0.0124505563 0.709753394 -0.704340219
vn 0.00849509146 0.702387929 -0.711743653
vn 0.0310289636 0.645776391 -0.762895823
vn 0.0503634028 0.697457731 -0.714854002
vn 0.0739817396 0.695044041 -0.715150714
vn 0.0111762248 0.997878015 0.0641449019
vn 0.0270622447 0.997314513 0.0680542588
vn 0.0435109399 0.994971216 0.090216957
vn 0.0480400063 0.992536187 0.112089567
vn 0.0556438044 0.991151214 0.120511517
vn 0.0657570288 0.987619638 0.142420128
vn 0.0726734698 0.983935058 0.163065553
vn 0.0762407556 0.982956111 0.167286023
vn 0.104598947 0.96884793 0.224483281
vn 0.0985073075 0.973466456 0.20654133
vn 0.0866560265 0.978987336 0.184592828
vn 0.137520805 0.949672878 0.281441778
vn 0.128428087 0.956450105 0.262124777
vn 0.114270821 0.964558899 0.237840846
vn 0.177670598 0.921310425 0.345861584
vn 0.184178114 0.910832226 0.369409055
vn 0.156924263 0.936663449 0.31310758
vn 0.155706137 0.937835574 0.310193539
vn 0.136755273 0.950116515 0.280315131
vn -0.0049799378 0.999836922 0.017360447
vn 0.107841492 0.994126737 -0.00906991679
vn -0.0199960805 0.998412132 -0.0526631214
vn -0.0116554927 0.99845773 -0.0542794541
vn 8.79886575e-05 0.999761283 -0.0218484364
vn 0.00010223459 0.999959111 -0.00903952401
vn 0.0479307994 0.998668492 0.0190757886
vn 0.0721755028 0.992284954 0.100803085
vn 0.0148862666 0.999656498 0.0215709545
vn 0.144828752 0.987664402 -0.0595287308
vn 0.0594465286 0.998189628 -0.00913882628
vn 0.0591977052 0.995010912 -0.0803048983
vn 0.0145522142 0.998974025 -0.0428851731
vn 0.00222397014 0.996417642 -0.0845394209
vn -0.000342140935 0.999934375 -0.0114517985
vn 0.933353126 0.357375801 0.0336824916
vn 0.999618411 0.02519558 -0.0113235479
vn -0.0199685935 0.996744573 -0.0781122521
vn 0.0754273385 0.992821932 -0.0928186998
vn 0.00222682394 0.997092783 -0.0761644393
vn -0.0281840544 0.994849801 -0.0973629579
vn 0.0467869677 0.995618999 -0.0809556022
vn 0.0575520545 0.996937633 -0.0529441126
vn 0.0874123052 0.991925538 -0.0918849409
vn 0.190155566 0.977522671 -0.0910510048
vn 0.149629086 0.984431684 -0.0922246128
vn 0.123511359 0.9882285 -0.0902740434
vn 0.111494564 0.989456832 -0.0924342722
vn 0.0852024928 0.992132962 -0.0917210653
vn 0.254680097 0.961718798 -0.101168342
vn 0.295658976 0.950938523 -0.0911138803
vn 0.347132534 0.931714237 -0.106806241
vn 0.452591002 0.886092007 -0.100011587
vn 0.48695454 0.869543195 -0.0822794214
vn 0.423662215 0.900483608 -0.0981812924
vn 0.760525286 0.639825642 -0.110564344
vn 0.709680974 0.696053028 -0.108918108
vn 0.646528423 0.757141531 -0.0934754163
vn 0.627774954 0.77169311 -0.101922974
vn 0.549798489 0.828414142 -0.107012279
vn 0.91978091 0.379419744 -0.100218244
vn 0.909211755 0.402327657 -0.107081279
vn 0.884083867 0.453585416 -0.112498716
vn 0.81704998 0.566525519 -0.107136339
vn 0.839299679 0.536395848 -0.0886316821
vn 0.791327238 0.602510214 -0.10383936
vn 0.964865386 0.23857753 -0.110070877
vn 0.966208696 0.23409237 -0.10789603
vn 0.939379752 0.322532505 -0.116354935
vn 0.98701036 0.114009239 -0.113192149
vn 0.992468238 0.0875504464 -0.0856839493
vn 0.984854937 0.135572687 -0.108077638
vn 0.979192197 0.168012515 -0.113817573
vn 0.975388348 0.18871069 -0.114042908
vn 0.992409229 0.00264354469 -0.122950725
vn 0.992492378 0.00830419082 -0.122024253
vn 0.992918849 0.0293424278 -0.115113609
vn 0.994164646 0.0179329328 -0.106372379
vn 0.99210906 0.0419953056 -0.118135564
vn 0.999165118 0.0301820114 0.0275343843
vn 0.998600841 0.0339774042 0.0405207388
vn 0.998641014 0.0266825184 0.044768326
vn 0.989879847 0.136641324 0.0383016057
vn 0.993043721 0.113093175 0.0327727161
vn 0.995200694 0.0889182687 0.0408546515
vn 0.997189641 0.0621408857 0.0418482162
vn 0.97343725 0.226550117 0.0330908783
vn 0.975468636 0.217222989 0.0357083976
vn 0.984562218 0.170882732 0.0378986485
vn 0.818995595 0.573246956 0.0251824241
vn 0.889974058 0.455572665 0.0199943986
vn 0.876332462 0.481187373 0.0223630872
vn 0.915224493 0.401997894 0.0276017096
vn 0.949800074 0.312236279 0.019704476
vn 0.561365187 0.827558875 -0.00393682625
vn 0.669537365 0.742772102 0.00304532517
vn 0.6569947 0.75387913 0.00492660189
vn 0.751905918 0.659212768 0.00871562958
vn 0.74453187 0.667518556 0.00955689978
vn 0.799284399 0.600763023 0.0151061993
vn 0.852408767 0.522682309 0.0142316734
vn 0.430705458 0.902442753 -0.00948319305
vn 0.332832128 0.94276005 -0.0206454676
vn 0.317164689 0.94820261 -0.0178419333
vn 0.23225905 0.972485662 -0.0180937275
vn 0.214646459 0.976457357 -0.0213986449
vn 0.194178358 0.98076725 -0.0197572205
vn 0.140731424 0.989890695 -0.0176385045
vn 0.149532691 0.988544226 -0.020500619
vn 0.00280274032 0.999981761 -0.00535214832
vn 0.0470264703 0.998888731 0.00312589295
vn 0.0203682911 0.999792457 -0.000454474677
vn 0.0970988497 0.995101869 -0.0185493119
vn 0.0835861042 0.996298134 -0.0200840198
vn 0.0631910786 0.997856379 -0.0170156322
vn 0.0378060155 0.999133766 -0.0173910744
vn 0.060621202 0.997890413 -0.0232336391
vn 0.00976784807 0.999678612 -0.0233930349
vn 0.00445347 0.9997769 -0.0206461959
vn -0.0155992704 0.998244584 -0.0571345687
vn -0.0159611627 0.998226404 -0.0573522486
vn -0.00786375627 0.998545825 -0.0533323362
vn -0.00787780993 0.998685658 -0.0506451428
vn -0.0113072023 0.998489082 -0.0537746921
vn -0.0143937524 0.998308361 -0.0563315973
vn 0.00417457195 0.998790145 -0.0489980802
vn -0.0014513327 0.999290943 -0.0376226567
vn 6.06085559e-05 0.999579132 -0.0290102884
vn 0.488491178 0.871335328 -0.0463805944
vn 0.557684958 0.829348564 -0.0341837481
vn 0.631971061 0.77432555 -0.0321329385
vn 0.653823793 0.756139517 -0.0277039949
vn 0.723907113 0.689432383 -0.0253279824
vn 0.742301762 0.669735134 -0.0210473128
vn 0.803612232 0.594864309 -0.0185421575
vn 0.817174733 0.576199055 -0.0148360226
vn 0.866379321 0.499231279 -0.0124513889
vn 0.875413358 0.483281702 -0.00949728116
vn 0.928653955 0.370893329 -0.00632261159
vn 0.933204055 0.359337062 -0.00266757188
vn 0.971867561 0.235527843 0.000186593548
vn 0.973758578 0.227568835 0.00257722195
vn 0.989414454 0.145060539 0.00405329466
vn 0.99345845 0.113422439 0.0132546695
vn 0.996135831 0.0875938088 0.00638507446
vn 0.99951762 0.0302919652 0.00685379328
vn 0.998971939 0.0432507806 0.013578793
vn 0.00420475984 0.998788118 -0.0490371361
vn 0.0326296724 0.998264909 -0.0490152985
vn 0.0592527613 0.996678472 -0.0558674559
vn 0.0784062818 0.99560833 -0.0511521585
vn 0.133412749 0.98974961 -0.0509581342
vn 0.135198921 0.989530325 -0.0505069718
vn 0.20551075 0.977372646 -0.0500803515
vn 0.210016176 0.976474106 -0.0489034168
vn 0.318282306 0.946790278 -0.0477972627
vn 0.328936338 0.943287253 -0.044833634
vn 0.460336924 0.886718214 -0.0426697098
vn 0.464773178 0.885354459 -0.0115485312
vn 0.553023577 0.833160043 -0.00304791797
vn 0.181991458 0.978932381 -0.0925772712
vn 0.193962723 0.97714597 -0.0869724005
vn 0.295738995 0.951056659 -0.0896083266
vn 0.301902264 0.949396908 -0.0866052583
vn 0.453235775 0.886822701 -0.0901268497
vn 0.818067133 0.567038894 -0.0960890427
vn 0.855194509 0.512315094 -0.0785851479
vn 0.921784043 0.380004644 -0.0768804774
vn 0.922262549 0.37896508 -0.0762712359
vn 0.968140602 0.239172786 -0.0741628185
vn 0.996502519 0.0286166277 -0.0785097778
vn 0.99700141 0.0232575741 -0.0738054141
vn 0.993514836 0.0859623328 -0.0744224712
vn 0.989400387 0.114213899 -0.0896776319
vn 0.986492276 0.146600872 -0.0730833113
vn 0.967955232 0.239811003 -0.074520506
vn 0.463540912 0.882024646 -0.0846304223
vn 0.606089115 0.790609777 -0.0871328712
vn 0.64593035 0.756671369 -0.101106167
vn 0.702353001 0.70705688 -0.0822852477
vn 0.787316144 0.61102885 -0.0823231786
vn 0.0184530169 0.99805367 -0.0595683865
vn -0.0298945475 0.996717274 -0.0752394944
vn 0.0562112294 0.99556011 -0.0755007491
vn 0.0570807233 0.995541573 -0.0750916973
vn 0.124482863 0.989334702 -0.0756364986
vn 0.130681872 0.988647699 -0.0741484836
vn 0.194836274 0.977990448 -0.0746558756
vn 0.202788606 0.976519883 -0.07270246
vn 0.302913547 0.950192451 -0.073332347
vn 0.31561783 0.946298003 -0.0700389817
vn 0.46468237 0.882693052 -0.0701663047
vn 0.486590028 0.871299624 -0.0637740344
vn 0.607986033 0.791447818 -0.0629547313
vn 0.629517376 0.774733126 -0.0591308214
vn 0.704175472 0.707657993 -0.05794058
vn 0.721685112 0.690086007 -0.0543315448
vn 0.789450049 0.611549199 -0.052689705
vn 0.801673651 0.595693052 -0.0496906564
vn 0.857263565 0.512653053 -0.0478125401
vn 0.8647452 0.500137806 -0.0455843359
vn 0.924348533 0.37915498 -0.0426768474
vn 0.927472055 0.371707946 -0.0403582826
vn 0.970068753 0.239920035 -0.0374832898
vn 0.971049011 0.236098692 -0.0363494009
vn 0.988578498 0.14666523 -0.0346684679
vn 0.988775194 0.14541845 -0.0343090035
vn 0.995736003 0.0859730616 -0.0334435143
vn 0.995552659 0.087866202 -0.0339770131
vn 0.999059498 0.0276721641 -0.0333817936
vn 0.998156309 0.0440580249 -0.0417477675
vn 0.59421581 0.803492367 0.0361599997
vn 0.197978228 0.980204344 -0.0020098479
vn 0.158461511 0.987135589 0.0212894138
vn 0.157814339 0.986265302 0.0487382226
vn 0.102326095 0.99473393 0.00581443496
vn 0.0677511841 0.997692764 0.00434826501
vn 0.235928521 0.971770108 -0.000803283183
vn 0.263098478 0.963635862 0.0467447452
vn 0.319297522 0.947624683 -0.00751890428
vn 0.431356311 0.901740432 0.0282121282
vn 0.436438322 0.899459779 0.0222199839
vn 0.435999006 0.899768353 0.0179368854
vn 0.482220531 0.87527293 0.0368874669
vn 0.591564059 0.80541271 0.0369089767
vn 0.266959459 0.963681996 0.00704275165
vn 0.326688677 0.944872499 0.0221469328
vn 0.385457605 0.922376752 0.0253675822
vn 0.102155142 0.994607091 -0.0179173518
vn 0.16283679 0.986522079 0.0160748307
vn 0.251485378 0.967765868 0.0135750091
vn 0.0285741761 0.999427974 0.0180912632
vn 0.0360432938 0.999314904 0.00840457808
vn 0.036048796 0.999314547 0.0084184166
vn 0.031595476 0.99854064 0.0437992178
vn 0.0214641821 0.999758303 0.00475251721
vn 0.0668976456 0.997617543 0.0168517157
vn 0.136692777 0.99040705 0.0202234089
vn 0.137547478 0.99049294 0.00211686781
vn 0.266965538 0.96368134 0.00690773921
vn 0.264996469 0.964203477 0.00940734055
vn 0.436093569 0.899762571 0.0158028379
vn 0.431727439 0.901775599 0.0203011669
vn 0.576001585 0.81703186 0.0260979813
vn 0.563677251 0.825988531 0.00329286163
vn 0.555964053 0.831046402 0.0163062494
vn -0.00898639113 -0.997814894 -0.0654575825
vn -0.00851026736 -0.999843299 -0.0155238183
vn 0.0607217737 -0.998154342 -0.000887057977
vn -0.0291900933 -0.996964097 -0.0721841455
vn -0.00768882176 -0.997840464 -0.0652327165
vn -0.00382789504 -0.999540508 -0.0300691649
vn -0.00965831149 -0.999374926 -0.0340075605
vn -0.999243915 4.48830747e-07 0.0388790444
vn -0.999242723 -9.6959513e-05 0.0389098525
vn -0.999643564 8.45783361e-05 0.026696045
vn -0.999641657 -0.000151586966 0.0267683081
vn -0.999787509 3.1466443e-05 0.0206125174
vn -0.999785662 -2.7985383e-05 0.0207027849
vn -0.999838054 5.25459618e-05 0.0179952309
vn -0.999849975 0.000980613753 0.0172944665
vn -0.999890506 -0.000488681078 0.0147911375
vn -0.999900281 -2.48800698e-05 0.0141239213
vn -0.99991256 2.30082946e-06 0.0132257491
vn -0.99995786 -0.00037514139 0.00917351432
vn -0.999958396 -0.00012480616 0.00912382361
vn -0.999984682 4.61419995e-06 0.00553020323
vn -0.999995768 -0.000269910612 0.00289654126
vn -0.999997795 5.69855474e-05 -0.00209827791
vn -0.999999583 -0.000243534334 -0.000879270781
vn -0.999999762 0.000245325646 -0.000673098431
vn -0.999995708 -0.000349869137 0.00290882587
vn -1 -1.09805294e-08 -0.000224546355
vn -0.999999821 -0.000512570958 -0.000235590385
vn -0.99999994 0.000127548396 -0.000375785225
vn -0.999999702 -6.96658344e-06 -0.000741089345
vn -0.999999523 1.42203626e-05 -0.000999422045
vn -0.999998629 -0.000334267068 -0.00161392882
vn -0.999998689 -0.000118507043 -0.00163316529
vn -0.999997795 3.7900616e-05 -0.00210786518
vn -0.0107580684 -0.999797106 -0.0170291848
vn -0.019726852 -0.999646008 -0.0178521536
vn 0.00443910295 -0.999945998 -0.00939819124
vn 0.00114814623 -0.999950588 -0.00987655576
vn 0.00264023035 -0.999971032 -0.00713993376
vn -0.998908997 4.74506265e-07 0.0466995053
vn -0.998909235 1.44285752e-06 0.0466947295
vn -0.998625338 -3.34270298e-05 0.0524164811
vn -0.998627663 3.44019609e-05 0.0523721352
vn -0.997144759 -0.000106431129 0.0755135641
vn -0.997146726 5.81113568e-07 0.0754880533
vn -0.775523126 2.12748751e-06 0.631319165
vn -0.775523245 1.95549524e-06 0.631319046
vn -0.777342737 1.87737464e-06 0.629077315
vn -0.786270678 -0.000601931126 0.617881954
vn -0.830790937 -0.0167361815 0.556332946
vn -0.816079676 -0.0468916111 0.576034009
vn -0.868821621 0.01262445 0.494964272
vn -0.903317571 -0.0182660706 0.428583384
vn -0.919553339 0.0229289923 0.392295718
vn -0.947306871 -0.0247374754 0.319370776
vn -0.943569243 -0.038860172 0.328887463
vn -0.96424675 0.0279189311 0.263531327
vn -0.975525916 -0.033876963 0.217259213
vn -0.980219424 -0.0043783295 0.197865292
vn -0.986023188 0.00167593826 0.166599676
vn -0.989638627 -0.0151961902 0.142773971
vn -0.992049277 0.0238555595 0.12356814
vn -0.994269252 6.86091028e-07 0.106904812
vn -0.998588145 2.96277676e-06 0.0531200171
vn -0.992611289 0.0318113528 0.117093608
vn -0.974577308 -0.0318332911 0.221778512
vn -0.957992494 0.00144572498 0.286789656
vn -0.923384547 -0.00143441802 0.383873552
vn -0.895144224 0.0318310224 0.444638699
vn -0.842750907 -0.0318389796 0.537361264
vn -0.806994021 1.36830056e-06 0.590559661
vn -0.999998689 9.56854819e-06 0.00163049204
vn -0.999998689 -7.01436363e-07 0.00163258682
vn -0.999998689 1.90200785e-06 0.0016327271
vn -0.999998689 -1.51515235e-06 0.00163329567
vn -0.999998689 -8.53649738e-07 0.00163357751
vn -0.999998689 1.77777849e-06 0.00163308403
vn -0.999998689 1.80518214e-06 0.00163340848
vn -0.999998689 2.06441086e-06 0.00163329986
vn -0.999998689 4.49725832e-07 0.0016323321
vn -0.999998689 6.95966875e-08 0.00163198193
vn -0.999998689 5.50763502e-07 0.00163245574
vn -0.999998689 -7.76491788e-07 0.00163347484
vn -0.999998689 -1.25889684e-07 0.00163391978
vn -0.999998689 -1.95956977e-06 0.00163450278
vn -0.999998689 -8.03042838e-07 0.0016333668
vn -2.07441863e-05 -0.999646962 0.0265691634
vn -0.0289118104 -0.999208272 -0.0273296963
vn -0.00360655668 -0.999956548 -0.0085952878
vn 0.00726729166 -0.999760807 -0.0206282921
vn -9.33725023e-05 -0.999981701 0.00604511471
vn 0.0195551328 -0.998228967 0.0561830476
vn 0.0291100759 -0.997686744 0.0614312552
vn 0.0111941053 -0.999067843 0.0416908115
vn -0.134566069 -0.989367306 0.0551754199
vn -0.130911812 -0.990382791 0.0447661057
vn -0.118796758 -0.992818177 0.0141223287
vn -0.0535279736 -0.996886909 0.0578902438
vn -0.0385885052 -0.998810768 0.0297985245
vn 0.00108740584 -0.996864617 0.07911852
vn 0.0195231214 -0.996878445 0.0765001327
vn 0.000871330441 -0.999632418 0.0270970967
vn -0.00280411867 -0.999432027 0.0335823111
vn -0.00152471103 -0.999418914 0.0340509154
vn 0.0031337156 -0.999273419 0.0379836299
vn 0.00653465651 -0.999115407 0.0415418334
vn 0.00847207196 -0.998799801 0.0482412875
vn 0.00851865299 -0.998575032 0.05268199
vn 0.0115770493 -0.998570204 0.0521868691
vn 0.0080837952 -0.99879247 0.0484587178
vn 0.0231880099 -0.997536778 0.0662023276
vn 0.0110604838 -0.998278975 0.0575911105
vn 0.00890883617 -0.997414231 0.0713124424
vn 0.0099230418 -0.997054935 0.0760458931
vn 0.00108692423 -0.996729672 0.0808008313
vn 0.0104869027 -0.998514235 0.0534733459
vn 0.0136596588 -0.998394728 0.0549673401
vn 0.0144584775 -0.998361826 0.0553586707
vn 0.0148539189 -0.998376369 0.0549905673
vn 0.0169007052 -0.99825573 0.0565668344
vn 0.0122604817 -0.998131752 0.0598559976
vn 0.00305357249 -0.99998194 -0.00517689157
vn -0.0172160789 -0.999838769 0.00510507869
vn -0.0135793379 -0.999892473 0.00553544564
vn 0.0114845326 -0.999714732 0.0209418461
vn -0.0045804102 -0.999838412 0.0173817649
vn 0.000292502576 -0.999720991 0.023618374
vn 0.0780436173 0.995506465 0.0536292456
vn 0.0718927532 0.992573261 0.0981314331
vn 0.0306411069 0.997736275 0.0598614737
vn 0.0489163399 0.995532751 0.0807573646
vn 0.0290798917 0.994996548 0.0955836922
vn 0.0755150914 0.994495511 0.0726370588
vn 0.096303761 0.994768679 0.0340711698
vn 0.0312634334 0.999126792 0.0277168564
vn 0.0556603931 0.99738574 0.04608294
vn 0.0500713252 0.998066604 0.0368221477
vn 0.000423247897 0.997254133 0.074054502
vn 0.0232780911 0.999274075 0.0301579591
vn 0.0349299312 0.999120772 0.0231863298
vn 0.0237611234 0.998598397 0.0472930633
vn 0.0481810644 0.997005761 0.0604825765
vn 0.0475976169 0.997004151 0.0609689727
vn 0.0827064365 0.993367672 0.0798765942
vn 0.0668294802 0.990310192 0.121735513
vn 0.377805293 0.922553897 0.0784695894
vn 0.147085607 0.989026845 0.0138469888
vn 0.162090108 0.986338615 0.029376572
vn 0.0981209353 0.99495554 0.0208742805
vn 0.0999476165 0.994725943 0.0230378155
vn 0.056800656 0.99812144 0.0229620226
vn 0.326077819 0.944758475 0.0332365483
vn 0.250464112 0.967596531 0.0320108943
vn 0.263729364 0.964223802 0.0268191677
vn 0.178396001 0.983546495 0.0284811519
vn 0.183315977 0.982975185 0.0124528566
vn 0.345291525 0.936208963 0.0654715151
vn 0.184041411 0.979980111 0.0759455785
vn 0.293089092 0.95435667 0.0574640632
vn 0.260631502 0.962489367 0.0754022226
vn 0.369241178 0.92563045 0.0828809738
vn 0.371875554 0.927262962 0.0434966125
vn 0.384555042 0.922164261 0.0415996201
vn 0.0656919405 0.997115135 0.0380255878
vn 0.0290485062 0.999528646 0.00993256085
vn 0.0149639836 0.999284387 0.0347391553
vn 0.384418458 -0.398879558 0.832536817
vn 0.384553403 -0.396300763 0.833705187
vn 0.364050597 -0.496439368 0.788045108
vn 0.357151955 -0.550400734 0.754653275
vn 0.362446517 -0.4966335 0.788661957
vn 0.342454553 -0.578476071 0.740331233
vn 0.344994038 -0.566932321 0.748041987
vn 0.329032719 -0.620322943 0.711995006
vn 0.330758303 -0.612908483 0.717594683
vn 0.306471199 -0.683820605 0.662166715
vn 0.310450464 -0.665650129 0.678623915
vn 0.296959728 -0.705563724 0.643424213
vn 0.275978148 -0.752919137 0.597451925
vn 0.27696535 -0.749662161 0.601079702
vn 0.0603685044 -0.989724576 0.129618168
vn 0.0778705031 -0.99208653 0.0984908566
vn 0.0740913302 -0.9944067 0.0752711892
vn 0.0990179554 -0.994425118 0.0362509266
vn 0.0401658118 -0.998399079 0.0398241654
vn 0.0677555501 -0.996257901 0.0536599644
vn -0.00724587822 -0.996301174 0.0856237784
vn 0.0197352879 -0.998785317 0.0451481715
vn 0.0327617973 -0.99907428 0.0278788675
vn 0.0716030896 -0.994231343 0.0798566341
vn 0.0713480636 -0.994232297 0.0800724253
vn 0.0387008451 -0.995912373 0.0816133991
vn 0.0332195349 -0.999002695 0.0298334584
vn 0.0302965678 -0.998989344 0.0332028233
vn 0.0388268307 -0.996219158 0.0777167529
vn 0.0481735244 -0.99700439 0.0605111532
vn 0.0475926176 -0.99700278 0.0609954633
vn 0.0736280456 -0.997204006 0.0127705112
vn 0.0725871697 -0.991644681 0.10663949
vn 0.184103087 -0.980603456 0.0672529712
vn 0.0109001379 -0.99933368 0.0348329097
vn 0.0299477652 -0.999545097 0.00357187656
vn 0.0456849076 -0.998570621 0.0277418215
vn 0.0671349093 -0.997497439 0.0221753381
vn 0.0835591406 -0.99615401 0.0263649914
vn 0.0984850675 -0.994953156 0.0192077477
vn 0.129652873 -0.991172791 0.0276878048
vn 0.155303955 -0.987635493 0.0213722959
vn 0.255489826 -0.964321017 0.0693534911
vn 0.26133123 -0.962947369 0.0666208863
vn 0.296625912 -0.951858103 0.077325739
vn 0.369164199 -0.925497532 0.0846882761
vn 0.359752685 -0.929838836 0.0773162693
vn 0.38456279 -0.922165453 0.0415007547
vn 0.371939093 -0.927241743 0.0434050187
vn 0.321523547 -0.946358442 0.0320669487
vn 0.263452202 -0.964101553 0.0331827253
vn 0.239903018 -0.970489323 0.0244330801
vn 0.182842523 -0.982698739 0.0295259543
vn 0.171249285 -0.984842837 0.0275369268
vn 0.435999513 -0.899767935 0.0179456417
vn 0.46489042 -0.88486886 0.0297325365
vn 0.575101733 -0.817005336 0.0419558212
vn 0.573996544 -0.817807913 0.0414504968
vn 0.213567451 -0.976353347 -0.0335131884
vn 0.332230926 -0.927920938 0.169072077
vn 0.265284419 -0.96416533 0.00306090154
vn 0.36482504 -0.931055725 0.00616198033
vn 0.431188822 -0.901707113 0.0316300876
vn 0.442531645 -0.896549761 0.0190846324
vn 0.0941793919 -0.995539486 0.0055987956
vn 0.136434466 -0.990319908 0.0255361591
vn 0.0366455577 -0.99932158 0.00366531708
vn 0.0263771974 -0.997318566 0.0682632253
vn 0.0589941517 -0.998249888 0.00410665851
vn 0.0674329698 -0.997580886 0.016888205
vn 0.0360491015 -0.999314427 0.00843262207
vn 0.0361652486 -0.999307752 0.00872478355
vn 0.0291099884 -0.999413908 0.0180135854
vn 0.385458976 -0.922375977 0.0253764484
vn 0.322082251 -0.94645828 0.0219028108
vn 0.267002255 -0.963676631 0.00609200075
vn 0.24034062 -0.970548689 0.0164813418
vn 0.13706553 -0.990483522 0.012466304
vn 0.15675658 -0.987621129 -0.00564172631
vn 0.0985300317 -0.994964004 0.018398501
vn 0.14240323 -0.989687681 0.0154799446
vn 0.188126072 -0.982136786 0.00399382412
vn 0.26696524 -0.96368134 0.00691832975
vn 0.264998376 -0.964202881 0.00941514038
vn 0.436094135 -0.899762154 0.015810132
vn 0.431728423 -0.901775002 0.0203081835
vn 0.575857997 -0.817133069 0.0260985252
vn 0.615953803 -0.787782192 0.000368517736
vn 0.559708238 -0.828384697 0.0224836897
vn 0.218756795 0.871988297 0.437929064
vn 0.212680399 0.898994923 0.382851392
vn 0.22028704 0.878662705 0.423586458
vn 0.235931784 0.849864304 0.471239686
vn 0.251981765 0.823667347 0.50801307
vn 0.252639651 0.822696626 0.509257793
vn 0.270893842 0.781617582 0.561863363
vn 0.31013307 0.709576428 0.632707477
vn 0.272109002 0.764428079 0.584471047
vn 0.388714403 0.374213994 0.841941237
vn 0.386042744 0.399000198 0.831727028
vn 0.373702765 0.449079245 0.811587393
vn 0.365093678 0.503275931 0.783211291
vn 0.353336871 0.540741801 0.763381541
vn 0.339841247 0.600974441 0.723420799
vn 0.328497112 0.629627526 0.704030454
vn 0.315750062 0.675081789 0.66675818
vn 0.298861653 0.714678645 0.632389247
vn -0.0523839183 0.992163539 -0.113434955
vn -0.0819995701 0.990489125 -0.110486694
vn -0.0263310149 0.996330738 -0.0814356506
vn -0.0837519094 0.994396865 -0.0645018667
vn -0.0179020502 0.998340607 -0.0547311381
vn -0.0177633893 0.999050796 -0.0397737995
vn -0.0168954674 0.999138892 -0.0378947183
vn -0.103938609 0.968779325 -0.225085169
vn -0.111011125 0.968159318 -0.224374905
vn -0.0685689226 0.984353602 -0.162315324
vn -0.0751307756 0.983809531 -0.162708789
vn -0.0686814338 0.996494293 0.0477698669
vn -0.130849645 0.98986733 0.0551453382
vn -0.157083541 0.986435533 0.0476417504
vn -0.122889236 0.992355466 0.0113494713
vn -0.115741268 0.993197143 0.0127833504
vn -0.0603975765 0.99621582 0.0624994636
vn -0.0602949522 0.99679023 0.0526666231
vn -0.00850617886 0.996986032 0.0771137848
vn -0.000155538801 0.999934256 -0.0114661194
vn -4.96492758e-05 0.999828041 0.018543303
vn 0.00929485261 0.998590946 0.0522473641
vn 0.0369685441 0.998740017 0.0339359269
vn 0.0123625873 0.99803251 0.0614672713
vn -0.0307245273 0.999524474 -0.00260645314
vn 0.0133944144 0.999534369 -0.0274163112
vn 0.0242594536 0.998927653 -0.0394343026
vn -0.999998689 -8.99103611e-07 0.00163469079
vn -0.999998689 -4.49337449e-07 0.00163409556
vn -0.999998689 -6.20179719e-07 0.00163278484
vn -0.999998689 -1.31909189e-06 0.00163295597
vn -0.999998689 -5.68385258e-06 0.00161859801
vn -0.999998689 -6.39838049e-07 0.00163551886
vn -0.999998689 -2.29567581e-06 0.00163424795
vn -0.999998689 1.46929933e-05 0.00162263121
vn -0.999998689 1.10992937e-06 0.00163294084
vn -0.999998689 -7.22884238e-07 0.00163299486
vn -0.999998689 -7.29334943e-07 0.00163352792
vn -0.999998689 1.64928304e-06 0.00163345749
vn -0.999998689 1.70457906e-06 0.001632803
vn -0.999998689 -9.72577027e-07 0.00163326191
vn -0.999998689 -1.4026491e-06 0.00163351966
vn -0.998587847 1.72264185e-06 0.0531257987
vn -0.99222213 0.031866774 0.120331645
vn -0.975328505 -0.0317941308 0.218456894
vn -0.957948387 0.00144562137 0.286936909
vn -0.923449099 -0.00143919932 0.383718193
vn -0.893520117 0.0318499655 0.447892129
vn -0.844698548 -0.0318610929 0.534293175
vn -0.806986392 2.16466356e-06 0.590569973
vn -0.775529802 2.28652061e-06 0.631310999
vn -0.775520623 6.35576862e-06 0.631322265
vn -0.775520623 6.36875893e-06 0.631322205
vn -0.775532901 2.33155879e-06 0.631307185
vn -0.992514849 7.3436604e-07 0.122123949
vn -0.991709888 -0.0179581922 0.12723586
vn -0.984341919 0.0103559168 0.175965235
vn -0.981417954 -0.0119984848 0.191506833
vn -0.969907582 0.0174229443 0.242849231
vn -0.963228703 -0.0251702908 0.267501175
vn -0.940863729 0.0245114192 0.33789742
vn -0.925097227 -0.0312281791 0.378444046
vn -0.89246887 0.0247080736 0.450431854
vn -0.884010196 0.00933784712 0.467374325
vn -0.822372437 -0.0206273682 0.568575501
vn -0.829893231 5.47039281e-06 0.557922244
vn -0.77548635 5.42539328e-06 0.631364346
vn 0.0123444553 0.99686563 0.0781446248
vn 3.61234524e-05 0.99972409 0.0234893598
vn 0.00400478113 0.999991715 -0.000703797152
vn -0.0356469117 0.999333739 0.0078356117
vn -0.0198542941 0.999745727 0.0106901452
vn 0.0017978946 0.999851227 0.0171558596
vn 0.0156909786 0.99834609 0.0553073846
vn 0.017381303 0.998263597 0.0562819615
vn 0.0140027981 0.998490095 0.0531174876
vn 0.0164553262 0.998322725 0.0555062257
vn 0.0182790738 0.998213112 0.0568898767
vn 0.0151061378 0.998372972 0.0549837649
vn 0.0101205735 0.998582602 0.0522526316
vn 0.0027899507 0.998773217 0.0494395457
vn 0.00297101028 0.998795271 0.0489815213
vn 0.00517481007 0.999141872 0.0410938561
vn 0.00152467727 0.9995175 0.0310229026
vn -0.00381235708 0.999379337 0.035020858
vn 0.00145079521 0.999653101 0.0262972135
vn -0.00850511435 0.996812642 0.0793232173
vn 0.00613598898 0.997089803 0.0759883001
vn 0.0107342731 0.997783899 0.0656663701
vn 0.0179386847 0.998060048 0.0596181974
vn 0.0110014649 0.998696744 0.0498380549
vn -0.996136844 6.20276012e-07 0.0878142118
vn -0.998909652 4.72961204e-07 0.0466846302
vn -0.99890846 -4.73556474e-06 0.0467111841
vn -0.997288704 0.0381819978 0.0629076213
vn -0.996574879 -0.034238942 0.075274229
vn -0.998627484 2.98110244e-05 0.0523746125
vn 0.00246446836 0.999964833 -0.00801930297
vn -0.0107114958 0.999778748 -0.0181031935
vn -0.0291292612 0.999460757 -0.0151540069
vn 0.00241307472 0.999947727 -0.00993706658
vn 0.00204379135 0.999972761 -0.00709306635
vn -0.999995708 0.000309504248 0.00290320371
vn -0.999976337 -0.000163005374 0.00687689055
vn -0.999953032 0.00368838734 0.00895971246
vn -0.999999702 1.01254655e-05 -0.00074942247
vn -0.999998927 -0.000108146203 -0.0014752053
vn -0.999998868 0.000165363032 -0.00148006144
vn -0.999997795 -3.93650735e-05 -0.00210130657
vn -0.999997795 -6.68652428e-05 -0.00210138503
vn -0.999999642 0.00028899961 -0.000757766305
vn -0.999999642 -0.000264721195 -0.000794916414
vn -0.999995768 0.000347076071 0.00288872467
vn -1 -0.000175935478 -0.000151616245
vn -0.99999994 5.6802528e-06 -0.000285540096
vn -1 1.37902748e-06 0.000106007719
vn -0.999242663 4.47526702e-07 0.0389115699
vn -0.999243975 0.000102136954 0.0388772264
vn -0.999641478 -8.69702126e-05 0.0267746653
vn -0.999643683 0.000152078443 0.0266914554
vn -0.999785721 -2.61008008e-05 0.0207012743
vn -0.999787569 2.60133693e-05 0.0206102598
vn -0.999821365 -2.48035285e-05 0.0189012215
vn -0.999838173 0.000536240928 0.0179832801
vn -0.99987632 -0.000999214011 0.0156942196
vn -0.999890506 4.78551228e-05 0.0147994403
vn -0.99991256 2.08117783e-07 0.0132254092
vn -0.999943078 0.000238443841 0.0106657064
vn -0.0180379096 0.99974221 0.0137908785
vn -0.0145473378 0.998887241 -0.0448622555
vn -0.0353884585 0.999373436 0.000579825079
vn 0.061890509 0.99671787 -0.0521833077
vn -0.00945660472 0.997894764 -0.0641605258
vn -0.0099357944 0.999498069 -0.0300815981
vn -0.00251123146 0.999412596 -0.0341784209
vn -0.427887172 -0.516606569 -0.74164021
vn -0.273192227 -0.75773114 -0.592629313
vn -0.194907799 -0.767375052 -0.610857189
vn -0.362689525 -0.683204532 -0.633788526
vn -0.158170879 -0.705789745 -0.690538108
vn -0.318932325 -0.653349936 -0.686597407
vn -0.326257676 -0.621642768 -0.712120891
vn -0.337455571 -0.500175774 -0.797463417
vn -0.465674132 -0.438424319 -0.768720865
vn -0.137955323 -0.460097402 -0.877085328
vn -0.391162157 -0.371623009 -0.841955185
vn -0.394722611 -0.347078621 -0.850723505
vn -0.392903328 -0.347385079 -0.85144031
vn -0.289219141 -0.609420121 -0.738213658
vn -0.427003175 -0.521733522 -0.738554239
vn -0.377586663 -0.529711187 -0.759496152
vn -0.346235007 -0.451361686 -0.822431743
vn -0.492055535 -0.431057096 -0.756353855
vn -0.318710506 -0.396230698 -0.861060321
vn -0.513473749 -0.357286781 -0.780186415
vn -0.389690876 -0.364332914 -0.845814705
vn -0.401018947 -0.715803564 -0.571672142
vn -0.214706451 -0.721363366 -0.65843457
vn -0.167467758 -0.724122226 -0.669030309
vn -0.463920802 -0.612306476 -0.640201747
vn -0.436520606 -0.619270921 -0.652651012
vn -0.23363331 -0.625901997 -0.744084775
vn -0.432669282 -0.578801155 -0.691220999
vn -0.172673151 -0.586275935 -0.791495085
vn -0.310204029 0.68151921 -0.662800908
vn -0.313221693 0.654702783 -0.687936366
vn -0.162758395 0.655630827 -0.737331629
vn -0.399814814 0.588738263 -0.702520728
vn -0.303681642 0.570245206 -0.763280988
vn -0.465395927 0.505546689 -0.726518512
vn -0.152586117 0.520621777 -0.840041935
vn -0.468770802 0.437583447 -0.76731652
vn -0.227545708 0.417060435 -0.879933834
vn -0.386933506 0.384971291 -0.83790189
vn -0.39400658 0.341308028 -0.853385985
vn -0.392213225 0.35102722 -0.850263894
vn -0.264706671 0.775149107 -0.573649943
vn -0.328819484 0.741411746 -0.584966958
vn 0.00563766062 0.799339473 -0.600853264
vn -0.468252063 0.666119337 -0.580538511
vn -0.130502313 0.757463932 -0.639701128
vn -0.393941909 0.673605144 -0.625352621
vn -0.204595163 0.718710899 -0.664526463
vn -0.393532068 0.633136749 -0.666536093
vn -0.479923964 0.595068872 -0.644644082
vn -0.234295443 0.625786662 -0.743973613
vn -0.350161612 0.581059277 -0.734681547
vn -0.330997378 0.540196478 -0.773710847
vn -0.453096509 0.49760446 -0.739657581
vn -0.298699886 0.47421816 -0.828188121
vn -0.314099908 0.469379276 -0.825241983
vn -0.483726561 0.364656955 -0.79563427
vn -0.385049999 0.395239919 -0.833979547
vn -0.392455846 0.350986034 -0.850168943
vn -0.408927292 0.235003501 -0.881788969
vn -1 -1.10836273e-08 1.70132662e-05
vn -1 -8.85681146e-08 2.68269378e-05
vn -1 -7.00075134e-06 1.98027719e-05
vn -0.999999881 0.000504521246 0.000192039151
vn -1 4.53760634e-07 2.42614442e-05
vn -1 5.27676548e-07 2.18764981e-05
vn -1 4.52320194e-07 2.1826123e-05
vn -1 3.20907958e-07 2.27955734e-05
vn -1 8.12966221e-07 2.31666181e-05
vn -1 2.13801604e-06 2.58150176e-05
vn -1 1.06973903e-06 2.57378415e-05
vn -1 7.19978033e-08 2.50708817e-05
vn -1 -5.62640992e-07 2.50816247e-05
vn -1 -1.00860791e-06 2.35632288e-05
vn -1 4.68831644e-07 2.35758762e-05
vn -1 4.31448996e-07 2.31767535e-05
vn -1 6.29023532e-07 2.32065322e-05
vn -1 4.51229766e-07 2.49215464e-05
vn -1 3.14488784e-06 2.57311422e-05
vn -1 1.5807683e-06 2.60396173e-05
vn -1 -1.61481122e-08 2.45581396e-05
vn -1 2.49741618e-07 2.24636588e-05
vn -1 1.7718038e-06 2.26377833e-05
vn -1 5.70729981e-07 2.81433604e-05
vn -1 -9.30919484e-08 2.31536487e-05
vn -1 2.22986932e-06 2.41492544e-05
vn -1 -1.89157049e-07 2.46783475e-05
vn -1 -5.80241533e-07 2.35261796e-05
vn -1 0.000139475 -8.05840609e-05
vn -1 -3.51535055e-05 5.28008241e-05
vn -1 -9.58413125e-07 2.45578194e-05
vn -1 -1.68069093e-07 2.3273471e-05
vn -1 -3.88917442e-07 2.15487999e-05
vn -1 1.2192545e-06 2.3396422e-05
vn -1 1.33848459e-06 2.19698341e-05
vn -1 -2.42100509e-06 7.11298853e-05
vn -1 2.02297565e-06 -0.000164720055
vn -1 6.39952816e-07 2.43739414e-05
vn -1 -1.38685743e-06 2.63284837e-05
vn -1 1.37768711e-06 1.75199093e-05
vn -1 -2.14222808e-07 2.34128001e-05
vn -1 -1.43819733e-07 2.34552244e-05
vn -1 7.48866356e-08 2.33501596e-05
vn -1 -7.31514618e-08 2.28673016e-05
vn -1 -5.10695486e-07 2.25509393e-05
vn -1 5.45064609e-07 2.68802942e-05
vn -1 -4.412951e-07 2.67986034e-05
vn -1 -1.6645464e-07 2.76358041e-05
vn -1 3.92180681e-07 2.76359096e-05
vn -1 3.54969885e-08 2.67910109e-05
vn -1 7.03216017e-07 2.6937234e-05
vn -1 -1.37158924e-08 2.54501374e-05
vn -1 2.42107603e-06 2.65827202e-05
vn -1 -1.00849616e-06 2.22378112e-05
vn -1 -2.55507729e-07 2.17898432e-05
vn -1 -2.09953851e-06 2.07826652e-05
vn -1 2.74483739e-07 2.51717574e-05
vn -1 -3.56566943e-06 2.56570784e-05
vn -1 -5.76584512e-07 2.21061273e-05
vn -1 -5.73407306e-07 2.21081682e-05
vn -1 -1.4352787e-06 2.29952038e-05
vn -1 2.12949635e-06 2.40867066e-05
vn -1 2.06512976e-08 2.47959179e-05
vn -1 1.04916694e-06 2.52981354e-05
vn -0.399960309 -0.297504783 -0.86690408
vn -0.452648342 -0.0383805037 -0.890862763
vn -0.382182777 -0.122083977 -0.915986836
vn -0.651869774 -0.117543876 -0.749165714
vn -0.411930293 -0.183626994 -0.892521441
vn -0.292602748 -0.255025595 -0.921599448
vn -0.539176166 -0.171877891 -0.824467719
vn -0.0634541735 -0.157355368 -0.985501349
vn -0.518148482 -0.0934949517 -0.850165188
vn -0.317025363 -0.0484994426 -0.947176158
vn -0.418951482 -0.0293566976 -0.907533944
vn -0.408063263 -0.227708578 -0.884100199
vn -0.6826455 -0.22250782 -0.696049809
vn -0.0697216541 -0.292468816 -0.953729987
vn -0.401561141 -0.298792124 -0.865720451
vn -0.396027684 0.338811636 -0.853445232
vn -0.459377289 0.0378307961 -0.887435257
vn -0.418778241 0.0410516299 -0.907160163
vn -0.386293679 0.111385986 -0.915625632
vn -0.67600739 0.114068814 -0.728012562
vn -0.23994118 0.199583501 -0.950049818
vn -0.394714206 0.334527105 -0.855740786
vn -0.608381569 0.241349414 -0.756057084
vn -0.627067268 0.235863701 -0.742398083
vn -0.109753028 0.291926295 -0.950122774
vn -0.329846621 0.295064896 -0.896737397
vn -0.383226275 0.0391923897 -0.922822595
vn -0.448007613 0.117398769 -0.886288166
vn -0.100225762 0.156741232 -0.982541084
vn -0.411944479 0.18343702 -0.892553985
vn -0.408522427 0.223317876 -0.885007679
vn -0.250514597 0.814505279 -0.523281515
vn -0.226808608 0.845050275 -0.484198153
vn -0.226661831 0.84527868 -0.483868092
vn -0.226734355 0.845188677 -0.483991355
vn -0.212867573 0.865818501 -0.452819705
vn -0.215425253 0.865246475 -0.452703476
vn -0.199455649 0.886773109 -0.416954249
vn -0.265230834 0.883009076 -0.387230605
vn 0.0119095379 0.924487174 -0.381027043
vn -0.131382003 0.949676573 -0.284346879
vn 0.0252654273 0.954964995 -0.295640916
vn -0.25851357 0.909083784 -0.326707006
vn -0.291463017 0.899023056 -0.326813102
vn -0.144567609 0.930103004 -0.33765167
vn -0.152889729 0.946337461 -0.284728229
vn -0.242490321 0.816437721 -0.52404952
vn -0.19066985 0.824076891 -0.533425033
vn -0.230402827 0.844506204 -0.483449936
vn -0.235396862 0.846512616 -0.477498382
vn -0.131338134 0.878619671 -0.459105402
vn -0.351471484 0.840722144 -0.411890835
vn -0.0853259712 0.912702739 -0.399616361
vn -0.126565516 0.911219656 -0.391994715
vn -0.284087092 0.898078382 -0.335782319
vn 0.410889328 -0.221609503 0.884341121
vn 0.410809904 -0.132608339 0.90202564
vn 0.41441533 -0.144007847 0.898622096
vn 0.418977648 -0.0431269929 0.906971753
vn 0.418752044 -0.0422820412 0.907115757
vn 0.387496471 -0.305810452 0.869670331
vn 0.40856269 -0.261411488 0.874494433
vn 0.400353551 -0.295377195 0.867449939
vn 0.419759214 -0.0389504321 0.906799376
vn 0.415343881 -0.118166089 0.901956916
vn 0.420026481 -0.143589094 0.896080315
vn 0.412033796 -0.182547659 0.892695069
vn 0.408213079 -0.226612866 0.88431257
vn 0.415388167 0.105270132 0.903532445
vn 0.420987457 0.0348733887 0.906395853
vn 0.418751806 0.042292688 0.90711534
vn 0.409291923 0.127996534 0.903380871
vn 0.411455721 0.180993572 0.893277943
vn 0.40667066 0.265521377 0.874138057
vn 0.411262304 0.178864747 0.893795669
vn 0.420373529 0.143566877 0.895921111
vn 0.414358318 0.144015983 0.89864707
vn 0.419017285 0.0432872474 0.906945825
vn 0.403070331 0.273261875 0.873419881
vn 0.414950758 0.321147561 0.851281464
vn 0.406343639 0.259098262 0.8762151
vn 0.0109178741 -0.996327639 -0.0849237368
vn -0.018976558 -0.99843055 -0.0526911654
vn -0.0117644258 -0.998477697 -0.053887859
vn -0.0102111567 -0.998532534 -0.0531837419
vn 0.0597676449 -0.996796489 -0.053147193
vn 0.0126076657 -0.996666133 -0.0806080475
vn 0.0991888791 -0.995025218 -0.00929482933
vn 0.130471423 -0.991416752 -0.00836886838
vn 0.148678169 -0.988872766 -0.00504422048
vn 0.152238786 -0.988334596 -0.00425685383
vn 0.153919533 -0.988075793 -0.00386897521
vn 0.155433297 -0.987840235 -0.00349065452
vn 0.156529993 -0.987667978 -0.00320604397
vn 0.0598450154 -0.997759581 -0.0299060512
vn 0.156629324 -0.985796452 -0.0606021769
vn 0.157170862 -0.985700011 -0.0607683994
vn 0.155114502 -0.986051381 -0.0603504181
vn 0.157550529 -0.985632658 -0.0608776323
vn 0.157605603 -0.985622883 -0.0608929507
vn 0.157335743 -0.985670328 -0.0608230792
vn 0.157140791 -0.985704422 -0.0607744716
vn 0.15655753 -0.985805511 -0.0606402196
vn 0.155886203 -0.985920608 -0.0604985394
vn 0.154487014 -0.986156523 -0.0602419637
vn 0.153795987 -0.986271381 -0.0601291098
vn 0.14882268 -0.987077534 -0.0594113171
vn 0.0353464596 -0.999220014 0.0176063925
vn 0.0284372289 -0.999595165 -0.000904375105
vn 0.000620466366 -0.999815822 0.0191827714
vn 0.000164642654 -0.999761641 -0.0218306631
vn -0.00596036296 -0.99880141 -0.0485826135
vn 0.992409229 -0.00267298543 -0.122950442
vn 0.818641126 -0.574115932 0.0147508895
vn 0.0368391871 -0.999049485 -0.0233022869
vn 0.0117245428 -0.999929845 -0.00168873579
vn 0.0525003932 -0.998492241 -0.0160302036
vn 0.0547533818 -0.99837482 -0.0158048104
vn 0.0835743621 -0.996297956 -0.0201419536
vn 0.0887861326 -0.995858848 -0.0195506681
vn 0.298699737 -0.95418793 -0.0174330566
vn 0.216766417 -0.976042569 -0.0187937729
vn 0.214995742 -0.976425052 -0.0192594994
vn 0.621973097 -0.782966971 -0.0105931936
vn 0.555844426 -0.831279516 -0.00336441654
vn 0.436583608 -0.899559319 -0.0137037756
vn 0.561604142 -0.827404201 -0.00175806286
vn 0.656634927 -0.754208028 0.000926644716
vn 0.686916292 -0.726698875 0.00739783095
vn 0.744931757 -0.666935742 0.0165362936
vn 0.799986124 -0.600011587 0.00286786002
vn 0.75821656 -0.651954472 0.00794039387
vn 0.916345537 -0.400111705 0.0148824817
vn 0.891251862 -0.45307979 0.0197194014
vn 0.855519533 -0.517255783 0.0230824444
vn 0.989782929 -0.137145162 0.0389992148
vn 0.976149797 -0.21406725 0.0361499339
vn 0.973443985 -0.226569846 0.0327555798
vn 0.951097667 -0.307019442 0.0339457355
vn 0.933431089 -0.357972443 0.0237099305
vn 0.876446307 -0.480167717 0.0357887
vn 0.99944973 -0.0302602518 0.0135842655
vn 0.999165118 -0.0301832687 0.0275330395
vn 0.996013343 -0.0854121819 0.0257323235
vn 0.992738962 -0.11293634 0.0414097048
vn 0.997433782 -0.0581707843 0.0417368785
vn 0.998618126 -0.0338772573 0.0401773416
vn 0.998666406 -0.0257122479 0.0447686538
vn 0.996624887 -0.0239543375 -0.0785177499
vn 0.99207288 -0.0424443446 -0.118278712
vn 0.993323743 -0.0288430899 -0.111695945
vn 0.992752969 -0.0180725735 -0.118806168
vn 0.99249351 -0.00836774055 -0.122010916
vn 0.988307655 -0.114127807 -0.101107851
vn 0.988518298 -0.105073802 -0.108586445
vn 0.990905762 -0.0674953163 -0.116405331
vn 0.919510961 -0.379350454 -0.10292162
vn 0.919223726 -0.3801395 -0.102575168
vn 0.940809548 -0.31957233 -0.112920061
vn 0.964546382 -0.238528788 -0.112934694
vn 0.963116467 -0.246133476 -0.108742684
vn 0.978720069 -0.169337124 -0.11589615
vn 0.832502067 -0.544455528 -0.102510653
vn 0.867784619 -0.484003633 -0.112651378
vn 0.892759264 -0.436616749 -0.11111597
vn 0.645798326 -0.756582737 -0.102601565
vn 0.620256245 -0.779751241 -0.085265778
vn 0.695688426 -0.710480571 -0.105995238
vn 0.725502789 -0.679456651 -0.109473303
vn 0.295476198 -0.950668395 -0.0944641754
vn 0.391777396 -0.913798213 -0.107160076
vn 0.453188509 -0.886784971 -0.0907335877
vn 0.493551552 -0.863484025 -0.103933588
vn 0.549383819 -0.828739583 -0.106621571
vn 0.0717206374 -0.993095934 -0.0928258672
vn 0.0962030143 -0.99040854 -0.0991758555
vn 0.119703531 -0.988545656 -0.0919157714
vn 0.150913477 -0.983644783 -0.0983263478
vn 0.189513206 -0.977602303 -0.091534093
vn 0.211522728 -0.972310245 -0.099352248
vn 0.290686905 -0.951946557 -0.0964304656
vn -0.0189481024 -0.996766329 -0.0780887157
vn -0.0101991957 -0.996944904 -0.0774394721
vn 0.00142390351 -0.997302413 -0.0733886808
vn 0.0109134354 -0.99598366 -0.0888676941
vn 0.0560065173 -0.99530834 -0.0788962841
vn 0.00184607622 -0.998759627 -0.0497576706
vn 0.0168055017 -0.998817503 -0.045620203
vn -0.0089010261 -0.998510122 -0.0538360365
vn -0.0147425504 -0.998280346 -0.0567361936
vn -0.0167151187 -0.998185217 -0.0578517281
vn -0.0157672334 -0.998233557 -0.0572815761
vn -0.0133312885 -0.998372793 -0.0554439388
vn -0.00974684954 -0.998575568 -0.0524581298
vn 0.0455602445 -0.998957515 0.00285539054
vn 0.00335536432 -0.999980688 -0.00523628667
vn -0.00600947486 -0.999707758 -0.0234167147
vn 0.0221356563 -0.999584019 -0.0184871964
vn 0.00516175991 -0.999660075 -0.025556013
vn 0.31860581 -0.946820855 -0.0449507199
vn 0.328463048 -0.943314195 -0.0476485714
vn 0.205641732 -0.9774037 -0.0489236489
vn 0.209818169 -0.976459324 -0.0500350446
vn 0.133465558 -0.989765823 -0.0505034663
vn -0.00086673093 -0.999509215 -0.0313149653
vn -0.00103272125 -0.998796999 -0.0490251295
vn 0.0326291136 -0.998265505 -0.0490035973
vn 0.0592520945 -0.996679127 -0.0558556393
vn 0.0784059837 -0.995608926 -0.051140327
vn 0.13512066 -0.98951894 -0.0509377867
vn 0.140690133 -0.989892602 -0.0178598035
vn 0.134906709 -0.990666449 -0.0194983259
vn 0.999618411 -0.0251951274 -0.0113238078
vn 0.999242067 -0.0383297987 0.00679200981
vn 0.996135414 -0.087597914 0.00638803001
vn 0.993458092 -0.113425381 0.0132574756
vn 0.358599395 -0.933151066 -0.0252105575
vn 0.332881153 -0.942750454 -0.0202912875
vn 0.465448648 -0.885051727 -0.00639888784
vn 0.460324198 -0.886725307 -0.0426597074
vn 0.554814041 -0.830141664 -0.0551925823
vn 0.489574164 -0.871230006 -0.0357125401
vn 0.653404832 -0.756355166 -0.0314492248
vn 0.632268131 -0.774231195 -0.0283383764
vn 0.741984665 -0.669964373 -0.0246256515
vn 0.724130034 -0.689322114 -0.0216968767
vn 0.816972375 -0.576398313 -0.0179192461
vn 0.803755522 -0.59476018 -0.015407783
vn 0.875299096 -0.483434021 -0.0119588841
vn 0.866458774 -0.499149531 -0.00994498655
vn 0.933124065 -0.359504551 -0.00599989528
vn 0.928708196 -0.370799839 -0.00293227681
vn 0.97374481 -0.227642089 0.000368281733
vn 0.971873641 -0.235490307 0.00243612425
vn 0.98941344 -0.145067617 0.00405536173
vn 0.775451601 -0.621584773 -0.110937938
vn 0.818197072 -0.567122519 -0.0944752395
vn 0.818057597 -0.567053735 -0.0960824043
vn 0.996860147 -0.028522687 -0.0738665834
vn 0.993514359 -0.0859698877 -0.0744201839
vn 0.989400148 -0.114219189 -0.089673534
vn 0.986491799 -0.146606132 -0.0730790272
vn 0.96811223 -0.239180416 -0.0745077357
vn 0.967979312 -0.239821807 -0.0741727427
vn 0.921824276 -0.380028814 -0.0762768611
vn 0.922211826 -0.378970206 -0.076856412
vn 0.855185628 -0.51233077 -0.0785794184
vn 0.0469111614 -0.998134077 -0.0390854292
vn 0.0848304927 -0.992456853 -0.0885052755
vn 0.123578332 -0.988312542 -0.0892567039
vn 0.11988464 -0.988943338 -0.0872855932
vn 0.193803594 -0.9769876 -0.0890808776
vn 0.189724147 -0.97799021 -0.0868326277
vn 0.301652759 -0.949186742 -0.0897227228
vn 0.295904219 -0.951300919 -0.0864133388
vn 0.463058442 -0.881718934 -0.090269275
vn 0.453581482 -0.887212217 -0.0843698308
vn 0.606082559 -0.790615618 -0.0871254653
vn 0.645920753 -0.756680667 -0.101097636
vn 0.702341855 -0.707068741 -0.0822781846
vn 0.787307322 -0.611041009 -0.0823170096
vn -0.0157720391 -0.998100638 -0.0595512502
vn -0.0010296118 -0.997154474 -0.0753786266
vn 0.0570334196 -0.995514154 -0.0754897818
vn 0.0562367961 -0.995591044 -0.0750726238
vn 0.130501434 -0.9885571 -0.0756583735
vn 0.124583527 -0.989440262 -0.0740736946
vn 0.202539414 -0.976421952 -0.0746853501
vn 0.194971904 -0.978117406 -0.0726105869
vn 0.315201879 -0.946186185 -0.0733451694
vn 0.303159416 -0.950369954 -0.0699377581
vn 0.485862046 -0.87122649 -0.0700179413
vn 0.465145141 -0.88293457 -0.0637694746
vn 0.629152834 -0.774752915 -0.0626465008
vn 0.608231604 -0.791538298 -0.0593416989
vn 0.72138828 -0.6901353 -0.0575520433
vn 0.704379261 -0.707718551 -0.0546289831
vn 0.801466644 -0.595747888 -0.0523035489
vn 0.789599836 -0.611581683 -0.0499996692
vn 0.864616334 -0.500182807 -0.0474945381
vn 0.857359111 -0.512673259 -0.0458421297
vn 0.92735827 -0.371756047 -0.042474255
vn 0.924442768 -0.379164368 -0.0404962301
vn 0.971004725 -0.236118615 -0.0373871177
vn 0.970108032 -0.239926174 -0.0364112556
vn 0.9887622 -0.145428061 -0.0346401744
vn 0.988589883 -0.146669626 -0.0343235284
vn 0.995569587 -0.0878682882 -0.0334709734
vn 0.995717883 -0.0859810486 -0.0339576378
vn 0.998679578 -0.0389464498 -0.0335003361
vn 0.998738945 -0.0278504081 -0.0417712554
vn 0.105606355 -0.967718542 0.228840768
vn 0.102731839 -0.968850076 0.225334525
vn 0.0806943849 -0.981695414 0.17251806
vn 0.0726247504 -0.983953714 0.162974536
vn 0.0656284615 -0.987675428 0.142092109
vn 0.146468163 -0.936925173 0.317361444
vn 0.140767246 -0.946498036 0.290389478
vn 0.174441218 -0.915462673 0.362627059
vn 0.173692003 -0.916896999 0.359348059
vn 0.180956215 -0.909259617 0.37483573
vn 0.201745912 -0.885246277 0.419091493
vn 0.204872385 -0.878205061 0.432184219
vn 0.234446362 -0.832574129 0.501851737
vn 0.238387361 -0.827621162 0.508148313
vn 0.254522771 -0.794837713 0.550863981
vn -0.0751743838 -0.983788311 -0.162816837
vn -0.111503229 -0.963983536 -0.241459578
vn 0.0128503172 -0.973998725 -0.226188689
vn -0.099467285 -0.973357737 -0.206593797
vn -0.0674024969 -0.984428048 -0.162352353
vn 0.0252991728 -0.954967201 -0.295630753
vn -0.25841397 -0.909115613 -0.326697141
vn -0.291478693 -0.899021208 -0.326804221
vn 0.0118783042 -0.924491405 -0.381017715
vn -0.265215218 -0.883018434 -0.387220085
vn -0.199417979 -0.886782169 -0.416953027
vn -0.215330496 -0.865337849 -0.452573925
vn -0.212950602 -0.865731895 -0.452946275
vn -0.226847604 -0.845012069 -0.484246582
vn -0.250517786 -0.814509451 -0.523273587
vn -0.257286459 -0.789593399 -0.557087004
vn -0.17458123 -0.830430806 -0.529061496
vn -0.290497065 -0.81240052 -0.50558567
vn -0.131357849 -0.949682713 -0.28433758
vn -0.244491711 -0.92687726 -0.284819901
vn -0.0692256317 -0.937797189 -0.340212077
vn -0.357035935 -0.869740725 -0.340699881
vn -0.0881933346 -0.912475824 -0.399511963
vn -0.357675999 -0.835497797 -0.417146623
vn -0.172051743 -0.873000979 -0.456363291
vn -0.231636837 -0.844508469 -0.482855946
vn -0.226516008 -0.845568359 -0.483430117
vn -0.226584807 -0.845421016 -0.483655512
vn 2.79378833e-06 -1 -1.05348185e-07
vn 2.79332039e-06 -1 -1.05388601e-07
vn 4.65726271e-06 1 1.05348199e-07
vn 4.65678477e-06 1 1.05389468e-07
vn 0.732486963 -0.680781066 -1.0404284e-06
vn 0.732487917 -0.680780053 2.46392642e-06
vn 0.877956748 -0.478740007 1.47047626e-06
vn 0.87795651 -0.478740364 4.5439603e-07
vn 0.969009101 -0.247025132 7.12665553e-07
vn 0.969009042 -0.247025311 2.69769089e-07
vn 1 -4.11981382e-08 4.69659483e-07
vn 1 -3.95528673e-07 -4.44558339e-07
vn 0.969008982 0.247025564 -2.45524177e-07
vn 0.969009042 0.247025222 -1.13150656e-06
vn 0.877956569 0.478740245 -8.34084574e-07
vn 0.877956688 0.478740126 -1.23549728e-06
vn 0.732487142 0.680780888 -8.19912884e-07
vn 0.732486725 0.680781305 7.23030723e-07
vn -1.12777263e-06 -1 5.71505154e-07
vn -1.2082636e-06 -1 -7.50746096e-07
vn 2.37717558e-07 -1 -5.26933627e-06
vn -3.01087994e-07 -1 1.58105308e-06
vn -6.24150232e-07 -1 5.7150686e-07
vn -1.12777172e-06 -1 -7.50746153e-07
vn -0.732486546 0.680781484 2.97202519e-07
vn -0.732486963 0.680781066 1.8403623e-06
vn -0.877956688 0.478740096 1.95310008e-06
vn -0.877956092 0.478741109 -1.10021642e-06
vn -0.969009101 0.247025132 -1.42528552e-06
vn -0.969009042 0.247025311 -1.86818261e-06
vn -1 4.11978753e-08 -2.1191122e-06
vn -1 -5.98086331e-07 -4.69659966e-07
vn -0.969008982 -0.2470254 -6.40439566e-07
vn -0.969009042 -0.247025222 -1.08341465e-06
vn -0.877957046 -0.478739411 -1.17291597e-06
vn -0.877956688 -0.478740126 8.90031686e-07
vn -0.732486188 -0.680781841 1.97971826e-06
vn -0.732486725 -0.680781305 1.82394366e-08
vn -1.04682567e-05 1 3.16355072e-05
vn -7.89631827e-07 1 7.49310175e-07
vn -8.74685384e-07 1 -6.83331564e-07
vn -1.67750511e-06 -2.67221338e-07 -1
vn -1.43928975e-08 -2.67047078e-08 -1
vn 1.91311482e-08 1.92185574e-08 -1
vn -5.22991606e-08 -3.28850774e-07 -1
vn -1.58649115e-07 -7.46030025e-07 -1
vn 7.18064825e-08 -1.59554929e-07 -1
vn -1.24879492e-07 1.12366786e-06 -1
vn 2.73036306e-07 1.88984018e-07 -1
vn 1.22905149e-07 2.74502714e-08 -1
vn 3.32557192e-07 3.18633141e-07 -1
vn -3.09787129e-09 -1.61207563e-08 -1
vn -1.61649751e-07 -3.88551086e-07 -1
vn 1.36215317e-06 1.69244345e-06 -1
vn -5.90615514e-07 -1.59554901e-07 -1
vn 1.69779014e-07 3.60129462e-07 -1
vn -8.02859219e-08 2.39215581e-07 -1
vn 0.199137777 -0.979971528 -3.04899231e-06
vn 0.199119866 -0.979975164 -7.88029922e-07
vn 0.0670491681 -0.997749686 3.23787663e-06
vn 0.0670491606 -0.997749686 3.23729387e-06
vn -2.73831556e-05 -1.03382445e-05 -1
vn -2.85526294e-05 -2.72280759e-05 -1
vn -0.985363841 -0.170464277 3.04164896e-05
vn 0.196667761 -0.980470181 -5.49211882e-06
vn -0.985364497 -0.170460701 3.01075779e-05
vn -0.824793398 -0.565434217 2.60010966e-05
vn -0.824785292 -0.565446079 2.78343068e-05
vn -0.652300596 -0.757960379 2.37589338e-05
vn -0.649475038 -0.760382414 0.000871972472
vn 0.1966649 -0.980470777 -4.3735983e-07
vn 0.00580884935 -0.999983132 5.44134218e-06
vn -0.190180048 -0.981749237 1.1263176e-05
vn -0.190180272 -0.981749177 1.08472759e-05
vn -0.381684899 -0.924292505 1.58945877e-05
vn -0.381684482 -0.924292684 1.672914e-05
vn -0.55739665 -0.830246329 2.151222e-05
vn -0.55739677 -0.83024627 2.13276562e-05
vn -0.639927566 -0.76843524 2.34478593e-05
vn 0.345222503 -0.938520849 1.71352019e-06
vn 0.345222473 -0.938520908 1.10782617e-06
vn 0.117221795 -0.993105769 7.5809686e-07
vn 0.11722184 -0.993105769 1.42637759e-06
vn -0.117221214 -0.993105829 -3.05710927e-07
vn -0.117221139 -0.993105829 7.02938735e-07
vn -0.345221907 -0.938521087 9.4331773e-07
vn -0.345222026 -0.938521028 -6.40772328e-07
vn -0.340143025 0.940373719 -1.37682787e-06
vn -0.340142965 0.940373719 -1.97590566e-06
vn -0.115432419 0.993315339 -1.13477904e-06
vn -0.115432441 0.993315339 -8.0448649e-07
vn 0.11543189 0.993315399 -5.65540063e-07
vn 0.115431868 0.993315399 -2.33165579e-07
vn 0.340142816 0.940373778 6.8087104e-07
vn 0.340142876 0.940373778 9.16570144e-08
vn 0.199117631 0.979975581 -1.29953942e-05
vn 0.19913283 0.979972482 -1.10756873e-05
vn 0.0670336112 0.9977507 -7.2322382e-06
vn 0.0670335218 0.9977507 -7.22091954e-06
vn -0.11195606 -0.99371314 8.54751943e-06
vn -0.111956075 -0.99371314 8.54320479e-06
vn -0.330271006 -0.943886161 1.47760384e-05
vn -0.330270976 -0.943886161 1.47842093e-05
vn -0.53202337 -0.846729636 2.02812062e-05
vn -0.53202486 -0.846728742 1.99242022e-05
vn -0.707100749 -0.707112789 2.44323637e-05
vn -0.707099915 -0.707113683 2.46829295e-05
vn -0.846719384 -0.532039762 2.7905995e-05
vn -0.846719325 -0.532039821 2.79166634e-05
vn -0.94388032 -0.330287665 2.97416464e-05
vn -0.94388026 -0.330287904 2.97884944e-05
vn -0.993711174 -0.111973442 3.01245909e-05
vn -0.993711233 -0.111973293 3.00938773e-05
vn -0.9937132 0.111955754 2.89194013e-05
vn -0.9937132 0.111955538 2.89643958e-05
vn -0.94388634 0.33027038 2.64154332e-05
vn -0.94388628 0.330270559 2.63742731e-05
vn -0.846729219 0.532024086 2.25049516e-05
vn -0.846728861 0.532024682 2.23613733e-05
vn -0.707113206 0.707100332 1.72957589e-05
vn -0.707112968 0.70710057 1.72340024e-05
vn -0.532039404 0.846719563 1.13163278e-05
vn -0.532039762 0.846719384 1.1394879e-05
vn -0.330287814 0.94388026 4.87989701e-06
vn -0.330287814 0.94388026 4.88153228e-06
vn -0.111973301 0.993711233 -1.87939474e-06
vn -0.111973234 0.993711233 -1.89494551e-06
vn 1 8.69315863e-06 -2.97823517e-05
vn 1 1.02958038e-05 -2.91444921e-05
vn 1 1.13274318e-05 -4.16684234e-05
vn 1 8.56228053e-06 5.94159974e-05
vn 1 8.56187125e-06 -2.19055783e-05
vn 1 1.17498157e-05 -2.91444812e-05
vn 1 1.00945781e-05 -2.9782359e-05
vn 1 4.84401698e-06 -9.35146963e-05
vn 0.273118764 0.961980343 -1.40558423e-05
vn 0.389821291 0.92089051 -1.4859691e-05
vn 0.368332207 0.929694235 -1.4233492e-05
vn 0.346630365 0.937986135 0.0054162289
vn 0.335761905 0.941899359 0.00946525391
vn 0.328432471 0.944442928 0.0126370983
vn 0.324758619 0.945686579 0.0144490572
vn 0.310106844 0.950674295 0.00721797114
vn 0.28795585 0.957642019 0.00179212238
vn 0.46668455 0.884423852 -1.86886809e-05
vn 0.43904686 0.898348033 0.0144449864
vn 0.425128371 0.90510428 0.00721663749
vn 0.40400967 0.91475296 0.00179139315
vn -0.281384468 0.959595084 3.02875446e-06
vn -0.281387717 0.959594131 2.19288631e-06
vn -0.281380832 -0.959596157 1.53297478e-05
vn -0.281377077 -0.95959729 1.43584957e-05
vn 0.487106383 -0.873342633 -9.70461224e-06
vn 0.411100686 -0.911589921 -8.27417625e-06
vn 0.439065784 -0.898338675 0.0144528383
vn 0.452941239 -0.891511083 0.00722693279
vn 0.473534644 -0.880773365 0.00179896015
vn 0.295384854 -0.955378354 -4.03940339e-06
vn 0.350270092 -0.936637819 0.00452091359
vn 0.361151278 -0.932505488 0.00180028321
vn 0.375527352 -0.926811337 -7.25338532e-06
vn 0.324773401 -0.945681334 0.0144576747
vn 0.332105428 -0.943180025 0.010838287
vn 0.343041033 -0.939296007 0.00677099964
vn 0.602297962 -0.798271358 -1.44858814e-05
vn 0.602296889 -0.798272192 -1.33071999e-05
vn 0.602283239 0.798282504 -2.25091426e-05
vn 0.561186373 -0.827689469 -1.19958368e-05
vn 0.561181307 -0.827692866 -1.18778271e-05
vn 0.561181784 0.827692568 -2.149385e-05
vn -0.933943689 -0.202444732 0.294559538
vn -0.802016795 -0.594412863 0.0586718321
vn -0.779041588 -0.586102605 0.222661108
vn -0.781291068 -0.591408312 0.199550763
vn -0.957581401 -0.207566366 0.199885145
vn -0.976614296 -0.191517875 0.0977006853
vn 0.470336169 -0.882487357 -1.14714167e-05
vn 0.470259845 -0.882528007 -9.24139022e-06
vn 0.291485816 -0.956575155 -5.40408155e-06
vn 0.291431516 -0.956591666 -3.93999426e-06
vn -0.291426152 -0.956593335 1.1517348e-05
vn -0.291541815 -0.956558108 1.46355214e-05
vn -0.291448563 0.95658648 5.78117033e-06
vn -0.291561216 0.956552148 2.75332445e-06
vn 0.291409075 0.95659852 -1.50920332e-05
vn 0.291429222 0.956592381 -1.45502663e-05
vn 0.470335752 0.882487535 -1.92436055e-05
vn 0.470350742 0.882479548 -1.88066915e-05
vn -0.770125568 0.577849388 0.270178944
vn -0.78874433 0.605008602 0.108843915
vn -0.957832038 0.20632571 0.19996886
vn -0.957838356 0.206321791 0.199942514
vn -0.787931681 0.582398355 0.199939519
vn -0.57414186 0.812719107 0.0992411003
vn -0.574144959 0.812722206 0.0991977453
vn -0.431778163 0.8965078 0.0992037207
vn -0.431782097 0.896513402 0.0991358757
vn -0.324802667 0.940542877 0.0994097441
vn -0.185683101 0.639288306 -0.746211946
vn 0.210241139 0.972335458 0.101795912
vn 0.210252762 0.972597778 0.0992338583
vn 0.0494948104 0.993833542 0.0992225334
vn 0.0494940355 0.993840277 0.0991555229
vn -0.0662274659 0.992836595 0.0994453579
vn -0.0773434713 0.661002874 -0.746386707
vn -0.148407593 0.983922601 0.0993553102
vn -0.245616317 0.964261711 0.0993575677
vn 0.201133311 0.930350602 0.306583017
vn 0.201463088 0.932490528 0.299790055
vn 0.0474583991 0.952845156 0.29972288
vn 0.0474585891 0.952823043 0.299793214
vn -0.110828847 0.947544992 0.299792409
vn -0.110828005 0.947540224 0.299807757
vn -0.266056091 0.91614908 0.299808323
vn -0.26605922 0.916157901 0.299778581
vn -0.413957655 0.859520018 0.299773872
vn -0.413949519 0.859505415 0.299827009
vn -0.550438225 0.779175878 0.299837798
vn -0.550459683 0.779202759 0.299728513
vn 0.237558797 -0.949073195 0.206944287
vn 0.237863407 -0.949600458 0.204156816
vn 0.14503552 -0.968137264 0.204144314
vn 0.145048842 -0.968029737 0.204644337
vn 0.0486749075 -0.977850258 0.203567117
vn 0.0486989506 -0.977742314 0.204079434
vn -0.0488984585 -0.977731824 0.204081774
vn -0.0488736406 -0.977656484 0.204448417
vn -0.145282328 -0.96820426 0.203650594
vn -0.145243123 -0.96811682 0.204093754
vn -0.240920201 -0.948845148 0.204084232
vn -0.240893826 -0.948798299 0.204332829
vn -0.334444553 -0.92011416 0.20380576
vn -0.334408015 -0.920062959 0.204096586
vn -0.424349219 -0.882199407 0.204088181
vn -0.424330294 -0.882177591 0.204221696
vn -0.510293365 -0.835464001 0.203962147
vn -0.510272145 -0.835444212 0.204096362
vn -0.590908229 -0.780495703 0.204092905
vn -0.590903044 -0.78049171 0.204123139
vn -0.968984902 -0.141945228 0.202286392
vn -0.731566966 -0.6510638 0.202300966
vn -0.731576502 -0.651061654 0.20227325
vn -0.854876816 -0.47711733 0.203825206
vn -0.903797626 -0.421448082 0.0743727162
vn -0.914995372 -0.348200083 0.203814149
vn -0.968990982 -0.141939014 0.202261776
vn -0.789598167 0.605866075 0.0972678661
vn -0.789592862 0.605866611 0.0973074883
vn -0.971662521 0.215411708 0.0973123163
vn -0.97167331 0.215405285 0.097219117
vn -0.758249402 0.581822276 0.294177949
vn -0.758225858 0.581813991 0.294254959
vn -0.933077395 0.206850439 0.294243813
vn -0.933078945 0.20685029 0.294239014
vn 0.19616656 -0.980570614 -2.54589031e-06
vn -0.279723525 -0.960080564 1.36149911e-05
vn -0.193386748 -0.978591263 -0.0704323575
vn -0.176152691 -0.984362841 8.27723215e-06
vn 0.330851972 -0.943682671 -4.59078592e-06
vn 0.311459064 -0.950213969 -0.00930660032
vn 0.235416189 -0.968584597 -0.0801445693
vn 0.516474426 -0.856302619 -1.04530291e-05
vn 0.516466081 -0.856307626 -1.29616728e-05
vn 0.487139255 -0.87266326 -0.0339740179
vn 0.46747148 -0.881545246 -0.0659424514
vn 0.437282056 -0.890430033 -0.126169696
vn 0.444076568 -0.882881522 -0.152696431
vn 0.427707911 -0.898089588 -0.102474615
vn 0.400226235 -0.915489793 -0.0411987789
vn 0.370717317 -0.928688467 -0.0103180129
vn 0.350625396 -0.936515808 -5.22219989e-06
vn 0.272560835 -0.926961243 -0.257785648
vn 0.196169123 -0.980570078 1.39313755e-07
vn 0.0203620214 -0.999792695 5.58954298e-06
vn 0.020363953 -0.999792635 3.22051915e-06
vn -0.176151812 -0.984363019 9.16133922e-06
vn -0.176162928 0.984360993 2.17875822e-06
vn 0.390459478 0.920100808 -0.03091814
vn 0.370704055 0.928693593 -0.0103292437
vn 0.409625173 0.91016227 -0.0617406107
vn 0.427696228 0.898093581 -0.102488518
vn 0.437013179 0.889919758 -0.130622566
vn 0.516453564 0.856315196 -2.04081207e-05
vn 0.516453445 0.856315255 -2.03679647e-05
vn 0.477490693 0.877491355 -0.0448508449
vn 0.446695954 0.888160527 -0.107859261
vn 0.311418355 0.950226963 -0.00934456289
vn 0.330867261 0.943677306 -1.51923268e-05
vn 0.350610018 0.93652153 -1.57423747e-05
vn 0.196155459 0.98057282 -1.18457865e-05
vn 0.19615607 0.980572701 -1.23167683e-05
vn 0.234380156 0.964370131 -0.122703485
vn 0.271817058 0.960729003 -0.0558148921
vn 0.29179275 0.956073105 -0.0279506762
vn 0.0203549229 0.999792814 -6.80456833e-06
vn 0.0203568544 0.999792755 -4.43548743e-06
vn -0.176162317 0.984361112 1.35125686e-06
vn -0.193390429 0.978591442 -0.0704196393
vn -0.279742211 0.96007514 4.12708414e-06
vn -0.00136804266 0.00480640028 0.999987543
vn 3.48772701e-05 -3.16359074e-05 1
vn 0.00132174883 0.00238732109 0.999996305
vn 2.68275908e-05 1.18411454e-05 1
vn -0.000767419057 -0.00286324346 0.999995589
vn -0.000429821404 -0.00165159907 0.999998569
vn -0.000270464574 -0.00095428538 0.999999523
vn -7.37269438e-05 -0.000318102539 0.99999994
vn -3.82290855e-05 -0.000198484384 1
vn -0.000354127347 -0.00114343141 0.999999285
vn -0.000792719016 -0.00232913066 0.99999696
vn -7.92094434e-05 -0.000319560088 0.99999994
vn 0.000221082664 0.000402640842 0.999999881
vn 0.000210064478 0.000367567147 0.999999881
vn 0.000194691253 0.000335642806 0.99999994
vn 0.00175037526 0.00382889505 0.999991119
vn 0.000814350729 0.00176799961 0.999998093
vn 0.00134762097 0.00308207981 0.999994338
vn -0.00211820519 -0.00500486884 0.999985218
vn -0.00123543048 -0.0031163306 0.999994397
vn 0.000451228319 0.00104654254 0.999999344
vn 0.00145285844 0.00377361919 0.999991834
vn 9.99840195e-05 0.000194492401 1
vn 0.000107020205 0.000220430942 0.99999994
vn -0.00164546317 0.00570058217 0.999982417
vn 0.000110499197 -0.000143160185 1
vn 8.80625812e-05 -0.000100452009 1
vn -0.000224661882 0.000482644653 0.999999881
vn 0.000982643105 -0.00181180914 0.999997854
vn 0.00227208389 -0.00398236653 0.99998951
vn -5.03888041e-05 0.000258227694 0.99999994
vn -9.879961e-05 0.000330017851 0.99999994
vn -0.000138094882 0.000475124718 0.999999881
vn 0.00088709261 -0.00248611323 0.999996543
vn 0.000679146324 -0.00192382047 0.999997914
vn 0.000795953092 -0.0020070828 0.999997675
vn -0.000162504803 0.000528297736 0.999999821
vn 1.90033934e-05 3.4069486e-05 1
vn 0.000784554752 -0.00185507152 0.999997973
vn 7.44059798e-05 -5.93678669e-05 1
vn -0.000278201216 0.000694784569 0.999999702
vn -9.50811154e-05 0.000274408754 0.99999994
vn 0.000835486921 -0.00165786163 0.999998271
vn 0.000790020626 -0.00151258323 0.999998569
vn 1.21885905e-05 -3.16359692e-05 1
vn -0.00174000592 -0.0060742991 0.999980032
vn -0.803401113 -0.595438182 2.69080592e-05
vn -0.977304101 -0.211841151 3.01669043e-05
vn -0.80417192 0.59439677 2.09743903e-05
vn -0.977578282 0.210572273 2.80603581e-05
vn -0.977577686 0.210575178 2.75459224e-05
vn 0.278797179 0.960349977 -1.39547683e-05
vn 0.211327776 0.977376223 -0.00873469096
vn 0.177923679 0.983849406 0.0195848253
vn 0.0497299507 0.998621762 -0.0167772081
vn -0.00964414049 0.999627888 0.0255162138
vn -0.0665603504 0.997781813 0.00110709574
vn -0.145069912 0.989420533 -0.00133654126
vn -0.149147734 0.98880887 -0.00346372114
vn -0.240330726 0.9706828 0.00400582468
vn -0.246840939 0.96905601 2.55362079e-06
vn -0.336280912 0.941761732 5.37340202e-06
vn -0.326417059 0.94521004 0.00546394242
vn -0.428343803 0.903577745 -0.00829498284
vn -0.433884919 0.900871634 -0.0131964646
vn -0.51656425 0.856230915 0.00548107037
vn -0.576897025 0.816612422 -0.0182745829
vn -0.599244118 0.800566375 1.38390278e-05
vn 0.242975473 -0.970032454 -4.71155408e-06
vn 0.196596801 -0.980112433 0.0270063989
vn 0.00580740627 -0.999589264 0.0280634686
vn 0.0497097559 -0.998763204 0.00102957315
vn 0.148149014 -0.988964617 -0.00094735733
vn -0.190095007 -0.981313288 0.0298017394
vn -0.148396865 -0.988924086 0.00275311037
vn -0.0499560051 -0.99874866 -0.00233582943
vn -0.381513208 -0.923879981 0.0298917275
vn -0.341618747 -0.93983525 0.00252047111
vn -0.246104971 -0.969240725 -0.00218462548
vn -0.639927566 -0.76843524 2.30444384e-05
vn -0.603615761 -0.797272742 -0.00204249984
vn -0.557154834 -0.829886973 0.0294290092
vn -0.521253824 -0.85339886 0.00220624474
vn -0.433476239 -0.901162982 -0.00191460166
vn -0.989441037 -0.144936115 3.05474714e-05
vn -0.976259053 -0.216432899 0.00866144337
vn -0.74701339 -0.664808989 2.57381471e-05
vn -0.793315232 -0.608749509 0.00865849387
vn -0.873210311 -0.48734355 2.75731818e-05
vn -0.934612393 -0.355667859 2.86812865e-05
vn -0.793361127 0.608751297 2.05805572e-05
vn -0.793352723 0.608762264 1.81279793e-05
vn -0.976296425 0.216437712 2.62763533e-05
vn -0.976298511 0.216428265 2.79929263e-05
vn -2.95025966e-05 -1.38274645e-05 -1
vn -2.97447059e-05 -1.03320526e-05 -1
vn -2.9924011e-05 1.18295782e-06 -1
vn -3.19018072e-05 -4.94515234e-06 -1
vn -3.11280819e-05 -5.77528772e-06 -1
vn -3.02005301e-05 -5.12492079e-06 -1
vn -3.11746335e-05 -3.74348679e-06 -1
vn -3.07359769e-05 -3.47471291e-06 -1
vn -2.89387772e-05 -7.0711576e-06 -1
vn -2.8595472e-05 -6.87392958e-06 -1
vn -2.9750232e-05 -3.15996499e-06 -1
vn -3.07739174e-05 -3.74946376e-06 -1
vn -3.04644473e-05 -6.10174811e-06 -1
vn -2.89943127e-05 -5.2256305e-06 -1
vn -2.90676471e-05 -6.79861569e-06 -1
vn -2.99238782e-05 -1.38886844e-05 -1
vn -2.92822806e-05 -4.13011412e-06 -1
vn -3.25903275e-05 -4.25599001e-06 -1
vn -3.03437027e-05 -5.59479531e-06 -1
vn -2.78989355e-05 -3.94906056e-06 -1
vn -2.82000237e-05 -3.77568267e-06 -1
vn -2.82600049e-05 -3.80200731e-06 -1
vn -2.65561685e-05 -4.78081984e-06 -1
vn -3.07787232e-05 -5.76778984e-06 -1
vn -3.10923533e-05 -5.57563089e-06 -1
vn -3.14286008e-05 -5.58963075e-06 -1
vn -3.20231593e-05 -5.17276158e-06 -1
vn -2.94669462e-05 -5.55826136e-06 -1
vn -3.10456489e-05 -4.21861432e-06 -1
vn -8.8573106e-06 1 -4.91382843e-06
vn -9.2387254e-06 1 -6.15183262e-06
vn -9.86091163e-06 1 -4.91400169e-06
vn -0.226466179 0.974019051 1.95436041e-06
vn -0.529616177 0.848237395 1.15957409e-05
vn -0.529616296 0.848237336 1.1727926e-05
vn -0.689414561 0.724366963 1.71329648e-05
vn -0.689414501 0.724367023 1.69608575e-05
vn -0.821028709 0.57088691 2.1632577e-05
vn -0.91908139 0.394067734 2.54200277e-05
vn -0.979562342 0.201140881 2.8168306e-05
vn -1 -8.84592737e-06 2.97651022e-05
vn -0.979558706 -0.201158553 3.01451346e-05
vn -0.979558766 -0.201158151 2.94593392e-05
vn -0.919074178 -0.394084573 2.8649416e-05
vn -0.919073761 -0.394085556 3.04008372e-05
vn -0.821018577 -0.570901453 2.88482352e-05
vn -0.82101953 -0.570900083 2.60935503e-05
vn -0.68940115 -0.724379778 2.31144277e-05
vn -0.689400733 -0.724380136 2.40797253e-05
vn -0.529600978 -0.848246932 1.99319675e-05
vn -0.226447791 -0.974023283 1.15266721e-05
vn 9.23886364e-06 -1 4.91381707e-06
vn 8.85736972e-06 -1 6.91139985e-06
vn 9.86136365e-06 -1 4.91410219e-06
vn 2.82933779e-05 5.36392417e-06 1
vn 3.10122923e-05 5.10467044e-06 1
vn 3.00822867e-05 5.18352499e-06 1
vn 3.05704853e-05 5.09384608e-06 1
vn 3.03658635e-05 5.11621647e-06 1
vn 3.13780802e-05 4.81105099e-06 1
vn 2.95142418e-05 5.46450474e-06 1
vn 3.08672788e-05 4.75773686e-06 1
vn 2.86377344e-05 5.65326582e-06 1
vn 3.01999407e-05 5.11474218e-06 1
vn 2.79571177e-05 5.45835383e-06 1
vn 3.20668805e-05 5.24505458e-06 1
vn -2.29640609e-05 -2.19173107e-05 1
vn 2.03337677e-05 -2.07456492e-06 1
vn 2.92224213e-05 5.18824663e-06 1
vn 3.14611862e-05 5.23926519e-06 1
vn 3.56738237e-05 2.44660259e-06 1
vn 3.98706652e-05 -5.20302638e-05 -1
vn -3.00933843e-05 -5.86170427e-06 -1
vn -2.86810664e-05 -6.1342862e-06 -1
vn -3.05319154e-05 -5.19198557e-06 -1
vn -2.8003622e-05 -5.46209139e-06 -1
vn -3.07352093e-05 -4.86426052e-06 -1
vn -0.000153488509 8.92613534e-05 -1
vn -2.85621991e-05 -7.26447297e-06 -1
vn -2.8512246e-05 -7.32641456e-06 -1
vn -3.00833126e-05 -9.06684454e-06 -1
vn -6.6992674e-05 -4.55439431e-06 -1
vn -6.95453273e-05 -9.75051626e-06 -1
vn 3.61176499e-05 -1.99921378e-05 -1
vn -1.15272787e-05 -5.20093545e-06 -1
vn -2.13701969e-05 -5.15777083e-06 -1
vn -3.06814036e-05 -5.09118763e-06 -1
vn 4.51475807e-06 -5.18794104e-06 -1
vn -1.57042996e-05 -1.04057199e-05 -1
vn -2.14655738e-05 -5.97860571e-06 -1
vn -2.03471773e-05 -1.7490107e-05 -1
vn -3.03240686e-05 -5.00256192e-06 -1
vn -5.16348052e-07 -1.88003432e-05 -1
vn -2.93015692e-05 -5.41646477e-06 -1
vn -2.9446297e-05 -5.36708876e-06 -1
vn -3.04691439e-05 -4.90917773e-06 -1
vn -2.91279102e-05 -5.33671982e-06 -1
vn -2.97992956e-05 -5.11873532e-06 -1
vn -2.33754399e-05 -5.20041931e-06 -1
vn -1 -9.0684498e-06 2.98966334e-05
vn 0.278803289 0.960348248 -1.26084533e-05
vn 0.278797179 0.960349977 -1.38216501e-05
vn 0.177957267 0.984038234 -1.09065695e-05
vn -0.00964805856 0.999953449 -5.32512604e-06
vn -0.145070016 0.989421368 -1.17250022e-06
vn -0.145069584 0.989421427 -1.48952677e-06
vn -0.282480061 0.95927316 2.5329814e-06
vn -0.239569902 0.967619419 0.0794915557
vn -0.336280912 0.941761732 4.76388232e-06
vn -0.467800945 0.883833885 9.02125612e-06
vn -0.426974505 0.900695443 0.0802528039
vn -0.516572118 0.85624367 9.84675262e-06
vn -0.599244118 0.800566375 1.25050801e-05
vn -0.603889585 0.797046006 0.00592241017
vn -0.647234619 0.762290835 1.7908158e-05
vn -0.713648736 0.700503707 2.00105897e-05
vn -0.713640153 0.700512469 1.74007037e-05
vn -0.970464051 0.241245866 2.7658507e-05
vn 3.20158288e-05 4.47092543e-06 1
vn 3.17242011e-05 5.18622164e-06 1
vn 3.89201996e-05 5.06868901e-06 1
vn 2.94635265e-05 5.02687362e-06 1
vn 2.97259321e-05 5.14421572e-06 1
vn -1.06030047e-05 2.29913221e-05 1
vn 3.05710892e-05 4.85398095e-06 1
vn -1.2518216e-05 1.67278686e-05 1
vn 3.02190019e-05 5.02935791e-06 1
vn 1.20522159e-07 1.8216535e-05 1
vn 3.38447207e-05 3.26895474e-06 1
vn -5.05483731e-05 3.83941006e-05 1
vn 7.25385471e-05 4.6727755e-06 1
vn 2.99174808e-05 5.09020856e-06 1
vn 2.99386011e-05 5.08830044e-06 1
vn 4.15838113e-05 5.06870902e-06 1
vn 3.35971199e-05 3.95636789e-06 1
vn 2.96943308e-05 5.20161029e-06 1
vn 2.85363876e-05 5.46023921e-06 1
vn 3.03396664e-05 4.84501925e-06 1
vn -2.5515159e-05 1.88945723e-05 1
vn 3.0835894e-05 4.86851923e-06 1
vn 2.86692521e-05 5.26540452e-06 1
vn 2.84596481e-05 5.505015e-06 1
vn -1.40362533e-06 3.194296e-05 1
vn 2.84386333e-05 1.59889787e-05 1
vn 2.91682754e-05 4.86427462e-06 1
vn 2.88265128e-05 4.2685765e-06 1
vn 2.96907838e-05 6.32671527e-06 1
vn 2.97298538e-05 6.50628317e-06 1
vn 3.06491274e-05 3.39822623e-06 1
vn 2.83551544e-05 6.85864597e-06 1
vn 4.02459409e-05 -4.57823444e-06 1
vn -0.000151560802 0.000142225486 1
vn 2.96677008e-05 5.02687499e-06 1
vn 3.01714772e-05 5.21545962e-06 1
vn 2.94080055e-05 5.33474986e-06 1
vn 2.94567453e-05 5.34009314e-06 1
vn 2.88354931e-05 5.56050327e-06 1
vn 2.95620193e-05 5.93195e-06 1
vn 2.94531201e-05 5.89214869e-06 1
vn 2.88793926e-05 2.41013345e-06 1
vn 3.00091015e-05 6.32692718e-06 1
vn 2.91319357e-05 8.95132052e-06 1
vn 3.03742199e-05 4.08667438e-06 1
vn 3.22877895e-05 1.20494735e-06 1
vn 2.93642552e-05 6.13746761e-06 1
vn 3.12262091e-05 4.21861614e-06 1
vn 3.11949952e-05 -5.64493257e-06 1
vn 2.99266994e-05 5.40258952e-07 1
vn 2.88348765e-05 4.32543584e-06 1
vn 2.9207602e-05 5.44065369e-06 1
vn 3.02137178e-05 5.10924792e-06 1
vn 2.94086421e-05 5.50831464e-06 1
vn 3.12210032e-05 3.89900288e-06 1
vn 2.79490414e-05 8.15516341e-06 1
vn 3.17072263e-05 3.39934672e-06 1
vn 3.23222885e-05 3.1030645e-06 1
vn 2.97370061e-05 5.4413822e-06 1
vn 2.89578147e-05 5.64503898e-06 1
vn 2.85507176e-05 7.08250172e-06 1
vn 3.07011869e-05 4.08058531e-06 1
vn 2.9304394e-05 2.35456741e-06 1
vn 2.77431318e-05 -6.09341953e-07 1
vn 2.99038711e-05 5.98042334e-06 1
vn 3.24982138e-05 -6.92285221e-06 1
vn 2.93606008e-05 4.76713421e-06 1
vn -3.72392924e-06 4.75929992e-05 -1
vn 4.42967121e-07 2.99066141e-05 -1
vn -2.20305232e-08 3.39080143e-05 -1
vn 3.03990169e-06 1 1.02073079e-06
vn -2.00856476e-07 1 3.16361693e-05
vn 3.72083555e-08 2.72437901e-05 -1
vn -3.06956679e-07 3.01595592e-05 -1
vn -3.06960374e-07 4.21229415e-05 -1
vn -1 -2.79349615e-06 2.06737423e-06
vn -1 -2.79334927e-06 -2.57084298e-06
vn -1 4.79598192e-08 1.85414947e-07
vn -1 4.79560711e-08 1.85468991e-07
vn -1 4.7941743e-08 -2.57731563e-06
vn -1 -6.18007689e-08 2.07356652e-06
vn -7.53208806e-05 -0.000501158123 0.999999881
vn -6.92421745e-05 -0.000503504183 0.999999881
vn -7.70725019e-05 -0.000505828299 0.999999881
vn -0.000144247868 -0.000505338714 0.999999881
vn -0.000568434596 -0.000356411678 0.999999762
vn -0.000187152691 -0.000187413185 0.99999994
vn -0.00237024645 -0.000382148777 0.999997139
vn -0.0114618409 -0.000816642016 0.999933958
vn -0.0145077929 -0.00260075042 0.9998914
vn -0.131275535 0.00221000076 0.991343439
vn -0.145619273 -0.00551464409 0.989325345
vn -0.268594503 0.00430687051 0.963243723
vn -0.276616365 -0.000153067871 0.960980415
vn -0.343155801 -0.000443137862 0.939278364
vn -0.398941904 0.00480667921 0.916963637
vn -0.407790661 -0.000374502968 0.913075387
vn -6.93856346e-05 0.000515145599 0.999999881
vn -0.0518389642 0.0115082227 0.998589158
vn 0.000380235113 0.00106552709 0.999999344
vn -0.000410463748 0.000793831772 0.999999583
vn -0.000106861466 0.000520469795 0.999999881
vn -6.48941277e-05 0.00052077719 0.999999881
vn -0.0179889426 -0.0138206668 0.999742687
vn -0.127085626 0.00706522027 0.991866589
vn -0.201985762 -0.00724019483 0.979361713
vn -0.264353633 0.00612279447 0.964406371
vn -0.303113014 0.000693633396 0.952954352
vn -0.397583663 -0.000274639518 0.917565882
vn -0.395532459 0.000388026994 0.918451905
vn -0.083680518 -0.688944161 -0.719967723
vn -0.0422835052 -0.708974898 -0.703964949
vn -0.0314650126 -0.6858325 -0.727078915
vn -0.0575348996 -0.710149944 -0.701695681
vn -0.125149503 -0.684413612 -0.718272626
vn -0.129032373 -0.683658361 -0.718304873
vn -0.131254643 -0.685667455 -0.71598351
vn -0.133432701 -0.685245275 -0.71598506
vn -0.127666757 -0.686706126 -0.715636671
vn -0.12956588 -0.68835181 -0.713711739
vn -0.109777279 -0.691823065 -0.713673472
vn -0.112474054 -0.694549143 -0.710599065
vn -0.0816855356 -0.69672662 -0.712670684
vn -0.123587459 -0.684698999 -0.718271136
vn -0.116164826 -0.683095515 -0.721031368
vn -0.107378118 -0.696475804 -0.70950079
vn -0.0990433097 -0.681995511 -0.724618852
vn -0.0896360874 -0.683276832 -0.724636614
vn -0.086002253 -0.681015849 -0.727200866
vn -0.0757106096 -0.690066516 -0.719775021
vn -0.076038748 -0.674058139 -0.734754205
vn -0.743712306 -0.00719279237 -0.668461084
vn -0.728429317 -0.0105092674 -0.685040355
vn -0.742996275 -0.0219303053 -0.668936133
vn -0.291414768 -0.63209486 -0.718006611
vn -0.291319817 -0.632137597 -0.718007505
vn -0.293500692 -0.631142497 -0.71799475
vn -0.28918016 -0.633000851 -0.718111932
vn -0.290338933 -0.632560849 -0.718032122
vn -0.29069221 -0.632412672 -0.718019664
vn -0.272339642 -0.633648813 -0.724099636
vn -0.282404274 -0.634410203 -0.719563425
vn -0.287049621 -0.633647919 -0.718396008
vn -0.249981388 -0.623624504 -0.740676582
vn -0.235709384 -0.61012727 -0.756429613
vn -0.228607759 -0.656404376 -0.718937993
vn -0.371740609 -0.596768081 -0.711109519
vn -0.289403081 -0.63301903 -0.718006134
vn -0.327837646 -0.614700079 -0.717402458
vn -0.28717351 -0.574699283 -0.766323745
vn -0.356239349 -0.610722423 -0.707185686
vn -0.393086463 -0.583128989 -0.710945547
vn -0.39279449 -0.564554989 -0.725940883
vn -0.453448683 -0.561052263 -0.692534983
vn -0.453508407 -0.560355544 -0.693059742
vn -0.483270228 -0.487969548 -0.726866961
vn -0.504120529 -0.538429797 -0.675245047
vn -0.541789353 -0.44136405 -0.715305567
vn -0.561891556 -0.479100972 -0.674344242
vn -0.589897811 -0.396736562 -0.703292727
vn -0.589751482 -0.396466613 -0.703567624
vn -0.649339974 -0.355889469 -0.672086477
vn -0.63191843 -0.327369541 -0.702501416
vn -0.667019427 -0.307031512 -0.678834856
vn -0.670854867 -0.266741395 -0.691955745
vn -0.718464792 -0.170026585 -0.674462199
vn -0.717645526 -0.173404574 -0.674474418
vn -0.717785716 -0.172834441 -0.674471557
vn -0.71750921 -0.173990935 -0.674468458
vn -0.717591405 -0.173658669 -0.67446661
vn -0.718012452 -0.171926528 -0.674462318
vn -0.717386484 -0.174366266 -0.674502075
vn -0.717666268 -0.173303857 -0.674478292
vn -0.717691243 -0.173197314 -0.674479008
vn -0.716185212 -0.178140134 -0.674792469
vn -0.717181265 -0.175161779 -0.674514234
vn -0.717479587 -0.173794255 -0.674550653
vn -0.708106339 -0.193847284 -0.678976178
vn -0.715333283 -0.182669923 -0.674484968
vn -0.716145933 -0.177399844 -0.675029099
vn -0.678799629 -0.266331673 -0.68432343
vn -0.695133209 -0.239793658 -0.677708507
vn -0.696873844 -0.223411947 -0.681508601
vn -0.708883107 -0.219132349 -0.670422077
vn -0.706767797 -0.191964716 -0.680902958
vn -0.734344602 -0.102357768 -0.671014845
vn -0.730718553 -0.118351489 -0.672341645
vn -0.722318947 -0.159414664 -0.672935605
vn -0.710489511 -0.144857094 -0.688637137
vn -0.727243364 -0.137767419 -0.672411501
vn -0.730661929 -0.118292935 -0.672413528
vn -0.742633224 -0.0318908729 -0.668938637
vn -0.751430809 -0.039126534 -0.658650815
vn -0.758775294 -0.0428043716 -0.649944544
vn -0.720776677 -0.0568881556 -0.690828979
vn -0.748606145 -0.0727061108 -0.65901643
vn -0.739410222 -0.080241777 -0.668456316
vn -0.733686507 -0.0902619809 -0.673466325
vn -0.736311257 -0.0885058641 -0.670829654
vn -0.734081507 -0.10210447 -0.67134124
vn -0.180134967 -0.655840397 -0.733092606
vn -0.172794968 -0.643092513 -0.746038854
vn -0.152884319 -0.667465925 -0.728776813
vn -0.12642312 -0.669536054 -0.7319417
vn -0.109280214 -0.628920138 -0.76975143
vn -0.0988517404 -0.670410454 -0.735376179
vn -0.0850891694 -0.67456913 -0.733291447
vn -0.0858425722 -0.672881246 -0.734752953
vn -0.0487362295 0.72829932 -0.683523893
vn -0.0337406397 0.70918113 -0.704218447
vn -0.0801470056 0.654066026 -0.752179563
vn -0.079297699 0.659604311 -0.747418284
vn -0.109508924 0.691858351 -0.713680506
vn -0.129756629 0.688306987 -0.713720381
vn -0.127613947 0.686367512 -0.715970933
vn -0.129483327 0.686010361 -0.71597755
vn -0.130781978 0.683350146 -0.718281686
vn -0.112066619 0.686728895 -0.718223155
vn -0.109540291 0.698398352 -0.70727694
vn -0.0952603742 0.682509959 -0.724641681
vn -0.0914030075 0.683032572 -0.724646151
vn -0.0770246759 0.682126224 -0.727166414
vn -0.0772334561 0.676405668 -0.732468665
vn -0.0753785074 0.674137175 -0.734749734
vn -0.743243814 0.0133952973 -0.668886542
vn -0.731728911 0.0105497278 -0.681514084
vn -0.743730366 0.00172109797 -0.668477476
vn -0.723977327 0.358321339 -0.589459598
vn -0.669230461 0.260577947 -0.695866168
vn -0.715007305 0.235547334 -0.65824163
vn -0.702158749 0.221208125 -0.676786602
vn -0.709784627 0.199089244 -0.675699115
vn -0.709742665 0.198757589 -0.675840795
vn -0.715262949 0.183611974 -0.67430377
vn -0.715185642 0.183511496 -0.674413145
vn -0.723524749 0.147858024 -0.674277306
vn -0.617581248 0.266024888 -0.740151465
vn -0.647908747 0.345775962 -0.678714395
vn -0.628098369 0.362767279 -0.688398421
vn -0.626824081 0.367242962 -0.687185705
vn -0.616668224 0.384180874 -0.687113762
vn -0.620137632 0.450496376 -0.642247856
vn -0.367251188 0.599561512 -0.711092532
vn -0.563189387 0.371581405 -0.738068402
vn -0.574361145 0.468167573 -0.671512008
vn -0.517378509 0.46785298 -0.716542423
vn -0.517175913 0.493764073 -0.699089468
vn -0.484944135 0.523881078 -0.700269818
vn -0.484615505 0.520030618 -0.703360498
vn -0.452499866 0.547858179 -0.70363009
vn -0.453138471 0.544523776 -0.70580405
vn -0.413842231 0.574683011 -0.706026971
vn -0.415058523 0.591069341 -0.691638231
vn -0.378878444 0.593981564 -0.709673882
vn -0.369731754 0.598131716 -0.711011171
vn -0.329510897 0.613953412 -0.717275262
vn -0.329025298 0.611127853 -0.719906271
vn -0.373415858 0.595702827 -0.711124957
vn -0.366232246 0.600181997 -0.711094558
vn -0.200376973 0.658592105 -0.725331306
vn -0.200846702 0.658305109 -0.7254619
vn -0.210762396 0.656635463 -0.72416091
vn -0.223700359 0.662579894 -0.714804888
vn -0.237628281 0.671971321 -0.701418102
vn -0.237997547 0.669864535 -0.703305542
vn -0.259899199 0.621444941 -0.739093125
vn -0.255292684 0.657242715 -0.709124565
vn -0.280081213 0.626749992 -0.72714442
vn -0.276905686 0.638666213 -0.717933655
vn -0.292510092 0.631577492 -0.718016565
vn -0.169754654 0.63541609 -0.753279328
vn -0.169578701 0.68677032 -0.706816494
vn -0.191612825 0.660323739 -0.726124704
vn -0.153601244 0.663787246 -0.731978953
vn -0.14252539 0.67159152 -0.72708416
vn -0.120944969 0.654331744 -0.746473253
vn -0.120333172 0.659313679 -0.742176116
vn -0.0987701491 0.681603014 -0.725025356
vn -0.0974611416 0.687825203 -0.719303727
vn -0.0852856636 0.672952116 -0.734752893
vn -0.725159705 0.148841366 -0.672301769
vn -0.729296088 0.12623103 -0.672452927
vn -0.735389948 0.105522148 -0.669377863
vn -0.69289279 0.0870985985 -0.715760708
vn -0.742632568 0.0317839049 -0.668944478
vn -0.732409418 0.0385294929 -0.67977345
vn -0.719484866 0.0429647043 -0.693177879
vn -0.759332955 0.0609640218 -0.647840142
vn -0.718679249 0.0798450634 -0.690742314
vn -0.000138860851 -4.02102341e-05 -1
vn -0.000160587311 -3.3600877e-06 -1
vn -0.00016031196 -5.10627706e-06 -1
vn -0.000159176343 -8.95559151e-06 -1
vn -0.000159159506 -9.62681679e-06 -1
vn -0.000159786548 -4.41049087e-06 -1
vn -0.000161336633 -1.69360146e-06 -1
vn -0.000155905131 -2.05216838e-05 -1
vn -0.00016129516 -4.85013106e-06 -1
vn -0.000161828153 8.81070207e-07 -1
vn -0.000159063042 -8.71463089e-06 -1
vn -0.000160480136 -5.66640483e-06 -1
vn -0.00016065294 -5.13821669e-06 -1
vn -0.000163800636 6.10989036e-06 -1
vn 6.34880998e-05 -0.000962311402 -0.999999523
vn -0.000161546952 -9.0951977e-07 -1
vn -0.000183314114 4.50815169e-05 -1
vn -0.000159562653 -6.36859704e-06 -1
vn -0.000160890384 -4.71115573e-06 -1
vn -0.000161262971 -3.36865082e-06 -1
vn -0.000170146246 3.29162249e-05 -1
vn -0.000159514719 -5.3600852e-06 -1
vn -0.000161920223 -2.94543247e-06 -1
vn -0.000159392119 -6.39143491e-06 -1
vn -0.000158658426 -7.84961503e-06 -1
vn -0.000159556759 -6.69441488e-06 -1
vn -0.000160297088 -5.31195337e-06 -1
vn -0.00016254792 -2.58647356e-06 -1
vn -0.000159558127 -7.92906849e-06 -1
vn -0.000165045101 -5.22806158e-06 -1
vn -0.000161245858 -6.52709423e-06 -1
vn -0.000160150317 -6.54075893e-06 -1
vn -0.000164071418 -3.28868487e-06 -1
vn -0.000159949428 -5.08574112e-06 -1
vn -0.000159958639 -5.07655341e-06 -1
vn -0.000158232127 -6.10868938e-06 -1
vn -0.000157683331 -6.71266889e-06 -1
vn -0.000162862954 -3.02094486e-06 -1
vn -0.000162648648 -3.25718247e-06 -1
vn -0.000118689641 -3.56526834e-05 -1
vn -0.000161406133 -3.31760225e-06 -1
vn -0.000166882586 2.28171621e-06 -1
vn -0.000158339768 -7.12608335e-06 -1
vn -0.000158309515 -3.16609862e-06 -1
vn -0.000158154391 -3.17242211e-06 -1
vn -0.000159635179 -6.04635761e-06 -1
vn -0.000160023803 -5.8175201e-06 -1
vn -0.000161099684 -4.49801928e-06 -1
vn -0.000157913644 -4.05604396e-06 -1
vn -0.000156053444 -4.74737999e-06 -1
vn -0.000160014359 -3.92378024e-06 -1
vn -0.000158772717 -3.65977417e-06 -1
vn -0.000157450559 -3.64298103e-06 -1
vn -0.000251965161 2.05535707e-05 -0.99999994
vn -0.000161093601 -3.89522666e-06 -1
vn -0.000159067087 -3.3026929e-06 -1
vn -0.000109640896 -1.1624935e-06 -1
vn -0.000162850105 -0.00029030419 -0.99999994
vn 0.000378140481 -0.000174023473 -0.99999994
vn -0.000164459256 -6.09621065e-06 -1
vn -0.000158015915 -4.41831071e-06 -1
vn -0.000157049246 -4.7020244e-06 -1
vn -0.989735067 0.00501067145 0.142826587
vn -0.993016422 -0.00965214055 0.117580891
vn -0.994087577 0.0117725246 0.107941389
vn -0.991106093 -0.0108553991 0.132630438
vn -0.98337841 -0.00787744764 0.181396902
vn -0.989694059 -0.0218775347 0.141516969
vn -0.98659116 -0.0258739367 0.161147118
vn -0.98729527 -0.00492589548 0.158820122
vn -0.988429904 -0.0101816412 0.151336327
vn -0.988252938 -0.0217212941 0.15127562
vn -0.988267124 -0.0220741201 0.151131824
vn -0.992762804 -0.0292999279 0.11646276
vn -0.993231595 -0.0228052214 0.113890201
vn -0.990916908 -0.0226639993 0.132551968
vn -0.991614282 -0.0127014136 0.128607035
vn -0.990218222 -0.0222349633 0.137744248
vn -0.125220567 -0.989177823 -0.0764656514
vn -0.0884491205 -0.993875742 -0.0662404597
vn -0.0327968635 -0.996209979 -0.0805604979
vn -0.250501245 -0.9678514 -0.0226443447
vn -0.451102108 -0.892187059 0.0225643627
vn -0.988658547 -0.0963362381 0.115211293
vn -0.991963804 -0.0561996177 0.113355003
vn -0.989793777 -0.0717525855 0.123125426
vn -0.989375949 -0.0693501756 0.127772495
vn -0.988128662 -0.0693816692 0.13706927
vn -0.985797644 -0.0746204033 0.150448471
vn -0.98995924 -0.0501454435 0.132159635
vn -0.985894978 -0.0458760113 0.160954878
vn -0.980092287 -0.141443998 0.139329344
vn -0.982934356 -0.112740181 0.145360634
vn -0.986846387 -0.0764149725 0.142460421
vn -0.97709918 -0.207830846 0.0456458591
vn -0.974773586 -0.210617632 0.0738695562
vn -0.955975533 -0.241514117 0.166678309
vn -0.949583411 -0.283852756 0.133112699
vn -0.940299869 -0.301087141 0.158690661
vn -0.928794444 -0.347418666 0.129000589
vn -0.916732609 -0.370628327 0.149117306
vn -0.898758352 -0.4209916 0.12247251
vn -0.886550486 -0.442543983 0.134844631
vn -0.855659187 -0.504511714 0.115391858
vn -0.846109509 -0.518491268 0.123553395
vn -0.797872663 -0.593845189 0.103668116
vn -0.790770531 -0.602550149 0.107774213
vn -0.725527287 -0.682311594 0.0897830278
vn -0.724519849 -0.683326244 0.0902009308
vn -0.676434338 -0.732082546 0.0805713758
vn -0.643243432 -0.762547731 0.0689847022
vn -0.62358278 -0.778450489 0.0718282089
vn -0.557545602 -0.828567266 0.0511779003
vn -0.538376272 -0.841073513 0.0524061844
vn -0.326473981 -0.945201159 -0.00307643763
vn -0.369666308 -0.928897083 0.0222938694
vn -0.41078344 -0.911394358 0.0248453636
vn -0.229466349 -0.973258793 -0.01060961
vn -0.178645179 -0.983362377 -0.0329295397
vn -0.178559452 -0.983378768 -0.0329038389
vn -0.152878836 -0.987605095 -0.0355559103
vn -0.126073793 -0.990984559 -0.0453315303
vn -0.131561354 -0.990241408 -0.0459730029
vn -0.0845405459 -0.994835258 -0.0561758094
vn -0.0988582671 -0.993527412 -0.0559496507
vn -0.0868396685 -0.994740367 -0.0543181039
vn -0.113729969 -0.992385685 -0.0472879112
vn -0.123479322 -0.991265893 -0.0463112369
vn -0.0559980832 -0.99573344 -0.0733426437
vn -0.0486817993 -0.996230245 -0.0718009099
vn -0.0450729951 -0.996979773 -0.0632436946
vn -0.0593181103 -0.995890617 -0.0684344098
vn -0.0682243407 -0.977120876 -0.201445296
vn -0.051732298 -0.996875644 -0.0596890077
vn -0.181347281 -0.981333554 -0.0640122518
vn -0.151013345 -0.988059521 -0.030550776
vn -0.129565835 -0.986753404 -0.0976240039
vn -0.101091184 -0.994698346 -0.0188613683
vn -0.144426197 -0.987017035 -0.0702738389
vn -0.18369779 -0.980650723 -0.0676706359
vn -0.200825721 -0.977940798 -0.0574523807
vn -0.222048536 -0.973354518 -0.0572309196
vn -0.262651235 -0.963454723 -0.052624438
vn -0.289373904 -0.956423998 -0.0389341004
vn -0.325902253 -0.944554269 -0.0400622822
vn -0.369150281 -0.928849459 -0.0310922302
vn -0.380680114 -0.924304426 -0.0272768289
vn -0.392802864 -0.919241965 -0.0264596287
vn -0.500948608 -0.865431845 -0.00884605851
vn -0.443737537 -0.89603442 -0.0148085542
vn -0.41724056 -0.908702493 -0.013040524
vn -0.417393148 -0.908632278 -0.0130509408
vn -0.415423036 -0.9095366 -0.012919805
vn -0.418935895 -0.907920539 -0.0131549109
vn -0.415048063 -0.909708083 -0.0128948065
vn -0.416348875 -0.909112334 -0.0129780667
vn -0.414578944 -0.909922659 -0.0128478231
vn -0.455653936 -0.89000988 -0.0161842201
vn -0.411521435 -0.911086798 -0.0238938835
vn -0.405130059 -0.913919985 -0.0248973276
vn -0.85100466 -0.521273911 0.0637537986
vn -0.772043049 -0.633436561 0.0520345867
vn -0.789904654 -0.611269832 0.0489880778
vn -0.697021186 -0.716199219 0.0349297374
vn -0.71409899 -0.699283302 0.032641232
vn -0.623076916 -0.781944752 0.0183717106
vn -0.627682209 -0.778258741 0.0181212183
vn -0.895946562 -0.436522484 0.0820238814
vn -0.874147534 -0.480422378 0.0711365491
vn -0.827973902 -0.556538701 0.0687302947
vn -0.950316429 -0.295489848 0.0978999063
vn -0.940086663 -0.327822715 0.0936449021
vn -0.928152442 -0.361029297 0.0905032977
vn -0.925827026 -0.367429346 0.0885435715
vn -0.903959453 -0.419604957 0.0823955163
vn -0.965767801 -0.233924776 0.112123765
vn -0.966546893 -0.230918363 0.111641295
vn -0.96651572 -0.231039852 0.11166016
vn -0.966233075 -0.232135892 0.111833006
vn -0.966452003 -0.231288254 0.111697227
vn -0.966886163 -0.229592815 0.111437574
vn -0.966665924 -0.230454162 0.111569785
vn -0.970443964 -0.215192497 0.10922759
vn -0.964787126 -0.237634912 0.112762801
vn -0.962714314 -0.245225355 0.114217833
vn -0.969922185 -0.218175441 0.107937232
vn -0.95991987 -0.26145944 0.100959294
vn -0.950108886 -0.29614073 0.0979476646
vn -0.986023843 -0.121271729 0.114237234
vn -0.98386538 -0.137354955 0.114641093
vn -0.98323977 -0.141267389 0.115252309
vn -0.980831563 -0.160122141 0.111042127
vn -0.976584613 -0.185842142 0.108375169
vn -0.147489652 -0.986519992 -0.0708883256
vn -0.142622501 -0.987983227 -0.0595648997
vn -0.200024277 -0.9783777 -0.0526058003
vn -0.219873369 -0.974606693 -0.0423972085
vn -0.288527191 -0.956884682 -0.033523161
vn -0.311679304 -0.949953496 -0.0210795496
vn -0.3784073 -0.925563216 -0.0118618188
vn -0.403512895 -0.91496855 -0.00314910314
vn -0.452820092 -0.89159286 0.00402316311
vn -0.958358288 -0.145220637 0.245886832
vn -0.978621781 -0.150039881 0.140667722
vn -0.968110204 -0.20914048 0.137923434
vn -0.966609478 -0.218481764 0.133909687
vn -0.950039208 -0.283829063 0.129871577
vn -0.946752727 -0.295983106 0.126701683
vn -0.92965275 -0.34735778 0.122834496
vn -0.924701929 -0.361655086 0.118877925
vn -0.899978101 -0.420873106 0.113601476
vn -0.892737329 -0.437270761 0.108693883
vn -0.857546687 -0.504272103 0.101603828
vn -0.847280383 -0.5224666 0.0956273973
vn -0.800184429 -0.593457878 0.0866754204
vn -0.786297083 -0.612697959 0.0796120986
vn -0.728331983 -0.68171978 0.0692146346
vn -0.710644424 -0.700885713 0.0611864254
vn -0.64580071 -0.76185441 0.0501929075
vn -0.624712229 -0.779753089 0.0414697081
vn -0.560316324 -0.82769382 0.0311213695
vn -0.217449039 -0.975710511 -0.026549926
vn -0.327768683 -0.944676101 -0.0124413902
vn -0.308790684 -0.951128602 -0.0016314243
vn -0.454894871 -0.89034903 0.0186875835
vn -0.398112297 -0.91672194 0.0335778706
vn -0.474854797 -0.879422665 0.0335962772
vn -0.477747113 -0.878400385 0.0130552463
vn -0.536703229 -0.843482792 0.0220563412
vn -0.539293289 -0.842113554 0.00274346257
vn -0.561074853 -0.827757359 0.00356777804
vn -0.304392785 -0.952266157 0.0231116731
vn -0.317667484 -0.948200405 -0.00182851485
vn -0.248920023 -0.968467057 -0.0105088875
vn -0.226813316 -0.973421752 -0.0317138135
vn -0.179222569 -0.983100474 -0.0373186618
vn -0.154082775 -0.986797094 -0.0498999022
vn -0.127077311 -0.990483522 -0.0528562926
vn -0.108122878 -0.992197216 -0.062081635
vn -0.0795681849 -0.994707406 -0.065008007
vn -0.0841578469 -0.956197917 -0.280362159
vn -0.0328468867 -0.997845888 -0.0567864254
vn -0.0456825607 -0.99895221 0.00275853439
vn -0.0478893854 -0.998496771 0.0266606715
vn -0.082811445 -0.995880067 0.0369486585
vn -0.0399972051 -0.999158502 0.00908285379
vn -0.12275514 -0.992411137 -0.00716041168
vn -0.169670105 -0.984258235 -0.049475152
vn -0.1875128 -0.980900526 -0.0517024174
vn -0.0989045873 -0.994696558 -0.0282249413
vn -0.185125783 -0.982711017 -0.00274489308
vn -0.158931687 -0.987265587 -0.00688091898
vn -0.145672083 -0.988059938 -0.0501717068
vn -0.0952524915 -0.993352652 -0.0646338239
vn -0.126909852 -0.989209294 -0.0732044652
vn -0.104288913 -0.992043495 -0.0705234632
vn -0.110392354 -0.990931749 -0.0766017139
vn -0.129910886 -0.989422619 -0.0645450875
vn -0.10063225 -0.991967618 -0.0766379014
vn -0.0873814225 -0.993220627 -0.0766635984
vn -0.0951958224 -0.992825985 -0.0723482966
vn -0.0560012497 -0.995792031 -0.0725399777
vn -0.0988280773 -0.993911445 -0.048713401
vn -0.024790775 -0.998473346 -0.0493597947
vn -0.0434548259 -0.998695791 -0.026803432
vn -0.000138860851 -6.02172986e-06 -1
vn -0.000154039299 3.05937792e-05 -1
vn -0.000159751784 -5.63336562e-06 -1
vn -0.000159834075 -4.85099781e-06 -1
vn -0.0001601892 -5.72178033e-06 -1
vn -0.000160249765 -6.15850331e-06 -1
vn -0.00016029118 -5.71514238e-06 -1
vn -0.000134861111 5.04308082e-05 -1
vn -0.000160226991 -4.10455505e-06 -1
vn -0.000160635667 -6.02360933e-06 -1
vn -0.000159822113 -4.3046889e-06 -1
vn -0.00016053427 -7.3559022e-06 -1
vn -0.00015931949 -3.8088815e-06 -1
vn -0.000159719784 -4.84143948e-06 -1
vn -0.000158802082 -2.47371804e-06 -1
vn -0.000160678203 -5.86489205e-06 -1
vn -0.000161763048 -7.24265965e-06 -1
vn -0.000161215095 -6.15842055e-06 -1
vn -0.000159829418 -4.24055133e-06 -1
vn -0.000155967762 4.14926535e-06 -1
vn -0.000165024001 -1.34630027e-05 -1
vn -0.000162190903 -6.78826382e-06 -1
vn -0.000162284225 -6.90765955e-06 -1
vn -0.000155636182 -1.79310041e-06 -1
vn -0.000159725751 -5.3608278e-06 -1
vn -0.000163565535 -7.30467673e-06 -1
vn -0.000158986717 -2.81752114e-06 -1
vn -0.00015953611 -3.49093716e-06 -1
vn -0.000162924829 -5.48632534e-06 -1
vn -0.000161439006 -4.21527784e-06 -1
vn -0.000156449474 -2.42389024e-06 -1
vn -0.000159242627 -4.19439266e-06 -1
vn -0.000162855635 -7.22409186e-06 -1
vn 0.000176572139 0.000249732402 -0.99999994
vn 0.000142796373 0.0002241334 -0.99999994
vn -0.00015619176 -2.50868334e-06 -1
vn -0.000162049357 -6.45302816e-06 -1
vn -0.000162325392 -6.62692855e-06 -1
vn -0.000160947806 -5.06538572e-06 -1
vn 0.000567826384 0.000514867366 -0.999999702
vn -0.000159371921 -3.77106926e-06 -1
vn -0.000165201069 -1.01863934e-05 -1
vn -0.000160181808 -5.55637689e-06 -1
vn -0.000160551164 -6.71427733e-06 -1
vn -0.000142939432 7.70665429e-06 -1
vn -0.000225803917 -5.62742425e-05 -1
vn -0.00015790551 -1.22524784e-06 -1
vn -0.00016124532 -5.39718894e-06 -1
vn -0.000158171053 -2.53628878e-06 -1
vn -0.000165502744 -1.27126095e-05 -1
vn -0.000158198178 -4.29357624e-06 -1
vn -0.000160612355 -6.31557032e-06 -1
vn -0.000127493186 1.8325336e-06 -1
vn -0.000160119467 -4.95154381e-06 -1
vn -0.000160084863 -4.92137178e-06 -1
vn -0.000162705895 -4.81269808e-06 -1
vn -0.000167765975 -7.77947935e-06 -1
vn -0.000160442214 -5.80903043e-06 -1
vn -0.000159508432 -4.9230639e-06 -1
vn -0.000157995921 -4.00840099e-06 -1
vn -0.000158452269 -4.5959282e-06 -1
vn -0.000165835998 -5.21068932e-06 -1
vn 0.000779393071 0.000281679007 -0.999999642
vn -0.459615707 0.000124416838 0.888117909
vn -0.459615678 0.000124389117 0.888117909
vn -0.459615976 0.000853239093 0.888117373
vn -0.459873557 0.000507007644 0.887984276
vn -0.45984453 0.000353566953 0.887999356
vn -0.459844559 0.000341086765 0.887999356
vn -0.45984599 0.000348634232 0.887998641
vn 0.998405218 0.0564534552 0.000101910868
vn 0.340491027 0.940247774 2.44882904e-05
vn 0.999473095 0.0322116986 0.00399066601
vn 0.995927572 0.0901567563 -1.73058027e-06
vn 0.988534927 0.150992319 -1.84481996e-06
vn 0.99037993 0.138368681 0.00131254573
vn 0.974668443 0.223648593 -0.00167042424
vn 0.977248013 0.212099865 -5.23994458e-05
vn 0.955577433 0.294740081 -9.57140219e-05
vn 0.955553412 0.294817984 -0.000103910264
vn 0.93141979 0.363946587 -0.000124318394
vn 0.931390047 0.364022791 -0.000132398724
vn 0.902406931 0.430884838 -0.000168079234
vn 0.902341187 0.431022465 -0.000182766758
vn 0.868732572 0.495281368 -0.000188025733
vn 0.868655086 0.495417356 -0.000202737268
vn 0.830642343 0.556806326 -0.000236123233
vn 0.830536187 0.556964636 -0.000253521925
vn 0.788376868 0.615192533 -0.000250904821
vn 0.788255036 0.615348637 -0.000268448581
vn 0.742955983 0.669340193 -0.000298495434
vn 0.742892325 0.669410884 -0.000306404603
vn 0.69484961 0.719155014 -0.000318597333
vn 0.694780171 0.719222069 -0.000326384354
vn 0.642645538 0.766163528 -0.0003532345
vn 0.642594457 0.766206384 -0.000358619785
vn 0.586679101 0.8098194 -0.000373595714
vn 0.586621821 0.809860945 -0.000379080651
vn 0.52827698 0.84907198 -0.000402351783
vn 0.52822113 0.849106729 -0.00040724795
vn 0.4674927 0.883996844 -0.000418186479
vn 0.467428267 0.884030879 -0.000423446123
vn 0.404744893 0.914429545 -0.000442475459
vn 0.392068118 0.919935107 -0.00139595591
vn 0.33690396 0.94153899 0.000194832246
vn 0.219371364 0.97564131 -0.000455717847
vn 0.208652467 0.977989852 -1.90355888e-06
vn 0.318071663 0.948066533 -0.000461931952
vn 0.298156977 0.954516709 -0.000470979605
vn 0.275027454 0.961436391 -2.01047551e-05
vn 0.267555386 0.963542402 -0.000367980945
vn 0.243656144 0.969861567 -0.000482519157
vn 0.0547273792 0.99849838 -0.00242912164
vn 0.186519131 0.9824512 -0.000489322527
vn 0.160555258 0.987026751 -0.000493123836
vn 0.141668424 0.989914179 2.07492321e-05
vn 0.119076438 0.992884755 -0.00078263419
vn 0.0744708776 0.997223198 -0.000121119287
vn 0.0549076162 0.99849087 -0.00104948226
vn 0.0336805321 0.999432504 -0.000511259772
vn -0.45984599 0.000459229865 0.887998581
vn -0.459811658 0.000365140499 0.888016403
vn -0.459811658 0.000359767582 0.888016403
vn -0.459810972 0.000357662066 0.88801676
vn -0.459811151 0.00036020088 0.888016641
vn -0.459810406 0.000358198828 0.888017058
vn -0.459814787 0.000355665077 0.888014793
vn -0.459810436 0.000358516379 0.888016999
vn -0.459810734 0.000359243044 0.88801688
vn -0.459810078 0.000358118908 0.888017237
vn -0.459810883 0.000360683363 0.88801676
vn -0.45980835 0.000355951575 0.888018131
vn -0.459811151 0.000359499332 0.888016641
vn -0.459812373 0.000361939718 0.888016045
vn -0.459812552 0.000362202438 0.888015926
vn -0.459811181 0.00035918405 0.888016641
vn -0.459810853 0.000358656223 0.88801682
vn -0.459809363 0.000356985081 0.888017595
vn -0.459810078 0.000358239398 0.888017178
vn -0.459812194 0.000360856764 0.888016105
vn -0.459812969 0.000361534825 0.888015687
vn -0.459812671 0.00036112807 0.888015866
vn -0.459810138 0.00035808346 0.888017178
vn -0.459809721 0.000357752288 0.888017416
vn -0.459811866 0.000360425154 0.888016284
vn -0.459810168 0.000359043799 0.888017178
vn -0.45980981 0.000358589547 0.888017356
vn -0.459813744 0.000361785904 0.88801533
vn -0.459812671 0.000360990525 0.888015866
vn -0.459810525 0.000358347344 0.888016999
vn -0.459811658 0.000359115365 0.888016403
vn -0.459811032 0.000358388002 0.888016701
vn -0.459809691 0.000357746321 0.888017416
vn -0.459812433 0.000360360747 0.888015985
vn -0.459810525 0.000359934784 0.888016999
vn -0.459810793 0.000360339036 0.88801682
vn -0.459809631 0.000359598169 0.888017476
vn 0.999998927 -1.12816838e-06 -0.00148243562
vn 0.999998868 -3.0329187e-07 -0.00148662645
vn 0.999998927 3.00037095e-06 -0.00144549343
vn -0.43004185 0.000369155401 0.902808905
vn -0.371490121 -0.0180387143 0.928261638
vn -0.397325665 0.000579552143 0.917677522
vn -0.26675266 0.000232101884 0.963764966
vn -0.304852754 -0.0174166765 0.952240229
vn -0.133481383 -0.00705406768 0.991026223
vn -0.121467233 -0.0115324277 0.992528439
vn -0.19542928 0.00968744513 0.980669975
vn -0.000177583788 0.000197206071 0.99999994
vn -0.000181782976 0.000198896872 0.99999994
vn -0.0112929391 0.00119003304 0.999935508
vn -0.00116980716 -0.0053071985 0.999985218
vn -0.0394803807 0.00757772988 0.999191642
vn -0.000503944233 0.000539865112 0.999999702
vn -6.92949252e-05 0.000515672029 0.999999881
vn -7.92261926e-05 0.000509819249 0.999999881
vn 0.999998927 5.92989963e-05 -0.00146670279
vn 0.999998927 2.2834527e-05 -0.00147706515
vn 0.999998927 1.25032273e-06 -0.00147202134
vn 0.999998927 -3.03245315e-07 -0.00147135684
vn 0.999998927 1.42760573e-05 -0.00147478108
vn 0.999998927 4.6088775e-05 -0.0014725927
vn 0.999998927 4.73155196e-05 -0.00147142587
vn 0.999998927 4.94980231e-05 -0.00147033995
vn -0.988856792 0.0216824934 0.147282317
vn -0.993060112 0.00225409679 0.117586054
vn -0.992738605 0.0179687738 0.118941866
vn -0.992691875 0.0165163558 0.119541168
vn -0.989426851 0.0113237146 0.144590169
vn -0.989574015 0.0187200513 0.142803267
vn -0.987293541 0.00526357209 0.15881972
vn -0.459615856 -0.00098099804 0.888117313
vn -0.459615678 -7.75799563e-05 0.888117909
vn -0.459615588 -0.000981433666 0.888117433
vn -0.459815383 -0.000285703427 0.888014495
vn -0.459825933 -0.000370740599 0.888009012
vn -0.459831804 -0.000282598252 0.888005972
vn -0.459845275 -0.000336390018 0.887998998
vn -0.459845811 -0.000339358288 0.8879987
vn 0.0418010801 -0.999123037 -0.00240290165
vn 0.999715388 -0.0238575339 0.000102475118
vn 0.998402476 -0.0564532131 0.00235032849
vn 0.990417659 -0.138104349 -1.21899448e-05
vn 0.994310558 -0.106519848 3.18804064e-06
vn 0.99724412 -0.0741867647 0.00072861329
vn 0.988538563 -0.150966227 0.000873622193
vn 0.974674165 -0.223623455 -0.00166459626
vn 0.977247775 -0.212100804 -5.03575175e-05
vn 0.955549717 -0.294830054 -9.28520603e-05
vn 0.955586433 -0.294710904 -0.000105106119
vn 0.931432247 -0.363914728 -0.000115964729
vn 0.931385398 -0.364034653 -0.000128675252
vn 0.902357578 -0.430988163 -0.000163702542
vn 0.902367532 -0.430967331 -0.000161473596
vn 0.868676722 -0.495379329 -0.000199826405
vn 0.868688226 -0.495359153 -0.000197639747
vn 0.830678642 -0.556752145 -0.000230416335
vn 0.830500364 -0.557018042 -0.000259582041
vn 0.788415372 -0.61514318 -0.000233387473
vn 0.788218021 -0.615396023 -0.000261753215
vn 0.742923677 -0.669376075 -0.000291229371
vn 0.742914557 -0.669386208 -0.000292368641
vn 0.694813311 -0.719190061 -0.000318353297
vn 0.694806397 -0.719196737 -0.000319132494
vn 0.642711163 -0.766108513 -0.000345472537
vn 0.642540157 -0.766251922 -0.000363434374
vn 0.586750329 -0.809767783 -0.000352253177
vn 0.586559296 -0.809906185 -0.000370499562
vn 0.528228581 -0.849102139 -0.000393362396
vn 0.528135419 -0.849160075 -0.000401540339
vn 0.467440277 -0.88402456 -0.00040617492
vn 0.467339694 -0.884077728 -0.000414356502
vn 0.391652226 -0.920113206 -0.000436620845
vn 0.404773772 -0.914415181 -0.00176004635
vn 0.330081195 -0.943952441 0.000401436235
vn 0.340522349 -0.94023639 -0.000240739071
vn 0.311219096 -0.950338066 -0.000455852598
vn 0.291108251 -0.956690013 -0.000462421478
vn 0.275027394 -0.961436391 7.67603997e-05
vn 0.252213717 -0.967671335 -0.00065919006
vn 0.204589352 -0.978847861 -0.000108998342
vn 0.208656266 -0.977988958 -0.000354283227
vn 0.17708686 -0.984195113 -0.000480875024
vn 0.0336718559 -0.999432802 -0.000500874827
vn 0.0421437211 -0.999111295 -0.000715667789
vn 0.0744756609 -0.997222841 -1.82180393e-05
vn 0.0817975253 -0.996648908 -0.000316310266
vn 0.141664401 -0.989914417 -0.00078877958
vn 0.121009797 -0.992651105 0.000669293746
vn 0.158774734 -0.987314701 -0.000483470591
vn -0.992062151 0.0417956151 0.118599243
vn -0.178806067 0.983290851 -0.0341687016
vn -0.165812388 0.984437644 -0.0582132004
vn -0.137763605 0.987886846 -0.0714196041
vn -0.138881728 0.987697899 -0.071866259
vn -0.173931852 0.98317486 -0.0558112301
vn -0.151013523 0.988059342 -0.0305561367
vn -0.129565716 0.986752808 -0.0976302251
vn -0.101092741 0.994697988 -0.0188725032
vn -0.0841570497 0.956180632 -0.280421555
vn -0.0480833761 0.995804191 -0.0778584927
vn -0.0840132535 0.994879067 -0.0561909564
vn -0.0743343905 0.995542109 -0.0580545366
vn -0.0707743391 0.995752513 -0.0588889234
vn -0.0673189461 0.995935142 -0.0598439984
vn -0.0522643141 0.996539772 -0.0646293759
vn -0.0639366657 0.995537996 -0.0693989247
vn -0.0614483878 0.995755911 -0.0685150102
vn -0.0590606779 0.995954037 -0.0677299351
vn -0.0558994822 0.996195376 -0.0668579265
vn -0.0535949506 0.996356368 -0.0663441643
vn -0.0513209477 0.996505737 -0.0658972263
vn -0.0483634137 0.99668169 -0.0654722899
vn -0.0462057255 0.996796906 -0.0652762875
vn -0.0472673588 0.996742606 -0.0653446391
vn -0.0436943583 0.99725759 -0.0597339496
vn -0.127220333 0.99080956 -0.0459496118
vn -0.114404351 0.99231112 -0.0472262129
vn -0.0868018866 0.99475795 -0.0540555343
vn -0.105735868 0.992765605 -0.0568892099
vn -0.0987174734 0.993540466 -0.05596577
vn -0.124200717 0.991759002 -0.0314374231
vn -0.15160428 0.987259626 -0.048317723
vn -0.134780601 0.98979038 -0.0463587977
vn -0.308391482 0.951111317 0.0167903733
vn -0.238955259 0.97064817 -0.0272495896
vn -0.326474339 0.945201039 -0.00308776344
vn -0.317856789 0.948136985 -0.00181361788
vn -0.248921961 0.968466401 -0.0105181523
vn -0.249467924 0.968271852 -0.0146760652
vn -0.201258019 0.979330182 -0.0201901738
vn -0.445953399 0.894766867 0.0227547139
vn -0.410503715 0.911519706 0.0248693433
vn -0.36952135 0.928961933 0.0219927132
vn -0.909378767 0.398278654 0.120018318
vn -0.892280519 0.421106607 0.162802562
vn -0.928744078 0.347421676 0.129354626
vn -0.936234593 0.311276853 0.163007617
vn -0.949772894 0.283845663 0.131769165
vn -0.954485953 0.241927549 0.174435034
vn -0.972001374 0.216904208 0.0903654173
vn -0.977407396 0.20767583 0.0393131338
vn -0.949102521 0.15519689 0.274077266
vn -0.988184631 0.0432406552 0.147042215
vn -0.987675786 0.0690765306 0.14044565
vn -0.99140054 0.0526680686 0.119795866
vn -0.988871336 0.0799530894 0.125463039
vn -0.990402997 0.069870919 0.11924725
vn -0.987314045 0.109728865 0.114763103
vn -0.983493567 0.141248554 0.113089606
vn -0.983451843 0.141691566 0.11289797
vn -0.97395587 0.19997181 0.106870383
vn -0.969719768 0.218201697 0.109688506
vn -0.963590026 0.246813938 0.102845244
vn -0.957651794 0.26993987 0.100177206
vn -0.950274348 0.295498163 0.0982830822
vn -0.944800556 0.314153016 0.0930577889
vn -0.928044975 0.361057103 0.0914896503
vn -0.91364795 0.398092121 0.0822806507
vn -0.895951033 0.436523646 0.0819687992
vn -0.879095793 0.470876038 0.0739347413
vn -0.860492945 0.504507124 0.0708836988
vn -0.85037303 0.521538258 0.069739677
vn -0.833274424 0.549472332 0.0611059181
vn -0.789317012 0.611567676 0.0544394441
vn -0.772338867 0.633534729 0.0461130776
vn -0.717619658 0.695399463 0.0379688591
vn -0.713502347 0.699626327 0.0379123613
vn -0.675095856 0.737275422 0.0258947928
vn -0.633157432 0.773756921 0.0202963948
vn -0.627442837 0.778402328 0.0201306269
vn -0.574679792 0.818368196 0.00408092467
vn -0.539291024 0.842115045 0.00273518171
vn -0.528095484 0.849184692 -0.000684503058
vn -0.469976246 0.882523298 -0.0165812243
vn -0.455578595 0.890058637 -0.0156119615
vn -0.406528652 0.913298786 -0.024895642
vn -0.383113295 0.922626495 -0.0445479713
vn -0.330668896 0.943323255 -0.0282714199
vn -0.383317649 0.923211038 -0.0273665898
vn -0.206275821 0.976790607 -0.0577091426
vn -0.224204525 0.972873569 -0.05700358
vn -0.290966719 0.955463111 -0.049281016
vn -0.25611645 0.965996802 -0.0354194753
vn -0.28841421 0.956724167 -0.0386799201
vn -0.987033308 0.0737008452 0.142595336
vn -0.982077718 0.11984539 0.145466387
vn -0.980098844 0.141445026 0.139282167
vn -0.977708578 0.156113029 0.140408725
vn -0.966107249 0.218513042 0.137436792
vn -0.968604743 0.20912461 0.134431407
vn -0.946427464 0.296012878 0.12904039
vn -0.950358331 0.283812523 0.127551839
vn -0.924320042 0.361702085 0.121671923
vn -0.930027187 0.347325832 0.120058976
vn -0.892290056 0.437345386 0.112015657
vn -0.900412619 0.420822561 0.110297084
vn -0.846767604 0.522574663 0.0995007008
vn -0.85804522 0.504187167 0.0977430195
vn -0.785716057 0.612856567 0.0840066224
vn -0.80073899 0.593335092 0.0822834074
vn -0.709997177 0.70110327 0.0660168678
vn -0.728947878 0.681535661 0.064374879
vn -0.624016047 0.78002131 0.046591375
vn -0.646458745 0.761617839 0.0450488999
vn -0.535961688 0.843800962 0.0272950865
vn -0.561006725 0.827407718 0.0258446932
vn -0.452064276 0.891937792 0.00921087526
vn -0.47844699 0.87808162 0.00781899691
vn -0.377644181 0.925925493 -0.00684743887
vn -0.404215574 0.914626837 -0.00821551308
vn -0.287078619 0.957596064 -0.0244064033
vn -0.313000739 0.94927007 -0.0302801207
vn -0.884002566 0.44922924 0.129354343
vn -0.855301917 0.503754139 0.121203758
vn -0.854917526 0.504575491 0.120497614
vn -0.802665591 0.58613044 0.110358573
vn -0.797712386 0.593869805 0.104754865
vn -0.739019692 0.666629553 0.0972365737
vn -0.72590065 0.682250857 0.0871898159
vn -0.669424832 0.73835057 0.0819072276
vn -0.643355608 0.762524962 0.0681853965
vn -0.596655607 0.799758554 0.0662444755
vn -0.557686448 0.828532517 0.0501962416
vn -0.520704269 0.852353096 0.0485935286
vn -0.474939734 0.879400015 0.0329829678
vn -0.435935795 0.89944011 0.0311043002
vn -0.401482582 0.915799201 0.0111172702
vn -0.325944185 0.945388794 0.0006874096
vn -0.310738206 0.950382173 -0.0146782212
vn -0.234441951 0.971822977 -0.0244346373
vn -0.0328242742 0.997113943 -0.0684570968
vn -0.0559980124 0.995732725 -0.0733522326
vn -0.0884482116 0.993875146 -0.0662502125
vn -0.0795668364 0.994706929 -0.0650177076
vn -0.128023833 0.989953518 -0.0600156151
vn -0.106988892 0.992735982 -0.0550333038
vn -0.180477902 0.982456803 -0.0469716564
vn -0.152583182 0.987464249 -0.0404065847
vn -0.218399689 0.975310504 -0.0327256806
vn -0.22101672 0.973987281 -0.0500034131
vn -0.198768094 0.979009986 -0.0450632535
vn -0.201865718 0.977334201 -0.0637816563
vn -0.177602127 0.982639849 -0.0536326393
vn -0.111728281 0.991151989 -0.0716557205
vn -0.113859288 0.99089551 -0.0718478858
vn -0.105368957 0.992147326 -0.067387104
vn -0.13985543 0.987196326 -0.0767067894
vn -0.0953008831 0.993769705 -0.0577889122
vn -0.163055062 0.985416412 -0.0486575961
vn -0.158542186 0.987327695 -0.00695272489
vn -0.0989298522 0.994961262 -0.0162794627
vn -0.184780419 0.981456161 -0.0509901308
vn -0.187506706 0.980901182 -0.0517122187
vn -0.0686744303 0.997289777 0.0263984539
vn -0.123915032 0.990053654 0.066624783
vn -0.0698605701 0.99753356 0.00680786604
vn -0.044150766 0.998997629 -0.00737579819
vn -0.045025982 0.998635948 -0.0264369249
vn -0.0151827428 0.998163819 -0.05863823
vn -0.0328583382 0.998242736 -0.0493127443
vn -0.0988278687 0.993910968 -0.0487235263
vn -0.0560011789 0.995791316 -0.0725499243
vn -0.095198676 0.992825031 -0.0723581761
vn -0.0873814672 0.993219733 -0.0766750202
vn -0.114708133 0.990441024 -0.0766070634
vn -0.129958048 0.989789784 -0.0585416555
vn -0.459845841 -0.00048136845 0.887998641
vn -0.45980984 -0.000353032985 0.888017356
vn -0.459810257 -0.00034744179 0.888017118
vn -0.459811717 -0.000351478695 0.888016343
vn -0.459811807 -0.000351571187 0.888016343
vn -0.4598113 -0.000350452756 0.888016582
vn -0.459809691 -0.00034892137 0.888017416
vn -0.459811777 -0.000351775496 0.888016343
vn -0.459812194 -0.000352303206 0.888016105
vn -0.459811658 -0.000351188733 0.888016403
vn -0.459811777 -0.000351303228 0.888016343
vn -0.459806114 -0.0003399243 0.888019264
vn -0.459810883 -0.000348249858 0.88801682
vn -0.45981133 -0.000349695765 0.888016582
vn -0.459812343 -0.000351511902 0.888016045
vn -0.459810108 -0.000348908565 0.888017178
vn -0.459810078 -0.000348833652 0.888017237
vn -0.459812731 -0.000352082076 0.888015866
vn -0.459818602 -0.000363427418 0.888012767
vn -0.459813297 -0.000352384261 0.888015568
vn -0.459809333 -0.000348688889 0.888017595
vn -0.45980984 -0.000349357695 0.888017356
vn -0.459813118 -0.000352169183 0.888015628
vn -0.459809303 -0.000347608904 0.888017595
vn -0.459807247 -0.000347206427 0.888018668
vn -0.459812373 -0.000350837508 0.888016045
vn -0.459811717 -0.00035014702 0.888016343
vn -0.459812433 -0.000350672432 0.888015985
vn -0.459806383 -0.000346217799 0.888019145
vn -0.459812939 -0.000351601717 0.888015747
vn -0.459810495 -0.000350489398 0.888016999
vn -0.459809572 -0.000349806563 0.888017476
vn -0.459809095 -0.000350105314 0.888017714
vn -0.459810734 -0.000350330956 0.88801688
vn -0.459809661 -0.000349672569 0.888017416
vn -0.459810942 -0.000349986571 0.88801676
vn -0.459812999 -0.000351393741 0.888015687
vn 0.999998927 -2.39147425e-06 -0.0014455053
vn 0.999998927 5.31799969e-07 -0.00148190616
vn 0.999998868 -1.27060858e-07 -0.00148525333
vn -0.435393542 -0.000359903614 0.900240183
vn -0.395838857 -0.00546399457 0.918303728
vn -0.345498174 0.00523145311 0.938404858
vn -0.26436761 -0.00609043334 0.964402735
vn -0.208766788 0.00593508361 0.977947474
vn -0.127127782 -0.00693911826 0.991862059
vn -0.128403857 -0.00723738829 0.991695583
vn -0.0175261367 0.0127776992 0.99976474
vn -3.63891668e-05 -0.000505021657 0.999999881
vn -7.37045339e-05 -0.000512509025 0.999999881
vn -0.000254267128 -0.000585786591 0.999999821
vn -0.00017311667 -0.000535709318 0.999999821
vn -0.000425003993 -0.000746080477 0.999999642
vn 0.000386488042 -0.00105657883 0.999999344
vn -0.0502882712 -0.0112713696 0.998671114
vn -6.69234068e-05 -0.000516960456 0.999999881
vn -4.63967881e-05 -0.000532455451 0.999999881
vn -6.62096063e-05 -0.000521133305 0.999999881
vn -8.32523729e-05 -0.000512978295 0.999999881
vn -9.43691193e-05 -0.000509756152 0.999999881
vn -0.00014213509 -0.000505116303 0.999999881
vn -3.16576079e-05 -0.000501879258 0.999999881
vn -4.30500731e-05 -0.00050541613 0.999999881
vn -6.19698112e-05 -0.000513592211 0.999999881
vn 0.999998927 5.31854539e-07 -0.00147137081
vn 0.999998927 -4.69281913e-05 -0.00144472509
vn 0.999998927 -4.39587202e-05 -0.00147559948
vn 0.999998927 -4.79718074e-05 -0.00147154729
vn 0.999998927 -5.09025012e-05 -0.00146999955
vn 0.999998927 -3.07679184e-05 -0.00147724326
vn 0.999998927 4.96170514e-06 -0.00147067721
vn 0.999998927 -1.44491906e-07 -0.00147187035

# Mesh '' with 3852 faces
usemtl DefaultMaterial
f  1//1 2//1 3//1
f  3//2 2//2 4//2
f  3//3 4//3 5//3
f  6//4 7//4 8//4
f  6//4 8//4 9//4
f  9//5 8//5 10//5
f  9//6 10//6 11//6
f  11//7 10//7 12//7
f  11//7 12//7 13//7
f  13//8 12//8 14//8
f  13//9 14//9 15//9
f  15//10 14//10 16//10
f  15//11 16//11 17//11
f  17//12 16//12 18//12
f  17//12 18//12 19//12
f  19//13 18//13 20//13
f  19//14 20//14 21//14
f  21//15 20//15 22//15
f  21//16 22//16 23//16
f  24//17 25//17 26//17
f  24//18 26//18 27//18
f  27//19 26//19 28//19
f  27//20 28//20 29//20
f  30//21 31//21 32//21
f  33//22 34//22 30//22
f  33//23 30//23 35//23
f  35//24 30//24 32//24
f  35//25 32//25 36//25
f  36//26 32//26 24//26
f  36//27 24//27 27//27
f  37//28 38//28 39//28
f  39//29 38//29 40//29
f  39//30 40//30 41//30
f  41//31 40//31 42//31
f  43//32 44//32 45//32
f  43//33 45//33 46//33
f  46//34 45//34 47//34
f  47//35 45//35 48//35
f  47//36 48//36 49//36
f  50//37 42//37 40//37
f  49//38 48//38 51//38
f  51//39 48//39 50//39
f  51//40 50//40 52//40
f  52//41 50//41 40//41
f  52//42 40//42 38//42
f  53//43 54//43 55//43
f  56//44 57//44 53//44
f  53//45 57//45 58//45
f  53//46 58//46 54//46
f  56//47 53//47 59//47
f  59//48 53//48 60//48
f  59//49 60//49 61//49
f  62//50 63//50 61//50
f  64//51 65//51 63//51
f  62//52 66//52 67//52
f  63//53 62//53 64//53
f  64//54 62//54 67//54
f  64//55 67//55 68//55
f  61//56 60//56 62//56
f  62//57 60//57 69//57
f  62//58 69//58 66//58
f  55//59 70//59 53//59
f  53//60 70//60 71//60
f  53//61 71//61 60//61
f  60//62 71//62 72//62
f  60//63 72//63 69//63
f  31//64 30//64 73//64
f  73//65 30//65 74//65
f  73//66 74//66 75//66
f  75//67 74//67 76//67
f  75//68 76//68 77//68
f  77//69 76//69 78//69
f  77//70 78//70 68//70
f  68//71 78//71 64//71
f  64//72 78//72 79//72
f  64//73 79//73 65//73
f  30//74 34//74 74//74
f  74//75 34//75 80//75
f  74//76 80//76 76//76
f  76//77 80//77 81//77
f  76//78 81//78 78//78
f  78//79 81//79 82//79
f  78//80 82//80 79//80
f  83//81 84//81 85//81
f  86//82 87//82 88//82
f  89//83 90//83 91//83
f  92//84 89//84 93//84
f  93//85 89//85 91//85
f  93//86 91//86 94//86
f  94//87 91//87 88//87
f  94//88 88//88 95//88
f  95//89 88//89 87//89
f  96//90 97//90 98//90
f  98//91 97//91 85//91
f  98//92 85//92 99//92
f  100//93 101//93 102//93
f  102//94 101//94 103//94
f  102//95 103//95 104//95
f  84//96 100//96 85//96
f  85//97 100//97 102//97
f  85//98 102//98 99//98
f  99//99 102//99 104//99
f  99//100 104//100 105//100
f  90//101 83//101 91//101
f  91//102 83//102 85//102
f  91//103 85//103 88//103
f  88//104 85//104 97//104
f  88//105 97//105 86//105
f  86//106 97//106 96//106
f  101//107 106//107 103//107
f  103//108 106//108 107//108
f  103//109 107//109 104//109
f  104//110 107//110 108//110
f  104//111 108//111 105//111
f  105//112 108//112 109//112
f  44//113 43//113 110//113
f  110//114 43//114 111//114
f  110//115 111//115 112//115
f  112//116 111//116 113//116
f  112//117 113//117 114//117
f  115//118 113//118 116//118
f  116//119 113//119 111//119
f  116//120 111//120 117//120
f  117//121 111//121 43//121
f  117//122 43//122 46//122
f  118//123 119//123 120//123
f  118//124 120//124 121//124
f  122//125 93//125 94//125
f  123//126 92//126 93//126
f  93//127 122//127 123//127
f  123//128 122//128 124//128
f  123//129 124//129 115//129
f  119//130 114//130 113//130
f  95//131 121//131 94//131
f  94//132 121//132 120//132
f  94//133 120//133 122//133
f  122//134 120//134 119//134
f  122//135 119//135 124//135
f  124//136 119//136 113//136
f  124//137 113//137 115//137
f  125//138 126//138 127//138
f  127//139 126//139 128//139
f  128//140 126//140 129//140
f  129//141 126//141 130//141
f  129//142 130//142 131//142
f  132//143 133//143 130//143
f  133//144 134//144 130//144
f  130//145 134//145 135//145
f  130//146 135//146 131//146
f  131//147 135//147 136//147
f  131//148 136//148 137//148
f  138//149 55//149 139//149
f  139//150 55//150 54//150
f  139//151 54//151 140//151
f  140//152 54//152 58//152
f  140//153 141//153 139//153
f  139//154 141//154 142//154
f  139//155 142//155 138//155
f  138//156 142//156 143//156
f  125//157 143//157 126//157
f  126//158 143//158 142//158
f  126//159 142//159 130//159
f  130//160 142//160 141//160
f  130//161 141//161 132//161
f  132//162 141//162 140//162
f  132//163 140//163 144//163
f  144//164 140//164 58//164
f  144//165 58//165 57//165
f  57//166 145//166 144//166
f  144//167 145//167 146//167
f  144//168 146//168 132//168
f  57//169 147//169 145//169
f  145//170 147//170 148//170
f  149//171 150//171 151//171
f  149//172 151//172 147//172
f  147//173 151//173 152//173
f  147//174 152//174 148//174
f  150//175 149//175 153//175
f  153//176 149//176 154//176
f  153//177 154//177 155//177
f  63//178 65//178 156//178
f  147//179 61//179 149//179
f  149//180 61//180 63//180
f  149//181 63//181 154//181
f  154//182 63//182 156//182
f  154//183 156//183 155//183
f  155//184 156//184 157//184
f  57//185 56//185 147//185
f  147//186 56//186 59//186
f  147//187 59//187 61//187
f  158//188 157//188 156//188
f  159//189 160//189 161//189
f  161//190 160//190 162//190
f  163//191 164//191 165//191
f  163//192 166//192 167//192
f  167//193 166//193 168//193
f  167//194 168//194 159//194
f  169//195 164//195 170//195
f  170//196 164//196 171//196
f  170//197 171//197 172//197
f  169//198 173//198 164//198
f  164//199 173//199 174//199
f  164//200 174//200 165//200
f  165//201 174//201 175//201
f  165//202 175//202 163//202
f  163//203 175//203 176//203
f  163//204 176//204 166//204
f  177//205 80//205 178//205
f  178//206 80//206 34//206
f  178//207 34//207 179//207
f  81//208 180//208 82//208
f  82//209 180//209 181//209
f  82//210 181//210 79//210
f  79//211 181//211 182//211
f  79//212 182//212 65//212
f  65//213 182//213 161//213
f  65//214 161//214 156//214
f  156//215 161//215 162//215
f  156//216 162//216 158//216
f  81//217 80//217 180//217
f  180//218 80//218 177//218
f  180//219 177//219 181//219
f  181//220 177//220 183//220
f  181//221 183//221 182//221
f  182//222 183//222 184//222
f  182//223 184//223 161//223
f  159//224 161//224 167//224
f  167//225 161//225 184//225
f  167//226 184//226 163//226
f  163//227 184//227 183//227
f  163//228 183//228 185//228
f  185//229 183//229 177//229
f  185//230 177//230 186//230
f  186//231 177//231 178//231
f  186//232 178//232 187//232
f  187//233 178//233 179//233
f  187//234 179//234 188//234
f  189//235 190//235 191//235
f  191//236 190//236 192//236
f  191//237 192//237 193//237
f  192//238 194//238 195//238
f  193//239 192//239 196//239
f  196//240 192//240 195//240
f  196//241 195//241 197//241
f  194//242 192//242 198//242
f  198//243 192//243 190//243
f  198//244 190//244 199//244
f  199//245 190//245 200//245
f  199//246 200//246 201//246
f  201//247 200//247 202//247
f  202//248 200//248 203//248
f  202//249 203//249 204//249
f  205//250 206//250 207//250
f  207//251 206//251 208//251
f  207//252 208//252 203//252
f  203//253 208//253 209//253
f  203//254 209//254 204//254
f  210//255 211//255 212//255
f  185//256 186//256 210//256
f  212//257 205//257 210//257
f  210//258 205//258 207//258
f  210//259 207//259 185//259
f  185//260 207//260 203//260
f  185//261 203//261 163//261
f  163//262 203//262 200//262
f  163//263 200//263 164//263
f  164//264 200//264 190//264
f  164//265 190//265 171//265
f  171//266 190//266 189//266
f  171//267 189//267 172//267
f  213//268 214//268 105//268
f  105//269 214//269 215//269
f  105//270 215//270 99//270
f  99//271 215//271 98//271
f  98//272 215//272 96//272
f  96//273 215//273 216//273
f  96//274 216//274 86//274
f  217//275 218//275 219//275
f  95//276 87//276 220//276
f  220//277 87//277 219//277
f  220//278 219//278 221//278
f  221//279 219//279 218//279
f  221//280 218//280 222//280
f  214//281 223//281 215//281
f  215//282 223//282 217//282
f  215//283 217//283 216//283
f  216//284 217//284 219//284
f  216//285 219//285 86//285
f  86//286 219//286 87//286
f  213//287 105//287 224//287
f  224//288 105//288 109//288
f  128//289 129//289 225//289
f  107//290 225//290 226//290
f  107//291 226//291 108//291
f  108//292 226//292 227//292
f  108//293 227//293 109//293
f  131//294 137//294 228//294
f  131//295 228//295 129//295
f  129//296 228//296 229//296
f  129//297 229//297 225//297
f  225//298 229//298 230//298
f  225//299 230//299 226//299
f  226//300 230//300 231//300
f  226//301 231//301 227//301
f  127//302 128//302 232//302
f  232//303 128//303 225//303
f  232//304 225//304 233//304
f  233//305 225//305 107//305
f  233//306 107//306 106//306
f  234//307 196//307 197//307
f  235//308 236//308 237//308
f  237//309 236//309 238//309
f  237//310 238//310 239//310
f  239//311 238//311 240//311
f  240//312 238//312 241//312
f  241//313 238//313 242//313
f  241//314 242//314 243//314
f  244//315 245//315 236//315
f  236//316 245//316 246//316
f  236//317 246//317 238//317
f  238//318 246//318 247//318
f  238//319 247//319 242//319
f  244//320 236//320 248//320
f  248//321 236//321 249//321
f  248//322 249//322 250//322
f  250//323 249//323 251//323
f  250//324 251//324 252//324
f  235//325 253//325 236//325
f  236//326 253//326 254//326
f  236//327 254//327 249//327
f  249//328 254//328 255//328
f  249//329 255//329 251//329
f  251//330 255//330 256//330
f  251//331 256//331 257//331
f  257//332 256//332 258//332
f  257//333 258//333 234//333
f  197//334 259//334 234//334
f  234//335 259//335 260//335
f  234//336 260//336 257//336
f  257//337 260//337 261//337
f  257//338 261//338 251//338
f  251//339 261//339 262//339
f  251//340 262//340 252//340
f  263//341 264//341 265//341
f  266//342 255//342 254//342
f  119//343 118//343 263//343
f  221//344 222//344 267//344
f  267//345 268//345 269//345
f  264//346 95//346 220//346
f  263//347 118//347 264//347
f  264//348 118//348 121//348
f  264//349 121//349 95//349
f  112//350 114//350 270//350
f  270//351 114//351 271//351
f  270//352 271//352 272//352
f  273//353 44//353 110//353
f  274//354 275//354 273//354
f  273//355 275//355 276//355
f  273//356 276//356 44//356
f  110//357 112//357 273//357
f  273//358 112//358 270//358
f  273//359 270//359 274//359
f  274//360 270//360 240//360
f  240//361 270//361 239//361
f  239//362 270//362 272//362
f  239//363 272//363 237//363
f  266//364 254//364 277//364
f  268//365 278//365 269//365
f  269//366 278//366 279//366
f  269//367 279//367 280//367
f  279//368 281//368 280//368
f  280//369 281//369 282//369
f  280//370 282//370 283//370
f  283//371 282//371 284//371
f  283//372 284//372 285//372
f  285//373 284//373 286//373
f  285//374 286//374 287//374
f  221//375 267//375 220//375
f  220//376 267//376 269//376
f  220//377 269//377 264//377
f  264//378 269//378 280//378
f  264//379 280//379 265//379
f  265//380 280//380 283//380
f  265//381 283//381 288//381
f  114//382 119//382 271//382
f  271//383 119//383 263//383
f  271//384 263//384 272//384
f  272//385 263//385 265//385
f  272//386 265//386 237//386
f  237//387 265//387 288//387
f  237//388 288//388 235//388
f  235//389 288//389 283//389
f  235//390 283//390 253//390
f  253//391 283//391 285//391
f  253//392 285//392 254//392
f  254//393 285//393 287//393
f  254//394 287//394 277//394
f  289//395 290//395 291//395
f  289//396 292//396 290//396
f  290//397 292//397 293//397
f  290//398 293//398 136//398
f  136//399 293//399 137//399
f  294//400 295//400 145//400
f  145//401 295//401 296//401
f  145//402 296//402 291//402
f  291//403 296//403 297//403
f  291//404 297//404 289//404
f  134//405 133//405 298//405
f  298//406 133//406 132//406
f  298//407 132//407 146//407
f  146//408 145//408 298//408
f  298//409 145//409 291//409
f  298//410 291//410 134//410
f  134//411 291//411 290//411
f  134//412 290//412 135//412
f  135//413 290//413 136//413
f  145//414 148//414 294//414
f  294//415 148//415 299//415
f  148//416 152//416 299//416
f  299//417 152//417 151//417
f  299//418 151//418 300//418
f  300//419 151//419 150//419
f  300//420 150//420 301//420
f  301//421 150//421 153//421
f  301//422 153//422 302//422
f  302//423 153//423 155//423
f  302//424 155//424 303//424
f  303//425 155//425 157//425
f  304//426 305//426 306//426
f  303//427 157//427 307//427
f  307//428 157//428 158//428
f  307//429 158//429 308//429
f  308//430 158//430 162//430
f  308//431 162//431 306//431
f  306//432 162//432 160//432
f  306//433 160//433 304//433
f  304//434 160//434 159//434
f  169//435 170//435 309//435
f  309//436 170//436 172//436
f  310//437 305//437 304//437
f  311//438 312//438 310//438
f  313//439 314//439 315//439
f  315//440 314//440 316//440
f  315//441 316//441 311//441
f  311//442 316//442 317//442
f  311//443 317//443 312//443
f  318//444 319//444 313//444
f  313//445 319//445 320//445
f  313//446 320//446 314//446
f  173//447 169//447 313//447
f  313//448 169//448 309//448
f  313//449 309//449 318//449
f  318//450 309//450 172//450
f  318//451 172//451 321//451
f  168//452 166//452 311//452
f  311//453 166//453 176//453
f  311//454 176//454 315//454
f  315//455 176//455 175//455
f  315//456 175//456 313//456
f  313//457 175//457 174//457
f  313//458 174//458 173//458
f  310//459 304//459 311//459
f  311//460 304//460 159//460
f  311//461 159//461 168//461
f  196//462 322//462 193//462
f  193//463 322//463 323//463
f  321//464 172//464 324//464
f  324//465 172//465 189//465
f  324//466 189//466 325//466
f  323//467 326//467 193//467
f  193//468 326//468 327//468
f  193//469 327//469 191//469
f  191//470 327//470 328//470
f  191//471 328//471 189//471
f  189//472 328//472 329//472
f  189//473 329//473 325//473
f  222//474 330//474 267//474
f  267//475 330//475 331//475
f  267//476 331//476 268//476
f  268//477 331//477 332//477
f  268//478 332//478 278//478
f  278//479 332//479 333//479
f  333//480 334//480 278//480
f  278//481 334//481 335//481
f  278//482 335//482 279//482
f  213//483 336//483 214//483
f  214//484 336//484 337//484
f  214//485 337//485 223//485
f  338//486 330//486 222//486
f  337//487 339//487 223//487
f  223//488 339//488 340//488
f  223//489 340//489 217//489
f  217//490 340//490 338//490
f  217//491 338//491 218//491
f  218//492 338//492 222//492
f  341//493 336//493 213//493
f  293//494 292//494 342//494
f  228//495 137//495 293//495
f  228//496 293//496 229//496
f  229//497 293//497 342//497
f  229//498 342//498 343//498
f  343//499 344//499 345//499
f  109//500 227//500 345//500
f  345//501 227//501 231//501
f  345//502 231//502 343//502
f  343//503 231//503 230//503
f  343//504 230//504 229//504
f  341//505 213//505 346//505
f  342//506 347//506 343//506
f  343//507 347//507 346//507
f  343//508 346//508 344//508
f  344//509 346//509 213//509
f  344//510 213//510 345//510
f  345//511 213//511 224//511
f  345//512 224//512 109//512
f  348//513 292//513 289//513
f  289//514 297//514 348//514
f  348//515 297//515 296//515
f  348//516 296//516 349//516
f  300//517 301//517 350//517
f  301//518 302//518 350//518
f  350//519 302//519 303//519
f  350//520 303//520 307//520
f  307//521 308//521 350//521
f  350//522 308//522 306//522
f  350//523 306//523 305//523
f  296//524 295//524 349//524
f  349//525 295//525 294//525
f  349//526 294//526 350//526
f  350//527 294//527 299//527
f  350//528 299//528 300//528
f  318//529 349//529 319//529
f  319//530 349//530 350//530
f  319//531 350//531 320//531
f  318//532 321//532 349//532
f  349//533 321//533 324//533
f  349//534 324//534 325//534
f  305//535 310//535 350//535
f  350//536 310//536 312//536
f  350//537 312//537 317//537
f  317//538 316//538 350//538
f  350//539 316//539 314//539
f  350//540 314//540 320//540
f  327//541 348//541 328//541
f  328//542 348//542 349//542
f  328//543 349//543 329//543
f  329//544 349//544 325//544
f  327//545 326//545 348//545
f  348//546 326//546 323//546
f  348//547 323//547 322//547
f  322//548 196//548 351//548
f  351//549 196//549 234//549
f  351//550 234//550 352//550
f  352//551 234//551 353//551
f  353//552 234//552 354//552
f  354//553 234//553 258//553
f  354//554 258//554 355//554
f  355//555 258//555 256//555
f  355//556 256//556 356//556
f  255//557 357//557 256//557
f  256//558 357//558 358//558
f  256//559 358//559 356//559
f  335//560 334//560 359//560
f  335//561 359//561 360//561
f  361//562 284//562 360//562
f  360//563 284//563 282//563
f  360//564 282//564 335//564
f  335//565 282//565 281//565
f  335//566 281//566 279//566
f  277//567 287//567 361//567
f  361//568 287//568 286//568
f  361//569 286//569 284//569
f  357//570 255//570 362//570
f  357//571 362//571 363//571
f  363//572 362//572 364//572
f  363//573 364//573 365//573
f  255//574 266//574 362//574
f  362//575 266//575 277//575
f  362//576 277//576 364//576
f  364//577 277//577 361//577
f  364//578 361//578 365//578
f  365//579 361//579 366//579
f  359//580 367//580 360//580
f  360//581 367//581 368//581
f  360//582 368//582 361//582
f  361//583 368//583 369//583
f  361//584 369//584 366//584
f  339//585 337//585 370//585
f  371//586 372//586 341//586
f  371//587 341//587 373//587
f  341//588 346//588 373//588
f  373//589 346//589 347//589
f  373//590 347//590 348//590
f  348//591 347//591 342//591
f  348//592 342//592 292//592
f  370//593 337//593 372//593
f  372//594 337//594 336//594
f  372//595 336//595 341//595
f  370//596 334//596 333//596
f  333//597 332//597 370//597
f  370//598 332//598 331//598
f  370//599 331//599 330//599
f  330//600 338//600 370//600
f  370//601 338//601 340//601
f  370//602 340//602 339//602
f  348//603 322//603 351//603
f  369//604 368//604 370//604
f  363//605 365//605 370//605
f  370//606 365//606 366//606
f  370//607 366//607 369//607
f  368//608 367//608 370//608
f  370//609 367//609 359//609
f  370//610 359//610 334//610
f  372//611 358//611 370//611
f  370//612 358//612 357//612
f  370//613 357//613 363//613
f  351//614 352//614 348//614
f  348//615 352//615 353//615
f  348//616 353//616 373//616
f  373//617 353//617 354//617
f  373//618 354//618 371//618
f  371//619 354//619 355//619
f  371//620 355//620 372//620
f  372//621 355//621 356//621
f  372//622 356//622 358//622
f  18//623 16//623 374//623
f  374//624 16//624 14//624
f  14//625 12//625 374//625
f  374//626 12//626 10//626
f  374//627 10//627 8//627
f  8//628 7//628 374//628
f  374//629 7//629 375//629
f  374//630 375//630 376//630
f  377//631 22//631 374//631
f  374//632 22//632 20//632
f  374//633 20//633 18//633
f  376//634 378//634 374//634
f  374//635 378//635 379//635
f  374//636 379//636 380//636
f  380//637 379//637 381//637
f  380//638 381//638 382//638
f  383//639 377//639 374//639
f  383//639 374//639 384//639
f  384//640 374//640 380//640
f  384//641 380//641 385//641
f  385//642 380//642 382//642
f  385//642 382//642 386//642
f  386//643 382//643 381//643
f  386//644 381//644 387//644
f  387//645 381//645 379//645
f  387//646 379//646 388//646
f  388//647 379//647 378//647
f  388//648 378//648 389//648
f  389//649 378//649 376//649
f  389//650 376//650 390//650
f  390//651 376//651 375//651
f  390//652 375//652 391//652
f  392//653 393//653 394//653
f  395//654 396//654 397//654
f  397//655 396//655 398//655
f  397//656 398//656 399//656
f  400//657 401//657 402//657
f  397//658 403//658 404//658
f  402//659 401//659 405//659
f  406//660 407//660 408//660
f  403//661 397//661 409//661
f  409//662 397//662 410//662
f  409//663 410//663 411//663
f  408//664 395//664 406//664
f  406//665 395//665 397//665
f  406//666 397//666 412//666
f  412//667 397//667 404//667
f  412//668 404//668 413//668
f  394//669 414//669 402//669
f  402//670 414//670 415//670
f  402//671 415//671 400//671
f  416//672 417//672 418//672
f  2//673 1//673 416//673
f  416//674 1//674 419//674
f  416//675 419//675 420//675
f  420//676 419//676 421//676
f  393//677 422//677 394//677
f  394//678 422//678 423//678
f  394//679 423//679 414//679
f  2//680 416//680 394//680
f  394//681 416//681 418//681
f  394//682 418//682 424//682
f  406//683 425//683 426//683
f  412//684 427//684 406//684
f  406//685 427//685 428//685
f  406//686 428//686 429//686
f  429//687 428//687 430//687
f  429//688 430//688 431//688
f  431//689 430//689 405//689
f  431//690 405//690 432//690
f  432//691 405//691 401//691
f  397//692 433//692 410//692
f  410//693 433//693 434//693
f  410//694 434//694 435//694
f  426//695 436//695 406//695
f  406//696 436//696 437//696
f  406//697 437//697 407//697
f  424//698 438//698 394//698
f  394//699 438//699 439//699
f  394//700 439//700 440//700
f  406//701 441//701 425//701
f  425//702 441//702 442//702
f  425//703 442//703 443//703
f  444//704 445//704 446//704
f  446//705 445//705 447//705
f  446//706 447//706 448//706
f  448//707 447//707 449//707
f  448//708 449//708 450//708
f  450//709 449//709 451//709
f  450//710 451//710 452//710
f  452//711 451//711 453//711
f  452//712 453//712 454//712
f  454//713 453//713 455//713
f  454//714 455//714 421//714
f  421//715 455//715 456//715
f  421//716 456//716 420//716
f  440//717 457//717 394//717
f  394//718 457//718 458//718
f  394//719 458//719 459//719
f  460//720 461//720 462//720
f  462//721 461//721 463//721
f  443//722 464//722 425//722
f  425//723 464//723 461//723
f  425//724 461//724 465//724
f  465//725 461//725 460//725
f  435//726 466//726 410//726
f  410//727 466//727 467//727
f  410//728 467//728 468//728
f  468//729 467//729 469//729
f  468//730 469//730 470//730
f  470//731 469//731 471//731
f  470//732 471//732 472//732
f  472//733 471//733 473//733
f  472//734 473//734 444//734
f  444//735 473//735 474//735
f  444//736 474//736 445//736
f  475//737 476//737 394//737
f  394//738 476//738 477//738
f  394//739 477//739 392//739
f  459//740 478//740 394//740
f  394//741 478//741 479//741
f  394//742 479//742 475//742
f  480//743 481//743 482//743
f  483//744 484//744 416//744
f  416//745 484//745 485//745
f  416//746 485//746 417//746
f  486//747 487//747 23//747
f  488//748 489//748 490//748
f  490//749 489//749 491//749
f  482//750 492//750 480//750
f  480//751 492//751 493//751
f  480//752 493//752 483//752
f  483//753 493//753 494//753
f  483//754 494//754 484//754
f  495//755 496//755 481//755
f  481//756 496//756 497//756
f  481//757 497//757 482//757
f  482//758 497//758 498//758
f  482//759 498//759 499//759
f  488//760 500//760 489//760
f  489//761 500//761 501//761
f  489//762 501//762 502//762
f  503//763 504//763 21//763
f  399//764 505//764 397//764
f  397//765 505//765 506//765
f  397//766 506//766 507//766
f  507//767 506//767 508//767
f  507//768 508//768 491//768
f  491//769 508//769 509//769
f  491//770 509//770 490//770
f  23//771 487//771 21//771
f  21//772 487//772 510//772
f  21//773 510//773 503//773
f  23//774 511//774 512//774
f  11//775 13//775 513//775
f  513//776 13//776 15//776
f  513//777 15//777 514//777
f  514//778 15//778 17//778
f  514//779 17//779 19//779
f  504//780 515//780 21//780
f  21//781 515//781 516//781
f  21//782 516//782 19//782
f  19//783 516//783 499//783
f  19//784 499//784 514//784
f  514//785 499//785 498//785
f  511//786 23//786 517//786
f  517//787 23//787 383//787
f  517//788 383//788 518//788
f  384//789 519//789 520//789
f  519//790 384//790 521//790
f  512//791 522//791 23//791
f  23//792 522//792 523//792
f  23//793 523//793 486//793
f  520//794 524//794 384//794
f  384//795 524//795 525//795
f  384//796 525//796 383//796
f  383//797 525//797 526//797
f  383//798 526//798 518//798
f  527//799 528//799 389//799
f  521//800 384//800 529//800
f  529//801 384//801 385//801
f  529//802 385//802 530//802
f  386//803 531//803 385//803
f  385//804 531//804 532//804
f  532//805 533//805 385//805
f  385//806 533//806 534//806
f  385//807 534//807 530//807
f  535//808 536//808 387//808
f  387//809 536//809 537//809
f  387//810 537//810 386//810
f  386//811 537//811 538//811
f  386//812 538//812 531//812
f  539//813 540//813 6//813
f  6//814 540//814 541//814
f  6//815 541//815 391//815
f  391//816 541//816 542//816
f  391//817 542//817 543//817
f  544//818 9//818 545//818
f  545//819 9//819 11//819
f  545//820 11//820 488//820
f  488//821 11//821 513//821
f  488//822 513//822 500//822
f  535//823 387//823 546//823
f  546//824 387//824 388//824
f  546//825 388//825 547//825
f  390//826 548//826 389//826
f  389//827 548//827 549//827
f  389//828 549//828 527//828
f  543//829 550//829 391//829
f  391//830 550//830 551//830
f  391//831 551//831 390//831
f  390//832 551//832 552//832
f  390//833 552//833 553//833
f  544//834 554//834 9//834
f  9//835 554//835 555//835
f  9//836 555//836 556//836
f  556//837 557//837 9//837
f  9//838 557//838 558//838
f  9//839 558//839 6//839
f  6//840 558//840 559//840
f  6//841 559//841 539//841
f  528//842 560//842 389//842
f  389//843 560//843 561//843
f  389//844 561//844 562//844
f  562//845 563//845 389//845
f  389//846 563//846 564//846
f  389//847 564//847 388//847
f  388//848 564//848 565//848
f  388//849 565//849 547//849
f  553//850 566//850 390//850
f  390//851 566//851 567//851
f  390//852 567//852 548//852
f  568//853 569//853 570//853
f  570//854 569//854 486//854
f  570//855 486//855 571//855
f  571//856 486//856 523//856
f  571//857 523//857 572//857
f  572//858 523//858 522//858
f  572//859 522//859 573//859
f  574//860 575//860 576//860
f  576//861 577//861 574//861
f  574//862 577//862 578//862
f  574//863 578//863 579//863
f  424//864 418//864 580//864
f  576//865 438//865 577//865
f  577//866 438//866 424//866
f  577//867 424//867 578//867
f  578//868 424//868 580//868
f  578//869 580//869 579//869
f  581//870 479//870 478//870
f  582//871 431//871 583//871
f  583//872 431//872 432//872
f  583//873 432//873 584//873
f  423//874 585//874 414//874
f  414//875 585//875 586//875
f  414//876 586//876 415//876
f  415//877 586//877 587//877
f  415//878 587//878 400//878
f  400//879 587//879 584//879
f  400//880 584//880 401//880
f  401//881 584//881 432//881
f  422//882 588//882 423//882
f  423//883 588//883 589//883
f  423//884 589//884 585//884
f  479//885 581//885 475//885
f  475//886 581//886 590//886
f  475//887 590//887 476//887
f  422//888 393//888 588//888
f  588//889 393//889 392//889
f  588//890 392//890 591//890
f  591//891 392//891 477//891
f  591//892 477//892 592//892
f  592//893 477//893 476//893
f  592//894 476//894 593//894
f  593//895 476//895 590//895
f  594//896 595//896 458//896
f  458//897 595//897 596//897
f  458//898 596//898 459//898
f  459//899 596//899 597//899
f  459//900 597//900 478//900
f  478//901 597//901 598//901
f  478//902 598//902 581//902
f  438//903 576//903 439//903
f  439//904 576//904 440//904
f  458//905 457//905 594//905
f  594//906 457//906 440//906
f  594//907 440//907 599//907
f  599//908 440//908 576//908
f  599//909 576//909 575//909
f  600//910 601//910 602//910
f  602//911 603//911 600//911
f  600//912 603//912 604//912
f  600//913 604//913 605//913
f  599//914 606//914 607//914
f  608//915 609//915 610//915
f  611//916 588//916 612//916
f  612//917 588//917 591//917
f  612//918 591//918 613//918
f  613//919 591//919 592//919
f  592//920 593//920 613//920
f  613//921 593//921 590//921
f  613//922 590//922 614//922
f  614//923 590//923 581//923
f  614//924 581//924 615//924
f  616//925 595//925 607//925
f  607//926 595//926 594//926
f  607//927 594//927 599//927
f  617//928 580//928 618//928
f  618//929 580//929 619//929
f  618//930 619//930 620//930
f  620//931 619//931 621//931
f  620//932 621//932 622//932
f  608//933 610//933 623//933
f  624//934 625//934 601//934
f  601//935 625//935 626//935
f  601//936 626//936 602//936
f  627//937 628//937 629//937
f  581//938 598//938 615//938
f  615//939 598//939 597//939
f  615//940 597//940 616//940
f  616//941 597//941 596//941
f  616//942 596//942 595//942
f  604//943 630//943 605//943
f  605//944 630//944 631//944
f  605//945 631//945 632//945
f  632//946 631//946 633//946
f  632//947 633//947 628//947
f  628//948 633//948 634//948
f  628//949 634//949 629//949
f  635//950 586//950 636//950
f  636//951 586//951 585//951
f  636//952 585//952 611//952
f  611//953 585//953 589//953
f  611//954 589//954 588//954
f  599//955 575//955 606//955
f  606//956 575//956 574//956
f  606//957 574//957 617//957
f  617//958 574//958 579//958
f  617//959 579//959 580//959
f  637//960 638//960 639//960
f  639//961 640//961 637//961
f  637//962 640//962 641//962
f  637//963 641//963 624//963
f  624//964 641//964 642//964
f  624//965 642//965 625//965
f  610//966 643//966 623//966
f  623//967 643//967 644//967
f  623//968 644//968 645//968
f  645//969 644//969 646//969
f  645//970 646//970 638//970
f  638//971 646//971 647//971
f  638//972 647//972 639//972
f  648//973 583//973 649//973
f  649//974 583//974 584//974
f  649//975 584//975 635//975
f  635//976 584//976 587//976
f  635//977 587//977 586//977
f  629//978 650//978 627//978
f  627//979 650//979 651//979
f  627//980 651//980 652//980
f  652//981 651//981 653//981
f  652//982 653//982 654//982
f  654//983 653//983 655//983
f  654//984 655//984 648//984
f  648//985 655//985 582//985
f  648//986 582//986 583//986
f  647//987 656//987 657//987
f  656//988 647//988 646//988
f  646//989 398//989 656//989
f  656//990 398//990 396//990
f  656//991 396//991 657//991
f  657//992 396//992 395//992
f  657//993 395//993 647//993
f  647//994 395//994 639//994
f  639//995 395//995 640//995
f  640//996 395//996 408//996
f  640//997 408//997 641//997
f  641//998 408//998 407//998
f  641//999 407//999 642//999
f  642//1000 407//1000 437//1000
f  642//1001 437//1001 625//1001
f  625//1002 437//1002 436//1002
f  625//1003 436//1003 626//1003
f  626//1004 436//1004 426//1004
f  626//1005 426//1005 602//1005
f  602//1006 426//1006 425//1006
f  602//1007 425//1007 603//1007
f  603//1008 425//1008 465//1008
f  603//1009 465//1009 604//1009
f  465//1010 460//1010 604//1010
f  604//1011 460//1011 462//1011
f  604//1012 462//1012 630//1012
f  630//1013 462//1013 463//1013
f  630//1014 463//1014 631//1014
f  631//1015 463//1015 633//1015
f  463//1016 461//1016 633//1016
f  633//1017 461//1017 464//1017
f  633//1018 464//1018 634//1018
f  634//1019 464//1019 443//1019
f  634//1020 443//1020 629//1020
f  629//1021 443//1021 442//1021
f  629//1022 442//1022 650//1022
f  650//1023 442//1023 441//1023
f  650//1024 441//1024 651//1024
f  651//1025 441//1025 406//1025
f  651//1026 406//1026 653//1026
f  653//1027 406//1027 429//1027
f  653//1028 429//1028 655//1028
f  655//1029 429//1029 431//1029
f  655//1030 431//1030 582//1030
f  658//1031 659//1031 660//1031
f  660//1032 659//1032 661//1032
f  660//1033 661//1033 662//1033
f  662//1034 661//1034 663//1034
f  662//1035 663//1035 25//1035
f  623//1036 664//1036 608//1036
f  608//1037 664//1037 665//1037
f  608//1038 665//1038 609//1038
f  645//1039 666//1039 667//1039
f  667//1040 668//1040 645//1040
f  645//1041 668//1041 669//1041
f  645//1042 669//1042 670//1042
f  670//1043 671//1043 645//1043
f  645//1044 671//1044 672//1044
f  645//1045 672//1045 673//1045
f  673//1046 674//1046 645//1046
f  645//1047 674//1047 675//1047
f  645//1048 675//1048 623//1048
f  623//1049 675//1049 676//1049
f  676//1050 677//1050 623//1050
f  623//1051 677//1051 678//1051
f  623//1052 678//1052 679//1052
f  679//1053 680//1053 623//1053
f  623//1054 680//1054 681//1054
f  623//1055 681//1055 682//1055
f  682//1056 683//1056 623//1056
f  623//1057 683//1057 684//1057
f  623//1058 684//1058 664//1058
f  666//1059 645//1059 685//1059
f  685//1060 645//1060 638//1060
f  685//1061 638//1061 686//1061
f  687//1062 606//1062 688//1062
f  688//1063 606//1063 617//1063
f  688//1064 617//1064 689//1064
f  666//1065 685//1065 690//1065
f  690//1066 685//1066 686//1066
f  690//1067 686//1067 691//1067
f  691//1068 686//1068 692//1068
f  691//1069 692//1069 693//1069
f  694//1070 695//1070 648//1070
f  648//1071 695//1071 696//1071
f  648//1072 696//1072 654//1072
f  686//1073 638//1073 697//1073
f  697//1074 638//1074 637//1074
f  697//1075 637//1075 698//1075
f  698//1076 637//1076 624//1076
f  698//1077 624//1077 699//1077
f  699//1078 624//1078 601//1078
f  700//1079 701//1079 600//1079
f  600//1080 701//1080 702//1080
f  600//1081 702//1081 601//1081
f  601//1082 702//1082 703//1082
f  601//1083 703//1083 699//1083
f  700//1084 600//1084 704//1084
f  704//1085 600//1085 605//1085
f  704//1086 605//1086 705//1086
f  706//1087 707//1087 632//1087
f  632//1088 707//1088 708//1088
f  632//1089 708//1089 605//1089
f  605//1090 708//1090 709//1090
f  605//1091 709//1091 705//1091
f  628//1092 710//1092 632//1092
f  632//1093 710//1093 711//1093
f  632//1094 711//1094 706//1094
f  652//1095 712//1095 627//1095
f  627//1096 712//1096 713//1096
f  627//1097 713//1097 628//1097
f  628//1098 713//1098 714//1098
f  628//1099 714//1099 710//1099
f  696//1100 715//1100 654//1100
f  654//1101 715//1101 716//1101
f  654//1102 716//1102 652//1102
f  652//1103 716//1103 717//1103
f  652//1104 717//1104 712//1104
f  718//1105 719//1105 615//1105
f  720//1106 694//1106 648//1106
f  649//1107 721//1107 648//1107
f  648//1108 721//1108 722//1108
f  648//1109 722//1109 720//1109
f  635//1110 723//1110 649//1110
f  649//1111 723//1111 724//1111
f  649//1112 724//1112 721//1112
f  725//1113 726//1113 635//1113
f  635//1114 726//1114 727//1114
f  635//1115 727//1115 723//1115
f  725//1116 635//1116 728//1116
f  728//1117 635//1117 636//1117
f  728//1118 636//1118 729//1118
f  729//1119 636//1119 611//1119
f  729//1120 611//1120 730//1120
f  612//1121 731//1121 732//1121
f  612//1122 732//1122 611//1122
f  611//1123 732//1123 733//1123
f  611//1124 733//1124 730//1124
f  731//1125 612//1125 734//1125
f  734//1126 612//1126 613//1126
f  734//1127 613//1127 735//1127
f  735//1128 613//1128 614//1128
f  735//1129 614//1129 736//1129
f  615//1130 719//1130 614//1130
f  614//1131 719//1131 737//1131
f  614//1132 737//1132 736//1132
f  718//1133 615//1133 738//1133
f  738//1134 615//1134 616//1134
f  738//1135 616//1135 739//1135
f  739//1136 616//1136 607//1136
f  739//1137 607//1137 740//1137
f  687//1138 741//1138 606//1138
f  606//1139 741//1139 742//1139
f  606//1140 742//1140 607//1140
f  607//1141 742//1141 743//1141
f  607//1142 743//1142 740//1142
f  688//1143 689//1143 744//1143
f  688//1144 744//1144 687//1144
f  687//1145 744//1145 745//1145
f  745//1146 744//1146 746//1146
f  745//1147 746//1147 747//1147
f  620//1148 622//1148 748//1148
f  689//1149 617//1149 749//1149
f  749//1150 617//1150 618//1150
f  748//1151 750//1151 620//1151
f  620//1152 750//1152 751//1152
f  620//1153 751//1153 618//1153
f  618//1154 751//1154 752//1154
f  618//1155 752//1155 749//1155
f  753//1156 754//1156 755//1156
f  755//1157 754//1157 756//1157
f  756//1158 754//1158 757//1158
f  757//1159 754//1159 758//1159
f  757//1160 758//1160 37//1160
f  37//1161 758//1161 38//1161
f  38//1162 758//1162 759//1162
f  38//1163 759//1163 52//1163
f  760//1164 49//1164 759//1164
f  759//1165 49//1165 51//1165
f  759//1166 51//1166 52//1166
f  761//1167 46//1167 760//1167
f  760//1168 46//1168 47//1168
f  760//1169 47//1169 49//1169
f  762//1170 115//1170 763//1170
f  763//1171 115//1171 116//1171
f  763//1172 116//1172 761//1172
f  761//1173 116//1173 117//1173
f  761//1174 117//1174 46//1174
f  750//1175 748//1175 764//1175
f  765//1176 749//1176 752//1176
f  766//1177 767//1177 768//1177
f  768//1178 767//1178 765//1178
f  768//1179 765//1179 769//1179
f  769//1180 765//1180 752//1180
f  769//1181 752//1181 764//1181
f  764//1182 752//1182 751//1182
f  764//1183 751//1183 750//1183
f  689//1184 749//1184 744//1184
f  744//1185 749//1185 765//1185
f  744//1186 765//1186 746//1186
f  746//1187 765//1187 767//1187
f  746//1188 767//1188 747//1188
f  770//1189 771//1189 772//1189
f  250//1190 773//1190 774//1190
f  775//1191 776//1191 777//1191
f  767//1192 766//1192 778//1192
f  741//1193 687//1193 745//1193
f  767//1194 778//1194 747//1194
f  747//1195 778//1195 779//1195
f  747//1196 779//1196 745//1196
f  745//1197 779//1197 780//1197
f  745//1198 780//1198 741//1198
f  739//1199 740//1199 781//1199
f  781//1200 740//1200 743//1200
f  781//1201 743//1201 780//1201
f  780//1202 743//1202 742//1202
f  780//1203 742//1203 741//1203
f  739//1204 782//1204 738//1204
f  738//1205 782//1205 783//1205
f  738//1206 783//1206 718//1206
f  784//1207 737//1207 783//1207
f  783//1208 737//1208 719//1208
f  783//1209 719//1209 718//1209
f  731//1210 734//1210 785//1210
f  785//1211 734//1211 735//1211
f  785//1212 735//1212 784//1212
f  784//1213 735//1213 736//1213
f  784//1214 736//1214 737//1214
f  786//1215 787//1215 729//1215
f  729//1216 730//1216 786//1216
f  786//1217 730//1217 733//1217
f  786//1218 733//1218 785//1218
f  785//1219 733//1219 732//1219
f  785//1220 732//1220 731//1220
f  788//1221 725//1221 787//1221
f  787//1222 725//1222 728//1222
f  787//1223 728//1223 729//1223
f  789//1224 724//1224 788//1224
f  788//1225 724//1225 723//1225
f  723//1226 727//1226 788//1226
f  788//1227 727//1227 726//1227
f  788//1228 726//1228 725//1228
f  694//1229 720//1229 790//1229
f  790//1230 720//1230 722//1230
f  790//1231 722//1231 789//1231
f  789//1232 722//1232 721//1232
f  789//1233 721//1233 724//1233
f  791//1234 792//1234 793//1234
f  793//1235 792//1235 259//1235
f  793//1236 259//1236 197//1236
f  794//1237 262//1237 261//1237
f  794//1238 261//1238 792//1238
f  792//1239 261//1239 260//1239
f  792//1240 260//1240 259//1240
f  773//1241 250//1241 794//1241
f  794//1242 250//1242 252//1242
f  794//1243 252//1243 262//1243
f  795//1244 245//1244 796//1244
f  796//1245 245//1245 244//1245
f  796//1246 244//1246 774//1246
f  774//1247 244//1247 248//1247
f  774//1248 248//1248 250//1248
f  797//1249 243//1249 798//1249
f  798//1250 243//1250 242//1250
f  798//1251 242//1251 799//1251
f  799//1252 242//1252 247//1252
f  799//1253 247//1253 795//1253
f  795//1254 247//1254 246//1254
f  795//1255 246//1255 245//1255
f  800//1256 801//1256 802//1256
f  802//1257 801//1257 803//1257
f  802//1258 803//1258 804//1258
f  804//1259 803//1259 805//1259
f  805//1260 803//1260 806//1260
f  805//1261 806//1261 807//1261
f  807//1262 806//1262 808//1262
f  807//1263 808//1263 809//1263
f  771//1264 810//1264 772//1264
f  772//1265 810//1265 811//1265
f  772//1266 811//1266 812//1266
f  809//1267 808//1267 813//1267
f  813//1268 808//1268 814//1268
f  813//1269 814//1269 812//1269
f  812//1270 814//1270 815//1270
f  812//1271 815//1271 772//1271
f  772//1272 815//1272 816//1272
f  772//1273 816//1273 770//1273
f  817//1274 818//1274 819//1274
f  819//1275 818//1275 820//1275
f  819//1276 820//1276 821//1276
f  822//1277 823//1277 819//1277
f  819//1278 823//1278 824//1278
f  819//1279 824//1279 817//1279
f  821//1280 825//1280 815//1280
f  815//1281 825//1281 826//1281
f  815//1282 826//1282 816//1282
f  827//1283 797//1283 828//1283
f  828//1284 797//1284 798//1284
f  828//1285 798//1285 829//1285
f  829//1286 798//1286 799//1286
f  829//1287 799//1287 830//1287
f  830//1288 799//1288 795//1288
f  830//1289 795//1289 831//1289
f  831//1290 795//1290 796//1290
f  831//1291 796//1291 832//1291
f  832//1292 796//1292 774//1292
f  832//1293 774//1293 833//1293
f  833//1294 774//1294 773//1294
f  833//1295 773//1295 834//1295
f  834//1296 773//1296 794//1296
f  834//1297 794//1297 835//1297
f  835//1298 794//1298 792//1298
f  835//1299 792//1299 777//1299
f  777//1300 792//1300 791//1300
f  777//1301 791//1301 775//1301
f  821//1302 815//1302 819//1302
f  819//1303 815//1303 814//1303
f  819//1304 814//1304 836//1304
f  836//1305 814//1305 808//1305
f  836//1306 808//1306 837//1306
f  837//1307 808//1307 806//1307
f  837//1308 806//1308 838//1308
f  838//1309 806//1309 803//1309
f  838//1310 803//1310 827//1310
f  827//1311 803//1311 801//1311
f  827//1312 801//1312 797//1312
f  797//1313 801//1313 800//1313
f  797//1314 800//1314 243//1314
f  739//1315 781//1315 782//1315
f  782//1316 781//1316 839//1316
f  782//1317 839//1317 783//1317
f  783//1318 839//1318 840//1318
f  783//1319 840//1319 784//1319
f  785//1320 841//1320 786//1320
f  786//1321 841//1321 842//1321
f  786//1322 842//1322 787//1322
f  787//1323 842//1323 843//1323
f  787//1324 843//1324 788//1324
f  844//1325 790//1325 845//1325
f  845//1326 790//1326 789//1326
f  845//1327 789//1327 846//1327
f  846//1328 789//1328 788//1328
f  846//1329 788//1329 847//1329
f  847//1330 788//1330 843//1330
f  840//1331 848//1331 784//1331
f  784//1332 848//1332 849//1332
f  784//1333 849//1333 785//1333
f  785//1334 849//1334 850//1334
f  785//1335 850//1335 841//1335
f  778//1336 822//1336 779//1336
f  779//1337 822//1337 819//1337
f  779//1338 819//1338 780//1338
f  780//1339 819//1339 836//1339
f  780//1340 836//1340 781//1340
f  781//1341 836//1341 837//1341
f  781//1342 837//1342 839//1342
f  839//1343 837//1343 838//1343
f  839//1344 838//1344 840//1344
f  840//1345 838//1345 827//1345
f  840//1346 827//1346 848//1346
f  848//1347 827//1347 828//1347
f  848//1348 828//1348 849//1348
f  849//1349 828//1349 829//1349
f  849//1350 829//1350 850//1350
f  850//1351 829//1351 830//1351
f  850//1352 830//1352 841//1352
f  841//1353 830//1353 831//1353
f  841//1354 831//1354 842//1354
f  842//1355 831//1355 832//1355
f  842//1356 832//1356 843//1356
f  843//1357 832//1357 833//1357
f  843//1358 833//1358 847//1358
f  847//1359 833//1359 834//1359
f  847//1360 834//1360 846//1360
f  846//1361 834//1361 835//1361
f  846//1362 835//1362 845//1362
f  845//1363 835//1363 777//1363
f  845//1364 777//1364 844//1364
f  844//1365 777//1365 776//1365
f  851//1366 240//1366 241//1366
f  805//1367 807//1367 852//1367
f  852//1368 807//1368 809//1368
f  852//1369 809//1369 853//1369
f  853//1370 809//1370 813//1370
f  853//1371 813//1371 812//1371
f  805//1372 852//1372 804//1372
f  804//1373 852//1373 854//1373
f  804//1374 854//1374 802//1374
f  802//1375 854//1375 855//1375
f  802//1376 855//1376 800//1376
f  856//1377 275//1377 851//1377
f  851//1378 275//1378 274//1378
f  851//1379 274//1379 240//1379
f  857//1380 858//1380 856//1380
f  856//1381 858//1381 859//1381
f  856//1382 859//1382 275//1382
f  860//1383 861//1383 857//1383
f  857//1384 861//1384 862//1384
f  857//1385 862//1385 858//1385
f  863//1386 864//1386 865//1386
f  865//1387 864//1387 853//1387
f  865//1388 853//1388 866//1388
f  866//1389 853//1389 812//1389
f  866//1390 812//1390 811//1390
f  864//1391 860//1391 853//1391
f  853//1392 860//1392 857//1392
f  853//1393 857//1393 852//1393
f  852//1394 857//1394 856//1394
f  852//1395 856//1395 854//1395
f  854//1396 856//1396 851//1396
f  854//1397 851//1397 855//1397
f  855//1398 851//1398 241//1398
f  855//1399 241//1399 800//1399
f  800//1400 241//1400 243//1400
f  487//1401 486//1401 569//1401
f  867//1402 510//1402 868//1402
f  868//1403 510//1403 487//1403
f  868//1404 487//1404 568//1404
f  568//1405 487//1405 569//1405
f  510//1406 867//1406 503//1406
f  503//1407 867//1407 869//1407
f  866//1408 870//1408 865//1408
f  865//1409 870//1409 871//1409
f  865//1410 871//1410 863//1410
f  863//1411 871//1411 869//1411
f  863//1412 869//1412 872//1412
f  872//1413 869//1413 867//1413
f  872//1414 867//1414 873//1414
f  873//1415 867//1415 868//1415
f  873//1416 868//1416 753//1416
f  868//1417 568//1417 753//1417
f  753//1418 568//1418 570//1418
f  753//1419 570//1419 754//1419
f  570//1420 571//1420 754//1420
f  754//1421 571//1421 572//1421
f  754//1422 572//1422 758//1422
f  874//1423 759//1423 875//1423
f  875//1424 759//1424 758//1424
f  875//1425 758//1425 573//1425
f  573//1426 758//1426 572//1426
f  876//1427 877//1427 878//1427
f  878//1428 762//1428 876//1428
f  876//1429 762//1429 763//1429
f  876//1430 763//1430 879//1430
f  879//1431 763//1431 761//1431
f  879//1432 761//1432 874//1432
f  874//1433 761//1433 760//1433
f  874//1434 760//1434 759//1434
f  503//1435 869//1435 504//1435
f  504//1436 869//1436 871//1436
f  504//1437 871//1437 515//1437
f  515//1438 871//1438 870//1438
f  515//1439 870//1439 880//1439
f  870//1440 866//1440 880//1440
f  880//1441 866//1441 811//1441
f  880//1442 811//1442 881//1442
f  881//1443 811//1443 810//1443
f  881//1444 810//1444 882//1444
f  882//1445 810//1445 771//1445
f  883//1446 818//1446 884//1446
f  818//1447 883//1447 820//1447
f  883//1448 885//1448 820//1448
f  820//1449 885//1449 886//1449
f  820//1450 886//1450 821//1450
f  886//1451 887//1451 821//1451
f  821//1452 887//1452 888//1452
f  821//1453 888//1453 825//1453
f  825//1454 888//1454 889//1454
f  825//1455 889//1455 826//1455
f  889//1456 890//1456 826//1456
f  826//1457 890//1457 891//1457
f  826//1458 891//1458 816//1458
f  891//1459 892//1459 816//1459
f  816//1460 892//1460 893//1460
f  816//1461 893//1461 770//1461
f  770//1462 893//1462 882//1462
f  770//1463 882//1463 771//1463
f  822//1464 894//1464 895//1464
f  822//1465 895//1465 823//1465
f  823//1466 895//1466 896//1466
f  823//1467 896//1467 824//1467
f  824//1468 896//1468 897//1468
f  824//1469 897//1469 817//1469
f  817//1470 897//1470 884//1470
f  817//1471 884//1471 818//1471
f  764//1472 748//1472 622//1472
f  768//1473 769//1473 898//1473
f  894//1474 822//1474 899//1474
f  899//1475 822//1475 778//1475
f  899//1476 778//1476 900//1476
f  900//1477 778//1477 766//1477
f  900//1478 766//1478 901//1478
f  901//1479 766//1479 768//1479
f  901//1480 768//1480 902//1480
f  902//1481 768//1481 898//1481
f  622//1482 621//1482 764//1482
f  764//1483 621//1483 903//1483
f  764//1484 903//1484 769//1484
f  769//1485 903//1485 904//1485
f  769//1486 904//1486 898//1486
f  902//1487 898//1487 905//1487
f  621//1488 619//1488 903//1488
f  903//1489 619//1489 905//1489
f  903//1490 905//1490 904//1490
f  904//1491 905//1491 898//1491
f  906//1492 900//1492 905//1492
f  905//1493 900//1493 901//1493
f  905//1494 901//1494 902//1494
f  580//1495 418//1495 619//1495
f  619//1496 418//1496 417//1496
f  619//1497 417//1497 905//1497
f  905//1498 417//1498 485//1498
f  905//1499 485//1499 906//1499
f  906//1500 485//1500 484//1500
f  899//1501 900//1501 906//1501
f  499//1502 892//1502 891//1502
f  499//1503 891//1503 482//1503
f  482//1504 891//1504 890//1504
f  482//1505 890//1505 889//1505
f  889//1506 888//1506 482//1506
f  482//1507 888//1507 887//1507
f  482//1508 887//1508 492//1508
f  896//1509 895//1509 492//1509
f  492//1510 895//1510 894//1510
f  492//1511 894//1511 493//1511
f  493//1512 894//1512 899//1512
f  493//1513 899//1513 494//1513
f  494//1514 899//1514 906//1514
f  494//1515 906//1515 484//1515
f  887//1516 886//1516 492//1516
f  492//1517 886//1517 885//1517
f  492//1518 885//1518 883//1518
f  896//1519 492//1519 897//1519
f  897//1520 492//1520 883//1520
f  897//1521 883//1521 884//1521
f  515//1522 880//1522 881//1522
f  515//1523 881//1523 516//1523
f  516//1524 881//1524 882//1524
f  516//1525 882//1525 499//1525
f  499//1526 882//1526 893//1526
f  499//1527 893//1527 892//1527
f  907//1528 908//1528 909//1528
f  757//1529 37//1529 39//1529
f  755//1530 756//1530 910//1530
f  910//1531 756//1531 757//1531
f  910//1532 757//1532 911//1532
f  911//1533 757//1533 39//1533
f  911//1534 39//1534 41//1534
f  912//1535 872//1535 873//1535
f  909//1536 908//1536 912//1536
f  912//1537 908//1537 913//1537
f  912//1538 913//1538 872//1538
f  753//1539 755//1539 873//1539
f  873//1540 755//1540 910//1540
f  873//1541 910//1541 912//1541
f  912//1542 910//1542 911//1542
f  912//1543 911//1543 909//1543
f  909//1544 911//1544 41//1544
f  909//1545 41//1545 907//1545
f  45//1546 44//1546 276//1546
f  41//1547 862//1547 907//1547
f  907//1548 862//1548 861//1548
f  907//1549 861//1549 908//1549
f  908//1550 861//1550 860//1550
f  908//1551 860//1551 913//1551
f  859//1552 858//1552 914//1552
f  914//1553 858//1553 862//1553
f  914//1554 862//1554 915//1554
f  915//1555 862//1555 41//1555
f  915//1556 41//1556 42//1556
f  45//1557 276//1557 48//1557
f  42//1558 50//1558 915//1558
f  915//1559 50//1559 48//1559
f  915//1560 48//1560 914//1560
f  914//1561 48//1561 276//1561
f  914//1562 276//1562 859//1562
f  859//1563 276//1563 275//1563
f  860//1564 864//1564 913//1564
f  913//1565 864//1565 863//1565
f  913//1566 863//1566 872//1566
f  916//1567 917//1567 55//1567
f  55//1568 917//1568 70//1568
f  917//1569 918//1569 70//1569
f  70//1570 918//1570 919//1570
f  70//1571 919//1571 71//1571
f  71//1572 919//1572 920//1572
f  71//1573 920//1573 72//1573
f  72//1574 920//1574 921//1574
f  72//1575 921//1575 69//1575
f  69//1576 921//1576 922//1576
f  69//1577 922//1577 66//1577
f  66//1578 922//1578 67//1578
f  67//1579 922//1579 923//1579
f  67//1580 923//1580 68//1580
f  25//1581 663//1581 26//1581
f  26//1582 663//1582 28//1582
f  924//1583 925//1583 28//1583
f  28//1584 925//1584 29//1584
f  926//1585 927//1585 928//1585
f  928//1586 927//1586 929//1586
f  926//1587 928//1587 930//1587
f  930//1588 928//1588 931//1588
f  930//1589 931//1589 932//1589
f  28//1590 663//1590 924//1590
f  924//1591 663//1591 661//1591
f  924//1592 661//1592 659//1592
f  658//1593 932//1593 659//1593
f  659//1594 932//1594 931//1594
f  659//1595 931//1595 924//1595
f  924//1596 931//1596 928//1596
f  924//1597 928//1597 925//1597
f  925//1598 928//1598 929//1598
f  925//1599 929//1599 29//1599
f  27//1600 933//1600 36//1600
f  930//1601 934//1601 926//1601
f  926//1602 934//1602 935//1602
f  926//1603 935//1603 927//1603
f  927//1604 935//1604 936//1604
f  927//1605 936//1605 929//1605
f  929//1606 936//1606 937//1606
f  929//1607 937//1607 29//1607
f  29//1608 937//1608 938//1608
f  36//1609 933//1609 35//1609
f  35//1610 933//1610 939//1610
f  35//1611 939//1611 33//1611
f  33//1612 939//1612 179//1612
f  33//1613 179//1613 34//1613
f  188//1614 179//1614 940//1614
f  940//1615 179//1615 939//1615
f  940//1616 939//1616 941//1616
f  941//1617 939//1617 933//1617
f  941//1618 933//1618 938//1618
f  938//1619 933//1619 27//1619
f  938//1620 27//1620 29//1620
f  188//1621 942//1621 943//1621
f  188//1622 943//1622 187//1622
f  187//1623 943//1623 210//1623
f  187//1624 210//1624 186//1624
f  944//1625 945//1625 946//1625
f  946//1626 945//1626 947//1626
f  946//1627 947//1627 948//1627
f  948//1628 947//1628 949//1628
f  948//1629 949//1629 950//1629
f  950//1630 949//1630 951//1630
f  952//1631 953//1631 954//1631
f  952//1632 954//1632 955//1632
f  956//1633 957//1633 952//1633
f  952//1634 957//1634 958//1634
f  952//1635 958//1635 953//1635
f  952//1636 936//1636 935//1636
f  956//1637 952//1637 959//1637
f  959//1638 952//1638 935//1638
f  959//1639 935//1639 934//1639
f  188//1640 940//1640 942//1640
f  942//1641 940//1641 941//1641
f  942//1642 941//1642 955//1642
f  955//1643 941//1643 938//1643
f  955//1644 938//1644 952//1644
f  952//1645 938//1645 937//1645
f  952//1646 937//1646 936//1646
f  954//1647 944//1647 955//1647
f  955//1648 944//1648 946//1648
f  955//1649 946//1649 942//1649
f  942//1650 946//1650 948//1650
f  942//1651 948//1651 943//1651
f  943//1652 948//1652 950//1652
f  943//1653 950//1653 210//1653
f  210//1654 950//1654 951//1654
f  210//1655 951//1655 211//1655
f  115//1656 762//1656 123//1656
f  123//1657 762//1657 878//1657
f  123//1658 878//1658 960//1658
f  960//1659 961//1659 123//1659
f  123//1660 961//1660 962//1660
f  123//1661 962//1661 92//1661
f  962//1662 963//1662 92//1662
f  92//1663 963//1663 964//1663
f  92//1664 964//1664 89//1664
f  965//1665 101//1665 966//1665
f  966//1666 101//1666 100//1666
f  966//1667 100//1667 967//1667
f  967//1668 100//1668 84//1668
f  967//1669 84//1669 968//1669
f  968//1670 84//1670 83//1670
f  968//1671 83//1671 964//1671
f  964//1672 83//1672 90//1672
f  964//1673 90//1673 89//1673
f  969//1674 540//1674 970//1674
f  970//1675 540//1675 539//1675
f  970//1676 539//1676 971//1676
f  971//1677 539//1677 559//1677
f  971//1678 559//1678 972//1678
f  972//1679 559//1679 973//1679
f  972//1680 973//1680 974//1680
f  542//1681 975//1681 976//1681
f  542//1682 541//1682 975//1682
f  975//1683 541//1683 540//1683
f  975//1684 540//1684 969//1684
f  977//1685 505//1685 399//1685
f  398//1686 646//1686 399//1686
f  399//1687 646//1687 644//1687
f  399//1688 644//1688 977//1688
f  977//1689 644//1689 643//1689
f  505//1690 977//1690 506//1690
f  506//1691 977//1691 978//1691
f  506//1692 978//1692 508//1692
f  979//1693 980//1693 977//1693
f  977//1694 980//1694 981//1694
f  977//1695 981//1695 978//1695
f  978//1696 981//1696 982//1696
f  978//1697 982//1697 983//1697
f  643//1698 610//1698 977//1698
f  977//1699 610//1699 984//1699
f  977//1700 984//1700 979//1700
f  985//1701 981//1701 986//1701
f  986//1702 981//1702 980//1702
f  986//1703 980//1703 987//1703
f  987//1704 980//1704 979//1704
f  609//1705 665//1705 610//1705
f  610//1706 665//1706 987//1706
f  610//1707 987//1707 984//1707
f  984//1708 987//1708 979//1708
f  988//1709 989//1709 990//1709
f  990//1710 989//1710 991//1710
f  990//1711 991//1711 992//1711
f  992//1712 991//1712 983//1712
f  992//1713 983//1713 985//1713
f  985//1714 983//1714 982//1714
f  985//1715 982//1715 981//1715
f  989//1716 988//1716 993//1716
f  989//1717 993//1717 994//1717
f  994//1718 993//1718 995//1718
f  994//1719 995//1719 996//1719
f  996//1720 995//1720 997//1720
f  996//1721 997//1721 998//1721
f  998//1722 997//1722 999//1722
f  998//1723 999//1723 1000//1723
f  1001//1724 1000//1724 999//1724
f  1000//1725 1001//1725 1002//1725
f  1002//1726 1001//1726 1003//1726
f  1002//1727 1003//1727 1004//1727
f  1005//1728 1006//1728 1007//1728
f  1007//1729 1006//1729 1008//1729
f  1007//1730 1008//1730 1009//1730
f  1009//1731 1008//1731 1010//1731
f  1009//1732 1010//1732 1011//1732
f  1011//1733 1010//1733 1012//1733
f  1011//1734 1012//1734 1013//1734
f  1013//1735 1012//1735 1014//1735
f  1013//1736 1014//1736 1015//1736
f  1015//1737 1014//1737 1016//1737
f  1015//1738 1016//1738 1003//1738
f  1003//1739 1016//1739 1017//1739
f  1003//1740 1017//1740 1004//1740
f  978//1741 983//1741 991//1741
f  544//1742 545//1742 1008//1742
f  1018//1743 554//1743 1019//1743
f  1019//1744 554//1744 544//1744
f  1019//1745 544//1745 1006//1745
f  1006//1746 544//1746 1008//1746
f  1002//1747 1004//1747 490//1747
f  1002//1748 490//1748 1000//1748
f  994//1749 996//1749 490//1749
f  490//1750 996//1750 998//1750
f  490//1751 998//1751 1000//1751
f  1004//1752 1017//1752 490//1752
f  490//1753 1017//1753 1016//1753
f  490//1754 1016//1754 488//1754
f  1016//1755 1014//1755 488//1755
f  488//1756 1014//1756 1012//1756
f  488//1757 1012//1757 545//1757
f  545//1758 1012//1758 1010//1758
f  545//1759 1010//1759 1008//1759
f  508//1760 978//1760 509//1760
f  509//1761 978//1761 991//1761
f  509//1762 991//1762 490//1762
f  490//1763 991//1763 989//1763
f  490//1764 989//1764 994//1764
f  1019//1765 1006//1765 1005//1765
f  956//1766 1020//1766 957//1766
f  957//1767 1020//1767 1018//1767
f  1019//1768 1005//1768 1018//1768
f  1018//1769 1005//1769 1021//1769
f  1018//1770 1021//1770 957//1770
f  555//1771 554//1771 1018//1771
f  1022//1772 556//1772 1023//1772
f  1023//1773 556//1773 555//1773
f  1023//1774 555//1774 1020//1774
f  1020//1775 555//1775 1018//1775
f  969//1776 970//1776 660//1776
f  660//1777 970//1777 971//1777
f  660//1778 971//1778 658//1778
f  1024//1779 1025//1779 1026//1779
f  1026//1780 1025//1780 976//1780
f  1026//1781 976//1781 1027//1781
f  1027//1782 976//1782 975//1782
f  1027//1783 975//1783 1028//1783
f  1028//1784 975//1784 969//1784
f  1028//1785 969//1785 662//1785
f  662//1786 969//1786 660//1786
f  1024//1787 1026//1787 1029//1787
f  1029//1788 1026//1788 1030//1788
f  1029//1789 1030//1789 1031//1789
f  1020//1790 956//1790 1023//1790
f  1023//1791 956//1791 959//1791
f  1023//1792 959//1792 1022//1792
f  1022//1793 959//1793 934//1793
f  1022//1794 934//1794 1032//1794
f  1032//1795 934//1795 930//1795
f  1032//1796 930//1796 1033//1796
f  1033//1797 930//1797 932//1797
f  1033//1798 932//1798 974//1798
f  974//1799 932//1799 658//1799
f  974//1800 658//1800 972//1800
f  972//1801 658//1801 971//1801
f  557//1802 1032//1802 1033//1802
f  1033//1803 974//1803 973//1803
f  557//1804 1033//1804 558//1804
f  558//1805 1033//1805 973//1805
f  558//1806 973//1806 559//1806
f  556//1807 1022//1807 557//1807
f  557//1808 1022//1808 1032//1808
f  1034//1809 1035//1809 1036//1809
f  1037//1810 520//1810 1038//1810
f  1037//1811 1038//1811 1039//1811
f  1039//1812 1038//1812 1040//1812
f  1039//1813 1040//1813 1041//1813
f  1041//1814 1040//1814 1042//1814
f  1041//1815 1042//1815 1043//1815
f  1036//1816 1035//1816 1044//1816
f  1044//1817 1035//1817 1045//1817
f  1044//1818 1045//1818 1046//1818
f  533//1819 532//1819 1047//1819
f  1047//1820 532//1820 1048//1820
f  1047//1821 1048//1821 1049//1821
f  529//1822 530//1822 1034//1822
f  1034//1823 530//1823 534//1823
f  1034//1824 534//1824 1035//1824
f  1035//1825 534//1825 533//1825
f  1035//1826 533//1826 1045//1826
f  1045//1827 533//1827 1047//1827
f  1045//1828 1047//1828 1046//1828
f  1046//1829 1047//1829 1049//1829
f  520//1830 519//1830 1038//1830
f  1038//1831 519//1831 521//1831
f  1038//1832 521//1832 1040//1832
f  1040//1833 521//1833 529//1833
f  1040//1834 529//1834 1042//1834
f  1042//1835 529//1835 1034//1835
f  1042//1836 1034//1836 1043//1836
f  1043//1837 1034//1837 1036//1837
f  1050//1838 1051//1838 1052//1838
f  1052//1839 1051//1839 1053//1839
f  1053//1840 1051//1840 1054//1840
f  1053//1841 1054//1841 1055//1841
f  1055//1842 1054//1842 1056//1842
f  1055//1843 1056//1843 1057//1843
f  1057//1844 1056//1844 1058//1844
f  1057//1845 1058//1845 1059//1845
f  1059//1846 1058//1846 1060//1846
f  1059//1847 1060//1847 1061//1847
f  1061//1848 1060//1848 1062//1848
f  1061//1849 1062//1849 1063//1849
f  1064//1850 1065//1850 566//1850
f  566//1851 1065//1851 1066//1851
f  566//1852 1066//1852 567//1852
f  567//1853 1066//1853 548//1853
f  1065//1854 1050//1854 1066//1854
f  1066//1855 1050//1855 1052//1855
f  1066//1856 1052//1856 548//1856
f  548//1857 1052//1857 1053//1857
f  548//1858 1053//1858 549//1858
f  549//1859 1053//1859 1055//1859
f  549//1860 1055//1860 527//1860
f  527//1861 1055//1861 1057//1861
f  527//1862 1057//1862 528//1862
f  528//1863 1057//1863 1059//1863
f  528//1864 1059//1864 560//1864
f  560//1865 1059//1865 1061//1865
f  560//1866 1061//1866 561//1866
f  561//1867 1061//1867 1063//1867
f  561//1868 1063//1868 562//1868
f  878//1869 877//1869 1067//1869
f  1068//1870 1069//1870 916//1870
f  1069//1871 1062//1871 916//1871
f  916//1872 1062//1872 1060//1872
f  916//1873 1060//1873 917//1873
f  917//1874 1060//1874 1058//1874
f  917//1875 1058//1875 918//1875
f  918//1876 1058//1876 1056//1876
f  918//1877 1056//1877 919//1877
f  919//1878 1056//1878 1054//1878
f  919//1879 1054//1879 920//1879
f  961//1880 1070//1880 962//1880
f  962//1881 1070//1881 1037//1881
f  962//1882 1037//1882 963//1882
f  963//1883 1037//1883 1039//1883
f  963//1884 1039//1884 964//1884
f  964//1885 1039//1885 1041//1885
f  964//1886 1041//1886 968//1886
f  968//1887 1041//1887 1043//1887
f  968//1888 1043//1888 967//1888
f  920//1889 1054//1889 921//1889
f  921//1890 1054//1890 1051//1890
f  921//1891 1051//1891 922//1891
f  922//1892 1051//1892 1050//1892
f  922//1893 1050//1893 923//1893
f  878//1894 1067//1894 960//1894
f  960//1895 1067//1895 1071//1895
f  960//1896 1071//1896 961//1896
f  961//1897 1071//1897 1072//1897
f  961//1898 1072//1898 1070//1898
f  1064//1899 1073//1899 1074//1899
f  1050//1900 1065//1900 923//1900
f  923//1901 1065//1901 1064//1901
f  923//1902 1064//1902 1075//1902
f  1075//1903 1064//1903 1074//1903
f  1073//1904 1076//1904 1074//1904
f  1074//1905 1076//1905 1077//1905
f  1074//1906 1077//1906 1031//1906
f  1031//1907 1077//1907 1078//1907
f  1031//1908 1078//1908 1029//1908
f  916//1909 1079//1909 1068//1909
f  1068//1910 1079//1910 1080//1910
f  1068//1911 1080//1911 1081//1911
f  1081//1912 1080//1912 1082//1912
f  1081//1913 1082//1913 1083//1913
f  1083//1914 1082//1914 1084//1914
f  1083//1915 1084//1915 1085//1915
f  1085//1916 1084//1916 1086//1916
f  1085//1917 1086//1917 1087//1917
f  1087//1918 1086//1918 1088//1918
f  1087//1919 1088//1919 1089//1919
f  1089//1920 1088//1920 1090//1920
f  1089//1921 1090//1921 1091//1921
f  1091//1922 1090//1922 1092//1922
f  1091//1923 1092//1923 1093//1923
f  1093//1924 1092//1924 1049//1924
f  1043//1925 1036//1925 967//1925
f  967//1926 1036//1926 1044//1926
f  967//1927 1044//1927 966//1927
f  966//1928 1044//1928 1046//1928
f  966//1929 1046//1929 965//1929
f  965//1930 1046//1930 1049//1930
f  965//1931 1049//1931 1094//1931
f  1094//1932 1049//1932 1092//1932
f  1093//1933 1049//1933 1048//1933
f  1085//1934 1087//1934 1095//1934
f  1095//1935 1087//1935 1089//1935
f  1095//1936 1089//1936 1096//1936
f  1096//1937 1089//1937 1091//1937
f  531//1938 538//1938 1096//1938
f  1096//1939 538//1939 537//1939
f  1096//1940 537//1940 1095//1940
f  1095//1941 537//1941 536//1941
f  1095//1942 536//1942 1085//1942
f  1085//1943 536//1943 535//1943
f  1091//1944 1093//1944 1096//1944
f  1096//1945 1093//1945 1048//1945
f  1096//1946 1048//1946 531//1946
f  531//1947 1048//1947 532//1947
f  563//1948 562//1948 1063//1948
f  1083//1949 1085//1949 1097//1949
f  1097//1950 1085//1950 535//1950
f  1083//1951 1097//1951 1081//1951
f  1081//1952 1097//1952 1098//1952
f  1081//1953 1098//1953 1068//1953
f  1062//1954 1069//1954 1063//1954
f  1063//1955 1069//1955 1068//1955
f  1068//1956 1098//1956 1063//1956
f  1063//1957 1098//1957 564//1957
f  1063//1958 564//1958 563//1958
f  535//1959 546//1959 1097//1959
f  1097//1960 546//1960 547//1960
f  1097//1961 547//1961 1098//1961
f  1098//1962 547//1962 565//1962
f  1098//1963 565//1963 564//1963
f  1073//1964 1064//1964 1099//1964
f  1073//1965 1099//1965 1076//1965
f  1076//1966 1099//1966 1100//1966
f  1076//1967 1100//1967 1077//1967
f  1077//1968 1100//1968 1101//1968
f  1077//1969 1101//1969 1078//1969
f  1078//1970 1101//1970 1029//1970
f  1029//1971 1101//1971 1102//1971
f  1029//1972 1102//1972 1024//1972
f  542//1973 976//1973 1103//1973
f  1103//1974 976//1974 1025//1974
f  1103//1975 1025//1975 1024//1975
f  1024//1976 1102//1976 1103//1976
f  1103//1977 1102//1977 543//1977
f  1103//1978 543//1978 542//1978
f  1064//1979 566//1979 1099//1979
f  1099//1980 566//1980 553//1980
f  1099//1981 553//1981 1100//1981
f  1100//1982 553//1982 552//1982
f  1100//1983 552//1983 1101//1983
f  1101//1984 552//1984 551//1984
f  1101//1985 551//1985 1102//1985
f  1102//1986 551//1986 550//1986
f  1102//1987 550//1987 543//1987
f  138//1988 143//1988 1104//1988
f  1104//1989 143//1989 125//1989
f  1104//1990 125//1990 1105//1990
f  1105//1991 125//1991 127//1991
f  1105//1992 127//1992 1086//1992
f  138//1993 1104//1993 55//1993
f  55//1994 1104//1994 1079//1994
f  55//1995 1079//1995 916//1995
f  1086//1996 1084//1996 1105//1996
f  1105//1997 1084//1997 1082//1997
f  1105//1998 1082//1998 1104//1998
f  1104//1999 1082//1999 1080//1999
f  1104//2000 1080//2000 1079//2000
f  1090//2001 1088//2001 1106//2001
f  1106//2002 1088//2002 1086//2002
f  1106//2003 1086//2003 127//2003
f  232//2004 233//2004 1107//2004
f  1107//2005 233//2005 106//2005
f  1107//2006 106//2006 101//2006
f  1092//2007 1090//2007 1107//2007
f  1107//2008 1090//2008 1106//2008
f  1107//2009 1106//2009 232//2009
f  232//2010 1106//2010 127//2010
f  101//2011 965//2011 1107//2011
f  1107//2012 965//2012 1094//2012
f  1107//2013 1094//2013 1092//2013
f  691//2014 693//2014 1108//2014
f  992//2015 985//2015 1109//2015
f  1109//2016 985//2016 1110//2016
f  1109//2017 1110//2017 1108//2017
f  1108//2018 1110//2018 690//2018
f  1108//2019 690//2019 691//2019
f  664//2020 684//2020 1110//2020
f  1110//2021 684//2021 683//2021
f  683//2022 682//2022 1110//2022
f  1110//2023 682//2023 681//2023
f  1110//2024 681//2024 680//2024
f  680//2025 679//2025 1110//2025
f  1110//2026 679//2026 678//2026
f  1110//2027 678//2027 690//2027
f  690//2028 678//2028 677//2028
f  690//2029 677//2029 676//2029
f  670//2030 669//2030 690//2030
f  676//2031 675//2031 690//2031
f  690//2032 675//2032 674//2032
f  690//2033 674//2033 673//2033
f  673//2034 672//2034 690//2034
f  690//2035 672//2035 671//2035
f  690//2036 671//2036 670//2036
f  669//2037 668//2037 690//2037
f  690//2038 668//2038 667//2038
f  690//2039 667//2039 666//2039
f  665//2040 664//2040 987//2040
f  987//2041 664//2041 1110//2041
f  987//2042 1110//2042 986//2042
f  986//2043 1110//2043 985//2043
f  993//2044 988//2044 1111//2044
f  695//2045 694//2045 790//2045
f  208//2046 1112//2046 1113//2046
f  1114//2047 1115//2047 1116//2047
f  957//2048 1114//2048 958//2048
f  958//2049 1114//2049 1116//2049
f  958//2050 1116//2050 953//2050
f  953//2051 1116//2051 1117//2051
f  953//2052 1117//2052 954//2052
f  947//2053 945//2053 1118//2053
f  1118//2054 945//2054 944//2054
f  1118//2055 944//2055 1119//2055
f  212//2056 211//2056 1120//2056
f  1120//2057 211//2057 951//2057
f  1120//2058 951//2058 949//2058
f  1120//2059 1121//2059 212//2059
f  212//2060 1121//2060 1122//2060
f  212//2061 1122//2061 205//2061
f  1112//2062 208//2062 1122//2062
f  1122//2063 208//2063 206//2063
f  1122//2064 206//2064 205//2064
f  202//2065 204//2065 1113//2065
f  1113//2066 204//2066 209//2066
f  1113//2067 209//2067 208//2067
f  198//2068 199//2068 1123//2068
f  1123//2069 199//2069 201//2069
f  1123//2070 201//2070 1124//2070
f  1124//2071 201//2071 202//2071
f  1124//2072 202//2072 1125//2072
f  1125//2073 202//2073 1113//2073
f  775//2074 791//2074 1126//2074
f  1126//2075 791//2075 793//2075
f  198//2076 1123//2076 194//2076
f  194//2077 1123//2077 1126//2077
f  194//2078 1126//2078 195//2078
f  195//2079 1126//2079 793//2079
f  195//2080 793//2080 197//2080
f  1127//2081 790//2081 844//2081
f  1127//2082 716//2082 715//2082
f  1127//2083 715//2083 790//2083
f  790//2084 715//2084 696//2084
f  790//2085 696//2085 695//2085
f  1128//2086 712//2086 1127//2086
f  1127//2087 712//2087 717//2087
f  1127//2088 717//2088 716//2088
f  1129//2089 1130//2089 711//2089
f  711//2090 710//2090 1129//2090
f  1129//2091 710//2091 714//2091
f  1129//2092 714//2092 1128//2092
f  1128//2093 714//2093 713//2093
f  1128//2094 713//2094 712//2094
f  708//2095 707//2095 1130//2095
f  1130//2096 707//2096 706//2096
f  1130//2097 706//2097 711//2097
f  1131//2098 1132//2098 700//2098
f  700//2099 704//2099 1131//2099
f  1131//2100 704//2100 705//2100
f  1131//2101 705//2101 709//2101
f  1133//2102 703//2102 1134//2102
f  1134//2103 703//2103 702//2103
f  1134//2104 702//2104 1132//2104
f  1132//2105 702//2105 701//2105
f  1132//2106 701//2106 700//2106
f  692//2107 686//2107 1135//2107
f  1135//2108 686//2108 697//2108
f  1135//2109 697//2109 1136//2109
f  1136//2110 697//2110 698//2110
f  1136//2111 698//2111 1133//2111
f  1133//2112 698//2112 699//2112
f  1133//2113 699//2113 703//2113
f  992//2114 1109//2114 990//2114
f  990//2115 1109//2115 1108//2115
f  990//2116 1108//2116 1137//2116
f  1137//2117 1108//2117 693//2117
f  1137//2118 693//2118 1138//2118
f  1013//2119 1015//2119 1111//2119
f  1013//2120 1111//2120 1011//2120
f  1015//2121 1003//2121 1111//2121
f  1111//2122 1003//2122 1001//2122
f  1111//2123 1001//2123 999//2123
f  999//2124 997//2124 1111//2124
f  1111//2125 997//2125 995//2125
f  1111//2126 995//2126 993//2126
f  957//2127 1021//2127 1114//2127
f  1114//2128 1021//2128 1005//2128
f  1114//2129 1005//2129 1115//2129
f  1115//2130 1005//2130 1007//2130
f  1115//2131 1007//2131 1009//2131
f  1139//2132 1140//2132 1141//2132
f  1141//2133 1140//2133 1118//2133
f  1141//2134 1118//2134 1142//2134
f  1142//2135 1118//2135 1119//2135
f  1142//2136 1119//2136 1143//2136
f  1009//2137 1011//2137 1115//2137
f  1115//2138 1011//2138 1111//2138
f  1115//2139 1111//2139 1116//2139
f  1116//2140 1111//2140 1143//2140
f  1116//2141 1143//2141 1117//2141
f  1117//2142 1143//2142 1119//2142
f  1117//2143 1119//2143 954//2143
f  954//2144 1119//2144 944//2144
f  776//2145 775//2145 1144//2145
f  1144//2146 775//2146 1126//2146
f  1144//2147 1126//2147 1145//2147
f  1145//2148 1126//2148 1123//2148
f  947//2149 1118//2149 949//2149
f  949//2150 1118//2150 1140//2150
f  949//2151 1140//2151 1120//2151
f  1120//2152 1140//2152 1139//2152
f  1120//2153 1139//2153 1121//2153
f  1121//2154 1139//2154 1146//2154
f  1121//2155 1146//2155 1122//2155
f  1122//2156 1146//2156 1147//2156
f  1122//2157 1147//2157 1112//2157
f  1112//2158 1147//2158 1148//2158
f  1112//2159 1148//2159 1113//2159
f  1113//2160 1148//2160 1149//2160
f  1113//2161 1149//2161 1125//2161
f  1125//2162 1149//2162 1150//2162
f  1125//2163 1150//2163 1124//2163
f  1124//2164 1150//2164 1151//2164
f  1124//2165 1151//2165 1123//2165
f  1123//2166 1151//2166 1152//2166
f  1123//2167 1152//2167 1145//2167
f  709//2168 708//2168 1131//2168
f  1131//2169 708//2169 1130//2169
f  1131//2170 1130//2170 1153//2170
f  844//2171 1154//2171 1127//2171
f  1127//2172 1154//2172 1155//2172
f  1127//2173 1155//2173 1128//2173
f  1128//2174 1155//2174 1156//2174
f  1128//2175 1156//2175 1129//2175
f  1129//2176 1156//2176 1157//2176
f  1129//2177 1157//2177 1130//2177
f  1130//2178 1157//2178 1158//2178
f  1130//2179 1158//2179 1153//2179
f  693//2180 692//2180 1138//2180
f  1138//2181 692//2181 1135//2181
f  1138//2182 1135//2182 1159//2182
f  1159//2183 1135//2183 1136//2183
f  1159//2184 1136//2184 1160//2184
f  1160//2185 1136//2185 1133//2185
f  1160//2186 1133//2186 1161//2186
f  1161//2187 1133//2187 1134//2187
f  1161//2188 1134//2188 1162//2188
f  1162//2189 1134//2189 1132//2189
f  1162//2190 1132//2190 1163//2190
f  1163//2191 1132//2191 1131//2191
f  1163//2192 1131//2192 1164//2192
f  1164//2193 1131//2193 1153//2193
f  988//2194 990//2194 1111//2194
f  1111//2195 990//2195 1137//2195
f  1111//2196 1137//2196 1143//2196
f  1143//2197 1137//2197 1138//2197
f  1143//2198 1138//2198 1142//2198
f  1142//2199 1138//2199 1159//2199
f  1142//2200 1159//2200 1141//2200
f  1141//2201 1159//2201 1160//2201
f  1141//2202 1160//2202 1139//2202
f  1139//2203 1160//2203 1161//2203
f  1139//2204 1161//2204 1146//2204
f  1146//2205 1161//2205 1162//2205
f  1146//2206 1162//2206 1147//2206
f  1147//2207 1162//2207 1163//2207
f  1147//2208 1163//2208 1148//2208
f  1148//2209 1163//2209 1164//2209
f  1148//2210 1164//2210 1149//2210
f  1149//2211 1164//2211 1153//2211
f  1149//2212 1153//2212 1150//2212
f  1150//2213 1153//2213 1158//2213
f  1150//2214 1158//2214 1151//2214
f  1151//2215 1158//2215 1157//2215
f  1151//2216 1157//2216 1152//2216
f  1152//2217 1157//2217 1156//2217
f  1152//2218 1156//2218 1145//2218
f  1145//2219 1156//2219 1155//2219
f  1145//2220 1155//2220 1144//2220
f  1144//2221 1155//2221 1154//2221
f  1144//2222 1154//2222 776//2222
f  776//2223 1154//2223 844//2223
f  31//2224 1027//2224 32//2224
f  32//2225 1027//2225 1028//2225
f  32//2226 1028//2226 24//2226
f  24//2227 1028//2227 662//2227
f  24//2228 662//2228 25//2228
f  1027//2229 31//2229 73//2229
f  1027//2230 73//2230 1026//2230
f  1026//2231 73//2231 75//2231
f  1026//2232 75//2232 1030//2232
f  1030//2233 75//2233 1031//2233
f  1031//2234 75//2234 77//2234
f  1031//2235 77//2235 1074//2235
f  1074//2236 77//2236 1075//2236
f  1075//2237 77//2237 68//2237
f  1075//2238 68//2238 923//2238
f  875//2239 573//2239 522//2239
f  517//2240 874//2240 511//2240
f  511//2241 874//2241 875//2241
f  511//2242 875//2242 512//2242
f  512//2243 875//2243 522//2243
f  874//2244 1165//2244 879//2244
f  879//2245 1165//2245 876//2245
f  876//2246 1165//2246 1166//2246
f  876//2247 1166//2247 877//2247
f  877//2248 1166//2248 1167//2248
f  877//2249 1167//2249 1067//2249
f  1067//2250 1167//2250 1168//2250
f  1067//2251 1168//2251 1071//2251
f  1072//2252 1169//2252 1070//2252
f  1070//2253 1169//2253 1037//2253
f  520//2254 1037//2254 524//2254
f  524//2255 1037//2255 1169//2255
f  524//2256 1169//2256 525//2256
f  874//2257 517//2257 1165//2257
f  1165//2258 517//2258 518//2258
f  1165//2259 518//2259 1166//2259
f  1166//2260 518//2260 526//2260
f  1166//2261 526//2261 1167//2261
f  1167//2262 526//2262 525//2262
f  1167//2263 525//2263 1168//2263
f  1168//2264 525//2264 1169//2264
f  1168//2265 1169//2265 1071//2265
f  1071//2266 1169//2266 1072//2266
f  7//2267 6//2267 375//2267
f  375//2268 6//2268 391//2268
f  377//2269 383//2269 22//2269
f  22//2270 383//2270 23//2270
f  412//2271 1170//2271 1171//2271
f  412//2272 1171//2272 427//2272
f  427//2273 1171//2273 1172//2273
f  427//2274 1172//2274 428//2274
f  428//2275 1172//2275 1173//2275
f  428//2276 1173//2276 430//2276
f  430//2277 1173//2277 1174//2277
f  430//2278 1174//2278 405//2278
f  405//2279 1174//2279 1175//2279
f  405//2280 1175//2280 402//2280
f  402//2281 1175//2281 1176//2281
f  402//2282 1176//2282 394//2282
f  394//2283 1176//2283 4//2283
f  394//2284 4//2284 2//2284
f  411//2285 410//2285 1177//2285
f  1177//2286 410//2286 1178//2286
f  1177//2287 1178//2287 1179//2287
f  1179//2288 1178//2288 1170//2288
f  1179//2289 1170//2289 413//2289
f  413//2290 1170//2290 412//2290
f  450//2291 1180//2291 1181//2291
f  450//2292 1181//2292 448//2292
f  448//2293 1181//2293 1182//2293
f  448//2294 1182//2294 446//2294
f  446//2295 1182//2295 1183//2295
f  446//2296 1183//2296 444//2296
f  444//2297 1183//2297 1184//2297
f  444//2298 1184//2298 472//2298
f  472//2299 1184//2299 1185//2299
f  472//2300 1185//2300 470//2300
f  470//2301 1185//2301 1186//2301
f  470//2302 1186//2302 468//2302
f  468//2303 1186//2303 1178//2303
f  468//2304 1178//2304 410//2304
f  1187//2305 1180//2305 1188//2305
f  1188//2306 1180//2306 450//2306
f  1188//2307 450//2307 452//2307
f  1171//2308 1170//2308 5//2308
f  1170//2309 1178//2309 1186//2309
f  1170//2310 1187//2310 5//2310
f  1186//2311 1185//2311 1170//2311
f  1170//2312 1185//2312 1184//2312
f  1170//2313 1184//2313 1183//2313
f  1180//2314 1187//2314 1181//2314
f  1181//2315 1187//2315 1170//2315
f  1181//2316 1170//2316 1182//2316
f  1182//2317 1170//2317 1183//2317
f  4//2318 1176//2318 5//2318
f  5//2319 1176//2319 1175//2319
f  5//2320 1175//2320 1174//2320
f  1174//2321 1173//2321 5//2321
f  5//2322 1173//2322 1172//2322
f  5//2323 1172//2323 1171//2323
f  433//2324 397//2324 507//2324
f  507//2325 1189//2325 433//2325
f  433//2326 1189//2326 1190//2326
f  433//2327 1190//2327 434//2327
f  507//2328 491//2328 1189//2328
f  1189//2329 491//2329 1190//2329
f  1191//2330 1192//2330 1193//2330
f  1194//2331 500//2331 513//2331
f  1191//2332 1193//2332 1195//2332
f  1195//2333 1193//2333 1196//2333
f  1195//2334 1196//2334 1197//2334
f  1197//2335 1196//2335 1198//2335
f  1197//2336 1198//2336 1199//2336
f  513//2337 1200//2337 1194//2337
f  1194//2338 1200//2338 1201//2338
f  1194//2338 1201//2338 1202//2338
f  1202//2339 1201//2339 1203//2339
f  1202//2340 1203//2340 1204//2340
f  1204//2341 1203//2341 1205//2341
f  1204//2342 1205//2342 1206//2342
f  1206//2343 1205//2343 1199//2343
f  1206//2344 1199//2344 1207//2344
f  1207//2345 1199//2345 1198//2345
f  1179//2346 413//2346 404//2346
f  1179//2347 404//2347 1208//2347
f  1208//2348 404//2348 403//2348
f  1208//2349 403//2349 1209//2349
f  1209//2350 403//2350 409//2350
f  1209//2351 409//2351 1210//2351
f  1210//2352 409//2352 411//2352
f  1210//2353 411//2353 1177//2353
f  1188//2354 452//2354 454//2354
f  1188//2355 454//2355 1211//2355
f  1211//2356 454//2356 421//2356
f  1211//2357 421//2357 1212//2357
f  1212//2358 421//2358 419//2358
f  1212//2359 419//2359 1213//2359
f  1213//2360 419//2360 1//2360
f  1213//2361 1//2361 3//2361
f  1214//2362 483//2362 416//2362
f  416//2363 420//2363 1214//2363
f  1214//2364 420//2364 456//2364
f  1214//2365 456//2365 1215//2365
f  434//2366 1190//2366 1216//2366
f  434//2367 1216//2367 435//2367
f  435//2368 1216//2368 1217//2368
f  435//2369 1217//2369 466//2369
f  466//2370 1217//2370 1218//2370
f  466//2371 1218//2371 467//2371
f  467//2372 1218//2372 1219//2372
f  467//2373 1219//2373 469//2373
f  469//2374 1219//2374 1220//2374
f  469//2375 1220//2375 471//2375
f  471//2376 1220//2376 1221//2376
f  471//2377 1221//2377 473//2377
f  473//2378 1221//2378 1222//2378
f  473//2379 1222//2379 474//2379
f  474//2380 1222//2380 1223//2380
f  474//2381 1223//2381 445//2381
f  445//2382 1223//2382 1224//2382
f  445//2383 1224//2383 447//2383
f  447//2384 1224//2384 1225//2384
f  447//2385 1225//2385 449//2385
f  449//2386 1225//2386 1226//2386
f  449//2387 1226//2387 451//2387
f  451//2388 1226//2388 1227//2388
f  451//2389 1227//2389 453//2389
f  453//2390 1227//2390 1228//2390
f  453//2391 1228//2391 455//2391
f  455//2392 1228//2392 1215//2392
f  455//2393 1215//2393 456//2393
f  1229//2394 1230//2394 1231//2394
f  1231//2395 1230//2395 1232//2395
f  1231//2396 1232//2396 1233//2396
f  1233//2397 1232//2397 1234//2397
f  1235//2398 1236//2398 1237//2398
f  1238//2399 1239//2399 1237//2399
f  1237//2400 1239//2400 1240//2400
f  1237//2401 1240//2401 1235//2401
f  1241//2402 1242//2402 1243//2402
f  1244//2403 1245//2403 1246//2403
f  1246//2404 1245//2404 1247//2404
f  1246//2405 1247//2405 1248//2405
f  1248//2406 1249//2406 1246//2406
f  1246//2407 1249//2407 1250//2407
f  1246//2408 1250//2408 1243//2408
f  1243//2409 1250//2409 1251//2409
f  1243//2410 1251//2410 1241//2410
f  1252//2411 1253//2411 1254//2411
f  1252//2412 1254//2412 1246//2412
f  1246//2413 1254//2413 1255//2413
f  1246//2414 1255//2414 1244//2414
f  1256//2415 1257//2415 1258//2415
f  1258//2416 1257//2416 1259//2416
f  1260//2417 1261//2417 1262//2417
f  1262//2418 1261//2418 1263//2418
f  1264//2419 1265//2419 1266//2419
f  1267//2420 1268//2420 1269//2420
f  1267//2421 1269//2421 1266//2421
f  1266//2422 1269//2422 1270//2422
f  1266//2423 1270//2423 1264//2423
f  1271//2424 1272//2424 1273//2424
f  1274//2425 1275//2425 1267//2425
f  1267//2426 1275//2426 1276//2426
f  1267//2427 1276//2427 1268//2427
f  1271//2428 1273//2428 1267//2428
f  1267//2429 1273//2429 1277//2429
f  1267//2430 1277//2430 1274//2430
f  1238//2431 1237//2431 1278//2431
f  1278//2432 1237//2432 1279//2432
f  1232//2433 1230//2433 1280//2433
f  1280//2433 1230//2433 1281//2433
f  1282//2434 1283//2434 1279//2434
f  1279//2435 1283//2435 1278//2435
f  1284//2436 1285//2436 1281//2436
f  1281//2436 1285//2436 1280//2436
f  1286//2437 1287//2437 1288//2437
f  1235//2438 1240//2438 1289//2438
f  1288//2439 1236//2439 1235//2439
f  1235//2440 1289//2440 1288//2440
f  1288//2441 1289//2441 1290//2441
f  1288//2442 1290//2442 1286//2442
f  1291//2443 1292//2443 1265//2443
f  1265//2444 1292//2444 1266//2444
f  1293//2445 1294//2445 1271//2445
f  1271//2446 1294//2446 1272//2446
f  1295//2447 1296//2447 1263//2447
f  1263//2448 1296//2448 1262//2448
f  1297//2449 1298//2449 1259//2449
f  1259//2450 1298//2450 1258//2450
f  1299//2451 1300//2451 1242//2451
f  1242//2452 1300//2452 1243//2452
f  1301//2453 1302//2453 1252//2453
f  1252//2454 1302//2454 1253//2454
f  1233//2455 1234//2455 1303//2455
f  1233//2456 1303//2456 1231//2456
f  1304//2457 1305//2457 1303//2457
f  1303//2458 1305//2458 1306//2458
f  1303//2459 1306//2459 1231//2459
f  1307//2460 1308//2460 1309//2460
f  1309//2461 1308//2461 1310//2461
f  1309//2462 1310//2462 1311//2462
f  1310//2463 1312//2463 1311//2463
f  1311//2464 1312//2464 1313//2464
f  1311//2465 1313//2465 1314//2465
f  497//2466 496//2466 1315//2466
f  1315//2467 496//2467 1316//2467
f  1315//2468 1316//2468 1317//2468
f  1317//2469 1316//2469 1318//2469
f  1317//2470 1318//2470 1319//2470
f  1319//2471 1318//2471 1314//2471
f  1319//2472 1314//2472 1320//2472
f  1320//2473 1314//2473 1313//2473
f  496//2474 495//2474 1316//2474
f  1316//2475 495//2475 1321//2475
f  1316//2476 1321//2476 1318//2476
f  1318//2477 1321//2477 1322//2477
f  1318//2478 1322//2478 1314//2478
f  1314//2479 1322//2479 1323//2479
f  1314//2480 1323//2480 1311//2480
f  1311//2481 1323//2481 1324//2481
f  1311//2482 1324//2482 1309//2482
f  1309//2483 1324//2483 1325//2483
f  1309//2484 1325//2484 1307//2484
f  1307//2485 1325//2485 1326//2485
f  1327//2486 502//2486 501//2486
f  501//2487 1328//2487 1327//2487
f  1327//2488 1328//2488 1329//2488
f  1327//2489 1329//2489 1330//2489
f  1330//2490 1329//2490 1331//2490
f  1330//2491 1331//2491 1332//2491
f  1332//2492 1331//2492 1333//2492
f  1332//2493 1333//2493 1334//2493
f  1334//2494 1333//2494 1335//2494
f  1334//2495 1335//2495 1336//2495
f  1336//2496 1335//2496 1337//2496
f  1336//2497 1337//2497 1338//2497
f  1338//2498 1337//2498 1339//2498
f  1338//2499 1339//2499 1340//2499
f  1340//2500 1339//2500 1341//2500
f  1340//2501 1341//2501 1342//2501
f  1342//2502 1341//2502 1343//2502
f  1342//2503 1343//2503 1344//2503
f  1344//2504 1343//2504 1345//2504
f  1344//2505 1345//2505 1346//2505
f  1305//2506 1304//2506 1347//2506
f  1346//2507 1345//2507 1348//2507
f  1346//2508 1348//2508 1349//2508
f  1349//2509 1348//2509 1350//2509
f  1349//2510 1350//2510 1347//2510
f  1347//2511 1350//2511 1351//2511
f  1347//2512 1351//2512 1305//2512
f  1308//2513 1307//2513 1352//2513
f  1352//2514 1307//2514 1353//2514
f  1352//2515 1353//2515 1290//2515
f  1290//2516 1353//2516 1286//2516
f  1307//2517 1326//2517 1353//2517
f  1353//2518 1326//2518 1354//2518
f  1353//2519 1354//2519 1286//2519
f  1286//2520 1354//2520 1287//2520
f  1294//2521 1293//2521 1355//2521
f  1356//2522 1357//2522 1295//2522
f  1295//2523 1357//2523 1358//2523
f  1295//2524 1358//2524 1296//2524
f  1359//2525 1360//2525 1361//2525
f  1361//2526 1360//2526 1362//2526
f  1361//2527 1362//2527 1363//2527
f  1282//2528 1292//2528 1283//2528
f  1283//2529 1292//2529 1291//2529
f  1291//2530 1364//2530 1283//2530
f  1283//2531 1364//2531 1365//2531
f  1283//2532 1365//2532 1361//2532
f  1361//2533 1365//2533 1366//2533
f  1361//2534 1366//2534 1367//2534
f  1367//2535 1368//2535 1361//2535
f  1361//2536 1368//2536 1369//2536
f  1361//2537 1369//2537 1359//2537
f  1362//2538 1294//2538 1363//2538
f  1363//2539 1294//2539 1355//2539
f  1363//2540 1355//2540 1358//2540
f  1358//2541 1355//2541 1370//2541
f  1358//2542 1370//2542 1296//2542
f  1298//2543 1297//2543 1371//2543
f  1372//2544 1373//2544 1374//2544
f  1374//2545 1373//2545 1375//2545
f  1372//2546 1376//2546 1373//2546
f  1373//2547 1376//2547 1377//2547
f  1373//2548 1377//2548 1284//2548
f  1301//2549 1285//2549 1302//2549
f  1302//2550 1285//2550 1284//2550
f  1302//2551 1284//2551 1378//2551
f  1378//2552 1284//2552 1377//2552
f  1379//2553 1380//2553 1373//2553
f  1373//2554 1380//2554 1381//2554
f  1373//2555 1381//2555 1375//2555
f  1382//2556 1300//2556 1383//2556
f  1383//2557 1300//2557 1299//2557
f  1383//2558 1299//2558 1373//2558
f  1373//2559 1299//2559 1384//2559
f  1373//2560 1384//2560 1379//2560
f  1382//2561 1383//2561 1371//2561
f  1371//2562 1383//2562 1385//2562
f  1371//2563 1385//2563 1298//2563
f  1298//2564 1385//2564 1386//2564
f  1298//2565 1386//2565 1387//2565
f  1298//2566 1387//2566 1258//2566
f  1258//2567 1387//2567 1256//2567
f  1253//2568 1302//2568 1378//2568
f  1253//2569 1378//2569 1254//2569
f  1384//2570 1299//2570 1242//2570
f  1242//2571 1241//2571 1384//2571
f  1384//2572 1241//2572 1251//2572
f  1384//2573 1251//2573 1379//2573
f  1379//2574 1251//2574 1250//2574
f  1379//2575 1250//2575 1380//2575
f  1380//2576 1250//2576 1249//2576
f  1380//2577 1249//2577 1381//2577
f  1378//2578 1377//2578 1254//2578
f  1254//2579 1377//2579 1376//2579
f  1254//2580 1376//2580 1255//2580
f  1255//2581 1376//2581 1372//2581
f  1255//2582 1372//2582 1244//2582
f  1244//2583 1372//2583 1374//2583
f  1244//2584 1374//2584 1245//2584
f  1245//2585 1374//2585 1375//2585
f  1245//2586 1375//2586 1247//2586
f  1247//2587 1375//2587 1381//2587
f  1247//2588 1381//2588 1248//2588
f  1248//2589 1381//2589 1249//2589
f  1272//2590 1294//2590 1362//2590
f  1364//2591 1291//2591 1265//2591
f  1269//2592 1365//2592 1270//2592
f  1270//2593 1365//2593 1364//2593
f  1270//2594 1364//2594 1264//2594
f  1264//2595 1364//2595 1265//2595
f  1272//2596 1362//2596 1273//2596
f  1274//2597 1277//2597 1359//2597
f  1359//2598 1277//2598 1273//2598
f  1359//2599 1273//2599 1360//2599
f  1360//2600 1273//2600 1362//2600
f  1274//2601 1359//2601 1275//2601
f  1275//2602 1359//2602 1369//2602
f  1275//2603 1369//2603 1276//2603
f  1276//2604 1369//2604 1368//2604
f  1276//2605 1368//2605 1268//2605
f  1268//2606 1368//2606 1367//2606
f  1268//2607 1367//2607 1269//2607
f  1269//2608 1367//2608 1366//2608
f  1269//2609 1366//2609 1365//2609
f  1261//2610 1356//2610 1263//2610
f  1263//2611 1356//2611 1295//2611
f  1289//2612 1240//2612 1239//2612
f  1239//2612 1388//2612 1289//2612
f  1289//2613 1388//2613 1389//2613
f  1289//2613 1389//2613 1290//2613
f  1229//2614 1231//2614 1306//2614
f  1229//2614 1306//2614 1390//2614
f  1390//2615 1306//2615 1305//2615
f  1390//2616 1305//2616 1391//2616
f  498//2617 497//2617 1392//2617
f  1392//2618 497//2618 1315//2618
f  1392//2619 1315//2619 1393//2619
f  1393//2620 1315//2620 1317//2620
f  1393//2621 1317//2621 1394//2621
f  1394//2622 1317//2622 1319//2622
f  1394//2623 1319//2623 1395//2623
f  1395//2624 1319//2624 1320//2624
f  1395//2625 1320//2625 1396//2625
f  1396//2626 1320//2626 1313//2626
f  1396//2627 1313//2627 1397//2627
f  1397//2628 1313//2628 1312//2628
f  1397//2629 1312//2629 1398//2629
f  1398//2630 1312//2630 1310//2630
f  1398//2631 1310//2631 1399//2631
f  1399//2632 1310//2632 1308//2632
f  1399//2633 1308//2633 1400//2633
f  501//2634 500//2634 1328//2634
f  1328//2635 500//2635 1194//2635
f  1202//2636 1331//2636 1194//2636
f  1194//2637 1331//2637 1329//2637
f  1194//2638 1329//2638 1328//2638
f  1204//2639 1335//2639 1202//2639
f  1202//2640 1335//2640 1333//2640
f  1202//2641 1333//2641 1331//2641
f  1206//2642 1339//2642 1204//2642
f  1204//2643 1339//2643 1337//2643
f  1204//2644 1337//2644 1335//2644
f  1198//2645 1345//2645 1207//2645
f  1207//2646 1345//2646 1343//2646
f  1207//2647 1343//2647 1206//2647
f  1206//2648 1343//2648 1341//2648
f  1206//2649 1341//2649 1339//2649
f  1305//2650 1351//2650 1391//2650
f  1391//2651 1351//2651 1401//2651
f  1345//2652 1198//2652 1348//2652
f  1348//2653 1198//2653 1401//2653
f  1348//2654 1401//2654 1350//2654
f  1350//2655 1401//2655 1351//2655
f  1400//2656 1308//2656 1352//2656
f  1400//2657 1352//2657 1402//2657
f  1402//2658 1352//2658 1290//2658
f  1402//2659 1290//2659 1389//2659
f  1215//2660 480//2660 1214//2660
f  1214//2661 480//2661 483//2661
f  1216//2662 1190//2662 1403//2662
f  1222//2663 1404//2663 1223//2663
f  1223//2664 1404//2664 1405//2664
f  1223//2665 1405//2665 1224//2665
f  1224//2666 1405//2666 1406//2666
f  1224//2667 1406//2667 1225//2667
f  1225//2668 1406//2668 1407//2668
f  1225//2669 1407//2669 1226//2669
f  1226//2670 1407//2670 1408//2670
f  1226//2671 1408//2671 1227//2671
f  1227//2672 1408//2672 1409//2672
f  1227//2673 1409//2673 1228//2673
f  1228//2674 1409//2674 1410//2674
f  1228//2675 1410//2675 1215//2675
f  1216//2676 1403//2676 1217//2676
f  1217//2677 1403//2677 1411//2677
f  1217//2678 1411//2678 1218//2678
f  1218//2679 1411//2679 1412//2679
f  1218//2680 1412//2680 1219//2680
f  1219//2681 1412//2681 1413//2681
f  1219//2682 1413//2682 1220//2682
f  1220//2683 1413//2683 1414//2683
f  1220//2684 1414//2684 1221//2684
f  1221//2685 1414//2685 1415//2685
f  1221//2686 1415//2686 1222//2686
f  1222//2687 1415//2687 1416//2687
f  1222//2688 1416//2688 1404//2688
f  1410//2689 1417//2689 1215//2689
f  1215//2690 1417//2690 481//2690
f  1215//2691 481//2691 480//2691
f  1410//2692 1409//2692 1417//2692
f  1417//2692 1409//2692 1418//2692
f  1418//2693 1409//2693 1408//2693
f  1418//2694 1408//2694 1419//2694
f  1419//2695 1408//2695 1407//2695
f  1419//2696 1407//2696 1420//2696
f  1420//2697 1407//2697 1406//2697
f  1420//2697 1406//2697 1421//2697
f  1421//2698 1406//2698 1405//2698
f  1421//2698 1405//2698 1422//2698
f  1422//2699 1405//2699 1404//2699
f  1422//2699 1404//2699 1423//2699
f  1423//2700 1404//2700 1416//2700
f  1423//2700 1416//2700 1424//2700
f  1424//2701 1416//2701 1415//2701
f  1424//2702 1415//2702 1425//2702
f  1425//2703 1415//2703 1414//2703
f  1425//2704 1414//2704 1426//2704
f  1426//2705 1414//2705 1413//2705
f  1426//2706 1413//2706 1427//2706
f  1427//2707 1413//2707 1412//2707
f  1427//2708 1412//2708 1428//2708
f  1428//2709 1412//2709 1411//2709
f  1428//2709 1411//2709 1429//2709
f  1411//2710 1403//2710 1429//2710
f  1429//2710 1403//2710 1430//2710
f  1430//2711 1403//2711 489//2711
f  489//2712 1403//2712 1190//2712
f  489//2713 1190//2713 491//2713
f  513//2714 514//2714 1200//2714
f  1200//2715 514//2715 1431//2715
f  1200//2716 1431//2716 1201//2716
f  1201//2717 1431//2717 1203//2717
f  1432//2718 1433//2718 1199//2718
f  1199//2719 1433//2719 1434//2719
f  1432//2720 1199//2720 1431//2720
f  1431//2721 1199//2721 1205//2721
f  1431//2722 1205//2722 1203//2722
f  1434//2723 1435//2723 1199//2723
f  1199//2724 1435//2724 1436//2724
f  1199//2725 1436//2725 1437//2725
f  1195//2726 1197//2726 1191//2726
f  1191//2727 1197//2727 1199//2727
f  1191//2728 1199//2728 1438//2728
f  1438//2729 1199//2729 1437//2729
f  1438//2730 1437//2730 1439//2730
f  1440//2731 1400//2731 1402//2731
f  1281//2732 1230//2732 1229//2732
f  1239//2733 1238//2733 1278//2733
f  1386//2734 1385//2734 1357//2734
f  1357//2735 1385//2735 1383//2735
f  1357//2736 1383//2736 1373//2736
f  1278//2737 1283//2737 1239//2737
f  1239//2738 1283//2738 1361//2738
f  1239//2739 1361//2739 1363//2739
f  1198//2740 1196//2740 1401//2740
f  1401//2741 1196//2741 1193//2741
f  1401//2742 1193//2742 1391//2742
f  1391//2743 1193//2743 1192//2743
f  1390//2744 1391//2744 1388//2744
f  1388//2745 1391//2745 1192//2745
f  1388//2746 1192//2746 1389//2746
f  1389//2747 1192//2747 1441//2747
f  1389//2748 1441//2748 1402//2748
f  1402//2749 1441//2749 1442//2749
f  1402//2750 1442//2750 1440//2750
f  1373//2751 1284//2751 1357//2751
f  1357//2752 1284//2752 1281//2752
f  1357//2753 1281//2753 1358//2753
f  1358//2754 1281//2754 1229//2754
f  1358//2755 1229//2755 1363//2755
f  1363//2756 1229//2756 1390//2756
f  1363//2757 1390//2757 1239//2757
f  1239//2758 1390//2758 1388//2758
f  1438//2759 1441//2759 1191//2759
f  1191//2759 1441//2759 1192//2759
f  1431//2760 514//2760 498//2760
f  498//2761 1392//2761 1431//2761
f  1431//2762 1392//2762 1393//2762
f  1431//2762 1393//2762 1432//2762
f  1432//2763 1393//2763 1394//2763
f  1432//2763 1394//2763 1433//2763
f  1433//2764 1394//2764 1395//2764
f  1433//2765 1395//2765 1434//2765
f  1434//2766 1395//2766 1435//2766
f  1395//2767 1396//2767 1435//2767
f  1435//2768 1396//2768 1397//2768
f  1435//2769 1397//2769 1436//2769
f  1436//2770 1397//2770 1398//2770
f  1398//2771 1399//2771 1436//2771
f  1436//2772 1399//2772 1400//2772
f  1436//2773 1400//2773 1437//2773
f  1400//2774 1440//2774 1437//2774
f  1437//2775 1440//2775 1442//2775
f  1437//2776 1442//2776 1439//2776
f  1439//2777 1442//2777 1441//2777
f  1439//2777 1441//2777 1438//2777
f  1303//2778 1355//2778 1293//2778
f  1257//2779 1260//2779 1259//2779
f  1259//2780 1260//2780 1262//2780
f  1234//2781 1232//2781 1280//2781
f  1262//2782 1252//2782 1246//2782
f  1280//2783 1262//2783 1296//2783
f  1246//2784 1243//2784 1262//2784
f  1262//2785 1243//2785 1300//2785
f  1262//2786 1300//2786 1382//2786
f  1280//2787 1285//2787 1262//2787
f  1262//2788 1285//2788 1301//2788
f  1262//2789 1301//2789 1252//2789
f  1236//2790 1304//2790 1303//2790
f  1382//2791 1371//2791 1262//2791
f  1262//2792 1371//2792 1297//2792
f  1262//2793 1297//2793 1259//2793
f  1303//2794 1234//2794 1355//2794
f  1355//2795 1234//2795 1280//2795
f  1355//2796 1280//2796 1370//2796
f  1370//2797 1280//2797 1296//2797
f  1293//2798 1271//2798 1303//2798
f  1303//2799 1271//2799 1267//2799
f  1303//2800 1267//2800 1236//2800
f  1236//2801 1267//2801 1266//2801
f  1236//2802 1266//2802 1292//2802
f  1349//2803 1427//2803 1346//2803
f  1346//2804 1427//2804 1428//2804
f  1324//2805 1323//2805 1417//2805
f  1417//2806 1323//2806 1322//2806
f  1417//2807 1322//2807 481//2807
f  481//2808 1322//2808 1321//2808
f  481//2809 1321//2809 495//2809
f  1292//2810 1282//2810 1236//2810
f  1236//2811 1282//2811 1279//2811
f  1236//2812 1279//2812 1237//2812
f  1324//2813 1417//2813 1325//2813
f  1325//2814 1417//2814 1418//2814
f  1325//2815 1418//2815 1326//2815
f  1326//2816 1418//2816 1419//2816
f  1326//2817 1419//2817 1354//2817
f  1354//2818 1419//2818 1420//2818
f  1354//2819 1420//2819 1287//2819
f  1287//2820 1420//2820 1421//2820
f  1287//2821 1421//2821 1288//2821
f  1288//2822 1421//2822 1422//2822
f  1288//2823 1422//2823 1236//2823
f  1236//2824 1422//2824 1423//2824
f  1236//2825 1423//2825 1424//2825
f  1349//2826 1347//2826 1427//2826
f  1427//2827 1347//2827 1304//2827
f  1427//2828 1304//2828 1426//2828
f  1426//2829 1304//2829 1236//2829
f  1426//2830 1236//2830 1425//2830
f  1425//2831 1236//2831 1424//2831
f  489//2832 502//2832 1327//2832
f  1336//2833 1338//2833 1430//2833
f  1430//2834 1338//2834 1340//2834
f  1430//2835 1340//2835 1429//2835
f  1429//2836 1340//2836 1342//2836
f  1429//2837 1342//2837 1428//2837
f  1428//2838 1342//2838 1344//2838
f  1428//2839 1344//2839 1346//2839
f  1327//2840 1330//2840 489//2840
f  489//2841 1330//2841 1332//2841
f  489//2842 1332//2842 1430//2842
f  1430//2843 1332//2843 1334//2843
f  1430//2844 1334//2844 1336//2844
f  1211//2845 1212//2845 1188//2845
f  1188//2846 1212//2846 1213//2846
f  1188//2847 1213//2847 3//2847
f  5//2848 1187//2848 3//2848
f  3//2849 1187//2849 1188//2849
f  1177//2850 1179//2850 1210//2850
f  1210//2851 1179//2851 1208//2851
f  1210//2852 1208//2852 1209//2852
f  1256//2853 1387//2853 1386//2853
f  1357//2854 1356//2854 1261//2854
f  1260//2855 1257//2855 1261//2855
f  1261//2856 1257//2856 1256//2856
f  1261//2857 1256//2857 1357//2857
f  1357//2858 1256//2858 1386//2858
f  1443//2859 1444//2859 1445//2859
f  1445//2860 1444//2860 1446//2860
f  1445//2861 1446//2861 1447//2861
f  1447//2862 1446//2862 1448//2862
f  1448//2863 1446//2863 1449//2863
f  1448//2864 1449//2864 1450//2864
f  1450//2865 1449//2865 1451//2865
f  1451//2866 1449//2866 1452//2866
f  1451//2867 1452//2867 1453//2867
f  1453//2868 1452//2868 1454//2868
f  1453//2869 1454//2869 1455//2869
f  1455//2870 1454//2870 1456//2870
f  1455//2871 1456//2871 1457//2871
f  1457//2872 1456//2872 1458//2872
f  1458//2873 1456//2873 1459//2873
f  1458//2874 1459//2874 1460//2874
f  1461//2875 1462//2875 1463//2875
f  1464//2876 1465//2876 1466//2876
f  1466//2877 1465//2877 1467//2877
f  1466//2878 1467//2878 1463//2878
f  1463//2879 1467//2879 1468//2879
f  1463//2880 1468//2880 1461//2880
f  1466//2881 1469//2881 1464//2881
f  1464//2882 1469//2882 1470//2882
f  1464//2883 1470//2883 1471//2883
f  1471//2884 1470//2884 1472//2884
f  1471//2885 1472//2885 1473//2885
f  1473//2886 1472//2886 1474//2886
f  1473//2887 1474//2887 1475//2887
f  1476//2888 1477//2888 1478//2888
f  1479//2889 1480//2889 1476//2889
f  1476//2890 1480//2890 1481//2890
f  1476//2891 1481//2891 1477//2891
f  1482//2892 1483//2892 1484//2892
f  1482//2893 1484//2893 1485//2893
f  1484//2894 1486//2894 1485//2894
f  1485//2895 1486//2895 1487//2895
f  1485//2896 1487//2896 1488//2896
f  1488//2897 1487//2897 1489//2897
f  1488//2898 1489//2898 1478//2898
f  1478//2899 1489//2899 1490//2899
f  1478//2900 1490//2900 1476//2900
f  1483//2901 1482//2901 1491//2901
f  1491//2902 1482//2902 1492//2902
f  1491//2903 1492//2903 1493//2903
f  1493//2904 1492//2904 1494//2904
f  1493//2905 1494//2905 1495//2905
f  1494//2906 1496//2906 1495//2906
f  1495//2907 1496//2907 1497//2907
f  1495//2908 1497//2908 1498//2908
f  1499//2909 1500//2909 1501//2909
f  1501//2910 1500//2910 1502//2910
f  1501//2911 1502//2911 1503//2911
f  1504//2912 1505//2912 1506//2912
f  1506//2913 1505//2913 1507//2913
f  1506//2914 1507//2914 1508//2914
f  1509//2915 1510//2915 1506//2915
f  1506//2916 1510//2916 1511//2916
f  1506//2917 1511//2917 1504//2917
f  1512//2918 1513//2918 1506//2918
f  1506//2919 1513//2919 1514//2919
f  1506//2920 1514//2920 1509//2920
f  1512//2921 1506//2921 1515//2921
f  1515//2922 1506//2922 1516//2922
f  1515//2923 1516//2923 1517//2923
f  1518//2924 1519//2924 1520//2924
f  1508//2925 1521//2925 1506//2925
f  1506//2926 1521//2926 1519//2926
f  1519//2927 1521//2927 1522//2927
f  1519//2928 1522//2928 1520//2928
f  1518//2929 1520//2929 1523//2929
f  1518//2930 1523//2930 1524//2930
f  1524//2931 1523//2931 1525//2931
f  1524//2932 1525//2932 1526//2932
f  1526//2933 1525//2933 1527//2933
f  1526//2934 1527//2934 1528//2934
f  1528//2935 1527//2935 1529//2935
f  1528//2936 1529//2936 1530//2936
f  1530//2937 1529//2937 1531//2937
f  1530//2938 1531//2938 1532//2938
f  1532//2939 1531//2939 1533//2939
f  1532//2940 1533//2940 1534//2940
f  1534//2941 1533//2941 1535//2941
f  1534//2942 1535//2942 1536//2942
f  1537//2943 1538//2943 1539//2943
f  1540//2944 1541//2944 1542//2944
f  1542//2945 1541//2945 1543//2945
f  1542//2946 1543//2946 1539//2946
f  1539//2947 1543//2947 1544//2947
f  1539//2948 1544//2948 1537//2948
f  1545//2949 1546//2949 1540//2949
f  1540//2950 1546//2950 1547//2950
f  1540//2951 1547//2951 1541//2951
f  1548//2952 1549//2952 1545//2952
f  1545//2953 1549//2953 1550//2953
f  1545//2954 1550//2954 1546//2954
f  1551//2955 1552//2955 1548//2955
f  1548//2956 1552//2956 1553//2956
f  1548//2957 1553//2957 1549//2957
f  1535//2958 1554//2958 1536//2958
f  1536//2959 1554//2959 1555//2959
f  1536//2960 1555//2960 1551//2960
f  1551//2961 1555//2961 1556//2961
f  1551//2962 1556//2962 1552//2962
f  1557//2963 1558//2963 1559//2963
f  1559//2964 1558//2964 1560//2964
f  1538//2965 1537//2965 1561//2965
f  1538//2966 1561//2966 1560//2966
f  1560//2967 1561//2967 1562//2967
f  1560//2968 1562//2968 1559//2968
f  1502//2969 1563//2969 1503//2969
f  1503//2970 1563//2970 1564//2970
f  1503//2971 1564//2971 1565//2971
f  1565//2972 1564//2972 1566//2972
f  1565//2973 1566//2973 1567//2973
f  1567//2974 1566//2974 1568//2974
f  1567//2975 1568//2975 1557//2975
f  1557//2976 1568//2976 1569//2976
f  1557//2977 1569//2977 1558//2977
f  1517//2978 1516//2978 1570//2978
f  1570//2979 1516//2979 1571//2979
f  1570//2980 1571//2980 1572//2980
f  1572//2981 1571//2981 1573//2981
f  1573//2982 1571//2982 1574//2982
f  1573//2983 1574//2983 1575//2983
f  1575//2984 1574//2984 1498//2984
f  1575//2985 1498//2985 1497//2985
f  1576//2986 1577//2986 1578//2986
f  1578//2987 1577//2987 1579//2987
f  1576//2988 1578//2988 1580//2988
f  1580//2989 1578//2989 1581//2989
f  1580//2990 1581//2990 1582//2990
f  1582//2991 1581//2991 1583//2991
f  1582//2992 1583//2992 1584//2992
f  1584//2993 1583//2993 1585//2993
f  1585//2994 1583//2994 1586//2994
f  1585//2995 1586//2995 1587//2995
f  1587//2996 1586//2996 1588//2996
f  1587//2997 1588//2997 1589//2997
f  1589//2998 1588//2998 1590//2998
f  1589//2999 1590//2999 1591//2999
f  1591//3000 1590//3000 1592//3000
f  1591//3001 1592//3001 1593//3001
f  1594//3002 1595//3002 1596//3002
f  1596//3003 1595//3003 1500//3003
f  1596//3004 1500//3004 1499//3004
f  1597//3005 1598//3005 1599//3005
f  1599//3006 1598//3006 1600//3006
f  1599//3007 1600//3007 1601//3007
f  1601//3008 1600//3008 1602//3008
f  1601//3009 1602//3009 1603//3009
f  1603//3010 1602//3010 1604//3010
f  1603//3011 1604//3011 1605//3011
f  1605//3012 1604//3012 1606//3012
f  1605//3013 1606//3013 1607//3013
f  1599//3014 1608//3014 1597//3014
f  1597//3015 1608//3015 1609//3015
f  1597//3016 1609//3016 1610//3016
f  1610//3017 1609//3017 1611//3017
f  1610//3018 1611//3018 1612//3018
f  1612//3019 1611//3019 1613//3019
f  1614//3020 1615//3020 1616//3020
f  1611//3021 1617//3021 1613//3021
f  1613//3022 1617//3022 1618//3022
f  1613//3023 1618//3023 1619//3023
f  1619//3024 1618//3024 1620//3024
f  1619//3025 1620//3025 1621//3025
f  1621//3026 1620//3026 1622//3026
f  1621//3027 1622//3027 1623//3027
f  1623//3028 1622//3028 1624//3028
f  1623//3029 1624//3029 1625//3029
f  1625//3030 1624//3030 1616//3030
f  1625//3031 1616//3031 1626//3031
f  1626//3032 1616//3032 1615//3032
f  1627//3033 1628//3033 1629//3033
f  1629//3034 1628//3034 1630//3034
f  1629//3035 1630//3035 1616//3035
f  1616//3036 1630//3036 1614//3036
f  1631//3037 1632//3037 1633//3037
f  1633//3038 1632//3038 1634//3038
f  1634//3039 1635//3039 1633//3039
f  1633//3040 1635//3040 1636//3040
f  1633//3041 1636//3041 1637//3041
f  1637//3042 1636//3042 1638//3042
f  1637//3043 1638//3043 1639//3043
f  1639//3044 1638//3044 1640//3044
f  1639//3045 1640//3045 1627//3045
f  1627//3046 1640//3046 1641//3046
f  1627//3047 1641//3047 1628//3047
f  1642//3048 1643//3048 1631//3048
f  1631//3049 1643//3049 1644//3049
f  1631//3050 1644//3050 1632//3050
f  1642//3051 1645//3051 1643//3051
f  1643//3052 1645//3052 1646//3052
f  1643//3053 1646//3053 1647//3053
f  1647//3054 1646//3054 1648//3054
f  1647//3055 1648//3055 1649//3055
f  1649//3056 1648//3056 1593//3056
f  1649//3057 1593//3057 1592//3057
f  1606//3058 1650//3058 1607//3058
f  1607//3059 1650//3059 1651//3059
f  1607//3060 1651//3060 1652//3060
f  1652//3061 1651//3061 1653//3061
f  1594//3062 1654//3062 1595//3062
f  1595//3063 1654//3063 1655//3063
f  1595//3064 1655//3064 1653//3064
f  1653//3065 1655//3065 1656//3065
f  1653//3066 1656//3066 1652//3066
f  1500//3067 1657//3067 1502//3067
f  1502//3068 1657//3068 1658//3068
f  1502//3069 1658//3069 1563//3069
f  1563//3070 1658//3070 1659//3070
f  1563//3071 1659//3071 1564//3071
f  1564//3072 1659//3072 1566//3072
f  1566//3073 1659//3073 1660//3073
f  1566//3074 1660//3074 1568//3074
f  1568//3075 1660//3075 1661//3075
f  1568//3076 1661//3076 1569//3076
f  1662//3077 1560//3077 1661//3077
f  1661//3078 1560//3078 1558//3078
f  1661//3079 1558//3079 1569//3079
f  1540//3080 1542//3080 1663//3080
f  1542//3081 1539//3081 1663//3081
f  1663//3082 1539//3082 1662//3082
f  1662//3083 1539//3083 1538//3083
f  1662//3084 1538//3084 1560//3084
f  1551//3085 1548//3085 1663//3085
f  1663//3086 1548//3086 1545//3086
f  1663//3087 1545//3087 1540//3087
f  1528//3088 1664//3088 1665//3088
f  1528//3089 1530//3089 1664//3089
f  1664//3090 1530//3090 1532//3090
f  1664//3091 1532//3091 1666//3091
f  1666//3092 1532//3092 1534//3092
f  1666//3093 1534//3093 1663//3093
f  1663//3094 1534//3094 1536//3094
f  1663//3095 1536//3095 1551//3095
f  1498//3096 1574//3096 1667//3096
f  1667//3097 1574//3097 1668//3097
f  1668//3098 1574//3098 1571//3098
f  1668//3099 1571//3099 1669//3099
f  1669//3100 1571//3100 1516//3100
f  1669//3101 1516//3101 1670//3101
f  1670//3102 1516//3102 1506//3102
f  1670//3103 1506//3103 1671//3103
f  1671//3104 1506//3104 1519//3104
f  1671//3105 1519//3105 1665//3105
f  1665//3106 1519//3106 1518//3106
f  1518//3107 1524//3107 1665//3107
f  1665//3108 1524//3108 1526//3108
f  1665//3109 1526//3109 1528//3109
f  1672//3110 1673//3110 1491//3110
f  1491//3111 1673//3111 1483//3111
f  1667//3112 1674//3112 1498//3112
f  1498//3113 1674//3113 1675//3113
f  1498//3114 1675//3114 1495//3114
f  1495//3115 1675//3115 1672//3115
f  1495//3116 1672//3116 1493//3116
f  1493//3117 1672//3117 1491//3117
f  1489//3118 1676//3118 1677//3118
f  1489//3119 1487//3119 1676//3119
f  1676//3120 1487//3120 1486//3120
f  1676//3121 1486//3121 1673//3121
f  1673//3122 1486//3122 1484//3122
f  1673//3123 1484//3123 1483//3123
f  1678//3124 1479//3124 1679//3124
f  1679//3125 1479//3125 1476//3125
f  1679//3126 1476//3126 1677//3126
f  1677//3127 1476//3127 1490//3127
f  1677//3128 1490//3128 1489//3128
f  1680//3129 1681//3129 1682//3129
f  1499//3130 1501//3130 1681//3130
f  1681//3131 1501//3131 1683//3131
f  1681//3132 1683//3132 1682//3132
f  1684//3133 1685//3133 1686//3133
f  1686//3134 1685//3134 1687//3134
f  1686//3135 1687//3135 1688//3135
f  1684//3136 1680//3136 1685//3136
f  1685//3137 1680//3137 1682//3137
f  1685//3138 1682//3138 1687//3138
f  1687//3139 1682//3139 1689//3139
f  1501//3140 1503//3140 1683//3140
f  1683//3141 1503//3141 1690//3141
f  1683//3142 1690//3142 1682//3142
f  1682//3143 1690//3143 1691//3143
f  1682//3144 1691//3144 1689//3144
f  1575//3145 1497//3145 1692//3145
f  1693//3146 1694//3146 1695//3146
f  1696//3147 1697//3147 1698//3147
f  1699//3148 1700//3148 1701//3148
f  1702//3149 1703//3149 1704//3149
f  1565//3150 1567//3150 1705//3150
f  1503//3151 1565//3151 1690//3151
f  1690//3152 1565//3152 1705//3152
f  1690//3153 1705//3153 1691//3153
f  1691//3154 1705//3154 1689//3154
f  1689//3155 1705//3155 1687//3155
f  1687//3156 1705//3156 1706//3156
f  1687//3157 1706//3157 1688//3157
f  1707//3158 1708//3158 1705//3158
f  1705//3159 1708//3159 1709//3159
f  1705//3160 1709//3160 1706//3160
f  1710//3161 1711//3161 1712//3161
f  1712//3162 1711//3162 1713//3162
f  1713//3163 1711//3163 1714//3163
f  1714//3164 1711//3164 1715//3164
f  1714//3165 1715//3165 1716//3165
f  1716//3166 1715//3166 1717//3166
f  1716//3167 1717//3167 1718//3167
f  1718//3168 1717//3168 1719//3168
f  1718//3169 1719//3169 1720//3169
f  1720//3170 1719//3170 1721//3170
f  1720//3171 1721//3171 1722//3171
f  1722//3172 1721//3172 1723//3172
f  1722//3173 1723//3173 1724//3173
f  1724//3174 1723//3174 1725//3174
f  1724//3175 1725//3175 1726//3175
f  1726//3176 1725//3176 1727//3176
f  1727//3177 1725//3177 1728//3177
f  1727//3178 1728//3178 1729//3178
f  1729//3179 1728//3179 1730//3179
f  1729//3180 1730//3180 1704//3180
f  1731//3181 1732//3181 1702//3181
f  1702//3182 1732//3182 1733//3182
f  1702//3183 1733//3183 1703//3183
f  1699//3184 1701//3184 1734//3184
f  1734//3185 1701//3185 1735//3185
f  1734//3186 1735//3186 1736//3186
f  1736//3187 1735//3187 1475//3187
f  1475//3188 1735//3188 1695//3188
f  1475//3189 1695//3189 1473//3189
f  1467//3190 1465//3190 1694//3190
f  1694//3191 1465//3191 1464//3191
f  1694//3192 1464//3192 1695//3192
f  1695//3193 1464//3193 1471//3193
f  1695//3194 1471//3194 1473//3194
f  1693//3195 1696//3195 1694//3195
f  1694//3196 1696//3196 1698//3196
f  1694//3197 1698//3197 1467//3197
f  1467//3198 1698//3198 1737//3198
f  1467//3199 1737//3199 1468//3199
f  1468//3200 1737//3200 1461//3200
f  1692//3201 1738//3201 1739//3201
f  1739//3202 1738//3202 1740//3202
f  1740//3203 1738//3203 1741//3203
f  1740//3204 1741//3204 1742//3204
f  1743//3205 1573//3205 1575//3205
f  1573//3206 1743//3206 1572//3206
f  1572//3207 1743//3207 1744//3207
f  1572//3208 1744//3208 1570//3208
f  1570//3209 1744//3209 1517//3209
f  1517//3210 1744//3210 1745//3210
f  1517//3211 1745//3211 1515//3211
f  1515//3212 1745//3212 1512//3212
f  1512//3213 1745//3213 1746//3213
f  1512//3214 1746//3214 1513//3214
f  1520//3215 1522//3215 1747//3215
f  1747//3216 1522//3216 1521//3216
f  1504//3217 1511//3217 1747//3217
f  1504//3218 1747//3218 1505//3218
f  1747//3219 1508//3219 1507//3219
f  1747//3220 1507//3220 1505//3220
f  1747//3221 1521//3221 1508//3221
f  1511//3222 1510//3222 1747//3222
f  1747//3223 1510//3223 1509//3223
f  1747//3224 1509//3224 1746//3224
f  1746//3225 1509//3225 1514//3225
f  1746//3226 1514//3226 1513//3226
f  1748//3227 1529//3227 1749//3227
f  1749//3228 1529//3228 1527//3228
f  1749//3229 1527//3229 1750//3229
f  1750//3230 1527//3230 1525//3230
f  1750//3231 1525//3231 1751//3231
f  1751//3232 1525//3232 1523//3232
f  1751//3233 1523//3233 1752//3233
f  1753//3234 1533//3234 1748//3234
f  1748//3235 1533//3235 1531//3235
f  1748//3236 1531//3236 1529//3236
f  1754//3237 1555//3237 1755//3237
f  1755//3238 1555//3238 1554//3238
f  1755//3239 1554//3239 1753//3239
f  1753//3240 1554//3240 1535//3240
f  1753//3241 1535//3241 1533//3241
f  1550//3242 1549//3242 1707//3242
f  1541//3243 1547//3243 1707//3243
f  1707//3244 1547//3244 1546//3244
f  1707//3245 1546//3245 1550//3245
f  1537//3246 1544//3246 1707//3246
f  1707//3247 1544//3247 1543//3247
f  1707//3248 1543//3248 1541//3248
f  1561//3249 1537//3249 1707//3249
f  1549//3250 1553//3250 1707//3250
f  1707//3251 1553//3251 1552//3251
f  1707//3252 1552//3252 1754//3252
f  1754//3253 1552//3253 1556//3253
f  1754//3254 1556//3254 1555//3254
f  1567//3255 1557//3255 1705//3255
f  1705//3256 1557//3256 1559//3256
f  1705//3257 1559//3257 1707//3257
f  1707//3258 1559//3258 1562//3258
f  1707//3259 1562//3259 1561//3259
f  1575//3260 1692//3260 1743//3260
f  1743//3261 1692//3261 1739//3261
f  1743//3262 1739//3262 1744//3262
f  1744//3263 1739//3263 1756//3263
f  1744//3264 1756//3264 1745//3264
f  1745//3265 1756//3265 1757//3265
f  1745//3266 1757//3266 1746//3266
f  1746//3267 1757//3267 1758//3267
f  1746//3268 1758//3268 1747//3268
f  1712//3269 1708//3269 1710//3269
f  1710//3270 1708//3270 1707//3270
f  1710//3271 1707//3271 1711//3271
f  1711//3272 1707//3272 1754//3272
f  1711//3273 1754//3273 1715//3273
f  1715//3274 1754//3274 1755//3274
f  1715//3275 1755//3275 1717//3275
f  1717//3276 1755//3276 1753//3276
f  1717//3277 1753//3277 1719//3277
f  1719//3278 1753//3278 1748//3278
f  1719//3279 1748//3279 1721//3279
f  1721//3280 1748//3280 1749//3280
f  1721//3281 1749//3281 1723//3281
f  1723//3282 1749//3282 1750//3282
f  1723//3283 1750//3283 1725//3283
f  1725//3284 1750//3284 1751//3284
f  1725//3285 1751//3285 1728//3285
f  1728//3286 1751//3286 1752//3286
f  1728//3287 1752//3287 1730//3287
f  1739//3288 1731//3288 1756//3288
f  1756//3289 1731//3289 1702//3289
f  1756//3290 1702//3290 1757//3290
f  1757//3291 1702//3291 1704//3291
f  1757//3292 1704//3292 1758//3292
f  1758//3293 1704//3293 1730//3293
f  1758//3294 1730//3294 1747//3294
f  1747//3295 1730//3295 1752//3295
f  1747//3296 1752//3296 1520//3296
f  1520//3297 1752//3297 1523//3297
f  1699//3298 1732//3298 1700//3298
f  1700//3299 1732//3299 1731//3299
f  1700//3300 1731//3300 1701//3300
f  1701//3301 1731//3301 1739//3301
f  1701//3302 1739//3302 1735//3302
f  1735//3303 1739//3303 1740//3303
f  1735//3304 1740//3304 1695//3304
f  1695//3305 1740//3305 1742//3305
f  1695//3306 1742//3306 1693//3306
f  1693//3307 1742//3307 1741//3307
f  1759//3308 1697//3308 1696//3308
f  1760//3309 1761//3309 1762//3309
f  1481//3310 1480//3310 1760//3310
f  1481//3311 1760//3311 1477//3311
f  1477//3312 1760//3312 1762//3312
f  1477//3313 1762//3313 1478//3313
f  1492//3314 1482//3314 1763//3314
f  1763//3315 1482//3315 1485//3315
f  1763//3316 1485//3316 1762//3316
f  1762//3317 1485//3317 1488//3317
f  1762//3318 1488//3318 1478//3318
f  1492//3319 1763//3319 1494//3319
f  1494//3320 1763//3320 1764//3320
f  1494//3321 1764//3321 1496//3321
f  1496//3322 1764//3322 1692//3322
f  1496//3323 1692//3323 1497//3323
f  1738//3324 1692//3324 1741//3324
f  1741//3325 1692//3325 1764//3325
f  1741//3326 1764//3326 1693//3326
f  1693//3327 1764//3327 1763//3327
f  1693//3328 1763//3328 1696//3328
f  1696//3329 1763//3329 1762//3329
f  1696//3330 1762//3330 1759//3330
f  1759//3331 1762//3331 1761//3331
f  1657//3332 1500//3332 1765//3332
f  1765//3333 1500//3333 1595//3333
f  1765//3334 1595//3334 1766//3334
f  1766//3335 1595//3335 1653//3335
f  1766//3336 1653//3336 1767//3336
f  1767//3337 1653//3337 1768//3337
f  1653//3338 1651//3338 1768//3338
f  1768//3339 1651//3339 1650//3339
f  1768//3340 1650//3340 1769//3340
f  1769//3341 1650//3341 1606//3341
f  1769//3342 1606//3342 1770//3342
f  1770//3343 1606//3343 1604//3343
f  1770//3344 1604//3344 1602//3344
f  1771//3345 1772//3345 1643//3345
f  1602//3346 1600//3346 1770//3346
f  1770//3347 1600//3347 1598//3347
f  1770//3348 1598//3348 1773//3348
f  1773//3349 1598//3349 1597//3349
f  1773//3350 1597//3350 1774//3350
f  1774//3351 1597//3351 1610//3351
f  1774//3352 1610//3352 1612//3352
f  1643//3353 1772//3353 1644//3353
f  1644//3354 1772//3354 1775//3354
f  1644//3355 1775//3355 1632//3355
f  1632//3356 1775//3356 1776//3356
f  1632//3357 1776//3357 1634//3357
f  1777//3358 1778//3358 1592//3358
f  1592//3359 1778//3359 1779//3359
f  1592//3360 1779//3360 1649//3360
f  1649//3361 1779//3361 1771//3361
f  1649//3362 1771//3362 1647//3362
f  1647//3363 1771//3363 1643//3363
f  1630//3364 1780//3364 1781//3364
f  1630//3365 1781//3365 1614//3365
f  1614//3366 1781//3366 1615//3366
f  1638//3367 1636//3367 1776//3367
f  1776//3368 1636//3368 1635//3368
f  1776//3369 1635//3369 1634//3369
f  1630//3370 1628//3370 1780//3370
f  1780//3371 1628//3371 1641//3371
f  1780//3372 1641//3372 1776//3372
f  1776//3373 1641//3373 1640//3373
f  1776//3374 1640//3374 1638//3374
f  1623//3375 1625//3375 1781//3375
f  1781//3376 1625//3376 1626//3376
f  1781//3377 1626//3377 1615//3377
f  1612//3378 1613//3378 1774//3378
f  1774//3379 1613//3379 1619//3379
f  1774//3380 1619//3380 1781//3380
f  1781//3381 1619//3381 1621//3381
f  1781//3382 1621//3382 1623//3382
f  1592//3383 1590//3383 1777//3383
f  1777//3384 1590//3384 1588//3384
f  1777//3385 1588//3385 1782//3385
f  1782//3386 1588//3386 1586//3386
f  1782//3387 1586//3387 1783//3387
f  1783//3388 1586//3388 1583//3388
f  1783//3389 1583//3389 1784//3389
f  1784//3390 1583//3390 1581//3390
f  1784//3391 1581//3391 1785//3391
f  1785//3392 1581//3392 1578//3392
f  1785//3393 1578//3393 1786//3393
f  1786//3394 1578//3394 1579//3394
f  1787//3395 1684//3395 1686//3395
f  1787//3396 1686//3396 1788//3396
f  1789//3397 1788//3397 1790//3397
f  1790//3398 1788//3398 1686//3398
f  1790//3399 1686//3399 1791//3399
f  1791//3400 1686//3400 1688//3400
f  1791//3401 1688//3401 1792//3401
f  1658//3402 1657//3402 1789//3402
f  1793//3403 1672//3403 1675//3403
f  1789//3404 1790//3404 1658//3404
f  1658//3405 1790//3405 1791//3405
f  1658//3406 1791//3406 1659//3406
f  1659//3407 1791//3407 1792//3407
f  1659//3408 1792//3408 1660//3408
f  1660//3409 1792//3409 1794//3409
f  1660//3410 1794//3410 1661//3410
f  1661//3411 1794//3411 1795//3411
f  1661//3412 1795//3412 1662//3412
f  1662//3413 1795//3413 1796//3413
f  1662//3414 1796//3414 1663//3414
f  1663//3415 1796//3415 1797//3415
f  1663//3416 1797//3416 1666//3416
f  1666//3417 1797//3417 1798//3417
f  1666//3418 1798//3418 1664//3418
f  1664//3419 1798//3419 1799//3419
f  1664//3420 1799//3420 1665//3420
f  1665//3421 1799//3421 1800//3421
f  1665//3422 1800//3422 1671//3422
f  1671//3423 1800//3423 1801//3423
f  1671//3424 1801//3424 1670//3424
f  1670//3425 1801//3425 1802//3425
f  1670//3426 1802//3426 1669//3426
f  1669//3427 1802//3427 1803//3427
f  1669//3428 1803//3428 1668//3428
f  1668//3429 1803//3429 1804//3429
f  1668//3430 1804//3430 1667//3430
f  1667//3431 1804//3431 1805//3431
f  1667//3432 1805//3432 1674//3432
f  1674//3433 1805//3433 1806//3433
f  1674//3434 1806//3434 1675//3434
f  1675//3435 1806//3435 1807//3435
f  1675//3436 1807//3436 1793//3436
f  1808//3437 1809//3437 1673//3437
f  1673//3438 1809//3438 1676//3438
f  1793//3439 1810//3439 1672//3439
f  1672//3440 1810//3440 1811//3440
f  1672//3441 1811//3441 1673//3441
f  1673//3442 1811//3442 1812//3442
f  1673//3443 1812//3443 1808//3443
f  1813//3444 1814//3444 1815//3444
f  1809//3445 1816//3445 1676//3445
f  1676//3446 1816//3446 1817//3446
f  1676//3447 1817//3447 1677//3447
f  1677//3448 1817//3448 1813//3448
f  1677//3449 1813//3449 1679//3449
f  1679//3450 1813//3450 1815//3450
f  1679//3451 1815//3451 1678//3451
f  1792//3452 1688//3452 1706//3452
f  1792//3453 1706//3453 1794//3453
f  1794//3454 1706//3454 1709//3454
f  1794//3455 1709//3455 1795//3455
f  1795//3456 1709//3456 1708//3456
f  1795//3457 1708//3457 1796//3457
f  1474//3458 1807//3458 1806//3458
f  1708//3459 1712//3459 1796//3459
f  1796//3460 1712//3460 1713//3460
f  1796//3461 1713//3461 1797//3461
f  1713//3462 1714//3462 1797//3462
f  1797//3463 1714//3463 1716//3463
f  1797//3464 1716//3464 1798//3464
f  1798//3465 1716//3465 1718//3465
f  1798//3466 1718//3466 1799//3466
f  1718//3467 1720//3467 1799//3467
f  1799//3468 1720//3468 1722//3468
f  1799//3469 1722//3469 1800//3469
f  1722//3470 1724//3470 1800//3470
f  1800//3471 1724//3471 1726//3471
f  1800//3472 1726//3472 1801//3472
f  1726//3473 1727//3473 1801//3473
f  1801//3474 1727//3474 1729//3474
f  1801//3475 1729//3475 1802//3475
f  1802//3476 1729//3476 1704//3476
f  1802//3477 1704//3477 1803//3477
f  1704//3478 1703//3478 1803//3478
f  1803//3479 1703//3479 1733//3479
f  1803//3480 1733//3480 1804//3480
f  1804//3481 1733//3481 1732//3481
f  1804//3482 1732//3482 1805//3482
f  1805//3483 1732//3483 1699//3483
f  1805//3484 1699//3484 1806//3484
f  1806//3485 1699//3485 1734//3485
f  1806//3486 1734//3486 1474//3486
f  1474//3487 1734//3487 1736//3487
f  1474//3488 1736//3488 1475//3488
f  1461//3489 1737//3489 1462//3489
f  1462//3490 1737//3490 1815//3490
f  1462//3491 1815//3491 1814//3491
f  1793//3492 1807//3492 1474//3492
f  1793//3493 1474//3493 1810//3493
f  1474//3494 1472//3494 1810//3494
f  1810//3495 1472//3495 1470//3495
f  1810//3496 1470//3496 1811//3496
f  1469//3497 1808//3497 1470//3497
f  1470//3498 1808//3498 1812//3498
f  1470//3499 1812//3499 1811//3499
f  1813//3500 1817//3500 1466//3500
f  1466//3501 1817//3501 1816//3501
f  1466//3502 1816//3502 1469//3502
f  1469//3503 1816//3503 1809//3503
f  1469//3504 1809//3504 1808//3504
f  1466//3505 1463//3505 1813//3505
f  1813//3506 1463//3506 1462//3506
f  1813//3507 1462//3507 1814//3507
f  1759//3508 1678//3508 1697//3508
f  1697//3509 1678//3509 1815//3509
f  1697//3510 1815//3510 1698//3510
f  1698//3511 1815//3511 1737//3511
f  1480//3512 1479//3512 1760//3512
f  1760//3513 1479//3513 1678//3513
f  1760//3514 1678//3514 1761//3514
f  1761//3515 1678//3515 1759//3515
f  1818//3516 1819//3516 1820//3516
f  1596//3517 1499//3517 1681//3517
f  1594//3518 1596//3518 1820//3518
f  1820//3519 1596//3519 1681//3519
f  1820//3520 1681//3520 1818//3520
f  1818//3521 1681//3521 1680//3521
f  1818//3522 1680//3522 1684//3522
f  1788//3523 1789//3523 1821//3523
f  1818//3524 1684//3524 1787//3524
f  1788//3525 1821//3525 1787//3525
f  1787//3526 1821//3526 1818//3526
f  1818//3527 1821//3527 1822//3527
f  1818//3528 1822//3528 1819//3528
f  1819//3529 1822//3529 1823//3529
f  1819//3530 1823//3530 1824//3530
f  1825//3531 1443//3531 1445//3531
f  1789//3532 1657//3532 1821//3532
f  1821//3533 1657//3533 1765//3533
f  1824//3534 1823//3534 1765//3534
f  1765//3535 1823//3535 1822//3535
f  1765//3536 1822//3536 1821//3536
f  1765//3537 1766//3537 1824//3537
f  1824//3538 1766//3538 1767//3538
f  1824//3539 1767//3539 1826//3539
f  1826//3540 1767//3540 1827//3540
f  1767//3541 1768//3541 1827//3541
f  1827//3542 1768//3542 1769//3542
f  1827//3543 1769//3543 1828//3543
f  1828//3544 1769//3544 1770//3544
f  1828//3545 1770//3545 1829//3545
f  1829//3546 1770//3546 1773//3546
f  1829//3547 1773//3547 1830//3547
f  1830//3548 1773//3548 1774//3548
f  1830//3549 1774//3549 1831//3549
f  1831//3550 1774//3550 1781//3550
f  1831//3551 1781//3551 1832//3551
f  1832//3552 1781//3552 1780//3552
f  1832//3553 1780//3553 1833//3553
f  1833//3554 1780//3554 1776//3554
f  1833//3555 1776//3555 1834//3555
f  1834//3556 1776//3556 1775//3556
f  1834//3557 1775//3557 1835//3557
f  1835//3558 1775//3558 1772//3558
f  1835//3559 1772//3559 1836//3559
f  1836//3560 1772//3560 1771//3560
f  1836//3561 1771//3561 1837//3561
f  1837//3562 1771//3562 1779//3562
f  1837//3563 1779//3563 1838//3563
f  1838//3564 1779//3564 1460//3564
f  1460//3565 1779//3565 1778//3565
f  1460//3566 1778//3566 1458//3566
f  1458//3567 1778//3567 1777//3567
f  1458//3568 1777//3568 1457//3568
f  1457//3569 1777//3569 1455//3569
f  1455//3570 1777//3570 1782//3570
f  1455//3571 1782//3571 1453//3571
f  1453//3572 1782//3572 1451//3572
f  1451//3573 1782//3573 1783//3573
f  1451//3574 1783//3574 1450//3574
f  1786//3575 1825//3575 1785//3575
f  1785//3576 1825//3576 1445//3576
f  1785//3577 1445//3577 1784//3577
f  1784//3578 1445//3578 1447//3578
f  1784//3579 1447//3579 1783//3579
f  1783//3580 1447//3580 1448//3580
f  1783//3581 1448//3581 1450//3581
f  1654//3582 1594//3582 1820//3582
f  1839//3583 1840//3583 1841//3583
f  1842//3584 1843//3584 1844//3584
f  1844//3585 1843//3585 1593//3585
f  1844//3586 1593//3586 1648//3586
f  1844//3587 1845//3587 1842//3587
f  1842//3588 1845//3588 1846//3588
f  1842//3589 1846//3589 1847//3589
f  1847//3590 1846//3590 1848//3590
f  1847//3591 1848//3591 1849//3591
f  1850//3592 1851//3592 1852//3592
f  1853//3593 1854//3593 1850//3593
f  1850//3594 1854//3594 1855//3594
f  1855//3595 1856//3595 1850//3595
f  1850//3596 1856//3596 1857//3596
f  1850//3597 1857//3597 1851//3597
f  1857//3598 1858//3598 1851//3598
f  1851//3599 1858//3599 1859//3599
f  1851//3600 1859//3600 1860//3600
f  1860//3601 1861//3601 1851//3601
f  1851//3602 1861//3602 1862//3602
f  1851//3603 1862//3603 1863//3603
f  1863//3604 1864//3604 1851//3604
f  1851//3605 1864//3605 1865//3605
f  1851//3606 1865//3606 1866//3606
f  1866//3607 1865//3607 1867//3607
f  1868//3608 1869//3608 1870//3608
f  1870//3609 1869//3609 1871//3609
f  1870//3610 1871//3610 1850//3610
f  1850//3611 1871//3611 1872//3611
f  1850//3612 1872//3612 1853//3612
f  1840//3613 1839//3613 1870//3613
f  1870//3614 1839//3614 1873//3614
f  1870//3615 1873//3615 1868//3615
f  1874//3616 1875//3616 1876//3616
f  1876//3617 1875//3617 1877//3617
f  1878//3618 1874//3618 1879//3618
f  1879//3619 1874//3619 1876//3619
f  1879//3620 1876//3620 1841//3620
f  1841//3621 1876//3621 1877//3621
f  1841//3622 1877//3622 1839//3622
f  1880//3623 1881//3623 1878//3623
f  1878//3624 1881//3624 1882//3624
f  1878//3625 1882//3625 1874//3625
f  1883//3626 1884//3626 1885//3626
f  1885//3627 1886//3627 1883//3627
f  1883//3628 1886//3628 1887//3628
f  1883//3629 1887//3629 1888//3629
f  1888//3630 1887//3630 1889//3630
f  1888//3631 1889//3631 1890//3631
f  1890//3632 1889//3632 1891//3632
f  1891//3633 1889//3633 1892//3633
f  1891//3634 1892//3634 1893//3634
f  1820//3635 1819//3635 1894//3635
f  1820//3636 1894//3636 1895//3636
f  1654//3637 1820//3637 1655//3637
f  1655//3638 1820//3638 1656//3638
f  1656//3639 1820//3639 1895//3639
f  1656//3640 1895//3640 1652//3640
f  1652//3641 1895//3641 1896//3641
f  1652//3642 1896//3642 1607//3642
f  1607//3643 1896//3643 1605//3643
f  1605//3644 1896//3644 1897//3644
f  1605//3645 1897//3645 1603//3645
f  1603//3646 1897//3646 1601//3646
f  1601//3647 1897//3647 1898//3647
f  1601//3648 1898//3648 1599//3648
f  1599//3649 1898//3649 1899//3649
f  1599//3650 1899//3650 1608//3650
f  1608//3651 1899//3651 1900//3651
f  1608//3652 1900//3652 1609//3652
f  1609//3653 1900//3653 1611//3653
f  1611//3654 1900//3654 1901//3654
f  1611//3655 1901//3655 1617//3655
f  1617//3656 1901//3656 1902//3656
f  1617//3657 1902//3657 1618//3657
f  1618//3658 1902//3658 1620//3658
f  1620//3659 1902//3659 1903//3659
f  1620//3660 1903//3660 1622//3660
f  1622//3661 1903//3661 1624//3661
f  1624//3662 1903//3662 1904//3662
f  1624//3663 1904//3663 1616//3663
f  1616//3664 1904//3664 1905//3664
f  1616//3665 1905//3665 1629//3665
f  1629//3666 1905//3666 1627//3666
f  1627//3667 1905//3667 1906//3667
f  1627//3668 1906//3668 1639//3668
f  1907//3669 1633//3669 1906//3669
f  1906//3670 1633//3670 1637//3670
f  1906//3671 1637//3671 1639//3671
f  1646//3672 1645//3672 1908//3672
f  1908//3673 1645//3673 1642//3673
f  1908//3674 1642//3674 1907//3674
f  1907//3675 1642//3675 1631//3675
f  1907//3676 1631//3676 1633//3676
f  1894//3677 1909//3677 1895//3677
f  1895//3678 1909//3678 1893//3678
f  1895//3679 1893//3679 1896//3679
f  1896//3680 1893//3680 1892//3680
f  1896//3681 1892//3681 1897//3681
f  1897//3682 1892//3682 1889//3682
f  1897//3683 1889//3683 1898//3683
f  1898//3684 1889//3684 1887//3684
f  1898//3685 1887//3685 1899//3685
f  1899//3686 1887//3686 1886//3686
f  1899//3687 1886//3687 1900//3687
f  1900//3688 1886//3688 1885//3688
f  1900//3689 1885//3689 1901//3689
f  1901//3690 1885//3690 1910//3690
f  1901//3691 1910//3691 1902//3691
f  1902//3692 1910//3692 1911//3692
f  1902//3693 1911//3693 1903//3693
f  1903//3694 1911//3694 1912//3694
f  1903//3695 1912//3695 1904//3695
f  1904//3696 1912//3696 1913//3696
f  1904//3697 1913//3697 1905//3697
f  1905//3698 1913//3698 1914//3698
f  1905//3699 1914//3699 1906//3699
f  1906//3700 1914//3700 1915//3700
f  1906//3701 1915//3701 1907//3701
f  1907//3702 1915//3702 1916//3702
f  1907//3703 1916//3703 1908//3703
f  1908//3704 1916//3704 1917//3704
f  1884//3705 1918//3705 1885//3705
f  1885//3706 1918//3706 1919//3706
f  1885//3707 1919//3707 1910//3707
f  1910//3708 1919//3708 1920//3708
f  1910//3709 1920//3709 1911//3709
f  1911//3710 1920//3710 1921//3710
f  1911//3711 1921//3711 1912//3711
f  1912//3712 1921//3712 1922//3712
f  1912//3713 1922//3713 1913//3713
f  1913//3714 1922//3714 1923//3714
f  1913//3715 1923//3715 1914//3715
f  1914//3716 1923//3716 1880//3716
f  1914//3717 1880//3717 1915//3717
f  1915//3718 1880//3718 1878//3718
f  1915//3719 1878//3719 1916//3719
f  1916//3720 1878//3720 1879//3720
f  1916//3721 1879//3721 1917//3721
f  1917//3722 1879//3722 1841//3722
f  1852//3723 1924//3723 1850//3723
f  1850//3724 1924//3724 1849//3724
f  1850//3725 1849//3725 1870//3725
f  1870//3726 1849//3726 1848//3726
f  1870//3727 1848//3727 1840//3727
f  1840//3728 1848//3728 1846//3728
f  1840//3729 1846//3729 1841//3729
f  1841//3730 1846//3730 1845//3730
f  1841//3731 1845//3731 1917//3731
f  1917//3732 1845//3732 1844//3732
f  1917//3733 1844//3733 1908//3733
f  1908//3734 1844//3734 1648//3734
f  1908//3735 1648//3735 1646//3735
f  1591//3736 1593//3736 1843//3736
f  1591//3737 1843//3737 1589//3737
f  1589//3738 1843//3738 1925//3738
f  1589//3739 1925//3739 1587//3739
f  1587//3740 1925//3740 1926//3740
f  1587//3741 1926//3741 1585//3741
f  1927//3742 1580//3742 1582//3742
f  1927//3743 1582//3743 1926//3743
f  1926//3744 1582//3744 1584//3744
f  1926//3745 1584//3745 1585//3745
f  1577//3746 1576//3746 1928//3746
f  1928//3747 1576//3747 1580//3747
f  1928//3748 1580//3748 1929//3748
f  1929//3749 1580//3749 1927//3749
f  1929//3750 1927//3750 1930//3750
f  1930//3751 1927//3751 1852//3751
f  1852//3752 1927//3752 1924//3752
f  1924//3753 1927//3753 1926//3753
f  1924//3754 1926//3754 1849//3754
f  1849//3755 1926//3755 1925//3755
f  1849//3756 1925//3756 1847//3756
f  1847//3757 1925//3757 1843//3757
f  1847//3758 1843//3758 1842//3758
f  1819//3759 1824//3759 1894//3759
f  1894//3760 1824//3760 1826//3760
f  1894//3761 1826//3761 1909//3761
f  1838//3762 1460//3762 1877//3762
f  1877//3763 1460//3763 1459//3763
f  1877//3764 1459//3764 1839//3764
f  1839//3765 1459//3765 1873//3765
f  1909//3766 1826//3766 1893//3766
f  1893//3767 1826//3767 1827//3767
f  1893//3768 1827//3768 1891//3768
f  1891//3769 1827//3769 1828//3769
f  1891//3770 1828//3770 1890//3770
f  1890//3771 1828//3771 1829//3771
f  1890//3772 1829//3772 1888//3772
f  1888//3773 1829//3773 1883//3773
f  1883//3774 1829//3774 1830//3774
f  1883//3775 1830//3775 1884//3775
f  1884//3776 1830//3776 1831//3776
f  1884//3777 1831//3777 1918//3777
f  1833//3778 1921//3778 1832//3778
f  1832//3779 1921//3779 1920//3779
f  1832//3780 1920//3780 1831//3780
f  1831//3781 1920//3781 1919//3781
f  1831//3782 1919//3782 1918//3782
f  1834//3783 1923//3783 1833//3783
f  1833//3784 1923//3784 1922//3784
f  1833//3785 1922//3785 1921//3785
f  1836//3786 1882//3786 1835//3786
f  1835//3787 1882//3787 1881//3787
f  1835//3788 1881//3788 1834//3788
f  1834//3789 1881//3789 1880//3789
f  1834//3790 1880//3790 1923//3790
f  1838//3791 1877//3791 1837//3791
f  1837//3792 1877//3792 1875//3792
f  1837//3793 1875//3793 1836//3793
f  1836//3794 1875//3794 1874//3794
f  1836//3795 1874//3795 1882//3795
f  1443//3796 1825//3796 1444//3796
f  1444//3797 1825//3797 1866//3797
f  1444//3798 1866//3798 1867//3798
f  1873//3799 1459//3799 1868//3799
f  1868//3800 1459//3800 1456//3800
f  1868//3801 1456//3801 1869//3801
f  1869//3802 1456//3802 1454//3802
f  1869//3803 1454//3803 1871//3803
f  1871//3804 1454//3804 1452//3804
f  1871//3805 1452//3805 1872//3805
f  1872//3806 1452//3806 1449//3806
f  1858//3807 1857//3807 1446//3807
f  1446//3808 1857//3808 1856//3808
f  1856//3809 1855//3809 1446//3809
f  1446//3810 1855//3810 1854//3810
f  1446//3811 1854//3811 1449//3811
f  1449//3812 1854//3812 1853//3812
f  1449//3813 1853//3813 1872//3813
f  1444//3814 1863//3814 1446//3814
f  1446//3815 1863//3815 1862//3815
f  1446//3816 1862//3816 1861//3816
f  1861//3817 1860//3817 1446//3817
f  1446//3818 1860//3818 1859//3818
f  1446//3819 1859//3819 1858//3819
f  1867//3820 1865//3820 1444//3820
f  1444//3821 1865//3821 1864//3821
f  1444//3822 1864//3822 1863//3822
f  1851//3823 1866//3823 1825//3823
f  1579//3824 1577//3824 1786//3824
f  1786//3825 1577//3825 1928//3825
f  1928//3826 1929//3826 1786//3826
f  1786//3827 1929//3827 1930//3827
f  1786//3828 1930//3828 1825//3828
f  1825//3829 1930//3829 1852//3829
f  1825//3830 1852//3830 1851//3830

