# File produced by Open Asset Import Library (http://www.assimp.sf.net)
# (assimp v5.2.0)

mtllib right_hip_pitch_link.mtl

# 1807 vertex positions
v  -0.0368462615 -0.0903253481 -0.0267697815
v  -0.0368073732 -0.0904743597 -0.0256347153
v  -0.0374364667 -0.0892099068 -0.024582101
v  -0.0324261636 -0.0158575606 -0.0107379993
v  -0.032117486 -0.0146901989 -0.0124847908
v  -0.0334344842 -0.0147872539 -0.0127790188
v  -0.0344517753 -0.0125338929 -0.0186074246
v  -0.0347166583 -0.0125812599 -0.0189347938
v  -0.0344611593 -0.0128081767 -0.0178697165
v  -0.0353576466 -0.012727798 -0.0199249666
v  -0.0359226689 -0.0129145542 -0.0211657546
v  -0.0360574797 -0.0137332967 -0.0185926445
v  -0.0361242443 -0.0130012305 -0.021742126
v  -0.0366041809 -0.0132965399 -0.023741005
v  -0.0373266414 -0.0150078097 -0.0194242485
v  -0.0368457884 -0.0137060964 -0.0267296713
v  -0.036812 -0.013935552 -0.0286545269
v  -0.037436571 -0.014826606 -0.0245815143
v  -0.0326658189 -0.0123458514 -0.0171893742
v  -0.0331528075 -0.0123786302 -0.0174664166
v  -0.031362623 -0.0123109883 -0.016756596
v  -0.0323038101 -0.0123288399 -0.0170264952
v  -0.0328609459 -0.0177241862 -0.00827754382
v  -0.0341760106 -0.0178133529 -0.00858270936
v  -0.0333771966 -0.0203367751 -0.00535609247
v  -0.0348496772 -0.021324588 -0.00477042329
v  -0.0335363671 -0.0212445725 -0.00445532007
v  -0.0354459286 -0.0252711568 -0.00139622332
v  -0.0341341719 -0.0252014305 -0.00107232493
v  -0.0341911875 -0.025633106 -0.000749680155
v  -0.035956312 -0.0295970831 0.00149202801
v  -0.034645889 -0.0295386333 0.00182346359
v  -0.0369065255 -0.0442158394 0.0068692998
v  -0.0353833176 -0.0391034968 0.00599658862
v  -0.0366918221 -0.0391370766 0.00565430662
v  -0.0353281684 -0.0381131619 0.00568449916
v  -0.0363735743 -0.0342410095 0.00385336322
v  -0.0350642502 -0.0341946669 0.00419096136
v  -0.0348471552 -0.0316099524 0.0029624328
v  -0.035720557 -0.0520185046 0.00790502504
v  -0.0357069783 -0.0493984483 0.00782816485
v  -0.0370146334 -0.0494052656 0.00748111168
v  -0.0356218293 -0.0449750051 0.00734631857
v  -0.0355985798 -0.0441954993 0.00721474923
v  -0.0357069671 -0.0546385609 0.00782811828
v  -0.0370146334 -0.0546317436 0.00748107443
v  -0.0356218144 -0.0590619929 0.00734621426
v  -0.0369065031 -0.0598211624 0.00686918013
v  -0.0355985574 -0.0598415025 0.00721463002
v  -0.0366917886 -0.0648999065 0.00565410359
v  -0.0353832804 -0.0649334863 0.00599638466
v  -0.0359562486 -0.0744398311 0.00149167341
v  -0.0348470956 -0.0724269822 0.00296211056
v  -0.0363735333 -0.0697959438 0.00385308848
v  -0.0350641944 -0.0698422864 0.00419067638
v  -0.0353281274 -0.0659238175 0.00568427891
v  -0.033377111 -0.0837000236 -0.00535658607
v  -0.0335362852 -0.0827922449 -0.00445579737
v  -0.0348495841 -0.0827122256 -0.00477091223
v  -0.0341340974 -0.0788354427 -0.00107274798
v  -0.0354458541 -0.0787657127 -0.00139664637
v  -0.0341911204 -0.0784037709 -0.000750089355
v  -0.0346458293 -0.0744982883 0.00182310783
v  -0.0328608528 -0.0863125697 -0.00827808026
v  -0.0341759138 -0.0862234011 -0.00858325139
v  -0.0324260592 -0.0881791562 -0.010738574
v  -0.0334343798 -0.0892494246 -0.0127796037
v  -0.0321173817 -0.0893464833 -0.0124853756
v  -0.0326297954 -0.0916927904 -0.0171718299
v  -0.0313625112 -0.0917256251 -0.0167572219
v  -0.0341093652 -0.0915549845 -0.0182393827
v  -0.0331456177 -0.0916586295 -0.0174619965
v  -0.0344610475 -0.091228433 -0.0178703349
v  -0.0329637751 -0.0916721895 -0.0173507724
v  -0.0352494903 -0.088763088 -0.0134085398
v  -0.0360573716 -0.0903033018 -0.0185932461
v  -0.0353958458 -0.0912983045 -0.0199956
v  -0.0344691128 -0.0914997682 -0.0186284613
v  -0.0359881707 -0.0910951868 -0.0213443935
v  -0.0373265408 -0.0890287757 -0.0194248296
v  -0.0363442823 -0.0909216776 -0.0225037746
v  -0.0366054513 -0.0907385647 -0.0237516612
v  -0.0363678969 -0.0891681165 -0.0338194743
v  -0.0358414054 -0.0892916769 -0.0367983244
v  -0.0357827023 -0.0896181539 -0.0367879532
v  -0.0365264863 -0.0898018777 -0.0318833701
v  -0.0366514847 -0.0898921192 -0.0307582393
v  -0.0371326916 -0.0885450765 -0.029491514
v  -0.0368246064 -0.090133585 -0.0283629075
v  -0.037879169 -0.0874039754 -0.0252671856
v  -0.0365820676 -0.0878297016 -0.0331931673
v  -0.0359418653 -0.0880181566 -0.0368160717
v  -0.0375030041 -0.0868824571 -0.0279815625
v  -0.0379099436 -0.0861955211 -0.0256787073
v  -0.0385967456 -0.0857609808 -0.0212064013
v  -0.0384016484 -0.0851269662 -0.0228961427
v  -0.0392752439 -0.0836394057 -0.0173667576
v  -0.0392558314 -0.0825685337 -0.0180623196
v  -0.0399050489 -0.0810693353 -0.0138027109
v  -0.0400394499 -0.079249166 -0.0136278048
v  -0.04047722 -0.078087233 -0.0105648087
v  -0.0404192656 -0.0771969557 -0.0114784259
v  -0.0409836322 -0.0747353807 -0.00769898854
v  -0.040713314 -0.0753453672 -0.00981440209
v  -0.0414171144 -0.0710613281 -0.00524588581
v  -0.0412942879 -0.070724383 -0.00652668439
v  -0.0417715311 -0.0671171769 -0.00324027939
v  -0.0417446867 -0.0655827224 -0.00397784915
v  -0.042041827 -0.0629588813 -0.00171065121
v  -0.0419304483 -0.0625852421 -0.00292663835
v  -0.0422241837 -0.0586454011 -0.000678666634
v  -0.0420399085 -0.0602624975 -0.00230716495
v  -0.0423160233 -0.0542379282 -0.000158966664
v  -0.0421853811 -0.0549643897 -0.0014839503
v  -0.0423160307 -0.0497989766 -0.000158934257
v  -0.04220571 -0.0514851846 -0.00136891729
v  -0.0422242135 -0.0453914963 -0.000678553246
v  -0.0421201363 -0.0460646935 -0.00185315509
v  -0.0420418568 -0.0410780013 -0.00171048206
v  -0.0418889523 -0.040703591 -0.00316146086
v  -0.0417715758 -0.0369196758 -0.00324004283
v  -0.0415126607 -0.0355516039 -0.00529088126
v  -0.0414171703 -0.0329754986 -0.0052455822
v  -0.0409836955 -0.0293014068 -0.00769863138
v  -0.0409968533 -0.0307544079 -0.00820983201
v  -0.0404772907 -0.0259495098 -0.0105644008
v  -0.0403558388 -0.0264722276 -0.0118373455
v  -0.0399051309 -0.0229673516 -0.0138022546
v  -0.0395490043 -0.0225848984 -0.0164032355
v  -0.040318355 -0.0262601245 -0.0120494673
v  -0.036368005 -0.0148682417 -0.0338188894
v  -0.0369124226 -0.0164534487 -0.0313236825
v  -0.0371327884 -0.0154913506 -0.0294909421
v  -0.0378613733 -0.017749941 -0.0259535629
v  -0.0378792696 -0.0166325271 -0.0252666268
v  -0.0387426913 -0.0198165197 -0.0209661685
v  -0.0385968424 -0.0182755869 -0.0212058686
v  -0.039275337 -0.0203972254 -0.0173662603
v  -0.0361871347 -0.0143716605 -0.0343499333
v  -0.0357828066 -0.014418154 -0.0367873609
v  -0.035841506 -0.0147446347 -0.0367977396
v  -0.0359419659 -0.016018156 -0.0368155055
v  -0.0352495909 -0.0152735906 -0.0134079643
v  -0.0359814279 -0.0182601605 -0.00926647522
v  -0.0366463028 -0.0217255298 -0.00550397485
v  -0.0372347645 -0.0256205443 -0.00217385893
v  -0.0377384722 -0.0298899617 0.000676660973
v  -0.0381503031 -0.0344732255 0.00300716655
v  -0.038464386 -0.0393053368 0.00478457892
v  -0.0386762805 -0.0443177558 0.00598369678
v  -0.038782984 -0.0494393967 0.0065875235
v  -0.0387829728 -0.054597605 0.00658747647
v  -0.0386762619 -0.059719231 0.00598357711
v  -0.0384643488 -0.0647316352 0.00478437589
v  -0.0381502472 -0.0695637167 0.00300688134
v  -0.0377384163 -0.0741469488 0.000676318945
v  -0.0372346938 -0.0784163177 -0.00217426824
v  -0.0366462097 -0.0823112801 -0.00550446147
v  -0.0359813385 -0.0857765824 -0.00926700141
v  -0.0368273146 -0.0161405429 -0.0142361587
v  -0.0375418849 -0.0190566462 -0.0101923831
v  -0.0381910652 -0.0224402528 -0.00651866617
v  -0.0387656502 -0.0262433682 -0.00326710846
v  -0.039257478 -0.0304120537 -0.000483839831
v  -0.0396595821 -0.0348871797 0.00179167022
v  -0.0399662592 -0.0396052822 0.00352714607
v  -0.0401731469 -0.044499442 0.00469797058
v  -0.0402773321 -0.0495002382 0.00528754806
v  -0.0402773321 -0.0545367487 0.00528751221
v  -0.0401731282 -0.0595375337 0.0046978523
v  -0.0399662182 -0.0644316748 0.0035269456
v  -0.0396595336 -0.0691497475 0.00179139897
v  -0.0392574184 -0.0736248419 -0.000484179473
v  -0.0387655795 -0.077793479 -0.00326751405
v  -0.038190987 -0.0815965459 -0.00651912764
v  -0.0375417992 -0.0849800929 -0.0101928962
v  -0.0368272141 -0.087896131 -0.0142367259
v  -0.0380708463 -0.0173349176 -0.0152127938
v  -0.0387616269 -0.0201539453 -0.0113036372
v  -0.0393891931 -0.0234249104 -0.00775222015
v  -0.039944645 -0.027101418 -0.00460891239
v  -0.0404201038 -0.0311313253 -0.00191829575
v  -0.040808823 -0.035457477 0.00028145907
v  -0.0411052927 -0.0400185101 0.00195916905
v  -0.0413052998 -0.0447497405 0.00309102051
v  -0.0414060131 -0.0495840572 0.00366096408
v  -0.0414060093 -0.0544528998 0.00366092799
v  -0.0413052775 -0.0592872091 0.0030909034
v  -0.0411052518 -0.0640184209 0.00195897091
v  -0.0408087783 -0.0685794353 0.000281202869
v  -0.0404200517 -0.0729055479 -0.00191862043
v  -0.039944578 -0.0769354105 -0.00460930401
v  -0.0393891186 -0.0806118697 -0.00775266299
v  -0.038761545 -0.0838827789 -0.0113041336
v  -0.0380707495 -0.0867017433 -0.0152133359
v  -0.0381906703 -0.0874830559 -0.0203140695
v  -0.0389037952 -0.0852532089 -0.0162784681
v  -0.039565742 -0.0825519785 -0.012532522
v  -0.0401671082 -0.0794176757 -0.00912937894
v  -0.0406993702 -0.0758947656 -0.00611730106
v  -0.0411549844 -0.0720332041 -0.00353898923
v  -0.0415274724 -0.0678877607 -0.00143105048
v  -0.0418115743 -0.0635172427 0.000176664602
v  -0.0420032404 -0.0589836203 0.0012613117
v  -0.0420997627 -0.0543512143 0.00180753064
v  -0.0420997664 -0.0496857204 0.00180756545
v  -0.0420032628 -0.0450532995 0.00126142742
v  -0.0418116003 -0.0405196659 0.000176838599
v  -0.0415275171 -0.0361491181 -0.00143079786
v  -0.0411550365 -0.0320036486 -0.00353868329
v  -0.0406994335 -0.0281420443 -0.00611692807
v  -0.0401671827 -0.0246190857 -0.00912895519
v  -0.039565824 -0.021484727 -0.012532047
v  -0.0389038883 -0.0187834371 -0.0162779447
v  -0.0381907672 -0.0165535193 -0.0203135088
v  -0.036740344 -0.0134440465 -0.0247762278
v  -0.0365303196 -0.0142322453 -0.0318517573
v  -0.0130362576 -0.0167268272 -0.0572521165
v  -0.0141019737 -0.0132458685 -0.0512212403
v  -0.0205153376 -0.0915451348 -0.0149279246
v  -0.0203055404 -0.0122182956 -0.016115183
v  -0.0205154493 -0.0124914767 -0.0149272988
v  -0.0215741545 -0.016021926 -0.00893606525
v  -0.0128996568 -0.088055037 -0.0580251589
v  -0.0097948052 -0.0525178127 -0.0755955428
v  -0.0139481407 -0.0915448368 -0.0520917624
v  -0.0141580505 -0.0918180197 -0.0509038791
v  -0.0225208662 -0.0204807799 -0.0035786177
v  -0.0233311672 -0.025753038 0.00100686424
v  -0.0183629356 -0.0132182064 -0.0271083955
v  -0.0239841491 -0.0317027159 0.00470210146
v  -0.0244629793 -0.0381763652 0.007411798
v  -0.0119606517 -0.0836545005 -0.063338995
v  -0.0111548621 -0.0784544498 -0.0678989664
v  -0.0105026457 -0.0725862905 -0.0715898499
v  -0.0183629375 -0.0122182062 -0.027108388
v  -0.0100204954 -0.0661983266 -0.0743183568
v  -0.00972058903 -0.059452001 -0.0760155246
v  -0.00961050764 -0.0525178052 -0.0766384825
v  -0.0247553028 -0.0450070202 0.00906606112
v  -0.0248535816 -0.0520185046 0.0096222274
v  -0.0141124222 -0.0132180108 -0.0511621051
v  -0.0247552786 -0.0590299778 0.00906594563
v  -0.0244629383 -0.0658606067 0.00741157867
v  -0.0239840914 -0.072334215 0.00470178062
v  -0.0233310889 -0.0782838315 0.00100644364
v  -0.0203054287 -0.0918182954 -0.0161158089
v  -0.0098738838 -0.0457821526 -0.0751480237
v  -0.0101520652 -0.038921494 -0.0735737979
v  -0.0106225647 -0.032416597 -0.0709112361
v  -0.0225207806 -0.0835560188 -0.00357911037
v  -0.0215740576 -0.0880147815 -0.00893662591
v  -0.0112726009 -0.0264441762 -0.0672326759
v  -0.0120845139 -0.0211664643 -0.0626380295
v  -0.0207273904 -0.0123109883 -0.0148772523
v  -0.0217909329 -0.0158575606 -0.00885865651
v  -0.0227419659 -0.0203367751 -0.00347674941
v  -0.0235559605 -0.025633106 0.00112966169
v  -0.0242119245 -0.0316099524 0.0048417747
v  -0.0246929396 -0.0381131619 0.00756384153
v  -0.0249865986 -0.0449750051 0.00922566187
v  -0.0250853281 -0.0520185046 0.00978436787
v  -0.0249865837 -0.0590619929 0.00922555663
v  -0.0246929079 -0.0659238175 0.00756363338
v  -0.0242118686 -0.0724269822 0.00484145293
v  -0.0235558916 -0.0784037709 0.00112925249
v  -0.0227418765 -0.0837000236 -0.00347724883
v  -0.0217908341 -0.0881791562 -0.00885922369
v  -0.0207272805 -0.0917256251 -0.0148778791
v  -0.0333485566 -0.0137109598 -0.0465633273
v  -0.0329230167 -0.0135619501 -0.0476163216
v  -0.033153031 -0.0148259522 -0.0488209054
v  -0.0237017814 -0.0881787539 -0.0601093583
v  -0.0240104534 -0.0893461108 -0.0583625697
v  -0.0253484529 -0.089249067 -0.0585375093
v  -0.0283017065 -0.0915024206 -0.0534107275
v  -0.0286627449 -0.0914550498 -0.0531939603
v  -0.0280575212 -0.091228202 -0.0541069768
v  -0.0296042655 -0.0913085118 -0.0524834394
v  -0.0305603072 -0.0911217555 -0.0515114293
v  -0.0298048556 -0.0903031826 -0.0539749563
v  -0.0309472047 -0.0910350829 -0.051039055
v  -0.0320827737 -0.090739876 -0.0493263379
v  -0.0312821344 -0.089028798 -0.0536287315
v  -0.033334367 -0.0903302133 -0.0466008447
v  -0.0339623056 -0.0901007578 -0.0447809771
v  -0.0331529267 -0.0892101601 -0.048821494
v  -0.0353151076 -0.0148675675 -0.0397766605
v  -0.035087917 -0.0163535401 -0.0416485891
v  -0.0345503017 -0.0154906167 -0.0441046916
v  -0.0338038094 -0.0166317448 -0.0483290926
v  -0.0341353714 -0.0175471511 -0.0470390618
v  -0.0330862217 -0.0182747673 -0.0523899458
v  -0.0332180113 -0.019599488 -0.0522304066
v  -0.0324077085 -0.0203963798 -0.056229651
v  -0.0323976949 -0.0223337691 -0.0568725951
v  -0.031777896 -0.0229664873 -0.0597937629
v  -0.0320171975 -0.0239590947 -0.0590258203
v  -0.0316482 -0.02580438 -0.0611139759
v  -0.0312057249 -0.0259486455 -0.0630317107
v  -0.0314791724 -0.0267538968 -0.062070515
v  -0.0306992941 -0.02930055 -0.065897584
v  -0.0308517478 -0.0310337897 -0.0656211078
v  -0.0302658007 -0.0329746641 -0.0683507398
v  -0.0305567663 -0.0336253233 -0.0672904328
v  -0.029911384 -0.0369188786 -0.0703563616
v  -0.030343229 -0.0358676054 -0.0684988126
v  -0.0296410844 -0.0410772488 -0.0718860254
v  -0.0299706031 -0.0411341116 -0.0706075132
v  -0.0294587128 -0.0453907959 -0.0729180276
v  -0.029752735 -0.0464531817 -0.0718404204
v  -0.0293668769 -0.0497983433 -0.073437728
v  -0.0296774618 -0.0519154631 -0.0722663999
v  -0.0293668751 -0.0542373694 -0.0734377652
v  -0.029458696 -0.0586449243 -0.0729181319
v  -0.0297298599 -0.0566657595 -0.0719698742
v  -0.0296410527 -0.0629584938 -0.0718862042
v  -0.029930491 -0.0621468611 -0.0708344877
v  -0.0299113467 -0.0671168864 -0.0703566
v  -0.0302805547 -0.0674303174 -0.0688534901
v  -0.0302657485 -0.0710611343 -0.0683510303
v  -0.0307730138 -0.0723570287 -0.0660666451
v  -0.0306992307 -0.0747352913 -0.0658979416
v  -0.0309753846 -0.0739591122 -0.0649214387
v  -0.0313743539 -0.0766560137 -0.0626636744
v  -0.0312056486 -0.0780872405 -0.0630321279
v  -0.031545084 -0.0776612386 -0.0616975129
v  -0.031777814 -0.0810694546 -0.0597942173
v  -0.0322767943 -0.0812136978 -0.0575567447
v  -0.0324076191 -0.0836396217 -0.0562301539
v  -0.0326254033 -0.082559213 -0.0555839688
v  -0.0330861248 -0.0857612938 -0.0523904786
v  -0.0331052728 -0.0841159448 -0.0528683774
v  -0.0338037126 -0.0874043778 -0.0483296514
v  -0.0340103544 -0.0862641484 -0.0477465354
v  -0.0345502011 -0.0885455757 -0.044105269
v  -0.0349717028 -0.0875837803 -0.0423062481
v  -0.0353150032 -0.0891686976 -0.0397772416
v  -0.0261378456 -0.0916904658 -0.0541308299
v  -0.026690362 -0.0916576833 -0.0540374555
v  -0.024765322 -0.0917253196 -0.0540907606
v  -0.0257420111 -0.091707468 -0.0541597754
v  -0.0232669953 -0.0863121226 -0.0625698194
v  -0.0246069264 -0.086222969 -0.0627338141
v  -0.0227507502 -0.0836995393 -0.0654912665
v  -0.0239332598 -0.0827117339 -0.0665461048
v  -0.0225915723 -0.0827917382 -0.0663920417
v  -0.0233370103 -0.0787651688 -0.0699203089
v  -0.0219937656 -0.0788348839 -0.0697750375
v  -0.02193675 -0.0784032047 -0.0700976774
v  -0.0228266269 -0.074439235 -0.0728085563
v  -0.0214820541 -0.0744976774 -0.0726708174
v  -0.0218764115 -0.0598204695 -0.078185834
v  -0.0207446236 -0.0649328157 -0.0768439472
v  -0.022091113 -0.064899236 -0.0769708455
v  -0.0207997691 -0.0659231469 -0.0765318573
v  -0.0224093571 -0.0697953105 -0.0751698986
v  -0.021063691 -0.0698416457 -0.0750383139
v  -0.0212807823 -0.0724263564 -0.0738097951
v  -0.0204073861 -0.0520178042 -0.0787523836
v  -0.0204209667 -0.0546378531 -0.0786755234
v  -0.0217682999 -0.0546310432 -0.0787976459
v  -0.0205061119 -0.0590613 -0.0781936795
v  -0.0205293614 -0.0598408096 -0.0780621096
v  -0.0204209741 -0.049397748 -0.0786754787
v  -0.0217683073 -0.0494045578 -0.0787976012
v  -0.0205061287 -0.0449743122 -0.0781935677
v  -0.021876432 -0.0442151465 -0.0781857073
v  -0.0205293819 -0.0441948064 -0.078061983
v  -0.0220911484 -0.0391364023 -0.0769706368
v  -0.020744659 -0.0391028225 -0.076843746
v  -0.0228266865 -0.0295964722 -0.0728082061
v  -0.02128084 -0.0316093303 -0.0738094673
v  -0.0224094074 -0.0342403613 -0.0751696154
v  -0.0210637413 -0.0341940224 -0.0750380382
v  -0.0207998138 -0.0381124951 -0.0765316412
v  -0.0227508377 -0.0203362871 -0.0654907674
v  -0.0225916561 -0.0212440696 -0.0663915575
v  -0.0239333455 -0.0213240776 -0.0665456206
v  -0.0219938401 -0.0252008718 -0.0697746128
v  -0.0233370848 -0.0252705906 -0.0699198842
v  -0.0219368245 -0.0256325435 -0.0700972676
v  -0.0214821175 -0.0295380298 -0.0726704672
v  -0.0232670903 -0.0177237466 -0.0625692755
v  -0.0246070232 -0.0178129058 -0.0627332777
v  -0.0237018801 -0.0158571601 -0.0601087883
v  -0.0253485553 -0.0147868721 -0.0585369244
v  -0.0240105614 -0.0146898264 -0.0583619811
v  -0.0260980669 -0.0123435231 -0.05413495
v  -0.0247654337 -0.0123106865 -0.0540901348
v  -0.0278538987 -0.012481329 -0.0536391251
v  -0.0266820956 -0.012377684 -0.054039143
v  -0.0280576311 -0.0128078135 -0.0541063584
v  -0.0264731478 -0.0123641202 -0.0540813133
v  -0.0272691883 -0.0152731584 -0.058568161
v  -0.0298049673 -0.0137328422 -0.0539743491
v  -0.0296643544 -0.012738009 -0.0524301752
v  -0.0283252057 -0.0125365416 -0.053396903
v  -0.030683063 -0.012941123 -0.051366061
v  -0.0312822387 -0.0150072379 -0.0536281466
v  -0.0314149447 -0.0131146358 -0.0503989421
v  -0.0320875905 -0.0132976389 -0.0493168086
v  -0.0348006636 -0.014234432 -0.0416498333
v  -0.0345324948 -0.0141441906 -0.0427496545
v  -0.0338737592 -0.0139025589 -0.0450606421
v  -0.0272690877 -0.08876279 -0.0585687384
v  -0.0265372489 -0.0857762098 -0.0627102405
v  -0.0258723814 -0.0823108405 -0.0664727315
v  -0.0252839122 -0.0784158185 -0.0698028579
v  -0.0247801971 -0.07414639 -0.0726533979
v  -0.0243683793 -0.0695631132 -0.0749838874
v  -0.0240542889 -0.0647309944 -0.0767613053
v  -0.0238423925 -0.0597185604 -0.0779604316
v  -0.0237356946 -0.0545969196 -0.0785642564
v  -0.023735702 -0.0494386964 -0.0785642117
v  -0.0238424186 -0.0443170629 -0.0779603124
v  -0.024054328 -0.0393046513 -0.0767611042
v  -0.024368424 -0.0344725624 -0.0749836192
v  -0.0247802623 -0.0298893284 -0.0726530403
v  -0.0252839886 -0.0256199483 -0.0698024482
v  -0.0258724615 -0.0217249785 -0.0664722547
v  -0.0265373383 -0.0182596687 -0.0627097115
v  -0.0290350243 -0.0878959298 -0.058331456
v  -0.0283204466 -0.0849798098 -0.0623752512
v  -0.0276712608 -0.0815961882 -0.0660489872
v  -0.0270966832 -0.0777930543 -0.0693005472
v  -0.0266048517 -0.0736243576 -0.0720838383
v  -0.0262027439 -0.0691492036 -0.0743593499
v  -0.0258960687 -0.0644310787 -0.076094836
v  -0.0256891716 -0.0595369004 -0.0772656724
v  -0.0255849883 -0.0545360781 -0.0778552517
v  -0.0255849939 -0.0494995527 -0.0778552145
v  -0.025689194 -0.0444987416 -0.0772655606
v  -0.0258961059 -0.0396045819 -0.0760946423
v  -0.026202796 -0.0348864868 -0.0743590817
v  -0.0266049076 -0.0304113794 -0.0720834956
v  -0.0270967539 -0.02624272 -0.0693001449
v  -0.0276713483 -0.0224396382 -0.0660485253
v  -0.028320536 -0.0190560799 -0.0623747334
v  -0.0290351212 -0.016140027 -0.0583308935
v  -0.0305379238 -0.0867016688 -0.0578402206
v  -0.0298471339 -0.0838826224 -0.0617494099
v  -0.0292195622 -0.0806116313 -0.0653008521
v  -0.0286641065 -0.0769350901 -0.068444185
v  -0.0281886458 -0.072905153 -0.0711348206
v  -0.0277999248 -0.068578966 -0.0733346045
v  -0.0275034532 -0.0640178919 -0.0750123113
v  -0.0273034461 -0.0592866279 -0.0761441737
v  -0.0272027291 -0.0544522665 -0.0767141283
v  -0.0272027366 -0.0495833866 -0.076714091
v  -0.0273034628 -0.0447490402 -0.076144062
v  -0.0275034904 -0.0400177911 -0.0750121251
v  -0.0277999714 -0.0354567468 -0.0733343363
v  -0.0281887073 -0.0311305989 -0.0711344928
v  -0.0286641736 -0.0271007027 -0.0684437975
v  -0.0292196441 -0.0234242138 -0.065300405
v  -0.0298472214 -0.0201532822 -0.061748907
v  -0.0305380244 -0.0173342954 -0.057839673
v  -0.0323988274 -0.0165528189 -0.0530889854
v  -0.0316856876 -0.0187826995 -0.0571246408
v  -0.0310237333 -0.0214839634 -0.0608706214
v  -0.0304223634 -0.0246182997 -0.0642738119
v  -0.0298900958 -0.0281412583 -0.0672859326
v  -0.0294344723 -0.0320028625 -0.0698642656
v  -0.0290619731 -0.0361483544 -0.0719722435
v  -0.0287778769 -0.0405189283 -0.073579967
v  -0.028586207 -0.0450525992 -0.0746646374
v  -0.0284896847 -0.0496850647 -0.0752108544
v  -0.0284896772 -0.0543506183 -0.0752108991
v  -0.0285861846 -0.0589830913 -0.0746647418
v  -0.0287778452 -0.0635167882 -0.0735801533
v  -0.0290619321 -0.0678873882 -0.0719724894
v  -0.0294344202 -0.0720329061 -0.0698645785
v  -0.0298900213 -0.0758945569 -0.0672863051
v  -0.0304222833 -0.079417564 -0.0642742366
v  -0.0310236476 -0.0825519562 -0.0608711056
v  -0.0316855945 -0.0852532834 -0.0571251586
v  -0.0323987268 -0.0874832273 -0.0530895442
v  -0.0325658284 -0.0905922651 -0.0483998507
v  -0.0353271924 -0.0896646529 -0.0392163433
v  -0.0347934254 -0.0898040682 -0.0416808426
v  -0.0110883964 -0.0510178022 -0.0768951029
v  -0.0112734465 -0.0510178097 -0.0758479089
v  -0.0107077425 -0.0511319898 -0.0757505
v  -0.0105994251 -0.0511023365 -0.0768093169
v  -0.010227574 -0.0514571555 -0.0756712407
v  -0.0101650702 -0.0513464026 -0.0767360479
v  -0.00983487815 -0.0517225079 -0.0766801015
v  -0.00990674645 -0.0519437902 -0.0756182224
v  -0.00972254574 -0.0519437753 -0.0766606107
v  -0.00964620523 -0.0521882139 -0.0766471177
v  -0.0195790268 -0.0132181952 -0.0288465321
v  -0.0195790287 -0.012218195 -0.0288465247
v  -0.0188754462 -0.0122181969 -0.0285181161
v  -0.0188754443 -0.0132181952 -0.0285181236
v  -0.0184303205 -0.0122182006 -0.0278819166
v  -0.0184303187 -0.0132182008 -0.0278819241
v  -0.0137353046 -0.0510178097 -0.0762829408
v  -0.0135502564 -0.0510178022 -0.0773301348
v  -0.0141074117 -0.050991077 -0.0774281099
v  -0.014886912 -0.0509028398 -0.0764835477
v  -0.0179266762 -0.0492604561 -0.0769450516
v  -0.0170214865 -0.0500083752 -0.0768275186
v  -0.0171382148 -0.0497904308 -0.077921994
v  -0.0148565779 -0.0508694462 -0.0775578395
v  -0.0154411346 -0.0507026725 -0.0776570439
v  -0.0159986597 -0.0505610891 -0.0766695589
v  -0.016024746 -0.0504674055 -0.0777531117
v  -0.0166953746 -0.0501001738 -0.077857919
v  -0.0176699776 -0.0493301488 -0.0779904351
v  -0.0181850214 -0.0487624109 -0.0780427828
v  -0.0186729506 -0.0483518951 -0.0770073831
v  -0.018469831 -0.0483763926 -0.0780622363
v  -0.0188622326 -0.0477148369 -0.0780699402
v  -0.0192371588 -0.0473139137 -0.0770033672
v  -0.0191675536 -0.047019057 -0.0780474246
v  -0.0196731761 -0.0457821526 -0.0768796504
v  -0.0194813665 -0.0458139032 -0.0779411867
v  -0.0197421648 -0.0450178161 -0.0767701864
v  -0.0195554234 -0.0450178087 -0.0778269768
v  -0.0258709472 -0.0122181689 -0.0333071724
v  -0.025234215 -0.0122181764 -0.0322252959
v  -0.0252342131 -0.0132181766 -0.0322253034
v  -0.0244360752 -0.012218182 -0.0312563404
v  -0.0229801927 -0.0132181896 -0.0300659463
v  -0.0229801945 -0.0122181894 -0.030065937
v  -0.0200714022 -0.0132181952 -0.0289335363
v  -0.0212561842 -0.0122181932 -0.0292378552
v  -0.0200714041 -0.012218195 -0.0289335269
v  -0.0264903065 -0.012218154 -0.0350828543
v  -0.0264903046 -0.0132181542 -0.0350828618
v  -0.0266773906 -0.012218141 -0.0369862542
v  -0.0265572425 -0.01321813 -0.0382035933
v  -0.0265572444 -0.0122181298 -0.0382035822
v  -0.0199994948 -0.038921494 -0.0753139332
v  -0.0204699989 -0.032416597 -0.0726513714
v  -0.021120036 -0.0264441762 -0.0689728037
v  -0.0219319519 -0.0211664643 -0.0643781647
v  -0.0228836909 -0.0167268272 -0.058992248
v  -0.0239494033 -0.0132458685 -0.0529613756
v  -0.0205024891 -0.0120182959 -0.0161499828
v  -0.0185598861 -0.0120182065 -0.0271431878
v  -0.0186182875 -0.0120182009 -0.0278135762
v  -0.0190040581 -0.0120181972 -0.0283649582
v  -0.0196138378 -0.0120181954 -0.0286495723
v  -0.0205023754 -0.0920182988 -0.016150618
v  -0.0201062076 -0.0120181954 -0.028736582
v  -0.0143550029 -0.0920180157 -0.0509386808
v  -0.026754193 -0.0120181302 -0.0382383838
v  -0.0268773418 -0.0120181413 -0.0369906239
v  -0.0267999209 -0.0120181506 -0.0356732644
v  -0.0265265666 -0.01201816 -0.0344323255
v  -0.0260507409 -0.0120181693 -0.0332195647
v  -0.0253980868 -0.0120181767 -0.0321106389
v  -0.0245799981 -0.0120181842 -0.0311174598
v  -0.0236037523 -0.0120181898 -0.0302548204
v  -0.0225316472 -0.0120181935 -0.0295727327
v  -0.0213206038 -0.0120181954 -0.0290485211
v  -0.014130096 -0.0917253196 -0.0522114187
v  -0.0240055975 -0.0122180125 -0.0526433848
v  -0.0242025405 -0.0120180128 -0.0526781902
v  -0.0130768232 -0.088219583 -0.0581719056
v  -0.0121335294 -0.0837989599 -0.0635100007
v  -0.0113240592 -0.0785751566 -0.0680908039
v  -0.0106688701 -0.0726802051 -0.0717985332
v  -0.0101845143 -0.0662630796 -0.0745394975
v  -0.00988323893 -0.0594859459 -0.0762444213
v  -0.00977265462 -0.0525200851 -0.0768702179
v  -0.023977641 -0.0123106865 -0.0539509244
v  -0.0237956848 -0.012491175 -0.0538312756
v  -0.0107591879 -0.0512493812 -0.077040635
v  -0.0110536013 -0.0512141474 -0.0770920217
v  -0.00984143652 -0.0520974286 -0.0768852085
v  -0.0100430427 -0.0517172627 -0.0769198611
v  -0.0103672016 -0.0514180101 -0.0769740343
v  -0.0197180118 -0.044985842 -0.0780561939
v  -0.0197183378 -0.0449743122 -0.078054361
v  -0.0198475532 -0.0381848961 -0.0761737898
v  -0.020011479 -0.0381217301 -0.0763954595
v  -0.0200120173 -0.0381124951 -0.0763924271
v  -0.020326307 -0.0317089632 -0.0734645128
v  -0.0204924177 -0.0316162296 -0.0736738145
v  -0.021148419 -0.0256372187 -0.0699615031
v  -0.0209793262 -0.0257571321 -0.069769077
v  -0.02114903 -0.0256325435 -0.0699580535
v  -0.0217897557 -0.0204829853 -0.0651828349
v  -0.0219625551 -0.0203389879 -0.0653543174
v  -0.0219630413 -0.0203362871 -0.0653515607
v  -0.0227366909 -0.0160226319 -0.0598241352
v  -0.022913808 -0.0158582684 -0.0599711537
v  -0.0135154612 -0.0512141474 -0.0775270537
v  -0.0140781822 -0.0511876084 -0.0776259974
v  -0.01486554 -0.0510601066 -0.077762492
v  -0.0154693238 -0.0508869924 -0.077865012
v  -0.0160513166 -0.0506526046 -0.0779611021
v  -0.016754115 -0.0502686538 -0.0780714825
v  -0.01722279 -0.0499400385 -0.0781397745
v  -0.0177462772 -0.0494874604 -0.0782081708
v  -0.0182922632 -0.0488878861 -0.0782654062
v  -0.0185983386 -0.0484722294 -0.078287378
v  -0.018984396 -0.0478227399 -0.0782973543
v  -0.0193120763 -0.0470807478 -0.0782766268
v  -0.0196356066 -0.0458520725 -0.0781750828
v  -0.0249902271 -0.0920180157 -0.0528180301
v  -0.0249334387 -0.0920002088 -0.053139396
v  -0.0248192269 -0.0918524936 -0.0537857302
v  -0.0248756111 -0.0919448137 -0.0534666404
v  -0.0349463895 -0.0919100866 -0.0266793706
v  -0.0341656096 -0.0920182541 -0.0242116749
v  -0.0348702185 -0.0919344798 -0.0241787042
v  -0.0339671001 -0.092018269 -0.0223004613
v  -0.0344413817 -0.0919609368 -0.021671962
v  -0.0335434861 -0.0920182839 -0.0206093956
v  -0.0340264887 -0.0919742286 -0.0204375386
v  -0.0330446362 -0.0920182914 -0.0195311755
v  -0.0333988033 -0.0919865221 -0.0192750655
v  -0.0323584452 -0.0920182988 -0.0186645482
v  -0.032467071 -0.0919963717 -0.0182789993
v  -0.0316068046 -0.0920182988 -0.0181690417
v  -0.0318733118 -0.0919993892 -0.0179213956
v  -0.0311376024 -0.0920182988 -0.0180299599
v  -0.0311943926 -0.0920004994 -0.017708594
v  -0.0348249339 -0.0918894038 -0.0291542225
v  -0.0338781215 -0.0920181796 -0.0299037099
v  -0.034142077 -0.0920182243 -0.0269059539
v  -0.0345699899 -0.0918735862 -0.0316089205
v  -0.0338311568 -0.0918603316 -0.0364582092
v  -0.0330537669 -0.0920181647 -0.0353503712
v  -0.0328616016 -0.0918736756 -0.0412675627
v  -0.0319810472 -0.0920180902 -0.0410472378
v  -0.0311144367 -0.0920180902 -0.0445995964
v  -0.0322585292 -0.091889523 -0.0436611846
v  -0.0315203257 -0.0919102728 -0.0460330695
v  -0.0302359331 -0.0920180678 -0.0473334268
v  -0.0305869635 -0.0919346958 -0.048357714
v  -0.0299384017 -0.0920180604 -0.0480847098
v  -0.0293218326 -0.0919610709 -0.0505576916
v  -0.0293413345 -0.0920180529 -0.0493573435
v  -0.0285078101 -0.0919742808 -0.0515689664
v  -0.0283952281 -0.092018038 -0.0508855358
v  -0.0274792854 -0.0920180231 -0.0519049056
v  -0.027523715 -0.0919864327 -0.0524356999
v  -0.0272529032 -0.0920180231 -0.0520962924
v  -0.026315026 -0.0919961408 -0.0530422218
v  -0.026599938 -0.0920180231 -0.0525247641
v  -0.025638964 -0.0919991136 -0.0531723313
v  -0.0257712789 -0.0920180157 -0.0528145358
v  -0.0280603617 -0.0917242989 -0.0531082526
v  -0.0265561379 -0.0918146297 -0.0537245385
v  -0.0257087182 -0.0918422937 -0.0538438931
v  -0.0302703455 -0.09148819 -0.0511543527
v  -0.0292746462 -0.0916111767 -0.0522086509
v  -0.0317968614 -0.0912425593 -0.0488661043
v  -0.0354262851 -0.0905488655 -0.0367402099
v  -0.0344087929 -0.0906735882 -0.0415985622
v  -0.0337415561 -0.0908214599 -0.0440332182
v  -0.0328963473 -0.0910149515 -0.0464637503
v  -0.0313086063 -0.0918527916 -0.0170622524
v  -0.0321703143 -0.0918424726 -0.0173147265
v  -0.0329297036 -0.0918144584 -0.0177213643
v  -0.0341372341 -0.0917228758 -0.0188289601
v  -0.0349704102 -0.0916085914 -0.0201019477
v  -0.0355406553 -0.0914850235 -0.0214391686
v  -0.0361836925 -0.0912389234 -0.0241181385
v  -0.0363463871 -0.0908194333 -0.0293138865
v  -0.0363882072 -0.0910119265 -0.0267479867
v  -0.0256741419 -0.0919402912 -0.053512577
v  -0.0264372453 -0.0919280052 -0.0533886738
v  -0.0277981795 -0.0918878019 -0.0527796783
v  -0.0289036222 -0.0918372571 -0.0518992096
v  -0.0298165232 -0.0917820409 -0.0508688837
v  -0.0312319491 -0.0916709006 -0.0486289077
v  -0.0322698504 -0.0915668085 -0.0462676622
v  -0.0330823958 -0.0914774388 -0.0438679866
v  -0.0337348469 -0.0914085507 -0.0414543822
v  -0.0347441696 -0.0913500413 -0.0366196185
v  -0.0361373462 -0.0906721577 -0.0318287835
v  -0.0354547612 -0.0914079249 -0.0317330323
v  -0.035670381 -0.0914765596 -0.0292428136
v  -0.0357319973 -0.0915655047 -0.0267167594
v  -0.0355707295 -0.0916693509 -0.0241462309
v  -0.0350148715 -0.0917807445 -0.0215505157
v  -0.034513846 -0.0918362439 -0.0202642214
v  -0.0337765291 -0.0918873176 -0.019046871
v  -0.0327017903 -0.0919280872 -0.0179957785
v  -0.0320236348 -0.0919405222 -0.0176139716
v  -0.0312522165 -0.0919451043 -0.0173813477
v  -0.0249335524 -0.0120358141 -0.0531387627
v  -0.0249903407 -0.0120180128 -0.0528173968
v  -0.0248193368 -0.01218352 -0.0537851006
v  -0.024875721 -0.0120912073 -0.0534660146
v  -0.0315327607 -0.0121262269 -0.0459971428
v  -0.0299535394 -0.0120180575 -0.0480478033
v  -0.0306041837 -0.0121018318 -0.0483202562
v  -0.0291120503 -0.0120180426 -0.0497752354
v  -0.0293422118 -0.0120753748 -0.0505282134
v  -0.0281345379 -0.0120180296 -0.0512187108
v  -0.028529387 -0.0120620849 -0.0515456982
v  -0.027296368 -0.0120180221 -0.0520606674
v  -0.0275413208 -0.0120497914 -0.0524226502
v  -0.0263547301 -0.0120180165 -0.0526396409
v  -0.0263246428 -0.012039938 -0.0530390702
v  -0.0254787859 -0.0120180128 -0.0528475419
v  -0.0256442856 -0.0120369243 -0.0531715266
v  -0.0322668292 -0.0121469041 -0.0436305441
v  -0.0316342227 -0.0120181302 -0.0426019616
v  -0.03085481 -0.0120180855 -0.0455086231
v  -0.0328685977 -0.0121627236 -0.0412371345
v  -0.0338364393 -0.0121759819 -0.03642831
v  -0.0327264555 -0.0120181506 -0.0372026339
v  -0.0345738456 -0.0121626398 -0.031577941
v  -0.0336711146 -0.0120182196 -0.0314831361
v  -0.0340744331 -0.0120182233 -0.0278489124
v  -0.034827631 -0.0121467924 -0.029122591
v  -0.0349470228 -0.0121260406 -0.0266413558
v  -0.0341860652 -0.0120182456 -0.024979569
v  -0.0348668769 -0.0121016158 -0.0241376236
v  -0.0341640376 -0.0120182512 -0.024171818
v  -0.034432333 -0.0120752426 -0.0216372889
v  -0.0340392813 -0.0120182624 -0.0227716304
v  -0.0340141952 -0.0120620327 -0.0204082821
v  -0.0336742066 -0.0120182754 -0.0210117362
v  -0.033163093 -0.0120182848 -0.0197401959
v  -0.0333867408 -0.0120498789 -0.0192567743
v  -0.0330160037 -0.0120182866 -0.0194828101
v  -0.0324591175 -0.0120401708 -0.018272737
v  -0.0325494371 -0.0120182903 -0.0188565068
v  -0.0318685882 -0.0120371962 -0.0179188196
v  -0.031870272 -0.0120182941 -0.0183002912
v  -0.0311945006 -0.012036101 -0.0177079663
v  -0.0311377123 -0.0120182959 -0.0180293303
v  -0.034121383 -0.0123120164 -0.0188088678
v  -0.0329194665 -0.01222168 -0.0177143831
v  -0.0321642756 -0.0121940142 -0.0173118338
v  -0.0355278924 -0.0125481198 -0.0214018319
v  -0.0349538215 -0.012425133 -0.020070143
v  -0.0361777395 -0.0127937486 -0.0240746718
v  -0.0354316086 -0.013487448 -0.0367100723
v  -0.0361407772 -0.0133627234 -0.0317972377
v  -0.0363483503 -0.0132148517 -0.029281348
v  -0.0363873132 -0.0130213602 -0.0267083459
v  -0.0257153809 -0.0121938409 -0.0538432412
v  -0.0265681464 -0.0122218551 -0.0537214875
v  -0.0280821398 -0.0123134376 -0.0530948117
v  -0.0293011349 -0.0124277202 -0.0521844588
v  -0.030295128 -0.0125512863 -0.0511236601
v  -0.0318173505 -0.0127973864 -0.0488273017
v  -0.0337508656 -0.0132168802 -0.0440019816
v  -0.0329107717 -0.0130243851 -0.0464268178
v  -0.031308718 -0.012183818 -0.0170616265
v  -0.031252332 -0.0120914998 -0.0173807144
v  -0.0320182443 -0.0120960241 -0.0176112372
v  -0.0326926708 -0.0121083064 -0.0179891586
v  -0.0337624736 -0.0121485079 -0.0190276932
v  -0.0344992206 -0.0121990507 -0.0202336852
v  -0.0350037217 -0.0122542689 -0.0215144847
v  -0.0355657488 -0.0123654148 -0.0241039004
v  -0.035731554 -0.0124695012 -0.0266778432
v  -0.0356724784 -0.0125588747 -0.0292106681
v  -0.0354582332 -0.0126277609 -0.0317017138
v  -0.0347494781 -0.0126862703 -0.0365895778
v  -0.0344163775 -0.0133641502 -0.0415677428
v  -0.0337423198 -0.0126283867 -0.0414237641
v  -0.0330914445 -0.012559752 -0.0438370667
v  -0.0322836079 -0.0124708069 -0.0462312587
v  -0.0312511362 -0.0123669608 -0.0485908464
v  -0.0298393462 -0.0122555634 -0.0508388579
v  -0.0289278291 -0.0122000696 -0.0518755428
v  -0.0278179552 -0.0121489922 -0.0527664758
v  -0.026448084 -0.0121082263 -0.0533855855
v  -0.0256801434 -0.0120957857 -0.053511858
v  -0.0239598509 -0.0132180108 -0.0529022403
v  -0.0104471324 -0.0516557731 -0.0769907981
v  -0.000418278592 -0.051148314 -0.0796096548
v  0.000822544796 -0.0511481725 -0.0799646154
v  0.000767074351 -0.0558725335 -0.0796824694
v  -0.017948214 -0.051999975 0.0187538881
v  -0.0182635132 -0.0519999973 0.0183192901
v  -0.0179834981 -0.0564903654 0.0171092134
v  -0.0134976255 -0.0919984654 -0.0153787881
v  -0.0133352885 -0.0923472717 -0.0155460751
v  -0.0135122882 -0.0919453204 -0.0146430042
v  -0.00446500862 -0.0746625811 -0.0695516318
v  -0.00440264447 -0.0762049556 -0.0695649385
v  -0.00482590729 -0.0798367411 -0.0671029836
v  -0.00344592147 -0.0593582727 -0.0751256049
v  -0.00334188691 -0.059776213 -0.0754579902
v  -0.00351078669 -0.0640623719 -0.0745443776
v  -0.0033604349 -0.0554208867 -0.0756046474
v  -0.00334932934 -0.0510517545 -0.0757277235
v  -0.00323189795 -0.0554322787 -0.0760409385
v  -0.0151178343 -0.0872469693 -0.00639294041
v  -0.0148164453 -0.0882596225 -0.00770782074
v  -0.0154996505 -0.0857019126 -0.00407799706
v  -0.0136344163 -0.0916093737 -0.0134391785
v  -0.0121467486 -0.0937756002 -0.014667931
v  -0.0136841238 -0.0914856642 -0.013171846
v  -0.0129456278 -0.0918967053 -0.0104791336
v  -0.014384374 -0.0896079615 -0.00981584005
v  -0.0137193901 -0.0896592066 -0.00645864103
v  -0.01667298 -0.0796245933 0.00242366851
v  -0.0164077505 -0.0816426575 -0.000345337932
v  -0.0161227826 -0.0828163251 -0.000689221779
v  -0.015778292 -0.0846632421 -0.00331710675
v  -0.0156981535 -0.0850053504 -0.00369244511
v  -0.0171474125 -0.0761627406 0.00523568084
v  -0.0173303764 -0.0757405013 0.00409167912
v  -0.0168775469 -0.0788999721 0.0019106298
v  -0.0187822692 -0.0603699274 0.012448024
v  -0.0181893986 -0.0675630197 0.00811395235
v  -0.018126063 -0.0682837442 0.00889907498
v  -0.018088514 -0.068752192 0.00765489135
v  -0.0177610535 -0.0720439851 0.00671862159
v  -0.0177514106 -0.0721952468 0.00609500939
v  -0.0173446909 -0.0756245032 0.00424404163
v  -0.0192601997 -0.0520000048 0.0154083762
v  -0.0191879626 -0.0519999973 0.0137648536
v  -0.0187723394 -0.0601273365 0.0114128226
v  -0.0148315849 -0.0737677515 0.0108546158
v  -0.0144283893 -0.0777837485 0.00831690896
v  -0.0126735196 -0.074121654 0.0113796163
v  -0.0122691561 -0.0778425038 0.00909130275
v  -0.0121556725 -0.0787603706 0.00844910555
v  -0.0139399171 -0.0815261602 0.00538543146
v  -0.0118208556 -0.0812045559 0.00655435538
v  -0.0113395015 -0.0841531828 0.00383034698
v  -0.0133609194 -0.0849274248 0.00207005767
v  -0.0111338831 -0.0852486268 0.00266673346
v  -0.0108174291 -0.0867767707 0.000875919417
v  -0.0126964366 -0.0879369676 -0.00159139431
v  -0.0104781333 -0.0882333592 -0.00104418874
v  -0.0119645959 -0.090543814 -0.00553540979
v  -0.00976950489 -0.090790689 -0.00505434768
v  -0.0102457646 -0.0891376808 -0.00235916884
v  -0.0103836898 -0.0946069434 -0.0140234437
v  -0.00891464017 -0.0932153091 -0.00989205204
v  -0.011186895 -0.0927579105 -0.00969683845
v  -0.00933842268 -0.0920901895 -0.00749385916
v  -0.00961477589 -0.0912767574 -0.00592995482
v  -0.00728359492 -0.0964564532 -0.0191222038
v  -0.00791397598 -0.0953842178 -0.0155548481
v  -0.00813769642 -0.0949521959 -0.014288811
v  -0.00638186093 -0.0987197012 -0.0370419323
v  -0.00502562802 -0.0986761749 -0.0319001228
v  -0.00716799404 -0.0986364558 -0.0323267058
v  -0.00543094985 -0.0984679982 -0.0296063982
v  -0.00796074141 -0.0981472135 -0.0276448466
v  -0.00636810623 -0.0976601765 -0.0243029986
v  -0.00876209978 -0.0972968861 -0.0230211988
v  -0.00957197323 -0.0961162746 -0.0184737965
v  -0.00560174044 -0.0983498171 -0.0417514518
v  -0.0036366845 -0.0986424834 -0.0397608839
v  -0.00436887192 -0.0988108143 -0.0356174409
v  -0.002467816 -0.0975735709 -0.0463754833
v  -0.00248480728 -0.0975968167 -0.0462793261
v  -0.00482876739 -0.0974826589 -0.046403762
v  -0.00291718566 -0.0981105641 -0.043832507
v  -0.00330821867 -0.0984480679 -0.0416196547
v  -0.00202365918 -0.0891890451 -0.0633323416
v  -0.000184872697 -0.0921267793 -0.0592945926
v  -0.00265874574 -0.0919429958 -0.0594511144
v  -0.000828527496 -0.0941661671 -0.0556521639
v  -0.00334492279 -0.0942581818 -0.0553037003
v  -0.00128206133 -0.0953499153 -0.0530856289
v  -0.00407216093 -0.0961125419 -0.0509383269
v  -0.00150449225 -0.0958603248 -0.0518269055
v  -0.00220509106 -0.0971840322 -0.0478622466
v  0.00114602176 -0.0862142593 -0.066826053
v  0.000949261652 -0.0872697458 -0.0657126084
v  -0.00144614396 -0.0860182196 -0.0668947101
v  0.0008615306 -0.0877164453 -0.065216139
v  0.000412713911 -0.0897989422 -0.062676318
v  0.00143307075 -0.0845176652 -0.0684504583
v  -0.000929233211 -0.0824458972 -0.0700710714
v  0.00168280385 -0.0828581825 -0.0698636621
v  -0.000475400302 -0.0785119832 -0.0727980137
v  0.0018645461 -0.0815207884 -0.0708921328
v  0.00171014131 -0.0826645568 -0.0700183734
v  0.00259478879 -0.0744472444 -0.0750244856
v  0.00234683696 -0.0772425085 -0.0736213699
v  0.00225373241 -0.0781708285 -0.0730944946
v  -8.89916628e-05 -0.0742840096 -0.0750398785
v  0.000227729921 -0.0698423013 -0.0768095851
v  0.00285756425 -0.0707676038 -0.0765114874
v  0.000474223431 -0.0652611628 -0.0781395361
v  0.00307660527 -0.0667463019 -0.0777510032
v  0.00317548076 -0.0644499585 -0.0783105195
v  0.000652160961 -0.0605954491 -0.0790902451
v  0.00326404418 -0.0619761534 -0.0788116679
v  0.00338305137 -0.0573471896 -0.0794850737
v  -0.00337081193 -0.0561390556 -0.0755435675
v  -0.00383267738 -0.0672602355 -0.0730494782
v  -0.00365221431 -0.0642745122 -0.0740172714
v  -0.00359614915 -0.0631754249 -0.0743160173
v  -0.00374390231 -0.068260394 -0.0732752681
v  -0.00404141936 -0.0723263472 -0.0716207474
v  -0.00411114842 -0.0709260032 -0.0715272054
v  -0.00420294143 -0.0719750077 -0.0710183233
v  -0.00532077113 -0.0813580081 -0.0646845624
v  -0.0049771308 -0.0789677128 -0.0666483268
v  -0.00485270051 -0.078014046 -0.0673567653
v  -0.0053085587 -0.0831662863 -0.0642562956
v  -0.00584958075 -0.0861455575 -0.0610582009
v  -0.00584057299 -0.084424369 -0.0616987981
v  -0.0079238601 -0.0919860899 -0.0496892147
v  -0.00766777759 -0.0917197242 -0.050961785
v  -0.00777594745 -0.0926705822 -0.0498068817
v  -0.00757140946 -0.0914853513 -0.0515138768
v  -0.00709153619 -0.0909203589 -0.0537850149
v  -0.00749904569 -0.0912640169 -0.0519518815
v  -0.00692880433 -0.0893168524 -0.0553594232
v  -0.00644614594 -0.0887398422 -0.0575522669
v  -0.00639091572 -0.0871161446 -0.0585137829
v  -0.00595093984 -0.0850048661 -0.0610627308
v  -0.00887296163 -0.0930729732 -0.0446078628
v  -0.00822954159 -0.0919981971 -0.0482489206
v  -0.00799765065 -0.0919981897 -0.0493493006
v  -0.00848862249 -0.0939796194 -0.0456687286
v  -0.00921849906 -0.0948460475 -0.0414206646
v  -0.0095347371 -0.0938060582 -0.0408628508
v  -0.0099575147 -0.0952757522 -0.0371128432
v  -0.0100719696 -0.0941447839 -0.037822634
v  -0.0107021891 -0.095284991 -0.032789439
v  -0.010765899 -0.0942614526 -0.0338956825
v  -0.011369234 -0.0940776542 -0.0304814186
v  -0.0110389814 -0.0958454758 -0.0282897465
v  -0.0118011171 -0.0950395614 -0.0239463113
v  -0.012074993 -0.0935294181 -0.0264875218
v  -0.012569055 -0.0938703492 -0.0196900181
v  -0.0133985505 -0.091998443 -0.0179124493
v  -0.0131445117 -0.0919984281 -0.0204350855
v  -0.01277183 -0.0926301405 -0.0225440972
v  0.00344941625 -0.0519999973 -0.0798605755
v  0.0034526987 -0.0515722297 -0.0798791721
v  0.00197469676 -0.0511460043 -0.0800437555
v  0.00345578417 -0.0511444174 -0.0798966512
v  -0.00215316028 -0.0511292033 -0.0782826319
v  -0.00274317968 -0.0555601157 -0.077193372
v  -0.00285925949 -0.0600077324 -0.0766041279
v  -0.00303595979 -0.0643980503 -0.0756757036
v  -0.00327938888 -0.0687038824 -0.074382931
v  -0.00358723546 -0.0728787854 -0.0726882145
v  -0.00395680545 -0.0768616796 -0.0705718771
v  -0.00438476447 -0.0805867761 -0.0680275261
v  -0.00486849854 -0.083994031 -0.0650809929
v  -0.00540925004 -0.0870354548 -0.0617736727
v  -0.00600692024 -0.0896804109 -0.0581548251
v  -0.00665564416 -0.0919016302 -0.0542727076
v  -0.00734495977 -0.0936816186 -0.0501776822
v  -0.00806277525 -0.0950070843 -0.0459206179
v  -0.00879617501 -0.095873341 -0.041552607
v  -0.00953692943 -0.096286498 -0.0371281356
v  -0.0102844471 -0.0962691009 -0.0326940566
v  -0.0184940398 -0.0520000197 0.0179390293
v  -0.0189237949 -0.0520000122 0.0169805121
v  -0.0189164579 -0.0563308708 0.0149800144
v  -0.0144455368 -0.0870510042 -0.00264942669
v  -0.0151015418 -0.0840745494 0.000896830461
v  -0.0156692732 -0.0807473585 0.00413016137
v  -0.0161451455 -0.0771145895 0.00701827183
v  -0.0175502896 -0.0724730194 0.00773255946
v  -0.016536165 -0.0732333064 0.00954834092
v  -0.0179000609 -0.0686091557 0.00992215145
v  -0.0168710016 -0.0691798106 0.0117489761
v  -0.0185911153 -0.0605442859 0.0135440696
v  -0.0176068339 -0.0608337112 0.0155338868
v  -0.0191626586 -0.0520000122 0.0161017757
v  -0.00123368436 -0.0511441641 -0.0791519508
v  -0.00129217142 -0.0557509549 -0.0788674727
v  -0.0014122579 -0.0603648908 -0.0782732889
v  -0.00159484858 -0.0649222136 -0.0773275793
v  -0.00184655562 -0.0693983361 -0.0760062039
v  -0.00216430752 -0.0737423599 -0.0742583796
v  -0.00254447944 -0.0778845847 -0.0720573738
v  -0.00298272585 -0.0817497894 -0.0693933889
v  -0.0034759366 -0.0852718353 -0.0662986115
v  -0.00402606791 -0.0884051174 -0.0628274381
v  -0.00463433005 -0.0911268145 -0.0590390973
v  -0.00529540842 -0.093412444 -0.0549844652
v  -0.00599847035 -0.0952422544 -0.050713174
v  -0.00673048571 -0.096597828 -0.0462753996
v  -0.00747701153 -0.0974673852 -0.0417230986
v  -0.00822938699 -0.0978569388 -0.037116129
v  -0.00898922142 -0.0978006348 -0.0325049907
v  -0.00975945871 -0.0973352343 -0.0279293451
v  -0.0105436053 -0.0964958444 -0.0234171301
v  -0.0113420114 -0.0953075886 -0.018989319
v  -0.0141132325 -0.0565973781 0.0195269734
v  -0.0162953194 -0.0565843396 0.0187109038
v  -0.0140603157 -0.0573808514 0.0192275252
v  -0.0159193724 -0.0610049255 0.0169934761
v  -0.0151763065 -0.0695701092 0.013049908
v  -0.0131772375 -0.0684593916 0.0142301684
v  -0.0137885837 -0.0610302202 0.017689785
v  -0.0167331025 -0.051999975 0.0199034773
v  -0.0165744927 -0.051999975 0.0200127121
v  -0.0143573629 -0.0519999973 0.0209085084
v  -0.00554182753 -0.00701560732 -0.0557261892
v  -0.00526862079 -0.00680717546 -0.0558361262
v  -0.00444422429 -0.00916508492 -0.0591392741
v  -0.00445271749 -0.00633235928 -0.0560490303
v  -0.00308273826 -0.00586429704 -0.0561532862
v  -0.0028614921 -0.00851146225 -0.0594051667
v  -0.00145527499 -0.00564104225 -0.0560278781
v  -0.00078086881 -0.0056227548 -0.0559218116
v  -2.44722523e-05 -0.00904516596 -0.0602022149
v  -0.00331702223 -0.0378295071 -0.0750946552
v  -0.00367300934 -0.0397214666 -0.0740207508
v  -0.00370463519 -0.0391251072 -0.0738456994
v  -0.00218367344 -0.0441591926 -0.0779188499
v  -0.00309647783 -0.0443302207 -0.0763427094
v  -0.00338745257 -0.0478569046 -0.0755462795
v  -0.0034114914 -0.0467074402 -0.0754246339
v  -0.00347440294 -0.0444463678 -0.0750970617
v  -0.00353541272 -0.0427449308 -0.074771665
v  0.00319107575 -0.0379352272 -0.0783987567
v  0.00329352007 -0.0406928249 -0.078978464
v  0.000596476311 -0.0403885357 -0.0789738297
v  0.00340493 -0.0451745205 -0.0796089023
v  0.000693985261 -0.0439168103 -0.0795256346
v  0.00311910943 -0.0363378227 -0.0779915228
v  0.000284612936 -0.0336235873 -0.0772090033
v  0.00287942355 -0.0320890471 -0.0766351745
v  7.30379325e-05 -0.0304148439 -0.076011695
v  0.0027757301 -0.0305687021 -0.0760483742
v  -0.000171874373 -0.0273450408 -0.074625738
v  0.00257407292 -0.0279582459 -0.0749072209
v  0.000148536317 -0.0185911413 -0.0693432912
v  0.00121629285 -0.0160948802 -0.0672236383
v  0.00138988346 -0.0172851756 -0.068205975
v  -0.00150541647 -0.0160092022 -0.0670792088
v  -0.00193026348 -0.0133804483 -0.0646749958
v  0.000430487155 -0.0113826534 -0.0627768189
v  0.000602092303 -0.0123308869 -0.0637479201
v  -0.00639455207 -0.00792919751 -0.0551743843
v  -0.00696738902 -0.011936632 -0.0553918816
v  -0.0064206114 -0.01142547 -0.0575314201
v  -0.0063446397 -0.0149495164 -0.05891601
v  -0.00554118771 -0.016013898 -0.0625080764
v  -0.00579224806 -0.0180469695 -0.0620420203
v  -0.00533516193 -0.0210245345 -0.0646286681
v  -0.00477230595 -0.0210586619 -0.0668591782
v  -0.00518753286 -0.0220908727 -0.0654641166
v  -0.00416075811 -0.0262509603 -0.0703199357
v  -0.00451142993 -0.0279426742 -0.0692901835
v  -0.00492768595 -0.0241246652 -0.066934593
v  -0.00375707471 -0.0381931812 -0.0735538378
v  -0.00390592217 -0.0358454473 -0.0727166235
v  -0.00367388385 -0.0318308435 -0.0730751678
v  -0.00416724803 -0.031919498 -0.0712378994
v  -0.004470577 -0.0283667389 -0.0695213675
v  0.00345343072 -0.0498015545 -0.0798833296
v  0.000751781277 -0.0475246496 -0.0798527077
v  -0.00352463149 -0.013972803 -0.0643432513
v  -0.00271543325 -0.0192944203 -0.0689224973
v  -0.00110933988 -0.018779723 -0.0693206042
v  0.000809627934 -0.0242195781 -0.073084414
v  -0.000452048698 -0.024376234 -0.0730402172
v  -0.00206850376 -0.0248021465 -0.0725834891
v  -0.00155213592 -0.0307397526 -0.0755056217
v  -0.00561028253 -0.0101225218 -0.0585276298
v  -0.00470771687 -0.0148385419 -0.0636352599
v  -0.00391563866 -0.0200442243 -0.0681176409
v  -0.0032837668 -0.0254196841 -0.0716934204
v  -0.00277999346 -0.03120712 -0.0745442659
v  -0.00241095829 -0.0374290906 -0.0766326562
v  -0.00117390987 -0.0371235944 -0.0776460096
v  -0.00697915349 -0.00902996492 -0.0544145741
v  -0.00732234865 -0.0103953416 -0.0533828326
v  0.00174710387 -0.0199620854 -0.0702274665
v  0.00219726027 -0.0239098426 -0.0727748647
v  0.000457690912 -0.0369077474 -0.0781884491
v  -0.000941382779 -0.0440202467 -0.078961879
v  -0.0106870318 -0.0919983089 -0.0343420021
v  -0.0186844524 -0.0519999973 0.0109154684
v  -0.0186504573 -0.056139756 0.0107231075
v  -0.0183803719 -0.0642751828 0.00919468515
v  -0.0209953599 -0.00554967392 0.023993168
v  -0.0205035228 -0.0122939376 0.0212098081
v  -0.0205035191 -0.00554967392 0.0212098118
v  -0.018663818 -0.0487688035 0.010798729
v  -0.0101651968 -0.0107996287 -0.0372950733
v  -0.0101651968 -0.00499991793 -0.0372950733
v  -0.00990745891 -0.00499991793 -0.0387536101
v  -0.012142607 -0.010999999 -0.0261048563
v  -0.0111550968 -0.0105071729 -0.0316932015
v  -0.00456167618 -0.0284359809 -0.0690056533
v  -0.00420321431 -0.0320514254 -0.0710342079
v  -0.0150392512 -0.0145203201 -0.00971267745
v  -0.0156374164 -0.0168656632 -0.00632764772
v  -0.0199909303 -0.010999999 0.0183090344
v  -0.0160909146 -0.0189917814 -0.00376128685
v  -0.0161942877 -0.0195250902 -0.00317631871
v  -0.00879226159 -0.00499991793 -0.0450645387
v  -0.00803408865 -0.0119981887 -0.0493550897
v  -0.0140217468 -0.0119984625 -0.0154707553
v  -0.0144055709 -0.0125113009 -0.0132986866
v  -0.00544810155 -0.0218682941 -0.0639893264
v  -0.00497769704 -0.0250320416 -0.0666513667
v  -0.00815936271 -0.0071533462 -0.0486460775
v  -0.0080010714 -0.00772856269 -0.0495419353
v  -0.00765026594 -0.0125109917 -0.0515271686
v  -0.00713907322 -0.0140960785 -0.0544200204
v  -0.00653344905 -0.0163765475 -0.0578472763
v  -0.00596803846 -0.0189749803 -0.0610469691
v  -0.0167047288 -0.0224732477 -0.000287709699
v  -0.017077554 -0.02502889 0.00182209676
v  -0.0202724449 -0.0113417497 0.0199021306
v  -0.0171646718 -0.0256868768 0.00231510447
v  -0.0175697394 -0.0291361567 0.00460737944
v  -0.0178498365 -0.0320215933 0.00619246298
v  -0.017916128 -0.032787621 0.00656759972
v  -0.0182011072 -0.0366124921 0.00818026066
v  -0.0183803979 -0.0397221409 0.009194877
v  -0.018421948 -0.0405757725 0.00942998659
v  -0.018576581 -0.0446385369 0.0103050722
v  -0.0186504852 -0.0478575788 0.0107232789
v  -0.0202255771 -0.0919984654 -0.0165676847
v  -0.0142379012 -0.0919981897 -0.0504520126
v  -0.0138540771 -0.0914853513 -0.0526240803
v  -0.020609403 -0.0914856642 -0.0143956067
v  0.0367801785 -0.0750465691 -0.0686098412
v  0.0358280689 -0.0772421807 -0.0677043051
v  0.0363077745 -0.0712533593 -0.0704189539
v  0.030051982 -0.0987237021 -0.0305375569
v  0.0284556448 -0.0986760855 -0.0259836763
v  0.0298391301 -0.0986455232 -0.0338128358
v  0.034965504 -0.0934275091 -0.0398362912
v  0.0337764546 -0.0946320519 -0.0331074484
v  0.0338985808 -0.0952984914 -0.0342518091
v  0.0400144719 -0.0607901551 -0.068408452
v  0.0397145674 -0.0678612888 -0.0667112917
v  0.0399144255 -0.0651445389 -0.068290107
v  0.0396919474 -0.069394514 -0.0670306683
v  0.0395886078 -0.0696678311 -0.0677592829
v  0.0324428678 -0.0946856439 -0.0255606771
v  0.0324074514 -0.0951730534 -0.0255325418
v  0.0331273489 -0.0955845267 -0.0298882965
v  0.0400180444 -0.0606744923 -0.0684286803
v  0.0400756076 -0.0608078279 -0.0692014769
v  0.0398150645 -0.0653469339 -0.0690416694
v  0.0393369012 -0.0699277297 -0.0684554353
v  0.0323577225 -0.0954641178 -0.0255207885
v  0.0321602449 -0.0961248875 -0.0255090632
v  0.0329052247 -0.0963337719 -0.0299486946
v  0.0303285327 -0.0981990099 -0.0256863851
v  0.0320617668 -0.0976321027 -0.0301380735
v  0.0312705114 -0.0974914804 -0.0255698543
v  0.032546334 -0.0970254615 -0.0300328769
v  0.0317402929 -0.0969200134 -0.0255271643
v  0.0321245417 -0.0962125212 -0.0255091861
v  0.0395670906 -0.0655410141 -0.0697598234
v  0.0389442109 -0.0701645538 -0.0690933317
v  0.0391777977 -0.0657196194 -0.0704180598
v  0.0384272374 -0.0703683645 -0.0696462691
v  0.0386641398 -0.065875262 -0.0709888488
v  0.0378037132 -0.0705323517 -0.0700956807
v  0.0380432904 -0.066002734 -0.0714530274
v  0.0371004939 -0.0706494302 -0.0704221502
v  0.0373421088 -0.0660964474 -0.0717902109
v  0.0401798747 -0.0564142056 -0.0697859749
v  0.0399790369 -0.0609413423 -0.0699682981
v  0.0400857851 -0.0564778261 -0.0705627725
v  0.0397336893 -0.0610702075 -0.0707014576
v  0.0398426056 -0.0565404855 -0.0713059977
v  0.0393467993 -0.0611896925 -0.071374014
v  0.0394575149 -0.0565998964 -0.0719883963
v  0.038835533 -0.0612947904 -0.0719578117
v  0.0389477983 -0.0566535778 -0.072581403
v  0.0382166468 -0.0613819845 -0.0724333003
v  0.038329944 -0.0566997193 -0.0730651766
v  0.0375169888 -0.0614474081 -0.0727793053
v  0.0376308076 -0.0567362718 -0.0734179914
v  0.0299186483 -0.0983917266 -0.0257452149
v  0.0307880808 -0.0984948426 -0.0303956587
v  0.031467028 -0.0981271639 -0.0302607361
v  0.040172901 -0.0519999973 -0.0693050101
v  0.037146423 -0.0876985937 -0.0521781407
v  0.0374463089 -0.0871086717 -0.0543257594
v  0.038020622 -0.0836775005 -0.0571252219
v  0.0380376019 -0.0842415169 -0.057670895
v  0.0387439616 -0.0789948925 -0.0612186305
v  0.0385671817 -0.0809957981 -0.0606667697
v  0.0389856547 -0.0769688189 -0.0625863597
v  0.0390226655 -0.077396974 -0.0632443279
v  0.0392944366 -0.0738267973 -0.0643337667
v  0.039396774 -0.073503226 -0.0653609708
v  0.0346610397 -0.0945523381 -0.0385654494
v  0.0354048945 -0.0933383852 -0.0427750424
v  0.0361130759 -0.0910468921 -0.046330411
v  0.0361220054 -0.0916766673 -0.0468330123
v  0.0368049368 -0.0895922408 -0.0506969057
v  0.0392876491 -0.0738484859 -0.0660572723
v  0.0389061831 -0.0778129548 -0.0638992339
v  0.0384419225 -0.0814787671 -0.061271891
v  0.0379023291 -0.0847846344 -0.0582199804
v  0.0373003148 -0.0877037123 -0.0548148267
v  0.036647588 -0.0902317762 -0.0511220805
v  0.0359525718 -0.0923534855 -0.0471903235
v  0.0352228358 -0.0940452889 -0.0430609323
v  0.0344658606 -0.0952816829 -0.0387769304
v  0.0336897969 -0.0960419104 -0.034387067
v  0.0390306748 -0.0741738006 -0.0667231902
v  0.0386426188 -0.0782017186 -0.0645271689
v  0.0381705612 -0.0819273219 -0.0618548058
v  0.0376220942 -0.0852871686 -0.0587522127
v  0.0370105021 -0.0882534459 -0.0552923493
v  0.0363475457 -0.0908222646 -0.0515411012
v  0.0356416181 -0.0929782093 -0.0475471132
v  0.0349004418 -0.0946976915 -0.0433522835
v  0.0341315605 -0.0959547982 -0.039000202
v  0.0333431587 -0.096728079 -0.0345405266
v  0.0386333913 -0.0744669735 -0.0673339292
v  0.0382396951 -0.0785485879 -0.0651046708
v  0.0377610698 -0.0823243707 -0.0623936392
v  0.0372051671 -0.0857298225 -0.0592475571
v  0.0365854427 -0.0887366235 -0.055740308
v  0.0359137319 -0.0913407132 -0.0519381277
v  0.0351984501 -0.0935263634 -0.0478899255
v  0.0344474316 -0.0952699035 -0.0436381698
v  0.033668302 -0.0965450555 -0.0392269976
v  0.032869298 -0.0973297507 -0.0347066857
v  0.0381122082 -0.0747156888 -0.0678639039
v  0.0377135314 -0.0788389146 -0.065607518
v  0.0372292846 -0.0826530829 -0.0628658161
v  0.0366671048 -0.0860937312 -0.059685301
v  0.0360404775 -0.089132525 -0.0561400391
v  0.0353613086 -0.0917648077 -0.0522967279
v  0.0346381105 -0.093974255 -0.0482046828
v  0.0338788107 -0.0957370922 -0.0439070314
v  0.033091139 -0.097026743 -0.0394483879
v  0.0322834365 -0.0978206545 -0.0348793045
v  0.0374855176 -0.0749116391 -0.0682952926
v  0.0370832831 -0.0790630579 -0.0660187677
v  0.0365951546 -0.0829026029 -0.0632553548
v  0.0360287204 -0.0863669515 -0.0600505285
v  0.0353972763 -0.089428246 -0.0564778075
v  0.0347128063 -0.0920807868 -0.0526044257
v  0.033983957 -0.0943074003 -0.0484802686
v  0.0332187228 -0.0960842296 -0.0441491529
v  0.0324249305 -0.0973844305 -0.0396561027
v  0.0316110402 -0.0981851146 -0.035051614
v  0.0379819907 -0.0519999973 -0.0736042112
v  0.038667798 -0.0519999973 -0.0731801391
v  0.0396232903 -0.0519999973 -0.072129041
v  0.0398624092 -0.0519999973 -0.0716885701
v  0.0401392952 -0.0519999973 -0.0708681419
v  0.0402332135 -0.0519999973 -0.0700892881
v  0.0402301177 -0.0519999973 -0.069825381
v  0.0363757797 -0.0792118311 -0.0663214251
v  0.0358855054 -0.0830630288 -0.0635465533
v  0.0353168026 -0.0865390152 -0.0603288673
v  0.0346826203 -0.0896128714 -0.0567406192
v  0.0339949988 -0.0922774002 -0.0528496206
v  0.0332627818 -0.0945143774 -0.0487064458
v  0.0324939825 -0.0962997749 -0.044355616
v  0.0316965356 -0.0976065695 -0.0398424566
v  0.0308790337 -0.0984116197 -0.0352171026
v  0.0366568267 -0.0644499958 -0.0723942369
v  0.0368725955 -0.0568875186 -0.0736152977
v  0.0369307213 -0.0519999973 -0.073944211
v  0.0356157646 -0.0792786479 -0.0665028617
v  0.0351641998 -0.0828584135 -0.063947469
v  0.0343428813 -0.0877163783 -0.059299618
v  0.0339220352 -0.0896784365 -0.0569180325
v  0.0333133377 -0.092067495 -0.0534734204
v  0.0321993232 -0.0953500122 -0.0471691936
v  0.0317308344 -0.0963732824 -0.0445179977
v  0.0310135763 -0.0975736678 -0.0404590331
v  0.0252449084 -0.0710209087 0.0151726659
v  0.0244486481 -0.0616666786 0.0196787007
v  0.0247420017 -0.0717108622 0.0164046716
v  0.0239071772 -0.0620667227 0.0210692547
v  0.0236564092 -0.0723462999 0.0174293444
v  0.0228217468 -0.0624032803 0.0222020838
v  0.0221841205 -0.0727636889 0.0179682504
v  0.0240768958 -0.0569183268 0.021782469
v  0.0235215873 -0.0571367256 0.0232442077
v  0.0224444214 -0.0573118813 0.0244088061
v  0.0237813629 -0.0519999973 0.0234548878
v  0.023217855 -0.0519999973 0.024939891
v  0.022144597 -0.0519999973 0.0261083264
v  0.0215783995 -0.0519999973 0.0264570322
v  0.0213634484 -0.0626089424 0.022837596
v  0.0209984425 -0.0574148037 0.0250743255
v  0.0207069628 -0.0519999973 0.0267769415
v  0.0206910316 -0.0728952885 0.0179563537
v  0.0203039926 -0.0684593916 0.0201466102
v  0.019821493 -0.0626493022 0.0228770897
v  0.0194209106 -0.0573808514 0.0251439735
v  0.0191238672 -0.0519999973 0.0268249493
v  -0.0210331585 -1.7528437e-10 0.0242071226
v  -0.0205035135 -1.75284329e-10 0.0212098155
v  -0.0210136212 -0.00554967392 0.0241002236
v  -0.0210331697 -0.0055496702 0.0242071524
v  -0.0210690144 -0.00554966088 0.0258325916
v  -0.0210694857 -0.00554966833 0.0244911592
v  -0.0198433548 -0.0287790801 0.0221216567
v  -0.0188700538 -0.0287817027 0.0239126161
v  -0.0152739948 -0.0287872758 0.0260958541
v  -0.0172441229 -0.0287845228 0.0253453255
v  -0.0207850225 -0.00554965343 0.0271425117
v  -0.019427795 -0.00554964226 0.0294188261
v  -0.0181498583 -0.00554963853 0.0304371361
v  -0.0172292572 -0.00554963667 0.0308836475
v  -0.0161718708 -0.00554963667 0.031177083
v  0.0316521041 -0.00499999989 -0.0237772726
v  0.0317456946 -0.00499999989 -0.0216151141
v  0.034537483 -0.00499999989 -0.0374138691
v  0.0306536444 -0.00499999989 -0.0256973598
v  0.0328553654 -0.00499999989 -0.0490787625
v  0.020663023 -0.00500000175 -0.0341164544
v  0.0211228747 -0.00499999989 -0.033967983
v  0.0193622727 -0.00499999989 -0.0318905786
v  0.0196100604 -0.00499999989 -0.0332928039
v  0.0134499455 -0.00499999989 -0.0288156047
v  0.0201872401 -0.00499999989 -0.0340319648
v  -0.00128689012 -0.00499999989 -0.0551120564
v  0.0198066272 -0.00500000175 -0.0337342396
v  -0.00171178486 -0.00499940198 -0.0551465377
v  -0.0030477629 -0.0049930485 -0.0550056472
v  -0.00540863769 -0.00500109512 -0.053491082
v  -0.00642805593 -0.00499940943 -0.0520877168
v  -0.00771936588 -0.00499999989 -0.0391318873
v  -0.00682091294 -0.00500009488 -0.0513933674
v  -0.00752377883 -0.00500007439 -0.0499075167
v  -0.00834191311 -0.00499939267 -0.0473520942
v  -0.00820225105 -0.00499999989 -0.0391500071
v  -0.0070124492 -0.00499999989 -0.0379972421
v  -0.00704582501 -0.00499999616 -0.0384793133
v  -0.00730135385 -0.00499999616 -0.0388894528
v  -0.0042377389 -0.00499869045 -0.0544987693
v  0.0262164585 -0.00499999989 -0.0302108768
v  0.0352234058 -0.00499999989 -0.0412957594
v  0.035396155 -0.00499741267 -0.0426458754
v  0.0353961289 -0.00499756727 -0.044592917
v  -0.00726023223 -0.00499999989 -0.0365950242
v  -0.00275980774 -0.00499999989 -0.0316800177
v  0.00278329663 -0.00499999989 -0.0316779613
v  0.00824183412 -0.00499999989 -0.0307133906
v  0.0153164174 -0.00499999989 -0.0284224022
v  0.017164316 -0.00500000361 -0.0288952738
v  0.0186124984 -0.00499999989 -0.0301366821
v  0.0337240249 -0.00499788951 -0.04858936
v  0.0344964713 -0.00499670487 -0.047669705
v  0.0350873582 -0.00499932002 -0.0463018417
v  -0.00715695461 -0.00499999803 -0.0346903838
v  -0.0062219291 -0.00499999989 -0.0330278352
v  -0.00464800233 -0.00499999989 -0.0319503024
v  -0.0149596436 -0.010999999 -0.0266026445
v  -0.0186368562 -0.010999999 -0.0228673927
v  -0.0216345135 -0.010999999 -0.0200548712
v  -0.0236247927 -0.010999999 0.0176668912
v  -0.0268413592 -0.010999999 0.0122389169
v  -0.0289537404 -0.010999999 0.00565076852
v  -0.0294735841 -0.010999999 -0.00124819705
v  -0.0257104803 -0.010999999 -0.0144644817
v  -0.0283723064 -0.010999999 -0.00807850994
v  -0.0108296005 -0.0105549181 -0.0345140137
v  -0.0146259191 -0.0109272404 -0.0270356052
v  -0.0130876349 -0.010640162 -0.029345464
v  -0.0118319988 -0.0105073666 -0.0318044648
v  0.0383390225 -0.023614591 -0.0589270666
v  0.0385199152 -0.0216503274 -0.0599507317
v  0.037887454 -0.0202880595 -0.0563716404
v  0.0380532965 -0.0183352288 -0.0573101304
v  0.0373695083 -0.0170557909 -0.0534405746
v  0.0376712158 -0.0159694701 -0.0551479347
v  0.0367282368 -0.0136550115 -0.0498116165
v  0.0371776931 -0.0132598793 -0.0523550957
v  0.0360066891 -0.010393138 -0.0457281545
v  0.0366261303 -0.0105895149 -0.0492337979
v  0.03543384 -0.0081205843 -0.0424866118
v  0.039824754 -0.0519999973 -0.0673348233
v  0.0398286507 -0.0515109636 -0.067356877
v  0.0401766188 -0.0515380017 -0.0693260431
v  0.0398323089 -0.0510218777 -0.0673775971
v  0.0401799865 -0.051075954 -0.0693451017
v  0.0398120619 -0.0475134812 -0.0672630072
v  0.0401765741 -0.0495819561 -0.0693257898
v  0.039730452 -0.0432377011 -0.0668011904
v  0.0400993973 -0.0439452194 -0.0688890442
v  0.0400537327 -0.0422103815 -0.0686306208
v  0.0395869575 -0.039110098 -0.0659891441
v  0.0398463011 -0.0369503275 -0.0674567744
v  0.0393783785 -0.0350859873 -0.0648087859
v  0.0397414006 -0.0350092538 -0.066863142
v  0.0391041785 -0.0311772618 -0.0632570833
v  0.0394130498 -0.0302543249 -0.0650049895
v  0.0387601145 -0.0273611788 -0.0613100193
v  0.0392254628 -0.0280704889 -0.0639434382
v  0.0388080291 -0.0240135957 -0.0615811795
v  -0.0210300144 -0.00554966461 0.0252687726
v  0.0218807925 -0.00554969441 0.0341176055
v  0.0219612997 -0.00554969627 0.0337546393
v  0.021110855 -0.00554969255 0.0339754596
v  0.021973718 -0.00554969627 0.0336843655
v  0.0220258106 -0.00554969814 0.0333895758
v  -0.0185983833 -0.00554965343 0.0276838783
v  0.0201803353 -0.00554968882 0.0345362723
v  0.0173093081 -0.00554966647 0.03709355
v  0.0184966028 -0.00554966833 0.0371200852
v  -0.0195704773 -0.00554965716 0.027332142
v  -0.020528134 -0.00554966088 0.0264616553
v  -0.0208441708 -0.00554966088 0.025892606
v  0.0196363814 -0.00554967206 0.0367922746
v  0.0206776597 -0.00554967951 0.0361001715
v  0.0213966016 -0.00554968696 0.0352322608
v  -0.022748014 -0.0111108972 0.0187716689
v  -0.021560749 -0.0115724495 0.0201255921
v  0.0228426289 -0.0283601973 0.0287671871
v  0.0233059134 -0.0403406247 0.0261454526
v  0.023530094 -0.046056442 0.0248768255
v  -0.0145729007 -1.75283968e-10 -0.00355395791
v  -0.0126293274 -1.75283926e-10 -0.0080932118
v  -0.0257104803 -1.75283538e-10 -0.0144644817
v  -0.00464800233 -1.75283621e-10 -0.0319503024
v  -0.0062219291 -1.75283565e-10 -0.0330278352
v  -0.0283723064 -1.75283607e-10 -0.00807850994
v  -0.0294735841 -1.75283718e-10 -0.00124819705
v  -0.0149372695 -1.75284065e-10 0.001370418
v  -0.0289537404 -1.75283857e-10 0.00565076852
v  -0.0136829512 -1.75284176e-10 0.00614628475
v  0.0196100604 -1.75284079e-10 -0.0332928039
v  0.0193622727 -1.75284093e-10 -0.0318905786
v  0.0262164585 -1.75284259e-10 -0.0302108768
v  -0.00715695461 -1.75283524e-10 -0.0346903838
v  -0.0114632575 -1.75283468e-10 -0.03268997
v  -0.0268413592 -1.75284037e-10 0.0122389169
v  -0.0232526492 -1.75284218e-10 0.0181539115
v  -0.0109458761 -1.75284315e-10 0.0102561098
v  -0.00702264486 -1.7528444e-10 0.0132545261
v  0.0306536444 -1.7528444e-10 -0.0256973598
v  0.0186124984 -1.75284121e-10 -0.0301366821
v  0.0316521041 -1.75284495e-10 -0.0237772726
v  0.0149591044 -1.75284648e-10 0.00110686966
v  0.0137891807 -1.75284717e-10 0.00590410875
v  0.0220258106 -1.75285397e-10 0.0333895758
v  0.0111249862 -1.75284745e-10 0.0100615453
v  0.0201803707 -1.75285383e-10 0.0345362537
v  0.00725522405 -1.75284717e-10 0.0131286597
v  0.00259924238 -1.75284662e-10 0.0147730839
v  -0.0023384029 -1.75284565e-10 0.0148166101
v  -0.0117099229 -1.75283482e-10 -0.0320867486
v  -0.0127682379 -1.10660603e-09 -0.0299082641
v  -0.0144179175 -1.7528351e-10 -0.0273160841
v  -0.00931717549 -1.75283912e-10 -0.0117554357
v  -0.0049953647 -1.75283954e-10 -0.0141437724
v  -0.00275980774 -1.75283663e-10 -0.0316800177
v  -0.000132223489 -1.75284037e-10 -0.0149994195
v  0.00278329663 -1.75283774e-10 -0.0316779613
v  0.00474523986 -1.75284148e-10 -0.0142296385
v  0.0124846864 -1.75284412e-10 -0.00831459649
v  0.0153164174 -1.75284079e-10 -0.0284224022
v  0.00910849031 -1.75284273e-10 -0.011917864
v  0.0134499455 -1.75284037e-10 -0.0288156047
v  0.00824183412 -1.75283899e-10 -0.0307133906
v  -0.0149042467 -1.75283524e-10 -0.0266731661
v  -0.016385261 -1.75283524e-10 -0.0249559153
v  -0.0186368488 -1.75283524e-10 -0.0228673965
v  -0.0216345135 -1.7528351e-10 -0.0200548712
v  0.0201872401 -1.75284065e-10 -0.0340319648
v  0.0198066272 -1.75284065e-10 -0.0337342396
v  0.020663023 -1.75284079e-10 -0.0341164544
v  0.0211228747 -1.75284093e-10 -0.033967983
v  0.014507981 -1.75284537e-10 -0.00381032098
v  0.017164316 -1.75284107e-10 -0.0288952738
v  0.0317456536 -1.75284537e-10 -0.0216151197
v  -0.00730135385 -1.75283441e-10 -0.0388894528
v  -0.00771936588 -1.75283427e-10 -0.0391318873
v  -0.00704582501 -1.75283454e-10 -0.0384793133
v  -0.00820225105 -1.75283413e-10 -0.0391500071
v  -0.0070124492 -1.75283454e-10 -0.0379972421
v  -0.00990745053 -1.75283385e-10 -0.0387536101
v  -0.00726023223 -1.75283482e-10 -0.0365950242
v  -0.0101651894 -1.75283413e-10 -0.037295077
v  -0.0105243679 -1.75283427e-10 -0.0356156081
v  -0.0210746042 -1.75284384e-10 0.0245680995
v  -0.0210300032 -1.75284398e-10 0.0252687428
v  -0.0208097193 -1.75284412e-10 0.0259712506
v  -0.0205281228 -1.75284426e-10 0.0264616255
v  -0.0186009556 -1.75284495e-10 0.0276833922
v  -0.0199255515 -1.75284454e-10 0.0270934794
v  0.0220258106 -0.00499999989 0.0333895758
v  0.0369339772 -0.0515748002 -0.0739626512
v  0.0379861444 -0.0516512431 -0.0736223757
v  0.0402406938 -0.0510892533 -0.0700937808
v  0.0401949994 -0.0514993332 -0.0694386289
v  0.0401525795 -0.051102493 -0.0708775744
v  0.0401536673 -0.0515553467 -0.0708446503
v  0.039912384 -0.0511144958 -0.0716289803
v  0.0396287329 -0.0516038053 -0.0721476227
v  0.0395293422 -0.0511248596 -0.0723186731
v  0.0391297005 -0.0516259558 -0.0727888048
v  0.0390183814 -0.0511332415 -0.0729197934
v  0.0383993722 -0.0511393957 -0.073408924
v  0.0376965106 -0.0511431508 -0.0737670213
v  0.0369370803 -0.0511444174 -0.0739801973
v  0.0327004828 -0.00562288146 -0.0500052609
v  0.0339118466 -0.0113826403 -0.056860365
v  0.0346462913 -0.01575456 -0.0610166043
v  0.0348712429 -0.0172850918 -0.0622896105
v  0.0354574285 -0.0218753945 -0.0656068474
v  0.0356276259 -0.0234220605 -0.0665699765
v  0.0361113362 -0.0286440905 -0.0693073049
v  0.0362570398 -0.0305687357 -0.0701318383
v  0.0365799405 -0.0359184816 -0.0719591454
v  0.0366723351 -0.0379352942 -0.0724820122
v  0.0368520729 -0.0434900224 -0.0734991357
v  0.0368922353 -0.0455260761 -0.0737264231
v  0.0184505768 -0.0350850224 0.030635098
v  0.0175427124 -0.0115898075 0.0357726887
v  -0.00445926422 -0.00605775695 -0.055719126
v  -0.00527820364 -0.00679644663 -0.0558137335
v  -0.00596550992 -0.00631337892 -0.054398071
v  -0.00652705831 -0.00726637524 -0.0543355606
v  -0.00690756738 -0.00831014384 -0.0542017929
v  -0.00771843549 -0.00769149791 -0.0510649681
v  -0.0071375845 -0.00940653775 -0.0540233143
v  -0.0035188878 -0.00547886919 -0.0555095598
v  -0.00521511817 -0.0054909708 -0.0543590821
v  -0.00719073461 -0.00563228969 -0.0513576381
v  -0.00755255157 -0.00662717503 -0.0512444712
v  0.0334554985 -0.00564386416 -0.0497670919
v  0.0344768688 -0.0103888502 -0.05554704
v  0.0401592925 -0.043860618 -0.0696331114
v  0.0394627973 -0.0299537461 -0.0656916648
v  0.0399026498 -0.036757905 -0.0681807771
v  0.0388486534 -0.0236142743 -0.0622161999
v  0.038083382 -0.0178531464 -0.0578855276
v  0.0371970274 -0.0127128204 -0.0528696291
v  0.0362187661 -0.00817589182 -0.0473336466
v  0.0354089215 -0.0158047862 -0.0608215258
v  0.0362189598 -0.0219170246 -0.0654055551
v  0.0368719138 -0.0286754612 -0.0691006258
v  0.0373398326 -0.0359386094 -0.0717485696
v  0.0376115888 -0.0434989408 -0.0732864514
v  0.0383147113 -0.0435253344 -0.0729298219
v  0.0380440503 -0.0359982029 -0.0713981688
v  0.0375781767 -0.0287683476 -0.068761766
v  0.0369280428 -0.0220402982 -0.0650826544
v  0.0361212529 -0.0159535222 -0.0605170205
v  0.0351925194 -0.0105575686 -0.0552613102
v  0.0341742784 -0.00582766626 -0.0494990721
v  0.0389341377 -0.0435681306 -0.0724430606
v  0.0386652648 -0.0360949002 -0.0709215105
v  0.0382026993 -0.0289191063 -0.0683038458
v  0.03755714 -0.0222403947 -0.064650625
v  0.0367556289 -0.0161949638 -0.0601148643
v  0.0358322822 -0.0108314632 -0.0548896305
v  0.0348191187 -0.0061260527 -0.0491561443
v  0.039445661 -0.0436256006 -0.0718451068
v  0.0391791873 -0.036224883 -0.0703371391
v  0.0387210734 -0.0291218106 -0.0677446648
v  0.0380816683 -0.0225094799 -0.064126268
v  0.0372872539 -0.0165196732 -0.0596306697
v  0.0363711491 -0.011199831 -0.0544464253
v  0.0353648216 -0.00652737822 -0.0487516075
v  0.0398293808 -0.0436954275 -0.0711592585
v  0.039565824 -0.036383003 -0.0696678013
v  0.0391131267 -0.0293684918 -0.0671059862
v  0.0384812094 -0.0228369962 -0.0635299608
v  0.0376954377 -0.0169149339 -0.0590832531
v  0.0367881469 -0.0116482684 -0.0539489053
v  0.0357901379 -0.0070159575 -0.0483011641
v  0.0400703438 -0.0437748171 -0.0704122186
v  0.0398101099 -0.0365630388 -0.0689395443
v  0.0393635817 -0.0296494756 -0.0664126426
v  0.0387401953 -0.0232101325 -0.0628848895
v  0.0379642621 -0.017365301 -0.0584938861
v  0.0370670259 -0.0121592609 -0.0534163974
v  0.036078494 -0.0075727189 -0.0478223003
v  0.0199379791 -0.0411672518 0.0293211695
v  0.0194746237 -0.029184984 0.0319432989
v  0.0206691977 -0.0290618036 0.0315911621
v  0.0216909554 -0.0288699437 0.030894449
v  0.0224398654 -0.0286281873 0.0299213752
v  0.0211325455 -0.0410437956 0.028969083
v  0.0221542809 -0.0408515073 0.0282724686
v  0.0229031742 -0.0406092107 0.027299514
v  -0.0186009668 -0.00497086253 0.0276834201
v  0.0253528096 -0.0721550882 0.0145620601
v  0.0252492037 -0.0723952949 0.0149760777
v  0.0223103613 -0.0739809945 0.017310176
v  0.0227471851 -0.073886022 0.0172165334
v  0.0239566155 -0.073460333 0.0166643299
v  0.0243377741 -0.0732558742 0.0163637754
v  0.02486117 -0.0728712827 0.0157641526
v  0.0218123402 -0.0740584582 0.0173614882
v  0.0208076537 -0.0741210654 0.0172963887
v  0.0301723499 -0.0967286974 -0.0193553418
v  0.0296048559 -0.0913603902 -0.00950033218
v  0.0293617323 -0.090871416 -0.00812448002
v  0.0290108845 -0.0922255814 -0.00768680125
v  0.0240812749 -0.0763004124 0.0151141249
v  0.0213255621 -0.0787603706 0.0143655501
v  0.0226090979 -0.0767959058 0.0156195993
v  0.0258067381 -0.076239571 0.0119932583
v  0.028009871 -0.0897869319 -0.00202206033
v  0.0283965655 -0.0885222852 -0.00266260072
v  0.0283858962 -0.0884921774 -0.00260221213
v  0.0275299381 -0.0883222446 0.000693889509
v  0.0274726637 -0.0854721144 0.00256576715
v  0.0270672441 -0.0866727158 0.00331227435
v  0.0273903627 -0.0851498321 0.00303153112
v  0.0266232863 -0.0848141834 0.00582463574
v  0.0266410206 -0.0816944987 0.00727206375
v  0.0262045115 -0.0827495381 0.0081944894
v  0.0265506133 -0.0811999738 0.00778366532
v  0.0258196592 -0.0805044472 0.0103723593
v  0.02593394 -0.0772188455 0.0112734251
v  0.0254699662 -0.0780995414 0.012351295
v  0.0251536351 -0.0755482465 0.0141414143
v  0.0310858339 -0.0953781009 -0.0194289703
v  0.0303669497 -0.0926694199 -0.0138130197
v  0.0300378297 -0.0940647125 -0.0134983035
v  0.0310115293 -0.0935406387 -0.0174607038
v  0.0313934758 -0.0939557105 -0.0196221564
v  0.029103959 -0.0953894928 -0.0133093055
v  0.0280562639 -0.0935130939 -0.00738038262
v  0.0270314682 -0.0910162106 -0.00158105709
v  0.0265381634 -0.0895106718 0.00121055415
v  0.0260612071 -0.0878102109 0.0039096619
v  0.0256023239 -0.0858891085 0.0065064691
v  0.0251686927 -0.0837512016 0.00896040816
v  0.0247700233 -0.0814250782 0.0112164756
v  0.0244080722 -0.0789356232 0.0132647594
v  0.0273370501 -0.0978928283 -0.019653542
v  0.0288048368 -0.0976184085 -0.0194421485
v  0.0269899089 -0.0975217372 -0.0176890604
v  0.0262508448 -0.0965375751 -0.0135066779
v  0.0277230181 -0.0962622091 -0.0133201163
v  0.0255672801 -0.0953842178 -0.00963839516
v  0.0266616512 -0.0943612531 -0.00731383776
v  0.0251851641 -0.0946288705 -0.0074759922
v  0.0241428278 -0.0920901895 -0.0015774098
v  0.0256211888 -0.0918260068 -0.00142585335
v  0.0236348808 -0.0905404687 0.00129707565
v  0.0251190793 -0.0902935565 0.0014155911
v  0.023145549 -0.0887959749 0.0040662121
v  0.0246327221 -0.0885595381 0.00416788412
v  0.0230767373 -0.0885275453 0.00445560599
v  0.0241640173 -0.0865972266 0.0068203127
v  0.0226736311 -0.0868214145 0.0067368024
v  0.0221264679 -0.0840682834 0.0098331999
v  0.0237205923 -0.0844110548 0.00932964776
v  0.021816222 -0.0822247043 0.0115888799
v  0.023312822 -0.082031548 0.0116372332
v  0.0229428001 -0.0794863999 0.01373119
v  0.0271157082 -0.0554826893 0.00458579091
v  0.027080413 -0.0519999973 0.00478553399
v  0.0308035668 -0.0807396621 -0.0162838437
v  0.031997256 -0.0819492415 -0.0230389368
v  0.0273952298 -0.0622605123 0.00300395023
v  0.027939219 -0.068485193 -7.44773351e-05
v  0.0362998582 -0.0712837055 -0.0473874137
v  0.035418205 -0.0760637596 -0.0423981249
v  0.0343684889 -0.0795465261 -0.0364577807
v  0.0296905935 -0.0779807121 -0.00998552982
v  0.0287183449 -0.0738211423 -0.00448353961
v  0.0369659252 -0.0654640645 -0.051156681
v  0.0373804905 -0.0589185692 -0.0535027236
v  0.0375212058 -0.0519999973 -0.0542990603
v  0.0332073048 -0.0815442502 -0.0298866332
v  0.0296906456 -0.0260191914 -0.00998569001
v  0.0270820186 -0.0512557738 0.00477644382
v  0.0271157157 -0.0485171154 0.0045857681
v  0.0273952559 -0.0417393036 0.00300388457
v  0.0279392544 -0.035514649 -7.45835714e-05
v  0.028718384 -0.0301787239 -0.00448367139
v  0.0308036264 -0.0232602861 -0.0162840262
v  0.0319973156 -0.0220507514 -0.023039123
v  0.0332073644 -0.0224557836 -0.0298868176
v  0.0343685448 -0.0244535562 -0.0364579558
v  0.0354182497 -0.0279363636 -0.0423982739
v  0.0362998955 -0.0327164456 -0.0473875329
v  0.0369659476 -0.0385361128 -0.0511567667
v  0.0373805016 -0.0450816192 -0.0535027646
v  0.0374934152 -0.0489083938 -0.0541417748
v  -0.0222948641 -0.0189917888 -0.00485758577
v  -0.0211288463 -0.0141240852 -0.0114560761
v  -0.0240537096 -0.0719756335 0.0050957608
v  -0.0232814085 -0.0789682642 0.000725311169
v  -0.013334848 -0.0141237276 -0.0555623919
v  -0.0206095167 -0.0125113009 -0.0143949827
v  -0.0202256925 -0.0119984625 -0.0165670514
v  -0.0211287439 -0.0898729265 -0.0114566712
v  -0.0142380102 -0.0119981887 -0.050451383
v  -0.0121688182 -0.0189913232 -0.0621609576
v  -0.0133347437 -0.0898725688 -0.0555629842
v  -0.0111821759 -0.0250283908 -0.0677443743
v  -0.0104098786 -0.0320210196 -0.0721148252
v  -0.00987928547 -0.0397214666 -0.0751174539
v  -0.0222947672 -0.0850053281 -0.0048581087
v  -0.0138541842 -0.0125109917 -0.0526234619
v  -0.0245843083 -0.0642751828 0.0080983974
v  -0.0248543918 -0.056139756 0.00962681975
v  -0.0248544067 -0.0478575937 0.00962688588
v  -0.0245843381 -0.0397221409 0.00809858553
v  -0.0104098218 -0.0719750077 -0.0721151382
v  -0.0111821014 -0.0789677128 -0.067744799
v  -0.00987925194 -0.0642745122 -0.0751176551
v  -0.00960918795 -0.0561390556 -0.076645948
v  -0.0096091982 -0.0478568934 -0.0766458809
v  -0.0121687287 -0.0850048661 -0.0621614754
v  -0.0240537692 -0.0320216455 0.00509608025
v  -0.0232814848 -0.0250289459 0.000725734164
v  0.00259924238 -0.0100000007 0.0147730839
v  0.00725522405 -0.0100000007 0.0131286597
v  0.0111249862 -0.0100000007 0.0100615453
v  0.0137891807 -0.0100000007 0.00590410875
v  0.0149591044 -0.0100000007 0.00110686966
v  0.014507981 -0.0100000007 -0.00381032098
v  0.0124846864 -0.0100000007 -0.00831459649
v  0.00910849031 -0.0100000007 -0.011917864
v  0.00474523986 -0.0100000007 -0.0142296385
v  -0.000132223489 -0.0100000007 -0.0149994195
v  -0.0049953647 -0.0100000007 -0.0141437724
v  -0.00931717549 -0.0100000007 -0.0117554357
v  -0.0126293274 -0.0100000007 -0.0080932118
v  -0.0145729007 -0.0100000007 -0.00355395791
v  -0.0149372695 -0.0100000007 0.001370418
v  -0.0136829512 -0.0100000007 0.00614628475
v  -0.0109458761 -0.0100000007 0.0102561098
v  -0.00702264486 -0.0100000007 0.0132545261
v  -0.0023384029 -0.0100000007 0.0148166101
v  5.40457123e-10 -0.0100000007 -6.43600007e-10
v  0.0304155294 -0.0544688664 -0.0100652557
v  0.0280845556 -0.0622605123 0.00312575675
v  0.0306945257 -0.059139166 -0.0116440933
v  0.028628543 -0.068485193 4.73278269e-05
v  0.031222282 -0.0630358309 -0.0146306884
v  0.0294076651 -0.0738211423 -0.00436172867
v  0.0319416188 -0.0657365844 -0.0187014081
v  0.03277459 -0.0370512269 -0.0234152097
v  0.0314929187 -0.0232602861 -0.0161622185
v  0.0319416337 -0.0382633805 -0.0187014937
v  0.0303799454 -0.0260191914 -0.00986388698
v  0.0312222987 -0.040964108 -0.0146307629
v  0.0294076856 -0.0301787239 -0.00436186697
v  0.0306945313 -0.0448607467 -0.0116441362
v  0.034417782 -0.039442528 -0.0327140465
v  0.0350578427 -0.0244535562 -0.03633615
v  0.0336309075 -0.0374590084 -0.0282611046
v  0.0338966623 -0.0224557836 -0.0297650155
v  0.032686606 -0.0220507514 -0.0229173154
v  0.0354589038 -0.0471295528 -0.0386057757
v  0.0376552604 -0.0385361128 -0.0510349609
v  0.0350499526 -0.0427868478 -0.036291495
v  0.0369892009 -0.0327164456 -0.0472657308
v  0.0361075513 -0.0279363636 -0.0422764681
v  0.0350499414 -0.0612132289 -0.0362914391
v  0.0376552418 -0.0654640645 -0.0510348715
v  0.0354589 -0.0568705387 -0.0386057459
v  0.0380698107 -0.0589185692 -0.053380914
v  0.0356003307 -0.0520000495 -0.0394061022
v  0.0382105298 -0.0520000942 -0.0541772507
v  0.0380698182 -0.0450816192 -0.0533809587
v  0.0336308889 -0.0665410161 -0.0282610115
v  0.0350578092 -0.0795465261 -0.0363359712
v  0.0344177708 -0.06455753 -0.0327139683
v  0.0361075215 -0.0760637596 -0.0422763117
v  0.0369891785 -0.0712837055 -0.0472656079
v  0.0303799156 -0.0779807121 -0.00986371748
v  0.0314928852 -0.0807396621 -0.0161620323
v  0.0327745751 -0.066948764 -0.0234151147
v  0.0326865762 -0.0819492415 -0.0229171272
v  0.033896625 -0.0815442502 -0.0297648218
v  0.0286285598 -0.035514649 4.72246247e-05
v  0.0280845631 -0.0417393036 0.00312569528
v  0.0304155331 -0.0495310314 -0.0100652725
v  0.0278050341 -0.0485171154 0.00470757764
v  0.0303799305 -0.0519999526 -0.00986380223
v  0.0277697314 -0.0519999005 0.00490734493
v  0.0278050285 -0.0554826893 0.00470760185
v  0.0343606286 -0.0427868478 -0.0364133045
v  0.0337284617 -0.039442528 -0.0328358561
v  0.0329415873 -0.0374590084 -0.0283829141
v  0.0320852697 -0.0370512269 -0.0235370193
v  0.0312523134 -0.0382633805 -0.0188233051
v  0.0305329785 -0.040964108 -0.0147525733
v  0.0300052129 -0.0448607467 -0.0117659476
v  0.0297262128 -0.0495310314 -0.0101870829
v  0.0297009647 -0.0506653003 -0.0100442041
v  0.0347695872 -0.0471295528 -0.0387275852
v  0.034874469 -0.0494988672 -0.0393211246
v  0.0299872942 -0.0520000495 -0.0403979793
v  0.0298458636 -0.0568705387 -0.0395976231
v  0.0294369031 -0.0612132289 -0.0372833088
v  0.0288047306 -0.06455753 -0.0337058417
v  0.0280178506 -0.0665410161 -0.029252883
v  0.0271615367 -0.066948764 -0.0244069882
v  0.0263285805 -0.0657365844 -0.0196932815
v  0.0256092474 -0.0630358309 -0.0156225674
v  0.0250814874 -0.059139166 -0.0126359658
v  0.0248024911 -0.0544688664 -0.0110571291
v  0.0247668959 -0.0519999526 -0.0108556813
v  0.0248024929 -0.0495310314 -0.0110571459
v  0.0250814967 -0.0448607467 -0.0126360152
v  0.0256092586 -0.040964108 -0.0156226363
v  0.0263285991 -0.0382633805 -0.0196933728
v  0.0271615572 -0.0370512269 -0.0244070888
v  0.0280178674 -0.0374590084 -0.029252978
v  0.0288047474 -0.039442528 -0.0337059237
v  0.0294369124 -0.0427868478 -0.0372833684
v  0.0298458692 -0.0471295528 -0.0395976529
v  0.0273770932 -0.0519999973 -0.0256268289

# 0 UV coordinates

# 3450 vertex normals
vn -0.9032619 -0.428343892 -0.0252866875
vn -0.178561062 0.832351387 0.524697125
vn -0.508524179 0.809161246 0.294382811
vn -0.665328205 0.720772803 0.194486558
vn -0.796199262 0.596187115 0.103090666
vn -0.92620194 0.372122914 -0.0606174208
vn -0.749637187 0.640741348 0.165815115
vn -0.587767243 0.763528764 0.267494887
vn -0.297759473 0.856256425 0.42209506
vn -0.166517287 0.873655438 0.457163185
vn -0.149916321 0.872482419 0.465080112
vn -0.237948164 0.866747081 0.438326567
vn -0.275443256 0.788675606 0.549656093
vn -0.183512613 0.812422872 0.553436697
vn -0.197776332 0.747795284 0.633787632
vn -0.240659237 0.734755456 0.634206235
vn -0.205396339 0.707248807 0.676469862
vn -0.214050069 0.653259099 0.726247311
vn -0.214048743 0.65325892 0.726247847
vn -0.221376315 0.602415562 0.766868949
vn -0.247196272 0.558043659 0.792137206
vn -0.22726427 0.5540874 0.800835907
vn -0.251611739 0.235227793 0.938807428
vn -0.248401359 0.303699434 0.91981703
vn -0.280631542 0.347362846 0.894754171
vn -0.244883329 0.359670728 0.900371671
vn -0.237194747 0.457164139 0.857169509
vn -0.337163687 0.427096993 0.838992715
vn -0.234628245 0.485790998 0.841995656
vn -0.256552368 0.0296695903 0.966074824
vn -0.255510271 0.109554656 0.960579157
vn -0.283565789 0.118103266 0.951652288
vn -0.254161954 0.168331772 0.952400208
vn -0.251612186 0.235227883 0.938807309
vn -0.363958478 -0.0292146876 0.9309569
vn -0.256511778 -6.97933319e-06 0.966541111
vn -0.255500972 -0.109567337 0.96058017
vn -0.283567369 -0.11811924 0.951649845
vn -0.254161417 -0.168350473 0.952397048
vn -0.251611412 -0.235244095 0.938803434
vn -0.251610577 -0.235244319 0.938803613
vn -0.291623205 -0.454253912 0.841789305
vn -0.239375204 -0.433141857 0.868957818
vn -0.245550394 -0.348684043 0.904502332
vn -0.288411856 -0.357938379 0.888087094
vn -0.248399943 -0.30371502 0.919812262
vn -0.205402762 -0.70726192 0.676454186
vn -0.214057669 -0.65326941 0.726235747
vn -0.214048445 -0.653271735 0.726236403
vn -0.221375152 -0.602436543 0.766852856
vn -0.247200698 -0.558056235 0.792126894
vn -0.227265298 -0.554099441 0.800827265
vn -0.234629065 -0.485804558 0.84198761
vn -0.251890272 -0.743079424 0.619987309
vn -0.199609578 -0.738084555 0.644505382
vn -0.18699035 -0.798267782 0.572540998
vn -0.236818597 -0.80740726 0.540379882
vn -0.178561047 -0.83235985 0.524683774
vn -0.166294575 -0.874342799 0.455928445
vn -0.171805933 -0.8732481 0.455982983
vn -0.390875816 -0.841766775 0.372350365
vn -0.410399169 -0.698893785 0.585764408
vn -0.384111643 -0.835185945 0.393602222
vn -0.574444294 -0.770670235 0.275828123
vn -0.765829802 -0.627315998 0.141348511
vn -0.818450749 -0.567802072 0.0879726559
vn -0.969971478 -0.179621696 -0.163985804
vn -0.960609078 -0.231108218 -0.154334515
vn -0.986053765 -0.116460547 -0.118890122
vn -0.96681577 -0.213639244 -0.140091375
vn -0.962430656 -0.254294008 -0.0951931179
vn -0.961036325 -0.25760746 -0.100237377
vn -0.982302368 -0.0798493177 -0.169428885
vn -0.982325375 -0.0774481073 -0.170407355
vn -0.983409643 -0.0815367252 -0.162040755
vn -0.984288931 -0.0733793527 -0.160595074
vn -0.985017955 -0.0812422186 -0.152116016
vn -0.9855147 -0.0766174272 -0.151296273
vn -0.98674047 -0.0742714554 -0.144315511
vn -0.986409664 -0.0795740411 -0.143749505
vn -0.988200605 -0.0652374625 -0.138576999
vn -0.988021433 -0.0710604787 -0.136982128
vn -0.989644587 -0.0651376471 -0.127908766
vn -0.989723027 -0.0606365092 -0.129504934
vn -0.99106425 -0.0618225262 -0.118193179
vn -0.991117895 -0.0581939965 -0.119577311
vn -0.992096245 -0.0524145328 -0.114007555
vn -0.992206812 -0.058883667 -0.109810665
vn -0.992524385 -0.0401498489 -0.11525321
vn -0.99300015 -0.048091393 -0.107879467
vn -0.993842304 -0.0360220671 -0.1047851
vn -0.99368161 -0.034025006 -0.106953777
vn -0.994885862 -0.0290880166 -0.0967265964
vn -0.994692087 -0.0268047526 -0.0993436426
vn -0.995110691 -0.0188760068 -0.0969456956
vn -0.9956882 -0.0229511634 -0.0898789689
vn -0.994525254 -0.00844172947 -0.104155213
vn -0.995768905 -0.0132116899 -0.0909378305
vn -0.995174348 -1.02198157e-06 -0.0981223509
vn -0.996228456 -0.00295287604 -0.0867188424
vn -0.994675398 0.00861429702 -0.102697015
vn -0.995685279 0.00745539693 -0.0924947262
vn -0.994943678 0.0184433758 -0.0987265408
vn -0.99480927 0.0184795689 -0.100065291
vn -0.994827986 0.0288368445 -0.097394675
vn -0.993912935 0.0286217481 -0.106385313
vn -0.994261503 0.0386100449 -0.0997663289
vn -0.992351174 0.0388453715 -0.11717584
vn -0.993782938 0.0448506698 -0.101901434
vn -0.991901159 0.0500521958 -0.116734311
vn -0.992017686 0.0506878383 -0.115462884
vn -0.990450025 0.0509177819 -0.12812537
vn -0.990640879 0.0655421913 -0.119728439
vn -0.991363168 0.0571321249 -0.118046701
vn -0.98332423 0.0830110386 -0.161810353
vn -0.985001743 0.0725802034 -0.156536385
vn -0.985132098 0.0782464668 -0.152945369
vn -0.986863196 0.0728447586 -0.144203693
vn -0.986788988 0.0707254335 -0.145757914
vn -0.988767803 0.0733272582 -0.13023594
vn -0.988154292 0.0617719851 -0.140482634
vn -0.98972851 0.0685964525 -0.125427082
vn -0.970273554 0.177654475 -0.164341465
vn -0.969972432 0.179618075 -0.163984373
vn -0.982901752 0.068595387 -0.170876443
vn -0.982664287 0.0798500925 -0.167316645
vn -0.382740766 0.867518783 0.31768015
vn -0.393578619 0.832299054 0.390351385
vn -0.365523905 0.836643934 0.407945067
vn -0.380876899 0.780584276 0.495601624
vn -0.380878508 0.780584276 0.495600432
vn -0.396342605 0.70915097 0.583110154
vn -0.396337926 0.709150732 0.583113611
vn -0.410214216 0.627658129 0.661641598
vn -0.410217285 0.627658486 0.661639333
vn -0.422309756 0.537263334 0.730070233
vn -0.422311336 0.537263632 0.730069101
vn -0.43244791 0.439251393 0.787430644
vn -0.432439566 0.439249396 0.787436306
vn -0.440476328 0.335005701 0.832917631
vn -0.440479726 0.335006684 0.832915425
vn -0.446303338 0.226008877 0.865871429
vn -0.446305305 0.226009548 0.865870237
vn -0.449832857 0.113808863 0.885831773
vn -0.449828714 0.113807261 0.885834098
vn -0.451009959 -9.34495711e-06 0.892518938
vn -0.451016545 -6.52871176e-06 0.8925156
vn -0.449834883 -0.113821983 0.885829091
vn -0.449833542 -0.113822594 0.885829687
vn -0.446305931 -0.226024419 0.865866005
vn -0.446304053 -0.226025328 0.86586678
vn -0.440480232 -0.33502081 0.832909465
vn -0.440483361 -0.335019261 0.832908452
vn -0.432446152 -0.439261913 0.787425756
vn -0.432441682 -0.439264178 0.787426949
vn -0.422304809 -0.537276864 0.73006314
vn -0.422304392 -0.537277102 0.73006326
vn -0.410211831 -0.627671897 0.661629975
vn -0.410213351 -0.627671123 0.661629796
vn -0.396336734 -0.709161103 0.583101809
vn -0.396339804 -0.709159613 0.583101571
vn -0.380875856 -0.78059274 0.495589077
vn -0.380872607 -0.780594289 0.495589167
vn -0.365207911 -0.837570965 0.406322628
vn -0.281563163 -0.859514475 0.426564187
vn -0.576408982 0.760022104 0.300198436
vn -0.578464687 0.75292474 0.313819945
vn -0.578463435 0.752925158 0.313821167
vn -0.593533635 0.698880434 0.399103999
vn -0.593533754 0.698880374 0.39910388
vn -0.60737896 0.634923637 0.477454454
vn -0.607381999 0.63492316 0.477451295
vn -0.619806468 0.561960936 0.547758996
vn -0.619801283 0.561961234 0.54776448
vn -0.630627692 0.481029123 0.609031796
vn -0.63062644 0.481029063 0.609033108
vn -0.639701724 0.393274575 0.66039139
vn -0.639705837 0.393275201 0.660387039
vn -0.646901965 0.299939692 0.701109111
vn -0.646901906 0.299939662 0.701109231
vn -0.652115941 0.202351242 0.730615377
vn -0.65211761 0.202351823 0.730613649
vn -0.655275702 0.101895906 0.748485804
vn -0.655276537 0.101896271 0.748485029
vn -0.656334341 -5.84538157e-06 0.75447017
vn -0.656328976 -8.59588545e-06 0.754474819
vn -0.655270815 -0.101910949 0.748488009
vn -0.655276179 -0.10190782 0.748483777
vn -0.65211761 -0.202365592 0.730609894
vn -0.652116835 -0.202366084 0.73061043
vn -0.646902621 -0.299951255 0.701103628
vn -0.646897733 -0.299954653 0.701106668
vn -0.639701843 -0.393285811 0.660384595
vn -0.639703393 -0.393284649 0.660383761
vn -0.630627573 -0.481040537 0.609022915
vn -0.630629659 -0.481038928 0.609021962
vn -0.619802833 -0.56197083 0.547752857
vn -0.619798243 -0.561974347 0.547754467
vn -0.60737431 -0.634934068 0.477446526
vn -0.607374251 -0.634934127 0.477446526
vn -0.59352845 -0.698890865 0.399093419
vn -0.593531787 -0.698888302 0.399092883
vn -0.578461051 -0.752932191 0.31380868
vn -0.578463495 -0.752930403 0.313808531
vn -0.573378205 -0.76942116 0.281475574
vn -0.457091987 -0.83584857 0.304013252
vn -0.750499785 0.640106857 0.164357081
vn -0.757595062 0.618697882 0.207996845
vn -0.757595301 0.618697703 0.207996473
vn -0.769979119 0.574286997 0.278076589
vn -0.769979715 0.57428664 0.278075695
vn -0.781356692 0.521731913 0.342458099
vn -0.781356931 0.521731794 0.342457682
vn -0.791566133 0.461777002 0.400231272
vn -0.791568041 0.461776435 0.400228173
vn -0.800464749 0.395271808 0.450573444
vn -0.800463021 0.395272017 0.450576276
vn -0.807920694 0.323161185 0.492778867
vn -0.807921827 0.323161244 0.49277699
vn -0.813834727 0.24646908 0.526237667
vn -0.813831568 0.246468365 0.526242852
vn -0.818116009 0.166278183 0.55048871
vn -0.81811446 0.166277587 0.550491095
vn -0.820709527 0.0837291479 0.565177202
vn -0.820712149 0.0837306008 0.565173209
vn -0.821581364 -4.80135441e-06 0.570091248
vn -0.821581602 -4.64151299e-06 0.57009095
vn -0.820712388 -0.0837414041 0.565171242
vn -0.820710361 -0.083743073 0.565173924
vn -0.818114936 -0.166291133 0.550486326
vn -0.818117321 -0.166288882 0.550483465
vn -0.813832939 -0.246476471 0.526236951
vn -0.813831925 -0.246477515 0.526238024
vn -0.807918668 -0.323172003 0.492775083
vn -0.807918727 -0.323171943 0.492774993
vn -0.800460756 -0.39528355 0.450570166
vn -0.800462663 -0.395281345 0.450568706
vn -0.791566074 -0.461783826 0.400223434
vn -0.791565299 -0.46178481 0.400223941
vn -0.781356096 -0.52173841 0.342449516
vn -0.781355262 -0.521739423 0.342449903
vn -0.769978046 -0.574293554 0.278066069
vn -0.769976437 -0.574295461 0.278066546
vn -0.757592857 -0.618703783 0.207987323
vn -0.757592618 -0.618704081 0.207987368
vn -0.750660777 -0.639689386 0.165244743
vn -0.674240649 -0.714032531 0.188565806
vn -0.88485527 -0.464921355 0.0296526887
vn -0.885911822 -0.462521672 0.0351272859
vn -0.8808406 -0.4720909 0.0353552811
vn -0.89037466 -0.446382076 0.089308396
vn -0.890375674 -0.446380168 0.0893081278
vn -0.899310112 -0.414340615 0.139868215
vn -0.899308622 -0.414343655 0.139869004
vn -0.907517374 -0.376425564 0.186322436
vn -0.907517374 -0.376425534 0.186322436
vn -0.914883137 -0.333169848 0.228005812
vn -0.914883018 -0.333170116 0.228005946
vn -0.921301663 -0.285190374 0.264328688
vn -0.921301603 -0.285190582 0.264328837
vn -0.926682472 -0.233162925 0.294779062
vn -0.92668438 -0.233159229 0.294775903
vn -0.930950403 -0.177827135 0.318918228
vn -0.930946648 -0.1778339 0.31892547
vn -0.934038162 -0.119977131 0.336419731
vn -0.934040546 -0.119973242 0.336414516
vn -0.935912967 -0.0604179837 0.34701097
vn -0.935912967 -0.0604179986 0.347011
vn -0.936540127 -3.26024269e-06 0.350560367
vn -0.936539829 -3.5986825e-06 0.350561142
vn -0.935912907 0.0604085289 0.347012728
vn -0.93591249 0.0604081526 0.347013921
vn -0.934040129 0.119966626 0.336417913
vn -0.934042275 0.11996787 0.336411625
vn -0.930950999 0.177822635 0.318919033
vn -0.930949092 0.177822143 0.318924814
vn -0.926683009 0.233155712 0.294782996
vn -0.926683307 0.233155683 0.294782043
vn -0.921302736 0.285182983 0.264333099
vn -0.921302497 0.285183072 0.264333785
vn -0.914883852 0.333164543 0.228010863
vn -0.914883673 0.333164662 0.228011355
vn -0.90751797 0.376421124 0.186328486
vn -0.907517314 0.376421809 0.186330318
vn -0.899309039 0.414339334 0.139879182
vn -0.899310529 0.414337397 0.139875367
vn -0.890376031 0.446378082 0.0893150717
vn -0.890375257 0.446379185 0.0893167481
vn -0.881574571 0.470435023 0.0389508903
vn -0.88513875 0.464264065 0.0314370915
vn -0.888966322 0.455000371 0.0520913415
vn -0.893754542 0.448398322 -0.0119074341
vn -0.969364822 0.198799029 -0.144259498
vn -0.970167279 0.195566148 -0.143280491
vn -0.960492551 0.256323844 -0.108407333
vn -0.96210295 0.253028184 -0.101659536
vn -0.959184468 0.268636763 -0.0883147642
vn -0.96325016 0.260688275 -0.0647358298
vn -0.963250339 0.260687411 -0.0647367686
vn -0.968515158 0.246490106 -0.0349431932
vn -0.968515217 0.246489942 -0.0349434242
vn -0.973448753 0.228797138 -0.0070241401
vn -0.973448932 0.228796527 -0.00702522276
vn -0.977981567 0.207858562 0.0186249986
vn -0.977981329 0.207859531 0.0186273102
vn -0.98204869 0.183973059 0.041644875
vn -0.982048869 0.183972508 0.0416429676
vn -0.985593259 0.157476977 0.0617007315
vn -0.985593438 0.157476634 0.061698623
vn -0.988564432 0.128748983 0.0785114318
vn -0.988564014 0.128749236 0.0785164088
vn -0.990919828 0.0981922895 0.0918484032
vn -0.990920126 0.0981925055 0.091845043
vn -0.992626965 0.0662470832 0.101503856
vn -0.992626965 0.0662471354 0.101503544
vn -0.993660986 0.0333572067 0.107355013
vn -0.993660867 0.0333568081 0.107356317
vn -0.994007111 -2.53428516e-06 0.109315649
vn -0.99400723 -1.85953365e-06 0.109314106
vn -0.993660867 -0.033363495 0.107354112
vn -0.993661106 -0.0333624929 0.107352391
vn -0.992627144 -0.0662487522 0.101501182
vn -0.992627323 -0.066247873 0.101500005
vn -0.990920365 -0.0981945619 0.0918403491
vn -0.990919232 -0.0982003212 0.0918464288
vn -0.988563299 -0.128755793 0.0785144791
vn -0.988564789 -0.128748417 0.0785083026
vn -0.985593617 -0.157477066 0.0616944395
vn -0.985592604 -0.157482058 0.0616977215
vn -0.982048392 -0.183975369 0.0416410156
vn -0.982048094 -0.183976993 0.0416418314
vn -0.977980435 -0.20786415 0.0186229777
vn -0.977981329 -0.207859874 0.0186214149
vn -0.973448575 -0.228797957 -0.00702966191
vn -0.973448098 -0.228799939 -0.00702918833
vn -0.968514681 -0.246491402 -0.034947373
vn -0.96851486 -0.246490657 -0.0349474624
vn -0.963250101 -0.260687232 -0.0647407025
vn -0.963249624 -0.26068899 -0.0647407025
vn -0.958969712 -0.269020855 -0.0894697458
vn -0.924835503 -0.375946581 -0.0578229614
vn 0.984743237 2.4159911e-07 0.174013749
vn 0.984743536 -1.74210891e-06 0.17401211
vn 0.984743416 -4.74380045e-07 0.174012497
vn 0.984743178 4.01256472e-07 0.174013898
vn 0.984743357 -9.67552637e-07 0.174013004
vn 0.984743237 1.86985062e-07 0.17401351
vn 0.984743297 -1.55056782e-07 0.174013317
vn 0.984743237 1.83395187e-07 0.174013779
vn 0.984743357 -1.02032125e-07 0.174013078
vn 0.984743059 3.65966173e-07 0.174014613
vn 0.984743297 2.27412009e-08 0.174013302
vn 0.984743297 4.99093858e-07 0.174013376
vn 0.984743297 8.59823444e-07 0.174013451
vn 0.984743416 -3.79611826e-08 0.174012646
vn 0.984743237 4.62957033e-08 0.174013525
vn 0.984743297 6.03316792e-08 0.174013302
vn 0.984743297 5.61358213e-08 0.174013466
vn 0.984743237 1.1491273e-07 0.17401351
vn 0.984743297 -1.39072142e-07 0.174013257
vn 0.984743237 4.14746751e-07 0.1740136
vn 0.98474437 -8.38393498e-06 0.174007103
vn 0.984743357 -2.65560573e-07 0.174013078
vn 0.984743297 6.05171095e-08 0.174013361
vn 0.984743237 2.45410746e-07 0.174013555
vn 0.984743297 4.23155555e-08 0.174013346
vn 0.984743297 -1.15365182e-07 0.174013242
vn 0.984743416 -8.56320867e-07 0.174012691
vn 0.984743297 -5.23747934e-10 0.174013317
vn 0.984743297 1.0880111e-07 0.174013421
vn 0.984743357 -1.620555e-07 0.174013063
vn 0.984743297 -7.33381782e-08 0.174013183
vn 0.984743237 1.90741531e-07 0.174013644
vn 0.984743297 -1.89672384e-08 0.174013287
vn 0.984743357 -3.31276482e-07 0.174012899
vn 0.984743237 1.63259173e-07 0.174013615
vn -0.0836797506 0.876785696 0.473544687
vn -0.0764466375 0.864873767 0.496134341
vn -0.0956605896 0.835341215 0.541344702
vn -0.104146875 0.801122963 0.589368701
vn -0.0975213125 0.773363829 0.626416802
vn -0.128152415 0.655594885 0.744158804
vn -0.122703202 0.661962867 0.739424825
vn -0.122577153 0.709790468 0.693665862
vn -0.115004636 0.750477493 0.650812924
vn -0.138609111 0.604580522 0.784391403
vn -0.144628093 0.556073368 0.818452895
vn -0.135623842 0.533427477 0.834901989
vn -0.162281379 0.360960901 0.918352842
vn -0.147638828 0.3911542 0.90840584
vn -0.156713277 0.434684038 0.886843145
vn -0.15193136 0.487536043 0.859782219
vn -0.165733501 0.304790884 0.937888563
vn -0.162327453 0.236064762 0.958083093
vn -0.163831487 0.238815337 0.957144976
vn -0.171512112 0.168936744 0.970589519
vn -0.17295824 0.109947421 0.978773236
vn -0.161351562 0.0802850798 0.983625948
vn -0.173936009 0.0297762658 0.984306693
vn -0.17393592 -0.0297949277 0.984306157
vn -0.161352202 -0.0803001001 0.983624578
vn -0.16232799 -0.236081243 0.958078921
vn -0.16383104 -0.238830015 0.957141399
vn -0.171511516 -0.168955252 0.97058636
vn -0.172957957 -0.109960213 0.978771806
vn -0.165733799 -0.304806441 0.937883437
vn -0.162281439 -0.360976756 0.918346643
vn -0.1476385 -0.391170412 0.908398926
vn -0.156712219 -0.434697032 0.886836946
vn -0.151930079 -0.487549692 0.859774709
vn -0.135622576 -0.533440232 0.834894061
vn -0.122677624 -0.655583978 0.745090485
vn -0.126759395 -0.661991477 0.738714635
vn -0.138606399 -0.604601145 0.784376025
vn -0.144626662 -0.556085646 0.818444788
vn -0.122574344 -0.709804058 0.693652451
vn -0.115002237 -0.750487685 0.650801599
vn -0.0975189656 -0.773373485 0.626405239
vn -0.0836772323 -0.876793504 0.47353065
vn -0.0764443055 -0.864882231 0.496119976
vn -0.0956586599 -0.835349917 0.541331589
vn -0.104144812 -0.801133513 0.589354694
vn -0.857217729 0.428360701 -0.285805672
vn 0.0120784594 -0.832351446 -0.554116607
vn -0.376851827 -0.809145927 -0.450849831
vn -0.558383405 -0.720771551 -0.410726607
vn -0.712630212 -0.596204519 -0.369727314
vn -0.890886366 -0.372118026 -0.260479689
vn -0.967431128 0.179618299 -0.178365573
vn -0.981659472 0.0721894205 -0.176446512
vn -0.98063463 0.0798505619 -0.178828314
vn -0.979187429 0.0833880007 -0.185036138
vn -0.979334474 0.0664687976 -0.191012681
vn -0.97786653 0.0843469426 -0.191475034
vn -0.977027655 0.0704203844 -0.201141715
vn -0.976784408 0.0729162917 -0.20143342
vn -0.97471118 0.0714698508 -0.211731285
vn -0.975429952 0.0648324192 -0.210554346
vn -0.972823262 0.068385452 -0.221220165
vn -0.973299265 0.0641298145 -0.220399395
vn -0.972465932 0.0602818094 -0.225113496
vn -0.971489489 0.0620501004 -0.228818625
vn -0.971851408 0.057224907 -0.228539154
vn -0.971172929 0.05214357 -0.232603073
vn -0.971859872 0.0487216674 -0.230466023
vn -0.969316244 0.0467653759 -0.241327554
vn -0.969953954 0.0437523946 -0.239322096
vn -0.969219387 0.0367009267 -0.243447661
vn -0.967688799 0.0418448038 -0.248651236
vn -0.970484018 0.0251467843 -0.239850894
vn -0.96822381 0.0308627356 -0.248173684
vn -0.968386471 0.0185736157 -0.24876219
vn -0.968850374 0.0175735876 -0.247022599
vn -0.967104673 0.00982123986 -0.254189134
vn -0.969153881 0.00585919106 -0.246386647
vn -0.966598332 1.70168244e-06 -0.256296128
vn -0.970475316 -0.00820288248 -0.241060853
vn -0.964590549 -0.00582023663 -0.263687611
vn -0.970099807 -0.0169101972 -0.242116496
vn -0.96729672 -0.0170163624 -0.253075987
vn -0.968992651 -0.0273453463 -0.245571613
vn -0.969446838 -0.0271759368 -0.24379155
vn -0.968569815 -0.0379694104 -0.245826811
vn -0.970959723 -0.0366766714 -0.236414894
vn -0.96912694 -0.0472324453 -0.24199602
vn -0.970347345 -0.0469241627 -0.237116411
vn -0.970992029 -0.0517817922 -0.233437628
vn -0.970575511 -0.0539950877 -0.234665081
vn -0.971741378 -0.0554787293 -0.229435742
vn -0.971818268 -0.060823679 -0.227749214
vn -0.973662853 -0.0568168052 -0.220799685
vn -0.97277683 -0.0685894787 -0.221361041
vn -0.973843515 -0.0663245171 -0.217324302
vn -0.974934638 -0.070263952 -0.211105347
vn -0.973994374 -0.0735778958 -0.214292556
vn -0.97713232 -0.0697180033 -0.200877696
vn -0.976412952 -0.0730475187 -0.203179315
vn -0.977911055 -0.0780665502 -0.193895936
vn -0.978985965 -0.0725369602 -0.190590754
vn -0.979219079 -0.0830960497 -0.185000241
vn -0.981926084 -0.0687102899 -0.176352203
vn -0.98049742 -0.0798483863 -0.179580316
vn -0.647398591 -0.640757501 -0.412680149
vn -0.460485935 -0.763541937 -0.452721119
vn -0.135063305 -0.856256783 -0.498580158
vn 0.000247836782 -0.873656154 -0.486543775
vn 0.0185564812 -0.872483253 -0.488291532
vn -0.073301889 -0.866748571 -0.493329197
vn -0.0703868642 -0.788675427 -0.610767305
vn 0.0172771662 -0.81242311 -0.582812309
vn 0.0314144157 -0.747795463 -0.663185537
vn -0.00873013213 -0.734755635 -0.678275704
vn 0.0388829485 -0.707249761 -0.705893695
vn 0.0478125811 -0.653259873 -0.755622566
vn 0.0478151329 -0.653259516 -0.755622685
vn 0.0548532829 -0.602411032 -0.796298981
vn 0.0392567888 -0.558043063 -0.828882933
vn 0.060964141 -0.554086804 -0.83022356
vn 0.0853754804 -0.235227853 -0.968183279
vn 0.0818827599 -0.303702533 -0.949241817
vn 0.0430155918 -0.347362936 -0.936743617
vn 0.0785300359 -0.359672189 -0.929768205
vn 0.0709468126 -0.457165748 -0.886547267
vn -0.029214371 -0.427094817 -0.903734744
vn 0.068152003 -0.485792667 -0.871413112
vn 0.0900827348 -0.0296695083 -0.99549228
vn 0.0891786441 -0.109553367 -0.989972353
vn 0.0597576462 -0.11810305 -0.991201639
vn 0.0876377299 -0.168329731 -0.981827259
vn 0.0853744075 -0.235228091 -0.968183339
vn -0.0228558984 0.0292124115 -0.999311864
vn 0.0902711675 8.29323835e-06 -0.995917201
vn 0.0891784057 0.109569222 -0.989970624
vn 0.059754651 0.118119664 -0.991199851
vn 0.0876370892 0.168350756 -0.981823683
vn 0.0853738785 0.235242426 -0.968179882
vn 0.08537478 0.23524268 -0.968179762
vn 0.0145352259 0.454252839 -0.890754223
vn 0.0729288831 0.433142364 -0.898370206
vn 0.0793092847 0.348685056 -0.933878362
vn 0.0334165618 0.357939065 -0.933146834
vn 0.0818821266 0.303714216 -0.949238122
vn 0.0388786681 0.707263172 -0.705880463
vn 0.0478090718 0.653270721 -0.755613446
vn 0.0478116237 0.653271377 -0.755612671
vn 0.0548491403 0.602429748 -0.796285093
vn 0.0392510444 0.558057368 -0.828873515
vn 0.0609664135 0.554099798 -0.830214739
vn 0.0681545064 0.485806763 -0.871405065
vn -0.0241480805 0.743080199 -0.668766558
vn 0.0333676189 0.738085687 -0.673881352
vn 0.0205593389 0.798267424 -0.601952195
vn -0.0372764915 0.807406902 -0.588816226
vn 0.0120774312 0.83235991 -0.554103911
vn 3.68717883e-05 0.874344587 -0.485305578
vn -0.00513049774 0.8732481 -0.487248838
vn -0.239587307 0.841781914 -0.483736634
vn -0.184802741 0.698952675 -0.69087851
vn -0.225947037 0.835188627 -0.501405954
vn -0.445116639 0.770683706 -0.455980092
vn -0.67100513 0.627323985 -0.395242631
vn -0.738713562 0.567822814 -0.363152146
vn -0.955308497 0.231188029 -0.184221938
vn -0.967088044 0.116401933 -0.226254955
vn -0.956268847 0.213667005 -0.199740738
vn -0.936751723 0.254349649 -0.240421355
vn -0.937168896 0.257665008 -0.235208973
vn -0.250681877 -0.867529333 -0.429594517
vn -0.23595427 -0.832302272 -0.501596034
vn -0.203558728 -0.836648703 -0.508510351
vn -0.187940493 -0.780588567 -0.596120656
vn -0.187943593 -0.780588508 -0.596119761
vn -0.172479689 -0.709154427 -0.683630586
vn -0.17247653 -0.709154248 -0.683631539
vn -0.158600003 -0.627661705 -0.762159288
vn -0.158603832 -0.627662122 -0.762158215
vn -0.14651151 -0.537267089 -0.830589235
vn -0.146506771 -0.537266374 -0.830590487
vn -0.136370108 -0.439251363 -0.88795352
vn -0.136373416 -0.439252049 -0.887952685
vn -0.128335997 -0.335006952 -0.933434606
vn -0.128338531 -0.335007578 -0.933434069
vn -0.122515127 -0.226010889 -0.966389716
vn -0.122513711 -0.226010457 -0.966390014
vn -0.118986234 -0.113808431 -0.986351848
vn -0.118983768 -0.113807581 -0.986352205
vn -0.117802694 8.10315214e-06 -0.993037045
vn -0.11780297 7.99731788e-06 -0.993036985
vn -0.118984677 0.1138236 -0.986350238
vn -0.118984528 0.11382366 -0.986350298
vn -0.122512251 0.226025298 -0.966386735
vn -0.122514114 0.226024449 -0.966386676
vn -0.128337801 0.335021198 -0.933429301
vn -0.128335536 0.335022271 -0.933429182
vn -0.136373013 0.439266205 -0.887945712
vn -0.136376262 0.439264596 -0.88794601
vn -0.14651306 0.537278891 -0.830581307
vn -0.146510839 0.537279963 -0.830581009
vn -0.158603504 0.627673209 -0.762149096
vn -0.15860264 0.627673626 -0.762148917
vn -0.172479391 0.709164739 -0.683619976
vn -0.172480062 0.709164381 -0.683620155
vn -0.187944412 0.780597389 -0.5961079
vn -0.187944397 0.780597389 -0.5961079
vn -0.203821793 0.837574542 -0.506878257
vn -0.118304633 0.859517813 -0.497225493
vn -0.438587695 -0.760034323 -0.479571372
vn -0.435851514 -0.752939522 -0.493067503
vn -0.435853422 -0.752938986 -0.493066639
vn -0.420782834 -0.698892772 -0.578351736
vn -0.420781881 -0.698892951 -0.578352153
vn -0.406936288 -0.634934902 -0.656704307
vn -0.406938851 -0.634934604 -0.656702995
vn -0.394514322 -0.561970711 -0.727012634
vn -0.394512892 -0.56197077 -0.727013409
vn -0.383686095 -0.481038153 -0.788281202
vn -0.383684456 -0.481038094 -0.788282037
vn -0.374608815 -0.393279731 -0.839642346
vn -0.374609143 -0.393279761 -0.839642167
vn -0.367413312 -0.299945712 -0.880363584
vn -0.367412686 -0.299945593 -0.880363882
vn -0.362198591 -0.202357441 -0.909870148
vn -0.362198234 -0.202357352 -0.909870267
vn -0.359040141 -0.10189756 -0.927743018
vn -0.359040469 -0.101897672 -0.927742839
vn -0.357982546 7.46759906e-06 -0.933728278
vn -0.357982963 7.29141448e-06 -0.933728099
vn -0.359041065 0.101910479 -0.92774123
vn -0.359040022 0.101910993 -0.927741587
vn -0.362198561 0.202370301 -0.909867287
vn -0.362199277 0.202369899 -0.909867048
vn -0.3674137 0.299958795 -0.880358934
vn -0.36741367 0.299958825 -0.880358934
vn -0.374609798 0.393293649 -0.839635372
vn -0.37461108 0.393292814 -0.839635193
vn -0.383687049 0.481048584 -0.788274348
vn -0.383688062 0.481047899 -0.788274288
vn -0.394514889 0.561980367 -0.727004886
vn -0.394511878 0.561982512 -0.727004826
vn -0.406936616 0.634945691 -0.656693697
vn -0.406938434 0.63494432 -0.656693876
vn -0.420784086 0.698900998 -0.578340828
vn -0.420783997 0.698901057 -0.578340828
vn -0.435854733 0.752945423 -0.493055642
vn -0.435854614 0.752945483 -0.493055612
vn -0.442153603 0.769423842 -0.460963249
vn -0.325210989 0.835850775 -0.442257017
vn -0.648686588 -0.640133619 -0.411624342
vn -0.640396357 -0.6187253 -0.455051154
vn -0.640398145 -0.618724346 -0.455049932
vn -0.62801379 -0.574312568 -0.52513212
vn -0.628013372 -0.574312747 -0.525132418
vn -0.616635859 -0.521755338 -0.58951813
vn -0.616635382 -0.521755457 -0.589518487
vn -0.606426001 -0.461798251 -0.647294283
vn -0.597529173 -0.39529103 -0.697641671
vn -0.597530544 -0.395290911 -0.697640538
vn -0.590072572 -0.323176861 -0.739845276
vn -0.590069115 -0.323176742 -0.739848137
vn -0.584155679 -0.246478379 -0.773311436
vn -0.584159255 -0.246478915 -0.773308516
vn -0.579874694 -0.166285962 -0.797555208
vn -0.579875052 -0.166286051 -0.79755497
vn -0.577279925 -0.0837345198 -0.812241614
vn -0.577278256 -0.083733879 -0.812242866
vn -0.576409161 6.39077234e-06 -0.817161262
vn -0.576409578 6.17804608e-06 -0.817160904
vn -0.577278852 0.0837452784 -0.812241256
vn -0.577280581 0.0837442428 -0.812240124
vn -0.579876125 0.166294977 -0.797552288
vn -0.579873383 0.166296914 -0.797553897
vn -0.584158301 0.246490151 -0.773305655
vn -0.58415854 0.246489972 -0.773305595
vn -0.590072036 0.323186696 -0.739841461
vn -0.590069711 0.323188752 -0.739842415
vn -0.597527742 0.395302117 -0.697636604
vn -0.597529888 0.395300031 -0.697635949
vn -0.606427014 0.461805999 -0.647287846
vn -0.60642761 0.461805344 -0.647287726
vn -0.616637588 0.521763325 -0.589509189
vn -0.616636872 0.5217641 -0.589509249
vn -0.628014386 0.574319541 -0.525123835
vn -0.62801379 0.574320138 -0.525123835
vn -0.640398085 0.618731022 -0.455040932
vn -0.640398324 0.618730664 -0.455040991
vn -0.648534775 0.639715552 -0.41251263
vn -0.568782091 0.714032352 -0.408221483
vn -0.821079254 0.464964062 -0.331115127
vn -0.82019496 0.462557673 -0.336631328
vn -0.815346301 0.472138345 -0.335105717
vn -0.805811226 0.44642657 -0.389065057
vn -0.805811644 0.446425796 -0.389065087
vn -0.796876013 0.414382547 -0.439631343
vn -0.796876132 0.414382368 -0.439631343
vn -0.788667083 0.376462847 -0.486086339
vn -0.788666666 0.376463562 -0.486086488
vn -0.781299829 0.333202094 -0.527775407
vn -0.78129828 0.333204538 -0.527776182
vn -0.774878979 0.285219282 -0.564103246
vn -0.774882376 0.285214543 -0.56410104
vn -0.769501269 0.233184382 -0.594552696
vn -0.769500256 0.233185664 -0.594553471
vn -0.765233576 0.177847177 -0.618698597
vn -0.765233934 0.17784676 -0.618698239
vn -0.762142301 0.119984843 -0.636193991
vn -0.762139022 0.119987957 -0.636197269
vn -0.760266304 0.0604245514 -0.646795154
vn -0.760268211 0.0604230464 -0.646793127
vn -0.759640932 4.66346546e-06 -0.650342762
vn -0.759640574 4.86670478e-06 -0.65034312
vn -0.760267675 -0.0604164675 -0.646794319
vn -0.760267913 -0.0604165643 -0.646794081
vn -0.762140512 -0.11997918 -0.63619715
vn -0.762137949 -0.119978413 -0.636200368
vn -0.765229404 -0.177839622 -0.618705988
vn -0.765233457 -0.177840158 -0.618700743
vn -0.769499779 -0.233178511 -0.594556868
vn -0.769498765 -0.233178541 -0.59455812
vn -0.774879932 -0.285210431 -0.564106464
vn -0.774880171 -0.285210371 -0.564106166
vn -0.781299412 -0.33319664 -0.52777952
vn -0.781298578 -0.333196968 -0.527780592
vn -0.788665116 -0.376457721 -0.486093581
vn -0.788665473 -0.376457512 -0.486093134
vn -0.796874642 -0.414378524 -0.439637631
vn -0.796873748 -0.414379179 -0.439638674
vn -0.805809081 -0.446423501 -0.389072955
vn -0.805809915 -0.446422786 -0.38907209
vn -0.814803541 -0.47047922 -0.338739514
vn -0.820733726 -0.464302093 -0.332895964
vn -0.817255735 -0.455034316 -0.353605419
vn -0.843698859 -0.448421746 -0.295110404
vn -0.967490673 -0.17962198 -0.178038567
vn -0.967746437 -0.177922145 -0.178355142
vn -0.960090101 -0.198846474 -0.196690381
vn -0.960511267 -0.195594445 -0.19789122
vn -0.939466417 -0.256369084 -0.227327392
vn -0.938664973 -0.253064543 -0.234235689
vn -0.931337595 -0.268698454 -0.245787293
vn -0.927076757 -0.260751128 -0.269327879
vn -0.927077353 -0.260750145 -0.269326925
vn -0.921811342 -0.246549621 -0.29912737
vn -0.921811223 -0.246549755 -0.299127519
vn -0.916876376 -0.228852496 -0.327053934
vn -0.916875601 -0.228853464 -0.327055454
vn -0.912341952 -0.20791088 -0.352711171
vn -0.912341952 -0.207910895 -0.352711231
vn -0.908273458 -0.184018165 -0.375734806
vn -0.908273876 -0.184017882 -0.375733912
vn -0.90472877 -0.157516465 -0.395795941
vn -0.90472883 -0.15751645 -0.395795852
vn -0.901757002 -0.128780395 -0.412613511
vn -0.901756287 -0.128780484 -0.412615001
vn -0.899399996 -0.0982179865 -0.425949454
vn -0.899400651 -0.0982180908 -0.425947994
vn -0.897693157 -0.0662605166 -0.435610503
vn -0.897693574 -0.0662606955 -0.435609668
vn -0.896659493 -0.0333673134 -0.441461653
vn -0.896659255 -0.0333671607 -0.441462129
vn -0.896312892 3.30211992e-06 -0.443422109
vn -0.896313429 2.76359765e-06 -0.443421006
vn -0.896659851 0.0333705768 -0.441460639
vn -0.896660209 0.0333701111 -0.441459924
vn -0.897694468 0.0662645251 -0.435607195
vn -0.8976928 0.0662671402 -0.435610294
vn -0.899400234 0.0982233137 -0.425947666
vn -0.899401248 0.0982214436 -0.425945938
vn -0.901757538 0.128782466 -0.412611723
vn -0.901756048 0.12878558 -0.412613958
vn -0.904728055 0.157521755 -0.395795524
vn -0.904729784 0.157517582 -0.395793229
vn -0.908275187 0.184019834 -0.375729829
vn -0.908274531 0.184021607 -0.375730544
vn -0.912342966 0.207913309 -0.352707267
vn -0.91234237 0.207915008 -0.352707714
vn -0.916876078 0.228857324 -0.327051342
vn -0.916876793 0.228854865 -0.327050984
vn -0.921811759 0.246551856 -0.299124181
vn -0.9218117 0.246551991 -0.299124181
vn -0.92707777 0.260752082 -0.269323409
vn -0.927077353 0.260753751 -0.26932326
vn -0.931531847 0.269085795 -0.244624794
vn -0.888632834 0.375962585 -0.262647688
vn -0.984743118 -1.32572711e-06 -0.174014285
vn -0.984743357 6.64062554e-07 -0.174013153
vn -0.984743178 -2.05532092e-06 -0.174013838
vn -0.984743297 -3.60097403e-07 -0.174013361
vn -0.984743297 1.2014263e-07 -0.174013302
vn -0.984743297 6.9772824e-07 -0.174013272
vn -0.984743357 6.38891436e-07 -0.174012855
vn -0.984743357 4.9218977e-07 -0.174012855
vn -0.984743297 -8.18866326e-08 -0.174013376
vn -0.984743297 -1.69756433e-07 -0.174013406
vn -0.984743357 1.687534e-06 -0.174013123
vn -0.984743237 -3.4116656e-06 -0.174013719
vn -0.984743297 -4.95418817e-07 -0.174013272
vn -0.984743357 2.27494843e-06 -0.174012974
vn -0.984743357 3.43136946e-07 -0.174012929
vn -0.984743237 -3.45688733e-07 -0.174013674
vn -0.984743357 4.52880784e-07 -0.174012884
vn -0.984743357 3.0916209e-07 -0.174013034
vn -0.984743237 -3.7560244e-07 -0.174013734
vn -0.984743595 2.7109711e-06 -0.174011603
vn -0.984743237 -7.01622469e-07 -0.174013719
vn -0.984743357 4.34076384e-07 -0.174013123
vn -0.984743059 -1.56399733e-06 -0.174014553
vn -0.984743297 1.99344939e-07 -0.174013197
vn -0.984743297 -2.19158068e-07 -0.174013466
vn -0.984743297 2.85348051e-07 -0.174013197
vn -0.984743297 -2.27607956e-07 -0.174013436
vn -0.984743297 -3.20062924e-07 -0.174013466
vn -0.984743476 3.88563421e-06 -0.174012169
vn -0.984743357 1.25365671e-06 -0.174013019
vn -0.984743237 -1.66531674e-06 -0.174013704
vn -0.984743297 -1.6566409e-07 -0.174013287
vn -0.984743297 -9.89817067e-07 -0.174013481
vn -0.984743357 2.66064876e-06 -0.174012914
vn -0.984743297 7.49725828e-08 -0.174013272
vn -0.984743297 -7.35577146e-08 -0.174013302
vn -0.984743297 -1.27983344e-06 -0.174013406
vn -0.984743297 5.22934386e-07 -0.174013212
vn -0.984743237 -9.30791884e-07 -0.174013525
vn -0.984743357 2.06900722e-06 -0.174013138
vn -0.984743297 2.33651065e-07 -0.174013212
vn -0.984743237 -5.91404046e-07 -0.174013525
vn -0.984743297 -2.05984314e-08 -0.174013361
vn -0.984743357 7.44196029e-07 -0.174013004
vn -0.984743297 9.59742295e-08 -0.174013257
vn -0.984743297 -8.31133651e-09 -0.174013302
vn -0.984743297 8.7338077e-07 -0.174013168
vn -0.984743297 -2.21296588e-07 -0.174013317
vn -0.984743237 -9.72658472e-06 -0.174013808
vn 0.192112431 0.98078531 0.0339551717
vn 0.162645578 0.985692084 0.0442442819
vn 0.549906909 0.831429839 0.0795412734
vn 0.471135318 0.874055505 0.118568383
vn 0.738358378 0.664958179 0.112505727
vn 0.813965201 0.555238724 0.170794219
vn 0.8753739 0.458029062 0.154693097
vn 0.938664913 0.302313864 0.165874973
vn 0.960797906 0.195148289 0.19693777
vn 0.978709042 0.11053355 0.172947779
vn 0.422959089 8.16087413e-06 -0.906148791
vn 0.422959089 8.16088959e-06 -0.906148791
vn 0.819360912 6.23257893e-06 -0.57327801
vn 0.819360912 6.2325671e-06 -0.57327801
vn 0.996227264 2.63415086e-06 -0.0867829621
vn 0.0464687683 0.99888593 0.00821852125
vn 0.100990221 0.994841158 -0.00959191658
vn 0.627797306 0.773491681 0.0870700926
vn 0.154241577 0.98741132 0.0350480899
vn 0.268269986 0.962613702 0.0374970101
vn 0.289692342 0.956756175 0.0263803881
vn 0.3627657 0.929125726 0.071598731
vn 0.466609418 0.882069588 0.0650304034
vn 0.470591336 0.879523814 0.0705809146
vn 0.559904873 0.822007537 0.10397201
vn 0.64275682 0.758523762 0.107263222
vn 0.727800906 0.672594547 0.133874834
vn 0.76453501 0.635409057 0.108358502
vn 0.793506503 0.592465997 0.139037445
vn 0.84933579 0.505552649 0.151806325
vn 0.871520877 0.473229021 0.128474519
vn 0.904280782 0.391288221 0.170791805
vn 0.95554018 0.260898829 0.137385368
vn 0.957768083 0.234759942 0.166036367
vn 0.982408166 0.0635232702 0.175610259
vn 0.98256427 0.0664920434 0.173626766
vn 0.861817658 5.77969422e-06 -0.507218242
vn 0.771860957 6.6469338e-06 -0.635791361
vn 0.684371114 0.145977631 -0.714371562
vn 0.632992268 7.49870469e-06 -0.77415812
vn 0.362783879 8.25263305e-06 -0.931873322
vn 0.421140641 0.232135698 -0.876785934
vn 0.24878855 8.32885689e-06 -0.968557835
vn 0.91710788 0.237878099 -0.319886059
vn 0.915460646 5.03457022e-06 -0.402407587
vn 0.995204329 2.72156785e-06 -0.0978181809
vn 0.989249885 0.144687533 -0.0212177373
vn 0.995164752 1.13332612e-06 0.0982194692
vn 0.174006253 8.31503257e-06 -0.984744549
vn -1.2191756e-06 1 6.89935723e-06
vn -1.21918083e-06 1 6.89933449e-06
vn 0.499496669 0.0632681102 -0.864002466
vn 0.267821789 0.0718890131 -0.960782707
vn 0.212639198 0.0765585154 -0.974126995
vn 0.185067013 0.0814437494 -0.979345262
vn 0.173386887 0.0848132744 -0.981195033
vn 0.178863764 0.0806371197 -0.980563819
vn 0.18638438 0.0730640292 -0.979756355
vn 0.188939661 0.0697110742 -0.979511201
vn 0.187226683 0.0726538897 -0.979626238
vn 0.182793006 0.0829295069 -0.979647577
vn 0.177574754 0.100315168 -0.978981137
vn 0.172581702 0.128003731 -0.976642489
vn 0.171914324 0.154847234 -0.97286576
vn 0.175061658 0.226929575 -0.958048224
vn 0.169109404 0.235738114 -0.956989825
vn 0.16068548 0.383822083 -0.909318864
vn 0.160684943 0.383821309 -0.909319282
vn 0.147531778 0.530283988 -0.83488518
vn 0.130370945 0.662341535 -0.73777169
vn 0.130371049 0.662341714 -0.737771571
vn 0.109668724 0.776406825 -0.620616794
vn 0.109668635 0.776406705 -0.620616913
vn 0.0859871805 0.86938113 -0.486603141
vn 0.0859874263 0.869381368 -0.486602694
vn 0.660045385 0.698210537 0.277204096
vn 0.660048246 0.698207498 0.277204871
vn 0.696317732 0.707106709 0.123051681
vn 0.633337855 0.61258167 0.472892076
vn 0.63333559 0.612583518 0.472892642
vn 0.617070496 0.5477795 0.56494391
vn 0.617067039 0.547782063 0.564945221
vn 0.602815866 0.468850166 0.645594716
vn 0.602811456 0.468852967 0.645596802
vn 0.590940475 0.377829373 0.712765276
vn 0.590942681 0.37782824 0.712764025
vn 0.581761479 0.277059346 0.764716744
vn 0.581760108 0.277059883 0.764717579
vn 0.575504422 0.169144854 0.800115466
vn 0.575509429 0.169143558 0.800112069
vn 0.572340488 0.0568662956 0.818041921
vn 0.572337925 0.0568666011 0.818043709
vn 0.572337568 -0.056877587 0.818043172
vn 0.572349787 -0.0568773374 0.818034649
vn 0.575517297 -0.169152871 0.800104499
vn 0.57551688 -0.16915293 0.800104737
vn 0.581772804 -0.277066618 0.764705479
vn 0.581763208 -0.277069449 0.764711797
vn 0.590944827 -0.377837181 0.712757528
vn 0.590957105 -0.377831936 0.712750137
vn 0.602826476 -0.468853474 0.645582378
vn 0.6028108 -0.468862116 0.645590782
vn 0.617062986 -0.547792673 0.56493932
vn 0.617081583 -0.547780275 0.564931035
vn 0.633349121 -0.612579942 0.472879142
vn 0.633339167 -0.612587631 0.472882539
vn 0.716539562 0.694748521 -0.0624139011
vn 0.716536403 0.69475168 -0.0624153018
vn 0.589322925 0.694756866 -0.412324429
vn 0.589342713 0.694738805 -0.412326515
vn 0.304219216 0.694740653 -0.651756167
vn 0.304204136 0.694757521 -0.6517452
vn 0.660048902 -0.698210895 0.277194828
vn 0.660052717 -0.698207796 0.277193666
vn 0.123039611 0.707114816 -0.696311653
vn 0.123050578 0.707103372 -0.696321309
vn 0.69632709 -0.707099199 0.123041905
vn 0.696307659 -0.707118988 0.123038247
vn 0.704717278 0.706070185 0.0695588589
vn 0.704719961 0.706067443 0.0695600063
vn 0.707036138 0.705955863 -0.0415474214
vn 0.621127665 0.781328321 -0.0610450059
vn 0.734309971 0.659261942 -0.161748558
vn 0.552310944 0.804982543 -0.216692731
vn 0.669973671 0.704647601 -0.2336815
vn 0.610335052 0.706018686 -0.359205693
vn 0.610337973 0.706015825 -0.359206349
vn 0.546631992 0.7060166 -0.450260013
vn 0.546623886 0.706024885 -0.450256735
vn 0.46895346 0.705997467 -0.53070724
vn 0.396893919 0.779012382 -0.485401779
vn 0.403618962 0.659258366 -0.634405375
vn 0.233957872 0.808167636 -0.540489376
vn 0.307257384 0.704552472 -0.639686406
vn 0.176180616 0.706064582 -0.685881317
vn 0.176179543 0.706066489 -0.685879648
vn 0.715062022 -0.698223233 -0.0342136472
vn 0.715066731 -0.698218465 -0.0342132077
vn 0.696317792 0.707106709 0.123051591
vn 0.696324229 0.707100093 0.12305291
vn 0.756976664 -0.612858355 -0.226695672
vn 0.756977201 -0.612857819 -0.226695299
vn 0.773097932 -0.548862576 -0.317914218
vn 0.773106158 -0.548855066 -0.317907244
vn 0.787257135 -0.470990598 -0.397987485
vn 0.787252367 -0.470994502 -0.397992313
vn 0.79907918 -0.381225318 -0.464908302
vn 0.799074948 -0.381228268 -0.464913189
vn 0.808276296 -0.281824648 -0.516976058
vn 0.808281422 -0.281821877 -0.516969562
vn 0.814623475 -0.175297916 -0.552864552
vn 0.814619422 -0.175299421 -0.552870095
vn 0.817944467 -0.0643444434 -0.571687579
vn 0.81794709 -0.0643439591 -0.571683824
vn 0.715069652 0.698215961 -0.0342027508
vn 0.715081155 0.698204637 -0.0341940187
vn 0.443496317 0.585577369 -0.678535283
vn 0.199035138 0.758992016 -0.619932353
vn 0.238989159 0.708405912 -0.664112389
vn 0.730731428 0.317759722 -0.604202271
vn 0.717758894 0.324476868 -0.616065741
vn 0.660839736 0.496437341 -0.562886178
vn 0.57550472 0.507294595 -0.641440988
vn 0.405662477 0.721184134 -0.561543763
vn 0.793794811 0.21653387 -0.568333447
vn 0.784141004 0.0687692687 -0.616760612
vn 0.813656926 0.112182558 -0.570418656
vn 0.817789495 0.113067843 -0.564301312
vn 0.816238403 0.168588474 -0.55256933
vn 0.814882338 0.169074982 -0.554418981
vn 0.8130427 0.223848581 -0.53745079
vn 0.809761286 0.276399523 -0.517580926
vn 0.808629096 0.27700451 -0.519025505
vn 0.799450755 0.377738386 -0.467110455
vn 0.799449801 0.377738923 -0.467111647
vn 0.794812202 0.423871398 -0.434288621
vn 0.788291335 0.468243986 -0.399179518
vn 0.787561238 0.468840092 -0.399920315
vn 0.781829357 0.508413613 -0.360913336
vn 0.773804486 0.54733032 -0.318835646
vn 0.773322105 0.547771752 -0.319247663
vn 0.757053792 0.612576842 -0.227198482
vn 0.7570436 0.612586379 -0.227206662
vn 0.121915109 0.713543653 -0.689921856
vn 0.154445484 0.713152409 -0.68378377
vn 0.153984442 0.71234715 -0.684726417
vn 0.230558798 0.707229495 -0.668333054
vn 0.230407029 0.706935942 -0.668695927
vn 0.307945758 0.689355016 -0.655712605
vn 0.309031337 0.690573573 -0.653917253
vn 0.375074327 0.667928398 -0.642799258
vn 0.375129163 0.667978525 -0.642715156
vn 0.4475604 0.638701379 -0.625899553
vn 0.447145849 0.638341844 -0.626562297
vn 0.509813547 0.601678967 -0.614876032
vn 0.511669457 0.602450311 -0.612574875
vn 0.564164102 0.561815917 -0.605046928
vn 0.564909041 0.562122047 -0.60406667
vn 0.624750972 0.512441576 -0.589143336
vn 0.624428868 0.512343943 -0.589569569
vn 0.667683482 0.46326068 -0.582742035
vn 0.67042613 0.463031411 -0.579767823
vn 0.705046237 0.411472589 -0.577581286
vn 0.707095087 0.411467016 -0.57507515
vn 0.747906864 0.346516997 -0.566181302
vn 0.748642027 0.346403718 -0.565278292
vn 0.785731077 0.254304409 -0.563875794
vn 0.787925363 0.253840327 -0.561015785
vn 0.812682688 0.156138942 -0.561397791
vn 0.815918803 0.154098198 -0.557252347
vn 0.00948091224 -0.998514652 -0.0536524318
vn 0.0660898238 -0.925069392 -0.374003679
vn 0.0435051546 -0.975289881 -0.216603205
vn 0.0577148609 -0.96167773 -0.268039107
vn 0.0319031775 -0.986384034 -0.161334068
vn -0.118341312 -0.992954373 -0.00608119275
vn -0.117491402 -0.992999017 0.0121955033
vn -0.109282099 -0.993976891 0.00820458122
vn -0.0903698504 -0.995651126 0.0226289295
vn -0.0845731795 -0.996260107 0.0176977366
vn -0.078030698 -0.996297359 0.0360948443
vn -0.0698151663 -0.997190356 0.0271516368
vn -0.056894742 -0.997363687 0.0450402759
vn -0.0547210686 -0.997646272 0.0413215086
vn -0.0315673128 -0.998353899 0.0478850268
vn -0.0309428219 -0.99859792 0.0429506041
vn -0.0171288084 -0.998182058 0.057785172
vn -0.0179713815 -0.99847877 0.0521269254
vn -0.146764994 -0.989050448 -0.015468359
vn -0.136569262 -0.990557373 -0.0120398467
vn -0.13357389 -0.991038144 -0.00117758755
vn -0.151928037 -0.988143384 -0.0221465863
vn -0.145429075 -0.989056289 -0.0248608831
vn -0.164672613 -0.986033261 -0.0249259677
vn -0.158683002 -0.986896157 -0.0292519201
vn -0.154669836 -0.98753649 -0.0291372258
vn -0.152649492 -0.987578511 -0.0372393951
vn -0.133544341 -0.990672588 -0.0270874426
vn -0.139786303 -0.989568233 -0.0348488316
vn -0.123362005 -0.99156934 -0.0396499075
vn -0.122464567 -0.991716087 -0.0387513191
vn -0.109402686 -0.993052363 -0.0433364958
vn -0.106802143 -0.993046701 -0.049512811
vn -0.104105212 -0.993366003 -0.048847761
vn -0.0764361545 -0.9958933 -0.0485181734
vn -0.0812967643 -0.995417833 -0.0503406487
vn -0.0600062497 -0.996739984 -0.053932488
vn -0.0601210482 -0.996713758 -0.0542873703
vn -0.0468653105 -0.997361779 -0.0554354787
vn -0.038982708 -0.997331798 -0.061722137
vn -0.0433113016 -0.996878982 -0.0660033971
vn -0.0140023921 -0.998654008 -0.049940981
vn -0.0211635213 -0.997940958 -0.0605471246
vn 0.000897003221 -0.998624444 -0.0524251834
vn -0.000247750024 -0.998465955 -0.055368904
vn -0.234683916 -0.863597035 -0.446232647
vn -0.226318017 -0.906117678 -0.357394546
vn -0.0881525427 -0.905029416 -0.416113973
vn -0.503314078 -0.773544014 -0.385103285
vn -0.483207762 -0.815482438 -0.318588525
vn -0.392218322 -0.814781189 -0.426961809
vn -0.356161654 -0.88871944 -0.288663536
vn -0.335101306 -0.867064893 -0.368653685
vn -0.637838483 -0.685037553 -0.351973802
vn -0.567908585 -0.787056267 -0.240878001
vn -0.563898861 -0.760334432 -0.322350115
vn -0.899796426 -0.398250312 -0.17822206
vn -0.895052314 -0.412063688 -0.170542732
vn -0.884853005 -0.411993384 -0.217477903
vn -0.867160499 -0.461036623 -0.188355729
vn -0.825088441 -0.508422077 -0.246446908
vn -0.804667056 -0.556282818 -0.207509801
vn -0.774531364 -0.555886269 -0.301813871
vn -0.700437665 -0.685291648 -0.199405313
vn -0.711601794 -0.649662197 -0.267510593
vn -0.117803067 -0.923796237 0.364311546
vn -0.160474852 -0.89333719 0.419757605
vn -0.203511164 -0.926600933 0.316218168
vn -0.233112797 -0.914829016 0.329767048
vn -0.265926957 -0.907883525 0.324083924
vn -0.321931452 -0.905610561 0.276097149
vn -0.318248808 -0.907690823 0.27352345
vn -0.421509892 -0.866707742 0.266734213
vn -0.450761139 -0.865792274 0.217297271
vn -0.531878948 -0.811829686 0.240909263
vn -0.554929316 -0.816124141 0.161229193
vn -0.628563344 -0.76081419 0.161461636
vn -0.644207299 -0.760135412 0.0848005861
vn -0.82978642 -0.555345833 -0.055186186
vn -0.645888746 -0.758702278 0.08484485
vn -0.742245853 -0.667667389 0.0573698878
vn -0.763302267 -0.646031499 0.0035974686
vn -0.789932787 -0.613192022 -0.00132934202
vn -0.830388844 -0.555407345 -0.0444642715
vn 0.00707918592 -0.960911572 -0.276765049
vn 0.0109465951 -0.958563805 -0.284667641
vn -0.0701918229 -0.958535969 -0.276191711
vn -0.0638481677 -0.952172577 -0.298815727
vn -0.164694801 -0.950736523 -0.262632251
vn -0.172816873 -0.929855525 -0.324812323
vn -0.270063192 -0.930481672 -0.247527197
vn -0.290356427 -0.904409587 -0.312628299
vn -0.357561052 -0.904570997 -0.232166663
vn -0.383218467 -0.876089811 -0.292592287
vn -0.440735847 -0.875052512 -0.200087503
vn -0.503682792 -0.818042994 -0.277685583
vn -0.547860384 -0.818444669 -0.173197404
vn -0.60151124 -0.764833391 -0.230681732
vn -0.624844253 -0.76492548 -0.156392753
vn -0.665860415 -0.719135046 -0.198682308
vn -0.679980695 -0.719215572 -0.142671585
vn -0.708984077 -0.683894336 -0.172134086
vn -0.717417002 -0.683889866 -0.132693142
vn -0.742110372 -0.653957009 -0.147011712
vn -0.746172071 -0.6540187 -0.124445975
vn -0.721043348 -0.683621824 -0.112949811
vn -0.722892225 -0.683668017 -0.10012456
vn -0.690495312 -0.718943417 -0.0796028078
vn -0.692005515 -0.718940616 -0.0652134046
vn -0.64303273 -0.764652431 -0.0426093675
vn -0.644280195 -0.764624357 -0.0158949867
vn -0.574581325 -0.818442047 0.00298362528
vn -0.571661413 -0.818139315 0.0620589219
vn -0.478703529 -0.875571907 0.0649368837
vn -0.467593849 -0.875970483 0.118455596
vn -0.408490568 -0.904830575 0.120071374
vn -0.389338374 -0.904585063 0.173613146
vn -0.328038275 -0.931081116 0.159620926
vn -0.283723712 -0.930317998 0.232399076
vn -0.232564777 -0.951608419 0.200885519
vn -0.170486033 -0.952388048 0.252767771
vn -0.152407274 -0.958866119 0.239473864
vn -0.090513885 -0.958667815 0.269746721
vn -0.0850175917 -0.961042345 0.263001114
vn 0.0102008628 -0.923583746 -0.383260965
vn 0.015217266 -0.919038355 -0.393874317
vn -0.0677205026 -0.920170665 -0.385616243
vn -0.111327015 -0.937537611 -0.329589963
vn -0.862263322 -0.501307368 -0.072062023
vn -0.880435109 -0.46120128 -0.11012464
vn -0.888332248 -0.448161662 -0.100084685
vn -0.901623487 -0.411508918 -0.133174524
vn -0.900494814 -0.411476225 -0.14069967
vn -0.920217037 -0.36024636 -0.153046474
vn -0.918152809 -0.360085964 -0.165328428
vn 0.00397692807 -0.986081123 -0.166217491
vn 0.00645281794 -0.985250175 -0.17099832
vn -0.0427988507 -0.985213399 -0.165899932
vn -0.0388862044 -0.982970834 -0.179599985
vn -0.0997320414 -0.98238647 -0.158020243
vn -0.105774276 -0.975046456 -0.195182651
vn -0.16343841 -0.975203753 -0.149216473
vn -0.17753014 -0.965986431 -0.188024759
vn -0.21710141 -0.965971649 -0.140590876
vn -0.234859094 -0.955859065 -0.176563412
vn -0.268752217 -0.955398202 -0.122419208
vn -0.311797887 -0.935161412 -0.168092757
vn -0.337465972 -0.935224414 -0.107107438
vn -0.375559181 -0.915984392 -0.141166285
vn -0.389170647 -0.915973902 -0.0976625904
vn -0.419184715 -0.899586022 -0.122593477
vn -0.427400947 -0.899585247 -0.0898600221
vn -0.44940576 -0.886853576 -0.107355751
vn -0.454365849 -0.886834264 -0.0841228366
vn -0.473191231 -0.876040995 -0.0929636881
vn -0.475580961 -0.876069009 -0.0795349926
vn -0.456604838 -0.886752069 -0.0719918162
vn -0.457729906 -0.886779487 -0.0640743449
vn -0.433917195 -0.899515867 -0.0508627668
vn -0.434820592 -0.899524033 -0.042279534
vn -0.400438607 -0.915916622 -0.0273065083
vn -0.401178062 -0.915923655 -0.0118333539
vn -0.353907019 -0.935279131 0.00165689492
vn -0.352321595 -0.935212493 0.0353134945
vn -0.29182747 -0.955640972 0.0398380086
vn -0.285503566 -0.955820262 0.0699664578
vn -0.247634709 -0.966112435 0.0728274733
vn -0.23690562 -0.96606195 0.102956623
vn -0.197876364 -0.975462496 0.0965289474
vn -0.172455072 -0.975230694 0.138507381
vn -0.139815584 -0.98274833 0.121067353
vn -0.103277847 -0.98305887 0.151423112
vn -0.091652222 -0.985344231 0.143863142
vn -0.0546828546 -0.985286117 0.161928982
vn -0.0511043333 -0.986132026 0.157898456
vn -0.0660865754 -0.9250772 0.373984903
vn -0.0442627035 -0.961729586 0.270401597
vn -0.0316762775 -0.975283504 0.218674749
vn -0.0253202077 -0.986384034 0.162497312
vn -0.00947692059 -0.998515904 0.0536300577
vn 0.00947758462 0.998515606 -0.053635709
vn 0.0660860911 0.925078034 -0.373982996
vn 0.106631808 0.972958028 -0.204895854
vn 0.181457534 0.952757478 -0.243569985
vn 0.0729683489 0.985388517 -0.153899729
vn -0.113258444 0.992954373 -0.0348438546
vn -0.106196083 0.992999077 -0.0517231524
vn -0.0998516306 0.993976951 -0.0451603681
vn -0.0771404654 0.995651245 -0.0522299595
vn -0.0733854175 0.996260047 -0.0456118621
vn -0.0609346144 0.9962973 -0.0606517904
vn -0.0562810525 0.997190475 -0.0494331382
vn -0.0380111672 0.997363746 -0.0618115216
vn -0.0372409075 0.997647345 -0.0575579479
vn -0.0132454904 0.998354673 -0.0557893775
vn -0.0143448906 0.998597562 -0.050961867
vn 0.00371296727 0.998181701 -0.0601620749
vn 0.000982044148 0.998478413 -0.0551349148
vn -0.143174604 0.989050865 -0.0357682519
vn -0.132428482 0.990556836 -0.0354950652
vn -0.125891328 0.991037667 -0.0446735919
vn -0.150316373 0.988143563 -0.0312622488
vn -0.145140871 0.989056468 -0.0264847092
vn -0.163239732 0.986033797 -0.0330180787
vn -0.159096047 0.986896515 -0.026902277
vn -0.155294403 0.987535536 -0.0256372392
vn -0.156173468 0.987577558 -0.0173308775
vn -0.134742126 0.99067229 -0.0203209408
vn -0.143264249 0.989568233 -0.0151698776
vn -0.129478812 0.991569459 -0.00502970675
vn -0.128326818 0.991716325 -0.00556674786
vn -0.117630295 0.993052244 0.00321494532
vn -0.117303789 0.993046582 0.00991225336
vn -0.114532843 0.993366957 0.010212779
vn -0.08843375 0.995893478 0.0193831064
vn -0.093626447 0.995417774 0.0194294155
vn -0.0748600364 0.996739745 0.0300983414
vn -0.0750944689 0.996712983 0.0303987451
vn -0.0630262196 0.997361481 0.0360244028
vn -0.0577786006 0.99733144 0.0446271524
vn -0.0632936284 0.996880174 0.0471570715
vn -0.0302706826 0.998654127 0.0421143472
vn -0.0406386293 0.99794066 0.049628038
vn -0.0171242487 0.998624444 0.0495580882
vn -0.0192037709 0.998466313 0.0519258194
vn -0.373400807 0.863599777 0.338773191
vn -0.335100204 0.906115174 0.258192152
vn -0.225426987 0.905026376 0.360707521
vn -0.604813516 0.773544431 0.189287126
vn -0.563131094 0.815481067 0.13369371
vn -0.514793396 0.814779162 0.266688436
vn -0.433513969 0.888724685 0.149111047
vn -0.441144049 0.867067814 0.231485143
vn -0.719901204 0.684967101 0.112082027
vn -0.616065025 0.787059546 0.0316408388
vn -0.640224814 0.760333836 0.109565578
vn -0.906382263 0.398252606 -0.140947074
vn -0.89929378 0.412065685 -0.146535322
vn -0.905797422 0.4119955 -0.0989480019
vn -0.879197359 0.461035728 -0.120241709
vn -0.859581709 0.508421957 -0.0512491651
vn -0.827051818 0.556283832 -0.0808302164
vn -0.831060767 0.555887401 0.0180891734
vn -0.72636193 0.685287356 -0.0527212806
vn -0.760180533 0.649669588 0.0074145454
vn 0.0141864065 0.923796833 -0.382620037
vn -0.00690042833 0.893335164 -0.449338078
vn -0.0828124583 0.926598966 -0.366819352
vn -0.105962574 0.914835036 -0.389677823
vn -0.138771489 0.907882273 -0.395590991
vn -0.207812294 0.905609548 -0.369709879
vn -0.205235958 0.907688797 -0.366031736
vn -0.304559588 0.866710246 -0.395040214
vn -0.34898746 0.865795255 -0.358617306
vn -0.417105824 0.811828554 -0.408603877
vn -0.466067672 0.816122353 -0.341650754
vn -0.535158932 0.760815501 -0.36710313
vn -0.576129258 0.760137081 -0.300444245
vn -0.798443079 0.555351615 -0.232536465
vn -0.577703655 0.758694768 -0.301066011
vn -0.677602649 0.667697966 -0.308275908
vn -0.715861619 0.646006346 -0.264986634
vn -0.742529452 0.613212407 -0.269481957
vn -0.795333803 0.555413187 -0.242817566
vn -0.0881980136 0.960913062 0.262425721
vn -0.0872750133 0.958569884 0.271158457
vn -0.16058895 0.958541572 0.235391706
vn -0.162384644 0.952172875 0.258839786
vn -0.244729921 0.95073694 0.190280184
vn -0.273675531 0.92985183 0.245921284
vn -0.338546187 0.930478036 0.139989719
vn -0.379919529 0.904406488 0.194190845
vn -0.41547963 0.904568195 0.0955672115
vn -0.460288554 0.876088917 0.143536419
vn -0.482619733 0.87505132 0.0369235463
vn -0.568340302 0.818047881 0.0882438645
vn -0.574032307 0.818449259 -0.0250551756
vn -0.644144177 0.764831126 0.0105653927
vn -0.640603602 0.764923632 -0.0672225878
vn -0.693622768 0.719138861 -0.0415542461
vn -0.687692285 0.719219267 -0.099010326
vn -0.725041449 0.683893323 -0.0812697038
vn -0.719446301 0.683888912 -0.121214427
vn -0.747553349 0.653953791 -0.116225466
vn -0.743635416 0.654015601 -0.138816446
vn -0.716085196 0.683622479 -0.141004562
vn -0.71342665 0.683668673 -0.153686821
vn -0.675961316 0.71894151 -0.161862239
vn -0.672448218 0.718938828 -0.17589885
vn -0.618696094 0.76464957 -0.180349976
vn -0.610712409 0.764621556 -0.205874398
vn -0.538759708 0.81844306 -0.199722156
vn -0.515771568 0.81813997 -0.254217833
vn -0.4274593 0.875571132 -0.225063965
vn -0.398679644 0.875969768 -0.271535397
vn -0.342596829 0.904832304 -0.252796173
vn -0.30625689 0.904586494 -0.296529919
vn -0.253469497 0.931080043 -0.262379736
vn -0.186894745 0.930316925 -0.315564245
vn -0.149632692 0.9516083 -0.268424541
vn -0.0735325217 0.952387929 -0.295888841
vn -0.0611165091 0.958860159 -0.277221769
vn 0.0074149156 0.958662033 -0.284450531
vn 0.0102712652 0.961040735 -0.276215911
vn -0.121766411 0.923588037 0.363535583
vn -0.120690301 0.919038534 0.375236005
vn -0.195789173 0.920170665 0.339046478
vn -0.217544779 0.937536657 0.27147603
vn -0.83471626 0.501346648 -0.227816343
vn -0.864861786 0.461183012 -0.198303536
vn -0.868833303 0.448164165 -0.210422367
vn -0.892659068 0.411513358 -0.183892682
vn -0.894177973 0.411480665 -0.176435247
vn -0.916937947 0.360249758 -0.171595275
vn -0.919207871 0.360089421 -0.159350395
vn -0.0532351322 0.986079752 0.157520771
vn -0.0525464118 0.985247254 0.162870184
vn -0.0970662981 0.985210776 0.141201645
vn -0.0980845988 0.982970655 0.155396581
vn -0.147847995 0.982386351 0.114271566
vn -0.166257977 0.975047469 0.147107765
vn -0.204674631 0.975204766 0.0841659307
vn -0.231208429 0.965989411 0.115788944
vn -0.252126604 0.96597451 0.0576667376
vn -0.281139046 0.955861747 0.0853765532
vn -0.294423431 0.955400765 0.0228951611
vn -0.350526124 0.935160279 0.0510556288
vn -0.353738993 0.935223401 -0.015032148
vn -0.401191771 0.915985763 0.00390661135
vn -0.399069428 0.915975213 -0.0416294001
vn -0.435811698 0.899586678 -0.0284942463
vn -0.43231222 0.899585962 -0.0620580204
vn -0.458978653 0.886855245 -0.0531638972
vn -0.455675989 0.886835992 -0.0766900703
vn -0.476392299 0.876042187 -0.0748363063
vn -0.474034995 0.876070201 -0.0882711783
vn -0.453627348 0.886750937 -0.0888539627
vn -0.451970756 0.886778355 -0.0966779217
vn -0.42507118 0.89951539 -0.100928597
vn -0.422978282 0.899523556 -0.109301358
vn -0.38554287 0.915917873 -0.111584663
vn -0.380934864 0.915924847 -0.126373425
vn -0.331907243 0.935278773 -0.122846298
vn -0.318883002 0.935212314 -0.15392074
vn -0.260496587 0.955642462 -0.137437269
vn -0.244228676 0.955821872 -0.16357547
vn -0.207677737 0.966112435 -0.153286308
vn -0.187274337 0.96606195 -0.177911729
vn -0.152808055 0.97546345 -0.158495158
vn -0.114538953 0.975231767 -0.189219058
vn -0.0898627192 0.982746542 -0.161659762
vn -0.0451367646 0.98305732 -0.177653983
vn -0.036788024 0.985347629 -0.166543514
vn 0.00412831362 0.985289395 -0.170844287
vn 0.00610472355 0.986133456 -0.165841773
vn -0.00947991852 0.99851495 0.0536468364
vn -0.025321912 0.986382782 0.162504807
vn -0.0316787437 0.975280225 0.218689099
vn -0.0442668907 0.961723387 0.270423025
vn -0.0660882667 0.925073326 0.373994261
vn 0.984743655 -2.47342854e-07 0.174011394
vn 0.984743774 1.49541847e-07 0.174010471
vn 0.984743595 1.46518039e-06 0.174011558
vn 0.984743118 -2.69096063e-07 0.174014315
vn 0.984743178 -5.31449984e-07 0.174014091
vn 0.984743237 -2.20814456e-07 0.174013734
vn 0.984743237 -3.6070449e-07 0.174013615
vn 0.984743059 -1.45104184e-06 0.174014524
vn 0.984743118 -1.57249553e-06 0.174014419
vn 0.984743416 1.42006172e-06 0.174012661
vn 0.984743416 1.29682201e-06 0.174012557
vn 0.984743416 7.98106385e-07 0.17401275
vn 0.984744549 -6.78720789e-06 0.174006373
vn 0.984743237 2.75026628e-06 0.174013615
vn 0.984743297 2.78585844e-06 0.174013481
vn 0.984743297 4.99094313e-07 0.174013317
vn 0.11899019 0.112862028 -0.98646009
vn 0.131701395 0.109866165 -0.985182285
vn 0.171900183 0.14997673 -0.973630965
vn 0.145804435 0.055154115 -0.987774789
vn 0.193681702 0.0297864377 -0.980612159
vn 0.166581124 0.0839264467 -0.982449532
vn 0.154119253 0.0955268443 -0.983423531
vn 0.156121001 0.047995165 -0.986571193
vn 0.163461521 0.0400953516 -0.985734582
vn 0.16738078 0.0339622796 -0.985307157
vn 0.17009972 0.0281732958 -0.985024035
vn 0.171769068 0.0227599703 -0.984874308
vn 0.172638237 0.0189091228 -0.984803796
vn 0.173997328 0.0132535631 -0.98465693
vn 0.172265559 0.000743932382 -0.985050261
vn 0.173422843 0.00571711827 -0.984830856
vn 0.160409257 -0.00490666507 -0.987038374
vn 0.178392291 0.0094178291 -0.983914375
vn 0.1723243 0.0115324128 -0.984972775
vn 0.173362106 0.0123528689 -0.984780669
vn 0.323690385 0.385533422 -0.864053547
vn 0.171775833 0.159748912 -0.972097397
vn 0.171508878 0.168956026 -0.970586717
vn 0.237728044 0.238137037 -0.941687942
vn 0.258323163 0.235098526 -0.937015414
vn 0.14982307 0.316093892 -0.936823189
vn 0.165734529 0.304805845 -0.937883496
vn 0.162282079 0.360977232 -0.918346345
vn 0.27842024 0.761845112 -0.584871054
vn 0.156397909 0.434697509 -0.8868922
vn 0.152186736 0.48755154 -0.859728277
vn 0.299697697 0.526757181 -0.795429528
vn 0.144246235 0.556085348 -0.818512142
vn 0.139281601 0.599467099 -0.788187683
vn 0.138608828 0.604594707 -0.784380555
vn 0.179641709 0.661129773 -0.728447855
vn 0.246874616 0.651014268 -0.717797577
vn 0.0990261808 0.719245136 -0.68766284
vn 0.122568771 0.709804773 -0.693652689
vn 0.114997119 0.750487685 -0.650802493
vn 0.0836769938 0.876793683 -0.473530412
vn 0.231857419 0.855433345 -0.463115424
vn 0.0957146659 0.835349679 -0.541322172
vn 0.104058094 0.801132798 -0.589370966
vn 0.0836794823 -0.876786113 -0.473543882
vn 0.0977269635 -0.865286171 -0.491659731
vn 0.0955085233 -0.835341096 -0.541371703
vn 0.104384571 -0.801122844 -0.589326799
vn 0.122558862 -0.774914265 -0.620070338
vn 0.133283049 -0.655597687 -0.743254542
vn 0.138210654 -0.665010214 -0.733934104
vn 0.122790046 -0.709791124 -0.693627536
vn 0.114438154 -0.750477374 -0.650912941
vn 0.138537139 -0.60457617 -0.784407496
vn 0.145724431 -0.556072176 -0.81825918
vn 0.157261029 -0.538252294 -0.827981532
vn 0.15131098 -0.487537414 -0.859890819
vn 0.157652155 -0.434682518 -0.886677444
vn 0.172200128 -0.397896767 -0.901124477
vn 0.160852209 -0.360961556 -0.918604016
vn 0.166252941 -0.304793507 -0.937795758
vn 0.176707283 -0.247509718 -0.95263499
vn 0.173226625 0.0154597284 -0.984760642
vn 0.17407757 0.00887909997 -0.984691918
vn 0.173724785 -0.0297759958 -0.984344006
vn 0.168602049 -0.00751821604 -0.985655546
vn 0.187354445 -0.109934323 -0.976121306
vn 0.176222101 -0.090852432 -0.980148792
vn 0.171351939 -0.168934822 -0.970618129
vn 0.171185851 -0.236069977 -0.956538737
vn -1.91006302e-06 1 8.76822196e-06
vn -5.28263035e-06 1 9.12838095e-06
vn -1.10924157e-05 1 1.24052603e-05
vn -2.87340436e-06 1 3.21348671e-06
vn -2.5779641e-06 1 8.55995313e-06
vn -6.06143146e-07 1 7.84310032e-06
vn -8.14638724e-07 1 7.98897599e-06
vn -1.40436464e-06 1 7.9470492e-06
vn -2.03622858e-06 1 7.92715582e-06
vn -1.39360293e-06 1 7.88639591e-06
vn -1.74149886e-06 1 7.57645194e-06
vn -5.80016831e-07 1 8.44238275e-06
vn -1.44205296e-06 1 7.72823114e-06
vn -1.06029643e-06 1 7.99221471e-06
vn -1.88019931e-06 1 7.34873402e-06
vn -1.94464906e-06 1 6.97093674e-06
vn -1.05186541e-06 1 8.36818162e-06
vn -1.5707501e-06 1 7.72873409e-06
vn -1.60334207e-06 1 7.66238099e-06
vn -6.53118786e-06 1 3.00236991e-07
vn -4.45173146e-06 1 9.42599399e-06
vn -3.61519687e-06 1 1.14525365e-05
vn -2.05341848e-06 1 7.95731012e-06
vn -1.85244085e-06 1 7.1784907e-06
vn -1.13862018e-06 1 8.08314599e-06
vn -1.46546756e-06 1 7.71269333e-06
vn -1.25702195e-06 1 7.9002748e-06
vn -1.30438309e-06 1 7.8486737e-06
vn -1.21418793e-06 1 7.93067466e-06
vn -9.98569021e-07 1 7.85505563e-06
vn -1.63853781e-06 1 7.9231113e-06
vn -1.50100868e-06 1 7.89500336e-06
vn -3.1958034e-06 1 4.4538192e-06
vn -1.71122883e-06 1 7.88300986e-06
vn -4.93071809e-07 1 7.98935707e-06
vn -1.3925137e-06 1 7.88053785e-06
vn -5.27797238e-06 -1 -3.53465771e-06
vn 1.54034387e-06 -1 -7.68100017e-06
vn 1.38899804e-06 -1 -7.89303431e-06
vn -3.48008825e-06 -1 -1.37336856e-05
vn 4.8975121e-06 -1 1.19476579e-06
vn 4.4484359e-06 -1 -9.92603691e-06
vn 1.46420643e-06 -1 -7.9487827e-06
vn 1.39897622e-06 -1 -7.91683124e-06
vn 3.23748986e-06 -1 -1.10330529e-05
vn 5.8876285e-06 -1 -1.43939051e-05
vn 1.13472379e-06 -1 -9.46773162e-06
vn 1.96532983e-06 -1 -4.93241305e-06
vn 1.55872272e-06 -1 -8.78582614e-06
vn 1.54189081e-06 -1 -1.32325786e-05
vn 5.22217476e-07 -1 6.17714363e-07
vn 1.17387492e-06 -1 -6.64295203e-06
vn 6.40747839e-06 -1 9.76454885e-06
vn -1.16540313e-07 -1 -2.6045238e-05
vn 2.41071552e-06 -1 -8.02542127e-06
vn 2.35970469e-06 -1 -7.96062068e-06
vn 1.18561647e-05 -1 -1.79848303e-05
vn -3.43765169e-06 1 7.52341202e-06
vn -1.39957126e-06 1 7.92052106e-06
vn -3.4612849e-06 1 7.41546683e-06
vn 7.03058618e-07 1 8.29141118e-06
vn -1.38975781e-06 1 7.86463715e-06
vn -7.23745416e-07 1 6.79361756e-06
vn -1.43602017e-06 1 7.91075036e-06
vn -9.07765752e-07 1 8.22099992e-06
vn -1.46678235e-06 1 7.79066613e-06
vn 0.0732295588 0.907141209 -0.414405972
vn -0.274627417 -0.0541086905 -0.960027099
vn -0.79233855 -0.204321578 0.574849844
vn -0.90418005 -0.426959127 0.0128192659
vn -0.974155366 -0.0374679416 -0.222749859
vn -0.961267412 -0.0207037609 -0.274838626
vn -0.959261537 -0.00551868742 -0.282465667
vn -0.828901768 -0.518692851 0.209474653
vn -0.777749121 -0.613000572 0.13905625
vn -0.785054147 -0.607168496 0.122622892
vn -0.819513619 -0.555713534 0.139928237
vn -0.816033304 -0.557351649 0.15312995
vn -0.959940851 -0.262102842 0.0990737677
vn -0.967309177 -0.24898079 0.0481825359
vn -0.936559498 -0.332498223 0.110910833
vn -0.94405961 -0.317791998 0.0880891979
vn -0.955223382 -0.293399811 0.038273003
vn -0.97624433 -0.200503349 0.0821301341
vn -0.973678529 -0.206359386 0.0967776328
vn -0.971927404 -0.224470526 0.0704990327
vn -0.996454954 -0.0840663835 0.00321375742
vn -0.99635148 -0.0853198469 0.00205476279
vn -0.994826078 -0.101269044 0.00810583122
vn -0.994782865 -0.101593703 0.00926241837
vn -0.991933644 -0.125844896 0.0151887713
vn -0.998300374 -0.0383537002 -0.0438782908
vn -0.28151685 -0.532621682 0.798161864
vn -0.300284594 -0.523147702 0.797587395
vn -0.290570021 -0.572401106 0.76676333
vn -0.305267125 -0.611591578 0.72990942
vn -0.310443491 -0.608601868 0.730225027
vn -0.274438828 -0.676311255 0.683583498
vn -0.30598557 -0.690727949 0.655185223
vn -0.274035454 -0.723937809 0.633102417
vn -0.268995523 -0.755607009 0.597243249
vn -0.285382658 -0.765161157 0.577135324
vn -0.243702501 -0.792931676 0.558451831
vn -0.206091732 -0.833488464 0.512662828
vn -0.265464783 -0.84205687 0.469540924
vn -0.238106698 -0.81939894 0.521431267
vn -0.153637588 -0.918615818 0.364060998
vn -0.147967756 -0.905150652 0.398506999
vn -0.196462467 -0.880368829 0.431686491
vn -0.204317003 -0.882770181 0.423050076
vn -0.196454495 -0.871601284 0.449129015
vn -0.137655646 -0.955002487 0.262718916
vn -0.109619893 -0.94647181 0.303602725
vn -0.101810612 -0.931243539 0.349885821
vn -0.021339504 -0.999673009 0.0140910288
vn -0.0352195986 -0.99582988 0.0841570869
vn -0.0523848943 -0.994096994 0.0950106308
vn -0.00996349286 -0.988808632 0.148856193
vn -0.057768736 -0.983596981 0.170879349
vn -0.0294443704 -0.974766314 0.221277401
vn -0.076575093 -0.968301773 0.237756014
vn -0.0525725745 -0.948586047 0.312122762
vn -0.0590734296 -0.994377613 -0.0878835022
vn -0.0146629009 -0.998959959 -0.0431746989
vn -0.062870577 -0.997707784 0.0250288658
vn -0.0344702303 -0.970014334 -0.240591049
vn -0.0363405943 -0.976703107 -0.211495593
vn -0.0622359514 -0.979249477 -0.192865685
vn -0.0332971923 -0.987125993 -0.156440333
vn -0.0362113714 -0.993240118 -0.11028529
vn -0.0236686952 -0.813493073 -0.581092775
vn -0.033420749 -0.869527578 -0.492752343
vn -0.0362719782 -0.870025694 -0.491670251
vn -0.0253590085 -0.906064153 -0.422379792
vn -0.0562796295 -0.915534019 -0.398283929
vn -0.04140516 -0.923345566 -0.381731093
vn -0.00643394515 -0.956940532 -0.29021275
vn -0.0749674216 -0.941804767 -0.327694505
vn -0.0340688266 -0.965294659 -0.258931488
vn -0.0363066085 -0.722052395 -0.690885067
vn -0.0532263145 -0.737635732 -0.67309767
vn -0.0586334541 -0.740939915 -0.669006884
vn -0.0217556208 -0.771220386 -0.636196375
vn -0.0507669821 -0.818436921 -0.57234925
vn -0.0328581743 -0.688294113 -0.724687219
vn -0.0624351464 -0.658119023 -0.750320733
vn -0.0410385989 -0.644218683 -0.763739586
vn -0.05510455 -0.56453228 -0.823569536
vn -0.0341201909 -0.60379684 -0.79640764
vn -0.0357876346 -0.620740592 -0.783198833
vn -0.0614237338 -0.443411231 -0.894211173
vn -0.0332294405 -0.49080196 -0.870637238
vn -0.0224566907 -0.547383606 -0.836580455
vn -0.0233124904 -0.466671824 -0.884123266
vn -0.017114386 -0.369024634 -0.929262042
vn -0.0260895565 -0.372949183 -0.92748487
vn 0.0105599333 -0.279307753 -0.960143566
vn -0.0246599764 -0.293243915 -0.95571959
vn 0.00971855968 -0.237113997 -0.971433222
vn -0.00208600378 -0.199585542 -0.979878187
vn -0.000414609036 -0.198534966 -0.980093718
vn 0.0395147055 -0.125268802 -0.99133563
vn -0.00638911501 -0.143798321 -0.989586413
vn -0.959034264 -0.0136897219 -0.282959074
vn -0.957233906 -0.015176883 -0.288916767
vn -0.95925951 -0.0101533802 -0.282344043
vn -0.962401271 -0.0293614957 -0.270040095
vn -0.963138044 -0.0237046033 -0.267961085
vn -0.960529685 -0.0210281312 -0.27738151
vn -0.964308083 -0.0261086877 -0.263492316
vn -0.968334734 -0.029998146 -0.247846708
vn -0.967142045 -0.0313038081 -0.25230217
vn -0.969936848 -0.0371442437 -0.240505219
vn -0.970303953 -0.0359269679 -0.239205942
vn -0.969919562 -0.0321777835 -0.241289452
vn -0.972028017 -0.0489704199 -0.22970292
vn -0.971210301 -0.0467988588 -0.233581632
vn -0.968359828 -0.0483237579 -0.244834736
vn -0.969254375 -0.0628867373 -0.237889186
vn -0.973910868 -0.0585059859 -0.219259381
vn -0.960525036 -0.0926066712 -0.262327403
vn -0.959019125 -0.168014005 -0.228152648
vn -0.949549556 -0.19260098 -0.24750869
vn -0.948741496 -0.194762021 -0.248912364
vn -0.954425097 -0.17142491 -0.244307682
vn -0.961114824 -0.137563005 -0.239446715
vn -0.956995904 -0.147912025 -0.249561265
vn -0.964222848 -0.110024162 -0.241182402
vn -0.961930513 -0.114287436 -0.248250067
vn -0.967147231 -0.0868866369 -0.238907725
vn -0.965215504 -0.0867457092 -0.246645808
vn -0.964662075 -0.15189293 -0.215303659
vn -0.962641954 -0.179348066 -0.202866405
vn -0.961589873 -0.170859799 -0.214829743
vn -0.963889956 -0.156456038 -0.215493917
vn -0.964103162 -0.173473254 -0.201027766
vn -0.961546957 -0.182127461 -0.20556508
vn -0.963481605 -0.193942979 -0.184633031
vn -0.956573308 -0.218145147 -0.193339452
vn -0.965048611 -0.202255622 -0.166654736
vn -0.952386975 -0.249176577 -0.175698698
vn -0.960425377 -0.229839087 -0.157343969
vn -0.943729222 -0.312063068 -0.109506838
vn -0.94441855 -0.310460508 -0.108110309
vn -0.925908625 -0.360074788 -0.114189819
vn -0.909299135 -0.415862292 -0.0152862156
vn -0.925942004 -0.375925809 -0.0362107642
vn -0.940347791 -0.326769441 -0.0946983546
vn -0.943082631 -0.322393775 -0.0815926194
vn -0.937962413 -0.340844244 -0.0636533573
vn -0.941031516 -0.325556427 -0.0920470431
vn 0.0355114862 -0.0704452097 -0.996883333
vn 0.0201225281 -0.0598375276 -0.998005271
vn 0.0254140776 -0.0436073132 -0.998725474
vn -0.0572882816 -0.526265204 -0.848388493
vn 0.0987947062 -0.041347947 -0.99424845
vn -0.905568302 0.00605192268 -0.424157321
vn -0.919294238 0.0258702338 -0.392719835
vn -0.921397865 -0.0286800414 -0.387560815
vn -0.923211515 -0.0266950298 -0.383363932
vn -0.923896074 -0.0445997044 -0.38003546
vn -0.925666571 -0.0422518402 -0.375973701
vn -0.926676273 -0.0606780127 -0.370930195
vn -0.928669393 -0.0575112849 -0.366422683
vn -0.930134118 -0.0779623613 -0.358848691
vn -0.931091845 -0.0761577711 -0.356746286
vn -0.932925165 -0.0969213396 -0.346780717
vn -0.932144403 -0.0986287072 -0.348395139
vn -0.934287727 -0.118947834 -0.336092085
vn -0.931241453 -0.126447424 -0.341760814
vn -0.933545828 -0.144966304 -0.327836812
vn -0.928375185 -0.158779755 -0.336018622
vn -0.930803299 -0.175281107 -0.320751816
vn -0.924461067 -0.193123326 -0.32874772
vn -0.927098215 -0.208100647 -0.311741978
vn -0.920768738 -0.226503894 -0.317617565
vn -0.923831999 -0.240748957 -0.297614515
vn -0.917990088 -0.258135945 -0.301098108
vn -0.921525121 -0.271245748 -0.277879834
vn -0.915972471 -0.288002849 -0.279372215
vn -0.919961751 -0.299329937 -0.253124416
vn -0.914144635 -0.316901475 -0.25281027
vn -0.918493509 -0.325707883 -0.224240929
vn -0.911557555 -0.346267819 -0.22172378
vn -0.916076541 -0.351910055 -0.192257807
vn -0.907966793 -0.374988049 -0.187030196
vn -0.91250962 -0.377317846 -0.157979369
vn -0.90460825 -0.398624301 -0.150939077
vn -0.909956634 -0.397667348 -0.117641956
vn -0.839628994 -0.189530551 0.509019971
vn -0.898151875 -0.176534563 0.402689338
vn -0.906033695 -0.178731844 0.38361159
vn -0.979670703 -0.182000697 -0.0843866393
vn -0.840851545 -0.517491519 0.158654317
vn -0.847757459 -0.495376974 0.189496413
vn -0.856012702 -0.487894177 0.170884609
vn -0.8679142 -0.445469975 0.219730392
vn -0.871744096 -0.442578286 0.21020636
vn -0.882036746 -0.398008615 0.252191067
vn -0.880709052 -0.398731709 0.255664915
vn -0.888802052 -0.356119424 0.288461179
vn -0.882482409 -0.358065605 0.304981738
vn -0.888610125 -0.319630891 0.328950018
vn -0.877781987 -0.320521772 0.35604009
vn -0.882072806 -0.29017061 0.371144891
vn -0.869897306 -0.288893759 0.399773717
vn -0.873835266 -0.25952974 0.411164552
vn -0.880362213 -0.25808093 0.397940457
vn -0.957789361 -0.121884339 0.260353118
vn -0.986052573 -0.0919826403 0.138706386
vn -0.992394328 -0.0873462036 0.0867416486
vn -0.99854815 -0.0495252162 -0.0211846307
vn -0.997433901 -0.0669870898 -0.025265988
vn -0.993404448 -0.114497557 -0.0061574555
vn -0.972950637 -0.218514726 0.0749555454
vn -0.978787363 -0.180634663 0.0966770798
vn -0.974267125 -0.18923834 0.122443624
vn -0.976612329 -0.170646593 0.130797967
vn -0.971332729 -0.177525043 0.158106238
vn -0.973885 -0.155106947 0.165800601
vn -0.977788806 -0.149675146 0.146718919
vn -0.980367839 -0.127080217 0.150763109
vn -0.888409078 -0.208054781 0.40919736
vn -0.900276244 -0.215300709 0.378349483
vn -0.685176313 -0.0865512863 -0.723216593
vn -0.757034361 -0.0306919478 -0.652653813
vn -0.75772661 -0.0662338436 -0.649202228
vn -0.760753453 -0.06338422 -0.645938516
vn -0.762418211 -0.104363076 -0.638613224
vn -0.765363336 -0.101228774 -0.635587692
vn -0.767874002 -0.143997952 -0.624206781
vn -0.771276832 -0.13992928 -0.620928228
vn -0.774854958 -0.187873662 -0.603575408
vn -0.776727676 -0.185376361 -0.601938307
vn -0.781047821 -0.234960318 -0.578582704
vn -0.780236125 -0.236148819 -0.579193652
vn -0.785010219 -0.285370857 -0.549838543
vn -0.780629754 -0.292253852 -0.552453458
vn -0.785408735 -0.337310672 -0.518993855
vn -0.777713597 -0.349947512 -0.522205234
vn -0.782353699 -0.389450699 -0.486056447
vn -0.773040295 -0.405088544 -0.488172144
vn -0.777662039 -0.439427733 -0.449605435
vn -0.768773794 -0.454465836 -0.449941784
vn -0.773750305 -0.485417902 -0.407038033
vn -0.766025007 -0.498462766 -0.405882448
vn -0.771466076 -0.525738418 -0.358384192
vn -0.764474332 -0.537403882 -0.356056273
vn -0.770387352 -0.560251057 -0.304338813
vn -0.763116002 -0.572081983 -0.300626278
vn -0.769377947 -0.589490294 -0.246086955
vn -0.760344505 -0.603562057 -0.239977211
vn -0.766664386 -0.614592254 -0.185747266
vn -0.755736887 -0.630574644 -0.176741049
vn -0.761906028 -0.635322809 -0.125952974
vn -0.751313627 -0.649693727 -0.115870222
vn -0.75770402 -0.649111271 -0.0673735216
vn -0.75013721 -0.658619463 -0.0592837892
vn -0.757156372 -0.653129458 -0.0116702905
vn -0.755164325 -0.655469537 -0.00930043869
vn -0.763322711 -0.644814134 0.0394098982
vn -0.768033803 -0.639551163 0.0331423245
vn -0.777865648 -0.622652769 0.0850208253
vn -0.787613153 -0.612141848 0.070341371
vn -0.79601866 -0.595379889 0.108981863
vn -0.798009813 -0.596545935 0.0855175704
vn -0.329150349 -0.356439471 0.874420345
vn -0.331447542 -0.366025388 0.869579196
vn -0.280470073 -0.462816358 0.840914726
vn -0.253095627 -0.45289129 0.854887187
vn -0.275734246 -0.421641141 0.86382252
vn -0.28589192 -0.423764408 0.859470487
vn -0.290219188 -0.38986513 0.873943925
vn -0.547816873 -0.259233713 0.795421004
vn -0.338123351 -0.276075035 0.899697244
vn -0.358962595 -0.286042124 0.888440073
vn -0.48910591 -0.0475724265 -0.870926082
vn -0.370877177 -0.0787934735 -0.925333321
vn -0.37136817 -0.10907729 -0.922056317
vn -0.376123995 -0.106267914 -0.920455277
vn -0.379078746 -0.173435271 -0.908966184
vn -0.384016871 -0.170269668 -0.907490671
vn -0.388481736 -0.240725845 -0.88945657
vn -0.394522369 -0.236544102 -0.887918353
vn -0.400746942 -0.316607475 -0.859745085
vn -0.405196458 -0.313305259 -0.858868837
vn -0.412430346 -0.397656143 -0.819616258
vn -0.413628221 -0.396716416 -0.819467962
vn -0.421163499 -0.481848419 -0.768403172
vn -0.417869151 -0.484522581 -0.768520176
vn -0.424820244 -0.56324935 -0.708715737
vn -0.417361706 -0.569364011 -0.708261132
vn -0.423478991 -0.638064981 -0.643069685
vn -0.414451629 -0.645388484 -0.641641319
vn -0.419993699 -0.703736544 -0.573027194
vn -0.41234678 -0.709791183 -0.571109951
vn -0.417855114 -0.760595322 -0.49688217
vn -0.412578523 -0.764630616 -0.495094925
vn -0.418265909 -0.807985246 -0.414986134
vn -0.414579034 -0.810677588 -0.413432091
vn -0.420526266 -0.845998466 -0.327786952
vn -0.416812181 -0.848548174 -0.325934947
vn -0.422964513 -0.874752223 -0.236452073
vn -0.416938365 -0.878555238 -0.23303017
vn -0.423085719 -0.894456387 -0.144728124
vn -0.414398849 -0.899374485 -0.139280826
vn -0.420481652 -0.905430377 -0.0582322702
vn -0.412261844 -0.909541368 -0.0526756197
vn -0.418771029 -0.907829106 0.021844171
vn -0.414578378 -0.909673929 0.0248608943
vn -0.42196995 -0.901681244 0.0944049433
vn -0.425273836 -0.900388777 0.0918816254
vn -0.434130251 -0.886591136 0.15964666
vn -0.446580321 -0.882165909 0.149496779
vn -0.457684606 -0.861426771 0.220156074
vn -0.477324545 -0.854980171 0.202904314
vn -0.490773529 -0.826099455 0.276949495
vn -0.5142591 -0.818991899 0.254538447
vn -0.529874921 -0.780276954 0.332265615
vn -0.552638948 -0.774172544 0.308621138
vn -0.569413602 -0.724849701 0.387764215
vn -0.587494373 -0.720960379 0.367513895
vn -0.603866398 -0.662015259 0.443938255
vn -0.614450455 -0.660546124 0.43142724
vn -0.628992975 -0.594329536 0.501138926
vn -0.630266786 -0.594274938 0.499600917
vn -0.641748786 -0.527010441 0.557152092
vn -0.633826971 -0.526541531 0.566583991
vn -0.64243108 -0.462861478 0.610771298
vn -0.626393557 -0.460375458 0.629035413
vn -0.632359743 -0.409307659 0.657714546
vn -0.613623381 -0.404909104 0.67787534
vn -0.617903709 -0.369268149 0.69414413
vn -0.629065514 -0.369470894 0.683935583
vn -0.639685214 -0.310499519 0.703130782
vn -0.661440492 -0.319812179 0.678392708
vn -0.673792243 -0.249457479 0.695539296
vn -0.666003585 -0.246728256 0.703963339
vn -0.635617912 0.544472635 -0.547301948
vn -0.296446741 0.730694175 -0.614984035
vn 0.0753594488 0.78527087 -0.6145491
vn -0.962564707 0.0280892123 -0.269592613
vn -0.864644289 -0.0134227816 -0.502205193
vn -0.94842881 0.00668165507 -0.316919744
vn -0.954599142 0.0115379635 -0.297669798
vn -0.957209885 0.0152347367 -0.288993359
vn -0.957257569 0.020846732 -0.288484573
vn 0.0216112584 0.206446901 -0.978219092
vn 0.0140520148 0.139627114 -0.990104437
vn 0.0418308899 0.155509189 -0.986948371
vn 0.0297981799 0.305502564 -0.951724887
vn 0.000427750812 0.349619389 -0.936891735
vn 0.00786526408 0.360530764 -0.932714164
vn 0.0111007597 0.412195623 -0.91102773
vn -0.00455698231 0.400247663 -0.916395664
vn 0.0319515541 0.6389575 -0.768578172
vn -0.0196949411 0.652020395 -0.757945597
vn -0.0572031774 0.772349894 -0.632616282
vn -0.0348598473 0.768622816 -0.638751745
vn -0.0547768846 0.728542507 -0.682806909
vn -0.0744829252 0.731736243 -0.67750597
vn -0.0380903222 0.711588979 -0.701562703
vn -0.762327611 0.408196896 -0.502226949
vn -0.970370531 0.0699482262 -0.231275201
vn -0.968499064 0.0726972595 -0.238169327
vn -0.969473243 0.0655560941 -0.236271188
vn -0.967659891 0.0635312423 -0.244127318
vn -0.967387855 0.0639514104 -0.245093688
vn -0.967759371 0.0580448546 -0.245097056
vn -0.967778921 0.0504432097 -0.246697009
vn -0.964051545 0.0552497096 -0.259907842
vn -0.967404962 0.0551062338 -0.247165859
vn -0.962960362 0.0297455732 -0.267997205
vn -0.963092566 0.0341512971 -0.266995102
vn -0.963626087 0.0319990553 -0.265331537
vn -0.96566093 0.032795798 -0.257727414
vn -0.965416968 0.0427533016 -0.257181406
vn -0.964682877 0.0431846119 -0.259849995
vn -0.966077566 0.0455179289 -0.254209042
vn -0.00297673536 0.00991534907 -0.999946415
vn 0.0983824506 0.0855287388 -0.991466463
vn -0.517678559 0.629981458 -0.578906119
vn -0.385515124 0.679645002 -0.624067903
vn -0.378111959 0.64572823 -0.66337502
vn -0.377959788 0.645760059 -0.663430691
vn -0.365791798 0.574471951 -0.732241988
vn -0.106446989 0.616144478 -0.780406952
vn -0.0964633152 0.54309082 -0.834114611
vn -0.0966451243 0.54303652 -0.834128916
vn -0.011455765 0.677358687 -0.735563755
vn -0.0180363841 0.673190594 -0.739248991
vn -0.460768491 0.557279468 -0.69074738
vn -0.363228887 0.554066122 -0.749049723
vn -0.354205549 0.488466442 -0.797457814
vn -0.354045719 0.488476187 -0.797522783
vn -0.344127417 0.390332103 -0.853942156
vn -0.885581136 0.252860159 -0.389625251
vn -0.885134399 0.253340125 -0.390327871
vn -0.88079071 0.225069419 -0.416595042
vn -0.880276024 0.225505307 -0.417446345
vn -0.87626785 0.191487268 -0.442139477
vn -0.875724316 0.191799507 -0.443079948
vn -0.872332871 0.15314959 -0.464306533
vn -0.871754467 0.153335094 -0.465330571
vn -0.869200349 0.110540777 -0.481945485
vn -0.868641138 0.110578425 -0.482944131
vn -0.650052667 0.206659704 -0.731247783
vn -0.650726378 0.206645861 -0.730652213
vn -0.655871332 0.286640048 -0.698333979
vn -0.656597018 0.286526114 -0.697698414
vn -0.663302243 0.358666241 -0.65680182
vn -0.663996279 0.358463377 -0.656211078
vn -0.671824217 0.421791017 -0.60888803
vn -0.672493637 0.421499878 -0.608350337
vn -0.680936158 0.474011898 -0.558246076
vn -0.681527317 0.473686457 -0.55780077
vn -0.690701187 0.520505786 -0.502001524
vn -0.88747853 0.262140721 -0.379030526
vn -0.906049371 0.241172209 -0.347721845
vn -0.970312655 0.073540926 -0.230402067
vn -0.971157491 0.0724493116 -0.22716561
vn 0.0842975527 0.607627213 -0.789736092
vn 0.000267616706 0.542216659 -0.84023869
vn 0.0602821037 0.557449877 -0.828019142
vn 0.0907105431 0.470698327 -0.87761879
vn -0.0822011828 0.405148387 -0.910548031
vn 0.0150858564 0.472141713 -0.881393552
vn -0.443053544 0.389437467 -0.807491183
vn -0.342469782 0.363770276 -0.866248012
vn -0.336138695 0.281429201 -0.898781598
vn -0.437940717 0.288797289 -0.851354241
vn -0.335192651 0.252996087 -0.907545507
vn 0.00959662907 0.28624621 -0.958108008
vn -0.330816627 0.166090831 -0.928964019
vn -0.646176517 0.12195719 -0.753380597
vn -0.646820605 0.12202774 -0.752816319
vn -0.866564393 0.0652922019 -0.494775802
vn -0.867109478 0.0653870404 -0.493807346
vn -0.956488311 0.0233860631 -0.290831983
vn -0.961067259 0.0246156324 -0.275215834
vn 0.0186134372 0.247778252 -0.968637943
vn 0.00779910153 0.220389217 -0.975380838
vn -0.43560943 0.181557655 -0.881635547
vn -0.330566883 0.136905342 -0.933800042
vn -0.329381764 0.080013901 -0.940800428
vn 0.0113800792 0.090462029 -0.995834887
vn 0.0388967097 0.0595667139 -0.997466207
vn -0.0685572326 0.0294570662 -0.997212231
vn -0.274957299 0.0243125893 -0.961148977
vn -0.369653672 0.0571525358 -0.927410245
vn -0.488849223 0.0433054082 -0.87129277
vn -0.645372331 0.0468231328 -0.762431741
vn -0.68629235 0.0349123366 -0.726487398
vn -0.905293703 0.0181868989 -0.424396634
vn -0.984743297 -8.22877325e-07 -0.174013421
vn -0.984743178 -9.29496366e-07 -0.174013942
vn -0.984743297 1.64056388e-07 -0.174013361
vn -0.984743357 1.49374921e-06 -0.174013123
vn -0.984743297 4.18085051e-07 -0.174013168
vn -0.984743178 7.69597955e-06 -0.174013883
vn -0.984743357 -1.42837723e-06 -0.174012959
vn -0.984743357 -1.72277998e-06 -0.17401287
vn -0.984743476 -8.36607626e-07 -0.174012229
vn -0.984743178 5.60547846e-07 -0.174014077
vn -0.984743059 4.26956035e-07 -0.174014822
vn -0.984742165 3.09875304e-06 -0.174019665
vn -0.984743774 2.34986274e-07 -0.1740105
vn -0.984743536 8.3713195e-07 -0.174011916
vn -0.984743476 1.5623184e-06 -0.174012229
vn -0.984743118 2.28232536e-14 -0.174014196
vn -0.984743357 -2.41612071e-07 -0.17401287
vn -0.984753072 -3.12575685e-05 -0.173957944
vn -0.984760642 -4.94299711e-05 -0.173915029
vn -0.984761178 -4.48702231e-05 -0.173912168
vn -0.984743416 8.85302853e-08 -0.174012661
vn -0.984743416 5.63715503e-07 -0.17401278
vn -0.984743178 3.91771528e-06 -0.174013957
vn -0.984743416 3.72010703e-07 -0.174012765
vn -0.984743416 5.46133265e-07 -0.174012631
vn -0.984743416 2.44531816e-06 -0.17401281
vn -0.984743416 1.22527626e-06 -0.174012765
vn -0.984743416 1.24031135e-06 -0.174012765
vn -0.984743416 9.2427598e-07 -0.17401275
vn -0.984743416 7.61760589e-07 -0.17401275
vn -0.984748542 -2.46919608e-05 -0.173983529
vn -0.984749913 -2.79090164e-05 -0.173975796
vn -0.984750271 -2.72736215e-05 -0.173973829
vn -0.984752476 -3.34631404e-05 -0.173961326
vn -0.984753072 -3.14694989e-05 -0.173957974
vn -0.984742582 3.55655038e-06 -0.1740174
vn -0.984745979 6.31437615e-07 -0.173998013
vn -0.984743595 1.13765184e-08 -0.174011752
vn -0.984743178 1.02768274e-06 -0.174014121
vn -0.984743237 1.49977382e-06 -0.1740136
vn -0.984749317 -8.380699e-06 -0.173979416
vn -0.984745562 -1.81937794e-05 -0.174000561
vn -0.984746099 -1.98590988e-05 -0.173997641
vn -0.984746218 -1.91602721e-05 -0.173996732
vn -0.984747291 -2.23606403e-05 -0.173990875
vn -0.984747291 -2.20733364e-05 -0.173990607
vn -0.984748065 -2.42515798e-05 -0.173986465
vn -0.984748483 -2.22334475e-05 -0.173983887
vn -0.984743476 6.15941786e-08 -0.174012467
vn -0.984743357 1.01094508e-06 -0.174013034
vn -0.984743357 9.94153083e-07 -0.174013019
vn -0.984743536 -3.03839045e-07 -0.174012065
vn -0.984743357 8.20415096e-07 -0.174012959
vn -0.984743357 7.81078143e-07 -0.174012929
vn -0.984743476 3.96950695e-09 -0.174012169
vn -0.984743357 7.19149341e-07 -0.174013078
vn -0.984743118 1.59257911e-06 -0.17401427
vn -0.984743595 8.37191365e-08 -0.174011528
vn -0.984742165 3.82586813e-06 -0.174019814
vn -0.984743834 -1.9276105e-07 -0.174010456
vn -0.984743297 7.51802077e-07 -0.174013183
vn -0.984743357 7.98087797e-07 -0.174013078
vn -0.984743357 9.72481303e-07 -0.174012855
vn 1.54822135e-06 -1 -8.76137437e-06
vn 1.15353203e-06 -1 -6.52783501e-06
vn 1.60275431e-06 -1 -7.75297303e-06
vn 1.85322835e-06 -1 -7.80818027e-06
vn 6.41134307e-07 -1 -8.45864815e-06
vn 2.15318187e-06 -1 -5.69014674e-06
vn 0.0060541844 -0.999394596 -0.0342606194
vn 0.0260131378 -0.979494214 -0.199785873
vn 0.02376182 -0.973896861 -0.22574392
vn 0.0671375915 -0.92257452 -0.379932612
vn -0.0720636472 -0.910218954 0.407809138
vn -0.0532023907 -0.963217497 0.263403744
vn -0.0554022379 -0.973894894 0.22013475
vn -0.0126849618 -0.997339547 0.0717841089
vn 0.104312778 -0.41751951 -0.902660668
vn -0.0823122486 -0.996436059 -0.0184350889
vn 0.983359098 -0.0903951526 0.157586783
vn 0.995648861 -0.0204052664 0.090923056
vn 0.996782482 -0.0301733874 0.0742580369
vn 0.990483761 -0.0841279104 -0.108923852
vn 0.983776808 -0.0617651902 0.168428928
vn 0.996862948 -0.017294988 0.0772340298
vn 0.996790349 -0.0208015721 0.0773065761
vn 0.991532028 -0.0609504655 -0.114670061
vn 0.990555882 -0.0840619057 -0.108317137
vn 0.94682765 -0.136141971 -0.291518092
vn 0.971556187 -0.158897862 0.175584942
vn 0.944336414 -0.279135734 0.174103245
vn 0.94067359 -0.292711556 0.171619207
vn 0.585752726 -0.800619602 0.126102954
vn 0.759441257 -0.632804453 0.15102157
vn 0.75814569 -0.634485722 0.150475666
vn 0.866894007 -0.470012724 0.166080743
vn 0.864943266 -0.473955303 0.165044039
vn 0.912428081 -0.371977955 0.170609027
vn 0.867128968 -0.183564156 -0.463024378
vn 0.75172627 -0.224327579 -0.620148957
vn 0.754009604 -0.224240258 -0.617402434
vn 0.608635902 -0.25645411 -0.750861943
vn 0.611994326 -0.256544203 -0.748096228
vn 0.442186803 -0.278841913 -0.852477551
vn 0.446190774 -0.279167205 -0.850282013
vn 0.992356002 -0.0393132903 -0.116978727
vn 0.949701071 -0.0635535121 -0.306641161
vn 0.950066805 -0.0636162162 -0.305493116
vn 0.870127201 -0.085693799 -0.485319704
vn 0.87086314 -0.085791871 -0.483980507
vn 0.757424295 -0.104542106 -0.644499302
vn 0.758854032 -0.104720362 -0.642786324
vn 0.615411818 -0.119563572 -0.779084623
vn 0.617583752 -0.119844176 -0.777320862
vn 0.449269176 -0.130149812 -0.883865535
vn 0.45210138 -0.130544245 -0.882361889
vn 0.948776603 -0.0985774323 -0.300175756
vn 0.868482709 -0.132946029 -0.477559537
vn 0.869141936 -0.132951558 -0.476357192
vn 0.755065501 -0.162229359 -0.635261953
vn 0.756617248 -0.162301928 -0.633394361
vn 0.612552941 -0.18546316 -0.768363416
vn 0.614967048 -0.185657337 -0.766385555
vn 0.446229339 -0.201709285 -0.871890306
vn 0.449260741 -0.202048346 -0.870253563
vn 0.178818166 -0.981174469 0.0729431584
vn 0.283017963 -0.956246674 0.0741154477
vn 0.412028581 -0.90598017 0.0971203297
vn 0.458331168 -0.883114994 0.100202344
vn 0.615999758 -0.774998844 0.14114216
vn 0.995709896 -0.00846672896 0.0921420231
vn 0.996972203 -0.013471826 0.0765825287
vn 0.992222726 -0.0392613709 -0.11812114
vn 0.991579413 -0.0609389544 -0.114265762
vn 0.948550224 -0.0985893682 -0.300886363
vn 0.947215796 -0.136027604 -0.290307909
vn 0.866069973 -0.183698922 -0.464948952
vn 0.990478933 -0.0682377219 0.119562075
vn 0.991023839 -0.0763367116 0.109747313
vn 0.992820263 -0.066377148 0.0995088294
vn 0.991826236 -0.0560069568 0.114647038
vn 0.994795084 -0.0666263774 0.0770948157
vn 0.993856132 -0.0584876873 0.0939636976
vn 0.994934022 -0.048941467 0.087812379
vn 0.99525243 -0.0503442958 0.083294645
vn 0.99549216 -0.0349731259 0.0881605074
vn 0.983486652 -0.0867613405 0.158828586
vn 0.984130383 -0.103690401 0.143998802
vn 0.98620683 -0.0797551349 0.145035148
vn 0.986256123 -0.0942939222 0.135674477
vn 0.988369524 -0.0860507265 0.125383049
vn 0.988115728 -0.0719315782 0.135842472
vn 0.989482403 -0.089614749 0.113550939
vn 0.986382067 -0.141000837 -0.0846707746
vn 0.986251831 -0.141318887 -0.0856522322
vn 0.982958198 -0.1716488 -0.065801546
vn 0.982887268 -0.171870336 -0.0662808865
vn 0.978902161 -0.19970113 -0.0432432629
vn 0.97886169 -0.199847728 -0.0434812643
vn 0.974549711 -0.223350286 -0.0191719178
vn 0.97454977 -0.223350003 -0.0191715527
vn 0.970133781 -0.242509127 0.00545738637
vn 0.970160484 -0.242399707 0.00557071622
vn 0.965546012 -0.258347243 0.0312662087
vn 0.965566814 -0.258260667 0.0313394517
vn 0.960678935 -0.271413624 0.0585713312
vn 0.960734248 -0.271183848 0.0587287955
vn 0.955548346 -0.281522036 0.0875941887
vn 0.95563066 -0.281185359 0.087777175
vn 0.950180233 -0.288495213 0.11801713
vn 0.950217724 -0.288346291 0.118078932
vn 0.940612078 -0.227833897 -0.251675755
vn 0.940079093 -0.228303567 -0.253236651
vn 0.935108423 -0.277005434 -0.220998317
vn 0.934826314 -0.27733928 -0.221771702
vn 0.928591967 -0.32197693 -0.184520558
vn 0.92850256 -0.322106063 -0.184744835
vn 0.921614528 -0.359782845 -0.145543635
vn 0.921698213 -0.35964483 -0.145354599
vn 0.914578795 -0.390355766 -0.105678797
vn 0.914746344 -0.390053898 -0.105342463
vn 0.907288611 -0.415611953 -0.0639852881
vn 0.907450795 -0.415301323 -0.0637009963
vn 0.899548233 -0.436366558 -0.0199292935
vn 0.899782717 -0.435898691 -0.0195792522
vn 0.891384661 -0.452455252 0.0267875995
vn 0.891678989 -0.451853395 0.0271497089
vn 0.882827282 -0.463558733 0.0756922141
vn 0.883058608 -0.463081181 0.075916566
vn 0.858363509 -0.307212055 -0.410892695
vn 0.85708493 -0.307802588 -0.413113713
vn 0.850964725 -0.373212546 -0.369555652
vn 0.850224376 -0.373686999 -0.370778322
vn 0.842178702 -0.433588773 -0.320524305
vn 0.841898918 -0.433813274 -0.320955306
vn 0.832774222 -0.484364331 -0.268101245
vn 0.832876921 -0.484268248 -0.26795584
vn 0.823334754 -0.52548331 -0.214446187
vn 0.823607147 -0.525199294 -0.214095697
vn 0.813565195 -0.559502959 -0.158329055
vn 0.813856721 -0.559173763 -0.15799351
vn 0.803191841 -0.587433577 -0.0990187228
vn 0.803607166 -0.586935759 -0.0986000001
vn 0.792240977 -0.609136343 -0.0361543186
vn 0.792766511 -0.608478904 -0.0357029177
vn 0.780739963 -0.624152064 0.0296538342
vn 0.781213701 -0.623542964 0.0299881734
vn 0.742841482 -0.375229239 -0.554427266
vn 0.740203619 -0.375887841 -0.557500601
vn 0.733459711 -0.455676258 -0.504376829
vn 0.731679857 -0.45632574 -0.506370783
vn 0.722326577 -0.529367447 -0.444988102
vn 0.721284449 -0.529858649 -0.446092606
vn 0.710375011 -0.59149909 -0.381439567
vn 0.709961593 -0.591731369 -0.381848812
vn 0.698408246 -0.642014325 -0.316296637
vn 0.698305607 -0.642079651 -0.316390514
vn 0.68607384 -0.683945239 -0.248035342
vn 0.686047256 -0.683963895 -0.248057559
vn 0.673009634 -0.718440235 -0.175788835
vn 0.673208535 -0.718290269 -0.175639704
vn 0.659262478 -0.74535048 -0.0991240889
vn 0.659686327 -0.745012462 -0.098845154
vn 0.644868374 -0.764063299 -0.0187645406
vn 0.645342112 -0.76366967 -0.0184981599
vn 0.599367678 -0.428753883 -0.675964832
vn 0.595669627 -0.429155141 -0.678972483
vn 0.588728011 -0.520162463 -0.61873281
vn 0.586182415 -0.520630896 -0.620752454
vn 0.576043904 -0.603853464 -0.55093962
vn 0.574487329 -0.604250968 -0.552127779
vn 0.562367201 -0.674398005 -0.478466809
vn 0.561683536 -0.674615264 -0.478963315
vn 0.548712909 -0.731809855 -0.404188663
vn 0.548468292 -0.731900632 -0.404356211
vn 0.534657776 -0.779505134 -0.326362997
vn 0.534535766 -0.779556155 -0.32644102
vn 0.51976341 -0.818712294 -0.244041443
vn 0.519974411 -0.818615317 -0.243917137
vn 0.504120767 -0.849296987 -0.156706482
vn 0.504627943 -0.849045694 -0.156435654
vn 0.487725079 -0.870561123 -0.0651732087
vn 0.488327891 -0.870244563 -0.0648868755
vn 0.452319235 -0.0685010105 -0.889221549
vn 0.525031567 -0.0585123487 -0.849068999
vn 0.618186116 -0.0636041164 -0.78345418
vn 0.739303946 -0.0419848002 -0.672061741
vn 0.759620368 -0.0472095311 -0.648651063
vn 0.877912462 -0.0462114736 -0.476586014
vn 0.871685326 -0.0449191853 -0.488002986
vn 0.947037816 -0.031060053 -0.319616348
vn 0.950724363 -0.0323882662 -0.308341026
vn 0.992608607 -0.0200240519 -0.119696006
vn 0.992738366 -0.0201447476 -0.118594959
vn 0.999867558 -0.0112754358 0.0117376484
vn 0.993956625 -0.0103374468 0.109285533
vn 0.43319729 -0.465935737 -0.771520555
vn 0.429018706 -0.4659293 -0.773855805
vn 0.422117889 -0.564709067 -0.709168613
vn 0.419325113 -0.564834177 -0.710724115
vn 0.408819973 -0.655075967 -0.635406733
vn 0.407148063 -0.655226648 -0.636324227
vn 0.394356489 -0.731173396 -0.556658268
vn 0.393743187 -0.731253862 -0.55698657
vn 0.379945964 -0.79314059 -0.475992709
vn 0.379862159 -0.793154657 -0.476036161
vn 0.365093917 -0.844642937 -0.39151597
vn 0.365182966 -0.844624996 -0.391471624
vn 0.349332005 -0.886919498 -0.302226663
vn 0.349783778 -0.886814356 -0.302012682
vn 0.33271876 -0.91989845 -0.207569391
vn 0.333496392 -0.91969502 -0.207222626
vn 0.315253288 -0.942798972 -0.108376533
vn 0.316080689 -0.942561269 -0.108033389
vn 0.995141447 -0.0339330807 0.0924234837
vn 0.98875165 -0.111530751 -0.0996547043
vn 0.98889333 -0.111293033 -0.0985081345
vn 0.944027901 -0.180392131 -0.276170343
vn 0.944629788 -0.180044219 -0.274333119
vn 0.862293839 -0.243364215 -0.444098145
vn 0.863736033 -0.242949545 -0.441515148
vn 0.746803045 -0.297236443 -0.594924927
vn 0.749674201 -0.296837062 -0.591503501
vn 0.603047192 -0.339629501 -0.721793473
vn 0.607110679 -0.339477777 -0.718450725
vn 0.436515778 -0.369046092 -0.82052356
vn 0.441197127 -0.369251609 -0.817923188
vn 0.288074762 -0.382768422 -0.877781987
vn 0.218275264 -0.291432738 -0.931355417
vn 0.154947609 -0.282780975 -0.946586609
vn 0.314460963 -0.208840638 -0.926012874
vn 0.126048148 -0.16163075 -0.978768289
vn 0.274769664 -0.135685697 -0.951888144
vn 0.263916701 -0.0678877607 -0.962153435
vn 0.307162404 -0.0601180829 -0.949756324
vn 0.412402332 -0.494413137 -0.76516664
vn 0.243174464 -0.485093534 -0.839970469
vn 0.236703277 -0.584092557 -0.776406765
vn 0.260268629 -0.586028278 -0.767353296
vn 0.188229233 -0.695379734 -0.693553746
vn 0.0564910881 -0.683191597 -0.728050768
vn 0.31566304 -0.758969188 -0.569493294
vn 0.208942249 -0.760620594 -0.614653885
vn 0.195696294 -0.821676731 -0.53530395
vn 0.225514218 -0.82194972 -0.5230124
vn 0.128947005 -0.888714254 -0.439954102
vn 0.00627521891 -0.880381227 -0.474225223
vn 0.278912842 -0.911430061 -0.302494317
vn 0.163270816 -0.922520161 -0.349713057
vn 0.146621481 -0.955327392 -0.256615967
vn 0.175346702 -0.953507125 -0.245107487
vn 0.0828459859 -0.986047626 -0.144383669
vn -0.013073747 -0.984711587 -0.173701242
vn 0.174327433 -0.98407197 -0.0348182917
vn 0.29785648 -0.954547107 -0.0110170115
vn 0.298749208 -0.954271913 -0.0106758596
vn 0.471487075 -0.881527126 0.024695497
vn 0.472204506 -0.881134629 0.024993781
vn 0.630626559 -0.773754001 0.0601237565
vn 0.631206214 -0.773260057 0.0603951737
vn 0.769313991 -0.631893516 0.0941622853
vn 0.769797683 -0.631263852 0.0944323614
vn 0.874328554 -0.469333798 0.123593479
vn 0.874566793 -0.468844056 0.123766661
vn 0.944852054 -0.292247564 0.147803754
vn 0.944903672 -0.2920506 0.147863045
vn 0.980361223 -0.105955712 0.166328833
vn 0.981306374 -0.0847130269 0.172804654
vn 0.93798244 -0.0823743641 0.336754143
vn 0.936482191 -0.0836681202 0.340588778
vn 0.737096667 -0.241474226 0.631172478
vn 0.735500038 -0.242020011 0.632823825
vn 0.409682721 -0.36657697 0.835333109
vn 0.936395049 -0.0782613009 0.342110306
vn 0.935769618 -0.0784705579 0.34376964
vn 0.736086249 -0.224193931 0.638681531
vn 0.731981754 -0.224553689 0.643256009
vn 0.936062276 -0.061546389 0.34640944
vn 0.9331671 -0.0617156029 0.354105055
vn 0.735912979 -0.172609881 0.654704452
vn 0.72545737 -0.172253177 0.666363597
vn 0.509591103 -0.235969231 0.82742697
vn 0.41468069 -0.365982145 0.833124816
vn 0.415709406 -0.33557415 0.845325768
vn 0.413469672 -0.33545655 0.846470177
vn 0.418563515 -0.266530514 0.868197024
vn 0.332144469 -0.266612142 0.904764056
vn 0.0316568129 -0.440286189 0.89729923
vn 0.0673192292 -0.426965564 0.901758552
vn 0.0342599638 -0.422746003 0.905600369
vn 0.0338266976 -0.393280506 0.918796062
vn 0.0321153626 -0.392976135 0.918987691
vn 0.0357001461 -0.298017561 0.953892589
vn 0.0289471634 -0.296606421 0.954560995
vn -0.984743714 8.71994985e-07 -0.174011081
vn -0.984743536 1.33639924e-06 -0.174011916
vn -0.985760808 -0.000231452927 -0.168153465
vn -0.983694732 1.05334152e-06 -0.179846376
vn -0.998607934 -0.0527458303 0.000350969407
vn -0.846510172 -0.141625926 0.51318872
vn -0.870475292 -0.136653051 0.472862273
vn -0.365711778 -0.216714323 0.905146301
vn -0.347588718 -0.21942392 0.911611319
vn -0.555592895 -0.201328024 0.806711555
vn -0.64963609 -0.187029272 0.736880541
vn -0.675333679 -0.18541339 0.713825166
vn -0.798921466 -0.160502762 0.579623461
vn -0.985759974 -0.00132905133 -0.168153316
vn -0.998601198 -0.0294824801 -0.0438914709
vn -0.983688772 -0.00347972428 -0.179845169
vn -0.991829097 -0.0138343452 -0.126821548
vn -0.988113225 -0.0656670183 0.138996542
vn -0.986813545 -0.0671119392 0.147292197
vn -0.960541368 -0.0958460718 0.261101186
vn -0.905244291 -0.125708193 0.405869663
vn -0.973750234 -0.0851034895 0.211110994
vn -0.870375693 -0.137476414 0.47280696
vn -0.850384235 -0.140586868 0.507032573
vn -0.649245799 -0.190127701 0.736431479
vn -0.611587226 -0.192038313 0.767516971
vn -0.426721007 -0.209437788 0.879798293
vn -0.347764432 -0.217183232 0.912080765
vn -0.261102498 -0.215823948 0.940874875
vn 1.97800032e-14 1 1.92227419e-14
vn -3.23864856e-06 1 -2.51458982e-06
vn 4.60312913e-06 1 3.87544333e-06
vn -2.72354691e-06 1 2.77445679e-06
vn 0.00152967626 0.999997675 -0.0015092463
vn 0.00430254918 0.999981523 -0.00429586135
vn 0.00198926684 0.999997973 0.00024384525
vn -0.00202010083 0.999997973 -0.000155769201
vn 1.51140239e-05 1 -6.63995388e-06
vn 0.000860457658 0.999999642 8.70377426e-06
vn -0.000571342302 0.999999821 0.000117139323
vn -5.21952245e-07 1 1.39088488e-05
vn 5.01213108e-05 1 8.85687314e-06
vn -1.38245991e-06 1 7.82336519e-06
vn 8.84152371e-07 1 -3.82580265e-06
vn 2.3384267e-07 1 -1.4569062e-07
vn 3.23089516e-05 1 -7.10748791e-05
vn 1.41698301e-05 1 -7.34261412e-05
vn -0.0010014039 0.999998748 0.00122273038
vn -0.00315708457 0.999988079 0.00371890841
vn 0.00106679206 0.999997318 0.0020527835
vn -0.000229535959 1 -7.93991348e-05
vn 9.10262088e-07 1 -4.32087973e-06
vn 1.09469602e-06 1 4.27788973e-06
vn -0.00323417666 0.999993742 0.0014283515
vn -0.00120469625 0.999998808 -0.000935364573
vn 0.00118702347 0.999998331 0.00139907852
vn -0.000823197421 0.999999285 -0.000876908365
vn 1.13527062e-06 1 -1.03950981e-06
vn -5.58424972e-07 1 1.43441707e-06
vn -1.97800032e-14 -1 -1.92227419e-14
vn -0.498258501 -0.865969658 -0.0428371951
vn 0.0258456487 -0.988907993 -0.146263465
vn 0.0137385828 -0.993350327 -0.114308082
vn -0.0485099591 -0.994174719 -0.0962466449
vn 0.00844283029 -0.998732269 -0.0496241562
vn -0.00244924123 -0.999858558 0.0166410059
vn 0.984743237 -1.54762631e-07 0.174013704
vn 0.984743237 -2.99760615e-07 0.174013764
vn 0.984743237 -4.07605199e-07 0.17401354
vn 0.984743297 1.72201936e-07 0.174013361
vn 0.984743297 5.80076538e-08 0.174013287
vn 0.984743237 -6.16006275e-07 0.17401357
vn 0.984743476 -9.8038181e-06 0.174012184
vn 0.984745204 1.31582246e-05 0.174002558
vn 0.984745383 3.40492661e-05 0.174001426
vn 0.984743237 -5.76434388e-07 0.174013704
vn 0.984745085 3.59034198e-06 0.174003124
vn 0.984743297 4.23952031e-07 0.174013302
vn 0.984743357 1.42492547e-06 0.174013063
vn 0.984743357 3.33236767e-06 0.174013034
vn 0.984743118 -2.22981657e-06 0.174014464
vn 0.984743118 -3.56141641e-07 0.174014419
vn 0.984743297 3.02269768e-07 0.174013317
vn 0.984743178 -2.8145891e-07 0.174013883
vn 0.984743416 2.77828889e-07 0.174012527
vn 0.984743416 -5.53577365e-07 0.174012795
vn 0.984743357 8.96234464e-09 0.174013108
vn 0.984743357 2.48197862e-09 0.174013108
vn 0.984743297 8.01986744e-08 0.174013227
vn 0.984743357 4.34690037e-07 0.174012989
vn 0.984743357 2.01707692e-07 0.174012974
vn 0.984743237 -3.0812771e-07 0.174013495
vn 0.984743237 -2.13159836e-07 0.17401354
vn 0.984743416 8.29681937e-07 0.17401275
vn 0.984743416 5.99265377e-07 0.17401281
vn 0.984743297 -8.78802879e-08 0.174013406
vn 0.984743297 -3.00425768e-07 0.174013436
vn 1.51470658e-05 1 -5.55952192e-06
vn 3.23420568e-06 1 -4.41438624e-06
vn 4.59106877e-06 1 8.11336349e-07
vn 2.32431194e-06 1 -5.90783384e-06
vn 6.53366669e-07 1 -5.51863195e-06
vn 1.64979519e-06 1 -5.9449867e-06
vn 2.0069715e-06 1 -6.19309458e-06
vn 2.03159789e-06 1 -6.45959335e-06
vn 1.72097066e-06 1 -6.80833091e-06
vn 1.60604952e-06 1 -5.6738304e-06
vn -1.28001807e-06 1 -7.05355069e-06
vn 4.22733001e-06 1 -7.43013106e-06
vn 4.51011283e-06 1 -9.24129017e-06
vn 8.84552992e-06 1 -7.60553394e-06
vn 1.73163812e-06 1 -6.48748119e-06
vn 1.21557798e-06 1 -7.13766849e-06
vn 2.63920811e-06 1 -6.79441155e-06
vn 3.4770855e-07 1 -6.06570711e-06
vn 3.91993854e-06 1 -5.33738466e-06
vn 3.38203131e-06 1 -5.21508673e-06
vn 0.0204883087 -0.993044615 -0.115942419
vn 0.00425987411 -0.977900743 -0.209026292
vn 0.0951305777 -0.913774312 -0.39492622
vn 0.0441681929 -0.811306655 -0.582949996
vn 0.984720469 -2.92151435e-05 0.17414254
vn 0.98474282 -6.38686288e-07 0.174016133
vn 0.98474139 -2.41764974e-06 0.17402406
vn 0.984725714 -2.24386531e-05 0.174112648
vn 7.99719189e-08 1 4.66359694e-07
vn -4.49930269e-07 1 -6.45620275e-07
vn -0.71262157 1.15304871e-07 -0.701548636
vn -0.679900169 0.0216137469 -0.732986093
vn -0.791084886 -0.0109665785 -0.611608088
vn -0.757271349 0.00237361994 -0.65309608
vn -0.797527373 -0.000303963927 -0.60328269
vn -0.832411766 0.00162106741 -0.554155231
vn -0.843641102 -0.00307418429 -0.536898732
vn -0.890664458 0.00268765469 -0.454653263
vn -0.972628891 2.37052775e-14 -0.232364118
vn -0.972629488 1.33317189e-06 -0.2323616
vn -0.899476051 -0.0012890168 -0.436968148
vn -0.925604105 0.000585501024 -0.378492713
vn -0.9378497 0.00366740348 -0.347022265
vn -0.952161074 -0.00435610628 -0.305565506
vn -0.977866352 0.00645189965 -0.209130988
vn 0.984743297 8.36494655e-06 0.174013302
vn 0.984743178 -2.28232502e-14 0.174014047
vn -0.984743118 1.39031931e-06 -0.174014196
vn 0.999064505 8.23861683e-06 -0.0432449579
vn 0.99906534 -1.89305951e-14 -0.0432259403
vn 0.887214005 -8.68053002e-15 -0.46135807
vn 0.593602538 3.72820154e-15 -0.80475837
vn 0.713110983 -6.29213449e-16 -0.701051116
vn -0.226425484 2.32021942e-14 -0.974028468
vn -0.226426318 -2.98660098e-07 -0.974028289
vn 0.0375002399 1.84674663e-14 -0.999296606
vn 0.501694739 6.70500735e-15 -0.865044713
vn 0.848749459 -6.62337583e-15 -0.528795123
vn 0.99761188 -1.84050773e-14 -0.0690686926
vn 0.984743536 -2.28232198e-14 0.17401211
vn 0.99853313 -1.87101802e-14 -0.0541446172
vn 0.87161088 -7.81750932e-15 -0.490198404
vn 0.564911604 4.68771835e-15 -0.825151443
vn 0.141699925 1.62259529e-14 -0.989909649
vn 0.000370823633 1.92154049e-14 -0.99999994
vn 0.174012735 1.5487496e-14 -0.984743416
vn 0.342368782 1.12889722e-14 -0.939565659
vn 0.206141278 1.47324051e-14 -0.978522241
vn -0.247908443 2.35263045e-14 -0.968783438
vn -0.650824249 2.74677572e-14 -0.759228468
vn -0.919504762 2.57438622e-14 -0.393078923
vn -0.984743118 2.2823257e-14 -0.174014404
vn -0.913524747 2.58890115e-14 -0.406783193
vn -0.616120577 2.73276952e-14 -0.787651837
vn -0.174849018 2.23851343e-14 -0.984595239
vn 0.307250142 1.22155051e-14 -0.951628804
vn 0.304547787 -0.0436033159 -0.951498508
vn 0.996600151 0.0175543707 0.0804980546
vn 0.986964226 -0.00055784086 0.160938859
vn 0.986967146 -0.000612489413 0.16092056
vn 0.956995666 -0.271199405 -0.103005841
vn 0.999567866 0.000266047486 -0.029394554
vn 0.952421725 -0.019822903 -0.304138005
vn 0.919468403 -0.146134034 -0.364996791
vn 0.874144256 0.00797441322 -0.485600889
vn 0.788882494 -0.0548919328 -0.612087667
vn 0.761934459 -3.10655741e-05 -0.647654176
vn 0.618963957 -0.0681701973 -0.782455385
vn 0.585305035 -0.13943848 -0.798733294
vn 0.453931212 0.00510976324 -0.891022086
vn 0.299649924 -0.0993043333 -0.948866963
vn 0.27009362 -0.0411602333 -0.961953878
vn 0.307284117 -0.0531445816 -0.950132668
vn 0.589047372 -0.0490259007 -0.806609988
vn 0.511366963 0.233715698 -0.826970875
vn 0.751021445 -0.327741832 -0.573194623
vn 0.739313841 -0.0416645855 -0.672070742
vn 0.993902326 -0.0147012034 0.109279566
vn 0.99807173 0.0609555766 0.011716567
vn 0.992212117 0.119845837 -0.0339421853
vn 0.992478311 -0.0257563051 -0.119680293
vn 0.927637398 -0.0102582034 -0.373341203
vn 0.931125402 0.185080767 -0.314246058
vn 0.878330648 -0.0344179831 -0.476813048
vn 0.107652113 0.785691857 -0.609179199
vn 0.114817448 0.770460308 -0.627062857
vn 0.115981139 0.745495975 -0.656341493
vn 0.120610595 0.720827818 -0.682539642
vn 0.128983319 0.684024453 -0.717965066
vn 0.124495409 0.694549322 -0.7085917
vn 0.133588001 0.642326117 -0.754699528
vn 0.132935509 0.645262241 -0.752306283
vn 0.138081193 0.608528793 -0.781425834
vn 0.142348871 0.591637015 -0.793537915
vn 0.144042283 0.548085093 -0.82392633
vn 0.146693096 0.534467638 -0.8323614
vn 0.154259667 0.471646816 -0.868189633
vn 0.154721886 0.4698838 -0.869062901
vn 0.15859659 0.405738205 -0.900124252
vn 0.159569398 0.398929596 -0.902990997
vn 0.16201584 0.364915848 -0.916835487
vn 0.168372735 0.3083781 -0.936244428
vn 0.16364491 0.32770738 -0.930498898
vn 0.168716103 0.250622779 -0.95326966
vn 0.168287635 0.254595399 -0.952292204
vn 0.170187145 0.208775803 -0.963041544
vn 0.173250988 0.182811186 -0.96776247
vn 0.170993701 0.141413748 -0.975070953
vn 0.173059925 0.112639651 -0.978449047
vn 0.173313275 0.0601194799 -0.983030081
vn 0.17522113 0.045820456 -0.983462274
vn 0.174004555 0.0100741964 -0.984693289
vn 0.173841447 -0.0440968685 -0.983785868
vn 0.173843339 -0.0440026298 -0.983789742
vn 0.173862398 -0.0414662808 -0.983896554
vn 0.173864469 -0.0413614176 -0.983900607
vn -0.169631928 -0.222983629 0.959949613
vn -0.170563579 -0.221305057 0.960172951
vn -0.16987282 -0.216773167 0.961328566
vn -0.169864699 -0.216787651 0.961326718
vn -0.169876724 -0.216771498 0.961328268
vn -0.549245298 0.672453225 -0.496121228
vn -0.76940608 0.436438918 -0.466406852
vn -0.909715712 0.294068009 -0.293157429
vn -0.948806286 0.154178172 -0.275673181
vn -0.890240908 0.278329968 -0.36056
vn -0.896554708 0.205197111 -0.392535061
vn -0.959123373 0.163634151 -0.230881408
vn -0.845951378 -0.169438779 -0.505625188
vn -0.975462317 0.0423218422 -0.216060504
vn -0.983193934 0.0121288011 -0.182160825
vn -0.983186126 0.0131036714 -0.182135642
vn 0.0489756167 0.806292176 -0.58948648
vn 0.0681762546 0.815901518 -0.574157417
vn -0.089175202 0.792695999 -0.60305959
vn -0.0721134618 0.833443105 -0.547879755
vn -0.299645931 0.715305984 -0.6313079
vn -0.296547353 0.7311095 -0.614441693
vn -0.522690177 0.650106132 -0.551504314
vn -0.443414718 0.734657347 -0.513480306
vn -0.65534395 0.585859716 -0.476752251
vn -0.934266031 0.194032654 -0.299162626
vn -0.981071591 -0.0138983047 -0.193145886
vn -0.905178487 0.294311345 -0.306647539
vn -0.870641589 0.269847065 -0.411297619
vn -0.524169803 0.658656418 -0.539831161
vn -0.637483478 0.552187324 -0.537311792
vn -0.644141555 0.571945846 -0.507897258
vn -0.773104548 0.424644977 -0.471153915
vn -0.812775314 0.455065697 -0.363746524
vn -0.939463317 0.0906945094 -0.33042869
vn -0.968012154 0.11309959 -0.223966345
vn -0.983113229 0.0144668426 -0.182425633
vn -0.807024956 0.450520575 -0.38176167
vn -0.78437978 0.433792353 -0.443365037
vn -0.782791078 0.46045351 -0.418593735
vn -0.639671981 0.606069803 -0.472757012
vn -0.594547033 0.569398105 -0.567714393
vn -0.438475043 0.716659188 -0.54234606
vn -0.326637924 0.742376506 -0.584965587
vn -0.237914473 0.800815105 -0.549628913
vn -0.0660302639 0.748474658 -0.659867942
vn 0.100107193 0.817955792 -0.566504061
vn 0.100127995 0.81788677 -0.566600025
vn 0.210105211 0.773541927 -0.59790355
vn 0.996702075 0.00606720243 0.08092051
vn 0.997742116 0.00849911477 0.066621311
vn 0.996729672 0.00123258075 0.0807984918
vn 0.996741474 0.0385047458 0.0708789006
vn 0.995998263 0.0278554577 0.084920764
vn 0.996397376 0.0191073995 0.0826268047
vn 0.997653842 0.0251312871 0.0636805445
vn 0.996548593 0.0140441079 0.081815131
vn 0.995585382 0.0545904413 0.0763521865
vn 0.995046854 0.0415820777 0.0902922228
vn 0.995580494 0.0346376896 0.0872910842
vn 0.994031429 0.0677858517 0.0854787678
vn 0.993777096 0.0539068133 0.097473681
vn 0.994456232 0.047783792 0.0936667621
vn 0.992356598 0.0770678371 0.0963791236
vn 0.992370367 0.0639092624 0.105435312
vn 0.993094683 0.05902794 0.101383492
vn 0.989521086 0.0691681281 0.126742989
vn 0.989522338 0.0658583865 0.1284841
vn 0.990781367 0.0828258246 0.107201532
vn 0.990921259 0.0718573704 0.113629021
vn 0.991678476 0.06785696 0.109404162
vn 0.234514654 0.602955878 -0.762526751
vn 0.394674331 0.570752919 -0.720050871
vn 0.22940059 0.642117083 -0.731478631
vn 0.219944417 0.699768305 -0.679668128
vn 0.330199003 0.678905606 -0.655786395
vn 0.106018148 0.770456731 -0.628614783
vn 0.259092778 0.345513523 -0.901937544
vn 0.442937881 0.313622385 -0.839908957
vn 0.255892247 0.396985352 -0.881431699
vn 0.248102412 0.483062804 -0.839699626
vn 0.407393157 0.453314126 -0.792803347
vn 0.243461594 0.531862915 -0.811078489
vn 0.26961723 0.0634026974 -0.960878074
vn 0.427663088 0.0441945903 -0.902857184
vn 0.269170702 0.11209058 -0.956547379
vn 0.266320318 0.201316625 -0.942626715
vn 0.44199577 0.175382882 -0.879704833
vn 0.264564812 0.25335449 -0.930492878
vn 0.452854484 0.0610056594 -0.889494896
vn 0.453329384 0.0609410182 -0.889257371
vn 0.449563533 0.193606511 -0.872014403
vn 0.450135827 0.193504855 -0.871741712
vn 0.442559242 0.33224532 -0.83291918
vn 0.443175614 0.332110643 -0.832645118
vn 0.431999773 0.464482278 -0.773066878
vn 0.432642996 0.464318544 -0.772805512
vn 0.419014692 0.579719126 -0.698822141
vn 0.419641495 0.579541683 -0.698593199
vn 0.405123025 0.67274338 -0.619105518
vn 0.405676723 0.672575414 -0.618925452
vn 0.391581863 0.743954539 -0.541475117
vn 0.392057359 0.743803978 -0.541337848
vn 0.618662179 0.0562723167 -0.783639252
vn 0.619297028 0.0561644807 -0.783145428
vn 0.615552366 0.178435713 -0.7676301
vn 0.616314054 0.178246424 -0.767062724
vn 0.609055519 0.306161076 -0.731653392
vn 0.609886825 0.305889368 -0.731074393
vn 0.599334776 0.427968502 -0.676491559
vn 0.600204527 0.427623063 -0.675938606
vn 0.587425888 0.534072399 -0.608027577
vn 0.588269413 0.533689618 -0.607547939
vn 0.574702859 0.619679809 -0.534521878
vn 0.575455546 0.619306982 -0.534143925
vn 0.562304974 0.685186565 -0.462960631
vn 0.56295085 0.684848547 -0.46267575
vn 0.760665655 0.0493612438 -0.647264421
vn 0.761296988 0.0492205434 -0.646532476
vn 0.757914364 0.15633972 -0.633343279
vn 0.758673728 0.156072378 -0.632499456
vn 0.752210021 0.26818651 -0.601877153
vn 0.753041506 0.26778692 -0.601014674
vn 0.743697643 0.374828398 -0.553549886
vn 0.744572341 0.374307752 -0.552725732
vn 0.733289957 0.46766898 -0.493529707
vn 0.734140158 0.467084855 -0.492818356
vn 0.722180426 0.542522907 -0.429097116
vn 0.722938716 0.541951418 -0.428542078
vn 0.7113536 0.59977448 -0.366396904
vn 0.712009966 0.599250317 -0.365979373
vn 0.87324667 0.0405134484 -0.485591352
vn 0.873732924 0.0403591916 -0.484728724
vn 0.871007204 0.128125846 -0.474268109
vn 0.871593595 0.12781699 -0.473273098
vn 0.86634028 0.219721004 -0.448527783
vn 0.866983116 0.219249949 -0.44751507
vn 0.859362781 0.307034731 -0.408931881
vn 0.860045791 0.306410909 -0.407962769
vn 0.850829959 0.382998586 -0.359722733
vn 0.851498663 0.382293612 -0.358889431
vn 0.841723979 0.44419682 -0.30690372
vn 0.842327297 0.443501025 -0.306254148
vn 0.832856774 0.490974396 -0.255526394
vn 0.833380461 0.490336806 -0.255042791
vn 0.951947987 0.0300390068 -0.304783046
vn 0.952213585 0.0298978575 -0.303966105
vn 0.950326562 0.0948297307 -0.296456993
vn 0.950649142 0.0945373029 -0.295514584
vn 0.94689101 0.162560344 -0.277437568
vn 0.947249413 0.162107065 -0.276477635
vn 0.941726148 0.22710906 -0.248139858
vn 0.942111969 0.226505533 -0.247225255
vn 0.935391426 0.283231348 -0.211714223
vn 0.935776711 0.282544255 -0.210928127
vn 0.928628683 0.32840541 -0.17262274
vn 0.928978562 0.327732146 -0.172018945
vn 0.922044396 0.362920612 -0.134620845
vn 0.922353148 0.36230132 -0.134173125
vn 0.918029487 0.380996883 -0.109832823
vn 0.823174357 0.530841947 -0.201471686
vn 0.892422259 0.421240568 -0.161675185
vn 0.703162313 0.636320353 -0.317268252
vn 0.723327219 0.616360247 -0.311284065
vn 0.556012869 0.715521276 -0.42294094
vn 0.509221613 0.746280074 -0.428671628
vn 0.386602849 0.768591344 -0.509711325
vn 0.285421759 0.811372578 -0.510106862
vn 0.201781571 0.796867251 -0.569461823
vn 0.993538678 0.0183262415 -0.112004653
vn 0.993605316 0.0182271395 -0.111428306
vn 0.99258548 0.0577359386 -0.106960863
vn 0.992669463 0.0575254411 -0.106292613
vn 0.990511298 0.0989290997 -0.0953962132
vn 0.990610182 0.0985973179 -0.0947104767
vn 0.987366259 0.138173863 -0.0775617883
vn 0.987478018 0.137735069 -0.076917015
vn 0.983489454 0.172279194 -0.0553925149
vn 0.983607531 0.171780393 -0.0548425242
vn 0.979344428 0.199713394 -0.0316081382
vn 0.97945863 0.199219361 -0.0311838854
vn 0.975313842 0.220659941 -0.0084915692
vn 0.975418031 0.220210701 -0.00818284787
vn 0.971914172 0.235070631 0.0111654364
vn 0.966629028 0.256180257 -3.34190154e-05
vn -0.0438976623 -0.221197888 0.974240482
vn -0.0218237732 -0.214386255 0.976505101
vn -0.0198248569 -0.214696258 0.97647965
vn 0.295681596 -0.192697793 0.935649455
vn 0.271012306 -0.196540549 0.94229728
vn 0.576161981 -0.152325809 0.803015709
vn 0.546434402 -0.159776405 0.822119772
vn 0.800248027 -0.0973163545 0.591720104
vn 0.765317202 -0.111292087 0.633958697
vn 0.916048706 -0.0501599386 0.397917986
vn 0.946109235 -0.0356069431 0.321884215
vn 0.976227403 -0.00962633453 0.216535062
vn 0.933989286 -0.0453054532 0.354417056
vn 0.0295230206 -0.226556659 0.973550439
vn 0.338182777 -0.192353517 0.921212554
vn 0.296037644 -0.202003375 0.933571815
vn 0.51664722 -0.1713157 0.838884115
vn 0.576309323 -0.156216145 0.80216217
vn 0.730136156 -0.130822852 0.670661271
vn 0.800362349 -0.10032887 0.59106195
vn 0.937463284 -0.045586966 0.345086187
vn 0.946064234 -0.0343952738 0.322148174
vn 0.946046472 -0.0339355692 0.322248995
vn 0.946046054 -0.0339357182 0.322250217
vn 0.800292134 -0.0984858721 0.591466844
vn 0.800293744 -0.0984856337 0.591464758
vn 0.576201975 -0.153395057 0.80278343
vn 0.576203585 -0.153394952 0.802782297
vn 0.295710742 -0.193288967 0.935518324
vn 0.295704484 -0.193288967 0.935520291
vn -0.013315036 -0.214247808 0.976688564
vn -0.014094634 -0.214116454 0.976706445
vn 0.516188443 -3.6571916e-07 0.856475055
vn 0.527772248 -2.67668629e-14 0.849385917
vn 0.537187874 0.00483679539 0.843448758
vn 0.539256632 -2.68547662e-14 0.842141449
vn -0.782077432 0.0213172529 0.622816563
vn -0.735720217 1.28757463e-07 0.677285612
vn -0.749693334 0.0124868741 0.661667585
vn -0.715962052 9.60205e-08 0.698139191
vn -0.743429244 -0.0044597229 0.668799698
vn -0.85493499 0.00595822511 0.518700898
vn -0.860292315 7.21681219e-15 0.50980103
vn -0.952248812 1.29663389e-14 0.305323094
vn -0.997173131 1.8279735e-14 0.0751378015
vn -0.987249911 2.25876463e-14 -0.159178093
vn -0.923025429 2.56531839e-14 -0.384739012
vn -0.808032215 2.7307734e-14 -0.589138329
vn -0.684228003 2.75525655e-14 -0.729268193
vn -0.684228182 8.78960691e-08 -0.729268014
vn -0.174009219 2.8529696e-06 0.984744012
vn -0.174009189 4.47074581e-06 0.984744012
vn -0.174009398 6.15236695e-06 0.984744012
vn -0.99347353 1.42190947e-06 -0.114063099
vn -0.99192363 0.0008435864 -0.126833722
vn -0.997978449 -0.00180113991 0.0635277107
vn -0.998714268 2.30189949e-06 0.0506937876
vn -0.954189301 3.52909092e-06 0.299203604
vn -0.958374798 0.00190342532 0.285506755
vn -0.867187083 -0.0016736429 0.497979671
vn -0.340244919 -0.000774796528 0.940336525
vn -0.874224067 4.34872618e-06 0.485522717
vn -0.672626734 5.29272029e-06 0.739981949
vn -0.723576665 -0.016619863 0.690043867
vn -0.350019276 0.0178826656 0.936571777
vn -0.406831115 6.29253691e-06 0.913503408
vn 0.973548472 -0.0293670539 0.226585478
vn 0.933855891 -0.0477795303 0.35444364
vn 0.278091013 -0.434321374 0.856755674
vn 0.482614398 -0.307218075 0.820183158
vn 0.41575858 -0.43604359 0.798129559
vn 0.682500482 -0.279762238 0.675223112
vn 0.733154774 -0.208948582 0.64716655
vn 0.800884366 -0.224235907 0.555249989
vn 0.917098224 -0.116297804 0.381320894
vn 0.161145255 -0.456357062 0.875083089
vn 0.0308377724 -0.431386024 0.901640236
vn -0.0273051094 -0.475897193 0.879076958
vn 0.572734654 -0.795264482 0.198819965
vn 0.957410693 -0.173448488 0.230825469
vn 0.6868819 -0.324740469 0.650182188
vn -0.0213178433 -0.535669267 0.844158709
vn -0.00182917598 -0.537226439 0.843436062
vn 0.164881498 -0.494895399 0.853166223
vn 0.28168866 -0.471865445 0.835460663
vn 0.973899961 -0.0329992175 0.224566117
vn 0.955434203 -0.169401899 0.241761148
vn 0.955379725 -0.169660628 0.241795048
vn 0.953952193 -0.164722726 0.250682354
vn 0.953023136 -0.162138492 0.255847573
vn 0.955233693 -0.148760781 0.25573194
vn 0.951260388 -0.15571025 0.266191661
vn 0.950146317 -0.151341602 0.272612691
vn 0.948648095 -0.149929926 0.278545916
vn 0.951352715 -0.134105831 0.277387112
vn 0.947187364 -0.139380395 0.288806558
vn 0.946006179 -0.132911503 0.295646489
vn 0.944336295 -0.130902588 0.30181703
vn 0.947517633 -0.114788204 0.298385739
vn 0.943454623 -0.117795609 0.309867084
vn 0.942404568 -0.109818652 0.31593281
vn 0.94084233 -0.108563811 0.320982218
vn 0.939755857 -0.113816954 0.322342455
vn 0.918149948 -0.12717329 0.375270069
vn 0.966328681 -0.156858623 0.203971282
vn 0.956634939 -0.184821829 0.225145459
vn 0.958478689 -0.175364822 0.224868417
vn 0.960696518 -0.178690672 0.212442607
vn 0.959391057 -0.187217429 0.21099405
vn 0.962091148 -0.180294305 0.204632923
vn 0.962500632 -0.180694088 0.202341646
vn 0.981607199 -0.0608851537 0.180942863
vn 0.856726527 -0.470659286 0.210949153
vn 0.906219006 -0.36949721 0.205521151
vn 0.939714193 -0.277292699 0.20011507
vn 0.747614503 -0.630235076 0.209466755
vn 0.813031614 -0.537729681 0.223218367
vn 0.806330204 -0.531184137 0.260144174
vn 0.806285143 -0.531259775 0.260129422
vn 0.798267543 -0.519154608 0.305364341
vn 0.798249125 -0.519184887 0.305361092
vn 0.789384961 -0.500775278 0.355099201
vn 0.78933543 -0.500853777 0.355098695
vn 0.782182157 -0.48008129 0.397130966
vn 0.782174349 -0.480095983 0.397128642
vn 0.776651502 -0.461947501 0.428272098
vn 0.776640594 -0.461967438 0.42827031
vn 0.770778358 -0.439437449 0.461297601
vn 0.770762742 -0.439465165 0.461297244
vn 0.764848173 -0.412672043 0.494680792
vn 0.764847875 -0.41267246 0.494680822
vn 0.759037018 -0.381548673 0.527525723
vn 0.758981645 -0.381639928 0.527539432
vn 0.753771067 -0.348692238 0.556994498
vn 0.75373584 -0.34874776 0.557007432
vn 0.749305487 -0.315635055 0.582164764
vn 0.749366641 -0.315543324 0.582135797
vn 0.74827522 -0.304874927 0.589182079
vn 0.802599013 -0.242647663 0.544937551
vn 0.165061861 -0.97484237 0.149789765
vn 0.161087349 -0.975752831 0.148179978
vn 0.15053077 -0.966234148 0.209122002
vn 0.198444098 -0.945656896 0.257590711
vn 0.149196059 -0.959508657 0.238922
vn 0.137567252 -0.942280769 0.305257529
vn 0.177269056 -0.9288463 0.325300157
vn 0.130167931 -0.928643882 0.347385675
vn 0.118847586 -0.90423125 0.410172075
vn 0.119483232 -0.904052854 0.410380572
vn 0.105165869 -0.867463171 0.486258984
vn 0.105451204 -0.867343485 0.486410618
vn 0.0955051109 -0.834534585 0.542614758
vn 0.0955740362 -0.834504426 0.542649031
vn 0.0897998065 -0.812517285 0.575978875
vn 0.0951900035 -0.792145491 0.60286355
vn 0.0849565044 -0.790648818 0.606347144
vn 0.0735957548 -0.738796175 0.669898391
vn 0.0477341339 -0.748936474 0.660920262
vn 0.083996959 -0.679746509 0.728621423
vn 0.0655827597 -0.68886131 0.721920371
vn 0.0546924509 -0.619745493 0.78289479
vn 0.0189502444 -0.633578539 0.773446262
vn 0.0670406446 -0.567619264 0.820557058
vn 0.397150517 -0.899812877 0.180577576
vn 0.524610817 -0.826329887 0.204847366
vn 0.512778282 -0.814603925 0.271069854
vn 0.512714982 -0.814651072 0.271047831
vn 0.5004251 -0.796063066 0.340379655
vn 0.500395179 -0.796085417 0.340371281
vn 0.486807227 -0.767761767 0.416606039
vn 0.486734241 -0.767815888 0.416591525
vn 0.475745618 -0.736301661 0.481171429
vn 0.47573334 -0.736312985 0.481166333
vn 0.467264682 -0.708456576 0.528916836
vn 0.46724689 -0.708472908 0.528910637
vn 0.458260149 -0.673894823 0.579537272
vn 0.458241165 -0.673912168 0.579532087
vn 0.449175328 -0.632821023 0.63069725
vn 0.449173391 -0.632822812 0.630696893
vn 0.440257013 -0.585056901 0.681088984
vn 0.440179348 -0.585126221 0.681079626
vn 0.432194799 -0.534633696 0.726205528
vn 0.432145625 -0.53467679 0.726203084
vn 0.425360262 -0.483995318 0.764733434
vn 0.42544651 -0.483921438 0.764732182
vn 0.421911061 -0.451496542 0.786220014
vn 0.493425936 -0.399935365 0.772387564
vn 0.984743297 -1.17063699e-07 0.174013346
vn 0.984743297 1.35695643e-07 0.174013466
vn 0.984743357 6.199285e-08 0.174013123
vn 0.984743237 1.01743645e-08 0.174013674
vn 0.984743297 -1.93809271e-08 0.174013332
vn 0.984743297 -2.9638727e-07 0.174013317
vn 0.984743357 -7.10747997e-07 0.174013153
vn 0.984743357 2.17973124e-07 0.174013123
vn 0.984743237 9.42046825e-07 0.174013615
vn 0.984743297 4.42536418e-07 0.174013212
vn 0.984743297 5.09763645e-08 0.174013317
vn 0.984743297 -2.90353235e-08 0.174013287
vn 0.984743297 -1.92003e-08 0.174013242
vn 0.984743297 -1.88558403e-07 0.174013436
vn 0.984743476 -5.43649037e-07 0.174012437
vn 0.984743297 2.98175337e-07 0.174013451
vn 0.984743297 2.96915971e-07 0.174013436
vn 0.984743297 7.11122112e-08 0.174013391
vn 0.984744132 -3.21686571e-06 0.174008593
vn 0.984743357 -4.77188337e-07 0.174012974
vn 0.984743237 4.34132829e-07 0.17401351
vn 0.984745324 -7.95551387e-06 0.174001917
vn 0.984743357 -4.02536699e-07 0.174013004
vn 0.984743178 1.02992078e-06 0.174013898
vn 0.984743237 5.21003756e-07 0.17401351
vn 0.984743297 -2.24702418e-07 0.174013361
vn 0.984743059 2.13656222e-06 0.174014732
vn 0.984743297 -2.91319893e-08 0.174013302
vn 0.984745741 1.76229548e-06 0.173999533
vn 0.984743297 1.07550797e-07 0.174013317
vn 0.984743297 2.5526854e-09 0.174013391
vn 0.984743297 4.60387525e-07 0.174013332
vn 0.984743237 -1.24590009e-08 0.174013615
vn 0.984743297 1.67680057e-07 0.174013183
vn 0.984743237 -6.93920242e-07 0.174013644
vn 0.984743297 -6.21933722e-08 0.174013406
vn 0.984743297 -2.80906107e-08 0.174013376
vn 0.984743297 5.75952122e-08 0.174013332
vn 0.984743297 -2.06010299e-07 0.174013242
vn 0.984743297 -1.68916898e-07 0.174013361
vn 0.984743357 -9.06783058e-08 0.174012974
vn 0.984743237 1.05297708e-07 0.174013555
vn 0.984743237 1.10079377e-07 0.17401354
vn 0.984743297 3.17725721e-08 0.174013197
vn 0.984743297 2.56340194e-08 0.174013212
vn -0.165866762 -0.302387923 0.938642502
vn -0.16463539 -0.291872472 0.942181349
vn -0.162223011 -0.361829489 0.918021321
vn -0.159456313 -0.400389612 0.902364612
vn -0.158713832 -0.39339754 0.905565202
vn -0.15788877 -0.430702209 0.888575673
vn -0.157310337 -0.427503526 0.890221417
vn -0.155554488 -0.448219776 0.880285084
vn -0.156063482 -0.455194384 0.876608372
vn -0.152682796 -0.47972545 0.86403209
vn 0.1736058 -0.068179816 -0.982452333
vn 0.115402415 -0.748471498 -0.653048754
vn 0.131611899 -0.654118001 -0.744854271
vn 0.128477067 -0.696833551 -0.705632091
vn 0.128383726 -0.697097242 -0.705388546
vn 0.119251944 -0.73099941 -0.671877146
vn 0.109319814 -0.778042138 -0.61862725
vn 0.10941112 -0.776578605 -0.620447338
vn 0.0979166552 -0.827750623 -0.55248642
vn 0.0979793742 -0.825779617 -0.555417061
vn 0.0841691419 -0.875714183 -0.475436866
vn 0.0833249092 -0.889839053 -0.448601604
vn 0.0719571859 -0.910489321 -0.407224
vn 0.0645278916 -0.928697228 -0.365181595
vn 0.0624861643 -0.934759438 -0.349743187
vn 0.053028129 -0.949971259 -0.307802856
vn 0.0500473715 -0.960113049 -0.275096804
vn 0.0434701182 -0.968290806 -0.24601467
vn 0.0178362001 -0.994737566 -0.100891121
vn 0.0284479819 -0.988904893 -0.14580065
vn 0.0309197325 -0.987616181 -0.153812498
vn 0.0353178829 -0.979286551 -0.199375227
vn 0.0402966812 -0.972813725 -0.228056177
vn 0.00690516969 -0.999200702 -0.0393731855
vn 0.00499126129 -0.999982953 -0.003021579
vn -0.006200023 -0.999364555 0.0351011306
vn 0.174666539 -0.161802739 -0.971242249
vn 0.172732532 -0.146145567 -0.974066198
vn 0.173150167 -0.0711310282 -0.982323468
vn 0.169927791 -0.282800466 -0.944006562
vn 0.168913856 -0.240188032 -0.955917239
vn 0.170438513 -0.201501772 -0.964545369
vn 0.16172494 -0.418134749 -0.893872678
vn 0.160434276 -0.379652798 -0.911111712
vn 0.166807413 -0.298719883 -0.939649761
vn 0.135116398 -0.630078137 -0.764686286
vn 0.137638882 -0.612951756 -0.778039634
vn 0.142635718 -0.586916029 -0.796984673
vn 0.143424273 -0.555245817 -0.819226205
vn 0.149819091 -0.513929546 -0.844648242
vn 0.150785372 -0.499348968 -0.853178978
vn 0.155053675 -0.454141647 -0.877333283
vn -0.0154880164 -0.996029854 0.087661989
vn -0.0188700948 -0.992655873 0.119491428
vn -0.0269488003 -0.988936067 0.145874158
vn -0.0316334367 -0.983135045 0.180124581
vn -0.0394778959 -0.974810183 0.219514593
vn -0.0395726971 -0.974187553 0.222244561
vn -0.0491280742 -0.958879888 0.279527873
vn -0.0490224808 -0.959497631 0.277418613
vn -0.0554285385 -0.947912693 0.313670546
vn -0.0563222654 -0.945619702 0.320361078
vn -0.0639183447 -0.931965888 0.356867045
vn -0.065424487 -0.920717955 0.384705156
vn -0.080837667 -0.883241832 0.461897284
vn -0.079328306 -0.890043855 0.448919713
vn -0.0729812086 -0.907801509 0.413001448
vn -0.113129638 -0.752361536 0.64896363
vn -0.111886352 -0.765589952 0.633524597
vn -0.103265449 -0.805187345 0.583960235
vn -0.103634417 -0.801142931 0.589431822
vn -0.0979015082 -0.827374876 0.553051591
vn -0.0977737233 -0.827997088 0.552142322
vn -0.09121456 -0.849763155 0.519213319
vn -0.0903733298 -0.855992496 0.509028018
vn -0.0832449943 -0.877453446 0.472383022
vn -0.146463603 -0.539966047 0.82884562
vn -0.145655513 -0.529708564 0.835579634
vn -0.141853809 -0.579194248 0.802752435
vn -0.134960338 -0.631255507 0.763742208
vn -0.134624436 -0.618550122 0.774126589
vn -0.12698184 -0.695172966 0.707538128
vn -0.127079993 -0.68418771 0.718148887
vn -0.118227966 -0.733348429 0.669494033
vn 0.984743178 -5.54126473e-07 0.174014047
vn 0.984743297 2.759732e-08 0.174013346
vn 0.984743297 -9.97206598e-07 0.174013317
vn 0.984743297 -3.77066556e-08 0.174013481
vn 0.984743118 -6.34387334e-07 0.174014345
vn 0.984743357 6.13028533e-07 0.174012914
vn 0.984743178 -3.98077674e-07 0.174014077
vn 0.984743237 -2.28232452e-14 0.174013734
vn 0.984743178 -1.77694019e-07 0.174013898
vn 0.984743237 -4.10516279e-08 0.174013808
vn 0.984743178 -6.28122052e-07 0.174013913
vn 0.984743357 -8.86739485e-07 0.174013048
vn 0.984743297 -9.1144318e-07 0.174013346
vn 0.984743357 -1.07062158e-06 0.174013153
vn 0.98474437 -3.62185051e-06 0.174007416
vn 0.984743357 1.32830019e-06 0.174012884
vn 0.984741867 4.58892282e-06 0.174021453
vn 0.984743297 -9.99233521e-07 0.174013227
vn 0.984744549 -2.3355567e-06 0.174006402
vn 0.984743416 9.27418228e-07 0.174012497
vn 0.984743476 7.39160271e-07 0.174012318
vn 0.984743536 2.77045331e-07 0.17401208
vn 0.984743416 6.95892481e-07 0.174012631
vn 0.984743416 7.10118968e-07 0.174012646
vn 0.984743476 1.47781094e-08 0.174012393
vn 0.984743416 2.59666166e-07 0.174012646
vn 0.984743416 3.20032882e-07 0.174012691
vn 0.984743476 -8.06271032e-07 0.174012408
vn 0.984743297 9.35353128e-08 0.174013183
vn 0.984743237 4.38568492e-07 0.174013615
vn 0.984743237 3.36248559e-06 0.174013719
vn 0.984743297 -1.08049665e-06 0.174013406
vn 0.984743297 -3.1809833e-07 0.174013287
vn 0.984743297 -8.72291764e-07 0.174013227
vn 0.984743357 -1.94811122e-07 0.174013108
vn 0.984743357 2.47808596e-09 0.174013138
vn -0.984743178 -1.68236198e-07 -0.174013853
vn -0.984743297 -4.50634943e-08 -0.174013436
vn -0.984743297 1.89207334e-08 -0.174013287
vn -0.984743357 2.02370121e-08 -0.174012959
vn -0.984743297 -1.21321495e-08 -0.174013436
vn -0.984743297 7.28233918e-09 -0.174013451
vn -0.984743237 7.2853692e-09 -0.174013823
vn -0.984743357 4.12770866e-08 -0.174012959
vn -0.984743297 4.97278929e-09 -0.174013481
vn -0.984743357 8.73255246e-08 -0.174013048
vn -0.984743297 -1.98593728e-08 -0.174013406
vn -0.984743416 2.85720212e-08 -0.17401275
vn -0.984743357 2.85733854e-08 -0.174012914
vn -0.984743297 2.33251907e-09 -0.174013197
vn -0.984743297 6.2216337e-08 -0.174013197
vn -0.984743118 -4.97162148e-07 -0.174014226
vn -0.984743297 6.21737044e-08 -0.174013287
vn -0.984743297 1.04995948e-07 -0.174013212
vn -0.984742701 8.60545526e-07 -0.174016804
vn -0.984743297 -1.89939925e-07 -0.174013242
vn -0.984743059 8.41903756e-08 -0.174014658
vn -0.984743118 -6.75094498e-07 -0.17401436
vn -0.984743416 2.14368782e-07 -0.174012646
vn -0.984743297 -2.37915589e-08 -0.174013421
vn -0.984743357 1.32341398e-07 -0.174013123
vn -0.984743297 7.99239501e-08 -0.174013197
vn -0.984743178 -3.16653143e-07 -0.174013972
vn -0.984743357 -7.09490635e-08 -0.174013048
vn -0.984743178 -7.09405299e-08 -0.174014077
vn -0.984743416 6.70993643e-08 -0.174012631
vn 0.0776462629 -0.894928753 -0.439401329
vn 0.0827271417 0.879766643 -0.468152612
vn 0.0815533474 -0.871169209 -0.48416242
vn 0.0911455303 -0.879726946 -0.466661483
vn 0.0892590955 -0.823932588 -0.559614062
vn 0.0729852319 -0.808697939 -0.583678663
vn 0.110034674 -0.774697721 -0.62268436
vn 0.133634344 -0.640504241 -0.756238163
vn 0.0981948376 -0.684294522 -0.722563982
vn 0.115791194 -0.702942073 -0.701758385
vn 0.11635232 -0.743588924 -0.658435762
vn 0.152191535 -0.484852403 -0.861252487
vn 0.118392885 -0.535632491 -0.836110592
vn 0.13381809 -0.55372566 -0.821876287
vn 0.138928145 -0.602158666 -0.786195874
vn 0.167718813 -0.266537398 -0.949119687
vn 0.16526264 -0.313131541 -0.935220242
vn 0.133058578 -0.367987931 -0.920261025
vn 0.149618745 -0.388870209 -0.909062266
vn 0.156081334 -0.442133069 -0.883264959
vn 0.159917146 -0.210826576 -0.964354038
vn 0.141934037 -0.187306449 -0.971993327
vn 0.172518834 -0.130778402 -0.976285934
vn 0.173369378 -0.0859503821 -0.981099188
vn 0.164373234 7.86803594e-06 -0.98639822
vn 0.130934194 -0.0282486677 -0.990988493
vn 0.142256334 0.18732436 -0.971942782
vn 0.139232904 0.190827325 -0.971699119
vn 0.165143341 0.14590849 -0.975417018
vn 0.173034936 0.107229717 -0.979061127
vn 0.173746273 0.0579063594 -0.983086526
vn 0.161228031 0.368158728 -0.91567719
vn 0.0985342935 0.409838974 -0.906820238
vn 0.151976377 0.340519607 -0.927873671
vn 0.164053261 0.303212255 -0.938695312
vn 0.16675289 0.285841256 -0.943656862
vn 0.168718204 0.24481006 -0.954778612
vn 0.0962660983 0.684265733 -0.72285074
vn 0.132271141 0.649613678 -0.748669744
vn 0.1467859 0.535869837 -0.831442952
vn 0.0816299319 0.57366693 -0.815010905
vn 0.151385084 0.495054156 -0.855572283
vn 0.0823014006 0.88006258 -0.467671126
vn 0.0957646593 0.83643502 -0.539634705
vn 0.0717102662 0.808675706 -0.58386749
vn 0.108440243 0.780983508 -0.615065455
vn 0.121170133 0.718391001 -0.685005188
vn 0.0394049995 0.974023342 -0.222992763
vn 0.039405033 0.974023402 -0.222992569
vn -1.38470045e-06 1 7.83600171e-06
vn -1.38469613e-06 1 7.83600353e-06
vn -0.0394076593 0.974019706 0.223008171
vn -0.165059716 -0.316625178 0.934079111
vn -0.170929566 -0.187403113 0.967296839
vn -0.170929536 -0.187403142 0.967296839
vn -0.173819095 -0.0471343994 0.983648956
vn -0.204442367 -8.20237619e-06 0.978878617
vn -0.180653811 0.0366634279 0.982863188
vn -0.191190109 -0.367562592 0.910134077
vn -0.191501588 -0.367990911 0.909895539
vn -0.156364039 -0.420260429 0.893829644
vn -0.152593195 -0.499875128 0.852549195
vn -0.176609904 -0.535625339 0.825781107
vn -0.142826408 -0.576062262 0.804830968
vn -0.133523867 -0.684579015 0.716605127
vn -0.169167012 -0.708904028 0.684717178
vn -0.13273932 -0.643093169 0.754195929
vn -0.14316538 -0.828764498 0.5409742
vn -0.109699622 -0.776266336 0.620787084
vn -0.115829527 -0.746279359 0.655477405
vn -0.108738497 -0.809046209 0.577598631
vn -0.0794724822 -0.879762053 0.468724728
vn -0.0836222097 -0.876966894 0.473219216
vn -0.0840580836 0.875590026 0.475685179
vn -0.0770731047 0.87974453 0.469158113
vn -0.104800589 0.826027989 0.553800166
vn -0.13167046 0.808692992 0.573304951
vn -0.110001937 0.774854541 0.622494996
vn -0.116250977 0.744115531 0.657858491
vn -0.130377859 0.705307782 0.696808815
vn -0.156144664 0.684278429 0.712307453
vn -0.13336575 0.642445385 0.754637301
vn -0.155825883 0.445281684 0.88172704
vn -0.151982814 0.48717308 0.859978855
vn -0.176111981 0.535620689 0.825890422
vn -0.151582152 0.559379041 0.814934313
vn -0.138498276 0.605524659 0.783682406
vn -0.167589366 0.39358598 0.903882682
vn -0.190909579 0.367981672 0.91002363
vn -0.16518195 0.31452021 0.934768379
vn -0.17341724 0.0837884396 0.981277704
vn -0.172534272 0.130796075 0.976280868
vn -0.199939847 0.187306419 0.961738169
vn -0.177934498 0.213669926 0.960564673
vn -0.167581677 0.269353807 0.948348522
vn -0.33302477 2.47127012e-14 -0.942918062
vn -0.621145189 2.7351031e-14 -0.783695519
vn -0.841955304 2.70254569e-14 -0.539547265
vn -0.971526623 2.37712529e-14 -0.236930445
vn -0.9958179 1.79410828e-14 0.0913604572
vn -0.912196338 1.01666654e-14 0.409753323
vn -0.729725838 1.29062463e-15 0.683739901
vn -0.468175352 -7.72538856e-15 0.883635581
vn -0.155894414 -1.59041261e-14 0.987773716
vn 0.173283577 -2.23594895e-14 0.984871984
vn 0.483681113 -2.63918085e-14 0.875244319
vn 0.741665602 -2.75641834e-14 0.670769811
vn 0.919278502 -2.57495509e-14 0.393607676
vn 0.997273743 -2.11445461e-14 0.073791191
vn 0.967198431 -1.42481919e-14 -0.254021943
vn 0.832312703 -5.80786055e-15 -0.554306388
vn 0.607232571 3.26186988e-15 -0.794524133
vn 0.316349983 1.19781072e-14 -0.948642552
vn -0.00881494023 1.93963548e-14 -0.999961138
vn 0.984743297 1.11832868e-07 0.174013302
vn 0.984743297 1.29865398e-07 0.174013317
vn 0.984743357 -1.83754125e-07 0.174013063
vn 0.984743297 1.11767285e-07 0.174013168
vn 0.984743237 5.52501888e-07 0.17401363
vn 0.984743297 2.90911935e-08 0.174013272
vn 0.984743297 1.29976661e-08 0.174013361
vn 0.984743297 1.23368011e-07 0.174013212
vn 0.984743237 1.13460423e-08 0.174013555
vn 0.984743237 -7.75671793e-08 0.174013644
vn 0.984743357 -7.9824197e-08 0.174013153
vn 0.984743297 -3.38875523e-08 0.174013212
vn 0.984743237 -2.91106317e-09 0.174013525
vn 0.984743237 9.40840721e-08 0.174013734
vn 0.984743357 1.15322713e-07 0.174013108
vn 0.984743297 -2.86043303e-07 0.174013242
vn 0.984743297 3.99332123e-08 0.174013332
vn 0.984743237 2.28296841e-07 0.174013495
vn 0.984743297 -2.97695362e-08 0.174013391
vn 0.984743297 -1.58370455e-08 0.174013406
vn 0.984743297 1.15464104e-07 0.174013242
vn 0.984743297 -1.4148759e-07 0.174013421
vn 0.984743297 1.04103549e-07 0.174013376
vn 0.984743297 1.71057522e-07 0.174013346
vn 0.984743297 3.94849131e-08 0.174013346
vn 0.984743297 -8.89023255e-09 0.174013361
vn 0.984743297 -1.2999071e-07 0.174013346
vn 0.984743297 -1.50724091e-07 0.174013436
vn 0.984743297 -1.05442965e-07 0.174013257
vn 0.984743357 -1.21470212e-08 0.174013153
vn 0.984743297 -1.4693893e-07 0.174013481
vn 0.984743297 1.10793565e-07 0.174013242
vn 0.984743357 -3.19411811e-07 0.174013153
vn 0.984743297 -1.39190291e-07 0.174013391
vn 0.984743297 -1.43472221e-07 0.174013361
vn 0.984743237 -3.57867478e-08 0.17401357
vn 0.984743297 -4.8522768e-08 0.174013197
vn 0.984743357 -1.04412933e-07 0.174013034
vn 0.984743297 -1.45453654e-07 0.174013436
vn 0.984743297 1.47260295e-07 0.174013212
vn 0.984743297 -1.90662007e-07 0.174013466
vn 0.984743297 2.81271952e-07 0.174013376
vn 0.984743297 5.92044785e-07 0.174013197
vn 0.984743297 -5.71876853e-07 0.174013272
vn 0.984743297 -3.20983332e-07 0.174013212
vn 0.984743297 1.72468745e-07 0.174013212
vn 0.984743297 -1.11613616e-07 0.174013257
vn 0.984743297 4.72704258e-08 0.174013272
vn 0.437036425 0.111611664 -0.892491996
vn 0.171563879 0.167183429 -0.970883906
vn 0.163518921 0.342016876 -0.925357223
vn 0.163519487 0.342016906 -0.925357103
vn 0.145386517 0.549506426 -0.822742641
vn 0.145383939 0.549506187 -0.822743237
vn 0.119413659 0.727371335 -0.675774574
vn 0.119414844 0.727371454 -0.675774276
vn 0.0870066211 0.866023719 -0.492374629
vn 0.0870078132 0.866023779 -0.492374301
vn 0.0499085188 0.95798856 -0.282430649
vn 0.0499069169 0.957988501 -0.282431096
vn 0.0101182237 0.998308003 -0.0572606251
vn 0.0101187052 0.998308003 -0.0572604872
vn -0.0302171949 0.984808385 0.17099534
vn -0.0302173067 0.984808385 0.17099531
vn -0.068924509 0.918217361 0.390033662
vn -0.0689214841 0.918217242 0.390034497
vn -0.103911236 0.802125275 0.588045478
vn -0.103912011 0.802125335 0.588045299
vn -0.13330029 0.642789662 0.754355669
vn -0.13330327 0.6427899 0.754354954
vn -0.155505687 0.448802024 0.879997015
vn -0.155508012 0.448802263 0.879996479
vn -0.169327319 0.230618834 0.958197892
vn -0.169323608 0.230618462 0.958198667
vn -0.173719838 0.0581486709 0.98307687
vn -0.112492912 0.0703921765 0.991156042
vn -0.174003899 0.0124028912 0.984666824
vn -0.173713297 -0.0581414811 0.98307848
vn -0.173721209 -0.0581430942 0.98307699
vn -0.169325128 -0.230612323 0.958199859
vn -0.169317544 -0.230613083 0.958200991
vn -0.155499354 -0.448795974 0.880001187
vn -0.155498177 -0.448796093 0.880001366
vn -0.133296981 -0.642785907 0.754359424
vn -0.133304015 -0.64278537 0.754358649
vn -0.103915386 -0.802121162 0.588050365
vn -0.103916183 -0.802121103 0.588050306
vn -0.0689252242 -0.9182145 0.390040308
vn -0.0689246953 -0.9182145 0.390040338
vn -0.0302179791 -0.984807253 0.171001568
vn -0.0302178618 -0.984807253 0.171001568
vn 0.0101175513 -0.998308361 -0.0572547838
vn 0.0101175709 -0.998308361 -0.0572547838
vn 0.0499075092 -0.957990587 -0.282423884
vn 0.0499074608 -0.957990587 -0.282423884
vn 0.0870070383 -0.866027117 -0.492368579
vn 0.0870070904 -0.866027117 -0.492368579
vn 0.119416118 -0.727375627 -0.675769567
vn 0.119412892 -0.727375865 -0.675769925
vn 0.145383388 -0.54951179 -0.822739601
vn 0.145387352 -0.549511433 -0.822739124
vn 0.163520679 -0.342023045 -0.92535466
vn 0.163516387 -0.342023462 -0.925355256
vn 0.172834098 -0.11609444 -0.978085101
vn 0.172819883 -0.116095878 -0.978087425
vn 0.173787624 0.0515951328 -0.983430624
vn -0.153038174 -0.475944221 0.866057992
vn -0.117854722 -0.735721469 0.666951418
vn -0.117857739 -0.735721767 0.666950524
vn -0.0699016228 -0.91577208 0.395569503
vn -0.0699014962 -0.91577208 0.395569533
vn -0.0143706724 -0.996584177 0.0813230127
vn 0.0427176468 -0.969401002 -0.241737306
vn 0.0427178033 -0.969401002 -0.241737261
vn 0.0951770619 -0.837168157 -0.538600743
vn 0.0951767117 -0.837168157 -0.538600862
vn 0.13732186 -0.614215553 -0.777098417
vn 0.137322366 -0.614215612 -0.777098298
vn 0.164586797 -0.324702144 -0.931385934
vn 0.172609136 -0.126883537 -0.976783812
vn 0.101512849 -0.0823660493 -0.99141866
vn 0.400311381 0.0802577436 -0.91285789
vn -0.153042108 -0.475944728 0.866056979
vn -0.168643892 -0.246539697 0.954346597
vn -0.44095248 -0.157984629 0.883516729
vn -0.173403323 -0.0836618692 0.981290996
vn -0.171639964 0.16459766 0.971312165
vn -0.153039932 0.475950122 0.866054416
vn -0.153039396 0.475950629 0.866054237
vn -0.117855325 0.735725701 0.66694659
vn -0.117855318 0.73572576 0.66694659
vn -0.0698994324 0.91577512 0.395562887
vn -0.0143693192 0.996584773 0.0813163891
vn -0.0143693211 0.996584773 0.0813163891
vn 0.0427180566 0.969399631 -0.241742685
vn 0.0951763615 0.837165058 -0.53860569
vn 0.0951770768 0.8371647 -0.538606167
vn 0.137321904 0.614209294 -0.777103364
vn 0.137320846 0.614210188 -0.777102828
vn 0.164584428 0.324696362 -0.931388319
vn 0.173886299 0.0381138809 -0.984027863
vn 0.139955416 0.082527183 -0.986712575
vn 0.19428879 -0.126852661 -0.972707689
vn 0.17341806 -0.0825811625 -0.981379926
vn 0.164583802 -0.324702144 -0.931386411
vn 0.164584935 -0.324703306 -0.931385815
vn 0.137320876 -0.614215553 -0.777098596
vn 0.137320042 -0.614214838 -0.777099311
vn 0.095175378 -0.837168157 -0.538601041
vn 0.0951759219 -0.837168515 -0.538600385
vn 0.0427173413 -0.969401002 -0.241737366
vn 0.0427173488 -0.969401002 -0.241737351
vn -0.0143705737 -0.996584177 0.0813230276
vn -0.0143704889 -0.996584177 0.0813231543
vn -0.0699005127 -0.91577208 0.395569682
vn -0.0699009225 -0.915772319 0.395569146
vn -0.117856756 -0.735721469 0.66695106
vn -0.117856383 -0.735721171 0.666951418
vn -0.1530402 -0.475944728 0.866057336
vn -0.153040215 -0.475944728 0.866057336
vn -0.168641791 -0.246539697 0.954346955
vn -0.131245077 -0.164453849 0.977614284
vn 0.984743297 -1.00972841e-06 0.174013212
vn 0.984743297 9.32103262e-07 0.174013212
vn 0.984743237 -3.7544234e-07 0.174013779
vn 0.984743357 3.61976248e-07 0.174012989
vn 0.984743297 -4.90229809e-07 0.174013451
vn 0.984743178 1.66638301e-07 0.174013838
vn 0.984743416 -1.15983283e-07 0.174012735
vn 0.984743297 -1.63624833e-07 0.174013302
vn 0.984743297 3.94849167e-08 0.174013346
vn 0.984743297 5.78613459e-08 0.174013361
vn 0.984743357 -3.74089126e-07 0.174013019
vn 0.984743297 9.96307676e-08 0.174013227
vn 0.984743297 -1.79657079e-07 0.174013451
vn 0.984743297 9.86566135e-08 0.174013346
vn 0.984743297 7.39435357e-09 0.174013332
vn 0.984743297 -3.10555692e-10 0.174013242
vn 0.984743297 -6.14621172e-08 0.174013481
vn 0.984743297 8.17225327e-08 0.174013391
vn 0.984743297 2.40785795e-07 0.174013481
vn 0.984743357 -7.5701287e-08 0.174013138
vn -0.984743297 -2.06795391e-07 -0.174013317
vn -0.984743297 7.21773574e-08 -0.174013317
vn -0.984743297 -2.64285319e-07 -0.174013332
vn -0.984743297 4.91161074e-07 -0.174013391
vn -0.984743297 -3.57051789e-07 -0.174013168
vn -0.984743357 -3.80445329e-07 -0.174012855
vn -0.984743357 -3.39438827e-07 -0.174012884
vn -0.984743237 3.92421214e-07 -0.174013555
vn -0.984743297 1.50162833e-07 -0.174013391
vn 0.984743297 -7.21773574e-08 0.174013317
vn 0.984743297 2.06795391e-07 0.174013317
vn 0.984743536 -1.70890769e-06 0.174011841
vn 0.984743237 4.22137589e-07 0.174013779
vn 0.984743297 1.85029194e-07 0.174013481
vn 0.984743237 2.1048632e-07 0.174013495
vn 0.984743297 1.05643075e-07 0.174013317
vn 0.984743297 -6.9715071e-08 0.174013272
vn 0.984743297 -3.17006993e-07 0.174013168

# Mesh '' with 3624 faces
usemtl DefaultMaterial
f  1//1 2//1 3//1
f  4//2 5//2 6//2
f  7//3 8//3 9//3
f  10//4 11//4 12//4
f  13//5 14//5 15//5
f  16//6 17//6 18//6
f  13//7 15//7 11//7
f  10//8 12//8 8//8
f  6//9 19//9 20//9
f  5//10 21//10 6//10
f  6//11 21//11 22//11
f  6//12 22//12 19//12
f  4//13 6//13 23//13
f  23//14 6//14 24//14
f  23//15 24//15 25//15
f  25//16 24//16 26//16
f  25//17 26//17 27//17
f  27//18 26//18 28//18
f  27//19 28//19 29//19
f  29//20 28//20 30//20
f  30//21 28//21 31//21
f  30//22 31//22 32//22
f  33//23 34//23 35//23
f  35//24 34//24 36//24
f  35//25 36//25 37//25
f  37//26 36//26 38//26
f  37//27 38//27 31//27
f  31//28 38//28 39//28
f  31//29 39//29 32//29
f  40//30 41//30 42//30
f  42//31 41//31 43//31
f  42//32 43//32 33//32
f  33//33 43//33 44//33
f  33//34 44//34 34//34
f  40//35 42//35 45//35
f  45//36 42//36 46//36
f  45//37 46//37 47//37
f  47//38 46//38 48//38
f  47//39 48//39 49//39
f  49//40 48//40 50//40
f  49//41 50//41 51//41
f  52//42 53//42 54//42
f  54//43 53//43 55//43
f  54//44 55//44 50//44
f  50//45 55//45 56//45
f  50//46 56//46 51//46
f  57//47 58//47 59//47
f  59//48 58//48 60//48
f  59//49 60//49 61//49
f  61//50 60//50 62//50
f  61//51 62//51 52//51
f  52//52 62//52 63//52
f  52//53 63//53 53//53
f  57//54 59//54 64//54
f  64//55 59//55 65//55
f  64//56 65//56 66//56
f  66//57 65//57 67//57
f  66//58 67//58 68//58
f  68//59 67//59 69//59
f  68//60 69//60 70//60
f  71//61 72//61 73//61
f  73//62 72//62 74//62
f  73//63 74//63 75//63
f  76//64 77//64 78//64
f  79//65 80//65 81//65
f  81//66 80//66 82//66
f  83//67 84//67 85//67
f  85//68 86//68 83//68
f  83//69 86//69 87//69
f  83//70 87//70 88//70
f  88//71 87//71 89//71
f  88//72 89//72 90//72
f  91//73 92//73 84//73
f  84//74 83//74 91//74
f  91//75 83//75 88//75
f  91//76 88//76 93//76
f  93//77 88//77 90//77
f  93//78 90//78 94//78
f  94//79 90//79 95//79
f  94//80 95//80 96//80
f  96//81 95//81 97//81
f  96//82 97//82 98//82
f  98//83 97//83 99//83
f  98//84 99//84 100//84
f  100//85 99//85 101//85
f  100//86 101//86 102//86
f  102//87 101//87 103//87
f  102//88 103//88 104//88
f  104//89 103//89 105//89
f  104//90 105//90 106//90
f  106//91 105//91 107//91
f  106//92 107//92 108//92
f  108//93 107//93 109//93
f  108//94 109//94 110//94
f  110//95 109//95 111//95
f  110//96 111//96 112//96
f  112//97 111//97 113//97
f  112//98 113//98 114//98
f  114//99 113//99 115//99
f  114//100 115//100 116//100
f  116//101 115//101 117//101
f  116//102 117//102 118//102
f  118//103 117//103 119//103
f  118//104 119//104 120//104
f  120//105 119//105 121//105
f  120//106 121//106 122//106
f  121//107 123//107 122//107
f  122//108 123//108 124//108
f  122//109 124//109 125//109
f  125//110 124//110 126//110
f  125//111 126//111 127//111
f  128//112 129//112 126//112
f  126//113 129//113 130//113
f  126//114 130//114 127//114
f  131//115 132//115 133//115
f  133//116 132//116 134//116
f  133//117 134//117 135//117
f  135//118 134//118 136//118
f  135//119 136//119 137//119
f  137//120 136//120 129//120
f  137//121 129//121 138//121
f  138//122 129//122 128//122
f  139//123 140//123 131//123
f  131//124 140//124 141//124
f  131//125 141//125 132//125
f  132//126 141//126 142//126
f  7//127 9//127 20//127
f  20//128 9//128 143//128
f  20//129 143//129 6//129
f  6//130 143//130 144//130
f  6//131 144//131 24//131
f  24//132 144//132 145//132
f  24//133 145//133 26//133
f  26//134 145//134 146//134
f  26//135 146//135 28//135
f  28//136 146//136 147//136
f  28//137 147//137 31//137
f  31//138 147//138 148//138
f  31//139 148//139 37//139
f  37//140 148//140 149//140
f  37//141 149//141 35//141
f  35//142 149//142 150//142
f  35//143 150//143 33//143
f  33//144 150//144 151//144
f  33//145 151//145 42//145
f  42//146 151//146 152//146
f  42//147 152//147 46//147
f  46//148 152//148 153//148
f  46//149 153//149 48//149
f  48//150 153//150 154//150
f  48//151 154//151 50//151
f  50//152 154//152 155//152
f  50//153 155//153 54//153
f  54//154 155//154 156//154
f  54//155 156//155 52//155
f  52//156 156//156 157//156
f  52//157 157//157 61//157
f  61//158 157//158 158//158
f  61//159 158//159 59//159
f  59//160 158//160 159//160
f  59//161 159//161 65//161
f  65//162 159//162 75//162
f  65//163 75//163 67//163
f  67//164 75//164 74//164
f  67//165 74//165 69//165
f  8//166 12//166 9//166
f  9//167 12//167 160//167
f  9//168 160//168 143//168
f  143//169 160//169 161//169
f  143//170 161//170 144//170
f  144//171 161//171 162//171
f  144//172 162//172 145//172
f  145//173 162//173 163//173
f  145//174 163//174 146//174
f  146//175 163//175 164//175
f  146//176 164//176 147//176
f  147//177 164//177 165//177
f  147//178 165//178 148//178
f  148//179 165//179 166//179
f  148//180 166//180 149//180
f  149//181 166//181 167//181
f  149//182 167//182 150//182
f  150//183 167//183 168//183
f  150//184 168//184 151//184
f  151//185 168//185 169//185
f  151//186 169//186 152//186
f  152//187 169//187 170//187
f  152//188 170//188 153//188
f  153//189 170//189 171//189
f  153//190 171//190 154//190
f  154//191 171//191 172//191
f  154//192 172//192 155//192
f  155//193 172//193 173//193
f  155//194 173//194 156//194
f  156//195 173//195 174//195
f  156//196 174//196 157//196
f  157//197 174//197 175//197
f  157//198 175//198 158//198
f  158//199 175//199 176//199
f  158//200 176//200 159//200
f  159//201 176//201 177//201
f  159//202 177//202 75//202
f  75//203 177//203 76//203
f  75//204 76//204 73//204
f  73//205 76//205 78//205
f  73//206 78//206 71//206
f  11//207 15//207 12//207
f  12//208 15//208 178//208
f  12//209 178//209 160//209
f  160//210 178//210 179//210
f  160//211 179//211 161//211
f  161//212 179//212 180//212
f  161//213 180//213 162//213
f  162//214 180//214 181//214
f  162//215 181//215 163//215
f  163//216 181//216 182//216
f  163//217 182//217 164//217
f  164//218 182//218 183//218
f  164//219 183//219 165//219
f  165//220 183//220 184//220
f  165//221 184//221 166//221
f  166//222 184//222 185//222
f  166//223 185//223 167//223
f  167//224 185//224 186//224
f  167//225 186//225 168//225
f  168//226 186//226 187//226
f  168//227 187//227 169//227
f  169//228 187//228 188//228
f  169//229 188//229 170//229
f  170//230 188//230 189//230
f  170//231 189//231 171//231
f  171//232 189//232 190//232
f  171//233 190//233 172//233
f  172//234 190//234 191//234
f  172//235 191//235 173//235
f  173//236 191//236 192//236
f  173//237 192//237 174//237
f  174//238 192//238 193//238
f  174//239 193//239 175//239
f  175//240 193//240 194//240
f  175//241 194//241 176//241
f  176//242 194//242 195//242
f  176//243 195//243 177//243
f  177//244 195//244 80//244
f  177//245 80//245 76//245
f  76//246 80//246 79//246
f  76//247 79//247 77//247
f  2//248 82//248 3//248
f  3//249 82//249 80//249
f  3//250 80//250 196//250
f  196//251 80//251 195//251
f  196//252 195//252 197//252
f  197//253 195//253 194//253
f  197//254 194//254 198//254
f  198//255 194//255 193//255
f  198//256 193//256 199//256
f  199//257 193//257 192//257
f  199//258 192//258 200//258
f  200//259 192//259 191//259
f  200//260 191//260 201//260
f  201//261 191//261 190//261
f  201//262 190//262 202//262
f  202//263 190//263 189//263
f  202//264 189//264 203//264
f  203//265 189//265 188//265
f  203//266 188//266 204//266
f  204//267 188//267 187//267
f  204//268 187//268 205//268
f  205//269 187//269 186//269
f  205//270 186//270 206//270
f  206//271 186//271 185//271
f  206//272 185//272 207//272
f  207//273 185//273 184//273
f  207//274 184//274 208//274
f  208//275 184//275 183//275
f  208//276 183//276 209//276
f  209//277 183//277 182//277
f  209//278 182//278 210//278
f  210//279 182//279 181//279
f  210//280 181//280 211//280
f  211//281 181//281 180//281
f  211//282 180//282 212//282
f  212//283 180//283 179//283
f  212//284 179//284 213//284
f  213//285 179//285 178//285
f  213//286 178//286 214//286
f  214//287 178//287 15//287
f  214//288 15//288 215//288
f  215//289 15//289 14//289
f  215//290 14//290 18//290
f  18//291 14//291 216//291
f  18//292 216//292 16//292
f  139//293 131//293 217//293
f  217//294 131//294 133//294
f  217//295 133//295 17//295
f  17//296 133//296 135//296
f  17//297 135//297 18//297
f  18//298 135//298 137//298
f  18//299 137//299 215//299
f  215//300 137//300 138//300
f  215//301 138//301 214//301
f  214//302 138//302 128//302
f  214//303 128//303 213//303
f  213//304 128//304 126//304
f  213//305 126//305 212//305
f  212//306 126//306 124//306
f  212//307 124//307 211//307
f  211//308 124//308 123//308
f  211//309 123//309 210//309
f  210//310 123//310 121//310
f  210//311 121//311 209//311
f  209//312 121//312 119//312
f  209//313 119//313 208//313
f  208//314 119//314 117//314
f  208//315 117//315 207//315
f  207//316 117//316 115//316
f  207//317 115//317 206//317
f  206//318 115//318 113//318
f  206//319 113//319 205//319
f  205//320 113//320 111//320
f  205//321 111//321 204//321
f  204//322 111//322 109//322
f  204//323 109//323 203//323
f  203//324 109//324 107//324
f  203//325 107//325 202//325
f  202//326 107//326 105//326
f  202//327 105//327 201//327
f  201//328 105//328 103//328
f  201//329 103//329 200//329
f  200//330 103//330 101//330
f  200//331 101//331 199//331
f  199//332 101//332 99//332
f  199//333 99//333 198//333
f  198//334 99//334 97//334
f  198//335 97//335 197//335
f  197//336 97//336 95//336
f  197//337 95//337 196//337
f  196//338 95//338 90//338
f  196//339 90//339 3//339
f  3//340 90//340 89//340
f  3//341 89//341 1//341
f  218//342 219//342 220//342
f  221//343 222//343 223//343
f  224//344 225//344 226//344
f  226//345 225//345 227//345
f  228//346 229//346 230//346
f  230//347 229//347 231//347
f  230//348 231//348 232//348
f  224//349 233//349 225//349
f  225//350 233//350 234//350
f  225//351 234//351 235//351
f  228//352 230//352 223//352
f  223//353 230//353 236//353
f  223//354 236//354 221//354
f  235//355 237//355 225//355
f  225//356 237//356 238//356
f  225//357 238//357 239//357
f  232//358 240//358 230//358
f  230//359 240//359 241//359
f  230//360 241//360 242//360
f  242//361 241//361 243//361
f  242//362 243//362 219//362
f  243//363 244//363 219//363
f  219//364 244//364 245//364
f  219//365 245//365 246//365
f  227//366 225//366 247//366
f  247//367 225//367 248//367
f  247//368 248//368 220//368
f  220//369 248//369 249//369
f  220//370 249//370 250//370
f  246//371 251//371 219//371
f  219//372 251//372 252//372
f  219//373 252//373 220//373
f  250//374 253//374 220//374
f  220//375 253//375 254//375
f  220//376 254//376 218//376
f  21//377 5//377 255//377
f  255//378 5//378 256//378
f  5//379 4//379 256//379
f  256//380 4//380 23//380
f  256//381 23//381 257//381
f  29//382 258//382 27//382
f  27//383 258//383 257//383
f  27//384 257//384 25//384
f  25//385 257//385 23//385
f  29//386 30//386 258//386
f  258//387 30//387 32//387
f  258//388 32//388 259//388
f  36//389 260//389 38//389
f  38//390 260//390 259//390
f  38//391 259//391 39//391
f  39//392 259//392 32//392
f  36//393 34//393 260//393
f  260//394 34//394 44//394
f  260//395 44//395 261//395
f  44//396 43//396 261//396
f  261//397 43//397 41//397
f  261//398 41//398 262//398
f  41//399 40//399 262//399
f  262//400 40//400 45//400
f  262//401 45//401 263//401
f  51//402 264//402 49//402
f  49//403 264//403 263//403
f  49//404 263//404 47//404
f  47//405 263//405 45//405
f  51//406 56//406 264//406
f  264//407 56//407 55//407
f  264//408 55//408 265//408
f  55//409 53//409 265//409
f  265//410 53//410 63//410
f  265//411 63//411 266//411
f  58//412 267//412 60//412
f  60//413 267//413 266//413
f  60//414 266//414 62//414
f  62//415 266//415 63//415
f  58//416 57//416 267//416
f  267//417 57//417 64//417
f  267//418 64//418 268//418
f  70//419 269//419 68//419
f  68//420 269//420 268//420
f  68//421 268//421 66//421
f  66//422 268//422 64//422
f  270//423 271//423 272//423
f  273//424 274//424 275//424
f  276//425 277//425 278//425
f  279//426 280//426 281//426
f  282//427 283//427 284//427
f  285//428 286//428 287//428
f  140//429 288//429 141//429
f  141//430 288//430 289//430
f  141//431 289//431 142//431
f  288//432 290//432 289//432
f  289//433 290//433 291//433
f  289//434 291//434 292//434
f  292//435 291//435 293//435
f  292//436 293//436 294//436
f  294//437 293//437 295//437
f  294//438 295//438 296//438
f  296//439 295//439 297//439
f  296//440 297//440 298//440
f  298//441 297//441 299//441
f  299//442 297//442 300//442
f  299//443 300//443 301//443
f  301//444 300//444 302//444
f  301//445 302//445 303//445
f  303//446 302//446 304//446
f  303//447 304//447 305//447
f  305//448 304//448 306//448
f  305//449 306//449 307//449
f  307//450 306//450 308//450
f  307//451 308//451 309//451
f  309//452 308//452 310//452
f  309//453 310//453 311//453
f  311//454 310//454 312//454
f  311//455 312//455 313//455
f  312//456 314//456 313//456
f  313//457 314//457 315//457
f  313//458 315//458 316//458
f  316//459 315//459 317//459
f  316//460 317//460 318//460
f  318//461 317//461 319//461
f  318//462 319//462 320//462
f  320//463 319//463 321//463
f  320//464 321//464 322//464
f  322//465 321//465 323//465
f  322//466 323//466 324//466
f  324//467 323//467 325//467
f  325//468 323//468 326//468
f  325//469 326//469 327//469
f  327//470 326//470 328//470
f  327//471 328//471 329//471
f  329//472 328//472 330//472
f  329//473 330//473 331//473
f  331//474 330//474 332//474
f  331//475 332//475 333//475
f  333//476 332//476 334//476
f  333//477 334//477 335//477
f  335//478 334//478 336//478
f  335//479 336//479 337//479
f  336//480 338//480 337//480
f  337//481 338//481 84//481
f  337//482 84//482 92//482
f  282//483 284//483 280//483
f  279//484 281//484 277//484
f  275//485 339//485 340//485
f  274//486 341//486 275//486
f  275//487 341//487 342//487
f  275//488 342//488 339//488
f  273//489 275//489 343//489
f  343//490 275//490 344//490
f  343//491 344//491 345//491
f  345//492 344//492 346//492
f  345//493 346//493 347//493
f  347//494 346//494 348//494
f  347//495 348//495 349//495
f  349//496 348//496 350//496
f  350//497 348//497 351//497
f  350//498 351//498 352//498
f  353//499 354//499 355//499
f  355//500 354//500 356//500
f  355//501 356//501 357//501
f  357//502 356//502 358//502
f  357//503 358//503 351//503
f  351//504 358//504 359//504
f  351//505 359//505 352//505
f  360//506 361//506 362//506
f  362//507 361//507 363//507
f  362//508 363//508 353//508
f  353//509 363//509 364//509
f  353//510 364//510 354//510
f  360//511 362//511 365//511
f  365//512 362//512 366//512
f  365//513 366//513 367//513
f  367//514 366//514 368//514
f  367//515 368//515 369//515
f  369//516 368//516 370//516
f  369//517 370//517 371//517
f  372//518 373//518 374//518
f  374//519 373//519 375//519
f  374//520 375//520 370//520
f  370//521 375//521 376//521
f  370//522 376//522 371//522
f  377//523 378//523 379//523
f  379//524 378//524 380//524
f  379//525 380//525 381//525
f  381//526 380//526 382//526
f  381//527 382//527 372//527
f  372//528 382//528 383//528
f  372//529 383//529 373//529
f  377//530 379//530 384//530
f  384//531 379//531 385//531
f  384//532 385//532 386//532
f  386//533 385//533 387//533
f  386//534 387//534 388//534
f  388//535 387//535 389//535
f  388//536 389//536 390//536
f  391//537 392//537 393//537
f  393//538 392//538 394//538
f  393//539 394//539 395//539
f  396//540 397//540 398//540
f  399//541 400//541 401//541
f  401//542 400//542 402//542
f  140//543 403//543 288//543
f  288//544 403//544 404//544
f  288//545 404//545 290//545
f  290//546 404//546 405//546
f  290//547 405//547 291//547
f  276//548 278//548 340//548
f  340//549 278//549 406//549
f  340//550 406//550 275//550
f  275//551 406//551 407//551
f  275//552 407//552 344//552
f  344//553 407//553 408//553
f  344//554 408//554 346//554
f  346//555 408//555 409//555
f  346//556 409//556 348//556
f  348//557 409//557 410//557
f  348//558 410//558 351//558
f  351//559 410//559 411//559
f  351//560 411//560 357//560
f  357//561 411//561 412//561
f  357//562 412//562 355//562
f  355//563 412//563 413//563
f  355//564 413//564 353//564
f  353//565 413//565 414//565
f  353//566 414//566 362//566
f  362//567 414//567 415//567
f  362//568 415//568 366//568
f  366//569 415//569 416//569
f  366//570 416//570 368//570
f  368//571 416//571 417//571
f  368//572 417//572 370//572
f  370//573 417//573 418//573
f  370//574 418//574 374//574
f  374//575 418//575 419//575
f  374//576 419//576 372//576
f  372//577 419//577 420//577
f  372//578 420//578 381//578
f  381//579 420//579 421//579
f  381//580 421//580 379//580
f  379//581 421//581 422//581
f  379//582 422//582 385//582
f  385//583 422//583 395//583
f  385//584 395//584 387//584
f  387//585 395//585 394//585
f  387//586 394//586 389//586
f  277//587 281//587 278//587
f  278//588 281//588 423//588
f  278//589 423//589 406//589
f  406//590 423//590 424//590
f  406//591 424//591 407//591
f  407//592 424//592 425//592
f  407//593 425//593 408//593
f  408//594 425//594 426//594
f  408//595 426//595 409//595
f  409//596 426//596 427//596
f  409//597 427//597 410//597
f  410//598 427//598 428//598
f  410//599 428//599 411//599
f  411//600 428//600 429//600
f  411//601 429//601 412//601
f  412//602 429//602 430//602
f  412//603 430//603 413//603
f  413//604 430//604 431//604
f  413//605 431//605 414//605
f  414//606 431//606 432//606
f  414//607 432//607 415//607
f  415//608 432//608 433//608
f  415//609 433//609 416//609
f  416//610 433//610 434//610
f  416//611 434//611 417//611
f  417//612 434//612 435//612
f  417//613 435//613 418//613
f  418//614 435//614 436//614
f  418//615 436//615 419//615
f  419//616 436//616 437//616
f  419//617 437//617 420//617
f  420//618 437//618 438//618
f  420//619 438//619 421//619
f  421//620 438//620 439//620
f  421//621 439//621 422//621
f  422//622 439//622 440//622
f  422//623 440//623 395//623
f  395//624 440//624 396//624
f  395//625 396//625 393//625
f  393//626 396//626 398//626
f  393//627 398//627 391//627
f  280//628 284//628 281//628
f  281//629 284//629 441//629
f  281//630 441//630 423//630
f  423//631 441//631 442//631
f  423//632 442//632 424//632
f  424//633 442//633 443//633
f  424//634 443//634 425//634
f  425//635 443//635 444//635
f  425//635 444//635 426//635
f  426//636 444//636 445//636
f  426//637 445//637 427//637
f  427//638 445//638 446//638
f  427//639 446//639 428//639
f  428//640 446//640 447//640
f  428//641 447//641 429//641
f  429//642 447//642 448//642
f  429//643 448//643 430//643
f  430//644 448//644 449//644
f  430//645 449//645 431//645
f  431//646 449//646 450//646
f  431//647 450//647 432//647
f  432//648 450//648 451//648
f  432//649 451//649 433//649
f  433//650 451//650 452//650
f  433//651 452//651 434//651
f  434//652 452//652 453//652
f  434//653 453//653 435//653
f  435//654 453//654 454//654
f  435//655 454//655 436//655
f  436//656 454//656 455//656
f  436//657 455//657 437//657
f  437//658 455//658 456//658
f  437//659 456//659 438//659
f  438//660 456//660 457//660
f  438//661 457//661 439//661
f  439//662 457//662 458//662
f  439//663 458//663 440//663
f  440//664 458//664 400//664
f  440//665 400//665 396//665
f  396//666 400//666 399//666
f  396//667 399//667 397//667
f  271//668 402//668 272//668
f  272//669 402//669 400//669
f  272//670 400//670 459//670
f  459//671 400//671 458//671
f  459//672 458//672 460//672
f  460//673 458//673 457//673
f  460//674 457//674 461//674
f  461//675 457//675 456//675
f  461//676 456//676 462//676
f  462//677 456//677 455//677
f  462//678 455//678 463//678
f  463//679 455//679 454//679
f  463//680 454//680 464//680
f  464//681 454//681 453//681
f  464//682 453//682 465//682
f  465//683 453//683 452//683
f  465//684 452//684 466//684
f  466//685 452//685 451//685
f  466//686 451//686 467//686
f  467//687 451//687 450//687
f  467//688 450//688 468//688
f  468//689 450//689 449//689
f  468//690 449//690 469//690
f  469//691 449//691 448//691
f  469//692 448//692 470//692
f  470//693 448//693 447//693
f  470//694 447//694 471//694
f  471//695 447//695 446//695
f  471//696 446//696 472//696
f  472//697 446//697 445//697
f  472//698 445//698 473//698
f  473//699 445//699 444//699
f  473//700 444//700 474//700
f  474//701 444//701 443//701
f  474//702 443//702 475//702
f  475//703 443//703 442//703
f  475//704 442//704 476//704
f  476//705 442//705 441//705
f  476//706 441//706 477//706
f  477//707 441//707 284//707
f  477//708 284//708 478//708
f  478//709 284//709 283//709
f  478//710 283//710 287//710
f  287//711 283//711 479//711
f  287//712 479//712 285//712
f  85//713 84//713 480//713
f  480//714 84//714 338//714
f  480//715 338//715 481//715
f  481//716 338//716 336//716
f  481//717 336//717 286//717
f  286//718 336//718 334//718
f  286//719 334//719 287//719
f  287//720 334//720 332//720
f  287//721 332//721 478//721
f  478//722 332//722 330//722
f  478//723 330//723 477//723
f  477//724 330//724 328//724
f  477//725 328//725 476//725
f  476//726 328//726 326//726
f  476//727 326//727 475//727
f  475//728 326//728 323//728
f  475//729 323//729 474//729
f  474//730 323//730 321//730
f  474//731 321//731 473//731
f  473//732 321//732 319//732
f  473//733 319//733 472//733
f  472//734 319//734 317//734
f  472//735 317//735 471//735
f  471//736 317//736 315//736
f  471//737 315//737 470//737
f  470//738 315//738 314//738
f  470//739 314//739 469//739
f  469//740 314//740 312//740
f  469//741 312//741 468//741
f  468//742 312//742 310//742
f  468//743 310//743 467//743
f  467//744 310//744 308//744
f  467//745 308//745 466//745
f  466//746 308//746 306//746
f  466//747 306//747 465//747
f  465//748 306//748 304//748
f  465//749 304//749 464//749
f  464//750 304//750 302//750
f  464//751 302//751 463//751
f  463//752 302//752 300//752
f  463//753 300//753 462//753
f  462//754 300//754 297//754
f  462//755 297//755 461//755
f  461//756 297//756 295//756
f  461//757 295//757 460//757
f  460//758 295//758 293//758
f  460//759 293//759 459//759
f  459//760 293//760 291//760
f  459//761 291//761 272//761
f  272//762 291//762 405//762
f  272//763 405//763 270//763
f  108//764 110//764 298//764
f  96//765 325//765 94//765
f  94//766 325//766 327//766
f  96//767 98//767 325//767
f  325//768 98//768 100//768
f  325//769 100//769 324//769
f  108//770 298//770 106//770
f  305//771 100//771 303//771
f  303//772 100//772 301//772
f  327//773 329//773 94//773
f  94//774 329//774 331//774
f  94//775 331//775 93//775
f  93//776 331//776 333//776
f  93//777 333//777 91//777
f  301//778 100//778 299//778
f  299//779 100//779 102//779
f  299//780 102//780 298//780
f  298//781 102//781 104//781
f  298//782 104//782 106//782
f  110//783 112//783 298//783
f  298//784 112//784 114//784
f  298//785 114//785 116//785
f  305//786 307//786 100//786
f  100//787 307//787 309//787
f  100//788 309//788 311//788
f  311//789 313//789 100//789
f  100//790 313//790 316//790
f  100//791 316//791 318//791
f  335//792 337//792 333//792
f  333//793 337//793 92//793
f  333//794 92//794 91//794
f  129//795 136//795 142//795
f  142//796 136//796 134//796
f  142//797 134//797 132//797
f  292//798 294//798 130//798
f  130//799 294//799 296//799
f  130//800 296//800 298//800
f  318//801 320//801 100//801
f  100//802 320//802 322//802
f  100//803 322//803 324//803
f  116//804 118//804 298//804
f  298//805 118//805 120//805
f  298//806 120//806 122//806
f  129//807 142//807 130//807
f  130//808 142//808 289//808
f  130//809 289//809 292//809
f  122//810 125//810 298//810
f  298//811 125//811 127//811
f  298//812 127//812 130//812
f  482//813 483//813 484//813
f  482//814 484//814 485//814
f  485//815 484//815 486//815
f  485//816 486//816 487//816
f  487//817 486//817 488//817
f  488//818 486//818 489//818
f  488//819 489//819 490//819
f  490//820 489//820 491//820
f  491//821 489//821 225//821
f  491//822 225//822 239//822
f  492//823 493//823 494//823
f  492//824 494//824 495//824
f  495//825 494//825 496//825
f  495//826 496//826 497//826
f  497//827 496//827 236//827
f  497//827 236//827 230//827
f  498//828 499//828 500//828
f  498//829 500//829 501//829
f  502//830 503//830 504//830
f  500//831 505//831 501//831
f  501//832 505//832 506//832
f  501//833 506//833 507//833
f  507//834 506//834 508//834
f  507//835 508//835 503//835
f  503//836 508//836 509//836
f  503//837 509//837 504//837
f  504//838 510//838 502//838
f  502//839 510//839 511//839
f  502//840 511//840 512//840
f  511//841 513//841 512//841
f  512//842 513//842 514//842
f  512//843 514//843 515//843
f  515//844 514//844 516//844
f  515//845 516//845 517//845
f  517//846 516//846 518//846
f  517//847 518//847 519//847
f  519//848 518//848 520//848
f  521//849 522//849 523//849
f  523//850 522//850 524//850
f  523//851 524//851 525//851
f  525//852 524//852 526//852
f  525//853 526//853 527//853
f  527//854 526//854 528//854
f  527//855 528//855 529//855
f  521//856 523//856 530//856
f  530//857 523//857 531//857
f  530//858 531//858 532//858
f  532//859 531//859 533//859
f  532//860 533//860 534//860
f  529//861 493//861 527//861
f  527//861 493//861 492//861
f  499//862 498//862 482//862
f  482//863 498//863 483//863
f  225//864 489//864 248//864
f  248//865 489//865 486//865
f  486//866 484//866 248//866
f  248//867 484//867 483//867
f  248//868 483//868 498//868
f  498//869 501//869 248//869
f  248//870 501//870 507//870
f  248//871 507//871 503//871
f  503//872 502//872 248//872
f  248//873 502//873 512//873
f  248//874 512//874 515//874
f  515//875 517//875 248//875
f  248//876 517//876 519//876
f  248//877 519//877 249//877
f  519//878 535//878 249//878
f  249//879 535//879 536//879
f  249//880 536//880 250//880
f  250//881 536//881 537//881
f  250//881 537//881 253//881
f  253//882 537//882 538//882
f  253//883 538//883 254//883
f  254//884 538//884 539//884
f  254//885 539//885 218//885
f  218//886 539//886 540//886
f  218//887 540//887 219//887
f  541//888 255//888 221//888
f  221//889 255//889 222//889
f  541//890 221//890 542//890
f  542//890 221//890 236//890
f  222//891 255//891 256//891
f  222//892 256//892 223//892
f  223//893 256//893 257//893
f  223//894 257//894 228//894
f  228//895 257//895 258//895
f  228//896 258//896 229//896
f  229//897 258//897 259//897
f  229//898 259//898 231//898
f  231//899 259//899 260//899
f  231//900 260//900 232//900
f  232//901 260//901 261//901
f  232//902 261//902 240//902
f  240//903 261//903 262//903
f  240//904 262//904 241//904
f  241//905 262//905 263//905
f  241//906 263//906 243//906
f  243//907 263//907 264//907
f  243//908 264//908 244//908
f  244//909 264//909 265//909
f  244//910 265//910 245//910
f  245//911 265//911 266//911
f  245//912 266//912 246//912
f  246//913 266//913 267//913
f  246//914 267//914 251//914
f  251//915 267//915 268//915
f  251//916 268//916 252//916
f  252//917 268//917 269//917
f  252//918 269//918 220//918
f  542//919 236//919 496//919
f  542//920 496//920 543//920
f  543//921 496//921 494//921
f  543//922 494//922 544//922
f  544//923 494//923 493//923
f  544//924 493//924 545//924
f  269//925 546//925 220//925
f  220//926 546//926 247//926
f  493//927 529//927 545//927
f  545//928 529//928 547//928
f  247//929 546//929 227//929
f  227//930 546//930 548//930
f  534//931 549//931 550//931
f  534//932 550//932 532//932
f  532//933 550//933 551//933
f  532//934 551//934 530//934
f  551//935 552//935 530//935
f  530//936 552//936 553//936
f  530//937 553//937 521//937
f  521//938 553//938 554//938
f  521//939 554//939 522//939
f  522//940 554//940 555//940
f  522//941 555//941 524//941
f  524//942 555//942 556//942
f  524//943 556//943 526//943
f  556//944 557//944 526//944
f  526//945 557//945 558//945
f  526//946 558//946 528//946
f  528//947 558//947 547//947
f  528//948 547//948 529//948
f  548//949 559//949 227//949
f  227//950 559//950 226//950
f  534//951 560//951 549//951
f  549//952 560//952 561//952
f  226//953 559//953 562//953
f  226//954 562//954 224//954
f  224//955 562//955 563//955
f  224//956 563//956 233//956
f  233//957 563//957 564//957
f  233//958 564//958 234//958
f  234//959 564//959 565//959
f  234//960 565//960 235//960
f  235//961 565//961 566//961
f  235//962 566//962 237//962
f  237//963 566//963 567//963
f  237//964 567//964 238//964
f  238//965 567//965 568//965
f  238//966 568//966 239//966
f  569//967 561//967 570//967
f  570//968 561//968 560//968
f  487//969 571//969 485//969
f  485//970 571//970 572//970
f  485//971 572//971 482//971
f  490//972 573//972 488//972
f  488//973 573//973 574//973
f  488//974 574//974 487//974
f  487//975 574//975 575//975
f  487//976 575//976 571//976
f  490//977 491//977 573//977
f  573//978 491//978 239//978
f  573//979 239//979 568//979
f  520//980 576//980 577//980
f  520//981 577//981 578//981
f  577//982 579//982 578//982
f  578//983 579//983 580//983
f  578//984 580//984 581//984
f  580//985 582//985 581//985
f  581//986 582//986 583//986
f  581//987 583//987 584//987
f  584//988 583//988 585//988
f  584//989 585//989 586//989
f  585//990 587//990 586//990
f  586//991 587//991 588//991
f  586//992 588//992 589//992
f  588//993 590//993 589//993
f  589//994 590//994 569//994
f  589//995 569//995 570//995
f  572//996 591//996 482//996
f  482//996 591//996 499//996
f  499//997 591//997 500//997
f  500//998 591//998 592//998
f  500//999 592//999 505//999
f  505//1000 592//1000 593//1000
f  505//1001 593//1001 506//1001
f  506//1002 593//1002 594//1002
f  506//1003 594//1003 508//1003
f  508//1004 594//1004 595//1004
f  508//1005 595//1005 509//1005
f  509//1006 595//1006 596//1006
f  509//1007 596//1007 504//1007
f  504//1008 596//1008 597//1008
f  504//1009 597//1009 510//1009
f  510//1010 597//1010 598//1010
f  510//1011 598//1011 511//1011
f  511//1012 598//1012 599//1012
f  511//1013 599//1013 513//1013
f  513//1014 599//1014 600//1014
f  513//1015 600//1015 514//1015
f  514//1016 600//1016 601//1016
f  514//1017 601//1017 516//1017
f  516//1018 601//1018 602//1018
f  516//1019 602//1019 518//1019
f  518//1020 602//1020 603//1020
f  518//1021 603//1021 520//1021
f  520//1022 603//1022 576//1022
f  548//1023 604//1023 605//1023
f  341//1024 559//1024 606//1024
f  606//1025 559//1025 548//1025
f  606//1026 548//1026 607//1026
f  607//1027 548//1027 605//1027
f  608//1028 609//1028 610//1028
f  610//1029 609//1029 611//1029
f  610//1030 611//1030 612//1030
f  612//1031 611//1031 613//1031
f  612//1032 613//1032 614//1032
f  614//1033 613//1033 615//1033
f  614//1034 615//1034 616//1034
f  616//1035 615//1035 617//1035
f  616//1036 617//1036 618//1036
f  618//1037 617//1037 619//1037
f  618//1038 619//1038 620//1038
f  620//1039 619//1039 621//1039
f  620//1040 621//1040 622//1040
f  623//1041 624//1041 608//1041
f  608//1042 624//1042 625//1042
f  608//1043 625//1043 609//1043
f  623//1044 626//1044 624//1044
f  624//1045 626//1045 627//1045
f  624//1046 627//1046 628//1046
f  628//1047 627//1047 629//1047
f  628//1048 629//1048 630//1048
f  630//1049 629//1049 631//1049
f  629//1050 632//1050 631//1050
f  631//1051 632//1051 633//1051
f  631//1052 633//1052 634//1052
f  634//1053 633//1053 635//1053
f  634//1054 635//1054 636//1054
f  636//1055 635//1055 637//1055
f  636//1056 637//1056 638//1056
f  638//1057 637//1057 639//1057
f  638//1058 639//1058 640//1058
f  640//1059 639//1059 641//1059
f  641//1060 639//1060 642//1060
f  641//1061 642//1061 643//1061
f  643//1062 642//1062 644//1062
f  643//1063 644//1063 645//1063
f  645//1064 644//1064 646//1064
f  645//1065 646//1065 647//1065
f  647//1066 646//1066 605//1066
f  647//1067 605//1067 604//1067
f  648//1068 276//1068 649//1068
f  649//1069 276//1069 340//1069
f  649//1070 340//1070 650//1070
f  651//1071 280//1071 652//1071
f  652//1072 280//1072 279//1072
f  652//1073 279//1073 648//1073
f  648//1074 279//1074 277//1074
f  648//1075 277//1075 276//1075
f  653//1076 283//1076 651//1076
f  651//1077 283//1077 282//1077
f  651//1078 282//1078 280//1078
f  654//1079 480//1079 655//1079
f  655//1080 480//1080 481//1080
f  655//1081 481//1081 656//1081
f  656//1082 481//1082 286//1082
f  656//1083 286//1083 657//1083
f  657//1084 286//1084 285//1084
f  657//1085 285//1085 653//1085
f  653//1086 285//1086 479//1086
f  653//1087 479//1087 283//1087
f  658//1088 70//1088 659//1088
f  659//1089 70//1089 69//1089
f  659//1090 69//1090 660//1090
f  69//1091 74//1091 660//1091
f  660//1092 74//1092 72//1092
f  660//1093 72//1093 661//1093
f  72//1094 71//1094 661//1094
f  661//1095 71//1095 78//1095
f  661//1096 78//1096 662//1096
f  662//1097 78//1097 77//1097
f  662//1098 77//1098 663//1098
f  663//1099 77//1099 79//1099
f  663//1100 79//1100 664//1100
f  665//1101 666//1101 1//1101
f  79//1102 81//1102 664//1102
f  664//1103 81//1103 82//1103
f  664//1104 82//1104 666//1104
f  666//1105 82//1105 2//1105
f  666//1106 2//1106 1//1106
f  606//1107 607//1107 650//1107
f  650//1108 607//1108 667//1108
f  650//1109 667//1109 649//1109
f  649//1110 667//1110 668//1110
f  649//1111 668//1111 648//1111
f  648//1112 668//1112 669//1112
f  648//1113 669//1113 652//1113
f  652//1114 669//1114 670//1114
f  652//1115 670//1115 651//1115
f  651//1116 670//1116 671//1116
f  651//1117 671//1117 653//1117
f  653//1118 671//1118 672//1118
f  653//1119 672//1119 657//1119
f  657//1120 672//1120 673//1120
f  657//1121 673//1121 656//1121
f  656//1122 673//1122 674//1122
f  656//1123 674//1123 655//1123
f  655//1124 674//1124 675//1124
f  655//1125 675//1125 654//1125
f  654//1126 675//1126 676//1126
f  654//1127 676//1127 677//1127
f  677//1128 676//1128 678//1128
f  677//1129 678//1129 665//1129
f  665//1130 678//1130 679//1130
f  665//1131 679//1131 666//1131
f  666//1132 679//1132 680//1132
f  666//1133 680//1133 664//1133
f  664//1134 680//1134 681//1134
f  664//1135 681//1135 663//1135
f  663//1136 681//1136 682//1136
f  663//1137 682//1137 662//1137
f  662//1138 682//1138 683//1138
f  662//1139 683//1139 661//1139
f  661//1140 683//1140 684//1140
f  661//1141 684//1141 660//1141
f  660//1142 684//1142 685//1142
f  660//1143 685//1143 659//1143
f  659//1144 685//1144 686//1144
f  659//1145 686//1145 658//1145
f  658//1146 686//1146 687//1146
f  341//1147 606//1147 342//1147
f  342//1148 606//1148 650//1148
f  342//1149 650//1149 339//1149
f  339//1150 650//1150 340//1150
f  1//1151 89//1151 665//1151
f  665//1152 89//1152 87//1152
f  665//1153 87//1153 677//1153
f  677//1154 87//1154 86//1154
f  677//1155 86//1155 654//1155
f  654//1156 86//1156 85//1156
f  654//1157 85//1157 480//1157
f  607//1158 605//1158 667//1158
f  667//1159 605//1159 646//1159
f  667//1160 646//1160 668//1160
f  668//1161 646//1161 644//1161
f  668//1162 644//1162 669//1162
f  669//1163 644//1163 642//1163
f  669//1164 642//1164 670//1164
f  670//1165 642//1165 639//1165
f  670//1166 639//1166 671//1166
f  671//1167 639//1167 637//1167
f  671//1168 637//1168 672//1168
f  672//1169 637//1169 635//1169
f  672//1170 635//1170 673//1170
f  673//1171 635//1171 633//1171
f  673//1172 633//1172 674//1172
f  674//1173 633//1173 632//1173
f  674//1174 632//1174 675//1174
f  675//1175 632//1175 629//1175
f  675//1176 629//1176 676//1176
f  676//1177 629//1177 627//1177
f  676//1178 627//1178 678//1178
f  678//1179 627//1179 626//1179
f  678//1180 626//1180 679//1180
f  679//1181 626//1181 623//1181
f  679//1182 623//1182 680//1182
f  680//1183 623//1183 608//1183
f  680//1184 608//1184 681//1184
f  681//1185 608//1185 610//1185
f  681//1186 610//1186 682//1186
f  682//1187 610//1187 612//1187
f  682//1188 612//1188 683//1188
f  683//1189 612//1189 614//1189
f  683//1190 614//1190 684//1190
f  684//1191 614//1191 616//1191
f  684//1192 616//1192 685//1192
f  685//1193 616//1193 618//1193
f  685//1194 618//1194 686//1194
f  686//1195 618//1195 620//1195
f  686//1196 620//1196 687//1196
f  687//1197 620//1197 622//1197
f  70//1198 658//1198 269//1198
f  269//1199 658//1199 687//1199
f  269//1200 687//1200 546//1200
f  546//1201 687//1201 622//1201
f  546//1202 622//1202 621//1202
f  688//1203 689//1203 561//1203
f  569//1204 390//1204 690//1204
f  569//1205 690//1205 561//1205
f  561//1206 690//1206 691//1206
f  561//1207 691//1207 688//1207
f  692//1208 693//1208 694//1208
f  694//1209 693//1209 695//1209
f  694//1210 695//1210 696//1210
f  696//1211 695//1211 697//1211
f  696//1212 697//1212 698//1212
f  698//1213 697//1213 699//1213
f  698//1214 699//1214 700//1214
f  700//1215 699//1215 701//1215
f  700//1216 701//1216 702//1216
f  702//1217 701//1217 703//1217
f  702//1218 703//1218 704//1218
f  704//1219 703//1219 689//1219
f  704//1220 689//1220 688//1220
f  705//1221 706//1221 692//1221
f  692//1222 706//1222 707//1222
f  692//1223 707//1223 693//1223
f  705//1224 708//1224 706//1224
f  706//1225 708//1225 709//1225
f  706//1226 709//1226 710//1226
f  710//1227 709//1227 711//1227
f  710//1228 711//1228 712//1228
f  712//1229 711//1229 713//1229
f  711//1230 714//1230 713//1230
f  713//1231 714//1231 715//1231
f  713//1232 715//1232 716//1232
f  716//1233 715//1233 717//1233
f  716//1234 717//1234 718//1234
f  718//1235 717//1235 719//1235
f  718//1236 719//1236 720//1236
f  720//1237 719//1237 721//1237
f  720//1238 721//1238 722//1238
f  722//1239 721//1239 723//1239
f  723//1240 721//1240 724//1240
f  723//1241 724//1241 725//1241
f  725//1242 724//1242 726//1242
f  725//1243 726//1243 727//1243
f  727//1244 726//1244 728//1244
f  727//1245 728//1245 729//1245
f  729//1246 728//1246 730//1246
f  729//1247 730//1247 731//1247
f  732//1248 7//1248 733//1248
f  733//1249 7//1249 20//1249
f  733//1250 20//1250 734//1250
f  735//1251 11//1251 736//1251
f  736//1252 11//1252 10//1252
f  736//1253 10//1253 732//1253
f  732//1254 10//1254 8//1254
f  732//1255 8//1255 7//1255
f  737//1256 14//1256 735//1256
f  735//1257 14//1257 13//1257
f  735//1258 13//1258 11//1258
f  738//1259 139//1259 739//1259
f  739//1260 139//1260 217//1260
f  739//1261 217//1261 740//1261
f  740//1262 217//1262 17//1262
f  740//1263 17//1263 741//1263
f  741//1264 17//1264 16//1264
f  741//1265 16//1265 737//1265
f  737//1266 16//1266 216//1266
f  737//1267 216//1267 14//1267
f  690//1268 390//1268 742//1268
f  742//1269 390//1269 389//1269
f  742//1270 389//1270 743//1270
f  389//1271 394//1271 743//1271
f  743//1272 394//1272 392//1272
f  743//1273 392//1273 744//1273
f  392//1274 391//1274 744//1274
f  744//1275 391//1275 398//1275
f  744//1276 398//1276 745//1276
f  745//1277 398//1277 397//1277
f  745//1278 397//1278 746//1278
f  746//1279 397//1279 399//1279
f  746//1280 399//1280 747//1280
f  748//1281 749//1281 270//1281
f  399//1282 401//1282 747//1282
f  747//1283 401//1283 402//1283
f  747//1284 402//1284 749//1284
f  749//1285 402//1285 271//1285
f  749//1286 271//1286 270//1286
f  750//1287 751//1287 734//1287
f  734//1288 751//1288 752//1288
f  734//1289 752//1289 733//1289
f  733//1290 752//1290 753//1290
f  733//1291 753//1291 732//1291
f  732//1292 753//1292 754//1292
f  732//1293 754//1293 736//1293
f  736//1294 754//1294 755//1294
f  736//1295 755//1295 735//1295
f  735//1296 755//1296 756//1296
f  735//1297 756//1297 737//1297
f  737//1298 756//1298 757//1298
f  737//1299 757//1299 741//1299
f  741//1300 757//1300 758//1300
f  741//1301 758//1301 740//1301
f  740//1302 758//1302 759//1302
f  740//1303 759//1303 739//1303
f  739//1304 759//1304 760//1304
f  739//1305 760//1305 738//1305
f  738//1306 760//1306 761//1306
f  738//1307 761//1307 762//1307
f  762//1308 761//1308 763//1308
f  762//1309 763//1309 748//1309
f  748//1310 763//1310 764//1310
f  748//1311 764//1311 749//1311
f  749//1312 764//1312 765//1312
f  749//1313 765//1313 747//1313
f  747//1314 765//1314 766//1314
f  747//1315 766//1315 746//1315
f  746//1316 766//1316 767//1316
f  746//1317 767//1317 745//1317
f  745//1318 767//1318 768//1318
f  745//1319 768//1319 744//1319
f  744//1320 768//1320 769//1320
f  744//1321 769//1321 743//1321
f  743//1322 769//1322 770//1322
f  743//1323 770//1323 742//1323
f  742//1324 770//1324 771//1324
f  742//1325 771//1325 690//1325
f  690//1326 771//1326 691//1326
f  21//1327 750//1327 22//1327
f  22//1328 750//1328 734//1328
f  22//1329 734//1329 19//1329
f  19//1330 734//1330 20//1330
f  270//1331 405//1331 748//1331
f  748//1332 405//1332 404//1332
f  748//1333 404//1333 762//1333
f  762//1334 404//1334 403//1334
f  762//1335 403//1335 738//1335
f  738//1336 403//1336 140//1336
f  738//1337 140//1337 139//1337
f  751//1338 730//1338 752//1338
f  752//1339 730//1339 728//1339
f  752//1340 728//1340 753//1340
f  753//1341 728//1341 726//1341
f  753//1342 726//1342 754//1342
f  754//1343 726//1343 724//1343
f  754//1344 724//1344 755//1344
f  755//1345 724//1345 721//1345
f  755//1346 721//1346 756//1346
f  756//1347 721//1347 719//1347
f  756//1348 719//1348 757//1348
f  757//1349 719//1349 717//1349
f  757//1350 717//1350 758//1350
f  758//1351 717//1351 715//1351
f  758//1352 715//1352 759//1352
f  759//1353 715//1353 714//1353
f  759//1354 714//1354 760//1354
f  760//1355 714//1355 711//1355
f  760//1356 711//1356 761//1356
f  761//1357 711//1357 709//1357
f  761//1358 709//1358 763//1358
f  763//1359 709//1359 708//1359
f  763//1360 708//1360 764//1360
f  764//1361 708//1361 705//1361
f  764//1362 705//1362 765//1362
f  765//1363 705//1363 692//1363
f  765//1364 692//1364 766//1364
f  766//1365 692//1365 694//1365
f  766//1366 694//1366 767//1366
f  767//1367 694//1367 696//1367
f  767//1368 696//1368 768//1368
f  768//1369 696//1369 698//1369
f  768//1370 698//1370 769//1370
f  769//1371 698//1371 700//1371
f  769//1372 700//1372 770//1372
f  770//1373 700//1373 702//1373
f  770//1374 702//1374 771//1374
f  771//1375 702//1375 704//1375
f  771//1376 704//1376 691//1376
f  691//1377 704//1377 688//1377
f  731//1378 730//1378 541//1378
f  541//1379 730//1379 751//1379
f  541//1380 751//1380 255//1380
f  255//1381 751//1381 750//1381
f  255//1382 750//1382 21//1382
f  519//1383 520//1383 535//1383
f  535//1384 520//1384 578//1384
f  535//1385 578//1385 536//1385
f  536//1386 578//1386 581//1386
f  536//1387 581//1387 537//1387
f  537//1388 581//1388 584//1388
f  537//1389 584//1389 538//1389
f  538//1390 584//1390 586//1390
f  538//1391 586//1391 539//1391
f  539//1392 586//1392 589//1392
f  539//1393 589//1393 540//1393
f  540//1394 589//1394 570//1394
f  540//1395 570//1395 772//1395
f  772//1396 570//1396 560//1396
f  772//1397 560//1397 533//1397
f  533//1398 560//1398 534//1398
f  602//1399 365//1399 603//1399
f  603//1400 365//1400 367//1400
f  603//1401 367//1401 576//1401
f  599//1402 360//1402 600//1402
f  600//1403 360//1403 365//1403
f  600//1404 365//1404 601//1404
f  601//1405 365//1405 602//1405
f  599//1406 598//1406 360//1406
f  360//1407 598//1407 597//1407
f  360//1408 597//1408 596//1408
f  596//1409 595//1409 360//1409
f  360//1410 595//1410 594//1410
f  360//1411 594//1411 593//1411
f  572//1412 773//1412 591//1412
f  591//1413 773//1413 573//1413
f  591//1414 573//1414 592//1414
f  574//1415 573//1415 575//1415
f  575//1416 573//1416 773//1416
f  575//1417 773//1417 571//1417
f  571//1418 773//1418 572//1418
f  375//1419 582//1419 580//1419
f  576//1420 367//1420 577//1420
f  577//1421 367//1421 369//1421
f  577//1422 369//1422 579//1422
f  579//1423 369//1423 371//1423
f  579//1424 371//1424 580//1424
f  580//1425 371//1425 376//1425
f  580//1426 376//1426 375//1426
f  384//1427 590//1427 588//1427
f  375//1428 373//1428 582//1428
f  582//1429 373//1429 383//1429
f  582//1430 383//1430 583//1430
f  583//1431 383//1431 382//1431
f  583//1432 382//1432 585//1432
f  585//1433 382//1433 380//1433
f  585//1434 380//1434 587//1434
f  587//1435 380//1435 378//1435
f  587//1436 378//1436 588//1436
f  588//1437 378//1437 377//1437
f  588//1438 377//1438 384//1438
f  390//1439 569//1439 388//1439
f  388//1440 569//1440 590//1440
f  388//1441 590//1441 386//1441
f  386//1442 590//1442 384//1442
f  341//1443 274//1443 559//1443
f  559//1444 274//1444 562//1444
f  274//1445 273//1445 562//1445
f  562//1446 273//1446 343//1446
f  562//1447 343//1447 563//1447
f  349//1448 564//1448 347//1448
f  347//1449 564//1449 563//1449
f  347//1450 563//1450 345//1450
f  345//1451 563//1451 343//1451
f  349//1452 350//1452 564//1452
f  564//1453 350//1453 352//1453
f  564//1454 352//1454 565//1454
f  352//1455 359//1455 565//1455
f  565//1456 359//1456 358//1456
f  565//1457 358//1457 566//1457
f  358//1458 356//1458 566//1458
f  566//1459 356//1459 354//1459
f  566//1460 354//1460 567//1460
f  593//1461 592//1461 360//1461
f  360//1462 592//1462 573//1462
f  360//1463 573//1463 361//1463
f  361//1464 573//1464 568//1464
f  361//1465 568//1465 363//1465
f  363//1466 568//1466 567//1466
f  363//1467 567//1467 364//1467
f  364//1468 567//1468 354//1468
f  710//1469 550//1469 549//1469
f  693//1470 707//1470 549//1470
f  549//1471 707//1471 706//1471
f  549//1472 706//1472 710//1472
f  543//1473 544//1473 542//1473
f  542//1474 544//1474 545//1474
f  542//1475 545//1475 541//1475
f  545//1476 547//1476 541//1476
f  541//1477 547//1477 558//1477
f  541//1478 558//1478 731//1478
f  731//1479 558//1479 557//1479
f  731//1480 557//1480 729//1480
f  729//1481 557//1481 556//1481
f  729//1482 556//1482 727//1482
f  727//1483 556//1483 725//1483
f  718//1484 555//1484 716//1484
f  716//1485 555//1485 554//1485
f  716//1486 554//1486 713//1486
f  713//1487 554//1487 553//1487
f  713//1488 553//1488 712//1488
f  712//1489 553//1489 552//1489
f  712//1490 552//1490 710//1490
f  710//1491 552//1491 551//1491
f  710//1492 551//1492 550//1492
f  718//1493 720//1493 555//1493
f  555//1494 720//1494 722//1494
f  555//1495 722//1495 556//1495
f  556//1496 722//1496 723//1496
f  556//1497 723//1497 725//1497
f  699//1498 697//1498 549//1498
f  549//1499 697//1499 695//1499
f  549//1500 695//1500 693//1500
f  701//1501 699//1501 703//1501
f  703//1502 699//1502 549//1502
f  703//1503 549//1503 689//1503
f  689//1504 549//1504 561//1504
f  624//1505 628//1505 546//1505
f  631//1506 634//1506 548//1506
f  546//1507 628//1507 548//1507
f  548//1508 628//1508 630//1508
f  548//1509 630//1509 631//1509
f  613//1510 611//1510 621//1510
f  621//1511 611//1511 609//1511
f  621//1512 609//1512 546//1512
f  546//1513 609//1513 625//1513
f  546//1514 625//1514 624//1514
f  634//1515 636//1515 548//1515
f  548//1516 636//1516 638//1516
f  548//1517 638//1517 640//1517
f  640//1518 641//1518 548//1518
f  548//1519 641//1519 643//1519
f  548//1520 643//1520 604//1520
f  604//1521 643//1521 645//1521
f  604//1522 645//1522 647//1522
f  613//1523 621//1523 615//1523
f  615//1524 621//1524 619//1524
f  615//1525 619//1525 617//1525
f  497//1526 230//1526 242//1526
f  527//1527 492//1527 242//1527
f  242//1528 492//1528 495//1528
f  242//1529 495//1529 497//1529
f  242//1530 772//1530 533//1530
f  525//1531 527//1531 523//1531
f  523//1532 527//1532 242//1532
f  523//1533 242//1533 531//1533
f  531//1534 242//1534 533//1534
f  219//1535 540//1535 242//1535
f  242//1535 540//1535 772//1535
f  774//1536 775//1536 776//1536
f  777//1537 778//1537 779//1537
f  780//1538 781//1538 782//1538
f  783//1539 784//1539 785//1539
f  786//1540 787//1540 788//1540
f  789//1541 790//1541 791//1541
f  792//1542 793//1542 794//1542
f  795//1543 796//1543 797//1543
f  797//1544 796//1544 798//1544
f  797//1545 798//1545 799//1545
f  799//1546 798//1546 800//1546
f  801//1547 802//1547 803//1547
f  803//1548 802//1548 804//1548
f  803//1549 804//1549 794//1549
f  794//1550 804//1550 805//1550
f  794//1551 805//1551 792//1551
f  806//1552 807//1552 801//1552
f  801//1553 807//1553 808//1553
f  801//1554 808//1554 802//1554
f  809//1555 810//1555 811//1555
f  811//1556 810//1556 812//1556
f  811//1557 812//1557 813//1557
f  813//1558 812//1558 814//1558
f  813//1559 814//1559 815//1559
f  816//1560 817//1560 818//1560
f  819//1561 820//1561 821//1561
f  821//1562 820//1562 822//1562
f  822//1563 820//1563 823//1563
f  823//1564 820//1564 824//1564
f  823//1565 824//1565 825//1565
f  825//1566 824//1566 826//1566
f  826//1567 824//1567 827//1567
f  826//1568 827//1568 828//1568
f  828//1569 827//1569 829//1569
f  829//1570 827//1570 830//1570
f  829//1571 830//1571 831//1571
f  832//1572 833//1572 830//1572
f  830//1573 833//1573 834//1573
f  830//1574 834//1574 831//1574
f  835//1575 836//1575 837//1575
f  837//1576 836//1576 838//1576
f  837//1577 838//1577 832//1577
f  832//1578 838//1578 839//1578
f  832//1579 839//1579 833//1579
f  840//1580 841//1580 835//1580
f  835//1581 841//1581 842//1581
f  835//1582 842//1582 836//1582
f  843//1583 844//1583 845//1583
f  845//1584 844//1584 846//1584
f  845//1585 846//1585 847//1585
f  847//1586 846//1586 848//1586
f  847//1587 848//1587 849//1587
f  849//1588 848//1588 840//1588
f  849//1589 840//1589 850//1589
f  850//1590 840//1590 835//1590
f  851//1591 852//1591 843//1591
f  843//1592 852//1592 853//1592
f  843//1593 853//1593 844//1593
f  854//1594 855//1594 856//1594
f  856//1595 855//1595 857//1595
f  856//1596 857//1596 851//1596
f  851//1597 857//1597 858//1597
f  851//1598 858//1598 852//1598
f  859//1599 860//1599 861//1599
f  861//1600 860//1600 862//1600
f  861//1601 862//1601 863//1601
f  863//1602 862//1602 864//1602
f  863//1603 864//1603 865//1603
f  865//1604 864//1604 866//1604
f  865//1605 866//1605 856//1605
f  856//1606 866//1606 867//1606
f  856//1607 867//1607 854//1607
f  868//1608 869//1608 870//1608
f  870//1609 869//1609 871//1609
f  870//1610 871//1610 859//1610
f  859//1611 871//1611 872//1611
f  859//1612 872//1612 860//1612
f  868//1613 870//1613 873//1613
f  873//1614 870//1614 874//1614
f  873//1615 874//1615 875//1615
f  876//1616 877//1616 874//1616
f  874//1617 877//1617 878//1617
f  874//1618 878//1618 875//1618
f  879//1619 880//1619 876//1619
f  876//1620 880//1620 881//1620
f  876//1621 881//1621 877//1621
f  876//1622 882//1622 879//1622
f  879//1623 882//1623 883//1623
f  879//1624 883//1624 884//1624
f  884//1625 883//1625 885//1625
f  884//1626 885//1626 886//1626
f  886//1627 885//1627 887//1627
f  887//1628 885//1628 888//1628
f  887//1629 888//1629 889//1629
f  889//1630 888//1630 776//1630
f  889//1631 776//1631 890//1631
f  787//1632 786//1632 791//1632
f  791//1633 786//1633 891//1633
f  791//1634 891//1634 789//1634
f  892//1635 893//1635 788//1635
f  788//1636 893//1636 894//1636
f  788//1637 894//1637 786//1637
f  788//1638 895//1638 892//1638
f  892//1639 895//1639 896//1639
f  892//1640 896//1640 897//1640
f  784//1641 783//1641 896//1641
f  896//1642 783//1642 898//1642
f  896//1643 898//1643 897//1643
f  899//1644 900//1644 785//1644
f  785//1645 900//1645 901//1645
f  785//1646 901//1646 783//1646
f  785//1647 902//1647 899//1647
f  899//1648 902//1648 903//1648
f  899//1649 903//1649 904//1649
f  905//1650 906//1650 907//1650
f  907//1651 906//1651 908//1651
f  907//1652 908//1652 909//1652
f  908//1653 910//1653 909//1653
f  909//1654 910//1654 911//1654
f  909//1655 911//1655 912//1655
f  912//1656 911//1656 913//1656
f  912//1657 913//1657 903//1657
f  903//1658 913//1658 914//1658
f  903//1659 914//1659 904//1659
f  915//1660 916//1660 907//1660
f  907//1661 916//1661 917//1661
f  907//1662 917//1662 905//1662
f  907//1663 918//1663 915//1663
f  915//1664 918//1664 919//1664
f  915//1665 919//1665 920//1665
f  920//1666 919//1666 921//1666
f  920//1667 921//1667 922//1667
f  922//1668 921//1668 923//1668
f  922//1669 923//1669 924//1669
f  924//1670 923//1670 925//1670
f  923//1671 926//1671 925//1671
f  925//1672 926//1672 927//1672
f  925//1673 927//1673 928//1673
f  781//1674 780//1674 929//1674
f  780//1675 930//1675 929//1675
f  929//1676 930//1676 931//1676
f  929//1677 931//1677 927//1677
f  927//1678 931//1678 932//1678
f  927//1679 932//1679 928//1679
f  890//1680 776//1680 933//1680
f  933//1681 776//1681 775//1681
f  933//1682 775//1682 934//1682
f  934//1683 775//1683 935//1683
f  934//1684 935//1684 936//1684
f  790//1685 937//1685 791//1685
f  791//1686 937//1686 938//1686
f  791//1687 938//1687 787//1687
f  787//1688 938//1688 939//1688
f  787//1689 939//1689 788//1689
f  788//1690 939//1690 940//1690
f  788//1691 940//1691 895//1691
f  895//1692 940//1692 941//1692
f  895//1693 941//1693 896//1693
f  896//1694 941//1694 942//1694
f  896//1695 942//1695 784//1695
f  784//1696 942//1696 943//1696
f  784//1697 943//1697 785//1697
f  785//1698 943//1698 944//1698
f  785//1699 944//1699 902//1699
f  902//1700 944//1700 945//1700
f  902//1701 945//1701 903//1701
f  903//1702 945//1702 946//1702
f  903//1703 946//1703 912//1703
f  912//1704 946//1704 947//1704
f  912//1705 947//1705 909//1705
f  909//1706 947//1706 948//1706
f  909//1707 948//1707 907//1707
f  907//1708 948//1708 949//1708
f  907//1709 949//1709 918//1709
f  918//1710 949//1710 950//1710
f  918//1711 950//1711 919//1711
f  919//1712 950//1712 951//1712
f  919//1713 951//1713 921//1713
f  921//1714 951//1714 952//1714
f  921//1715 952//1715 923//1715
f  923//1716 952//1716 953//1716
f  923//1717 953//1717 926//1717
f  778//1718 954//1718 779//1718
f  779//1719 954//1719 955//1719
f  779//1720 955//1720 956//1720
f  792//1721 799//1721 793//1721
f  793//1722 799//1722 800//1722
f  793//1723 800//1723 794//1723
f  794//1724 800//1724 957//1724
f  794//1725 957//1725 803//1725
f  803//1726 957//1726 958//1726
f  803//1727 958//1727 801//1727
f  801//1728 958//1728 959//1728
f  801//1729 959//1729 806//1729
f  806//1730 959//1730 960//1730
f  806//1731 960//1731 961//1731
f  961//1732 960//1732 962//1732
f  961//1733 962//1733 963//1733
f  963//1734 962//1734 964//1734
f  963//1735 964//1735 965//1735
f  965//1736 964//1736 966//1736
f  955//1737 967//1737 956//1737
f  956//1738 967//1738 816//1738
f  956//1739 816//1739 809//1739
f  809//1740 816//1740 818//1740
f  809//1741 818//1741 810//1741
f  814//1742 807//1742 815//1742
f  815//1743 807//1743 806//1743
f  815//1744 806//1744 813//1744
f  813//1745 806//1745 961//1745
f  813//1746 961//1746 811//1746
f  811//1747 961//1747 963//1747
f  811//1748 963//1748 809//1748
f  809//1749 963//1749 965//1749
f  809//1750 965//1750 956//1750
f  956//1751 965//1751 966//1751
f  956//1752 966//1752 779//1752
f  937//1753 968//1753 938//1753
f  938//1754 968//1754 969//1754
f  938//1755 969//1755 939//1755
f  939//1756 969//1756 970//1756
f  939//1757 970//1757 940//1757
f  940//1758 970//1758 971//1758
f  940//1759 971//1759 941//1759
f  941//1760 971//1760 972//1760
f  941//1761 972//1761 942//1761
f  942//1762 972//1762 973//1762
f  942//1763 973//1763 943//1763
f  943//1764 973//1764 974//1764
f  943//1765 974//1765 944//1765
f  944//1766 974//1766 975//1766
f  944//1767 975//1767 945//1767
f  945//1768 975//1768 976//1768
f  945//1769 976//1769 946//1769
f  946//1770 976//1770 977//1770
f  946//1771 977//1771 947//1771
f  947//1772 977//1772 978//1772
f  947//1773 978//1773 948//1773
f  948//1774 978//1774 979//1774
f  948//1775 979//1775 949//1775
f  949//1776 979//1776 980//1776
f  949//1777 980//1777 950//1777
f  950//1778 980//1778 981//1778
f  950//1779 981//1779 951//1779
f  951//1780 981//1780 982//1780
f  951//1781 982//1781 952//1781
f  952//1782 982//1782 983//1782
f  952//1783 983//1783 953//1783
f  953//1784 983//1784 984//1784
f  953//1785 984//1785 926//1785
f  926//1786 984//1786 985//1786
f  926//1787 985//1787 927//1787
f  927//1788 985//1788 986//1788
f  927//1789 986//1789 929//1789
f  929//1790 986//1790 987//1790
f  929//1791 987//1791 781//1791
f  781//1792 987//1792 796//1792
f  781//1793 796//1793 782//1793
f  782//1794 796//1794 795//1794
f  988//1795 989//1795 990//1795
f  990//1796 989//1796 991//1796
f  819//1797 821//1797 992//1797
f  992//1798 821//1798 993//1798
f  992//1799 993//1799 991//1799
f  991//1800 993//1800 994//1800
f  991//1801 994//1801 990//1801
f  995//1802 989//1802 996//1802
f  996//1803 989//1803 988//1803
f  996//1804 988//1804 997//1804
f  968//1805 774//1805 969//1805
f  969//1806 774//1806 776//1806
f  969//1807 776//1807 970//1807
f  970//1808 776//1808 888//1808
f  970//1809 888//1809 971//1809
f  971//1810 888//1810 885//1810
f  971//1811 885//1811 972//1811
f  972//1812 885//1812 883//1812
f  972//1813 883//1813 973//1813
f  973//1814 883//1814 882//1814
f  973//1815 882//1815 974//1815
f  974//1816 882//1816 876//1816
f  974//1817 876//1817 975//1817
f  975//1818 876//1818 874//1818
f  975//1819 874//1819 976//1819
f  976//1820 874//1820 870//1820
f  976//1821 870//1821 977//1821
f  977//1822 870//1822 859//1822
f  977//1823 859//1823 978//1823
f  978//1824 859//1824 861//1824
f  978//1825 861//1825 979//1825
f  979//1826 861//1826 863//1826
f  979//1827 863//1827 980//1827
f  980//1828 863//1828 865//1828
f  980//1829 865//1829 981//1829
f  981//1830 865//1830 856//1830
f  981//1831 856//1831 982//1831
f  982//1832 856//1832 851//1832
f  982//1833 851//1833 983//1833
f  983//1834 851//1834 843//1834
f  983//1835 843//1835 984//1835
f  984//1836 843//1836 845//1836
f  984//1837 845//1837 985//1837
f  985//1838 845//1838 847//1838
f  985//1839 847//1839 986//1839
f  986//1840 847//1840 849//1840
f  986//1841 849//1841 987//1841
f  987//1842 849//1842 850//1842
f  987//1843 850//1843 796//1843
f  796//1844 850//1844 835//1844
f  796//1845 835//1845 798//1845
f  798//1846 835//1846 837//1846
f  798//1847 837//1847 800//1847
f  800//1848 837//1848 832//1848
f  800//1849 832//1849 957//1849
f  957//1850 832//1850 830//1850
f  957//1851 830//1851 958//1851
f  958//1852 830//1852 827//1852
f  958//1853 827//1853 959//1853
f  959//1854 827//1854 824//1854
f  959//1855 824//1855 960//1855
f  960//1856 824//1856 820//1856
f  960//1857 820//1857 962//1857
f  962//1858 820//1858 819//1858
f  962//1859 819//1859 964//1859
f  964//1860 819//1860 992//1860
f  964//1861 992//1861 966//1861
f  966//1862 992//1862 991//1862
f  966//1863 991//1863 779//1863
f  779//1864 991//1864 989//1864
f  779//1865 989//1865 777//1865
f  777//1866 989//1866 995//1866
f  998//1867 999//1867 1000//1867
f  1001//1868 1002//1868 1003//1868
f  1004//1869 1005//1869 1006//1869
f  1007//1870 1008//1870 1009//1870
f  1010//1871 790//1871 1011//1871
f  1011//1872 790//1872 1012//1872
f  1012//1873 1013//1873 1011//1873
f  1011//1874 1013//1874 1014//1874
f  1011//1875 1014//1875 1015//1875
f  1016//1876 1017//1876 1018//1876
f  1018//1877 1017//1877 1019//1877
f  1018//1878 1019//1878 1020//1878
f  1021//1879 1022//1879 1023//1879
f  1023//1880 1022//1880 1024//1880
f  1023//1881 1024//1881 1025//1881
f  1025//1882 1024//1882 1026//1882
f  1025//1883 1026//1883 1027//1883
f  1028//1884 1029//1884 1030//1884
f  1029//1885 1028//1885 1031//1885
f  1002//1886 1004//1886 1003//1886
f  1003//1887 1004//1887 1006//1887
f  1003//1888 1006//1888 1032//1888
f  1032//1889 1006//1889 1033//1889
f  1032//1890 1033//1890 1034//1890
f  998//1891 1000//1891 1035//1891
f  1036//1892 1037//1892 1038//1892
f  1038//1893 1037//1893 1039//1893
f  1038//1894 1039//1894 1040//1894
f  1040//1895 1039//1895 1041//1895
f  1041//1896 1039//1896 1042//1896
f  1041//1897 1042//1897 1043//1897
f  1044//1898 1045//1898 1042//1898
f  1042//1899 1045//1899 1046//1899
f  1042//1900 1046//1900 1043//1900
f  1009//1901 1047//1901 1007//1901
f  1007//1902 1047//1902 1048//1902
f  1007//1903 1048//1903 1049//1903
f  1049//1904 1048//1904 1050//1904
f  1049//1905 1050//1905 1044//1905
f  1044//1906 1050//1906 1051//1906
f  1044//1907 1051//1907 1045//1907
f  1052//1908 936//1908 1053//1908
f  1053//1909 936//1909 935//1909
f  999//1910 1001//1910 1000//1910
f  1000//1911 1001//1911 1003//1911
f  1000//1912 1003//1912 1054//1912
f  1054//1913 1003//1913 1032//1913
f  1054//1914 1032//1914 1055//1914
f  1031//1915 1028//1915 1056//1915
f  1056//1916 1028//1916 1057//1916
f  1056//1917 1057//1917 1058//1917
f  1034//1918 1029//1918 1032//1918
f  1032//1919 1029//1919 1031//1919
f  1032//1920 1031//1920 1055//1920
f  1055//1921 1031//1921 1056//1921
f  1055//1922 1056//1922 1059//1922
f  1059//1923 1056//1923 1058//1923
f  1059//1924 1058//1924 1060//1924
f  1037//1925 1061//1925 1039//1925
f  1039//1926 1061//1926 1062//1926
f  1039//1927 1062//1927 1042//1927
f  1042//1928 1062//1928 1063//1928
f  1042//1929 1063//1929 1044//1929
f  1044//1930 1063//1930 1064//1930
f  1044//1931 1064//1931 1049//1931
f  1049//1932 1064//1932 1065//1932
f  1049//1933 1065//1933 1007//1933
f  1007//1934 1065//1934 1066//1934
f  1067//1935 1066//1935 1060//1935
f  1060//1936 1066//1936 1065//1936
f  1060//1937 1065//1937 1059//1937
f  1059//1938 1065//1938 1064//1938
f  1059//1939 1064//1939 1055//1939
f  1055//1940 1064//1940 1063//1940
f  1055//1941 1063//1941 1054//1941
f  1054//1942 1063//1942 1062//1942
f  1054//1943 1062//1943 1000//1943
f  1000//1944 1062//1944 1061//1944
f  1000//1945 1061//1945 1035//1945
f  1035//1946 1061//1946 1037//1946
f  1035//1947 1037//1947 1068//1947
f  1068//1948 1037//1948 1036//1948
f  1068//1949 1036//1949 1069//1949
f  1030//1950 1070//1950 1028//1950
f  1028//1951 1070//1951 1071//1951
f  1028//1952 1071//1952 1057//1952
f  1057//1953 1071//1953 1027//1953
f  1057//1954 1027//1954 1058//1954
f  1058//1955 1027//1955 1026//1955
f  1058//1956 1026//1956 1060//1956
f  1060//1957 1026//1957 1024//1957
f  1060//1958 1024//1958 1067//1958
f  1067//1959 1024//1959 1022//1959
f  1067//1960 1022//1960 1072//1960
f  1072//1961 1022//1961 1021//1961
f  1072//1962 1073//1962 1067//1962
f  1067//1963 1073//1963 1010//1963
f  1067//1964 1010//1964 1066//1964
f  1066//1965 1010//1965 1011//1965
f  1066//1966 1011//1966 1007//1966
f  1007//1967 1011//1967 1015//1967
f  1007//1968 1015//1968 1008//1968
f  1021//1969 1016//1969 1072//1969
f  1072//1970 1016//1970 1018//1970
f  1072//1971 1018//1971 1073//1971
f  1073//1972 1018//1972 1020//1972
f  1073//1973 1020//1973 1053//1973
f  1053//1974 1020//1974 1019//1974
f  1053//1975 1019//1975 1052//1975
f  935//1976 775//1976 1053//1976
f  1053//1977 775//1977 774//1977
f  1053//1978 774//1978 1073//1978
f  1073//1979 774//1979 968//1979
f  1073//1980 968//1980 1010//1980
f  1010//1981 968//1981 937//1981
f  1010//1982 937//1982 790//1982
f  922//1983 924//1983 1074//1983
f  1074//1984 924//1984 925//1984
f  925//1985 928//1985 1074//1985
f  1074//1986 928//1986 932//1986
f  1074//1987 932//1987 931//1987
f  916//1988 915//1988 1074//1988
f  1074//1989 915//1989 920//1989
f  1074//1990 920//1990 922//1990
f  817//1991 1075//1991 1076//1991
f  817//1992 1076//1992 818//1992
f  818//1993 1076//1993 1077//1993
f  818//1994 1077//1994 810//1994
f  817//1995 1078//1995 1079//1995
f  1079//1996 1078//1996 1080//1996
f  1081//1997 1075//1997 817//1997
f  1082//1998 1083//1998 1084//1998
f  1085//1999 1086//1999 1082//1999
f  1087//2000 1051//2000 1088//2000
f  1088//2001 1051//2001 1050//2001
f  1088//2002 1050//2002 1048//2002
f  1089//2003 1090//2003 1091//2003
f  1091//2004 1090//2004 1092//2004
f  1091//2005 1092//2005 1093//2005
f  1084//2006 1094//2006 1082//2006
f  1082//2007 1094//2007 1095//2007
f  1082//2008 1095//2008 1085//2008
f  1085//2009 1095//2009 1096//2009
f  1085//2010 1096//2010 1091//2010
f  1091//2011 1096//2011 1097//2011
f  1091//2012 1097//2012 1089//2012
f  1098//2013 1043//2013 1099//2013
f  1099//2014 1043//2014 1046//2014
f  1099//2015 1046//2015 1087//2015
f  1087//2016 1046//2016 1045//2016
f  1087//2017 1045//2017 1051//2017
f  1094//2018 1100//2018 1095//2018
f  1095//2019 1100//2019 1101//2019
f  1095//2020 1101//2020 1102//2020
f  1102//2021 1101//2021 1069//2021
f  1102//2022 1069//2022 1103//2022
f  1103//2023 1069//2023 1036//2023
f  1103//2024 1036//2024 1104//2024
f  1104//2025 1036//2025 1038//2025
f  1104//2026 1038//2026 1105//2026
f  1105//2027 1038//2027 1040//2027
f  1105//2028 1040//2028 1098//2028
f  1098//2029 1040//2029 1041//2029
f  1098//2030 1041//2030 1043//2030
f  1093//2031 1106//2031 1091//2031
f  1091//2032 1106//2032 1107//2032
f  1091//2033 1107//2033 1108//2033
f  1108//2034 1107//2034 1109//2034
f  1108//2035 1109//2035 1079//2035
f  1079//2036 1109//2036 1110//2036
f  1079//2037 1110//2037 1111//2037
f  1111//2038 1112//2038 1079//2038
f  1079//2039 1112//2039 1113//2039
f  1079//2040 1113//2040 1114//2040
f  1114//2041 1115//2041 1079//2041
f  1079//2042 1115//2042 1116//2042
f  1079//2043 1116//2043 817//2043
f  817//2044 1116//2044 1117//2044
f  817//2045 1117//2045 1081//2045
f  930//2046 780//2046 1118//2046
f  917//2047 916//2047 1119//2047
f  1119//2048 916//2048 1074//2048
f  1119//2049 1074//2049 1118//2049
f  1118//2050 1074//2050 931//2050
f  1118//2051 931//2051 930//2051
f  905//2052 917//2052 1119//2052
f  905//2053 1119//2053 906//2053
f  906//2054 1119//2054 1120//2054
f  906//2055 1120//2055 908//2055
f  795//2056 797//2056 1121//2056
f  795//2057 1121//2057 782//2057
f  782//2058 1121//2058 1118//2058
f  782//2059 1118//2059 780//2059
f  1122//2060 1123//2060 1124//2060
f  1125//2061 1126//2061 1127//2061
f  1128//2062 1129//2062 1130//2062
f  1131//2063 1132//2063 1133//2063
f  1133//2064 1132//2064 1134//2064
f  1133//2065 1134//2065 1135//2065
f  1136//2066 1137//2066 1138//2066
f  1139//2067 1131//2067 1140//2067
f  1140//2068 1131//2068 1133//2068
f  1140//2069 1133//2069 1141//2069
f  1141//2070 1133//2070 1135//2070
f  1141//2071 1135//2071 1142//2071
f  1137//2072 1143//2072 1138//2072
f  1138//2073 1143//2073 1144//2073
f  1138//2074 1144//2074 1145//2074
f  1146//2075 1147//2075 1148//2075
f  1148//2076 1147//2076 1149//2076
f  1148//2077 1149//2077 1150//2077
f  1150//2078 1149//2078 1145//2078
f  1150//2079 1145//2079 1151//2079
f  1151//2080 1145//2080 1144//2080
f  1152//2081 1153//2081 1154//2081
f  1154//2082 1153//2082 1155//2082
f  1154//2083 1155//2083 1156//2083
f  1156//2084 1155//2084 1157//2084
f  1156//2085 1157//2085 1158//2085
f  1158//2086 1157//2086 1159//2086
f  1158//2087 1159//2087 1160//2087
f  1161//2088 1162//2088 1163//2088
f  1163//2089 1162//2089 1164//2089
f  1163//2090 1164//2090 1165//2090
f  1165//2091 1164//2091 1166//2091
f  1165//2092 1166//2092 1167//2092
f  1167//2093 1166//2093 1168//2093
f  1167//2094 1168//2094 1169//2094
f  1169//2095 1168//2095 1170//2095
f  1169//2096 1170//2096 1171//2096
f  1171//2097 1170//2097 1172//2097
f  1171//2098 1172//2098 1173//2098
f  1162//2099 1152//2099 1164//2099
f  1164//2100 1152//2100 1154//2100
f  1164//2101 1154//2101 1166//2101
f  1166//2102 1154//2102 1156//2102
f  1166//2103 1156//2103 1168//2103
f  1168//2104 1156//2104 1158//2104
f  1168//2105 1158//2105 1170//2105
f  1170//2106 1158//2106 1160//2106
f  1170//2107 1160//2107 1172//2107
f  1126//2108 1125//2108 1174//2108
f  1174//2109 1125//2109 1175//2109
f  1174//2110 1175//2110 1146//2110
f  1146//2111 1175//2111 1176//2111
f  1146//2112 1176//2112 1147//2112
f  1177//2113 1139//2113 1161//2113
f  1161//2114 1139//2114 1140//2114
f  1161//2115 1140//2115 1162//2115
f  1162//2116 1140//2116 1141//2116
f  1162//2117 1141//2117 1152//2117
f  1152//2118 1141//2118 1142//2118
f  1152//2119 1142//2119 1153//2119
f  1178//2120 1179//2120 1180//2120
f  1180//2121 1179//2121 1181//2121
f  1180//2122 1181//2122 1182//2122
f  1182//2123 1181//2123 1183//2123
f  1182//2124 1183//2124 1184//2124
f  1184//2125 1183//2125 1185//2125
f  1184//2126 1185//2126 1186//2126
f  1186//2127 1185//2127 1187//2127
f  1186//2128 1187//2128 1132//2128
f  1130//2129 1188//2129 1128//2129
f  1128//2130 1188//2130 1189//2130
f  1128//2131 1189//2131 1190//2131
f  1190//2132 1189//2132 1191//2132
f  1190//2133 1191//2133 1178//2133
f  1178//2134 1191//2134 1192//2134
f  1178//2135 1192//2135 1179//2135
f  1193//2136 1187//2136 1194//2136
f  1194//2137 1187//2137 1185//2137
f  1194//2138 1185//2138 1195//2138
f  1195//2139 1185//2139 1183//2139
f  1195//2140 1183//2140 1196//2140
f  1196//2141 1183//2141 1181//2141
f  1196//2142 1181//2142 1197//2142
f  1197//2143 1181//2143 1179//2143
f  1197//2144 1179//2144 1198//2144
f  1198//2145 1179//2145 1192//2145
f  1198//2146 1192//2146 1199//2146
f  1199//2147 1192//2147 1191//2147
f  1199//2148 1191//2148 1200//2148
f  1200//2149 1191//2149 1189//2149
f  1200//2150 1189//2150 1201//2150
f  1201//2151 1189//2151 1188//2151
f  1201//2152 1188//2152 1202//2152
f  1202//2153 1188//2153 1130//2153
f  1203//2154 1193//2154 1204//2154
f  1204//2155 1193//2155 1194//2155
f  1204//2156 1194//2156 1205//2156
f  1205//2157 1194//2157 1195//2157
f  1205//2158 1195//2158 1206//2158
f  1206//2159 1195//2159 1196//2159
f  1206//2160 1196//2160 1207//2160
f  1207//2161 1196//2161 1197//2161
f  1207//2162 1197//2162 1208//2162
f  1208//2163 1197//2163 1198//2163
f  1208//2164 1198//2164 1209//2164
f  1209//2165 1198//2165 1199//2165
f  1209//2166 1199//2166 1210//2166
f  1210//2167 1199//2167 1200//2167
f  1210//2168 1200//2168 1211//2168
f  1211//2169 1200//2169 1201//2169
f  1211//2170 1201//2170 1212//2170
f  1212//2171 1201//2171 1202//2171
f  1213//2172 1203//2172 1214//2172
f  1214//2173 1203//2173 1204//2173
f  1214//2174 1204//2174 1215//2174
f  1215//2175 1204//2175 1205//2175
f  1215//2176 1205//2176 1216//2176
f  1216//2177 1205//2177 1206//2177
f  1216//2178 1206//2178 1217//2178
f  1217//2179 1206//2179 1207//2179
f  1217//2180 1207//2180 1218//2180
f  1218//2181 1207//2181 1208//2181
f  1218//2182 1208//2182 1219//2182
f  1219//2183 1208//2183 1209//2183
f  1219//2184 1209//2184 1220//2184
f  1220//2185 1209//2185 1210//2185
f  1220//2186 1210//2186 1221//2186
f  1221//2187 1210//2187 1211//2187
f  1221//2188 1211//2188 1222//2188
f  1222//2189 1211//2189 1212//2189
f  1223//2190 1213//2190 1224//2190
f  1224//2191 1213//2191 1214//2191
f  1224//2192 1214//2192 1225//2192
f  1225//2193 1214//2193 1215//2193
f  1225//2194 1215//2194 1226//2194
f  1226//2195 1215//2195 1216//2195
f  1226//2196 1216//2196 1227//2196
f  1227//2197 1216//2197 1217//2197
f  1227//2198 1217//2198 1228//2198
f  1228//2199 1217//2199 1218//2199
f  1228//2200 1218//2200 1229//2200
f  1229//2201 1218//2201 1219//2201
f  1229//2202 1219//2202 1230//2202
f  1230//2203 1219//2203 1220//2203
f  1230//2204 1220//2204 1231//2204
f  1231//2205 1220//2205 1221//2205
f  1231//2206 1221//2206 1232//2206
f  1232//2207 1221//2207 1222//2207
f  1233//2208 1223//2208 1234//2208
f  1234//2209 1223//2209 1224//2209
f  1234//2210 1224//2210 1235//2210
f  1235//2211 1224//2211 1225//2211
f  1235//2212 1225//2212 1236//2212
f  1236//2213 1225//2213 1226//2213
f  1236//2214 1226//2214 1237//2214
f  1237//2215 1226//2215 1227//2215
f  1237//2216 1227//2216 1238//2216
f  1238//2217 1227//2217 1228//2217
f  1238//2218 1228//2218 1239//2218
f  1239//2219 1228//2219 1229//2219
f  1239//2220 1229//2220 1240//2220
f  1240//2221 1229//2221 1230//2221
f  1240//2222 1230//2222 1241//2222
f  1241//2223 1230//2223 1231//2223
f  1241//2224 1231//2224 1242//2224
f  1242//2225 1231//2225 1232//2225
f  1173//2226 1243//2226 1171//2226
f  1171//2227 1243//2227 1244//2227
f  1171//2228 1244//2228 1169//2228
f  1169//2229 1244//2229 1245//2229
f  1169//2230 1245//2230 1167//2230
f  1167//2231 1245//2231 1246//2231
f  1167//2232 1246//2232 1165//2232
f  1165//2233 1246//2233 1247//2233
f  1165//2234 1247//2234 1163//2234
f  1163//2235 1247//2235 1248//2235
f  1163//2236 1248//2236 1161//2236
f  1161//2237 1248//2237 1249//2237
f  1161//2238 1249//2238 1177//2238
f  1122//2239 1233//2239 1250//2239
f  1250//2240 1233//2240 1234//2240
f  1250//2241 1234//2241 1251//2241
f  1251//2242 1234//2242 1235//2242
f  1251//2243 1235//2243 1252//2243
f  1252//2244 1235//2244 1236//2244
f  1252//2245 1236//2245 1253//2245
f  1253//2246 1236//2246 1237//2246
f  1253//2247 1237//2247 1254//2247
f  1254//2248 1237//2248 1238//2248
f  1254//2249 1238//2249 1255//2249
f  1255//2250 1238//2250 1239//2250
f  1255//2251 1239//2251 1256//2251
f  1256//2252 1239//2252 1240//2252
f  1256//2253 1240//2253 1257//2253
f  1257//2254 1240//2254 1241//2254
f  1257//2255 1241//2255 1258//2255
f  1258//2256 1241//2256 1242//2256
f  1132//2257 1187//2257 1134//2257
f  1134//2258 1187//2258 1193//2258
f  1134//2259 1193//2259 1135//2259
f  1135//2260 1193//2260 1203//2260
f  1135//2261 1203//2261 1142//2261
f  1142//2262 1203//2262 1213//2262
f  1142//2263 1213//2263 1153//2263
f  1153//2264 1213//2264 1223//2264
f  1153//2265 1223//2265 1155//2265
f  1155//2266 1223//2266 1233//2266
f  1155//2267 1233//2267 1157//2267
f  1157//2268 1233//2268 1122//2268
f  1157//2269 1122//2269 1159//2269
f  1159//2270 1122//2270 1124//2270
f  1159//2271 1124//2271 1160//2271
f  1160//2272 1124//2272 1259//2272
f  1160//2273 1259//2273 1172//2273
f  1172//2274 1259//2274 1260//2274
f  1172//2275 1260//2275 1173//2275
f  1173//2276 1260//2276 1261//2276
f  1173//2277 1261//2277 1243//2277
f  1123//2278 1122//2278 1262//2278
f  1262//2279 1122//2279 1250//2279
f  1262//2280 1250//2280 1263//2280
f  1263//2281 1250//2281 1251//2281
f  1263//2282 1251//2282 1264//2282
f  1264//2283 1251//2283 1252//2283
f  1264//2284 1252//2284 1265//2284
f  1265//2285 1252//2285 1253//2285
f  1265//2286 1253//2286 1266//2286
f  1266//2287 1253//2287 1254//2287
f  1266//2288 1254//2288 1267//2288
f  1267//2289 1254//2289 1255//2289
f  1267//2290 1255//2290 1268//2290
f  1268//2291 1255//2291 1256//2291
f  1268//2292 1256//2292 1269//2292
f  1269//2293 1256//2293 1257//2293
f  1269//2294 1257//2294 1127//2294
f  1127//2295 1257//2295 1258//2295
f  1127//2296 1258//2296 1125//2296
f  1125//2297 1258//2297 1242//2297
f  1125//2298 1242//2298 1175//2298
f  1175//2299 1242//2299 1232//2299
f  1175//2300 1232//2300 1176//2300
f  1176//2301 1232//2301 1222//2301
f  1176//2302 1222//2302 1147//2302
f  1147//2303 1222//2303 1212//2303
f  1147//2304 1212//2304 1149//2304
f  1149//2305 1212//2305 1202//2305
f  1149//2306 1202//2306 1145//2306
f  1145//2307 1202//2307 1130//2307
f  1145//2308 1130//2308 1138//2308
f  1138//2309 1130//2309 1129//2309
f  1138//2310 1129//2310 1136//2310
f  1270//2311 1271//2311 1272//2311
f  1272//2312 1271//2312 1273//2312
f  1272//2313 1273//2313 1274//2313
f  1274//2314 1273//2314 1275//2314
f  1274//2315 1275//2315 1276//2315
f  1271//2316 1277//2316 1273//2316
f  1273//2317 1277//2317 1278//2317
f  1273//2318 1278//2318 1275//2318
f  1275//2319 1278//2319 1279//2319
f  1277//2320 1280//2320 1278//2320
f  1278//2321 1280//2321 1281//2321
f  1278//2322 1281//2322 1279//2322
f  1279//2323 1281//2323 1282//2323
f  1279//2324 1282//2324 1283//2324
f  1276//2325 1275//2325 1284//2325
f  1284//2326 1275//2326 1279//2326
f  1284//2327 1279//2327 1285//2327
f  1285//2328 1279//2328 1283//2328
f  1285//2329 1283//2329 1286//2329
f  1287//2330 1276//2330 1288//2330
f  1288//2331 1276//2331 1284//2331
f  1288//2332 1284//2332 1289//2332
f  1289//2333 1284//2333 1285//2333
f  1289//2334 1285//2334 1290//2334
f  1290//2335 1285//2335 1286//2335
f  1290//2336 1286//2336 1291//2336
f  1292//2337 1293//2337 1080//2337
f  1080//2338 1078//2338 1292//2338
f  1292//2339 1078//2339 1294//2339
f  1292//2340 1294//2340 1295//2340
f  1296//2341 1297//2341 1298//2341
f  1298//2342 954//2342 778//2342
f  1298//2343 778//2343 1299//2343
f  997//2344 1300//2344 996//2344
f  996//2345 1300//2345 1301//2345
f  996//2346 1301//2346 995//2346
f  995//2347 1301//2347 1299//2347
f  995//2348 1299//2348 777//2348
f  777//2349 1299//2349 778//2349
f  1078//2350 817//2350 1294//2350
f  1294//2351 817//2351 816//2351
f  1294//2352 816//2352 1295//2352
f  1295//2353 816//2353 1297//2353
f  1297//2354 816//2354 967//2354
f  1297//2355 967//2355 1298//2355
f  1298//2356 967//2356 955//2356
f  1298//2357 955//2357 954//2357
f  1296//2358 1298//2358 1302//2358
f  1302//2359 1298//2359 1299//2359
f  1302//2360 1299//2360 1303//2360
f  1303//2361 1299//2361 1301//2361
f  1303//2362 1301//2362 1304//2362
f  1304//2363 1301//2363 1305//2363
f  1305//2364 1301//2364 1300//2364
f  1305//2365 1300//2365 1306//2365
f  1307//2366 1308//2366 1309//2366
f  1307//2366 1309//2366 1310//2366
f  1311//2367 1312//2367 1313//2367
f  1314//2366 1315//2366 1316//2366
f  1312//2368 1311//2368 1317//2368
f  1317//2366 1311//2366 1318//2366
f  1317//2369 1318//2369 1319//2369
f  1319//2370 1318//2370 1320//2370
f  1319//2371 1320//2371 1321//2371
f  1322//2372 1323//2372 1324//2372
f  1324//2373 1323//2373 1325//2373
f  1324//2374 1325//2374 1326//2374
f  1326//2375 1327//2375 1324//2375
f  1324//2376 1327//2376 1094//2376
f  1324//2377 1094//2377 1328//2377
f  1328//2378 1094//2378 1084//2378
f  1329//2379 1315//2379 1330//2379
f  1330//2380 1315//2380 1319//2380
f  1330//2381 1319//2381 1331//2381
f  1324//2382 1331//2382 1322//2382
f  1322//2383 1331//2383 1319//2383
f  1322//2384 1319//2384 1332//2384
f  1332//2385 1319//2385 1321//2385
f  1310//2366 1309//2366 1333//2366
f  1333//2366 1309//2366 1334//2366
f  1333//2366 1334//2366 1313//2366
f  1313//2386 1334//2386 1335//2386
f  1313//2387 1335//2387 1336//2387
f  1337//2366 1338//2366 1329//2366
f  1329//2366 1338//2366 1339//2366
f  1329//2366 1339//2366 1315//2366
f  1315//2366 1339//2366 1340//2366
f  1315//2366 1340//2366 1316//2366
f  1341//2388 1342//2388 1316//2388
f  1316//2389 1342//2389 1343//2389
f  1316//2366 1343//2366 1314//2366
f  1344//2390 1311//2390 1345//2390
f  1345//2391 1311//2391 1313//2391
f  1345//2392 1313//2392 1346//2392
f  1346//2393 1313//2393 1336//2393
f  1337//2394 1347//2394 1338//2394
f  1338//2395 1347//2395 1348//2395
f  1338//2366 1348//2366 1349//2366
f  1350//2396 1085//2396 1351//2396
f  1351//2396 1085//2396 1091//2396
f  1351//2396 1091//2396 1352//2396
f  1352//2396 1091//2396 1353//2396
f  1352//2396 1353//2396 1354//2396
f  1354//2396 1355//2396 1352//2396
f  1352//2396 1355//2396 1356//2396
f  1352//2396 1356//2396 1357//2396
f  1357//2396 1356//2396 1358//2396
f  1082//2397 1086//2397 1359//2397
f  1350//2398 1360//2398 1085//2398
f  1085//2399 1360//2399 1361//2399
f  1085//2400 1361//2400 1086//2400
f  1086//2401 1361//2401 1362//2401
f  1086//2402 1362//2402 1359//2402
f  1363//2403 1364//2403 1365//2403
f  1365//2404 1364//2404 1366//2404
f  1365//2405 1366//2405 1367//2405
f  1367//2406 1366//2406 1368//2406
f  1367//2407 1368//2407 1369//2407
f  1369//2408 1368//2408 1370//2408
f  1369//2409 1370//2409 1371//2409
f  1371//2410 1370//2410 1372//2410
f  1371//2411 1372//2411 1373//2411
f  1373//2412 1372//2412 1334//2412
f  1373//2413 1334//2413 1309//2413
f  1374//2414 1177//2414 1375//2414
f  1375//2415 1177//2415 1376//2415
f  1375//2416 1376//2416 1377//2416
f  1377//2417 1376//2417 1378//2417
f  1377//2418 1378//2418 1379//2418
f  1379//2419 1378//2419 1380//2419
f  1379//2420 1380//2420 1381//2420
f  1380//2421 1382//2421 1381//2421
f  1381//2422 1382//2422 1383//2422
f  1381//2423 1383//2423 1384//2423
f  1384//2424 1383//2424 1385//2424
f  1384//2425 1385//2425 1386//2425
f  1386//2426 1385//2426 1387//2426
f  1386//2427 1387//2427 1388//2427
f  1388//2428 1387//2428 1389//2428
f  1388//2429 1389//2429 1390//2429
f  1390//2430 1389//2430 1391//2430
f  1390//2431 1391//2431 1363//2431
f  1363//2432 1391//2432 1392//2432
f  1363//2433 1392//2433 1364//2433
f  1393//2434 1297//2434 1296//2434
f  1394//2435 1395//2435 1396//2435
f  1396//2436 1395//2436 1397//2436
f  1396//2437 1397//2437 1398//2437
f  1304//2438 1305//2438 1399//2438
f  1399//2439 1305//2439 1306//2439
f  1399//2440 1306//2440 1400//2440
f  1400//2441 1306//2441 1401//2441
f  1400//2442 1401//2442 1402//2442
f  1304//2443 1399//2443 1303//2443
f  1303//2444 1399//2444 1403//2444
f  1303//2445 1403//2445 1302//2445
f  1302//2446 1403//2446 1404//2446
f  1302//2447 1404//2447 1296//2447
f  1296//2366 1404//2366 1405//2366
f  1296//2448 1405//2448 1393//2448
f  1402//2449 1406//2449 1400//2449
f  1400//2450 1406//2450 1407//2450
f  1400//2451 1407//2451 1396//2451
f  1396//2452 1407//2452 1408//2452
f  1396//2453 1408//2453 1394//2453
f  1353//2454 1091//2454 1409//2454
f  1409//2455 1091//2455 1108//2455
f  1409//2456 1108//2456 1410//2456
f  1410//2457 1108//2457 1079//2457
f  1411//2458 1412//2458 1413//2458
f  1280//2459 1397//2459 1413//2459
f  1413//2460 1397//2460 1395//2460
f  1413//2461 1395//2461 1411//2461
f  1414//2366 1415//2366 1416//2366
f  1416//2366 1415//2366 1417//2366
f  1416//2366 1417//2366 1418//2366
f  1416//2366 1419//2366 1414//2366
f  1414//2366 1419//2366 1420//2366
f  1414//2366 1420//2366 1421//2366
f  1421//2366 1420//2366 1422//2366
f  1421//2366 1422//2366 1423//2366
f  1424//2366 1425//2366 1426//2366
f  1418//2366 1427//2366 1428//2366
f  1422//2366 1429//2366 1423//2366
f  1423//2366 1429//2366 1430//2366
f  1423//2366 1430//2366 1431//2366
f  1431//2366 1430//2366 1293//2366
f  1431//2366 1293//2366 1432//2366
f  1426//2366 1425//2366 1433//2366
f  1433//2366 1425//2366 1434//2366
f  1433//2366 1434//2366 1435//2366
f  1436//2366 1437//2366 1438//2366
f  1438//2366 1437//2366 1439//2366
f  1438//2366 1439//2366 1440//2366
f  1439//2366 1441//2366 1440//2366
f  1440//2366 1441//2366 1442//2366
f  1440//2366 1442//2366 1293//2366
f  1293//2366 1442//2366 1443//2366
f  1293//2366 1443//2366 1432//2366
f  1428//2366 1444//2366 1418//2366
f  1418//2462 1444//2462 1445//2462
f  1418//2463 1445//2463 1446//2463
f  1415//2366 1447//2366 1417//2366
f  1417//2366 1447//2366 1448//2366
f  1417//2366 1448//2366 1449//2366
f  1449//2366 1448//2366 1450//2366
f  1449//2366 1450//2366 1451//2366
f  1451//2366 1450//2366 1452//2366
f  1453//2366 1454//2366 1455//2366
f  1455//2366 1454//2366 1456//2366
f  1455//2366 1456//2366 1452//2366
f  1452//2366 1456//2366 1457//2366
f  1452//2366 1457//2366 1451//2366
f  1446//2366 1458//2366 1418//2366
f  1418//2366 1458//2366 1459//2366
f  1418//2366 1459//2366 1416//2366
f  1416//2366 1459//2366 1460//2366
f  1416//2366 1460//2366 1461//2366
f  1462//2366 1463//2366 1464//2366
f  1464//2366 1463//2366 1424//2366
f  1464//2366 1424//2366 1465//2366
f  1465//2366 1424//2366 1426//2366
f  1453//2366 1466//2366 1454//2366
f  1454//2366 1466//2366 1436//2366
f  1454//2366 1436//2366 1467//2366
f  1467//2366 1436//2366 1438//2366
f  1467//2366 1438//2366 1434//2366
f  1434//2366 1438//2366 1468//2366
f  1434//2366 1468//2366 1435//2366
f  1469//2366 1470//2366 1471//2366
f  1471//2366 1470//2366 1472//2366
f  1471//2366 1472//2366 1473//2366
f  1473//2366 1472//2366 1474//2366
f  1473//2366 1474//2366 1475//2366
f  1475//2366 1474//2366 1476//2366
f  1475//2366 1476//2366 1427//2366
f  1427//2366 1476//2366 1477//2366
f  1427//2366 1477//2366 1428//2366
f  1293//2366 1292//2366 1440//2366
f  1440//2366 1292//2366 1478//2366
f  1440//2366 1478//2366 1479//2366
f  1479//2366 1480//2366 1440//2366
f  1440//2366 1480//2366 1481//2366
f  1440//2366 1481//2366 1482//2366
f  1482//2366 1481//2366 1483//2366
f  1351//2464 1460//2464 1350//2464
f  1350//2465 1460//2465 1459//2465
f  1350//2466 1459//2466 1360//2466
f  1459//2467 1458//2467 1360//2467
f  1360//2468 1458//2468 1446//2468
f  1360//2469 1446//2469 1361//2469
f  1361//2470 1446//2470 1445//2470
f  1361//2471 1445//2471 1362//2471
f  1083//2472 1082//2472 1359//2472
f  1083//2473 1359//2473 1476//2473
f  1445//2474 1444//2474 1362//2474
f  1362//2475 1444//2475 1428//2475
f  1362//2476 1428//2476 1359//2476
f  1359//2477 1428//2477 1477//2477
f  1359//2478 1477//2478 1476//2478
f  1468//2479 1438//2479 1308//2479
f  1308//2480 1438//2480 1484//2480
f  1476//2481 1474//2481 1083//2481
f  1083//2481 1474//2481 1084//2481
f  1468//2482 1308//2482 1307//2482
f  1468//2483 1307//2483 1435//2483
f  1435//2484 1307//2484 1310//2484
f  1435//2484 1310//2484 1433//2484
f  1313//2485 1465//2485 1426//2485
f  1313//2485 1426//2485 1333//2485
f  1333//2486 1426//2486 1433//2486
f  1333//2486 1433//2486 1310//2486
f  1472//2487 1328//2487 1474//2487
f  1474//2488 1328//2488 1084//2488
f  1328//2489 1472//2489 1470//2489
f  1328//2489 1470//2489 1324//2489
f  1324//2490 1470//2490 1469//2490
f  1324//2490 1469//2490 1331//2490
f  1331//2491 1469//2491 1471//2491
f  1331//2491 1471//2491 1330//2491
f  1330//2492 1471//2492 1473//2492
f  1330//2492 1473//2492 1329//2492
f  1337//2493 1329//2493 1475//2493
f  1475//2493 1329//2493 1473//2493
f  1337//2494 1475//2494 1347//2494
f  1347//2494 1475//2494 1427//2494
f  1347//2495 1427//2495 1348//2495
f  1348//2495 1427//2495 1418//2495
f  1348//2496 1418//2496 1349//2496
f  1349//2496 1418//2496 1417//2496
f  1349//2497 1417//2497 1338//2497
f  1338//2497 1417//2497 1449//2497
f  1338//2498 1449//2498 1451//2498
f  1338//2498 1451//2498 1339//2498
f  1339//2499 1451//2499 1457//2499
f  1339//2499 1457//2499 1340//2499
f  1340//2500 1457//2500 1456//2500
f  1340//2500 1456//2500 1316//2500
f  1316//2501 1456//2501 1341//2501
f  1341//2501 1456//2501 1454//2501
f  1341//2502 1454//2502 1342//2502
f  1342//2502 1454//2502 1467//2502
f  1342//2503 1467//2503 1343//2503
f  1343//2503 1467//2503 1434//2503
f  1343//2504 1434//2504 1314//2504
f  1314//2504 1434//2504 1425//2504
f  1315//2505 1314//2505 1424//2505
f  1424//2505 1314//2505 1425//2505
f  1315//2506 1424//2506 1463//2506
f  1315//2506 1463//2506 1319//2506
f  1319//2507 1463//2507 1462//2507
f  1319//2507 1462//2507 1317//2507
f  1317//2508 1462//2508 1464//2508
f  1317//2508 1464//2508 1312//2508
f  1312//2509 1464//2509 1465//2509
f  1312//2509 1465//2509 1313//2509
f  1261//2510 1485//2510 1486//2510
f  1487//2511 1378//2511 1488//2511
f  1488//2512 1378//2512 1376//2512
f  1488//2513 1376//2513 1177//2513
f  1487//2514 1488//2514 1489//2514
f  1489//2515 1488//2515 1490//2515
f  1489//2516 1490//2516 1491//2516
f  1491//2517 1490//2517 1492//2517
f  1491//2518 1492//2518 1493//2518
f  1493//2519 1492//2519 1494//2519
f  1493//2520 1494//2520 1495//2520
f  1495//2521 1494//2521 1496//2521
f  1496//2522 1494//2522 1486//2522
f  1496//2523 1486//2523 1497//2523
f  1497//2524 1486//2524 1485//2524
f  1497//2525 1485//2525 1498//2525
f  1261//2526 1486//2526 1243//2526
f  1243//2527 1486//2527 1494//2527
f  1243//2528 1494//2528 1244//2528
f  1244//2529 1494//2529 1492//2529
f  1244//2530 1492//2530 1245//2530
f  1177//2531 1249//2531 1488//2531
f  1488//2532 1249//2532 1248//2532
f  1488//2533 1248//2533 1490//2533
f  1490//2534 1248//2534 1247//2534
f  1490//2535 1247//2535 1492//2535
f  1492//2536 1247//2536 1246//2536
f  1492//2537 1246//2537 1245//2537
f  1005//2538 1499//2538 1006//2538
f  1006//2539 1499//2539 1500//2539
f  1006//2540 1500//2540 1033//2540
f  1033//2541 1500//2541 1034//2541
f  1034//2542 1500//2542 1029//2542
f  1029//2543 1500//2543 1501//2543
f  1029//2544 1501//2544 1030//2544
f  1030//2545 1501//2545 1502//2545
f  1030//2546 1502//2546 1070//2546
f  1070//2547 1502//2547 1503//2547
f  1070//2548 1503//2548 1071//2548
f  1071//2549 1503//2549 1504//2549
f  1071//2550 1504//2550 1027//2550
f  1027//2551 1504//2551 1505//2551
f  1027//2552 1505//2552 1025//2552
f  1025//2553 1505//2553 1506//2553
f  1025//2554 1506//2554 1023//2554
f  1023//2555 1506//2555 1021//2555
f  1021//2556 1506//2556 1507//2556
f  1021//2557 1507//2557 1016//2557
f  1016//2558 1507//2558 1508//2558
f  1016//2559 1508//2559 1017//2559
f  1017//2560 1508//2560 1509//2560
f  1017//2561 1509//2561 1019//2561
f  1019//2562 1509//2562 1510//2562
f  1019//2563 1510//2563 1052//2563
f  1052//2564 1510//2564 1498//2564
f  1052//2565 1498//2565 936//2565
f  1261//2566 933//2566 934//2566
f  1261//2567 934//2567 1485//2567
f  1485//2568 934//2568 936//2568
f  1485//2569 936//2569 1498//2569
f  1291//2570 1511//2570 997//2570
f  997//2571 1511//2571 1300//2571
f  1511//2572 1512//2572 1300//2572
f  1300//2573 1512//2573 1401//2573
f  1300//2574 1401//2574 1306//2574
f  1513//2575 1514//2575 1515//2575
f  998//2576 1035//2576 1516//2576
f  1516//2577 1517//2577 1518//2577
f  1518//2578 1517//2578 1519//2578
f  1516//2579 1035//2579 1517//2579
f  1517//2580 1035//2580 1068//2580
f  1517//2581 1068//2581 1519//2581
f  1519//2582 1068//2582 1069//2582
f  1519//2583 1069//2583 1518//2583
f  1518//2584 1069//2584 1101//2584
f  1518//2585 1101//2585 1100//2585
f  1318//2586 1005//2586 1320//2586
f  1320//2587 1005//2587 1004//2587
f  1320//2588 1004//2588 1520//2588
f  1520//2589 1004//2589 1002//2589
f  1520//2590 1002//2590 1513//2590
f  1513//2591 1002//2591 1001//2591
f  1513//2592 1001//2592 1514//2592
f  1332//2593 1521//2593 1322//2593
f  1322//2594 1521//2594 1323//2594
f  1522//2595 1327//2595 1326//2595
f  1094//2596 1327//2596 1523//2596
f  1523//2597 1327//2597 1522//2597
f  1523//2598 1522//2598 1515//2598
f  1001//2599 999//2599 1514//2599
f  1514//2600 999//2600 998//2600
f  1514//2601 998//2601 1515//2601
f  1515//2602 998//2602 1516//2602
f  1515//2603 1516//2603 1523//2603
f  1523//2604 1516//2604 1518//2604
f  1523//2605 1518//2605 1094//2605
f  1094//2606 1518//2606 1100//2606
f  1326//2607 1325//2607 1522//2607
f  1522//2608 1325//2608 1323//2608
f  1522//2609 1323//2609 1515//2609
f  1515//2610 1323//2610 1521//2610
f  1515//2611 1521//2611 1513//2611
f  1513//2612 1521//2612 1332//2612
f  1513//2613 1332//2613 1520//2613
f  1520//2614 1332//2614 1321//2614
f  1520//2615 1321//2615 1320//2615
f  1318//2616 1311//2616 1005//2616
f  1005//2617 1311//2617 1499//2617
f  1499//2618 1524//2618 1525//2618
f  1526//2619 1382//2619 1487//2619
f  1487//2620 1382//2620 1380//2620
f  1487//2621 1380//2621 1378//2621
f  1527//2622 1387//2622 1528//2622
f  1528//2623 1387//2623 1385//2623
f  1528//2624 1385//2624 1526//2624
f  1526//2625 1385//2625 1383//2625
f  1526//2626 1383//2626 1382//2626
f  1529//2627 1391//2627 1527//2627
f  1527//2628 1391//2628 1389//2628
f  1527//2629 1389//2629 1387//2629
f  1530//2630 1364//2630 1529//2630
f  1529//2631 1364//2631 1392//2631
f  1529//2632 1392//2632 1391//2632
f  1531//2633 1368//2633 1530//2633
f  1530//2634 1368//2634 1366//2634
f  1530//2635 1366//2635 1364//2635
f  1335//2636 1334//2636 1532//2636
f  1532//2637 1334//2637 1372//2637
f  1532//2638 1372//2638 1531//2638
f  1531//2639 1372//2639 1370//2639
f  1531//2640 1370//2640 1368//2640
f  1533//2641 1534//2641 1503//2641
f  1503//2642 1502//2642 1533//2642
f  1533//2643 1502//2643 1501//2643
f  1533//2644 1501//2644 1525//2644
f  1525//2645 1501//2645 1500//2645
f  1525//2646 1500//2646 1499//2646
f  1535//2647 1536//2647 1507//2647
f  1507//2648 1506//2648 1535//2648
f  1535//2649 1506//2649 1505//2649
f  1535//2650 1505//2650 1534//2650
f  1534//2651 1505//2651 1504//2651
f  1534//2652 1504//2652 1503//2652
f  1537//2653 1497//2653 1498//2653
f  1498//2654 1510//2654 1537//2654
f  1537//2655 1510//2655 1509//2655
f  1537//2656 1509//2656 1536//2656
f  1536//2657 1509//2657 1508//2657
f  1536//2658 1508//2658 1507//2658
f  1496//2659 1497//2659 1538//2659
f  1538//2660 1497//2660 1537//2660
f  1538//2661 1537//2661 1539//2661
f  1539//2662 1537//2662 1536//2662
f  1539//2663 1536//2663 1540//2663
f  1540//2664 1536//2664 1535//2664
f  1540//2665 1535//2665 1541//2665
f  1541//2666 1535//2666 1534//2666
f  1541//2667 1534//2667 1542//2667
f  1542//2668 1534//2668 1533//2668
f  1542//2669 1533//2669 1543//2669
f  1543//2670 1533//2670 1525//2670
f  1543//2671 1525//2671 1544//2671
f  1544//2672 1525//2672 1524//2672
f  1495//2673 1496//2673 1545//2673
f  1545//2674 1496//2674 1538//2674
f  1545//2675 1538//2675 1546//2675
f  1546//2676 1538//2676 1539//2676
f  1546//2677 1539//2677 1547//2677
f  1547//2678 1539//2678 1540//2678
f  1547//2679 1540//2679 1548//2679
f  1548//2680 1540//2680 1541//2680
f  1548//2681 1541//2681 1549//2681
f  1549//2682 1541//2682 1542//2682
f  1549//2683 1542//2683 1550//2683
f  1550//2684 1542//2684 1543//2684
f  1550//2685 1543//2685 1551//2685
f  1551//2686 1543//2686 1544//2686
f  1493//2687 1495//2687 1552//2687
f  1552//2688 1495//2688 1545//2688
f  1552//2689 1545//2689 1553//2689
f  1553//2690 1545//2690 1546//2690
f  1553//2691 1546//2691 1554//2691
f  1554//2692 1546//2692 1547//2692
f  1554//2693 1547//2693 1555//2693
f  1555//2694 1547//2694 1548//2694
f  1555//2695 1548//2695 1556//2695
f  1556//2696 1548//2696 1549//2696
f  1556//2697 1549//2697 1557//2697
f  1557//2698 1549//2698 1550//2698
f  1557//2699 1550//2699 1558//2699
f  1558//2700 1550//2700 1551//2700
f  1491//2701 1493//2701 1559//2701
f  1559//2702 1493//2702 1552//2702
f  1559//2703 1552//2703 1560//2703
f  1560//2704 1552//2704 1553//2704
f  1560//2705 1553//2705 1561//2705
f  1561//2706 1553//2706 1554//2706
f  1561//2707 1554//2707 1562//2707
f  1562//2708 1554//2708 1555//2708
f  1562//2709 1555//2709 1563//2709
f  1563//2710 1555//2710 1556//2710
f  1563//2711 1556//2711 1564//2711
f  1564//2712 1556//2712 1557//2712
f  1564//2713 1557//2713 1565//2713
f  1565//2714 1557//2714 1558//2714
f  1489//2715 1491//2715 1566//2715
f  1566//2716 1491//2716 1559//2716
f  1566//2717 1559//2717 1567//2717
f  1567//2718 1559//2718 1560//2718
f  1567//2719 1560//2719 1568//2719
f  1568//2720 1560//2720 1561//2720
f  1568//2721 1561//2721 1569//2721
f  1569//2722 1561//2722 1562//2722
f  1569//2723 1562//2723 1570//2723
f  1570//2724 1562//2724 1563//2724
f  1570//2725 1563//2725 1571//2725
f  1571//2726 1563//2726 1564//2726
f  1571//2727 1564//2727 1572//2727
f  1572//2728 1564//2728 1565//2728
f  1572//2729 1565//2729 1336//2729
f  1336//2730 1565//2730 1558//2730
f  1336//2731 1558//2731 1346//2731
f  1346//2732 1558//2732 1551//2732
f  1346//2733 1551//2733 1345//2733
f  1345//2734 1551//2734 1544//2734
f  1345//2735 1544//2735 1344//2735
f  1344//2736 1544//2736 1524//2736
f  1344//2737 1524//2737 1311//2737
f  1311//2738 1524//2738 1499//2738
f  1487//2739 1489//2739 1526//2739
f  1526//2740 1489//2740 1566//2740
f  1526//2741 1566//2741 1528//2741
f  1528//2742 1566//2742 1567//2742
f  1528//2743 1567//2743 1527//2743
f  1527//2744 1567//2744 1568//2744
f  1527//2745 1568//2745 1529//2745
f  1529//2746 1568//2746 1569//2746
f  1529//2747 1569//2747 1530//2747
f  1530//2748 1569//2748 1570//2748
f  1530//2749 1570//2749 1531//2749
f  1531//2750 1570//2750 1571//2750
f  1531//2751 1571//2751 1532//2751
f  1532//2752 1571//2752 1572//2752
f  1532//2753 1572//2753 1335//2753
f  1335//2754 1572//2754 1336//2754
f  1573//2755 1511//2755 1291//2755
f  1402//2756 1401//2756 1512//2756
f  1512//2757 1574//2757 1402//2757
f  1402//2758 1574//2758 1575//2758
f  1402//2759 1575//2759 1406//2759
f  1406//2760 1575//2760 1576//2760
f  1406//2761 1576//2761 1407//2761
f  1407//2762 1576//2762 1577//2762
f  1407//2763 1577//2763 1408//2763
f  1408//2764 1577//2764 1394//2764
f  1394//2765 1577//2765 1411//2765
f  1394//2766 1411//2766 1395//2766
f  1281//2767 1280//2767 1413//2767
f  1291//2768 1286//2768 1573//2768
f  1573//2769 1286//2769 1283//2769
f  1573//2770 1283//2770 1578//2770
f  1578//2771 1283//2771 1282//2771
f  1578//2772 1282//2772 1579//2772
f  1579//2773 1282//2773 1281//2773
f  1579//2774 1281//2774 1580//2774
f  1580//2775 1281//2775 1413//2775
f  1580//2776 1413//2776 1412//2776
f  1412//2777 1411//2777 1580//2777
f  1580//2778 1411//2778 1577//2778
f  1580//2779 1577//2779 1579//2779
f  1579//2780 1577//2780 1576//2780
f  1579//2781 1576//2781 1578//2781
f  1578//2782 1576//2782 1575//2782
f  1578//2783 1575//2783 1573//2783
f  1573//2784 1575//2784 1574//2784
f  1573//2785 1574//2785 1511//2785
f  1511//2786 1574//2786 1512//2786
f  1440//2787 1400//2787 1396//2787
f  1438//2788 1440//2788 1484//2788
f  1484//2789 1440//2789 1396//2789
f  1484//2790 1396//2790 1398//2790
f  1353//2791 1409//2791 1293//2791
f  1293//2792 1409//2792 1080//2792
f  1080//2793 1409//2793 1410//2793
f  1080//2794 1410//2794 1079//2794
f  1293//2795 1430//2795 1353//2795
f  1353//2796 1430//2796 1429//2796
f  1353//2797 1429//2797 1354//2797
f  1354//2798 1429//2798 1422//2798
f  1354//2798 1422//2798 1355//2798
f  1355//2799 1422//2799 1420//2799
f  1355//2799 1420//2799 1356//2799
f  1356//2800 1420//2800 1419//2800
f  1356//2800 1419//2800 1358//2800
f  1358//2801 1419//2801 1416//2801
f  1358//2801 1416//2801 1357//2801
f  1357//2802 1416//2802 1461//2802
f  1357//2802 1461//2802 1352//2802
f  1352//2803 1461//2803 1460//2803
f  1352//2804 1460//2804 1351//2804
f  1399//2805 1400//2805 1581//2805
f  1581//2806 1400//2806 1440//2806
f  1581//2807 1440//2807 1482//2807
f  1292//2808 1295//2808 1478//2808
f  1478//2809 1295//2809 1297//2809
f  1478//2810 1297//2810 1479//2810
f  1479//2811 1297//2811 1393//2811
f  1479//2812 1393//2812 1480//2812
f  1480//2813 1393//2813 1405//2813
f  1480//2814 1405//2814 1481//2814
f  1403//2815 1399//2815 1581//2815
f  1405//2816 1404//2816 1481//2816
f  1481//2817 1404//2817 1403//2817
f  1481//2818 1403//2818 1483//2818
f  1483//2819 1403//2819 1581//2819
f  1483//2820 1581//2820 1482//2820
f  1582//2821 1270//2821 1583//2821
f  1583//2822 1270//2822 1272//2822
f  1584//2823 1585//2823 1276//2823
f  1276//2824 1585//2824 1586//2824
f  1276//2825 1586//2825 1274//2825
f  1274//2826 1586//2826 1587//2826
f  1274//2827 1587//2827 1272//2827
f  1272//2828 1587//2828 1588//2828
f  1272//2829 1588//2829 1583//2829
f  1584//2830 1276//2830 1589//2830
f  1589//2831 1276//2831 1287//2831
f  1589//2832 1287//2832 1590//2832
f  1146//2833 1148//2833 1591//2833
f  1592//2834 1593//2834 1594//2834
f  1587//2835 1586//2835 1595//2835
f  1590//2836 1596//2836 1589//2836
f  1589//2837 1596//2837 1597//2837
f  1589//2838 1597//2838 1584//2838
f  1584//2839 1597//2839 1585//2839
f  1598//2840 1582//2840 1583//2840
f  1594//2841 1593//2841 1599//2841
f  1593//2842 1600//2842 1599//2842
f  1599//2843 1600//2843 1601//2843
f  1599//2844 1601//2844 1602//2844
f  1602//2845 1601//2845 1603//2845
f  1602//2846 1603//2846 1604//2846
f  1604//2847 1603//2847 1605//2847
f  1604//2848 1605//2848 1606//2848
f  1606//2849 1605//2849 1607//2849
f  1606//2850 1607//2850 1608//2850
f  1608//2851 1607//2851 1609//2851
f  1608//2852 1609//2852 1610//2852
f  1610//2853 1609//2853 1611//2853
f  1610//2854 1611//2854 1612//2854
f  1612//2855 1611//2855 1598//2855
f  1612//2856 1598//2856 1613//2856
f  1613//2857 1598//2857 1583//2857
f  1613//2858 1583//2858 1588//2858
f  1143//2859 1137//2859 1614//2859
f  1592//2860 1594//2860 1615//2860
f  1615//2861 1594//2861 1616//2861
f  1615//2862 1616//2862 1617//2862
f  1617//2863 1616//2863 1614//2863
f  1617//2864 1614//2864 1618//2864
f  1618//2865 1614//2865 1137//2865
f  1618//2866 1137//2866 1136//2866
f  1150//2867 1151//2867 1614//2867
f  1614//2868 1151//2868 1144//2868
f  1614//2869 1144//2869 1143//2869
f  1148//2870 1150//2870 1591//2870
f  1591//2871 1150//2871 1614//2871
f  1591//2872 1614//2872 1619//2872
f  1619//2873 1614//2873 1616//2873
f  1619//2874 1616//2874 1620//2874
f  1620//2875 1616//2875 1594//2875
f  1620//2876 1594//2876 1621//2876
f  1621//2877 1594//2877 1599//2877
f  1621//2878 1599//2878 1622//2878
f  1622//2879 1599//2879 1602//2879
f  1622//2880 1602//2880 1623//2880
f  1623//2881 1602//2881 1604//2881
f  1623//2882 1604//2882 1624//2882
f  1624//2883 1604//2883 1606//2883
f  1624//2884 1606//2884 1625//2884
f  1625//2885 1606//2885 1608//2885
f  1625//2886 1608//2886 1626//2886
f  1626//2887 1608//2887 1610//2887
f  1626//2888 1610//2888 1627//2888
f  1627//2889 1610//2889 1612//2889
f  1627//2890 1612//2890 1595//2890
f  1595//2891 1612//2891 1613//2891
f  1595//2892 1613//2892 1587//2892
f  1587//2893 1613//2893 1588//2893
f  1126//2894 1174//2894 1628//2894
f  1628//2895 1174//2895 1629//2895
f  1628//2896 1629//2896 1630//2896
f  1630//2897 1629//2897 1631//2897
f  1631//2898 1629//2898 1632//2898
f  1631//2899 1632//2899 1633//2899
f  1633//2900 1632//2900 1634//2900
f  1633//2901 1634//2901 1635//2901
f  1635//2902 1634//2902 1636//2902
f  1636//2903 1634//2903 1637//2903
f  1636//2904 1637//2904 1638//2904
f  1638//2905 1637//2905 1639//2905
f  1638//2906 1639//2906 1640//2906
f  1640//2907 1639//2907 1641//2907
f  1640//2908 1641//2908 1642//2908
f  1642//2909 1641//2909 1643//2909
f  1642//2910 1643//2910 1644//2910
f  1644//2911 1643//2911 1645//2911
f  1645//2912 1643//2912 1646//2912
f  1645//2913 1646//2913 1647//2913
f  1647//2914 1646//2914 1648//2914
f  1647//2915 1648//2915 1596//2915
f  1596//2916 1648//2916 1649//2916
f  1596//2917 1649//2917 1597//2917
f  1174//2918 1146//2918 1629//2918
f  1629//2919 1146//2919 1591//2919
f  1629//2920 1591//2920 1632//2920
f  1632//2921 1591//2921 1619//2921
f  1632//2922 1619//2922 1634//2922
f  1634//2923 1619//2923 1620//2923
f  1634//2924 1620//2924 1637//2924
f  1637//2925 1620//2925 1621//2925
f  1637//2926 1621//2926 1639//2926
f  1639//2927 1621//2927 1622//2927
f  1639//2928 1622//2928 1641//2928
f  1641//2929 1622//2929 1623//2929
f  1641//2930 1623//2930 1643//2930
f  1643//2931 1623//2931 1624//2931
f  1643//2932 1624//2932 1646//2932
f  1646//2933 1624//2933 1625//2933
f  1646//2934 1625//2934 1648//2934
f  1648//2935 1625//2935 1626//2935
f  1648//2936 1626//2936 1649//2936
f  1649//2937 1626//2937 1627//2937
f  1649//2938 1627//2938 1597//2938
f  1597//2939 1627//2939 1595//2939
f  1597//2940 1595//2940 1585//2940
f  1585//2941 1595//2941 1586//2941
f  1650//2942 1651//2942 1280//2942
f  1592//2943 1615//2943 1652//2943
f  1652//2944 1615//2944 1617//2944
f  1652//2945 1617//2945 1653//2945
f  1280//2946 1277//2946 1650//2946
f  1650//2947 1277//2947 1271//2947
f  1650//2948 1271//2948 1654//2948
f  1271//2949 1270//2949 1654//2949
f  1654//2950 1270//2950 1582//2950
f  1654//2951 1582//2951 1655//2951
f  1180//2952 1656//2952 1657//2952
f  1658//2953 1190//2953 1657//2953
f  1657//2954 1190//2954 1178//2954
f  1657//2955 1178//2955 1180//2955
f  1592//2956 1652//2956 1593//2956
f  1593//2957 1652//2957 1659//2957
f  1593//2958 1659//2958 1600//2958
f  1607//2959 1605//2959 1660//2959
f  1660//2960 1605//2960 1603//2960
f  1660//2961 1603//2961 1659//2961
f  1659//2962 1603//2962 1601//2962
f  1659//2963 1601//2963 1600//2963
f  1582//2964 1598//2964 1655//2964
f  1655//2965 1598//2965 1611//2965
f  1655//2966 1611//2966 1660//2966
f  1660//2967 1611//2967 1609//2967
f  1660//2968 1609//2968 1607//2968
f  1177//2969 1374//2969 1139//2969
f  1139//2970 1374//2970 1131//2970
f  1661//2971 1132//2971 1662//2971
f  1662//2972 1132//2972 1131//2972
f  1662//2973 1131//2973 1663//2973
f  1663//2974 1131//2974 1374//2974
f  1180//2975 1182//2975 1656//2975
f  1656//2976 1182//2976 1184//2976
f  1656//2977 1184//2977 1661//2977
f  1661//2978 1184//2978 1186//2978
f  1661//2979 1186//2979 1132//2979
f  1617//2980 1618//2980 1653//2980
f  1653//2981 1618//2981 1136//2981
f  1653//2982 1136//2982 1664//2982
f  1664//2983 1136//2983 1129//2983
f  1664//2984 1129//2984 1658//2984
f  1658//2985 1129//2985 1128//2985
f  1658//2986 1128//2986 1190//2986
f  1290//2987 1291//2987 997//2987
f  997//2988 988//2988 1290//2988
f  1290//2989 988//2989 990//2989
f  1290//2990 990//2990 1289//2990
f  1289//2991 990//2991 994//2991
f  1289//2992 994//2992 1288//2992
f  1288//2993 994//2993 993//2993
f  1288//2994 993//2994 1287//2994
f  1287//2995 993//2995 821//2995
f  1287//2996 821//2996 1590//2996
f  933//2997 1261//2997 1260//2997
f  1264//2998 871//2998 869//2998
f  875//2999 1263//2999 873//2999
f  873//3000 1263//3000 1264//3000
f  873//3001 1264//3001 868//3001
f  868//3002 1264//3002 869//3002
f  871//3003 1264//3003 872//3003
f  872//3004 1264//3004 1265//3004
f  872//3005 1265//3005 860//3005
f  860//3006 1265//3006 1266//3006
f  860//3007 1266//3007 862//3007
f  862//3008 1266//3008 1267//3008
f  862//3009 1267//3009 864//3009
f  864//3010 1267//3010 866//3010
f  866//3011 1267//3011 1268//3011
f  866//3012 1268//3012 867//3012
f  867//3013 1268//3013 1269//3013
f  867//3014 1269//3014 854//3014
f  852//3015 858//3015 1127//3015
f  1127//3016 858//3016 857//3016
f  1127//3017 857//3017 1269//3017
f  1269//3018 857//3018 855//3018
f  1269//3019 855//3019 854//3019
f  852//3020 1127//3020 853//3020
f  853//3021 1127//3021 1126//3021
f  853//3022 1126//3022 844//3022
f  1259//3023 889//3023 1260//3023
f  1260//3024 889//3024 890//3024
f  1260//3025 890//3025 933//3025
f  1124//3026 886//3026 1259//3026
f  1259//3027 886//3027 887//3027
f  1259//3028 887//3028 889//3028
f  1123//3029 879//3029 1124//3029
f  1124//3030 879//3030 884//3030
f  1124//3031 884//3031 886//3031
f  875//3032 878//3032 1263//3032
f  1263//3033 878//3033 877//3033
f  1263//3034 877//3034 1262//3034
f  1262//3035 877//3035 881//3035
f  1262//3036 881//3036 1123//3036
f  1123//3037 881//3037 880//3037
f  1123//3038 880//3038 879//3038
f  844//3039 1126//3039 846//3039
f  846//3040 1126//3040 1628//3040
f  846//3041 1628//3041 848//3041
f  848//3042 1628//3042 1630//3042
f  848//3043 1630//3043 840//3043
f  840//3044 1630//3044 1631//3044
f  840//3045 1631//3045 841//3045
f  841//3046 1631//3046 1633//3046
f  841//3047 1633//3047 842//3047
f  842//3048 1633//3048 1635//3048
f  842//3049 1635//3049 836//3049
f  836//3050 1635//3050 1636//3050
f  1638//3051 839//3051 1636//3051
f  1636//3052 839//3052 838//3052
f  1636//3053 838//3053 836//3053
f  1645//3054 828//3054 1644//3054
f  1644//3055 828//3055 829//3055
f  1644//3056 829//3056 1642//3056
f  1642//3057 829//3057 831//3057
f  1642//3058 831//3058 1640//3058
f  1640//3059 831//3059 834//3059
f  1640//3060 834//3060 1638//3060
f  1638//3061 834//3061 833//3061
f  1638//3062 833//3062 839//3062
f  1596//3063 1590//3063 821//3063
f  821//3064 822//3064 1596//3064
f  1596//3065 822//3065 823//3065
f  1596//3066 823//3066 1647//3066
f  1647//3067 823//3067 825//3067
f  1647//3068 825//3068 1645//3068
f  1645//3069 825//3069 826//3069
f  1645//3070 826//3070 828//3070
f  1308//3071 1484//3071 1665//3071
f  1651//3072 1666//3072 1280//3072
f  1280//3073 1666//3073 1667//3073
f  1280//3074 1667//3074 1397//3074
f  1397//3075 1667//3075 1668//3075
f  1397//3076 1668//3076 1398//3076
f  1398//3077 1668//3077 1669//3077
f  1398//3078 1669//3078 1484//3078
f  1484//3079 1669//3079 1670//3079
f  1484//3080 1670//3080 1665//3080
f  1665//3081 1671//3081 1308//3081
f  1308//3082 1671//3082 1672//3082
f  1308//3083 1672//3083 1309//3083
f  1309//3084 1672//3084 1673//3084
f  1309//3085 1673//3085 1373//3085
f  1373//3086 1673//3086 1674//3086
f  1373//3087 1674//3087 1371//3087
f  1371//3088 1674//3088 1675//3088
f  1371//3089 1675//3089 1369//3089
f  1369//3090 1675//3090 1367//3090
f  1367//3091 1675//3091 1365//3091
f  1365//3092 1675//3092 1676//3092
f  1365//3093 1676//3093 1363//3093
f  1363//3094 1676//3094 1390//3094
f  1390//3095 1676//3095 1677//3095
f  1390//3096 1677//3096 1388//3096
f  1388//3097 1677//3097 1386//3097
f  1386//3098 1677//3098 1678//3098
f  1386//3099 1678//3099 1384//3099
f  1374//3100 1375//3100 1663//3100
f  1663//3101 1375//3101 1377//3101
f  1663//3102 1377//3102 1679//3102
f  1679//3103 1377//3103 1379//3103
f  1679//3104 1379//3104 1678//3104
f  1678//3105 1379//3105 1381//3105
f  1678//3106 1381//3106 1384//3106
f  1680//3107 1681//3107 1682//3107
f  1682//3108 1681//3108 1683//3108
f  1684//3109 1119//3109 1118//3109
f  1685//3110 1686//3110 1687//3110
f  1687//3111 1686//3111 1688//3111
f  1689//3112 1690//3112 1684//3112
f  1684//3113 1690//3113 1120//3113
f  1684//3114 1120//3114 1119//3114
f  1689//3115 1691//3115 1690//3115
f  1690//3116 1691//3116 1692//3116
f  1690//3117 1692//3117 1693//3117
f  1685//3118 1687//3118 1681//3118
f  1681//3119 1687//3119 1694//3119
f  1681//3120 1694//3120 1683//3120
f  1118//3121 1121//3121 1684//3121
f  1684//3122 1121//3122 1687//3122
f  1684//3123 1687//3123 1695//3123
f  1695//3124 1687//3124 1688//3124
f  1696//3125 1697//3125 1682//3125
f  1682//3126 1697//3126 1698//3126
f  1682//3127 1698//3127 1699//3127
f  1700//3128 1701//3128 1702//3128
f  1702//3129 1701//3129 1703//3129
f  1693//3130 1704//3130 1690//3130
f  1690//3131 1704//3131 1703//3131
f  1690//3132 1703//3132 1705//3132
f  1705//3133 1703//3133 1701//3133
f  1699//3134 1706//3134 1682//3134
f  1682//3135 1706//3135 1707//3135
f  1682//3136 1707//3136 1680//3136
f  910//3137 908//3137 1120//3137
f  1684//3138 1695//3138 1102//3138
f  910//3139 1120//3139 911//3139
f  911//3140 1120//3140 1690//3140
f  911//3141 1690//3141 913//3141
f  913//3142 1690//3142 1705//3142
f  913//3143 1705//3143 914//3143
f  1701//3144 900//3144 899//3144
f  1701//3145 899//3145 1705//3145
f  1705//3146 899//3146 904//3146
f  1705//3147 904//3147 914//3147
f  1700//3148 898//3148 783//3148
f  1700//3149 783//3149 1701//3149
f  1701//3150 783//3150 901//3150
f  1701//3151 901//3151 900//3151
f  894//3152 893//3152 1702//3152
f  1702//3153 893//3153 892//3153
f  1702//3154 892//3154 1700//3154
f  1700//3155 892//3155 897//3155
f  1700//3156 897//3156 898//3156
f  894//3157 1702//3157 786//3157
f  786//3158 1702//3158 1703//3158
f  786//3159 1703//3159 891//3159
f  891//3160 1703//3160 789//3160
f  789//3161 1703//3161 1704//3161
f  789//3162 1704//3162 790//3162
f  1693//3163 1015//3163 1704//3163
f  1704//3164 1015//3164 1014//3164
f  1014//3165 1013//3165 1704//3165
f  1704//3166 1013//3166 1012//3166
f  1704//3167 1012//3167 790//3167
f  1692//3168 1088//3168 1693//3168
f  1693//3169 1088//3169 1048//3169
f  1693//3170 1048//3170 1047//3170
f  1047//3171 1009//3171 1693//3171
f  1693//3172 1009//3172 1008//3172
f  1693//3173 1008//3173 1015//3173
f  1689//3174 1098//3174 1691//3174
f  1691//3175 1098//3175 1099//3175
f  1691//3176 1099//3176 1692//3176
f  1692//3177 1099//3177 1087//3177
f  1692//3178 1087//3178 1088//3178
f  1102//3179 1103//3179 1684//3179
f  1684//3180 1103//3180 1104//3180
f  1684//3181 1104//3181 1689//3181
f  1689//3182 1104//3182 1105//3182
f  1689//3183 1105//3183 1098//3183
f  1695//3184 1688//3184 1102//3184
f  1102//3185 1688//3185 1095//3185
f  1688//3186 1686//3186 1095//3186
f  1095//3187 1686//3187 1096//3187
f  1686//3188 1685//3188 1096//3188
f  1096//3188 1685//3188 1097//3188
f  810//3189 1077//3189 1696//3189
f  1696//3190 1077//3190 1076//3190
f  1696//3191 1076//3191 1697//3191
f  1697//3192 1076//3192 1075//3192
f  1697//3193 1075//3193 1698//3193
f  1698//3194 1075//3194 1081//3194
f  810//3195 1696//3195 812//3195
f  812//3196 1696//3196 1682//3196
f  812//3197 1682//3197 814//3197
f  814//3198 1682//3198 807//3198
f  807//3199 1682//3199 1683//3199
f  807//3200 1683//3200 808//3200
f  1694//3201 804//3201 1683//3201
f  1683//3202 804//3202 802//3202
f  1683//3203 802//3203 808//3203
f  799//3204 792//3204 1694//3204
f  1694//3205 792//3205 805//3205
f  1694//3206 805//3206 804//3206
f  1694//3207 1687//3207 799//3207
f  799//3208 1687//3208 1121//3208
f  799//3209 1121//3209 797//3209
f  1097//3210 1685//3210 1089//3210
f  1089//3211 1685//3211 1681//3211
f  1089//3212 1681//3212 1090//3212
f  1090//3213 1681//3213 1680//3213
f  1090//3214 1680//3214 1092//3214
f  1092//3215 1680//3215 1093//3215
f  1093//3216 1680//3216 1106//3216
f  1106//3217 1680//3217 1707//3217
f  1106//3218 1707//3218 1107//3218
f  1112//3219 1111//3219 1706//3219
f  1706//3220 1111//3220 1110//3220
f  1706//3221 1110//3221 1707//3221
f  1707//3222 1110//3222 1109//3222
f  1707//3223 1109//3223 1107//3223
f  1112//3224 1706//3224 1113//3224
f  1113//3225 1706//3225 1699//3225
f  1113//3226 1699//3226 1114//3226
f  1081//3227 1117//3227 1698//3227
f  1698//3228 1117//3228 1116//3228
f  1698//3229 1116//3229 1699//3229
f  1699//3230 1116//3230 1115//3230
f  1699//3231 1115//3231 1114//3231
f  1708//3232 1442//3232 1709//3232
f  1709//3232 1442//3232 1441//3232
f  1709//3233 1441//3233 1710//3233
f  1710//3233 1441//3233 1439//3233
f  1710//3234 1439//3234 1711//3234
f  1711//3234 1439//3234 1437//3234
f  1711//3235 1437//3235 1712//3235
f  1712//3235 1437//3235 1436//3235
f  1712//3236 1436//3236 1713//3236
f  1713//3236 1436//3236 1466//3236
f  1713//3237 1466//3237 1714//3237
f  1714//3237 1466//3237 1453//3237
f  1714//3238 1453//3238 1715//3238
f  1715//3238 1453//3238 1455//3238
f  1715//3239 1455//3239 1716//3239
f  1716//3239 1455//3239 1452//3239
f  1716//3240 1452//3240 1717//3240
f  1717//3240 1452//3240 1450//3240
f  1717//3241 1450//3241 1718//3241
f  1718//3241 1450//3241 1448//3241
f  1718//3242 1448//3242 1719//3242
f  1719//3242 1448//3242 1447//3242
f  1719//3243 1447//3243 1720//3243
f  1720//3243 1447//3243 1415//3243
f  1720//3244 1415//3244 1721//3244
f  1721//3244 1415//3244 1414//3244
f  1721//3245 1414//3245 1722//3245
f  1722//3245 1414//3245 1421//3245
f  1722//3246 1421//3246 1723//3246
f  1723//3246 1421//3246 1423//3246
f  1723//3247 1423//3247 1724//3247
f  1724//3247 1423//3247 1431//3247
f  1724//3248 1431//3248 1725//3248
f  1725//3248 1431//3248 1432//3248
f  1725//3249 1432//3249 1726//3249
f  1726//3249 1432//3249 1443//3249
f  1726//3250 1443//3250 1708//3250
f  1708//3250 1443//3250 1442//3250
f  1708//2366 1709//2366 1727//2366
f  1724//2366 1725//2366 1727//2366
f  1727//2366 1725//2366 1726//2366
f  1727//2366 1726//2366 1708//2366
f  1721//2366 1722//2366 1727//2366
f  1727//2366 1722//2366 1723//2366
f  1727//2366 1723//2366 1724//2366
f  1718//2366 1719//2366 1727//2366
f  1727//2366 1719//2366 1720//2366
f  1727//2366 1720//2366 1721//2366
f  1715//2366 1716//2366 1727//2366
f  1727//2366 1716//2366 1717//2366
f  1727//2366 1717//2366 1718//2366
f  1712//2366 1713//2366 1727//2366
f  1727//2366 1713//2366 1714//2366
f  1727//2366 1714//2366 1715//2366
f  1709//2366 1710//2366 1727//2366
f  1727//2366 1710//2366 1711//2366
f  1727//2366 1711//2366 1712//2366
f  1728//3251 1729//3251 1730//3251
f  1730//3252 1729//3252 1731//3252
f  1730//3253 1731//3253 1732//3253
f  1732//3254 1731//3254 1733//3254
f  1732//3255 1733//3255 1734//3255
f  1735//3256 1736//3256 1737//3256
f  1737//3257 1736//3257 1738//3257
f  1737//3258 1738//3258 1739//3258
f  1739//3259 1738//3259 1740//3259
f  1739//3260 1740//3260 1741//3260
f  1742//3261 1743//3261 1744//3261
f  1744//3262 1743//3262 1745//3262
f  1744//3263 1745//3263 1735//3263
f  1735//3264 1745//3264 1746//3264
f  1735//3265 1746//3265 1736//3265
f  1747//3266 1748//3266 1749//3266
f  1749//3267 1748//3267 1750//3267
f  1749//3268 1750//3268 1742//3268
f  1742//3269 1750//3269 1751//3269
f  1742//3270 1751//3270 1743//3270
f  1752//3271 1753//3271 1754//3271
f  1754//3272 1753//3272 1755//3272
f  1754//3273 1755//3273 1756//3273
f  1756//3274 1755//3274 1757//3274
f  1756//3275 1757//3275 1747//3275
f  1747//3276 1757//3276 1758//3276
f  1747//3277 1758//3277 1748//3277
f  1759//3278 1760//3278 1761//3278
f  1761//3279 1760//3279 1762//3279
f  1761//3280 1762//3280 1752//3280
f  1752//3281 1762//3281 1763//3281
f  1752//3282 1763//3282 1753//3282
f  1733//3283 1764//3283 1734//3283
f  1734//3284 1764//3284 1765//3284
f  1734//3285 1765//3285 1766//3285
f  1766//3286 1765//3286 1767//3286
f  1766//3287 1767//3287 1759//3287
f  1759//3288 1767//3288 1768//3288
f  1759//3289 1768//3289 1760//3289
f  1740//3290 1769//3290 1741//3290
f  1741//3291 1769//3291 1770//3291
f  1741//3292 1770//3292 1771//3292
f  1771//3293 1770//3293 1772//3293
f  1771//3294 1772//3294 1773//3294
f  1773//3295 1772//3295 1774//3295
f  1773//3296 1774//3296 1728//3296
f  1728//3297 1774//3297 1775//3297
f  1728//3298 1775//3298 1729//3298
f  1758//3299 1757//3299 1679//3299
f  1679//3300 1678//3300 1758//3300
f  1758//3301 1678//3301 1677//3301
f  1758//3302 1677//3302 1748//3302
f  1748//3303 1677//3303 1676//3303
f  1748//3304 1676//3304 1750//3304
f  1750//3305 1676//3305 1675//3305
f  1750//3306 1675//3306 1751//3306
f  1751//3307 1675//3307 1674//3307
f  1751//3308 1674//3308 1743//3308
f  1743//3309 1674//3309 1673//3309
f  1743//3310 1673//3310 1745//3310
f  1745//3311 1673//3311 1672//3311
f  1745//3312 1672//3312 1746//3312
f  1746//3313 1672//3313 1671//3313
f  1746//3314 1671//3314 1736//3314
f  1736//3315 1671//3315 1665//3315
f  1736//3316 1665//3316 1738//3316
f  1738//3317 1665//3317 1670//3317
f  1738//3318 1670//3318 1740//3318
f  1740//3319 1670//3319 1669//3319
f  1740//3320 1669//3320 1769//3320
f  1769//3321 1669//3321 1668//3321
f  1769//3322 1668//3322 1770//3322
f  1770//3323 1668//3323 1667//3323
f  1770//3324 1667//3324 1772//3324
f  1772//3325 1667//3325 1774//3325
f  1667//3326 1666//3326 1774//3326
f  1774//3327 1666//3327 1651//3327
f  1774//3328 1651//3328 1775//3328
f  1651//3329 1650//3329 1775//3329
f  1775//3330 1650//3330 1654//3330
f  1775//3331 1654//3331 1729//3331
f  1729//3332 1654//3332 1655//3332
f  1729//3333 1655//3333 1731//3333
f  1731//3334 1655//3334 1660//3334
f  1731//3335 1660//3335 1733//3335
f  1733//3336 1660//3336 1659//3336
f  1733//3337 1659//3337 1764//3337
f  1764//3338 1659//3338 1652//3338
f  1764//3339 1652//3339 1765//3339
f  1765//3340 1652//3340 1653//3340
f  1765//3341 1653//3341 1767//3341
f  1767//3342 1653//3342 1664//3342
f  1767//3343 1664//3343 1768//3343
f  1768//3344 1664//3344 1658//3344
f  1768//3345 1658//3345 1760//3345
f  1760//3346 1658//3346 1657//3346
f  1760//3347 1657//3347 1762//3347
f  1762//3348 1657//3348 1656//3348
f  1762//3349 1656//3349 1763//3349
f  1763//3350 1656//3350 1661//3350
f  1763//3351 1661//3351 1753//3351
f  1753//3352 1661//3352 1662//3352
f  1753//3353 1662//3353 1755//3353
f  1755//3354 1662//3354 1663//3354
f  1755//3355 1663//3355 1757//3355
f  1757//3356 1663//3356 1679//3356
f  1747//3357 1749//3357 1776//3357
f  1776//3358 1749//3358 1777//3358
f  1777//3359 1749//3359 1742//3359
f  1777//3360 1742//3360 1778//3360
f  1778//3361 1742//3361 1744//3361
f  1778//3362 1744//3362 1779//3362
f  1779//3362 1744//3362 1735//3362
f  1779//3363 1735//3363 1780//3363
f  1780//3364 1735//3364 1737//3364
f  1780//3365 1737//3365 1781//3365
f  1781//3366 1737//3366 1739//3366
f  1781//3367 1739//3367 1782//3367
f  1782//3368 1739//3368 1741//3368
f  1782//3369 1741//3369 1783//3369
f  1783//3369 1741//3369 1771//3369
f  1783//3370 1771//3370 1784//3370
f  1784//3371 1771//3371 1773//3371
f  1784//3372 1773//3372 1728//3372
f  1776//3373 1785//3373 1747//3373
f  1747//3374 1785//3374 1786//3374
f  1747//3375 1786//3375 1756//3375
f  1756//3376 1786//3376 1787//3376
f  1756//3377 1787//3377 1754//3377
f  1754//3377 1787//3377 1788//3377
f  1754//3378 1788//3378 1752//3378
f  1752//3379 1788//3379 1789//3379
f  1752//3380 1789//3380 1761//3380
f  1761//3381 1789//3381 1790//3381
f  1761//3382 1790//3382 1759//3382
f  1759//3382 1790//3382 1791//3382
f  1759//3383 1791//3383 1766//3383
f  1766//3384 1791//3384 1792//3384
f  1766//3385 1792//3385 1734//3385
f  1734//3385 1792//3385 1793//3385
f  1734//3386 1793//3386 1732//3386
f  1732//3387 1793//3387 1794//3387
f  1732//3388 1794//3388 1730//3388
f  1730//3389 1794//3389 1795//3389
f  1730//3390 1795//3390 1728//3390
f  1728//3390 1795//3390 1796//3390
f  1728//3391 1796//3391 1784//3391
f  1784//3392 1796//3392 1797//3392
f  1784//3393 1797//3393 1783//3393
f  1783//3394 1797//3394 1798//3394
f  1783//3395 1798//3395 1782//3395
f  1782//3396 1798//3396 1799//3396
f  1782//3397 1799//3397 1781//3397
f  1781//3398 1799//3398 1800//3398
f  1781//3399 1800//3399 1780//3399
f  1780//3400 1800//3400 1801//3400
f  1780//3401 1801//3401 1779//3401
f  1779//3402 1801//3402 1802//3402
f  1779//3403 1802//3403 1778//3403
f  1778//3404 1802//3404 1803//3404
f  1778//3405 1803//3405 1777//3405
f  1777//3406 1803//3406 1804//3406
f  1777//3407 1804//3407 1776//3407
f  1776//3408 1804//3408 1805//3408
f  1776//3409 1805//3409 1785//3409
f  1785//3410 1805//3410 1806//3410
f  1785//3411 1806//3411 1786//3411
f  1786//3412 1806//3412 1787//3412
f  1797//3413 1796//3413 1807//3413
f  1797//3414 1807//3414 1798//3414
f  1801//3415 1800//3415 1807//3415
f  1807//3416 1800//3416 1799//3416
f  1807//3417 1799//3417 1798//3417
f  1804//3418 1803//3418 1807//3418
f  1807//3419 1803//3419 1802//3419
f  1807//3420 1802//3420 1801//3420
f  1787//3421 1806//3421 1807//3421
f  1807//3422 1806//3422 1805//3422
f  1807//3423 1805//3423 1804//3423
f  1790//3424 1789//3424 1807//3424
f  1807//3425 1789//3425 1788//3425
f  1807//3426 1788//3426 1787//3426
f  1793//3427 1792//3427 1807//3427
f  1807//3428 1792//3428 1791//3428
f  1807//3429 1791//3429 1790//3429
f  1796//3430 1795//3430 1807//3430
f  1807//3431 1795//3431 1794//3431
f  1807//3432 1794//3432 1793//3432
f  1785//3433 1786//3433 1783//3433
f  1783//3434 1786//3434 1784//3434
f  1783//3435 1782//3435 1785//3435
f  1785//3436 1782//3436 1781//3436
f  1785//3437 1781//3437 1780//3437
f  1777//3438 1776//3438 1778//3438
f  1778//3439 1776//3439 1785//3439
f  1778//3440 1785//3440 1779//3440
f  1779//3441 1785//3441 1780//3441
f  1784//3442 1786//3442 1783//3442
f  1783//3443 1786//3443 1785//3443
f  1781//3444 1782//3444 1780//3444
f  1780//3445 1782//3445 1783//3445
f  1780//3446 1783//3446 1779//3446
f  1779//3447 1783//3447 1778//3447
f  1785//3448 1776//3448 1783//3448
f  1783//3449 1776//3449 1777//3449
f  1783//3450 1777//3450 1778//3450

