# File produced by Open Asset Import Library (http://www.assimp.sf.net)
# (assimp v5.2.0)

mtllib torso_constraint_R_rod_link.mtl

# 748 vertex positions
v  0.00200596964 0.000429896434 0.00698507531
v  -0.00199344475 -0.000728045881 0.00696391612
v  0.00200655335 -0.000725950231 0.00696036918
v  -0.00199303986 -0.00186406192 0.00674930075
v  0.00200695824 -0.00186196633 0.00674575428
v  -0.00199282472 -0.00294925971 0.00635063089
v  0.00200717314 -0.00294716423 0.00634708395
v  -0.0019928054 -0.00395403802 0.00577878067
v  0.00200719247 -0.00395194255 0.00577523373
v  -0.00199298235 -0.00485098921 0.00504934927
v  0.00200701575 -0.00484889327 0.00504580233
v  -0.00199335068 -0.00561564649 0.00418223208
v  0.00200664741 -0.00561355101 0.00417868514
v  -0.00199390016 -0.00622715242 0.00320108351
v  0.0020060977 -0.00622505695 0.0031975368
v  -0.00199461635 -0.00666882657 0.00213266606
v  0.00200538174 -0.00666673062 0.00212911912
v  -0.00199547899 -0.00692862039 0.00100612326
v  0.0020045191 -0.00692652445 0.00100257643
v  -0.00199646526 -0.00699944841 -0.000147815415
v  0.00200353283 -0.00699735247 -0.000151362256
v  -0.00199754769 -0.00687937858 -0.00129767379
v  0.0020024504 -0.0068772831 -0.00130122062
v  -0.00199869694 -0.00657168543 -0.00241208659
v  0.00200130115 -0.00656958995 -0.00241563353
v  -0.00199988182 -0.00608476251 -0.00346065569
v  0.00200011628 -0.00608266657 -0.0034642024
v  -0.00200106995 -0.00543189142 -0.00441477867
v  0.00199892814 -0.00542979594 -0.00441832561
v  -0.00200222875 -0.00463088183 -0.00524842925
v  0.00199776934 -0.00462878589 -0.0052519762
v  -0.00200332678 -0.00370358187 -0.0059388685
v  0.00199667108 -0.00370148639 -0.00594241545
v  -0.00200433424 -0.00267528673 -0.00646726228
v  0.00199566386 -0.00267319102 -0.00647080922
v  -0.00200522318 -0.00157404516 -0.00681919791
v  0.00199477491 -0.00157194957 -0.00682274485
v  -0.00200596964 -0.000429896434 -0.00698507531
v  0.00199402845 -0.000427800813 -0.00698862225
v  -0.00200655335 0.000725950231 -0.00696036918
v  0.00199344475 0.000728045881 -0.00696391612
v  -0.00200695824 0.00186196633 -0.00674575428
v  0.00199303986 0.00186406192 -0.00674930075
v  -0.00200717314 0.00294716423 -0.00634708395
v  0.00199282472 0.00294925971 -0.00635063089
v  -0.00200719247 0.00395194255 -0.00577523373
v  0.0019928054 0.00395403802 -0.00577878067
v  -0.00200701575 0.00484889327 -0.00504580233
v  0.00199298235 0.00485098921 -0.00504934927
v  -0.00200664741 0.00561355101 -0.0041786856
v  0.00199335068 0.00561564649 -0.00418223208
v  -0.0020060977 0.00622505695 -0.0031975368
v  0.00199390016 0.00622715242 -0.00320108351
v  -0.00200538174 0.00666673062 -0.00212911912
v  0.00199461635 0.00666882657 -0.00213266606
v  -0.0020045191 0.00692652445 -0.00100257643
v  0.00199547899 0.00692862039 -0.00100612326
v  -0.00200353283 0.00699735247 0.000151362256
v  0.00199646526 0.00699944841 0.000147815415
v  -0.0020024504 0.0068772831 0.00130122062
v  0.00199754769 0.00687937858 0.00129767379
v  -0.00200130115 0.00656958995 0.00241563353
v  0.00199869694 0.00657168543 0.00241208659
v  -0.00200011628 0.00608266657 0.0034642024
v  0.00199988182 0.00608476251 0.00346065569
v  -0.00199892814 0.00542979594 0.00441832561
v  0.00200106995 0.00543189142 0.00441477867
v  -0.00199776934 0.00462878589 0.0052519762
v  0.00200222875 0.00463088183 0.00524842925
v  -0.00199667108 0.00370148639 0.00594241545
v  0.00200332678 0.00370358187 0.0059388685
v  -0.00199566386 0.00267319102 0.00647080922
v  0.00200433424 0.00267528673 0.00646726228
v  -0.00199477491 0.00157194957 0.00682274485
v  0.00200522318 0.00157404516 0.00681919791
v  -0.00199402845 0.000427800813 0.00698862225
v  -0.00200390769 -0.000281795132 -0.00457219267
v  -0.00200448348 0.00344408723 -0.00301998504
v  -0.00200409535 0.00398184126 -0.00226462865
v  -0.002002022 0.00456268666 0.0004168913
v  -0.00199551461 -0.00344618293 0.00302353199
v  -0.00199590274 -0.00398393674 0.00226817559
v  -0.00200460455 0.00141065719 -0.00435793633
v  -0.002002839 0.00455282908 -0.000510278973
v  -0.00200244295 0.00458126841 -4.69438055e-05
v  -0.00199539354 -0.00141275278 0.00436148327
v  -0.00200415519 0.000182385891 -0.00457712729
v  -0.0020043978 0.000741369964 -0.00452026073
v  -0.00200452027 0.00110035727 -0.00444647204
v  -0.00200468791 0.00276528927 -0.00365163013
v  -0.00200470746 0.00205346756 -0.0040944377
v  -0.00200470025 0.00197323691 -0.00413370458
v  -0.00200353959 0.00435653515 -0.00141648576
v  -0.00200320571 0.00447766064 -0.00096835976
v  -0.00200158008 0.00449727522 0.000876466744
v  -0.00200127577 0.00442784326 0.00117860141
v  -0.00200110208 0.00437989831 0.00134613458
v  -0.00200079475 0.00428083539 0.00163440173
v  -0.00200065272 0.00422911998 0.00176406698
v  -0.00199969835 0.00378778158 0.00257951906
v  -0.00199875631 0.00319132791 0.00328943762
v  -0.00199862779 0.00309688342 0.00337857963
v  -0.00199786527 0.00246417779 0.00386475911
v  -0.00199732883 0.00193324417 0.00415610941
v  -0.00199706154 0.0016361014 0.00428192969
v  -0.00199531019 -0.00276738498 0.00365517708
v  -0.0019952904 -0.00205556327 0.00409798464
v  -0.00199529761 -0.00197533239 0.00413725153
v  -0.0019971591 -0.00455492502 0.000513825798
v  -0.00199984061 -0.00402248278 -0.00219551148
v  -0.0019998732 -0.0040071141 -0.00222340785
v  -0.00199677562 0.00128883298 0.00439906772
v  -0.00199637795 0.000740999647 0.00452386914
v  -0.00199584267 -0.000184481527 0.00458067423
v  -0.00199560029 -0.000743465556 0.00452380767
v  -0.00199547759 -0.00110245286 0.00445001898
v  -0.0020006306 -0.00359900622 -0.00283630611
v  -0.00200077472 -0.00350965187 -0.00294605596
v  -0.00200136658 -0.00310167647 -0.0033725563
v  -0.00200169603 -0.00284443703 -0.0035919901
v  -0.002002049 -0.00254240353 -0.00381155941
v  -0.00200254773 -0.00206281338 -0.00409079529
v  -0.00200329535 -0.00119678106 -0.0044220495
v  -0.00200369977 -0.000621946645 -0.00453854306
v  -0.00200402201 0.00404902641 -0.00214226148
v  -0.00200384902 0.00418259995 -0.00186827325
v  -0.00200374261 0.00425067358 -0.0017078612
v  -0.00199645851 -0.00435863063 0.00142003258
v  -0.00199679239 -0.00447975658 0.000971906586
v  -0.00199755514 -0.00458336435 5.0490642e-05
v  -0.0019979761 -0.00456478214 -0.000413344445
v  -0.00199841801 -0.0044993707 -0.00087291986
v  -0.00199887599 -0.00438780058 -0.00132351974
v  -0.00199982175 -0.00403122418 -0.00217943708
v  -0.00199597608 -0.00405112188 0.00214580819
v  -0.00199614908 -0.00418469589 0.00187182007
v  -0.00199625548 -0.00425276952 0.00171140803
v  0.00200266927 0.00193533988 0.00415256247
v  0.00200213282 0.00246627349 0.0038612124
v  0.0020013703 0.00309897913 0.00337503268
v  0.00200124178 0.00319342362 0.00328589091
v  0.00200029975 0.00378987705 0.00257597212
v  0.00199934538 0.00423121545 0.00176052016
v  0.00200415519 -0.000182385891 0.00457712729
v  0.00200362015 0.000743095297 0.00452032266
v  0.00200322247 0.00129092869 0.00439552078
v  0.00200293656 0.00163819699 0.00427838275
v  0.00200468791 -0.00276528927 0.00365163013
v  0.00200470746 -0.00205346756 0.0040944377
v  0.00200470025 -0.00197323691 0.00413370458
v  0.00199841801 0.0044993707 0.00087291986
v  0.00199584267 0.000184481527 -0.00458067423
v  0.00200460455 -0.00141065719 0.00435793633
v  0.00200452027 -0.00110035727 0.00444647204
v  0.0020043978 -0.000741369964 0.00452026073
v  0.0019979761 0.00456478214 0.000413344445
v  0.00199755514 0.00458336435 -5.04906493e-05
v  0.0019971591 0.00455492502 -0.000513825798
v  0.00199679239 0.00447975658 -0.000971906586
v  0.00199920335 0.00428293133 0.00163085491
v  0.00199889578 0.00438199425 0.00134258776
v  0.00199872232 0.00442993874 0.00117505458
v  0.00199531019 0.00276738498 -0.00365517708
v  0.0019952904 0.00205556327 -0.00409798464
v  0.00199529761 0.00197533239 -0.00413725153
v  0.00199539354 0.00141275278 -0.00436148327
v  0.00199547759 0.00110245286 -0.00445001898
v  0.00199560029 0.000743465556 -0.00452380767
v  0.0019960904 -0.000279699481 -0.00457573915
v  0.00199629832 -0.000619851053 -0.00454208953
v  0.00199670275 -0.00119468535 -0.00442559645
v  0.00199745037 -0.0020607179 -0.00409434177
v  0.00199794909 -0.00254030782 -0.00381510612
v  0.00200244295 -0.00458126841 4.69437982e-05
v  0.00199645851 0.00435863063 -0.00142003258
v  0.00199625548 0.00425276952 -0.00171140803
v  0.00199614908 0.00418469589 -0.00187182007
v  0.00199551461 0.00344618293 -0.00302353199
v  0.00199590274 0.00398393674 -0.00226817559
v  0.00199597608 0.00405112188 -0.00214580819
v  0.00199830206 -0.00284234132 -0.00359553681
v  0.00199863152 -0.00309958076 -0.00337610301
v  0.00199922337 -0.00350755616 -0.00294960267
v  0.00199936749 -0.00359691051 -0.00283985306
v  0.00200012466 -0.00400501862 -0.00222695479
v  0.00200015749 -0.00402038731 -0.00219905842
v  0.00200017635 -0.00402912823 -0.00218298403
v  0.00200112211 -0.00438570464 -0.00132706657
v  0.00200158008 -0.00449727522 -0.000876466744
v  0.002002022 -0.00456268666 -0.0004168913
v  0.002002839 -0.00455282908 0.000510278973
v  0.00200320571 -0.00447766064 0.00096835976
v  0.00200353959 -0.00435653515 0.00141648576
v  0.00200374261 -0.00425067358 0.0017078612
v  0.00200384902 -0.00418259995 0.00186827325
v  0.00200448348 -0.00344408723 0.00301998504
v  0.00200409535 -0.00398184126 0.00226462865
v  0.00200402201 -0.00404902641 0.00214226148
v  0.000181386335 0.0049843844 0.000350726536
v  9.04226836e-05 0.004985495 0.000369677524
v  -2.8862396e-06 0.00499060703 -0.000306318019
v  0.000268917851 0.00498252409 0.00031958925
v  0.00035138664 0.00497994805 0.00027684556
v  0.000427256513 0.00497670472 0.000223291849
v  0.000495114189 0.00497285463 0.000159925621
v  0.000553695485 0.0049684695 8.79273066e-05
v  0.00060190924 0.00496363081 8.63809055e-06
v  0.000638857367 0.00495842844 -7.64650031e-05
v  0.000663851388 0.00495295972 -0.000165796664
v  0.000676425989 0.00494732661 -0.000257692853
v  0.000676346768 0.0049416339 -0.000350441667
v  0.000663615123 0.00493598729 -0.000442315417
v  0.000638468424 0.00493049249 -0.000531602651
v  0.000601374893 0.00492525147 -0.000616640085
v  0.000553025689 0.00492036203 -0.000695843657
v  0.000494321459 0.00491591543 -0.000767737976
v  0.000426355575 0.0049119941 -0.000830983743
v  0.000350394286 0.00490867114 -0.000884402834
v  0.000267852563 0.00490600895 -0.00092700019
v  0.000180267976 0.0049040569 -0.000957982207
v  8.92720709e-05 0.00490285084 -0.000976771931
v  -3.44007299e-06 0.00490241358 -0.000983019127
v  -9.61413971e-05 0.00490275351 -0.000976607436
v  -0.000187105048 0.00490386412 -0.000957656477
v  -0.00027463655 0.0049057249 -0.000926519162
v  -0.000357105368 0.00490830047 -0.000883775472
v  -0.000432975241 0.0049115438 -0.000830221805
v  -0.000500832859 0.00491539389 -0.000766855548
v  -0.000559414213 0.00491977902 -0.000694857212
v  -0.000607627968 0.00492461817 -0.000615568017
v  -0.000644576096 0.00492982008 -0.000530464924
v  -0.000669570116 0.0049352888 -0.000441133277
v  -0.000682144717 0.00494092191 -0.000349237089
v  -0.000682065438 0.00494661508 -0.000256488245
v  -0.000669333851 0.00495226122 -0.00016461451
v  -0.000644187152 0.00495775649 -7.53273125e-05
v  -0.000607093622 0.00496299705 9.71012742e-06
v  -0.000558744418 0.00496788649 8.89137154e-05
v  -0.000500040129 0.00497233355 0.000160808049
v  -0.000432074303 0.00497625442 0.000224053831
v  -0.000356113014 0.00497957738 0.000277472922
v  -0.000273571262 0.00498223957 0.000320070278
v  -0.00018598669 0.00498419208 0.000351052295
v  -9.49907844e-05 0.00498539768 0.000369841931
v  -2.27864098e-06 0.00498583494 0.000376089156
v  0.000607627968 -0.00492461817 0.000615568017
v  0.000559414213 -0.00491977902 0.000694857212
v  0.00110552134 -0.00475730561 0.00107045262
v  -0.00060190924 -0.00496363081 -8.63809601e-06
v  -0.000553695485 -0.0049684695 -8.79273139e-05
v  -0.00109996286 -0.00485377898 -0.000480534742
v  -0.000601374893 -0.00492525147 0.000616640027
v  -0.000638468424 -0.00493049249 0.000531602593
v  -0.00126792956 -0.00477853231 0.0007469845
v  -0.000180267976 -0.0049040569 0.000957982207
v  -0.000267852563 -0.00490600895 0.00092700019
v  -0.000533601793 -0.00473002158 0.0015304141
v  2.8862396e-06 -0.00499060703 0.000306318019
v  0.000682144717 -0.00494092191 0.000349237089
v  0.000682065438 -0.00494661508 0.000256488245
v  0.000644187152 -0.00495775649 7.53273052e-05
v  0.000607093622 -0.00496299705 -9.71013287e-06
v  0.000669333851 -0.00495226122 0.00016461451
v  0.000500040129 -0.00497233355 -0.000160808049
v  0.000432074303 -0.00497625442 -0.000224053831
v  0.000558744418 -0.00496788649 -8.89137227e-05
v  -0.000663851388 -0.00495295972 0.000165796664
v  -0.000676425989 -0.00494732661 0.000257692853
v  -0.00198703236 -0.00372235687 0.00268249167
v  -0.00194592273 -0.000741306809 0.00454575056
v  -0.00198326097 -6.13067023e-05 0.00458943518
v  -0.00199151016 0.00402018381 0.00220726291
v  -0.00163945428 0.0040355837 0.00245484314
v  -0.00190263079 0.00415444234 -0.00202992721
v  -0.00190328527 0.00321408105 -0.00332373101
v  0.00189401908 0.00321607059 -0.00332709821
v  0.00145099964 0.00320178131 -0.00355572742
v  0.00198703236 0.00372235687 -0.00268249167
v  0.00163497648 0.00370695721 -0.0029300719
v  0.00188164029 -0.00140553107 0.00441405829
v  0.00163103465 -0.00450621126 0.00142610737
v  0.00189960585 -0.00437171152 -0.0015098463
v  0.0014573161 -0.00465997634 -0.00107742765
v  0.00176652591 -0.00254453789 -0.0039248839
v  0.00162587629 -0.00310666882 -0.00356442644
v  0.00164369994 -0.00413975073 0.00227171974
v  0.00199568551 -0.00372027047 0.0026789601
v  0.0016440535 -0.00370523916 0.00292716431
v  0.00190328527 -0.00321408105 0.00332373101
v  0.00146065722 -0.0032002558 0.00355314557
v  0.00163226773 -0.00264759618 0.0039148354
v  0.00177347218 -0.00204561651 0.00420359941
v  0.00195475691 -0.000739263254 0.00454229163
v  0.0019914601 -5.92243086e-05 0.00458591059
v  0.00199106615 0.000621917832 0.00454410305
v  0.00195358251 0.00129147479 0.00441764714
v  0.00187970721 0.00193697412 0.0042088991
v  0.00177081651 0.00254639122 0.00392174721
v  0.00162893883 0.00310837408 0.00356154051
v  0.00199120771 0.00402227044 0.00220373133
v  0.00163876778 0.00438839197 0.00174827164
v  0.00189769862 0.00437370082 0.00150647922
v  0.00145434088 0.00466150185 0.0010748459
v  0.00162574009 0.00464867102 0.00086419069
v  0.00176680565 0.00463451352 0.00063220365
v  0.00187490962 0.00461929291 0.000383206032
v  0.00194803812 0.00460329233 0.000121836289
v  0.00198482908 0.00458681071 -0.000147036713
v  0.00198459718 0.00457015401 -0.000418404437
v  0.00194734684 0.00455363374 -0.00068721181
v  0.00162378047 0.00450791651 -0.00142899342
v  0.0017652422 0.00452222209 -0.00119725696
v  0.00187377166 0.00453755632 -0.000948451459
v  0.00145202142 0.0044949064 -0.00163934438
v  0.00189467368 0.00415643165 -0.00203329441
v  0.00163533003 0.00414146902 -0.00227462733
v  0.0016225474 0.00264930143 -0.00391772157
v  0.00176387024 0.00204746961 -0.00420673611
v  0.00187233556 0.00140749791 -0.0044173873
v  0.00187426864 -0.0019350074 -0.00421222765
v  0.00194709713 -0.00128943124 -0.00442110607
v  0.00198365492 -0.000619835453 -0.00454762764
v  0.00198326097 6.1306695e-05 -0.00458943518
v  0.00194592273 0.000741306809 -0.00454575056
v  -0.00199106615 -0.000621917832 -0.00454410305
v  -0.0019914601 5.9224305e-05 -0.00458591059
v  -0.00195475691 0.000739263196 -0.00454229163
v  -0.00188164029 0.00140553107 -0.00441405829
v  -0.00177347218 0.00204561651 -0.00420359941
v  -0.00163226773 0.00264759618 -0.0039148354
v  -0.00146065722 0.0032002558 -0.00355314557
v  -0.00164369994 0.00413975073 -0.00227171974
v  -0.00145963544 0.0044933809 -0.00163676252
v  -0.00163103465 0.00450621126 -0.00142610737
v  -0.00177210022 0.00452036923 -0.00119412038
v  -0.00188020419 0.00453558983 -0.000945122738
v  -0.00195333268 0.00455158995 -0.000683752995
v  -0.00199012388 0.00456807204 -0.000414879993
v  -0.00198989199 0.00458472827 -0.000143512283
v  -0.00195264141 0.00460124901 0.000125295075
v  -0.00162907504 0.00464696577 0.000867076742
v  -0.00177053676 0.00463266019 0.000635340228
v  -0.00187906623 0.00461732596 0.000386534724
v  -0.0014573161 0.00465997634 0.00107742765
v  -0.00189960585 0.00437171152 0.0015098463
v  -0.0016402622 0.00438667415 0.00175117911
v  -0.00187426864 0.0019350074 0.00421222765
v  -0.00176652591 0.00254453789 0.0039248839
v  -0.00162587629 0.00310666882 0.00356442644
v  -0.00145493972 0.00361092808 0.00313757057
v  -0.00189795916 0.00359663879 0.00290894136
v  -0.00194709713 0.00128943124 0.00442110607
v  -0.00198365492 0.000619835453 0.00454762764
v  -0.00187233556 -0.00140749791 0.0044173873
v  -0.00163533003 -0.00414146902 0.00227462733
v  -0.0017652422 -0.00452222209 0.00119725696
v  -0.00198459718 -0.00457015401 0.000418404437
v  -0.00198482908 -0.00458681071 0.000147036699
v  -0.00194803812 -0.00460329233 -0.000121836296
v  -0.00187490962 -0.00461929291 -0.000383206032
v  -0.00176680565 -0.00463451352 -0.00063220365
v  -0.00189934531 -0.00359862833 -0.00290557439
v  -0.00162893883 -0.00310837408 -0.00356154051
v  -0.00195358251 -0.00129147479 -0.00441764714
v  -0.00187970721 -0.00193697412 -0.0042088991
v  -0.00177081651 -0.00254639122 -0.00392174721
v  -0.00103091449 -0.00447371136 0.00198068656
v  -0.000697147625 -0.00473529659 0.00144601287
v  -0.000350394286 -0.00490867114 0.000884402834
v  -0.00194734684 -0.00455363374 0.000687211752
v  -0.00131775462 -0.00478941947 0.000570073316
v  -0.000663615123 -0.00493598729 0.000442315417
v  -0.00134298066 -0.00480060745 0.000388037268
v  -0.000676346768 -0.0049416339 0.000350441667
v  -0.0013431377 -0.00481188716 0.000204267359
v  -0.00131822284 -0.0048230486 2.21868559e-05
v  -0.00126870023 -0.00483388407 -0.000154812413
v  -0.00145434088 -0.00466150185 -0.0010748459
v  -0.000983891543 -0.00486246776 -0.000623190135
v  -0.000495114189 -0.00497285463 -0.000159925636
v  0.00134869618 -0.00479919743 0.000385650521
v  0.00134853914 -0.00481047714 0.000201880612
v  0.00132331299 -0.00482166465 1.98445759e-05
v  0.00127348804 -0.00483255228 -0.000157066606
v  0.00119999214 -0.00484293653 -0.000325557427
v  0.00110419421 -0.00485262414 -0.00048248918
v  0.00098787935 -0.00486143492 -0.000624938519
v  0.00145963544 -0.0044933809 0.00163676252
v  0.000989450025 -0.00474861637 0.00121310807
v  0.000500832859 -0.00491539389 0.000766855548
v  -0.00125316472 -0.00448343344 0.00182439107
v  -0.000847655232 -0.00474188011 0.00134016993
v  -0.000426355575 -0.0049119941 0.000830983743
v  -0.000494321459 -0.00491591543 0.000767737976
v  -0.00109863584 -0.00475846045 0.00107240712
v  -0.000982320867 -0.00474964967 0.0012148564
v  -0.00162378047 -0.00450791651 0.00142899342
v  -0.00145202142 -0.0044949064 0.00163934438
v  -0.00189467368 -0.00415643165 0.00203329441
v  -0.00187377166 -0.00453755632 0.000948451459
v  -0.00119443366 -0.00476814806 0.000915475306
v  -0.000553025689 -0.00492036203 0.000695843657
v  -0.00162574009 -0.00464867102 -0.00086419069
v  -0.00119549234 -0.00484419148 -0.000323433342
v  -0.000638857367 -0.00495842844 7.64649958e-05
v  0.00199012388 -0.00456807204 0.000414879993
v  0.00198989199 -0.00458472827 0.000143512269
v  0.00195264141 -0.00460124901 -0.000125295075
v  0.00187906623 -0.00461732596 -0.000386534724
v  0.00177053676 -0.00463266019 -0.000635340228
v  0.00162907504 -0.00464696577 -0.000867076742
v  0.00132378121 -0.00478803553 0.00056773104
v  0.00188020419 -0.00453558983 0.000945122738
v  0.00195333268 -0.00455158995 0.000683752995
v  0.00177210022 -0.00452036923 0.00119412038
v  0.0012742586 -0.00477720052 0.000744730292
v  0.000669570116 -0.0049352888 0.000441133248
v  0.00120105082 -0.00476689311 0.000913351192
v  0.000644576096 -0.00492982008 0.000530464924
v  -0.000427256513 -0.00497670472 -0.000223291849
v  -0.000849440345 -0.00487009622 -0.000748742255
v  -0.00125580071 -0.0046727662 -0.00126024487
v  -0.00163876778 -0.00438839197 -0.00174827164
v  -0.00189769862 -0.00437370082 -0.00150647922
v  0.000853213656 -0.00486920448 -0.000750251987
v  0.00125845929 -0.00467144931 -0.00126247434
v  0.0016402622 -0.00438667415 -0.00175117911
v  0.00199151016 -0.00402018381 -0.00220726291
v  0.00190263079 -0.00415444234 0.00202992721
v  0.00126109528 -0.00448211608 0.0018221616
v  0.000854998769 -0.0047409879 0.00133866013
v  0.000432975241 -0.0049115438 0.000830221805
v  -0.00189401908 -0.00321607059 0.00332709821
v  -0.00163497648 -0.00370695721 0.0029300719
v  -0.0013454773 -0.00412878999 0.00247846381
v  -0.00035138664 -0.00497994805 -0.00027684556
v  -0.00069911388 -0.00487652235 -0.000854852027
v  -0.00103381788 -0.00468225544 -0.0014169343
v  -0.00134926394 -0.00440076739 -0.00195262174
v  -0.0016395757 -0.00403730152 -0.00245193555
v  -0.00199120771 -0.00402227044 -0.00220373133
v  -0.00145671726 -0.00361245335 -0.00313498895
v  -0.00125735975 -0.00404923968 -0.00265003834
v  -0.00103457994 -0.0044105961 -0.00211572275
v  -0.000792527862 -0.00468979217 -0.00154199521
v  -0.000535712519 -0.004881626 -0.000939543126
v  -0.000268917851 -0.00498252409 -0.00031958925
v  0.000356113014 -0.00497957738 -0.000277472922
v  0.000702706049 -0.004875788 -0.000856095052
v  0.00103620905 -0.00468117092 -0.00141876983
v  0.00135040947 -0.00439935317 -0.00195501558
v  0.00163945428 -0.0040355837 -0.00245484314
v  0.00189795916 -0.00359663879 -0.00290894136
v  0.000357105368 -0.00490830047 0.000883775472
v  0.000704672304 -0.00473456224 0.00144476991
v  0.00103911257 -0.00447262684 0.00197885092
v  0.00135419599 -0.00412737578 0.00247606984
v  -0.000789411017 -0.00446592178 0.00210531941
v  -0.00103051495 -0.00411863113 0.00264100637
v  -0.00125242246 -0.00369461812 0.00312749646
v  -0.00145099964 -0.00320178131 0.00355572742
v  -0.0016225474 -0.00264930143 0.00391772157
v  -0.00176387024 -0.00204746961 0.00420673611
v  0.000273571262 -0.00498223957 -0.000320070278
v  0.000539160217 -0.00488106301 -0.000940496277
v  0.000794705644 -0.0046889605 -0.00154340256
v  0.00103544712 -0.00440951204 -0.00211755838
v  0.00125690026 -0.00404792279 -0.00265226793
v  0.00145493972 -0.00361092808 -0.00313757057
v  0.00027463655 -0.0049057249 0.000926519162
v  0.000541270885 -0.00472945813 0.00152946101
v  0.000797822431 -0.00446509058 0.00210391195
v  0.00103951199 -0.0041175466 0.00263917097
v  0.00126183743 -0.003693301 0.0031252671
v  -8.92720709e-05 -0.00490285084 0.000976771815
v  3.44007299e-06 -0.00490241358 0.000983019127
v  -0.000179767405 -0.00472376402 0.00162903033
v  3.92982429e-06 -0.00472289789 0.00164140831
v  -0.000266914023 -0.00445668167 0.0022509431
v  4.34637013e-06 -0.00445540296 0.00226922124
v  -0.000349088514 -0.00410657981 0.0028309247
v  4.68195185e-06 -0.00410491228 0.00285476283
v  -0.000424760161 -0.00367998099 0.00335817202
v  4.93031712e-06 -0.00367795536 0.00338712567
v  -0.00049251935 -0.00318483054 0.00382286287
v  5.08684025e-06 -0.00318248477 0.00385639281
v  -0.000551103789 -0.00263035274 0.00421634084
v  5.1486054e-06 -0.0026277306 0.00425382238
v  -0.000599422259 -0.00202687643 0.00453127641
v  5.11446115e-06 -0.00202402635 0.00457201153
v  -0.000636574638 -0.00138564338 0.0047618025
v  4.98504505e-06 -0.00138261891 0.0048050331
v  -0.000661868718 -0.000718598196 0.0049036257
v  4.76276591e-06 -0.000715455564 0.00494854525
v  -0.000674833602 -3.81670434e-05 0.00495410338
v  4.45176602e-06 -3.49647416e-05 0.00499987602
v  -0.000675227551 0.000642975094 0.00491229584
v  4.0578384e-06 0.000646177388 0.00495806802
v  -0.000663043174 0.00131213979 0.00477898121
v  3.5883204e-06 0.00131528254 0.00482390076
v  -0.000638507714 0.00195686193 0.00455664331
v  3.05195931e-06 0.0019598864 0.00459987344
v  -0.000602077926 0.00256513129 0.00424942421
v  2.45874548e-06 0.00256798114 0.00429015933
v  -0.000554432685 0.00312561728 0.00386304548
v  1.81972985e-06 0.00312823965 0.00390052726
v  -0.000496459368 0.00362787885 0.00340470602
v  1.14681666e-06 0.00363022462 0.00343823619
v  -0.00036006415 -0.00472615333 0.00159180106
v  -0.000533152954 -0.00446020998 0.00219596759
v  -0.000696310191 -0.00411118148 0.00275922753
v  -0.000846496492 -0.00368556986 0.00327108824
v  -0.000980914221 -0.003191303 0.0037220146
v  -0.00109705923 -0.00263758795 0.00410360703
v  -0.00119276822 -0.00203473959 0.00440875674
v  -0.00126625807 -0.00139398815 0.00463178009
v  -0.00131615996 -0.000727269158 0.00476852199
v  -0.00134154444 -4.70025661e-05 0.00481643528
v  -0.00134193839 0.000634139578 0.00477462728
v  -0.00131733448 0.00130346895 0.0046438775
v  -0.00126819115 0.00194851717 0.0044266209
v  -0.00119542389 0.00255726813 0.00412690453
v  -0.00110038801 0.00311838207 0.00375031168
v  -0.000984854181 0.00362140639 0.00330385799
v  -0.000181386335 -0.0049843844 -0.000350726536
v  -0.000362280029 -0.00488531264 -0.00100123778
v  -0.000536425097 -0.00469523575 -0.00163309788
v  -0.000700577628 -0.00441769557 -0.00223453622
v  -0.00085167971 -0.0040578628 -0.0027943498
v  -0.000986916712 -0.00362243946 -0.00330210966
v  -0.00110376906 -0.00311953691 -0.0037483573
v  -0.00120006059 -0.00255852309 -0.00412478019
v  -0.00127399701 -0.00194984907 -0.00442436663
v  -0.00132420135 -0.00130485289 -0.00464153523
v  -0.00134973845 -0.000635549775 -0.00477224076
v  -0.0013501324 4.55923728e-05 -0.0048140483
v  -0.00132537587 0.000725885213 -0.00476617971
v  -0.00127593009 0.00139265624 -0.00462952582
v  -0.00120271626 0.00203348463 -0.00440663286
v  -0.00110709795 0.00263643335 -0.00410165265
v  -0.000990856672 0.00319026993 -0.00372026628
v  -9.04226836e-05 -0.004985495 -0.000369677553
v  -0.00018204721 -0.00488751289 -0.00103878672
v  -0.000270280521 -0.00469848514 -0.00168854522
v  -0.00035347903 -0.00442193355 -0.00230684923
v  -0.000430092885 -0.00406301022 -0.00288218143
v  -0.00049869495 -0.00362840015 -0.00340382382
v  -0.000558007217 -0.00312620029 -0.00386205898
v  -0.000606924936 -0.00256576482 -0.00424835226
v  -0.000644536747 -0.00195753411 -0.0045555057
v  -0.000670142064 -0.00131283829 -0.00477779889
v  -0.000683263934 -0.000643686857 -0.00491109118
v  -0.000683657883 3.74553165e-05 -0.00495289918
v  -0.000671316462 0.000717899762 -0.00490244338
v  -0.000646469882 0.00138497108 -0.00476066489
v  -0.000609580602 0.0020262429 -0.00453020446
v  -0.000561336114 0.00262976997 -0.0042153541
v  -0.000502634968 0.003184309 -0.00382198044
v  2.27864098e-06 -0.00498583494 -0.000376089156
v  1.6285959e-06 -0.00488818623 -0.00105149043
v  9.48212801e-07 -0.00469947979 -0.0017073045
v  2.50166408e-07 -0.00442323042 -0.00233131461
v  -4.52539979e-07 -0.00406458555 -0.00291189691
v  -1.14681666e-06 -0.00363022462 -0.00343823619
v  -1.81972985e-06 -0.00312823965 -0.00390052726
v  -2.45874548e-06 -0.00256798114 -0.00429015933
v  -3.05195931e-06 -0.0019598864 -0.00459987344
v  -3.5883204e-06 -0.00131528254 -0.00482390076
v  -4.0578384e-06 -0.000646177388 -0.00495806802
v  -4.45176602e-06 3.4964738e-05 -0.00499987602
v  -4.76276591e-06 0.000715455564 -0.00494854525
v  -4.98504505e-06 0.00138261891 -0.0048050331
v  -5.11446115e-06 0.00202402635 -0.00457201153
v  -5.1486054e-06 0.0026277306 -0.00425382238
v  -5.08684025e-06 0.00318248477 -0.00385639281
v  9.49907844e-05 -0.00498539768 -0.00036984196
v  0.000185325829 -0.00488732057 -0.00103911245
v  0.000272208592 -0.00469820062 -0.00168902637
v  0.000354020623 -0.00442156289 -0.00230747671
v  0.000429237931 -0.00406255992 -0.00288294349
v  0.000496459368 -0.00362787885 -0.00340470602
v  0.000554432685 -0.00312561728 -0.00386304548
v  0.000602077926 -0.00256513129 -0.00424942421
v  0.000638507714 -0.00195686193 -0.00455664331
v  0.000663043174 -0.00131213979 -0.00477898121
v  0.000675227551 -0.000642975094 -0.00491229584
v  0.000674833602 3.81670434e-05 -0.00495410338
v  0.000661868718 0.000718598196 -0.0049036257
v  0.000636574638 0.00138564338 -0.0047618025
v  0.000599422259 0.00202687643 -0.00453127641
v  0.000551103789 0.00263035274 -0.00421634084
v  0.00049251935 0.00318483054 -0.00382286287
v  0.00018598669 -0.00498419208 -0.000351052295
v  0.000365622574 -0.00488493126 -0.00100188318
v  0.000538447581 -0.00469467277 -0.00163405098
v  0.000701242301 -0.00441696122 -0.00223577931
v  0.000850974233 -0.00405697105 -0.00279585947
v  0.000984854181 -0.00362140639 -0.00330385799
v  0.00110038801 -0.00311838207 -0.00375031168
v  0.00119542389 -0.00255726813 -0.00412690453
v  0.00126819115 -0.00194851717 -0.0044266209
v  0.00131733448 -0.00130346895 -0.0046438775
v  0.00134193839 -0.000634139578 -0.00477462728
v  0.00134154444 4.70025661e-05 -0.00481643528
v  0.00131615996 0.000727269158 -0.00476852199
v  0.00126625807 0.00139398815 -0.00463178009
v  0.00119276822 0.00203473959 -0.00440875674
v  0.00109705923 0.00263758795 -0.00410360703
v  0.000980914221 0.00319130276 -0.0037220146
v  -0.00125690026 0.00404792279 0.00265226793
v  -0.000850974233 0.00405697105 0.00279585947
v  -0.000429237931 0.00406255992 0.00288294326
v  4.52539979e-07 0.00406458555 0.00291189691
v  0.00125242246 0.00369461812 -0.00312749646
v  0.000846496492 0.00368556986 -0.00327108824
v  0.000424760161 0.00367998099 -0.00335817202
v  -4.93031712e-06 0.00367795536 -0.00338712567
v  -0.000434570655 0.0036795307 -0.0033574102
v  -0.000856157509 0.00368467788 -0.00326957856
v  -0.00126183743 0.003693301 -0.0031252671
v  -0.0016440535 0.00370523916 -0.00292716431
v  -0.00199568551 0.00372027047 -0.0026789601
v  -0.00135040947 0.00439935317 0.00195501558
v  -0.00103544712 0.00440951204 0.00211755838
v  -0.000701242301 0.00441696122 0.00223577931
v  -0.000354020623 0.00442156289 0.00230747671
v  -2.50166408e-07 0.00442323042 0.00233131461
v  0.0013454773 0.00412878999 -0.00247846381
v  0.00103051495 0.00411863113 -0.00264100637
v  0.000696310191 0.00411118148 -0.00275922753
v  0.000349088514 0.00410657981 -0.0028309247
v  -4.68195185e-06 0.00410491228 -0.00285476283
v  -0.00035841114 0.00410620915 -0.00283029745
v  -0.000705509738 0.00411044713 -0.00275798445
v  -0.00103951199 0.0041175466 -0.00263917097
v  -0.00135419599 0.00412737578 -0.00247606984
v  -0.00125845929 0.00467144931 0.00126247434
v  -0.00103620905 0.00468117092 0.00141876983
v  -0.000794705644 0.0046889605 0.00154340256
v  -0.000538447581 0.00469467277 0.00163405098
v  -0.000272208592 0.00469820062 0.00168902625
v  -9.48212801e-07 0.00469947979 0.0017073045
v  0.00125316472 0.00448343344 -0.00182439107
v  0.00103091449 0.00447371136 -0.00198068656
v  0.000789411017 0.00446592178 -0.00210531941
v  0.000533152954 0.00446020998 -0.00219596759
v  0.000266914023 0.00445668167 -0.0022509431
v  -4.34637013e-06 0.00445540296 -0.00226922124
v  -0.00027557509 0.00445639761 -0.00225046207
v  -0.000541719724 0.004459647 -0.00219501462
v  -0.000797822431 0.00446509058 -0.00210391195
v  -0.00103911257 0.00447262684 -0.00197885092
v  -0.00126109528 0.00448211608 -0.0018221616
v  0.00125580071 0.0046727662 0.00126024487
v  0.00189934531 0.00359862833 0.00290557439
v  0.0016395757 0.00403730152 0.00245193555
v  0.00134926394 0.00440076739 0.00195262174
v  0.00103381788 0.00468225544 0.0014169343
v  0.00145671726 0.00361245335 0.00313498895
v  0.00125735975 0.00404923968 0.00265003834
v  0.00103457994 0.0044105961 0.00211572275
v  0.000792527862 0.00468979217 0.00154199521
v  0.000187105048 -0.00490386412 0.000957656477
v  0.000367838453 -0.00472577196 0.00159115565
v  0.000541719724 -0.004459647 0.00219501462
v  0.000705509738 -0.00411044713 0.00275798445
v  0.000856157509 -0.00368467788 0.00326957856
v  0.000990856672 -0.00319026993 0.00372026628
v  0.00110709795 -0.00263643335 0.00410165265
v  0.00120271626 -0.00203348463 0.00440663286
v  0.00127593009 -0.00139265624 0.00462952582
v  0.00132537587 -0.000725885213 0.00476617971
v  0.0013501324 -4.55923728e-05 0.0048140483
v  0.00134973845 0.000635549775 0.00477224076
v  0.00132420135 0.00130485289 0.00464153523
v  0.00127399701 0.00194984907 0.00442436663
v  0.00120006059 0.00255852309 0.00412478019
v  0.00110376906 0.00311953691 0.0037483573
v  0.000986916712 0.00362243946 0.00330210966
v  0.00085167971 0.0040578628 0.0027943498
v  0.000700577628 0.00441769557 0.00223453622
v  0.000536425097 0.00469523575 0.00163309788
v  9.61413971e-05 -0.00490275351 0.000976607436
v  0.000187605619 -0.00472357124 0.0016287046
v  0.00027557509 -0.00445639761 0.00225046207
v  0.00035841114 -0.00410620915 0.00283029745
v  0.000434570655 -0.0036795307 0.0033574102
v  0.000502634968 -0.003184309 0.00382198044
v  0.000561336114 -0.00262976997 0.0042153541
v  0.000609580602 -0.0020262429 0.00453020446
v  0.000646469882 -0.00138497108 0.00476066489
v  0.000671316462 -0.000717899762 0.00490244338
v  0.000683657883 -3.74553201e-05 0.00495289918
v  0.000683263934 0.000643686857 0.00491109118
v  0.000670142064 0.00131283829 0.00477779889
v  0.000644536747 0.00195753411 0.0045555057
v  0.000606924936 0.00256576482 0.00424835226
v  0.000558007217 0.00312620029 0.00386205898
v  0.00049869495 0.00362840015 0.00340382359
v  0.000430092885 0.00406301022 0.00288218143
v  0.00035347903 0.00442193355 0.00230684923
v  0.000270280521 0.00469848514 0.00168854522
v  0.00018204721 0.00488751289 0.00103878672
v  0.000362280029 0.00488531264 0.00100123766
v  0.000535712519 0.004881626 0.000939543126
v  0.00069911388 0.00487652235 0.000854852027
v  0.000849440345 0.00487009622 0.000748742255
v  0.000983891543 0.00486246776 0.000623190135
v  0.00109996286 0.00485377898 0.000480534742
v  0.00119549234 0.00484419148 0.000323433313
v  0.00126870023 0.00483388407 0.000154812413
v  0.00131822284 0.0048230486 -2.21868613e-05
v  0.0013431377 0.00481188716 -0.000204267359
v  0.00134298066 0.00480060745 -0.000388037268
v  0.00131775462 0.00478941947 -0.000570073316
v  0.00126792956 0.00477853231 -0.0007469845
v  0.00119443366 0.00476814806 -0.000915475306
v  0.00109863584 0.00475846045 -0.00107240712
v  0.000982320867 0.00474964967 -0.0012148564
v  0.000847655232 0.00474188011 -0.00134016993
v  0.000697147625 0.00473529659 -0.00144601299
v  0.000533601793 0.00473002158 -0.0015304141
v  0.00036006415 0.00472615333 -0.00159180106
v  0.000179767405 0.00472376402 -0.00162903033
v  -3.92982429e-06 0.00472289789 -0.00164140831
v  -0.000187605619 0.00472357124 -0.0016287046
v  -0.000367838453 0.00472577196 -0.00159115565
v  -0.000541270885 0.00472945813 -0.00152946101
v  -0.000704672304 0.00473456224 -0.00144476991
v  -0.000854998769 0.0047409879 -0.00133866013
v  -0.000989450025 0.00474861637 -0.00121310807
v  -0.00110552134 0.00475730561 -0.00107045262
v  -0.00120105082 0.00476689311 -0.000913351192
v  -0.0012742586 0.00477720052 -0.000744730292
v  -0.00132378121 0.00478803553 -0.00056773104
v  -0.00134869618 0.00479919743 -0.000385650521
v  -0.00134853914 0.00481047714 -0.000201880626
v  -0.00132331299 0.00482166465 -1.98445814e-05
v  -0.00127348804 0.00483255228 0.000157066606
v  -0.00119999214 0.00484293653 0.000325557427
v  -0.00110419421 0.00485262414 0.00048248918
v  -0.00098787935 0.00486143492 0.000624938519
v  -0.000853213656 0.00486920448 0.000750251987
v  -0.000702706049 0.004875788 0.000856095052
v  -0.000539160217 0.00488106301 0.000940496218
v  -0.000365622574 0.00488493126 0.00100188318
v  -0.000185325829 0.00488732057 0.00103911245
v  -1.6285959e-06 0.00488818623 0.00105149043

# 0 UV coordinates

# 1216 vertex normals
vn 0.000897704507 -0.0213697236 0.999771237
vn 0.000968554872 -0.185634926 0.982618332
vn 0.00101298571 -0.344836831 0.938662112
vn 0.00102978491 -0.494632423 0.869101644
vn 0.00101849425 -0.630935669 0.775834441
vn 0.000979421777 -0.750028908 0.661404312
vn 0.000913633266 -0.848663032 0.528933108
vn 0.000822923146 -0.924148023 0.382033676
vn 0.000709765533 -0.97442472 0.224713102
vn 0.000577247934 -0.99812144 0.061263606
vn 0.000428984553 -0.99459213 -0.103856988
vn 0.000269018929 -0.963932872 -0.266145319
vn 0.000101715399 -0.906980038 -0.421173662
vn -6.83622784e-05 -0.825287282 -0.56471312
vn -0.000236575637 -0.721082628 -0.69284904
vn -0.000398335513 -0.597208917 -0.802085638
vn -0.00054922991 -0.45704487 -0.889443457
vn -0.000685142877 -0.304413766 -0.952539623
vn -0.000802366645 -0.143479392 -0.989652991
vn -0.000897704507 0.0213697236 -0.999771237
vn -0.000968554872 0.185634926 -0.982618332
vn -0.00101298571 0.344836831 -0.938662112
vn -0.00102978491 0.494632423 -0.869101644
vn -0.00101849425 0.630935669 -0.775834441
vn -0.000979421777 0.750028908 -0.661404312
vn -0.000913633266 0.848663032 -0.528933108
vn -0.000822923146 0.924148023 -0.382033676
vn -0.000709765533 0.97442472 -0.224713102
vn -0.000577247934 0.99812144 -0.061263606
vn -0.000428984553 0.99459213 0.103856988
vn -0.000269018929 0.963932872 0.266145319
vn -0.000101715399 0.906980038 0.421173662
vn 6.83622784e-05 0.825287282 0.56471312
vn 0.000236575637 0.721082628 0.69284904
vn 0.000398335513 0.597208917 0.802085638
vn 0.00054922991 0.45704487 0.889443457
vn 0.000685142877 0.304413766 0.952539623
vn 0.000802366645 0.143479392 0.989652991
vn -0.999999464 -0.000523908704 0.000886711117
vn 0.999999464 0.000523908704 -0.000886711117
vn -0.0133978706 -0.999893904 -0.00571224233
vn -0.0223852042 -0.999744356 -0.00319026713
vn -0.0309449155 -0.999520957 0.000529724406
vn -0.0389173664 -0.999227941 0.00537835713
vn -0.0461541675 -0.99887079 0.0112653775
vn -0.0525204912 -0.99845612 0.01808111
vn -0.0578977056 -0.997991681 0.0256985519
vn -0.06218566 -0.997486115 0.0339758098
vn -0.0653045177 -0.996948838 0.0427588038
vn -0.0671961159 -0.996389866 0.051883705
vn -0.0678252652 -0.995819569 0.0611807741
vn -0.0671802312 -0.995248616 0.0704767108
vn -0.065273039 -0.994687676 0.079598248
vn -0.0621391721 -0.994147122 0.088375695
vn -0.0578370765 -0.993637025 0.0966453329
vn -0.0524468534 -0.993166924 0.104253232
vn -0.0460688919 -0.992745638 0.111057661
vn -0.0388220362 -0.992380857 0.116931841
vn -0.0308413114 -0.992079496 0.121766329
vn -0.022275256 -0.991847157 0.12547113
vn -0.0132836252 -0.991688132 0.127977163
vn -0.00403375784 -0.991605401 0.129237786
vn 0.00530196307 -0.991600513 0.129229516
vn 0.0145496624 -0.991673589 0.127952486
vn 0.0235369969 -0.991823196 0.125430509
vn 0.0320967063 -0.992046535 0.121710517
vn 0.0400691554 -0.992339551 0.116861887
vn 0.0473059602 -0.992696702 0.110974863
vn 0.0536722839 -0.993111372 0.104159132
vn 0.0590494983 -0.993575811 0.0965416878
vn 0.0633374527 -0.994081378 0.0882644355
vn 0.0664563105 -0.994618654 0.0794814378
vn 0.0683479086 -0.995177627 0.0703565329
vn 0.0689770579 -0.995747924 0.0610594712
vn 0.0683320165 -0.996318877 0.0517635308
vn 0.0664248317 -0.996879816 0.0426419973
vn 0.0632909611 -0.997420371 0.0338645466
vn 0.0589888692 -0.997930467 0.0255949069
vn 0.0535986461 -0.998400569 0.0179870129
vn 0.0472206809 -0.998821914 0.0111825801
vn 0.0399738289 -0.999186635 0.00530840317
vn 0.0319931023 -0.999487996 0.000473916531
vn 0.0234270487 -0.999720335 -0.00323088933
vn 0.014435417 -0.99987936 -0.00573692238
vn 0.00518554961 -0.999962091 -0.00699754991
vn -0.0041501713 -0.999966979 -0.00698927185
vn -0.174881101 0.97056818 -0.165571868
vn 0.173750862 0.983732462 0.0456190221
vn 0.186395139 0.972271264 -0.141228169
vn 0.0675565824 0.965414941 -0.251813591
vn -0.0590494983 0.993575811 -0.0965416878
vn -0.0689770579 0.995747924 -0.0610594712
vn -0.0632909611 0.997420371 -0.0338645466
vn -0.0664248317 0.996879816 -0.0426419973
vn -0.0683320165 0.996318877 -0.0517635308
vn -0.0472206809 0.998821914 -0.0111825801
vn -0.0535986461 0.998400569 -0.0179870129
vn -0.0589888692 0.997930467 -0.0255949069
vn 0.0578977056 0.997991681 -0.0256985519
vn 0.0671961159 0.996389866 -0.051883705
vn 0.0621391721 0.994147122 -0.088375695
vn 0.022275256 0.991847157 -0.12547113
vn 0.952790499 0.247117579 -0.176417574
vn 0.0436913706 0.0664379597 -0.996833503
vn 0.789776385 -0.037123736 -0.612270415
vn 0.375524759 -0.789868057 -0.484860361
vn 0.409917653 -0.819981873 0.399496198
vn 0.544098616 -0.571648002 0.614145935
vn -0.350370079 -0.603082657 0.716611564
vn -0.374648601 -0.725074172 0.577845871
vn -0.393067449 0.25219065 -0.884249866
vn -0.318525881 0.872669458 -0.370120674
vn -0.338419884 0.905147016 0.257256299
vn -0.492674083 0.803099573 0.335116833
vn -0.339308798 0.566460431 0.750994086
vn -0.354876608 0.787287176 -0.504223645
vn -0.337858081 0.692753136 -0.637138128
vn -0.335560769 0.58659184 -0.737094939
vn -0.405038685 0.470935285 -0.783685923
vn -0.357593328 0.493293107 -0.792962134
vn -0.377552181 0.346188009 -0.858841181
vn -0.368728787 0.344108105 -0.863497972
vn -0.378641963 0.406839758 -0.831331253
vn -0.234698296 0.195637241 -0.952177942
vn -0.388514102 0.215082288 -0.89598906
vn -0.400622427 0.0925605744 -0.911555946
vn -0.0455286987 0.0663912147 -0.996754408
vn -0.790821671 -0.037951827 -0.610868871
vn -0.0453816652 -0.187845394 -0.981149614
vn -0.400451034 -0.20380795 -0.893365145
vn -0.39178893 -0.294356853 -0.871696889
vn -0.275810629 -0.324197799 -0.904889107
vn -0.392714053 -0.358891517 -0.846742332
vn -0.377092272 -0.449057937 -0.810029864
vn -0.368270934 -0.447552979 -0.814906657
vn -0.386448711 -0.564877093 -0.72908932
vn -0.381210923 -0.563582778 -0.732838809
vn -0.953063667 -0.266738504 -0.143248737
vn -0.353933483 -0.843450904 -0.404130727
vn -0.36526677 -0.864804983 -0.344517827
vn -0.363828242 -0.868423879 -0.336851537
vn -0.408944249 -0.863155723 -0.296187043
vn -0.345805168 -0.910708904 -0.225893959
vn -0.383336544 -0.906336129 -0.177786127
vn -0.318733007 -0.923836231 -0.211980969
vn -0.404258221 -0.906727552 -0.120085195
vn -0.374684602 -0.917951703 -0.130292401
vn -0.393339872 -0.917813778 -0.0538665429
vn -0.474975616 -0.879310787 -0.0347951092
vn -0.33958143 -0.940510154 0.0111867171
vn -0.594774008 -0.802351654 0.0497561358
vn -0.339501709 -0.934782743 0.104497954
vn -0.474823773 -0.868405163 0.142880529
vn -0.363071293 -0.889771342 0.276561379
vn -0.396007895 -0.886362433 0.239873603
vn -0.379877746 -0.89823395 0.221062586
vn -0.393151641 -0.904295266 0.166378617
vn -0.351448089 -0.871935427 0.340900034
vn -0.316954434 -0.87300235 0.370684177
vn -0.359031439 -0.877143145 0.31893
vn -0.352282345 -0.820286453 0.450585514
vn -0.365478933 -0.818375111 0.443494409
vn -0.333638221 -0.586942434 0.737688363
vn -0.403154582 -0.471358716 0.784402549
vn -0.355669409 -0.493666768 0.793594599
vn -0.375665545 -0.346582651 0.85950911
vn -0.366836101 -0.344493479 0.864150167
vn -0.376740575 -0.407235533 0.83200109
vn -0.3670021 0.546699524 0.752614856
vn -0.386618644 0.463738322 0.797165453
vn -0.334011108 0.449582815 0.828439415
vn -0.468167394 0.315331757 0.825460553
vn -0.529611051 0.314620346 0.787734866
vn -0.278754234 0.190556869 0.941267312
vn -0.393584847 0.191383943 0.899145782
vn -0.399477303 0.0900065973 0.912313938
vn 0.496272832 0.0534729585 0.866518259
vn -0.622882962 0.007984614 0.782274306
vn -0.0436913706 -0.0664379597 0.996833503
vn -0.398908019 -0.0929794535 0.912264884
vn -0.386698961 -0.215488419 0.896676481
vn -0.232804194 -0.195882171 0.952592432
vn -0.391234219 -0.252601534 0.884945333
vn -0.49479112 0.0529537313 0.86739707
vn 0.624260545 0.00863800291 0.781168461
vn 0.0455286987 -0.0663912147 0.996754408
vn 0.400622427 -0.0925605744 0.911555946
vn 0.392066211 -0.185089663 0.901124775
vn 0.276120007 -0.210780904 0.937725544
vn 0.393067449 -0.25219065 0.884249866
vn 0.378205806 -0.342694014 0.859954178
vn 0.369049013 -0.345989823 0.862608731
vn 0.378641963 -0.406839758 0.831331253
vn 0.363492042 -0.470859408 0.803843856
vn 0.397481799 -0.484701276 0.779148817
vn 0.335560769 -0.58659184 0.737094939
vn 0.352272093 -0.602714539 0.715988517
vn 0.364804894 -0.820289314 0.440502912
vn 0.346838385 -0.875847459 0.335550845
vn 0.384368092 -0.877347708 0.287266701
vn 0.319782346 -0.890608907 0.323349625
vn 0.405294299 -0.884768724 0.230045289
vn 0.375732929 -0.894694388 0.241550639
vn 0.394393414 -0.903882682 0.165680289
vn 0.475986093 -0.867907047 0.142037436
vn 0.340665787 -0.934426367 0.103894845
vn 0.595701694 -0.801727951 0.0487005264
vn 0.340586036 -0.940153778 0.0105836047
vn 0.47583425 -0.878812671 -0.035638202
vn 0.364115894 -0.916495979 -0.165694654
vn 0.39704597 -0.908587933 -0.129701495
vn 0.380928189 -0.918088377 -0.109578699
vn 0.394205213 -0.917401195 -0.0545648709
vn 0.352476716 -0.906675816 -0.231730834
vn 0.317986429 -0.911416948 -0.261158466
vn 0.360064536 -0.909148812 -0.209289342
vn 0.353259236 -0.86882776 -0.346909523
vn 0.366453081 -0.866048396 -0.340106338
vn 0.391587645 -0.358480603 -0.847437799
vn 0.376776844 -0.445331722 -0.812230766
vn 0.367615879 -0.448926508 -0.814446807
vn 0.385418922 -0.56193769 -0.731900454
vn 0.380042344 -0.56479913 -0.732509196
vn 0.355807841 -0.641222417 -0.679878354
vn 0.33436653 -0.672368824 -0.660393178
vn 0.351115465 -0.685790956 -0.637501895
vn 0.233097136 -0.31064263 -0.921502531
vn 0.387010425 -0.323085994 -0.863619328
vn 0.399079412 -0.203389078 -0.894074082
vn 0.0438384041 -0.187798649 -0.981228769
vn 0.274235576 0.211069241 -0.938213527
vn 0.390273362 0.185499534 -0.901818514
vn 0.398908019 0.0929794535 -0.912264884
vn 0.364589244 0.816141248 -0.448316991
vn 0.318275064 0.890943229 -0.323915392
vn 0.594774008 0.802351654 -0.0497561358
vn 0.33958143 0.940510154 -0.0111867171
vn 0.474975616 0.879310787 0.0347951092
vn 0.393339872 0.917813778 0.0538665429
vn 0.380159706 0.918487072 0.108903833
vn 0.396323115 0.909003556 0.128998011
vn 0.393989891 0.71301043 0.579989791
vn 0.351708442 0.779378533 0.518527031
vn 0.33075735 0.555168569 0.763143122
vn 0.401000082 0.0904259756 0.911604106
vn 0.395695925 0.182674542 0.900030434
vn 0.285003036 0.193269238 0.938839853
vn 0.513654351 0.306910068 0.80122745
vn 0.465420961 0.320118099 0.825171351
vn 0.300474703 0.480147034 0.824119985
vn 0.390764952 0.448564887 0.803798676
vn 0.362557828 0.566065013 0.74035275
vn 0.153588176 0.922071218 -0.355239898
vn 0.0930928737 0.966107607 -0.240769193
vn 0.093092896 0.966107607 -0.240769178
vn 0.0308413114 0.992079496 -0.121766329
vn 0.322509348 0.934866667 -0.148364469
vn 0.195737496 0.973882735 -0.115061738
vn 0.195737511 0.973882794 -0.115061663
vn 0.065273039 0.994687676 -0.079598248
vn 0.203345984 0.977257133 -0.060157232
vn 0.20147042 0.978957176 -0.0324417315
vn 0.201470405 0.978957236 -0.0324416943
vn 0.195831344 0.980623603 -0.00523931952
vn 0.25994572 0.953354716 0.153437123
vn 0.157720819 0.985117018 0.0683274195
vn 0.0525204912 0.99845612 -0.01808111
vn -0.204476222 0.97704345 -0.0597956106
vn -0.202553287 0.97874552 -0.0320834406
vn -0.202553287 0.97874552 -0.0320834778
vn -0.196867749 0.980417848 -0.00489117811
vn -0.196867734 0.980417848 -0.00489110593
vn -0.187525377 0.982029319 0.0212753303
vn -0.187525406 0.982029319 0.0212751795
vn -0.17470035 0.983549893 0.0459279828
vn -0.17470032 0.983549893 0.0459280647
vn -0.158631533 0.984951258 0.0686079338
vn -0.139618158 0.986207306 0.0888926685
vn -0.261033297 0.927133322 -0.268859446
vn -0.158851057 0.969183624 -0.188280255
vn -0.0536722839 0.993111372 -0.104159132
vn 0.264965266 0.862848938 -0.430447608
vn 0.192741483 0.923549592 -0.331521958
vn 0.192741424 0.923549592 -0.331522048
vn 0.116884254 0.967005968 -0.226357073
vn 0.116884276 0.967005968 -0.226357043
vn 0.0388220362 0.992380857 -0.116931841
vn 0.157501295 0.969349384 -0.188560769
vn 0.259584457 0.927406073 -0.269321084
vn 0.259584486 0.927406073 -0.269321054
vn 0.408349127 0.820410609 -0.400221765
vn 0.338687181 0.867359579 -0.364661992
vn 0.336859286 0.866658986 -0.368005484
vn 0.345324844 0.876210093 -0.336164594
vn 0.382938534 0.877749741 -0.287947059
vn 0.286028743 0.929712296 -0.231996983
vn 0.374366283 0.895087361 -0.242215768
vn 0.40395838 0.885192692 -0.230762854
vn 0.307134777 0.932214677 -0.191426247
vn 0.286028713 0.929712296 -0.231997073
vn 0.173570082 0.97075069 -0.165880904
vn 0.0524468534 0.993166924 -0.104253232
vn 0.335030615 0.940419853 -0.0580087118
vn 0.331944048 0.943217635 -0.0123977419
vn 0.331943959 0.943217635 -0.0123976059
vn 0.322663814 0.945959985 0.0323690809
vn 0.322663784 0.945959985 0.0323691107
vn 0.307362795 0.948595881 0.0754580721
vn 0.0678252652 0.995819569 -0.0611807741
vn 0.339501709 0.934782743 -0.104497954
vn 0.331866056 0.937618792 -0.103614137
vn 0.331866086 0.937618792 -0.103614286
vn 0.201423049 0.975555062 -0.087869361
vn 0.201423049 0.975555062 -0.0878694057
vn 0.0671802312 0.995248616 -0.0704767108
vn 0.357898384 0.906474292 0.224082887
vn 0.36344865 0.916877151 0.165049523
vn 0.2863262 0.95107621 0.11606621
vn 0.307362914 0.948595881 0.0754579306
vn 0.186533764 0.982225299 0.0209435038
vn 0.195831373 0.980623603 -0.00523938332
vn 0.0653045177 0.996948838 -0.0427588038
vn -0.336118162 0.940068245 -0.0574135967
vn -0.332953632 0.942869246 -0.0118080257
vn -0.332953602 0.942869246 -0.0118081756
vn -0.323596895 0.945621431 0.032942161
vn -0.323596895 0.945621431 0.0329421274
vn -0.308222353 0.948273361 0.0760037452
vn -0.308222324 0.948273361 0.0760039389
vn -0.287116259 0.950775802 0.116574764
vn -0.287116289 0.950775802 0.116574675
vn -0.260672003 0.953081965 0.153898761
vn -0.32375136 0.934528112 -0.147791386
vn -0.394393414 0.903882682 -0.165680289
vn -0.475986093 0.867907047 -0.142037436
vn -0.397361189 0.88594681 -0.239170104
vn -0.381210148 0.897835195 -0.220387727
vn -0.308450341 0.931892216 -0.190880373
vn -0.32375133 0.934528112 -0.147791415
vn -0.196961582 0.973677039 -0.11471352
vn -0.360515356 0.876766145 -0.318291962
vn -0.364493281 0.889390171 -0.275916249
vn -0.287413746 0.929411888 -0.231488526
vn -0.30845049 0.931892157 -0.190880239
vn -0.187664017 0.972075343 -0.14089635
vn -0.196961612 0.973677039 -0.11471346
vn -0.0664563105 0.994618654 -0.0794814378
vn 0.363163412 0.820670724 -0.4411484
vn 0.313797116 0.865306675 -0.390865326
vn 0.228294343 0.925339043 -0.30270347
vn 0.228294358 0.925339043 -0.30270344
vn 0.13848792 0.968093336 -0.208845496
vn 0.13848792 0.968093336 -0.208845511
vn 0.0460688919 0.992745638 -0.111057661
vn 0.474823773 0.868405163 -0.142880529
vn 0.393151641 0.904295266 -0.166378617
vn 0.322509348 0.934866667 -0.14836444
vn 0.307134807 0.932214737 -0.191426054
vn 0.186395168 0.972271323 -0.14122802
vn 0.173570111 0.970750749 -0.165880829
vn 0.0578370765 0.993637025 -0.0966453329
vn 0.0461541675 0.99887079 -0.0112653775
vn 0.138742134 0.986353159 0.0886458382
vn 0.138742149 0.986353159 0.0886458308
vn 0.228712738 0.955389082 0.186874926
vn 0.228712708 0.955389082 0.186874941
vn 0.314371765 0.906580448 0.28157112
vn 0.314371735 0.906580448 0.28157115
vn -0.229381889 0.955149055 0.187281147
vn -0.314821661 0.906250834 0.282129049
vn -0.314821661 0.906250775 0.282129049
vn -0.392740577 0.842002571 0.369846523
vn -0.3256827 0.843552887 0.427023739
vn -0.397328615 0.805990219 0.438759387
vn -0.40089485 0.802211821 0.442424536
vn -0.367122173 0.817991316 -0.442844808
vn -0.315396279 0.864977062 -0.390307397
vn -0.315396309 0.864977062 -0.390307397
vn -0.229800269 0.925099015 -0.302297264
vn -0.229800284 0.925099015 -0.302297235
vn -0.139872387 0.967947483 -0.208598673
vn -0.139872372 0.967947483 -0.208598688
vn -0.0473059602 0.992696702 -0.110974863
vn 0.54240936 0.572217226 -0.615109324
vn 0.336001575 0.693106174 -0.637735605
vn 0.374648601 0.725074172 -0.577845871
vn 0.332204342 0.786067843 -0.52128458
vn 0.0389173664 0.999227941 -0.00537835713
vn 0.117168471 0.987417877 0.106195673
vn 0.117168434 0.987417877 0.106195688
vn 0.193209082 0.95714128 0.215756521
vn 0.193209186 0.957141221 0.215756491
vn 0.265607595 0.908987105 0.321239918
vn 0.265607685 0.908987045 0.321239889
vn 0.333009273 0.843884468 0.420670629
vn 0.333009303 0.843884468 0.420670629
vn 0.314506143 0.766008079 0.560640216
vn 0.265689731 0.846358538 0.461612612
vn 0.26568976 0.846358538 0.461612612
vn 0.211886197 0.91096139 0.353911847
vn 0.211886242 0.91096139 0.353911847
vn 0.154096454 0.958578646 0.239543781
vn 0.0934017226 0.988291323 0.120649979
vn 0.0934017524 0.988291323 0.120649971
vn 0.0309449155 0.999520957 -0.000529724406
vn -0.118014492 0.987294674 0.106404237
vn -0.19382897 0.956938446 0.216099754
vn -0.193829045 0.956938446 0.216099665
vn -0.26598981 0.908708572 0.321711332
vn -0.26598987 0.908708572 0.321711242
vn -0.333146781 0.843535483 0.42126134
vn -0.333146811 0.843535483 0.421261311
vn -0.361855686 0.808401823 0.464270324
vn -0.390270859 0.762966275 0.515335917
vn -0.35160476 0.779010057 0.519150674
vn -0.393707573 0.712597728 0.580688238
vn -0.0400691554 0.992339551 -0.116861887
vn -0.118298709 0.966882765 -0.226148516
vn -0.118298672 0.966882765 -0.226148531
vn -0.194296628 0.923346817 -0.331178844
vn -0.194296733 0.923346817 -0.331178814
vn -0.26663214 0.862570465 -0.429976195
vn -0.266632259 0.862570405 -0.429976165
vn -0.333951741 0.785718858 -0.520693898
vn -0.333951771 0.785718799 -0.520693898
vn -0.376432329 0.724680662 -0.577179909
vn -0.95336026 0.246118933 -0.174727365
vn 0.211188078 0.860818326 -0.463024169
vn 0.264814943 0.783523262 -0.562107086
vn 0.264814913 0.783523202 -0.562107146
vn 0.313471049 0.691659927 -0.6506477
vn 0.313471079 0.691659987 -0.65064764
vn 0.350370079 0.603082657 -0.716611564
vn 0.333638221 0.586942434 -0.737688363
vn 0.395591319 0.48511678 -0.779852092
vn 0.361572355 0.471239269 -0.804486811
vn 0.376740575 0.407235533 -0.83200109
vn 0.367155939 0.346375525 -0.86326158
vn 0.376320869 0.343089312 -0.86062324
vn 0.391234219 0.252601534 -0.884945333
vn 0.369473606 0.603339434 0.706732512
vn 0.34173584 0.679358006 0.649376094
vn 0.353081137 0.671719432 0.651250064
vn 0.350568295 0.688489258 0.634889305
vn 0.314506203 0.766008079 0.560640216
vn 0.390384495 0.763375282 0.514643669
vn 0.361831218 0.808780968 0.46362862
vn 0.400838047 0.802631855 0.441713631
vn 0.359661281 0.843225718 0.399517447
vn 0.286490023 0.841824174 0.457444578
vn 0.392513394 0.842414021 0.369150221
vn 0.492425829 0.803615689 0.334243327
vn 0.337926984 0.905501366 0.256656587
vn 0.351011246 0.907603562 0.230319023
vn 0.25994575 0.953354716 0.153437123
vn 0.28632614 0.95107621 0.11606627
vn 0.173750803 0.983732462 0.0456190854
vn 0.186533689 0.982225299 0.0209436305
vn 0.06218566 0.997486115 -0.0339758098
vn -0.0319931023 0.999487996 -0.000473916531
vn -0.0942231342 0.988192976 0.120816328
vn -0.0942231119 0.988192976 0.12081635
vn -0.154675737 0.958416879 0.239817575
vn -0.212212667 0.910739183 0.354287863
vn -0.212212637 0.910739183 0.354287922
vn -0.265757382 0.846080124 0.462083817
vn -0.265757352 0.846080124 0.462083846
vn -0.314313859 0.765678644 0.561197817
vn -0.314313889 0.765678644 0.561197817
vn -0.350163043 0.688122094 0.635510683
vn -0.352629304 0.671349704 0.651875854
vn -0.341295362 0.679000139 0.649981737
vn -0.368851662 0.6029526 0.707387149
vn -0.0320967063 0.992046535 -0.121710517
vn -0.0945319906 0.966009319 -0.240602806
vn -0.0945319608 0.966009319 -0.240602821
vn -0.155184016 0.921909451 -0.354966104
vn -0.155184001 0.921909451 -0.354966104
vn -0.212910801 0.86059612 -0.462648094
vn -0.212910742 0.86059618 -0.462648124
vn -0.266632229 0.783244789 -0.561635852
vn -0.266632169 0.783244789 -0.561635852
vn -0.315348953 0.691330552 -0.650090098
vn -0.315349013 0.691330492 -0.650090098
vn -0.352272093 0.602714539 -0.715988517
vn -0.544098616 0.571648002 -0.614145935
vn 0.00403375784 0.991605401 -0.129237786
vn 0.0131767448 0.964694262 -0.26304239
vn 0.0131767066 0.964694262 -0.26304242
vn 0.0220710039 0.919745326 -0.391894698
vn 0.0220709816 0.919745266 -0.391894698
vn 0.0305491202 0.857623696 -0.51336962
vn 0.0305492263 0.857623696 -0.51336956
vn 0.0384525843 0.779520094 -0.625195861
vn 0.0384523496 0.779519975 -0.62519598
vn 0.0456338264 0.686923265 -0.725295782
vn 0.0456340574 0.686923385 -0.725295663
vn 0.0519609824 0.581588805 -0.811821759
vn 0.051960893 0.581588745 -0.811821818
vn 0.0573171601 0.465499163 -0.883190393
vn 0.0573170707 0.465499103 -0.883190453
vn 0.0616052188 0.340823025 -0.938106835
vn 0.0616058409 0.340823561 -0.938106596
vn 0.0647483245 0.209877372 -0.975581408
vn 0.0647478923 0.209876969 -0.975581527
vn 0.0666881129 0.0750807971 -0.99494499
vn 0.0666883513 0.0750810355 -0.99494499
vn 0.0673915818 -0.061085511 -0.995854855
vn 0.066845201 -0.196119145 -0.978299022
vn 0.0668449551 -0.196119383 -0.978299022
vn 0.0650586933 -0.327537924 -0.942595482
vn 0.0650591403 -0.327537507 -0.942595601
vn 0.0620649084 -0.452921122 -0.889387667
vn 0.0620642528 -0.452921659 -0.889387429
vn 0.0579159036 -0.569950104 -0.81963563
vn 0.0579160005 -0.569950044 -0.819635689
vn 0.0526884533 -0.676446259 -0.734604955
vn 0.0526885502 -0.676446199 -0.734604955
vn 0.0407516062 0.964940906 -0.259284317
vn 0.0674507171 0.920151174 -0.385710031
vn 0.0674506053 0.920151174 -0.38571009
vn 0.0928780884 0.858181119 -0.504875064
vn 0.0928780437 0.858181119 -0.504875064
vn 0.116558112 0.780218601 -0.614551187
vn 0.116558142 0.780218601 -0.614551187
vn 0.138050377 0.687749684 -0.712700844
vn 0.138050511 0.687749743 -0.712700725
vn 0.156957582 0.582527816 -0.797512174
vn 0.172932819 0.466532856 -0.867433786
vn 0.172933146 0.466533154 -0.867433548
vn 0.185685828 0.34193325 -0.921196222
vn 0.185685307 0.341932744 -0.921196461
vn 0.194984734 0.211042345 -0.957831979
vn 0.194984525 0.211042121 -0.957832038
vn 0.200663596 0.0762785301 -0.97668606
vn 0.200664058 0.0762790069 -0.976685941
vn 0.202621043 -0.0598760955 -0.977424979
vn 0.200820923 -0.19492048 -0.960040092
vn 0.200820431 -0.194920957 -0.960040092
vn 0.195295319 -0.326373339 -0.924846053
vn 0.195295557 -0.32637313 -0.924846053
vn 0.186144322 -0.45181188 -0.872477114
vn 0.186144918 -0.451811433 -0.872477233
vn 0.173532024 -0.568915844 -0.803878963
vn 0.173531622 -0.568916142 -0.803878844
vn 0.157685146 -0.675507247 -0.72029537
vn 0.157685146 -0.675507188 -0.72029537
vn 0.111563496 0.92093128 -0.37341547
vn 0.153467193 0.859252691 -0.487988383
vn 0.153467104 0.859252632 -0.487988442
vn 0.192483559 0.781561255 -0.593390346
vn 0.192483723 0.781561315 -0.593390167
vn 0.227887183 0.689338565 -0.687662542
vn 0.227887079 0.689338505 -0.687662661
vn 0.25902307 0.584333003 -0.769065619
vn 0.259022862 0.584332824 -0.769065857
vn 0.28532064 0.468520284 -0.836110592
vn 0.285320818 0.468520463 -0.836110413
vn 0.306301653 0.344066173 -0.887579739
vn 0.306301773 0.344066322 -0.88757962
vn 0.32158643 0.213280976 -0.922547221
vn 0.321586728 0.213281289 -0.922547042
vn 0.330900311 0.0785822123 -0.940388143
vn 0.330899954 0.0785817951 -0.940388262
vn 0.33407566 -0.0575513095 -0.940787613
vn 0.331056774 -0.19261767 -0.923742294
vn 0.331057161 -0.192617267 -0.923742235
vn 0.321897566 -0.324134082 -0.889561176
vn 0.321897209 -0.32413438 -0.889561176
vn 0.306760848 -0.44967863 -0.838860452
vn 0.306760669 -0.449678779 -0.838860452
vn 0.285919696 -0.566928089 -0.772555768
vn 0.285919428 -0.566928267 -0.772555768
vn 0.259750366 -0.673702359 -0.691848874
vn 0.259750664 -0.67370218 -0.691848934
vn 0.0223852042 0.999744356 0.00319026713
vn 0.0678843483 0.988957226 0.131739646
vn 0.0678843856 0.988957226 0.131739646
vn 0.112102836 0.959674537 0.257793903
vn 0.112102903 0.959674537 0.257793903
vn 0.154208079 0.912466586 0.378978431
vn 0.15420796 0.912466586 0.378978431
vn 0.193411916 0.848244786 0.493023932
vn 0.193412155 0.848244727 0.493023962
vn 0.228985712 0.768239856 0.597806931
vn 0.228985563 0.768239915 0.597806871
vn 0.260271132 0.673974633 0.691387832
vn 0.260270834 0.673974752 0.691387773
vn 0.286694854 0.567228258 0.772047997
vn 0.286695123 0.567228079 0.772048056
vn 0.307776511 0.450000733 0.838315547
vn 0.30777669 0.450000584 0.838315547
vn 0.323134452 0.324472308 0.88898921
vn 0.32313481 0.32447201 0.88898921
vn 0.332492828 0.192964897 0.923153877
vn 0.332492411 0.192965314 0.923153937
vn 0.335683048 0.057902202 0.940193713
vn 0.332649291 -0.0782341585 0.939799905
vn 0.332649648 -0.0782345682 0.939799726
vn 0.323445588 -0.21294336 0.921975076
vn 0.32344529 -0.212943032 0.921975255
vn 0.308235705 -0.343744338 0.887034714
vn 0.308235556 -0.343744218 0.887034833
vn 0.287293941 -0.468220472 0.835602641
vn 0.287293732 -0.468220264 0.83560282
vn 0.260998458 -0.584060431 0.768604755
vn 0.260998666 -0.584060609 0.768604517
vn 0.0133978706 0.999893904 0.00571224233
vn 0.0410921536 0.989403188 0.139257923
vn 0.0410921834 0.989403188 0.139257923
vn 0.0680112094 0.960408449 0.270166695
vn 0.0680110827 0.960408509 0.270166665
vn 0.0936479121 0.913474619 0.39597249
vn 0.09364786 0.913474619 0.39597249
vn 0.117522784 0.849507987 0.514319479
vn 0.117522828 0.849507987 0.514319479
vn 0.139191791 0.769734561 0.623004317
vn 0.139191955 0.769734502 0.623004377
vn 0.1582544 0.67567271 0.720015228
vn 0.158254385 0.67567277 0.720015228
vn 0.174360752 0.569098413 0.80357039
vn 0.17436114 0.569098115 0.803570509
vn 0.187218368 0.452007025 0.872146189
vn 0.187217772 0.452007502 0.87214607
vn 0.1965933 0.326578468 0.924498558
vn 0.196593076 0.326578677 0.924498558
vn 0.202318326 0.195132166 0.959682643
vn 0.202318802 0.195131689 0.959682643
vn 0.204291254 0.0600892827 0.977064133
vn 0.202475637 -0.0760677978 0.976328492
vn 0.202475175 -0.076067321 0.976328611
vn 0.196903884 -0.210836813 0.957484543
vn 0.196904093 -0.210837021 0.957484484
vn 0.187676862 -0.341737121 0.920865417
vn 0.187677383 -0.341737628 0.920865119
vn 0.174959943 -0.466350883 0.867125034
vn 0.17495963 -0.466350615 0.867125273
vn 0.158981949 -0.582362294 0.797232032
vn 0.158981964 -0.582362294 0.797232032
vn 0.0041501713 0.999966979 0.00698927185
vn 0.0135237863 0.989620924 0.143064886
vn 0.0135237472 0.989620924 0.143064886
vn 0.0226421244 0.960766792 0.276431799
vn 0.0226421021 0.960766792 0.276431769
vn 0.0313335508 0.913966775 0.404577553
vn 0.0313336663 0.913966715 0.404577583
vn 0.0394355841 0.850124598 0.525102794
vn 0.0394353382 0.850124717 0.525102675
vn 0.0467969179 0.770464361 0.635763109
vn 0.0467971638 0.770464242 0.635763228
vn 0.0532824099 0.676501691 0.734511018
vn 0.053282313 0.676501751 0.734510958
vn 0.0587722324 0.570011199 0.819532216
vn 0.0587721355 0.570011258 0.819532216
vn 0.0631668046 0.452987283 0.889276385
vn 0.0631674528 0.452986747 0.889276624
vn 0.0663874224 0.32760638 0.942479074
vn 0.0663869753 0.327606767 0.942478955
vn 0.0683742538 0.196190223 0.978179097
vn 0.0683744997 0.196189985 0.978179157
vn 0.0690935031 0.0611570179 0.995733857
vn 0.0685313419 -0.0750101954 0.994825065
vn 0.068531096 -0.0750099495 0.994825125
vn 0.0666977838 -0.209808096 0.975465
vn 0.0666982159 -0.209808514 0.97546488
vn 0.0636264905 -0.340757966 0.937995553
vn 0.0636258647 -0.3407574 0.937995791
vn 0.0593709759 -0.465437949 0.883086979
vn 0.0593710653 -0.465438038 0.88308692
vn 0.0540098809 -0.581533194 0.811727822
vn 0.054009974 -0.581533253 0.811727762
vn -0.00518554961 0.999962091 0.00699754991
vn -0.0143069839 0.989606321 0.143089548
vn -0.0143069457 0.989606321 0.143089563
vn -0.023158554 0.960742772 0.27647239
vn -0.0231585335 0.960742772 0.27647239
vn -0.0315736718 0.913933754 0.404633373
vn -0.0315737799 0.913933814 0.404633313
vn -0.0393950418 0.850083411 0.525172591
vn -0.0393948071 0.850083351 0.52517271
vn -0.0464766584 0.770415366 0.635845959
vn -0.0464768857 0.770415485 0.63584584
vn -0.0526885465 0.676446259 0.734604895
vn -0.0526884571 0.676446199 0.734604955
vn -0.0579159968 0.569950104 0.81963563
vn -0.0579159074 0.569950044 0.819635689
vn -0.0620642677 0.452921122 0.889387727
vn -0.0620648935 0.452921629 0.889387369
vn -0.0650591329 0.327537924 0.942595482
vn -0.0650587007 0.327537507 0.942595661
vn -0.0668449551 0.196119145 0.978299081
vn -0.066845201 0.196119368 0.978298962
vn -0.0673915818 0.061085511 0.995854855
vn -0.0666883588 -0.0750807971 0.99494499
vn -0.0666881129 -0.0750810355 0.99494499
vn -0.0647478849 -0.209877372 0.975581467
vn -0.0647483319 -0.209876955 0.975581527
vn -0.0616058595 -0.340823054 0.938106775
vn -0.0616052039 -0.340823591 0.938106656
vn -0.0573170669 -0.465499163 0.883190393
vn -0.0573171638 -0.465499073 0.883190453
vn -0.0519608893 -0.581588805 0.811821759
vn -0.0519609861 -0.581588745 0.811821759
vn -0.014435417 0.99987936 0.00573692238
vn -0.0418818183 0.989359736 0.13933149
vn -0.0418818444 0.989359736 0.13933149
vn -0.0685382634 0.960336924 0.270287722
vn -0.0685381591 0.960336924 0.270287782
vn -0.09390264 0.913376331 0.396138787
vn -0.0939025953 0.913376331 0.396138817
vn -0.117500566 0.849384844 0.514527917
vn -0.117500603 0.849384904 0.514527857
vn -0.138893202 0.769588768 0.623250961
vn -0.138893336 0.769588828 0.623250842
vn -0.157685146 0.675507247 0.72029537
vn -0.157685146 0.675507188 0.72029537
vn -0.173531666 0.568915844 0.803879023
vn -0.173531979 0.568916082 0.803878784
vn -0.186144873 0.45181191 0.872476995
vn -0.186144352 0.451811433 0.872477353
vn -0.195295542 0.326373339 0.924845994
vn -0.195295334 0.32637316 0.924846113
vn -0.200820446 0.19492048 0.960040212
vn -0.200820908 0.194920942 0.960039973
vn -0.202621043 0.0598760955 0.977424979
vn -0.200664073 -0.0762785375 0.976686001
vn -0.200663596 -0.0762790069 0.97668606
vn -0.194984511 -0.21104233 0.957832038
vn -0.194984749 -0.211042121 0.957832038
vn -0.185685262 -0.341933221 0.921196342
vn -0.185685858 -0.341932744 0.921196401
vn -0.172933176 -0.466532886 0.867433667
vn -0.172932789 -0.466533154 0.867433608
vn -0.156957582 -0.582527816 0.797512174
vn -0.0234270487 0.999720335 0.00323088933
vn -0.0686868206 0.988885641 0.131860763
vn -0.0686868578 0.988885641 0.131860733
vn -0.112650998 0.959556818 0.257993221
vn -0.11265105 0.959556818 0.257993162
vn -0.154491737 0.912304878 0.379252106
vn -0.154491648 0.912304819 0.379252195
vn -0.193426013 0.848042071 0.493367076
vn -0.193426177 0.84804213 0.493366897
vn -0.228730023 0.768000066 0.598212719
vn -0.228729919 0.768000007 0.598212838
vn -0.259750634 0.673702359 0.691848814
vn -0.259750426 0.67370218 0.691849053
vn -0.285919458 0.566928089 0.772555888
vn -0.285919666 0.566928267 0.772555709
vn -0.306760699 0.44967863 0.838860512
vn -0.306760848 0.449678779 0.838860393
vn -0.321897238 0.324134082 0.889561296
vn -0.321897537 0.32413438 0.889561057
vn -0.331057161 0.19261767 0.923742175
vn -0.331056774 0.192617267 0.923742354
vn -0.33407566 0.0575513095 0.940787613
vn -0.330899924 -0.0785821974 0.940388262
vn -0.330900341 -0.0785818025 0.940388143
vn -0.321586758 -0.213280991 0.922547102
vn -0.3215864 -0.213281289 0.922547162
vn -0.306301802 -0.344066173 0.887579679
vn -0.306301624 -0.344066322 0.887579679
vn -0.285320878 -0.468520284 0.836110473
vn -0.28532058 -0.468520463 0.836110473
vn -0.259022802 -0.584333003 0.769065738
vn -0.2590231 -0.584332824 0.769065738
vn -0.0683479086 0.995177627 -0.0703565329
vn -0.202600643 0.975343406 -0.087511152
vn -0.202600658 0.975343406 -0.0875111148
vn -0.333031505 0.937270463 -0.103024706
vn -0.333031595 0.937270463 -0.103024565
vn -0.340665787 0.934426367 -0.103894845
vn -0.595701694 0.801727951 -0.0487005264
vn -0.340586036 0.940153778 -0.0105836047
vn -0.47583425 0.878812671 0.035638202
vn -0.394205213 0.917401195 0.0545648709
vn -0.37541461 0.91755873 0.130957529
vn -0.404994488 0.906303585 0.120802775
vn -0.302699745 0.925076604 0.229360342
vn -0.398346871 0.897815108 0.187743887
vn -0.351553053 0.907235503 0.230941996
vn -0.260672033 0.953081965 0.153898761
vn -0.229381904 0.955149055 0.187281117
vn -0.139618158 0.986207306 0.088892661
vn -0.118014514 0.987294674 0.106404208
vn -0.0399738289 0.999186635 -0.00530840317
vn -0.353940189 0.819916427 -0.449959308
vn -0.409917653 0.819981873 -0.399496198
vn -0.340241998 0.867003858 -0.364059955
vn -0.352965534 0.871566355 -0.340275437
vn -0.261033297 0.927133322 -0.268859416
vn -0.287413687 0.929411888 -0.231488585
vn -0.174881041 0.97056818 -0.165571928
vn -0.187663928 0.972075343 -0.140896469
vn -0.0633374527 0.994081378 -0.0882644355
vn 0.54311192 -0.642522573 -0.540549934
vn 0.33684516 -0.76550895 -0.548207402
vn 0.314313918 -0.765678644 -0.561197817
vn 0.314313859 -0.765678644 -0.561197817
vn 0.228729889 -0.768000066 -0.598212779
vn 0.228730038 -0.768000007 -0.598212779
vn 0.138893351 -0.769588768 -0.623250902
vn 0.138893187 -0.769588888 -0.623250902
vn 0.0464768931 -0.770415366 -0.6358459
vn 0.0464766473 -0.770415485 -0.63584584
vn -0.54240936 -0.572217226 0.615109324
vn -0.336001575 -0.693106174 0.637735605
vn -0.313471079 -0.691659927 0.6506477
vn -0.313471019 -0.691659987 0.6506477
vn -0.227887064 -0.689338565 0.687662601
vn -0.227887213 -0.689338446 0.687662601
vn -0.138050526 -0.687749684 0.712700784
vn -0.138050362 -0.687749803 0.712700725
vn -0.0456340648 -0.686923265 0.725295782
vn -0.045633819 -0.686923385 0.725295663
vn 0.0476399846 -0.686874509 0.725212991
vn 0.0476397574 -0.68687439 0.72521311
vn 0.140034765 -0.68760407 0.71245414
vn 0.140034646 -0.68760401 0.712454259
vn 0.229828417 -0.689098656 0.687256813
vn 0.229828522 -0.689098775 0.687256694
vn 0.315349013 -0.691330552 0.650090098
vn 0.315348983 -0.691330492 0.650090098
vn 0.337858081 -0.692753136 0.637138128
vn 0.376432329 -0.724680662 0.577179909
vn 0.95336026 -0.246118933 0.174727365
vn 0.953087091 -0.265739858 -0.144938946
vn 0.35409984 -0.843079984 -0.404758543
vn 0.333146811 -0.843535483 -0.421261311
vn 0.333146781 -0.843535483 -0.421261311
vn 0.265757352 -0.846080124 -0.462083846
vn 0.265757412 -0.846080065 -0.462083846
vn 0.193426207 -0.848042071 -0.493366987
vn 0.193425968 -0.84804213 -0.493366957
vn 0.117500603 -0.849384844 -0.514527917
vn 0.117500558 -0.849384904 -0.514527917
vn 0.0393947996 -0.850083411 -0.525172591
vn 0.0393950492 -0.850083351 -0.52517271
vn -0.952790499 -0.247117579 0.176417574
vn -0.353156716 -0.787658095 0.50485146
vn -0.332204342 -0.786067843 0.52128458
vn -0.332204312 -0.786067843 0.52128458
vn -0.264814913 -0.783523202 0.562107146
vn -0.264814943 -0.783523202 0.562107146
vn -0.192483753 -0.781561255 0.593390286
vn -0.192483515 -0.781561315 0.593390226
vn -0.116558149 -0.780218601 0.614551187
vn -0.116558105 -0.780218601 0.614551187
vn -0.0384523459 -0.779520035 0.625195861
vn -0.0384525917 -0.779519975 0.62519598
vn 0.0403777994 -0.779478669 0.625126064
vn 0.0403780341 -0.779478788 0.625125945
vn 0.118465282 -0.780095458 0.614342749
vn 0.118465245 -0.780095458 0.614342809
vn 0.194354579 -0.781358659 0.593047142
vn 0.194354415 -0.7813586 0.593047321
vn 0.266632199 -0.783244789 0.561635911
vn 0.266632229 -0.783244789 0.561635852
vn 0.333951741 -0.785718858 0.520693898
vn 0.333951741 -0.785718799 0.520693898
vn 0.354876608 -0.787287176 0.504223645
vn 0.366238713 -0.815758348 0.44766897
vn 0.40932256 -0.862727046 -0.296912611
vn 0.339712232 -0.905054986 -0.255873114
vn 0.314821661 -0.906250834 -0.282129049
vn 0.314821661 -0.906250775 -0.282129049
vn 0.2659899 -0.908708572 -0.321711272
vn 0.26598978 -0.908708572 -0.321711302
vn 0.212212622 -0.910739183 -0.354287893
vn 0.212212682 -0.910739183 -0.354287893
vn 0.154491633 -0.912304878 -0.379252136
vn 0.154491752 -0.912304819 -0.379252166
vn 0.0939025953 -0.913376331 -0.396138787
vn 0.09390264 -0.913376331 -0.396138817
vn 0.0315737836 -0.913933754 -0.404633343
vn 0.0315736681 -0.913933814 -0.404633313
vn -0.408349127 -0.820410609 0.400221765
vn -0.338687181 -0.867359579 0.364661992
vn -0.313797116 -0.865306675 0.390865326
vn -0.264965355 -0.862848938 0.430447549
vn -0.264965236 -0.862848938 0.430447549
vn -0.211188078 -0.860818326 0.463024169
vn -0.211188123 -0.860818326 0.463024169
vn -0.153467089 -0.859252691 0.487988412
vn -0.153467208 -0.859252632 0.487988412
vn -0.0928780362 -0.858181119 0.504875064
vn -0.0928780884 -0.858181119 0.504875064
vn -0.0305492301 -0.857623696 0.51336962
vn -0.0305491164 -0.857623696 0.51336956
vn 0.0323582143 -0.857590735 0.51331383
vn 0.0323581062 -0.857590735 0.51331383
vn 0.0946724191 -0.858082831 0.504708767
vn 0.0946724638 -0.858082891 0.504708767
vn 0.155232519 -0.859090924 0.487714738
vn 0.155232608 -0.859090924 0.487714648
vn 0.212910756 -0.86059612 0.462648124
vn 0.212910786 -0.86059618 0.462648094
vn 0.266632229 -0.862570465 0.429976135
vn 0.266632169 -0.862570405 0.429976225
vn 0.315396309 -0.864977062 0.390307426
vn 0.315396309 -0.864977062 0.390307397
vn 0.340241998 -0.867003858 0.364059955
vn 0.338419318 -0.866305172 0.367406696
vn -0.314371735 -0.906580448 -0.28157115
vn -0.314371735 -0.906580448 -0.28157112
vn -0.339216948 -0.905410707 -0.255271077
vn -0.337394834 -0.905124426 -0.258678287
vn -0.543396115 -0.643091798 -0.539586544
vn -0.337014526 -0.765861988 -0.547609925
vn -0.375556171 -0.790261567 -0.484194368
vn -0.333009303 -0.843884468 -0.420670629
vn -0.333009273 -0.843884468 -0.420670658
vn -0.265607685 -0.908987105 -0.321239859
vn -0.265607625 -0.908987045 -0.321239948
vn -0.356340915 -0.641595542 -0.679246902
vn -0.33483246 -0.672719419 -0.659799814
vn -0.351526707 -0.686159074 -0.636878848
vn -0.314506173 -0.766008079 -0.560640216
vn -0.314506143 -0.766008079 -0.560640275
vn -0.265689731 -0.846358538 -0.461612612
vn -0.26568976 -0.846358538 -0.461612582
vn -0.211886197 -0.91096139 -0.353911847
vn -0.211886227 -0.91096139 -0.353911817
vn -0.0235369969 0.991823196 -0.125430509
vn -0.0690145865 0.965343416 -0.251692504
vn -0.0690146238 0.965343416 -0.251692474
vn -0.11319039 0.92081356 -0.373216212
vn -0.113190457 0.92081356 -0.373216212
vn -0.155232623 0.859090924 -0.487714708
vn -0.155232504 0.859090924 -0.487714678
vn -0.19435437 0.781358659 -0.593047202
vn -0.194354609 0.7813586 -0.593047261
vn -0.229828551 0.689098656 -0.687256753
vn -0.229828402 0.689098716 -0.687256753
vn -0.260998726 0.584060431 -0.768604636
vn -0.260998398 0.58406055 -0.768604636
vn -0.287293673 0.468220472 -0.83560276
vn -0.287293971 0.468220294 -0.83560276
vn -0.308235556 0.343744367 -0.887034774
vn -0.308235735 0.343744218 -0.887034774
vn -0.323445261 0.21294336 -0.921975195
vn -0.323445618 0.212943047 -0.921975136
vn -0.332649678 0.0782341659 -0.939799786
vn -0.332649261 0.0782345608 -0.939799905
vn -0.335683048 -0.057902202 -0.940193713
vn -0.332492441 -0.192964911 -0.923153996
vn -0.332492799 -0.192965299 -0.923153818
vn -0.32313478 -0.324472308 -0.888989091
vn -0.323134482 -0.32447201 -0.888989329
vn -0.30777666 -0.450000733 -0.838315487
vn -0.307776511 -0.450000584 -0.838315606
vn -0.286695093 -0.567228258 -0.772047937
vn -0.286694884 -0.567228079 -0.772048116
vn -0.260270894 -0.673974633 -0.691387892
vn -0.260271102 -0.673974812 -0.691387713
vn -0.228985593 -0.768239856 -0.597806931
vn -0.228985697 -0.768239915 -0.597806811
vn -0.193412125 -0.848244786 -0.493023872
vn -0.193411946 -0.848244727 -0.493024051
vn -0.154207975 -0.912466586 -0.378978461
vn -0.154208064 -0.912466586 -0.378978372
vn -0.0145496624 0.991673589 -0.127952486
vn -0.0422223918 0.964897454 -0.259210765
vn -0.0422224216 0.964897454 -0.259210765
vn -0.0690987557 0.920079589 -0.385589004
vn -0.0690986365 0.920079648 -0.385589004
vn -0.0946724638 0.858082831 -0.504708767
vn -0.0946724117 0.858082891 -0.504708767
vn -0.118465245 0.780095458 -0.614342749
vn -0.118465289 0.780095458 -0.614342809
vn -0.140034616 0.68760407 -0.71245414
vn -0.14003478 0.68760401 -0.7124542
vn -0.158981964 0.582362294 -0.797232032
vn -0.158981949 0.582362294 -0.797232032
vn -0.174959585 0.466350883 -0.867125154
vn -0.174959987 0.466350615 -0.867125213
vn -0.187677428 0.341737121 -0.920865297
vn -0.187676832 0.341737598 -0.920865238
vn -0.196904108 0.210836813 -0.957484543
vn -0.19690387 0.210837021 -0.957484543
vn -0.20247516 0.0760677978 -0.976328552
vn -0.202475652 0.0760673285 -0.976328492
vn -0.204291254 -0.0600892827 -0.977064133
vn -0.202318788 -0.195132151 -0.959682524
vn -0.202318341 -0.195131689 -0.959682703
vn -0.196593076 -0.326578468 -0.924498618
vn -0.196593285 -0.326578677 -0.924498498
vn -0.187217817 -0.452007055 -0.872146249
vn -0.187218323 -0.452007502 -0.872145951
vn -0.17436111 -0.569098353 -0.80357033
vn -0.174360782 -0.569098115 -0.803570569
vn -0.158254385 -0.67567271 -0.720015228
vn -0.1582544 -0.67567277 -0.720015228
vn -0.13919194 -0.769734561 -0.623004258
vn -0.139191806 -0.769734502 -0.623004377
vn -0.117522828 -0.849507987 -0.514319479
vn -0.117522791 -0.849507987 -0.514319539
vn -0.0936478674 -0.913474619 -0.39597252
vn -0.0936479121 -0.913474619 -0.39597249
vn -0.00530196307 0.991600513 -0.129229516
vn -0.0146540254 0.964679718 -0.263017714
vn -0.0146539863 0.964679718 -0.263017714
vn -0.0237296764 0.919721305 -0.391854107
vn -0.023729654 0.919721305 -0.391854078
vn -0.0323581025 0.857590735 -0.51331383
vn -0.032358218 0.857590735 -0.51331383
vn -0.0403780416 0.779478669 -0.625126064
vn -0.040377792 0.779478729 -0.625126004
vn -0.0476397462 0.686874509 -0.725212991
vn -0.0476399921 0.68687439 -0.725213051
vn -0.0540099777 0.581533194 -0.811727822
vn -0.0540098809 0.581533253 -0.811727762
vn -0.0593710691 0.465437949 -0.883086979
vn -0.0593709722 0.465438008 -0.88308692
vn -0.0636258498 0.340757966 -0.937995613
vn -0.0636265054 0.34075743 -0.937995732
vn -0.0666982234 0.209808096 -0.975465
vn -0.0666977763 0.209808499 -0.97546494
vn -0.068531096 0.0750101954 -0.994825065
vn -0.0685313419 0.075009957 -0.994825065
vn -0.0690935031 -0.0611570179 -0.995733857
vn -0.0683744922 -0.196190223 -0.978179097
vn -0.0683742538 -0.196189985 -0.978179157
vn -0.0663869828 -0.32760638 -0.942479074
vn -0.0663874149 -0.327606767 -0.942478895
vn -0.0631674379 -0.452987254 -0.889276326
vn -0.0631668195 -0.452986747 -0.889276683
vn -0.0587721393 -0.570011199 -0.819532216
vn -0.0587722287 -0.570011258 -0.819532156
vn -0.0532823168 -0.676501691 -0.734511018
vn -0.0532824062 -0.676501751 -0.734510958
vn -0.0467971563 -0.770464361 -0.635763109
vn -0.0467969254 -0.770464242 -0.635763228
vn -0.0394353457 -0.850124657 -0.525102794
vn -0.0394355766 -0.850124717 -0.525102675
vn -0.0313336626 -0.913966775 -0.404577523
vn -0.0313335545 -0.913966715 -0.404577583
vn 0.353156716 0.787658095 -0.50485146
vn 0.332204342 0.786067843 -0.52128464
vn 0.264965326 0.862848938 -0.430447519
vn 0.211188123 0.860818326 -0.463024139
vn 0.111563444 0.92093128 -0.37341553
vn 0.0675566196 0.965414941 -0.251813591
vn 0.0407515801 0.964940906 -0.259284347
vn 0.0132836252 0.991688132 -0.127977163
vn -0.0680110902 -0.960408449 -0.270166695
vn -0.0680111945 -0.960408509 -0.270166636
vn -0.112102903 -0.959674537 -0.257793874
vn -0.112102851 -0.959674537 -0.257793933
vn -0.154096454 -0.958578646 -0.239543781
vn -0.193209171 -0.957141221 -0.215756476
vn -0.193209097 -0.957141221 -0.21575655
vn -0.228712723 -0.955389082 -0.186874956
vn -0.228712723 -0.955389082 -0.186874926
vn -0.25994575 -0.953354716 -0.153437123
vn -0.28632617 -0.95107621 -0.116066203
vn -0.28632617 -0.95107621 -0.116066292
vn -0.307362854 -0.948595881 -0.075458087
vn -0.307362854 -0.948595881 -0.0754579008
vn -0.322663814 -0.945959985 -0.0323690809
vn -0.322663814 -0.945959985 -0.0323691145
vn -0.331943989 -0.943217635 0.0123977475
vn -0.331944019 -0.943217635 0.0123975975
vn -0.335030615 -0.940419853 0.0580087118
vn -0.331866086 -0.937618792 0.103614137
vn -0.331866026 -0.937618792 0.103614278
vn -0.322509348 -0.934866667 0.14836444
vn -0.322509348 -0.934866667 0.148364469
vn -0.307134748 -0.932214677 0.191426232
vn -0.307134867 -0.932214677 0.191426083
vn -0.286028773 -0.929712296 0.231996998
vn -0.286028683 -0.929712296 0.231997058
vn -0.259584486 -0.927406073 0.269321054
vn -0.259584457 -0.927406073 0.269321084
vn -0.228294343 -0.925339043 0.30270344
vn -0.228294358 -0.925339043 0.30270344
vn -0.192741498 -0.923549592 0.331521988
vn -0.192741409 -0.923549592 0.331522018
vn -0.153588176 -0.922071218 0.355239898
vn -0.111563504 -0.92093128 0.3734155
vn -0.111563437 -0.92093128 0.3734155
vn -0.0674506053 -0.920151174 0.385710061
vn -0.0674507245 -0.920151174 0.38571009
vn -0.0220709816 -0.919745326 0.391894698
vn -0.0220710039 -0.919745266 0.391894698
vn 0.023729654 -0.919721305 0.391854107
vn 0.0237296745 -0.919721305 0.391854078
vn 0.069098644 -0.920079589 0.385589004
vn 0.0690987483 -0.920079648 0.385588944
vn 0.11319045 -0.92081356 0.373216182
vn 0.113190398 -0.92081356 0.373216242
vn 0.155184001 -0.921909451 0.354966104
vn 0.155184016 -0.921909451 0.354966104
vn 0.194296718 -0.923346817 0.331178784
vn 0.194296658 -0.923346817 0.331178874
vn 0.229800269 -0.925099015 0.302297264
vn 0.229800284 -0.925099015 0.302297235
vn 0.261033297 -0.927133322 0.268859416
vn 0.261033297 -0.927133322 0.268859446
vn 0.287413716 -0.929411888 0.231488511
vn 0.287413716 -0.929411829 0.2314886
vn 0.308450401 -0.931892157 0.190880403
vn 0.308450401 -0.931892216 0.190880209
vn 0.32375136 -0.934528112 0.147791386
vn 0.32375136 -0.934528112 0.14779143
vn 0.333031535 -0.937270463 0.103024565
vn 0.333031565 -0.937270463 0.103024714
vn 0.336118162 -0.940068245 0.0574135967
vn 0.332953632 -0.942869246 0.01180817
vn 0.332953572 -0.942869306 0.011808034
vn 0.323596925 -0.945621431 -0.0329421312
vn 0.323596895 -0.945621431 -0.0329421572
vn 0.308222294 -0.94827342 -0.0760039166
vn 0.308222413 -0.948273361 -0.076003775
vn 0.287116319 -0.950775743 -0.11657469
vn 0.28711623 -0.950775802 -0.116574749
vn 0.260672033 -0.953081965 -0.153898761
vn 0.260672003 -0.953081965 -0.153898761
vn 0.229381889 -0.955149055 -0.187281147
vn 0.229381919 -0.955149055 -0.187281132
vn 0.19382906 -0.956938446 -0.216099679
vn 0.193828955 -0.956938505 -0.216099709
vn 0.154675737 -0.958416879 -0.239817575
vn 0.112651058 -0.959556818 -0.257993191
vn 0.11265099 -0.959556818 -0.257993191
vn 0.0685381517 -0.960336924 -0.270287752
vn 0.0685382783 -0.960336924 -0.270287782
vn 0.0231585316 -0.960742772 -0.27647239
vn 0.023158554 -0.960742772 -0.27647239
vn -0.022642104 -0.960766792 -0.276431799
vn -0.0226421244 -0.960766792 -0.276431769
vn -0.0410921797 -0.989403188 -0.139257908
vn -0.0410921574 -0.989403188 -0.139257923
vn -0.0678843856 -0.988957226 -0.131739631
vn -0.0678843483 -0.988957226 -0.131739661
vn -0.0934017301 -0.988291323 -0.120649979
vn -0.0934017524 -0.988291323 -0.120649964
vn -0.117168434 -0.987417877 -0.106195696
vn -0.117168464 -0.987417877 -0.106195666
vn -0.138742149 -0.986353159 -0.0886458308
vn -0.138742134 -0.986353159 -0.0886458382
vn -0.157720819 -0.985117018 -0.0683274195
vn -0.173750818 -0.983732462 -0.0456190892
vn -0.173750848 -0.983732462 -0.0456190072
vn -0.186533749 -0.982225299 -0.0209434964
vn -0.186533719 -0.982225299 -0.0209436473
vn -0.195831344 -0.980623603 0.00523931673
vn -0.195831358 -0.980623603 0.00523938891
vn -0.20147042 -0.978957176 0.0324417315
vn -0.20147042 -0.978957176 0.0324416906
vn -0.203345984 -0.977257133 0.060157232
vn -0.201423049 -0.975555062 0.0878693685
vn -0.201423049 -0.975555062 0.0878694057
vn -0.195737496 -0.973882735 0.115061738
vn -0.195737526 -0.973882735 0.115061671
vn -0.186395183 -0.972271323 0.141228035
vn -0.186395094 -0.972271323 0.141228154
vn -0.173570067 -0.97075069 0.165880904
vn -0.173570126 -0.97075069 0.165880844
vn -0.157501295 -0.969349384 0.188560769
vn -0.13848792 -0.968093336 0.208845496
vn -0.13848792 -0.968093336 0.208845511
vn -0.116884246 -0.967005968 0.226357073
vn -0.116884284 -0.967005968 0.226357058
vn -0.0930928737 -0.966107607 0.240769193
vn -0.0930929035 -0.966107607 0.240769178
vn -0.0675566196 -0.965414941 0.251813591
vn -0.0675565824 -0.965414941 0.251813591
vn -0.0407516062 -0.964940906 0.259284317
vn -0.0407515764 -0.964940906 0.259284347
vn -0.0131767066 -0.964694262 0.26304239
vn -0.0131767457 -0.964694262 0.26304242
vn 0.0146539863 -0.964679718 0.263017714
vn 0.0146540245 -0.964679718 0.263017714
vn 0.0422224216 -0.964897454 0.259210765
vn 0.0422223955 -0.964897454 0.259210765
vn 0.0690146238 -0.965343416 0.251692474
vn 0.069014594 -0.965343416 0.251692504
vn 0.0945319682 -0.966009319 0.240602821
vn 0.0945319906 -0.966009319 0.240602806
vn 0.118298672 -0.966882765 0.226148531
vn 0.118298702 -0.966882765 0.226148516
vn 0.139872387 -0.967947483 0.208598673
vn 0.139872387 -0.967947483 0.208598688
vn 0.158851057 -0.969183624 0.188280255
vn 0.174881056 -0.97056818 0.165571928
vn 0.174881086 -0.97056818 0.165571854
vn 0.187663987 -0.972075343 0.140896335
vn 0.187663957 -0.972075343 0.140896484
vn 0.196961582 -0.973677039 0.114713527
vn 0.196961597 -0.973677039 0.114713453
vn 0.202600658 -0.975343406 0.0875111148
vn 0.202600658 -0.975343406 0.087511152
vn 0.204476222 -0.97704345 0.0597956106
vn 0.202553287 -0.97874552 0.0320834778
vn 0.202553287 -0.97874552 0.0320834406
vn 0.196867734 -0.980417848 0.00489110872
vn 0.196867764 -0.980417848 0.00489117252
vn 0.187525421 -0.982029319 -0.0212751869
vn 0.187525332 -0.982029319 -0.0212753136
vn 0.174700305 -0.983549893 -0.045928061
vn 0.174700364 -0.983549893 -0.0459279977
vn 0.158631533 -0.984951258 -0.0686079338
vn 0.139618158 -0.986207306 -0.088892661
vn 0.118014485 -0.987294674 -0.10640423
vn 0.118014522 -0.987294674 -0.106404215
vn 0.0942231119 -0.988192976 -0.12081635
vn 0.0942231417 -0.988192976 -0.120816335
vn 0.0686868578 -0.988885641 -0.131860748
vn 0.0686868206 -0.988885641 -0.131860748
vn 0.0418818444 -0.989359736 -0.13933149
vn 0.0418818183 -0.989359736 -0.13933149
vn 0.0143069457 -0.989606321 -0.143089563
vn 0.0143069848 -0.989606321 -0.143089563
vn -0.0135237472 -0.989620924 -0.143064886
vn -0.0135237854 -0.989620924 -0.143064871

# Mesh '' with 1496 faces
usemtl DefaultMaterial
f  1//1 2//1 3//1
f  3//2 2//2 4//2
f  3//2 4//2 5//2
f  5//3 4//3 6//3
f  5//3 6//3 7//3
f  7//4 6//4 8//4
f  7//4 8//4 9//4
f  9//5 8//5 10//5
f  9//5 10//5 11//5
f  11//6 10//6 12//6
f  11//6 12//6 13//6
f  13//7 12//7 14//7
f  13//7 14//7 15//7
f  15//8 14//8 16//8
f  15//8 16//8 17//8
f  17//9 16//9 18//9
f  17//9 18//9 19//9
f  19//10 18//10 20//10
f  19//10 20//10 21//10
f  21//11 20//11 22//11
f  21//11 22//11 23//11
f  23//12 22//12 24//12
f  23//12 24//12 25//12
f  25//13 24//13 26//13
f  25//13 26//13 27//13
f  27//14 26//14 28//14
f  27//14 28//14 29//14
f  29//15 28//15 30//15
f  29//15 30//15 31//15
f  31//16 30//16 32//16
f  31//16 32//16 33//16
f  33//17 32//17 34//17
f  33//17 34//17 35//17
f  35//18 34//18 36//18
f  35//18 36//18 37//18
f  37//19 36//19 38//19
f  37//19 38//19 39//19
f  39//20 38//20 40//20
f  39//20 40//20 41//20
f  41//21 40//21 42//21
f  41//21 42//21 43//21
f  43//22 42//22 44//22
f  43//22 44//22 45//22
f  45//23 44//23 46//23
f  45//23 46//23 47//23
f  47//24 46//24 48//24
f  47//24 48//24 49//24
f  49//25 48//25 50//25
f  49//25 50//25 51//25
f  51//26 50//26 52//26
f  51//26 52//26 53//26
f  53//27 52//27 54//27
f  53//27 54//27 55//27
f  55//28 54//28 56//28
f  55//28 56//28 57//28
f  57//29 56//29 58//29
f  57//29 58//29 59//29
f  59//30 58//30 60//30
f  59//30 60//30 61//30
f  61//31 60//31 62//31
f  61//31 62//31 63//31
f  63//32 62//32 64//32
f  63//32 64//32 65//32
f  65//33 64//33 66//33
f  65//33 66//33 67//33
f  67//34 66//34 68//34
f  67//34 68//34 69//34
f  69//35 68//35 70//35
f  69//35 70//35 71//35
f  71//36 70//36 72//36
f  71//36 72//36 73//36
f  73//37 72//37 74//37
f  73//37 74//37 75//37
f  75//38 74//38 76//38
f  75//38 76//38 1//38
f  1//1 76//1 2//1
f  40//39 38//39 77//39
f  78//39 79//39 52//39
f  60//39 58//39 80//39
f  81//39 82//39 14//39
f  44//39 42//39 83//39
f  56//39 84//39 58//39
f  58//39 84//39 85//39
f  58//39 85//39 80//39
f  6//39 4//39 86//39
f  77//39 87//39 40//39
f  40//39 87//39 88//39
f  40//39 88//39 42//39
f  42//39 88//39 89//39
f  42//39 89//39 83//39
f  52//39 50//39 78//39
f  78//39 50//39 48//39
f  78//39 48//39 90//39
f  90//39 48//39 46//39
f  90//39 46//39 91//39
f  91//39 46//39 44//39
f  91//39 44//39 92//39
f  92//39 44//39 83//39
f  54//39 93//39 56//39
f  56//39 93//39 94//39
f  56//39 94//39 84//39
f  80//39 95//39 60//39
f  60//39 95//39 96//39
f  60//39 96//39 62//39
f  62//39 96//39 97//39
f  97//39 98//39 62//39
f  62//39 98//39 99//39
f  62//39 99//39 64//39
f  64//39 99//39 100//39
f  64//39 100//39 66//39
f  66//39 100//39 101//39
f  66//39 101//39 68//39
f  68//39 101//39 102//39
f  68//39 102//39 70//39
f  70//39 102//39 103//39
f  70//39 103//39 72//39
f  103//39 104//39 72//39
f  72//39 104//39 105//39
f  72//39 105//39 74//39
f  14//39 12//39 81//39
f  81//39 12//39 10//39
f  81//39 10//39 106//39
f  106//39 10//39 8//39
f  106//39 8//39 107//39
f  107//39 8//39 6//39
f  107//39 6//39 108//39
f  108//39 6//39 86//39
f  20//39 18//39 109//39
f  110//39 111//39 26//39
f  105//39 112//39 74//39
f  74//39 112//39 113//39
f  74//39 113//39 76//39
f  76//39 113//39 114//39
f  76//39 114//39 2//39
f  2//39 114//39 115//39
f  2//39 115//39 4//39
f  4//39 115//39 116//39
f  4//39 116//39 86//39
f  26//39 111//39 28//39
f  111//39 117//39 28//39
f  28//39 117//39 118//39
f  28//39 118//39 30//39
f  118//39 119//39 30//39
f  30//39 119//39 120//39
f  30//39 120//39 32//39
f  32//39 120//39 121//39
f  32//39 121//39 34//39
f  34//39 121//39 122//39
f  34//39 122//39 36//39
f  36//39 122//39 123//39
f  36//39 123//39 38//39
f  38//39 123//39 124//39
f  38//39 124//39 77//39
f  79//39 125//39 52//39
f  52//39 125//39 126//39
f  52//39 126//39 54//39
f  54//39 126//39 127//39
f  54//39 127//39 93//39
f  16//39 128//39 18//39
f  18//39 128//39 129//39
f  18//39 129//39 109//39
f  109//39 130//39 20//39
f  20//39 130//39 131//39
f  20//39 131//39 22//39
f  22//39 131//39 132//39
f  22//39 132//39 24//39
f  24//39 132//39 133//39
f  24//39 133//39 26//39
f  26//39 133//39 134//39
f  26//39 134//39 110//39
f  82//39 135//39 14//39
f  14//39 135//39 136//39
f  14//39 136//39 16//39
f  16//39 136//39 137//39
f  16//39 137//39 128//39
f  73//40 138//40 71//40
f  71//40 138//40 139//40
f  71//40 139//40 69//40
f  139//40 140//40 69//40
f  69//40 140//40 141//40
f  69//40 141//40 67//40
f  67//40 141//40 142//40
f  143//40 63//40 142//40
f  142//40 63//40 65//40
f  142//40 65//40 67//40
f  3//40 144//40 1//40
f  1//40 144//40 145//40
f  1//40 145//40 75//40
f  75//40 145//40 146//40
f  75//40 146//40 73//40
f  73//40 146//40 147//40
f  73//40 147//40 138//40
f  148//40 149//40 7//40
f  7//40 149//40 150//40
f  7//40 150//40 5//40
f  59//40 61//40 151//40
f  39//40 41//40 152//40
f  150//40 153//40 5//40
f  5//40 153//40 154//40
f  5//40 154//40 3//40
f  3//40 154//40 155//40
f  3//40 155//40 144//40
f  151//40 156//40 59//40
f  59//40 156//40 157//40
f  59//40 157//40 57//40
f  157//40 158//40 57//40
f  57//40 158//40 159//40
f  57//40 159//40 55//40
f  143//40 160//40 63//40
f  63//40 160//40 161//40
f  63//40 161//40 61//40
f  61//40 161//40 162//40
f  61//40 162//40 151//40
f  163//40 164//40 45//40
f  45//40 164//40 165//40
f  45//40 165//40 43//40
f  165//40 166//40 43//40
f  43//40 166//40 167//40
f  43//40 167//40 41//40
f  41//40 167//40 168//40
f  41//40 168//40 152//40
f  152//40 169//40 39//40
f  39//40 169//40 170//40
f  39//40 170//40 37//40
f  37//40 170//40 171//40
f  37//40 171//40 35//40
f  35//40 171//40 172//40
f  35//40 172//40 33//40
f  33//40 172//40 173//40
f  33//40 173//40 31//40
f  19//40 21//40 174//40
f  159//40 175//40 55//40
f  55//40 175//40 176//40
f  55//40 176//40 53//40
f  53//40 176//40 177//40
f  45//40 47//40 163//40
f  163//40 47//40 49//40
f  163//40 49//40 178//40
f  178//40 49//40 51//40
f  178//40 51//40 179//40
f  179//40 51//40 53//40
f  179//40 53//40 180//40
f  180//40 53//40 177//40
f  173//40 181//40 31//40
f  31//40 181//40 182//40
f  31//40 182//40 29//40
f  182//40 183//40 29//40
f  29//40 183//40 184//40
f  29//40 184//40 27//40
f  27//40 184//40 185//40
f  185//40 186//40 27//40
f  27//40 186//40 187//40
f  27//40 187//40 25//40
f  25//40 187//40 188//40
f  25//40 188//40 23//40
f  23//40 188//40 189//40
f  23//40 189//40 21//40
f  21//40 189//40 190//40
f  21//40 190//40 174//40
f  174//40 191//40 19//40
f  19//40 191//40 192//40
f  19//40 192//40 17//40
f  192//40 193//40 17//40
f  17//40 193//40 194//40
f  17//40 194//40 15//40
f  15//40 194//40 195//40
f  7//40 9//40 148//40
f  148//40 9//40 11//40
f  148//40 11//40 196//40
f  196//40 11//40 13//40
f  196//40 13//40 197//40
f  197//40 13//40 15//40
f  197//40 15//40 198//40
f  198//40 15//40 195//40
f  199//41 200//41 201//41
f  199//42 201//42 202//42
f  203//43 202//43 201//43
f  204//44 203//44 201//44
f  205//45 204//45 201//45
f  206//46 205//46 201//46
f  207//47 206//47 201//47
f  208//48 207//48 201//48
f  209//49 208//49 201//49
f  210//50 209//50 201//50
f  211//51 210//51 201//51
f  212//52 211//52 201//52
f  213//53 212//53 201//53
f  214//54 213//54 201//54
f  215//55 214//55 201//55
f  216//56 215//56 201//56
f  217//57 216//57 201//57
f  218//58 217//58 201//58
f  219//59 218//59 201//59
f  220//60 219//60 201//60
f  221//61 220//61 201//61
f  222//62 221//62 201//62
f  223//63 222//63 201//63
f  224//64 223//64 201//64
f  225//65 224//65 201//65
f  226//66 225//66 201//66
f  227//67 226//67 201//67
f  228//68 227//68 201//68
f  229//69 228//69 201//69
f  230//70 229//70 201//70
f  231//71 230//71 201//71
f  232//72 231//72 201//72
f  233//73 232//73 201//73
f  234//74 233//74 201//74
f  235//75 234//75 201//75
f  236//76 235//76 201//76
f  237//77 236//77 201//77
f  238//78 237//78 201//78
f  239//79 238//79 201//79
f  240//80 239//80 201//80
f  241//81 240//81 201//81
f  242//82 241//82 201//82
f  243//83 242//83 201//83
f  244//84 243//84 201//84
f  245//85 244//85 201//85
f  200//86 245//86 201//86
f  246//87 247//87 248//87
f  249//88 250//88 251//88
f  252//89 253//89 254//89
f  255//90 256//90 257//90
f  247//91 246//91 258//91
f  258//92 259//92 260//92
f  258//93 261//93 262//93
f  263//94 261//94 258//94
f  260//95 263//95 258//95
f  258//96 264//96 265//96
f  266//97 264//97 258//97
f  262//98 266//98 258//98
f  250//99 249//99 258//99
f  258//100 267//100 268//100
f  253//101 252//101 258//101
f  256//102 255//102 258//102
f  81//103 269//103 82//103
f  270//104 114//104 271//104
f  271//105 114//105 113//105
f  100//106 272//106 273//106
f  125//107 274//107 126//107
f  90//108 275//108 78//108
f  163//109 276//109 277//109
f  178//110 278//110 279//110
f  154//111 153//111 280//111
f  195//112 194//112 281//112
f  188//113 282//113 283//113
f  282//114 188//114 187//114
f  284//115 285//115 181//115
f  286//116 287//116 197//116
f  288//117 289//117 196//117
f  290//118 291//118 148//118
f  148//119 291//119 292//119
f  148//120 292//120 149//120
f  280//121 153//121 292//121
f  292//122 153//122 150//122
f  292//123 150//123 149//123
f  154//124 280//124 155//124
f  155//125 280//125 293//125
f  155//126 293//126 144//126
f  144//127 293//127 294//127
f  144//128 294//128 145//128
f  294//128 295//128 145//128
f  145//129 295//129 296//129
f  145//130 296//130 146//130
f  146//131 296//131 147//131
f  147//132 296//132 297//132
f  147//133 297//133 138//133
f  138//134 297//134 298//134
f  138//135 298//135 139//135
f  139//136 298//136 299//136
f  139//137 299//137 140//137
f  142//138 300//138 143//138
f  143//139 300//139 301//139
f  143//140 301//140 160//140
f  160//141 301//141 302//141
f  160//142 302//142 161//142
f  303//143 304//143 162//143
f  162//144 304//144 305//144
f  162//145 305//145 151//145
f  151//146 305//146 306//146
f  151//147 306//147 156//147
f  156//148 306//148 307//148
f  156//149 307//149 157//149
f  307//150 308//150 157//150
f  157//151 308//151 309//151
f  157//151 309//151 158//151
f  158//152 309//152 310//152
f  158//153 310//153 159//153
f  311//154 175//154 312//154
f  312//155 175//155 159//155
f  312//156 159//156 313//156
f  313//157 159//157 310//157
f  314//158 177//158 311//158
f  311//159 177//159 176//159
f  311//160 176//160 175//160
f  180//161 315//161 179//161
f  179//162 315//162 316//162
f  277//163 317//163 163//163
f  163//164 317//164 318//164
f  163//165 318//165 164//165
f  319//166 166//166 318//166
f  318//167 166//167 165//167
f  318//168 165//168 164//168
f  181//169 173//169 284//169
f  284//170 173//170 172//170
f  284//171 172//171 320//171
f  320//172 172//172 171//172
f  320//173 171//173 321//173
f  321//174 171//174 170//174
f  321//175 170//175 322//175
f  322//176 170//176 169//176
f  322//177 169//177 323//177
f  323//178 169//178 152//178
f  323//179 152//179 324//179
f  324//180 152//180 168//180
f  324//181 168//181 319//181
f  319//182 168//182 167//182
f  319//183 167//183 166//183
f  325//184 326//184 77//184
f  77//185 326//185 87//185
f  87//186 326//186 327//186
f  87//187 327//187 88//187
f  88//188 327//188 89//188
f  89//189 327//189 328//189
f  89//190 328//190 83//190
f  83//191 328//191 92//191
f  92//192 328//192 329//192
f  92//193 329//193 91//193
f  91//194 329//194 330//194
f  91//195 330//195 90//195
f  90//196 330//196 331//196
f  90//197 331//197 275//197
f  274//198 125//198 332//198
f  333//199 334//199 127//199
f  127//200 334//200 335//200
f  127//201 335//201 93//201
f  93//202 335//202 336//202
f  93//203 336//203 94//203
f  94//204 336//204 337//204
f  94//205 337//205 84//205
f  84//206 337//206 338//206
f  84//207 338//207 85//207
f  338//207 339//207 85//207
f  85//208 339//208 340//208
f  85//209 340//209 80//209
f  341//210 95//210 342//210
f  342//211 95//211 80//211
f  342//212 80//212 343//212
f  343//213 80//213 340//213
f  344//214 97//214 341//214
f  341//215 97//215 96//215
f  341//216 96//216 95//216
f  98//217 345//217 99//217
f  99//218 345//218 346//218
f  105//219 104//219 347//219
f  347//220 104//220 103//220
f  347//221 103//221 348//221
f  348//222 103//222 102//222
f  348//223 102//223 349//223
f  349//224 102//224 101//224
f  349//225 101//225 350//225
f  350//226 101//226 351//226
f  105//227 347//227 112//227
f  112//228 347//228 352//228
f  112//229 352//229 113//229
f  113//230 352//230 353//230
f  113//105 353//105 271//105
f  354//231 116//231 270//231
f  270//232 116//232 115//232
f  270//233 115//233 114//233
f  135//234 82//234 355//234
f  356//235 128//235 137//235
f  109//236 357//236 358//236
f  109//236 358//236 130//236
f  130//237 358//237 359//237
f  130//238 359//238 131//238
f  359//239 360//239 131//239
f  131//240 360//240 361//240
f  131//241 361//241 132//241
f  118//242 117//242 362//242
f  362//243 117//243 111//243
f  121//244 120//244 363//244
f  77//245 124//245 325//245
f  325//246 124//246 123//246
f  325//247 123//247 364//247
f  364//248 123//248 122//248
f  364//249 122//249 365//249
f  365//250 122//250 121//250
f  365//251 121//251 366//251
f  366//252 121//252 363//252
f  367//253 257//253 368//253
f  368//254 257//254 256//254
f  368//255 256//255 369//255
f  369//256 256//256 258//256
f  370//257 254//257 371//257
f  371//258 254//258 253//258
f  371//259 253//259 372//259
f  372//260 253//260 258//260
f  373//261 374//261 375//261
f  375//261 374//261 268//261
f  375//262 268//262 376//262
f  376//263 268//263 267//263
f  376//264 267//264 377//264
f  378//265 251//265 379//265
f  379//266 251//266 250//266
f  379//266 250//266 380//266
f  380//267 250//267 258//267
f  259//268 381//268 260//268
f  260//268 381//268 382//268
f  260//269 382//269 263//269
f  263//270 382//270 383//270
f  263//271 383//271 261//271
f  261//272 383//272 384//272
f  261//273 384//273 262//273
f  262//274 384//274 385//274
f  262//275 385//275 266//275
f  266//276 385//276 386//276
f  266//277 386//277 264//277
f  264//277 386//277 387//277
f  264//278 387//278 265//278
f  388//279 248//279 389//279
f  389//280 248//280 247//280
f  389//280 247//280 390//280
f  390//281 247//281 258//281
f  355//282 367//282 391//282
f  391//283 367//283 368//283
f  391//284 368//284 392//284
f  392//285 368//285 369//285
f  392//286 369//286 393//286
f  393//287 369//287 258//287
f  394//288 395//288 396//288
f  396//289 395//289 397//289
f  396//290 397//290 398//290
f  135//291 399//291 136//291
f  136//292 399//292 398//292
f  136//293 398//293 137//293
f  137//294 398//294 397//294
f  137//295 397//295 356//295
f  356//296 397//296 395//296
f  129//297 128//297 400//297
f  400//298 128//298 356//298
f  400//299 356//299 401//299
f  401//300 356//300 395//300
f  401//301 395//301 402//301
f  402//288 395//288 394//288
f  402//302 394//302 258//302
f  357//303 373//303 358//303
f  358//303 373//303 375//303
f  358//304 375//304 359//304
f  359//305 375//305 376//305
f  359//306 376//306 360//306
f  360//307 376//307 377//307
f  360//308 377//308 361//308
f  374//309 258//309 268//309
f  109//310 370//310 357//310
f  357//311 370//311 371//311
f  357//312 371//312 373//312
f  373//313 371//313 372//313
f  373//314 372//314 374//314
f  374//315 372//315 258//315
f  133//316 132//316 403//316
f  403//317 132//317 361//317
f  403//318 361//318 404//318
f  404//319 361//319 377//319
f  404//320 377//320 405//320
f  405//321 377//321 267//321
f  405//322 267//322 258//322
f  381//323 406//323 382//323
f  382//323 406//323 407//323
f  382//324 407//324 383//324
f  383//325 407//325 408//325
f  383//326 408//326 384//326
f  384//327 408//327 409//327
f  384//328 409//328 385//328
f  385//329 409//329 410//329
f  385//330 410//330 386//330
f  386//331 410//331 411//331
f  386//332 411//332 387//332
f  412//333 413//333 414//333
f  414//334 413//334 192//334
f  414//335 192//335 191//335
f  193//336 192//336 415//336
f  415//337 192//337 413//337
f  415//338 413//338 416//338
f  416//339 413//339 412//339
f  416//340 412//340 417//340
f  194//341 193//341 281//341
f  281//342 193//342 415//342
f  281//343 415//343 418//343
f  418//344 415//344 416//344
f  418//345 416//345 419//345
f  419//346 416//346 417//346
f  419//347 417//347 258//347
f  135//348 355//348 399//348
f  399//349 355//349 391//349
f  399//349 391//349 398//349
f  398//350 391//350 392//350
f  398//351 392//351 396//351
f  396//352 392//352 393//352
f  396//353 393//353 394//353
f  394//354 393//354 258//354
f  109//355 129//355 370//355
f  370//356 129//356 400//356
f  370//357 400//357 254//357
f  254//358 400//358 401//358
f  254//359 401//359 252//359
f  252//360 401//360 402//360
f  252//361 402//361 258//361
f  258//362 420//362 380//362
f  380//363 420//363 421//363
f  380//364 421//364 379//364
f  379//365 421//365 422//365
f  379//366 422//366 378//366
f  378//367 422//367 423//367
f  378//368 423//368 424//368
f  425//369 283//369 426//369
f  426//370 283//370 282//370
f  426//371 282//371 427//371
f  427//372 282//372 187//372
f  427//373 187//373 428//373
f  428//374 187//374 186//374
f  428//375 186//375 185//375
f  197//376 429//376 286//376
f  286//377 429//377 388//377
f  286//378 388//378 430//378
f  430//379 388//379 389//379
f  430//380 389//380 431//380
f  431//381 389//381 390//381
f  431//382 390//382 432//382
f  432//383 390//383 258//383
f  106//384 433//384 81//384
f  81//385 433//385 434//385
f  81//386 434//386 269//386
f  269//387 434//387 435//387
f  258//388 436//388 420//388
f  420//389 436//389 437//389
f  420//390 437//390 421//390
f  421//391 437//391 438//391
f  421//392 438//392 422//392
f  422//393 438//393 439//393
f  422//394 439//394 423//394
f  423//395 439//395 440//395
f  423//396 440//396 441//396
f  442//397 440//397 443//397
f  443//398 440//398 439//398
f  443//399 439//399 444//399
f  444//400 439//400 438//400
f  444//401 438//401 445//401
f  445//402 438//402 437//402
f  445//402 437//402 446//402
f  446//403 437//403 436//403
f  446//404 436//404 447//404
f  447//405 436//405 258//405
f  448//406 425//406 449//406
f  449//407 425//407 426//407
f  449//408 426//408 450//408
f  450//409 426//409 427//409
f  450//410 427//410 451//410
f  451//411 427//411 428//411
f  451//412 428//412 452//412
f  452//413 428//413 185//413
f  452//414 185//414 453//414
f  453//415 185//415 184//415
f  453//416 184//416 183//416
f  258//417 454//417 432//417
f  432//418 454//418 455//418
f  432//419 455//419 431//419
f  431//420 455//420 456//420
f  431//421 456//421 430//421
f  430//422 456//422 457//422
f  430//423 457//423 286//423
f  286//424 457//424 288//424
f  286//425 288//425 287//425
f  287//426 288//426 196//426
f  287//427 196//427 197//427
f  458//428 435//428 459//428
f  459//429 435//429 434//429
f  459//430 434//430 460//430
f  460//431 434//431 433//431
f  460//432 433//432 461//432
f  461//433 433//433 106//433
f  461//434 106//434 462//434
f  462//435 106//435 107//435
f  462//436 107//436 463//436
f  463//437 107//437 108//437
f  463//438 108//438 354//438
f  354//439 108//439 86//439
f  354//440 86//440 116//440
f  120//441 119//441 363//441
f  363//442 119//442 118//442
f  363//443 118//443 442//443
f  442//444 118//444 362//444
f  442//445 362//445 440//445
f  440//446 362//446 111//446
f  440//447 111//447 441//447
f  441//448 111//448 110//448
f  441//449 110//449 423//449
f  423//450 110//450 134//450
f  423//451 134//451 424//451
f  424//452 134//452 133//452
f  424//453 133//453 378//453
f  378//454 133//454 403//454
f  378//455 403//455 251//455
f  251//456 403//456 404//456
f  251//457 404//457 249//457
f  249//458 404//458 405//458
f  249//459 405//459 258//459
f  258//460 448//460 464//460
f  464//461 448//461 449//461
f  464//462 449//462 465//462
f  465//463 449//463 450//463
f  465//463 450//463 466//463
f  466//464 450//464 451//464
f  466//465 451//465 467//465
f  467//466 451//466 452//466
f  467//467 452//467 468//467
f  468//468 452//468 453//468
f  468//469 453//469 469//469
f  469//470 453//470 183//470
f  469//471 183//471 285//471
f  285//472 183//472 182//472
f  285//473 182//473 181//473
f  258//474 470//474 454//474
f  454//475 470//475 471//475
f  454//476 471//476 455//476
f  455//477 471//477 472//477
f  455//478 472//478 456//478
f  456//479 472//479 473//479
f  456//480 473//480 457//480
f  457//481 473//481 474//481
f  457//482 474//482 288//482
f  288//483 474//483 290//483
f  288//484 290//484 289//484
f  289//485 290//485 148//485
f  289//486 148//486 196//486
f  258//487 475//487 476//487
f  476//488 475//488 477//488
f  476//489 477//489 478//489
f  478//490 477//490 479//490
f  478//491 479//491 480//491
f  480//492 479//492 481//492
f  480//493 481//493 482//493
f  482//494 481//494 483//494
f  482//495 483//495 484//495
f  484//496 483//496 485//496
f  484//497 485//497 486//497
f  486//498 485//498 487//498
f  486//499 487//499 488//499
f  488//500 487//500 489//500
f  488//501 489//501 490//501
f  490//502 489//502 491//502
f  490//503 491//503 492//503
f  492//504 491//504 493//504
f  492//505 493//505 494//505
f  494//506 493//506 495//506
f  494//507 495//507 496//507
f  496//508 495//508 497//508
f  496//508 497//508 498//508
f  498//509 497//509 499//509
f  498//510 499//510 500//510
f  500//511 499//511 501//511
f  500//512 501//512 502//512
f  502//513 501//513 503//513
f  502//514 503//514 504//514
f  504//515 503//515 505//515
f  504//516 505//516 506//516
f  506//517 505//517 507//517
f  506//518 507//518 508//518
f  475//519 509//519 477//519
f  477//520 509//520 510//520
f  477//521 510//521 479//521
f  479//522 510//522 511//522
f  479//523 511//523 481//523
f  481//524 511//524 512//524
f  481//525 512//525 483//525
f  483//526 512//526 513//526
f  483//527 513//527 485//527
f  485//528 513//528 514//528
f  485//528 514//528 487//528
f  487//529 514//529 515//529
f  487//530 515//530 489//530
f  489//531 515//531 516//531
f  489//532 516//532 491//532
f  491//533 516//533 517//533
f  491//534 517//534 493//534
f  493//535 517//535 518//535
f  493//536 518//536 495//536
f  495//537 518//537 519//537
f  495//537 519//537 497//537
f  497//538 519//538 520//538
f  497//539 520//539 499//539
f  499//540 520//540 521//540
f  499//541 521//541 501//541
f  501//542 521//542 522//542
f  501//543 522//543 503//543
f  503//544 522//544 523//544
f  503//545 523//545 505//545
f  505//546 523//546 524//546
f  505//547 524//547 507//547
f  509//548 458//548 510//548
f  510//549 458//549 459//549
f  510//550 459//550 511//550
f  511//551 459//551 460//551
f  511//552 460//552 512//552
f  512//553 460//553 461//553
f  512//554 461//554 513//554
f  513//555 461//555 462//555
f  513//556 462//556 514//556
f  514//557 462//557 463//557
f  514//558 463//558 515//558
f  515//559 463//559 354//559
f  515//560 354//560 516//560
f  516//561 354//561 270//561
f  516//562 270//562 517//562
f  517//563 270//563 271//563
f  517//564 271//564 518//564
f  518//565 271//565 353//565
f  518//565 353//565 519//565
f  519//566 353//566 352//566
f  519//567 352//567 520//567
f  520//568 352//568 347//568
f  520//569 347//569 521//569
f  521//570 347//570 348//570
f  521//571 348//571 522//571
f  522//572 348//572 349//572
f  522//573 349//573 523//573
f  523//574 349//574 350//574
f  523//575 350//575 524//575
f  258//576 525//576 447//576
f  447//577 525//577 526//577
f  447//578 526//578 446//578
f  446//579 526//579 527//579
f  446//580 527//580 445//580
f  445//581 527//581 528//581
f  445//582 528//582 444//582
f  444//583 528//583 529//583
f  444//584 529//584 443//584
f  443//585 529//585 530//585
f  443//586 530//586 442//586
f  442//587 530//587 531//587
f  442//588 531//588 363//588
f  363//589 531//589 532//589
f  363//590 532//590 366//590
f  366//591 532//591 533//591
f  366//592 533//592 365//592
f  365//593 533//593 534//593
f  365//594 534//594 364//594
f  364//595 534//595 535//595
f  364//596 535//596 325//596
f  325//597 535//597 536//597
f  325//597 536//597 326//597
f  326//598 536//598 537//598
f  326//599 537//599 327//599
f  327//600 537//600 538//600
f  327//601 538//601 328//601
f  328//602 538//602 539//602
f  328//603 539//603 329//603
f  329//604 539//604 540//604
f  329//605 540//605 330//605
f  330//606 540//606 541//606
f  330//607 541//607 331//607
f  258//608 542//608 525//608
f  525//609 542//609 543//609
f  525//610 543//610 526//610
f  526//611 543//611 544//611
f  526//612 544//612 527//612
f  527//613 544//613 545//613
f  527//614 545//614 528//614
f  528//615 545//615 546//615
f  528//616 546//616 529//616
f  529//617 546//617 547//617
f  529//618 547//618 530//618
f  530//619 547//619 548//619
f  530//620 548//620 531//620
f  531//621 548//621 549//621
f  531//622 549//622 532//622
f  532//623 549//623 550//623
f  532//624 550//624 533//624
f  533//625 550//625 551//625
f  533//626 551//626 534//626
f  534//627 551//627 552//627
f  534//628 552//628 535//628
f  535//629 552//629 553//629
f  535//629 553//629 536//629
f  536//630 553//630 554//630
f  536//631 554//631 537//631
f  537//632 554//632 555//632
f  537//633 555//633 538//633
f  538//634 555//634 556//634
f  538//635 556//635 539//635
f  539//636 556//636 557//636
f  539//637 557//637 540//637
f  540//638 557//638 558//638
f  540//639 558//639 541//639
f  258//640 559//640 542//640
f  542//641 559//641 560//641
f  542//642 560//642 543//642
f  543//643 560//643 561//643
f  543//644 561//644 544//644
f  544//645 561//645 562//645
f  544//646 562//646 545//646
f  545//647 562//647 563//647
f  545//648 563//648 546//648
f  546//649 563//649 564//649
f  546//650 564//650 547//650
f  547//651 564//651 565//651
f  547//652 565//652 548//652
f  548//653 565//653 566//653
f  548//654 566//654 549//654
f  549//655 566//655 567//655
f  549//656 567//656 550//656
f  550//657 567//657 568//657
f  550//658 568//658 551//658
f  551//659 568//659 569//659
f  551//660 569//660 552//660
f  552//661 569//661 570//661
f  552//661 570//661 553//661
f  553//662 570//662 571//662
f  553//663 571//663 554//663
f  554//664 571//664 572//664
f  554//665 572//665 555//665
f  555//666 572//666 573//666
f  555//667 573//667 556//667
f  556//668 573//668 574//668
f  556//669 574//669 557//669
f  557//670 574//670 575//670
f  557//671 575//671 558//671
f  258//672 576//672 559//672
f  559//673 576//673 577//673
f  559//674 577//674 560//674
f  560//675 577//675 578//675
f  560//676 578//676 561//676
f  561//677 578//677 579//677
f  561//678 579//678 562//678
f  562//679 579//679 580//679
f  562//680 580//680 563//680
f  563//681 580//681 581//681
f  563//682 581//682 564//682
f  564//683 581//683 582//683
f  564//684 582//684 565//684
f  565//685 582//685 583//685
f  565//686 583//686 566//686
f  566//687 583//687 584//687
f  566//688 584//688 567//688
f  567//689 584//689 585//689
f  567//690 585//690 568//690
f  568//691 585//691 586//691
f  568//692 586//692 569//692
f  569//693 586//693 587//693
f  569//693 587//693 570//693
f  570//694 587//694 588//694
f  570//695 588//695 571//695
f  571//696 588//696 589//696
f  571//697 589//697 572//697
f  572//698 589//698 590//698
f  572//699 590//699 573//699
f  573//700 590//700 591//700
f  573//701 591//701 574//701
f  574//702 591//702 592//702
f  574//703 592//703 575//703
f  258//704 593//704 576//704
f  576//705 593//705 594//705
f  576//706 594//706 577//706
f  577//707 594//707 595//707
f  577//708 595//708 578//708
f  578//709 595//709 596//709
f  578//710 596//710 579//710
f  579//711 596//711 597//711
f  579//712 597//712 580//712
f  580//713 597//713 598//713
f  580//714 598//714 581//714
f  581//715 598//715 599//715
f  581//716 599//716 582//716
f  582//717 599//717 600//717
f  582//718 600//718 583//718
f  583//719 600//719 601//719
f  583//720 601//720 584//720
f  584//721 601//721 602//721
f  584//722 602//722 585//722
f  585//723 602//723 603//723
f  585//724 603//724 586//724
f  586//725 603//725 604//725
f  586//725 604//725 587//725
f  587//726 604//726 605//726
f  587//727 605//727 588//727
f  588//728 605//728 606//728
f  588//729 606//729 589//729
f  589//730 606//730 607//730
f  589//731 607//731 590//731
f  590//732 607//732 608//732
f  590//733 608//733 591//733
f  591//734 608//734 609//734
f  591//734 609//734 592//734
f  258//735 464//735 593//735
f  593//736 464//736 465//736
f  593//737 465//737 594//737
f  594//738 465//738 466//738
f  594//739 466//739 595//739
f  595//740 466//740 467//740
f  595//741 467//741 596//741
f  596//742 467//742 468//742
f  596//743 468//743 597//743
f  597//744 468//744 469//744
f  597//745 469//745 598//745
f  598//746 469//746 285//746
f  598//747 285//747 599//747
f  599//748 285//748 284//748
f  599//749 284//749 600//749
f  600//750 284//750 320//750
f  600//751 320//751 601//751
f  601//752 320//752 321//752
f  601//753 321//753 602//753
f  602//754 321//754 322//754
f  602//755 322//755 603//755
f  603//756 322//756 323//756
f  603//756 323//756 604//756
f  604//757 323//757 324//757
f  604//758 324//758 605//758
f  605//759 324//759 319//759
f  605//760 319//760 606//760
f  606//761 319//761 318//761
f  606//762 318//762 607//762
f  607//763 318//763 317//763
f  607//764 317//764 608//764
f  608//765 317//765 277//765
f  608//766 277//766 609//766
f  258//767 417//767 259//767
f  259//768 417//768 412//768
f  259//769 412//769 381//769
f  381//770 412//770 414//770
f  381//771 414//771 406//771
f  406//772 414//772 191//772
f  406//773 191//773 407//773
f  407//773 191//773 174//773
f  407//774 174//774 408//774
f  408//775 174//775 190//775
f  408//776 190//776 409//776
f  409//777 190//777 189//777
f  409//778 189//778 410//778
f  410//779 189//779 188//779
f  410//780 188//780 411//780
f  411//781 188//781 283//781
f  411//782 283//782 387//782
f  387//783 283//783 425//783
f  387//784 425//784 265//784
f  265//785 425//785 448//785
f  265//786 448//786 258//786
f  197//787 198//787 429//787
f  429//788 198//788 195//788
f  429//789 195//789 388//789
f  388//790 195//790 281//790
f  388//791 281//791 248//791
f  248//792 281//792 418//792
f  248//793 418//793 246//793
f  246//794 418//794 419//794
f  246//795 419//795 258//795
f  101//796 100//796 351//796
f  351//797 100//797 273//797
f  351//798 273//798 350//798
f  350//799 273//799 610//799
f  350//800 610//800 524//800
f  524//801 610//801 611//801
f  524//802 611//802 507//802
f  507//803 611//803 612//803
f  507//804 612//804 508//804
f  508//805 612//805 613//805
f  163//806 178//806 276//806
f  276//807 178//807 279//807
f  276//808 279//808 277//808
f  277//809 279//809 614//809
f  277//810 614//810 609//810
f  609//811 614//811 615//811
f  609//812 615//812 592//812
f  592//813 615//813 616//813
f  592//814 616//814 575//814
f  575//815 616//815 617//815
f  575//816 617//816 558//816
f  558//817 617//817 618//817
f  558//818 618//818 541//818
f  541//819 618//819 619//819
f  541//820 619//820 331//820
f  331//821 619//821 620//821
f  331//822 620//822 275//822
f  275//823 620//823 621//823
f  275//824 621//824 78//824
f  78//825 621//825 622//825
f  78//826 622//826 79//826
f  100//827 99//827 272//827
f  272//828 99//828 346//828
f  272//829 346//829 273//829
f  273//830 346//830 623//830
f  273//831 623//831 610//831
f  610//832 623//832 624//832
f  610//833 624//833 611//833
f  611//834 624//834 625//834
f  611//835 625//835 612//835
f  612//836 625//836 626//836
f  612//837 626//837 613//837
f  613//838 626//838 627//838
f  178//839 179//839 278//839
f  278//840 179//840 316//840
f  278//841 316//841 279//841
f  279//842 316//842 628//842
f  279//843 628//843 614//843
f  614//844 628//844 629//844
f  614//845 629//845 615//845
f  615//846 629//846 630//846
f  615//847 630//847 616//847
f  616//848 630//848 631//848
f  616//849 631//849 617//849
f  617//850 631//850 632//850
f  617//851 632//851 618//851
f  618//852 632//852 633//852
f  618//853 633//853 619//853
f  619//854 633//854 634//854
f  619//855 634//855 620//855
f  620//856 634//856 635//856
f  620//857 635//857 621//857
f  621//858 635//858 636//858
f  621//859 636//859 622//859
f  622//860 636//860 332//860
f  622//861 332//861 79//861
f  79//862 332//862 125//862
f  98//863 97//863 345//863
f  345//864 97//864 344//864
f  345//865 344//865 346//865
f  346//866 344//866 637//866
f  346//867 637//867 623//867
f  623//868 637//868 638//868
f  623//869 638//869 624//869
f  624//870 638//870 639//870
f  624//871 639//871 625//871
f  625//872 639//872 640//872
f  625//873 640//873 626//873
f  626//874 640//874 641//874
f  626//875 641//875 627//875
f  627//876 641//876 642//876
f  180//877 177//877 315//877
f  315//878 177//878 314//878
f  315//879 314//879 316//879
f  316//879 314//879 643//879
f  316//880 643//880 628//880
f  628//881 643//881 644//881
f  628//882 644//882 629//882
f  629//883 644//883 645//883
f  629//884 645//884 630//884
f  630//885 645//885 646//885
f  630//886 646//886 631//886
f  631//887 646//887 647//887
f  631//888 647//888 632//888
f  632//889 647//889 648//889
f  632//890 648//890 633//890
f  633//891 648//891 649//891
f  633//892 649//892 634//892
f  634//893 649//893 650//893
f  634//894 650//894 635//894
f  635//895 650//895 651//895
f  635//896 651//896 636//896
f  636//897 651//897 652//897
f  636//898 652//898 332//898
f  332//899 652//899 653//899
f  332//900 653//900 274//900
f  274//901 653//901 333//901
f  274//902 333//902 126//902
f  126//903 333//903 127//903
f  301//904 654//904 302//904
f  302//905 654//905 303//905
f  302//906 303//906 161//906
f  161//907 303//907 162//907
f  141//908 655//908 142//908
f  142//909 655//909 656//909
f  142//910 656//910 300//910
f  300//911 656//911 657//911
f  300//912 657//912 301//912
f  301//913 657//913 658//913
f  301//914 658//914 654//914
f  140//915 299//915 141//915
f  141//916 299//916 659//916
f  141//917 659//917 655//917
f  655//918 659//918 660//918
f  655//919 660//919 656//919
f  656//920 660//920 661//920
f  656//921 661//921 657//921
f  657//922 661//922 662//922
f  657//923 662//923 658//923
f  258//924 663//924 470//924
f  470//925 663//925 664//925
f  470//926 664//926 471//926
f  471//927 664//927 665//927
f  471//928 665//928 472//928
f  472//929 665//929 666//929
f  472//930 666//930 473//930
f  473//931 666//931 667//931
f  473//932 667//932 474//932
f  474//933 667//933 668//933
f  474//934 668//934 290//934
f  290//935 668//935 669//935
f  290//936 669//936 291//936
f  291//937 669//937 670//937
f  291//938 670//938 292//938
f  292//939 670//939 671//939
f  292//940 671//940 280//940
f  280//941 671//941 672//941
f  280//942 672//942 293//942
f  293//943 672//943 673//943
f  293//944 673//944 294//944
f  294//945 673//945 674//945
f  294//945 674//945 295//945
f  295//946 674//946 675//946
f  295//947 675//947 296//947
f  296//948 675//948 676//948
f  296//949 676//949 297//949
f  297//950 676//950 677//950
f  297//951 677//951 298//951
f  298//952 677//952 678//952
f  298//953 678//953 299//953
f  299//954 678//954 679//954
f  299//955 679//955 659//955
f  659//956 679//956 680//956
f  659//957 680//957 660//957
f  660//958 680//958 681//958
f  660//959 681//959 661//959
f  661//960 681//960 682//960
f  661//961 682//961 662//961
f  258//962 683//962 663//962
f  663//963 683//963 684//963
f  663//964 684//964 664//964
f  664//965 684//965 685//965
f  664//966 685//966 665//966
f  665//967 685//967 686//967
f  665//968 686//968 666//968
f  666//969 686//969 687//969
f  666//970 687//970 667//970
f  667//971 687//971 688//971
f  667//972 688//972 668//972
f  668//973 688//973 689//973
f  668//974 689//974 669//974
f  669//975 689//975 690//975
f  669//976 690//976 670//976
f  670//977 690//977 691//977
f  670//978 691//978 671//978
f  671//979 691//979 692//979
f  671//980 692//980 672//980
f  672//981 692//981 693//981
f  672//982 693//982 673//982
f  673//983 693//983 694//983
f  673//983 694//983 674//983
f  674//984 694//984 695//984
f  674//985 695//985 675//985
f  675//986 695//986 696//986
f  675//987 696//987 676//987
f  676//988 696//988 697//988
f  676//989 697//989 677//989
f  677//990 697//990 698//990
f  677//991 698//991 678//991
f  678//992 698//992 699//992
f  678//993 699//993 679//993
f  679//994 699//994 700//994
f  679//995 700//995 680//995
f  680//996 700//996 701//996
f  680//997 701//997 681//997
f  681//998 701//998 702//998
f  681//999 702//999 682//999
f  258//1000 476//1000 683//1000
f  683//1001 476//1001 478//1001
f  683//1002 478//1002 684//1002
f  684//1003 478//1003 480//1003
f  684//1004 480//1004 685//1004
f  685//1005 480//1005 482//1005
f  685//1006 482//1006 686//1006
f  686//1007 482//1007 484//1007
f  686//1008 484//1008 687//1008
f  687//1009 484//1009 486//1009
f  687//1010 486//1010 688//1010
f  688//1011 486//1011 488//1011
f  688//1012 488//1012 689//1012
f  689//1013 488//1013 490//1013
f  689//1014 490//1014 690//1014
f  690//1015 490//1015 492//1015
f  690//1016 492//1016 691//1016
f  691//1017 492//1017 494//1017
f  691//1018 494//1018 692//1018
f  692//1019 494//1019 496//1019
f  692//1020 496//1020 693//1020
f  693//1021 496//1021 498//1021
f  693//1021 498//1021 694//1021
f  694//1022 498//1022 500//1022
f  694//1023 500//1023 695//1023
f  695//1024 500//1024 502//1024
f  695//1025 502//1025 696//1025
f  696//1026 502//1026 504//1026
f  696//1027 504//1027 697//1027
f  697//1028 504//1028 506//1028
f  697//1029 506//1029 698//1029
f  698//1030 506//1030 508//1030
f  698//1031 508//1031 699//1031
f  699//1032 508//1032 613//1032
f  699//1033 613//1033 700//1033
f  700//1034 613//1034 627//1034
f  700//1035 627//1035 701//1035
f  701//1036 627//1036 642//1036
f  701//1037 642//1037 702//1037
f  82//1038 269//1038 355//1038
f  355//1039 269//1039 435//1039
f  355//1040 435//1040 367//1040
f  367//1041 435//1041 458//1041
f  367//253 458//253 257//253
f  257//1042 458//1042 509//1042
f  257//1043 509//1043 255//1043
f  255//1044 509//1044 475//1044
f  255//1045 475//1045 258//1045
f  702//1046 703//1046 682//1046
f  682//1047 703//1047 704//1047
f  682//1048 704//1048 662//1048
f  662//1049 704//1049 705//1049
f  662//1050 705//1050 658//1050
f  658//1050 705//1050 706//1050
f  658//1051 706//1051 654//1051
f  654//1052 706//1052 707//1052
f  654//1053 707//1053 303//1053
f  303//1054 707//1054 708//1054
f  303//1055 708//1055 304//1055
f  304//1055 708//1055 709//1055
f  304//1056 709//1056 305//1056
f  305//1057 709//1057 710//1057
f  305//1058 710//1058 306//1058
f  306//1059 710//1059 711//1059
f  306//1060 711//1060 307//1060
f  307//1061 711//1061 712//1061
f  307//1062 712//1062 308//1062
f  308//1063 712//1063 713//1063
f  308//1064 713//1064 309//1064
f  309//1064 713//1064 714//1064
f  309//1065 714//1065 310//1065
f  310//1066 714//1066 715//1066
f  310//1067 715//1067 313//1067
f  313//1068 715//1068 716//1068
f  313//1069 716//1069 312//1069
f  312//1070 716//1070 717//1070
f  312//1071 717//1071 311//1071
f  311//1072 717//1072 718//1072
f  311//1073 718//1073 314//1073
f  314//1074 718//1074 719//1074
f  314//1075 719//1075 643//1075
f  643//1076 719//1076 720//1076
f  643//1077 720//1077 644//1077
f  644//1078 720//1078 721//1078
f  644//1079 721//1079 645//1079
f  645//1079 721//1079 722//1079
f  645//1080 722//1080 646//1080
f  646//1081 722//1081 723//1081
f  646//1082 723//1082 647//1082
f  647//1083 723//1083 724//1083
f  647//1084 724//1084 648//1084
f  648//1085 724//1085 725//1085
f  648//1086 725//1086 649//1086
f  649//1087 725//1087 726//1087
f  649//1088 726//1088 650//1088
f  650//1089 726//1089 727//1089
f  650//1090 727//1090 651//1090
f  651//1091 727//1091 728//1091
f  651//1092 728//1092 652//1092
f  652//1093 728//1093 729//1093
f  652//1094 729//1094 653//1094
f  653//1095 729//1095 730//1095
f  653//1096 730//1096 333//1096
f  333//1097 730//1097 731//1097
f  333//1098 731//1098 334//1098
f  334//1099 731//1099 732//1099
f  334//1100 732//1100 335//1100
f  335//1101 732//1101 733//1101
f  335//1102 733//1102 336//1102
f  336//1103 733//1103 734//1103
f  336//1104 734//1104 337//1104
f  337//1105 734//1105 735//1105
f  337//1106 735//1106 338//1106
f  338//1107 735//1107 736//1107
f  338//1108 736//1108 339//1108
f  339//1108 736//1108 737//1108
f  339//1109 737//1109 340//1109
f  340//1110 737//1110 738//1110
f  340//1111 738//1111 343//1111
f  343//1112 738//1112 739//1112
f  343//1113 739//1113 342//1113
f  342//1114 739//1114 740//1114
f  342//1115 740//1115 341//1115
f  341//1116 740//1116 741//1116
f  341//1117 741//1117 344//1117
f  344//1118 741//1118 742//1118
f  344//1119 742//1119 637//1119
f  637//1120 742//1120 743//1120
f  637//1121 743//1121 638//1121
f  638//1122 743//1122 744//1122
f  638//1123 744//1123 639//1123
f  639//1123 744//1123 745//1123
f  639//1124 745//1124 640//1124
f  640//1125 745//1125 746//1125
f  640//1126 746//1126 641//1126
f  641//1127 746//1127 747//1127
f  641//1128 747//1128 642//1128
f  642//1129 747//1129 748//1129
f  642//1130 748//1130 702//1130
f  702//1131 748//1131 703//1131
f  703//1132 200//1132 704//1132
f  704//1133 200//1133 199//1133
f  704//1134 199//1134 705//1134
f  705//1135 199//1135 202//1135
f  705//1136 202//1136 706//1136
f  706//1137 202//1137 203//1137
f  706//1138 203//1138 707//1138
f  707//1139 203//1139 204//1139
f  707//1140 204//1140 708//1140
f  708//1141 204//1141 205//1141
f  708//1142 205//1142 709//1142
f  709//1142 205//1142 206//1142
f  709//1143 206//1143 710//1143
f  710//1144 206//1144 207//1144
f  710//1145 207//1145 711//1145
f  711//1146 207//1146 208//1146
f  711//1147 208//1147 712//1147
f  712//1148 208//1148 209//1148
f  712//1149 209//1149 713//1149
f  713//1150 209//1150 210//1150
f  713//1151 210//1151 714//1151
f  714//1151 210//1151 211//1151
f  714//1152 211//1152 715//1152
f  715//1153 211//1153 212//1153
f  715//1154 212//1154 716//1154
f  716//1155 212//1155 213//1155
f  716//1156 213//1156 717//1156
f  717//1157 213//1157 214//1157
f  717//1158 214//1158 718//1158
f  718//1159 214//1159 215//1159
f  718//1160 215//1160 719//1160
f  719//1160 215//1160 216//1160
f  719//1161 216//1161 720//1161
f  720//1162 216//1162 217//1162
f  720//1163 217//1163 721//1163
f  721//1164 217//1164 218//1164
f  721//1165 218//1165 722//1165
f  722//1166 218//1166 219//1166
f  722//1167 219//1167 723//1167
f  723//1168 219//1168 220//1168
f  723//1169 220//1169 724//1169
f  724//1170 220//1170 221//1170
f  724//1171 221//1171 725//1171
f  725//1172 221//1172 222//1172
f  725//1173 222//1173 726//1173
f  726//1174 222//1174 223//1174
f  726//1175 223//1175 727//1175
f  727//1176 223//1176 224//1176
f  727//1177 224//1177 728//1177
f  728//1178 224//1178 225//1178
f  728//1179 225//1179 729//1179
f  729//1180 225//1180 226//1180
f  729//1181 226//1181 730//1181
f  730//1182 226//1182 227//1182
f  730//1183 227//1183 731//1183
f  731//1184 227//1184 228//1184
f  731//1185 228//1185 732//1185
f  732//1185 228//1185 229//1185
f  732//1186 229//1186 733//1186
f  733//1187 229//1187 230//1187
f  733//1188 230//1188 734//1188
f  734//1189 230//1189 231//1189
f  734//1190 231//1190 735//1190
f  735//1191 231//1191 232//1191
f  735//1192 232//1192 736//1192
f  736//1193 232//1193 233//1193
f  736//1194 233//1194 737//1194
f  737//1194 233//1194 234//1194
f  737//1195 234//1195 738//1195
f  738//1196 234//1196 235//1196
f  738//1197 235//1197 739//1197
f  739//1198 235//1198 236//1198
f  739//1199 236//1199 740//1199
f  740//1200 236//1200 237//1200
f  740//1201 237//1201 741//1201
f  741//1202 237//1202 238//1202
f  741//1203 238//1203 742//1203
f  742//1203 238//1203 239//1203
f  742//1204 239//1204 743//1204
f  743//1204 239//1204 240//1204
f  743//1205 240//1205 744//1205
f  744//1206 240//1206 241//1206
f  744//1207 241//1207 745//1207
f  745//1208 241//1208 242//1208
f  745//1209 242//1209 746//1209
f  746//1210 242//1210 243//1210
f  746//1211 243//1211 747//1211
f  747//1212 243//1212 244//1212
f  747//1213 244//1213 748//1213
f  748//1214 244//1214 245//1214
f  748//1215 245//1215 703//1215
f  703//1216 245//1216 200//1216

