# File produced by Open Asset Import Library (http://www.assimp.sf.net)
# (assimp v5.2.0)

mtllib torso_constraint_L_rod_link.mtl

# 748 vertex positions
v  0.00200575753 0.00153141038 0.00682874257
v  -0.00199365639 0.000384728337 0.00699123135
v  0.00200634194 0.00038625428 0.00698751723
v  -0.00199324498 -0.00077094289 0.00695935497
v  0.00200675311 -0.000769416918 0.00695564086
v  -0.00199301797 -0.00190560555 0.00673769554
v  0.00200698012 -0.00190407957 0.00673398143
v  -0.00199298142 -0.00298830913 0.0063323006
v  0.00200701691 -0.00298678316 0.00632858649
v  -0.00199313625 -0.00398952002 0.00575422775
v  0.00200686208 -0.00398799405 0.00575051364
v  -0.00199347828 -0.00488192821 0.00501924474
v  0.00200652005 -0.00488040224 0.00501553062
v  -0.00199399819 -0.00564119127 0.00414740061
v  0.00200600014 -0.00563966529 0.0041436865
v  -0.00199468154 -0.00624659797 0.00316247717
v  0.00200531655 -0.006245072 0.00315876305
v  -0.00199551019 -0.00668163411 0.00209133979
v  0.00200448791 -0.00668010814 0.00208762567
v  -0.0019964613 -0.00693443371 0.000963207101
v  0.00200353679 -0.00693290774 0.000959492987
v  -0.00199750881 -0.00699810125 -0.000191148822
v  0.00200248929 -0.00699657528 -0.000194862936
v  -0.0019986243 -0.00687089935 -0.00134024012
v  0.0020013738 -0.00686937338 -0.00134395424
v  -0.00199977728 -0.00655629765 -0.00245272252
v  0.00200022082 -0.00655477215 -0.00245643663
v  -0.00200093631 -0.00606287876 -0.00349825039
v  0.00199906179 -0.00606135279 -0.0035019645
v  -0.00200206996 -0.00540410075 -0.00444830395
v  0.00199792837 -0.00540257478 -0.00445201807
v  -0.0020031468 -0.00459793396 -0.00527696917
v  0.00199685129 -0.00459640799 -0.00528068328
v  -0.00200413796 -0.00366636808 -0.00596164167
v  0.00199586013 -0.00366484211 -0.00596535578
v  -0.0020050162 -0.00263481424 -0.00648364564
v  0.0019949819 -0.00263328827 -0.00648735976
v  -0.00200575753 -0.00153141038 -0.00682874257
v  0.00199424056 -0.00152988441 -0.00683245668
v  -0.00200634194 -0.00038625428 -0.00698751723
v  0.00199365639 -0.000384728337 -0.00699123135
v  -0.00200675311 0.000769416918 -0.00695564086
v  0.00199324498 0.00077094289 -0.00695935497
v  -0.00200698012 0.00190407957 -0.00673398143
v  0.00199301797 0.00190560555 -0.00673769554
v  -0.00200701691 0.00298678316 -0.00632858649
v  0.00199298142 0.00298830913 -0.0063323006
v  -0.00200686208 0.00398799405 -0.00575051364
v  0.00199313625 0.00398952002 -0.00575422775
v  -0.00200652005 0.00488040224 -0.00501553062
v  0.00199347828 0.00488192821 -0.00501924474
v  -0.00200600014 0.00563966529 -0.0041436865
v  0.00199399819 0.00564119127 -0.00414740061
v  -0.00200531655 0.006245072 -0.00315876305
v  0.00199468154 0.00624659797 -0.00316247717
v  -0.00200448791 0.00668010814 -0.00208762567
v  0.00199551019 0.00668163411 -0.00209133979
v  -0.00200353679 0.00693290774 -0.000959492987
v  0.0019964613 0.00693443371 -0.000963207101
v  -0.00200248929 0.00699657528 0.000194862921
v  0.00199750881 0.00699810125 0.000191148807
v  -0.0020013738 0.00686937338 0.00134395424
v  0.0019986243 0.00687089935 0.00134024012
v  -0.00200022082 0.00655477215 0.00245643663
v  0.00199977728 0.00655629765 0.00245272252
v  -0.00199906179 0.00606135279 0.0035019645
v  0.00200093631 0.00606287876 0.00349825039
v  -0.00199792837 0.00540257478 0.00445201807
v  0.00200206996 0.00540410075 0.00444830395
v  -0.00199685129 0.00459640799 0.00528068328
v  0.0020031468 0.00459793396 0.00527696917
v  -0.00199586013 0.00366484211 0.00596535578
v  0.00200413796 0.00366636808 0.00596164167
v  -0.0019949819 0.00263328827 0.00648735976
v  0.0020050162 0.00263481424 0.00648364564
v  -0.00199424056 0.00152988441 0.00683245668
v  -0.00200376892 -0.00100280682 -0.00446981983
v  -0.00200439128 0.00292197452 -0.00352767366
v  -0.0020040262 0.00357263559 -0.00286708097
v  -0.0020020341 0.00457108626 -0.000311493583
v  -0.00199560681 -0.00292350049 0.00353138777
v  -0.00199597189 -0.00357416156 0.00287079508
v  -0.00200447184 0.000702212332 -0.00452647684
v  -0.00200282293 0.00441442337 -0.00122538558
v  -0.00200244109 0.00451592868 -0.00077241211
v  -0.00199552625 -0.000703738304 0.00453019096
v  -0.00200401619 -0.000545273477 -0.00454825163
v  -0.00200426043 1.56586957e-05 -0.00458068727
v  -0.00200438523 0.000381803111 -0.00456472021
v  -0.00200457661 0.0021516562 -0.00404376676
v  -0.00200458313 0.00137865695 -0.00436817529
v  -0.00200457452 0.0012932173 -0.00439423136
v  -0.00200349605 0.00407700147 -0.00208903407
v  -0.0020031759 0.00426761201 -0.00166576577
v  -0.00200160639 0.00457933126 0.000152640336
v  -0.00200131116 0.00455865636 0.000461960182
v  -0.00200114259 0.00453786692 0.000634974102
v  -0.00200084387 0.004485738 0.000935297285
v  -0.0020007058 0.00445522415 0.00107151957
v  -0.00199977634 0.00414868863 0.00194660679
v  -0.00199885597 0.00367227406 0.00274207559
v  -0.00199873024 0.00359314959 0.00284505798
v  -0.00199798238 0.00304548489 0.00342535973
v  -0.00199745479 0.00256743119 0.00379716652
v  -0.00199719146 0.00229398208 0.00396848517
v  -0.00199542148 -0.00215318217 0.00404748088
v  -0.00199541519 -0.00138018292 0.0043718894
v  -0.00199542358 -0.00129474327 0.00439794548
v  -0.00199717516 -0.00441594934 0.0012290997
v  -0.00199977425 -0.00431958865 -0.00153037824
v  -0.00199980615 -0.00430883514 -0.00156035752
v  -0.00199690927 0.00196966506 0.00413917517
v  -0.00199651532 0.00144853187 0.00434921589
v  -0.0019959819 0.000543747563 0.00455196574
v  -0.0019957379 -1.71846441e-05 0.00458440138
v  -0.00199561287 -0.000383329054 0.00456843432
v  -0.00200054469 -0.00400301116 -0.00223018462
v  -0.00200068555 -0.00393217802 -0.00235270755
v  -0.0020012646 -0.00359694636 -0.00283847097
v  -0.00200158707 -0.00337773142 -0.00309589715
v  -0.00200193352 -0.00311431009 -0.00336055574
v  -0.00200242363 -0.00268503162 -0.00371226436
v  -0.002003161 -0.00188243715 -0.00417657476
v  -0.00200356194 -0.0013333275 -0.00438269088
v  -0.00200395659 0.0036583636 -0.00275690691
v  -0.00200379197 0.00383366877 -0.00250754878
v  -0.00200369023 0.00392630324 -0.00235995138
v  -0.00199650205 -0.00407852745 0.00209274818
v  -0.00199682242 -0.00426913798 0.00166947988
v  -0.001997557 -0.00451745465 0.000776126224
v  -0.00199796399 -0.00457261223 0.000315207668
v  -0.00199839193 -0.00458085723 -0.000148926221
v  -0.00199883617 -0.00454210397 -0.000611512805
v  -0.00199975586 -0.00432567205 -0.00151312188
v  -0.00199604151 -0.00365988957 0.00276062102
v  -0.00199620635 -0.00383519474 0.00251126289
v  -0.00199630787 -0.00392782874 0.0023636655
v  0.0020025433 0.00256895716 0.0037934524
v  0.00200201571 0.00304701086 0.00342164561
v  0.00200126809 0.00359467557 0.00284134387
v  0.00200114213 0.00367380003 0.00273836148
v  0.00200022198 0.00415021461 0.00194289268
v  0.00199929229 0.00445675012 0.00106780545
v  0.00200401619 0.000545273477 0.00454825163
v  0.00200348278 0.00145005784 0.00434550177
v  0.00200308906 0.00197119103 0.00413546106
v  0.00200280687 0.00229550805 0.00396477105
v  0.00200457661 -0.0021516562 0.00404376676
v  0.00200458313 -0.00137865695 0.00436817529
v  0.00200457452 -0.00129321741 0.00439423136
v  0.00199839193 0.00458085723 0.000148926221
v  0.0019959819 -0.000543747563 -0.00455196574
v  0.00200447184 -0.000702212332 0.00452647684
v  0.00200438523 -0.000381803111 0.00456472021
v  0.00200426043 -1.56586975e-05 0.00458068727
v  0.00199796399 0.00457261223 -0.000315207697
v  0.001997557 0.00451745465 -0.000776126224
v  0.00199717516 0.00441594934 -0.0012290997
v  0.00199682242 0.00426913798 -0.00166947988
v  0.00199915422 0.00448726397 0.00093158317
v  0.0019988555 0.00453939289 0.000631259987
v  0.00199868693 0.00456018234 0.000458246068
v  0.00199542148 0.00215318217 -0.00404748088
v  0.00199541519 0.00138018292 -0.0043718894
v  0.00199542358 0.00129474327 -0.00439794548
v  0.00199552625 0.000703738304 -0.00453019096
v  0.00199561287 0.000383329054 -0.00456843432
v  0.0019957379 1.71846423e-05 -0.00458440138
v  0.00199622917 -0.00100128085 -0.00447353395
v  0.00199643616 -0.00133180164 -0.00438640499
v  0.00199683709 -0.00188091118 -0.00418028887
v  0.00199757447 -0.00268350565 -0.00371597847
v  0.00199806481 -0.00311278435 -0.00336426985
v  0.00200244109 -0.00451592868 0.00077241211
v  0.00199650205 0.00407852745 -0.00209274818
v  0.00199630787 0.00392782874 -0.0023636655
v  0.00199620635 0.00383519474 -0.00251126289
v  0.00199560681 0.00292350049 -0.00353138777
v  0.00199597189 0.00357416156 -0.00287079508
v  0.00199604151 0.00365988957 -0.00276062102
v  0.00199841103 -0.00337620545 -0.00309961126
v  0.00199873373 -0.00359542039 -0.00284218509
v  0.00199931255 -0.00393065205 -0.00235642167
v  0.00199945341 -0.00400148518 -0.00223389873
v  0.00200019195 -0.00430730917 -0.00156407163
v  0.00200022385 -0.00431806268 -0.00153409236
v  0.00200024224 -0.00432414608 -0.001516836
v  0.00200116192 -0.004540578 -0.00061522692
v  0.00200160639 -0.00457933126 -0.000152640336
v  0.0020020341 -0.00457108626 0.000311493553
v  0.00200282293 -0.00441442337 0.00122538558
v  0.0020031759 -0.00426761201 0.00166576577
v  0.00200349605 -0.00407700147 0.00208903407
v  0.00200369023 -0.00392630324 0.00235995138
v  0.00200379197 -0.00383366877 0.00250754878
v  0.00200439128 -0.00292197452 0.00352767366
v  0.0020040262 -0.00357263559 0.00286708097
v  0.00200395659 -0.0036583636 0.00275690691
v  0.000181376177 0.00497698039 -0.000443583907
v  9.0411937e-05 0.0049810796 -0.000425051083
v  -2.87645207e-06 0.0048790006 -0.00109331741
v  0.000268908625 0.00497020967 -0.000474030239
v  0.000351378723 0.00496089272 -0.000515823136
v  0.000427250226 0.00494920416 -0.000568183896
v  0.000495109824 0.00493536144 -0.00063013722
v  0.000553693273 0.00491962209 -0.000700529024
v  0.000601909473 0.00490227947 -0.000778048066
v  0.000638860161 0.00488365674 -0.000861250213
v  0.000663856918 0.00486410083 -0.000948585686
v  0.000676434312 0.00484397588 -0.00103842758
v  0.000676357886 0.00482365722 -0.00112910219
v  0.000663629035 0.00480352249 -0.00121892057
v  0.000638485013 0.00478394749 -0.00130620948
v  0.000601394102 0.00476529635 -0.00138934283
v  0.000553047284 0.00474791694 -0.00146677229
v  0.000494345208 0.00473213289 -0.00153705513
v  0.000426381303 0.00471823849 -0.00159888237
v  0.000350421644 0.00470649172 -0.00165110209
v  0.000267881202 0.00469711237 -0.00169274176
v  0.000180297546 0.0046902746 -0.00172302558
v  8.93022079e-05 0.00468610553 -0.00174138939
v  -3.40974202e-06 0.00468468387 -0.00174749119
v  -9.61112601e-05 0.00468603475 -0.00174121722
v  -0.000187075493 0.00469013443 -0.00172268436
v  -0.000274607941 0.00469690515 -0.00169223803
v  -0.000357078039 0.0047062221 -0.00165044516
v  -0.000432949542 0.00471791066 -0.00159808446
v  -0.00050080911 0.00473175338 -0.00153613114
v  -0.000559392618 0.00474749273 -0.00146573933
v  -0.000607608759 0.00476483535 -0.00138822023
v  -0.000644559448 0.00478345808 -0.00130501809
v  -0.000669556262 0.00480301399 -0.00121768261
v  -0.000682133657 0.00482313894 -0.00112784083
v  -0.000682057173 0.0048434576 -0.0010371661
v  -0.000669328321 0.00486359233 -0.000947347784
v  -0.000644184358 0.00488316733 -0.000860058877
v  -0.000607093447 0.00490181847 -0.000776925415
v  -0.000558746629 0.00491919788 -0.000699496071
v  -0.000500044553 0.00493498193 -0.000629213173
v  -0.000432080618 0.00494887633 -0.000567385985
v  -0.00035612096 0.0049606231 -0.000515166204
v  -0.000273580517 0.00497000245 -0.000473526539
v  -0.000185996876 0.00497684022 -0.000443242781
v  -9.5001531e-05 0.00498100882 -0.000424878934
v  -2.28957947e-06 0.00498243095 -0.00041877717
v  0.000607608759 -0.00476483535 0.00138822023
v  0.000559392618 -0.00474749273 0.00146573933
v  0.00110548839 -0.00452754833 0.00181085733
v  -0.000601909473 -0.00490227947 0.000778048008
v  -0.000553693273 -0.00491962209 0.000700529024
v  -0.00109994877 -0.00486860052 0.000294691155
v  -0.000601394102 -0.00476529635 0.00138934283
v  -0.000638485013 -0.00478394749 0.00130620948
v  -0.00126795273 -0.00459977845 0.00149476936
v  -0.000180297546 -0.0046902746 0.00172302558
v  -0.000267881202 -0.00469711237 0.00169274176
v  -0.000533648708 -0.00442772591 0.00226063374
v  2.87645207e-06 -0.0048790006 0.00109331741
v  0.000682133657 -0.00482313894 0.00112784083
v  0.000682057173 -0.0048434576 0.0010371661
v  0.000644184358 -0.00488316733 0.000860058877
v  0.000607093447 -0.00490181847 0.000776925415
v  0.000669328321 -0.00486359233 0.000947347784
v  0.000500044553 -0.00493498193 0.000629213173
v  0.000432080618 -0.00494887633 0.000567385985
v  0.000558746629 -0.00491919788 0.000699496071
v  -0.000663856918 -0.00486410083 0.000948585686
v  -0.000676434312 -0.00484397588 0.00103842758
v  -0.00198711408 -0.00325022987 0.00323842303
v  -0.0019460608 -1.15756493e-05 0.00460572587
v  -0.00198340043 0.00066675432 0.00454109674
v  -0.00199157675 0.00431916211 0.00154222571
v  -0.00163952843 0.0043736035 0.00178424746
v  -0.00190256874 0.00378024951 -0.00266269478
v  -0.00190318399 0.00264674006 -0.00379112875
v  0.00189412048 0.00264818873 -0.00379465474
v  0.00145110802 0.00259784679 -0.00401814375
v  0.00198711408 0.00325022987 -0.00323842303
v  0.00163506588 0.00319578848 -0.00348044466
v  0.00188150606 -0.000688257918 0.00458107376
v  0.00163099088 -0.00422326336 0.00212224247
v  0.00189965125 -0.00455572736 -0.000797917601
v  0.00145734835 -0.00477182539 -0.000325294648
v  0.00176664488 -0.00313435867 -0.00347199664
v  0.00162598421 -0.00363226444 -0.00302701676
v  0.00164363056 -0.00372742792 0.00289909588
v  0.00199560379 -0.00324871042 0.00323472498
v  0.00164396421 -0.00319453748 0.00347740017
v  0.00190318399 -0.00264674006 0.00379112875
v  0.00146054907 -0.00259673595 0.00401544012
v  0.00163214852 -0.00199374137 0.00428498397
v  0.00177334435 -0.00135360705 0.00447470648
v  0.00195461884 -1.00875905e-05 0.00460210396
v  0.00199132087 0.00066827063 0.00453740638
v  0.00199092808 0.00133418012 0.00438818475
v  0.0019534484 0.00197523646 0.00415722001
v  0.0018795795 0.00257949787 0.00384881417
v  0.00177069765 0.00313570816 0.00346871209
v  0.00162883103 0.00363350613 0.00302399462
v  0.00199114135 0.00432068156 0.00153852755
v  0.00163871516 0.00460999738 0.00103079283
v  0.00189765333 0.00455717603 0.000794391672
v  0.00145430875 0.00477293599 0.000322591077
v  0.00162571436 0.00472688535 0.000116636278
v  0.00176678679 0.0046761441 -0.000110171466
v  0.00187489844 0.00462165754 -0.00035360732
v  0.00194803497 0.00456443988 -0.000609136478
v  0.00198483421 0.00450555747 -0.00087199884
v  0.00198461046 0.00444610743 -0.00113729783
v  0.00194736815 0.00438719708 -0.00140009157
v  0.00162382424 0.00422450528 -0.00212526461
v  0.00176527898 0.00427535409 -0.00189871911
v  0.00187380088 0.00432992401 -0.00165548443
v  0.00145207171 0.00417832378 -0.00233090064
v  0.00189473585 0.00378169818 -0.00266622077
v  0.00163539953 0.00372867892 -0.00290214061
v  0.0016226666 0.00199498306 -0.00428800611
v  0.00176399818 0.00135495653 -0.00447799079
v  0.0018724699 0.000689690001 -0.00458455924
v  0.00187439634 -0.00257806573 -0.00385229988
v  0.00194723124 -0.00197374844 -0.00416084193
v  0.00198379299 -0.00133266381 -0.00439187558
v  0.00198340043 -0.00066675432 -0.00454109674
v  0.0019460608 1.15756475e-05 -0.00460572587
v  -0.00199092808 -0.00133418012 -0.00438818475
v  -0.00199132087 -0.00066827063 -0.00453740638
v  -0.00195461884 1.00875886e-05 -0.00460210396
v  -0.00188150606 0.000688257918 -0.00458107376
v  -0.00177334435 0.00135360705 -0.00447470648
v  -0.00163214852 0.00199374137 -0.00428498397
v  -0.00146054907 0.00259673595 -0.00401544012
v  -0.00164363056 0.00372742792 -0.00289909588
v  -0.00145958539 0.00417721272 -0.00232819724
v  -0.00163099088 0.00422326336 -0.00212224247
v  -0.00177206344 0.0042740046 -0.00189543469
v  -0.00188017508 0.00432849163 -0.00165199873
v  -0.0019533115 0.0043857093 -0.00139646966
v  -0.00199011061 0.00444459124 -0.00113360723
v  -0.0019898871 0.00450404128 -0.000868308183
v  -0.00195264479 0.00456295162 -0.000605514564
v  -0.00162910088 0.0047256439 0.000119658464
v  -0.00177055562 0.00467479462 -0.000106886939
v  -0.00187907752 0.00462022517 -0.000350121642
v  -0.00145734835 0.00477182539 0.000325294648
v  -0.00189965125 0.00455572736 0.000797917601
v  -0.00164031493 0.00460874662 0.00103383744
v  -0.00187439634 0.00257806573 0.00385229988
v  -0.00176664488 0.00313435867 0.00347199664
v  -0.00162598421 0.00363226444 0.00302701676
v  -0.00145503459 0.00406250777 0.00252564927
v  -0.00189804717 0.00401216606 0.00230216025
v  -0.00194723124 0.00197374844 0.00416084193
v  -0.00198379299 0.00133266381 0.00439187558
v  -0.0018724699 -0.000689690001 0.00458455924
v  -0.00163539953 -0.00372867892 0.00290214061
v  -0.00176527898 -0.00427535409 0.00189871911
v  -0.00198461046 -0.00444610743 0.00113729783
v  -0.00198483421 -0.00450555747 0.00087199884
v  -0.00194803497 -0.00456443988 0.000609136478
v  -0.00187489844 -0.00462165754 0.00035360732
v  -0.00176678679 -0.0046761441 0.000110171459
v  -0.00189925742 -0.00401361473 -0.00229863427
v  -0.00162883103 -0.00363350613 -0.00302399462
v  -0.0019534484 -0.00197523646 -0.00415722001
v  -0.0018795795 -0.00257949787 -0.00384881417
v  -0.00177069765 -0.00313570816 -0.00346871209
v  -0.00103097502 -0.00410330156 0.00266458327
v  -0.000697192037 -0.00444630999 0.00217812997
v  -0.000350421644 -0.00470649172 0.00165110209
v  -0.00194736815 -0.00438719708 0.00140009157
v  -0.00131777243 -0.00463856384 0.00132181752
v  -0.000663629035 -0.00480352249 0.00121892057
v  -0.00134299288 -0.00467845798 0.001143854
v  -0.000676357886 -0.00482365722 0.00112910219
v  -0.00134314434 -0.00471871765 0.000964193838
v  -0.00131822389 -0.00475859269 0.000786183693
v  -0.00126869592 -0.00479733991 0.000613139651
v  -0.00145430875 -0.00477293599 -0.000322591077
v  -0.000983873149 -0.00489978585 0.000155218848
v  -0.000495109824 -0.00493536144 0.00063013722
v  0.00134868396 -0.00467743119 0.00114135467
v  0.0013485325 -0.00471769087 0.000961694517
v  0.00132331194 -0.00475758454 0.000783730939
v  0.00127349235 -0.0047963704 0.000610779156
v  0.00120000157 -0.00483332481 0.000446060876
v  0.00110420841 -0.00486775953 0.000292644545
v  0.00098789786 -0.00489903381 0.000153387999
v  0.00145958539 -0.00417721272 0.00232819724
v  0.000989412656 -0.00449636299 0.00195032964
v  0.00050080911 -0.00473175338 0.00153613114
v  -0.00125322049 -0.00413767016 0.00251179677
v  -0.000847696385 -0.00446958421 0.00207466329
v  -0.000426381303 -0.00471823849 0.00159888237
v  -0.000494345208 -0.00473213289 0.00153705513
v  -0.0010986689 -0.00452838885 0.00181290403
v  -0.000982358237 -0.00449711503 0.0019521605
v  -0.00162382424 -0.00422450528 0.00212526461
v  -0.00145207171 -0.00417832378 0.00233090064
v  -0.00189473585 -0.00378169818 0.00266622077
v  -0.00187380088 -0.00432992401 0.00165548443
v  -0.00119446195 -0.00456282403 0.00165948761
v  -0.000553047284 -0.00474791694 0.00146677217
v  -0.00162571436 -0.00472688535 -0.000116636278
v  -0.00119548303 -0.00483423844 0.000448285165
v  -0.000638860161 -0.00488365674 0.000861250213
v  0.00199011061 -0.00444459124 0.00113360723
v  0.0019898871 -0.00450404128 0.000868308183
v  0.00195264479 -0.00456295162 0.000605514564
v  0.00187907752 -0.00462022517 0.000350121642
v  0.00177055562 -0.00467479462 0.000106886939
v  0.00162910088 -0.0047256439 -0.000119658471
v  0.00132376351 -0.00463755615 0.00131936488
v  0.00188017508 -0.00432849163 0.00165199873
v  0.0019533115 -0.0043857093 0.00139646966
v  0.00177206344 -0.0042740046 0.00189543457
v  0.00127423555 -0.00459880847 0.00149240892
v  0.000669556262 -0.00480301399 0.00121768261
v  0.00120102265 -0.00456191041 0.00165726338
v  0.000644559448 -0.00478345808 0.00130501809
v  -0.000427250226 -0.00494920416 0.000568183896
v  -0.000849418051 -0.00492721377 3.24662251e-05
v  -0.00125576288 -0.00481343828 -0.000503856223
v  -0.00163871516 -0.00460999738 -0.00103079283
v  -0.00189765333 -0.00455717603 -0.000794391672
v  0.00085323595 -0.00492656417 3.08852614e-05
v  0.00125849713 -0.00481247902 -0.000506190816
v  0.00164031493 -0.00460874662 -0.00103383744
v  0.00199157675 -0.00431916211 -0.00154222571
v  0.00190256874 -0.00378024951 0.00266269478
v  0.00126103952 -0.00413671089 0.00250946241
v  0.000854957616 -0.00446893508 0.00207308237
v  0.000432949542 -0.00471791066 0.00159808446
v  -0.00189412048 -0.00264818873 0.00379465474
v  -0.00163506588 -0.00319578848 0.00348044466
v  -0.00134555297 -0.00368385646 0.00310140057
v  -0.000351378723 -0.00496089272 0.000515823136
v  -0.000699088385 -0.00495037343 -7.12798646e-05
v  -0.00103377539 -0.00484763691 -0.000657055178
v  -0.00134920503 -0.00465459889 -0.00123059086
v  -0.00163950166 -0.00437485427 -0.00178120285
v  -0.00199114135 -0.00432068156 -0.00153852755
v  -0.00145662238 -0.00406361884 -0.00252294564
v  -0.00125727965 -0.00441803364 -0.00197489909
v  -0.00103451603 -0.00469014887 -0.00139006379
v  -0.000792481471 -0.00487489579 -0.000779334223
v  -0.000535684405 -0.00496883318 -0.000154087087
v  -0.000268908625 -0.00497020967 0.000474030239
v  0.00035612096 -0.0049606231 0.000515166204
v  0.000702731602 -0.00494983839 -7.25814971e-05
v  0.00103625166 -0.00484684762 -0.000658977253
v  0.00135046837 -0.00465356885 -0.00123309752
v  0.00163952843 -0.0043736035 -0.00178424746
v  0.00189804717 -0.00401216606 -0.00230216025
v  0.000357078039 -0.0047062221 0.00165044516
v  0.00070462795 -0.00444577541 0.00217682845
v  0.00103905203 -0.0041025118 0.00266266125
v  0.00135412044 -0.00368282665 0.00309889391
v  -0.000789475394 -0.00407585874 0.002786414
v  -0.00103059562 -0.00364806619 0.00326028909
v  -0.0012525178 -0.00315231737 0.003673431
v  -0.00145110802 -0.00259784679 0.00401814375
v  -0.0016226666 -0.00199498306 0.00428800611
v  -0.00176399818 -0.00135495653 0.00447799079
v  0.000273580517 -0.00497000245 0.00047352651
v  0.000539188273 -0.00496842293 -0.00015508513
v  0.000794752035 -0.00487429043 -0.000780807983
v  0.00103551103 -0.00468935911 -0.00139198592
v  0.00125698047 -0.00441707438 -0.00197723368
v  0.00145503459 -0.00406250777 -0.00252564927
v  0.000274607941 -0.00469690515 0.00169223803
v  0.000541224028 -0.00442731567 0.0022596356
v  0.000797758112 -0.00407525292 0.00278494018
v  0.00103943143 -0.00364727643 0.00325836684
v  0.0012617422 -0.00315135811 0.00367109641
v  -8.93022079e-05 -0.00468610553 0.00174138939
v  3.40974202e-06 -0.00468468387 0.00174749119
v  -0.000179817347 -0.0044059176 0.0023570226
v  3.87951513e-06 -0.00440310035 0.00236911257
v  -0.000266982795 -0.00404365547 0.00292874896
v  4.27701934e-06 -0.00403949479 0.00294660171
v  -0.000349174894 -0.0036060675 0.00344591821
v  4.59485136e-06 -0.00360064139 0.00346920127
v  -0.000424862519 -0.00310130557 0.00389889674
v  4.82709038e-06 -0.0030947153 0.00392717635
v  -0.000492635765 -0.00253877207 0.00427924609
v  4.96940947e-06 -0.00253114011 0.00431199558
v  -0.000551232079 -0.00192894635 0.00457988074
v  5.01915747e-06 -0.00192041474 0.0046164901
v  -0.000599560037 -0.00128318742 0.00479520159
v  4.9754085e-06 -0.00127391529 0.00483498862
v  -0.0006367194 -0.000613525684 0.00492119649
v  4.83897747e-06 -0.000603685621 0.00496342033
v  -0.00066201773 6.75651609e-05 0.00495551899
v  4.61240461e-06 7.7789693e-05 0.00499939267
v  -0.000674984069 0.000747397309 0.00489752926
v  4.29991178e-06 0.000757815957 0.004942236
v  -0.000675376679 0.00141330692 0.0047483081
v  3.90731975e-06 0.00142372551 0.00479301484
v  -0.000663188228 0.00205288921 0.00451063458
v  3.44194154e-06 0.00206311373 0.00455450872
v  -0.000638645899 0.00265423022 0.00418893714
v  2.91244692e-06 0.00266407011 0.00423116097
v  -0.000602206739 0.00320612779 0.00378920743
v  2.32869843e-06 0.0032153998 0.00382899446
v  -0.000554549682 0.00369830127 0.00331889163
v  1.70157068e-06 0.00370683288 0.00335550075
v  -0.000496562396 0.00412158249 0.0027867516
v  1.04274636e-06 0.00412921468 0.0028195011
v  -0.000360112957 -0.0044141775 0.002320637
v  -0.000533220125 -0.00405585254 0.00287501933
v  -0.000696394418 -0.00362197449 0.0033758455
v  -0.000846596202 -0.00312062632 0.00381378643
v  -0.000981027493 -0.00256114663 0.00418068329
v  -0.00109718402 -0.00195395784 0.00446970202
v  -0.00119290233 -0.00131037005 0.00467545865
v  -0.00126639893 -0.000642372877 0.00479412032
v  -0.0013163049 3.75906275e-05 0.00482347701
v  -0.00134169066 0.00071685377 0.00476298062
v  -0.00134208333 0.00138276326 0.00461375946
v  -0.00131747534 0.00202291459 0.00437859306
v  -0.00126832537 0.00262538297 0.00406186096
v  -0.00119554903 0.00317894504 0.00366946426
v  -0.00110050163 0.0036732899 0.00320871267
v  -0.000984954182 0.00409920793 0.0026881888
v  -0.000181376177 -0.00497698039 0.000443583907
v  -0.00036225011 -0.00498224888 -0.000214412648
v  -0.00053637597 -0.00489470689 -0.000868415285
v  -0.000700510223 -0.00471598562 -0.00150624081
v  -0.00085159525 -0.00444941502 -0.0021160082
v  -0.000986816711 -0.00409995997 -0.00268635806
v  -0.00110365555 -0.00367413065 -0.00320666586
v  -0.00119993556 -0.0031798589 -0.00366724003
v  -0.0012738629 -0.00262635271 -0.00405950053
v  -0.00132406061 -0.00202392228 -0.00437613996
v  -0.00134959363 -0.00138379016 -0.00461126026
v  -0.00134998618 -0.000717880612 -0.00476048142
v  -0.00132523105 -3.85983403e-05 -0.0048210239
v  -0.00127578934 0.000641403079 -0.00479175989
v  -0.00120258227 0.00130945619 -0.00467323419
v  -0.00110697316 0.00195311697 -0.00446765544
v  -0.0009907434 0.00256039435 -0.00417885231
v  -9.0411937e-05 -0.0049810796 0.000425051083
v  -0.000182016127 -0.00499037094 -0.000251133053
v  -0.000270229706 -0.00490670046 -0.000922639156
v  -0.000353409385 -0.00473162811 -0.00157695811
v  -0.000430005748 -0.004468414 -0.00220190152
v  -0.000498591922 -0.004121962 -0.0027858275
v  -0.00055789022 -0.00369872572 -0.00331785856
v  -0.000606796122 -0.00320658903 -0.00378808496
v  -0.00064439862 -0.00265471963 -0.00418774551
v  -0.000669997069 -0.00205339771 -0.00450939685
v  -0.000683114864 -0.0014138252 -0.00474704662
v  -0.000683507416 -0.00074791559 -0.00489626778
v  -0.000671167509 -6.80737576e-05 -0.0049542808
v  -0.000646325119 0.000613036216 -0.00492000487
v  -0.000609442824 0.00128272618 -0.00479407888
v  -0.000561207824 0.0019285219 -0.0045788479
v  -0.000502518553 0.00253839255 -0.00427832175
v  2.28957947e-06 -0.00498243095 0.000418777141
v  1.66005634e-06 -0.0049930485 -0.000263564027
v  9.99609256e-07 -0.00491065439 -0.000940995582
v  3.20541488e-07 -0.00473678391 -0.0016008981
v  -3.64497254e-07 -0.00447467668 -0.00223097904
v  -1.04274636e-06 -0.00412921468 -0.0028195011
v  -1.70157068e-06 -0.00370683288 -0.00335550075
v  -2.32869843e-06 -0.0032153998 -0.00382899446
v  -2.91244692e-06 -0.00266407011 -0.00423116097
v  -3.44194154e-06 -0.00206311373 -0.00455450872
v  -3.90731975e-06 -0.00142372551 -0.00479301484
v  -4.29991178e-06 -0.000757815957 -0.004942236
v  -4.61240461e-06 -7.7789693e-05 -0.00499939267
v  -4.83897747e-06 0.000603685621 -0.00496342033
v  -4.9754085e-06 0.00127391529 -0.00483498862
v  -5.01915747e-06 0.00192041474 -0.0046164901
v  -4.96940947e-06 0.00253114011 -0.00431199558
v  9.5001531e-05 -0.00498100882 0.000424878934
v  0.000185356912 -0.00499023078 -0.000251474179
v  0.000272259436 -0.0049064937 -0.000923142885
v  0.000354090298 -0.00473135803 -0.00157761504
v  0.000429325097 -0.00446808618 -0.00220269943
v  0.000496562396 -0.00412158249 -0.0027867516
v  0.000554549682 -0.00369830127 -0.00331889163
v  0.000602206739 -0.00320612779 -0.00378920743
v  0.000638645899 -0.00265423022 -0.00418893714
v  0.000663188228 -0.00205288921 -0.00451063458
v  0.000675376679 -0.00141330692 -0.0047483081
v  0.000674984069 -0.000747397367 -0.00489752926
v  0.00066201773 -6.75651609e-05 -0.00495551899
v  0.0006367194 0.000613525684 -0.00492119649
v  0.000599560037 0.00128318742 -0.00479520159
v  0.000551232079 0.00192894635 -0.00457988074
v  0.000492635765 0.00253877207 -0.00427924609
v  0.000185996876 -0.00497684022 0.000443242781
v  0.000365652522 -0.00498197135 -0.000215088527
v  0.000538496708 -0.00489429664 -0.000869413372
v  0.000701309764 -0.00471545104 -0.00150754245
v  0.00085105875 -0.00444876542 -0.00211758912
v  0.000984954182 -0.00409920793 -0.0026881888
v  0.00110050163 -0.0036732899 -0.00320871267
v  0.00119554903 -0.00317894504 -0.00366946426
v  0.00126832537 -0.00262538297 -0.00406186096
v  0.00131747534 -0.00202291459 -0.00437859306
v  0.00134208333 -0.00138276326 -0.00461375946
v  0.00134169066 -0.00071685377 -0.00476298062
v  0.0013163049 -3.75906311e-05 -0.00482347701
v  0.00126639893 0.000642372877 -0.00479412032
v  0.00119290233 0.00131037005 -0.00467545865
v  0.00109718402 0.00195395784 -0.00446970202
v  0.000981027493 0.00256114663 -0.00418068329
v  -0.00125698047 0.00441707438 0.00197723368
v  -0.00085105875 0.00444876542 0.00211758912
v  -0.000429325097 0.00446808618 0.00220269943
v  3.64497254e-07 0.00447467668 0.00223097904
v  0.0012525178 0.00315231737 -0.003673431
v  0.000846596202 0.00312062632 -0.00381378643
v  0.000424862519 0.00310130557 -0.00389889674
v  -4.82709038e-06 0.0030947153 -0.00392717635
v  -0.000434468326 0.00310097774 -0.00389809883
v  -0.000856057857 0.00311997673 -0.00381220551
v  -0.0012617422 0.00315135811 -0.00367109641
v  -0.00164396421 0.00319453748 -0.00347740017
v  -0.00199560379 0.00324871042 -0.00323472498
v  -0.00135046837 0.00465356885 0.00123309752
v  -0.00103551103 0.00468935911 0.00139198592
v  -0.000701309764 0.00471545104 0.00150754245
v  -0.000354090298 0.00473135803 0.00157761504
v  -3.20541488e-07 0.00473678391 0.0016008981
v  0.00134555297 0.00368385646 -0.00310140057
v  0.00103059562 0.00364806619 -0.00326028909
v  0.000696394418 0.00362197449 -0.0033758455
v  0.000349174894 0.0036060675 -0.00344591821
v  -4.59485136e-06 0.00360064139 -0.00346920127
v  -0.000358324789 0.00360579765 -0.00344526116
v  -0.000705425569 0.00362143968 -0.00337454397
v  -0.00103943143 0.00364727643 -0.00325836684
v  -0.00135412044 0.00368282665 -0.00309889391
v  -0.00125849713 0.00481247902 0.000506190816
v  -0.00103625166 0.00484684762 0.000658977253
v  -0.000794752035 0.00487429043 0.000780807983
v  -0.000538496708 0.00489429664 0.000869413372
v  -0.000272259436 0.0049064937 0.000923142885
v  -9.99609256e-07 0.00491065439 0.000940995582
v  0.00125322049 0.00413767016 -0.00251179677
v  0.00103097502 0.00410330156 -0.00266458327
v  0.000789475394 0.00407585874 -0.002786414
v  0.000533220125 0.00405585254 -0.00287501933
v  0.000266982795 0.00404365547 -0.00292874896
v  -4.27701934e-06 0.00403949479 -0.00294660171
v  -0.000275506318 0.00404344825 -0.00292824535
v  -0.000541652611 0.00405544229 -0.00287402142
v  -0.000797758112 0.00407525292 -0.00278494041
v  -0.00103905203 0.0041025118 -0.00266266125
v  -0.00126103952 0.00413671089 -0.00250946241
v  0.00125576288 0.00481343828 0.000503856223
v  0.00189925742 0.00401361473 0.00229863427
v  0.00163950166 0.00437485427 0.00178120274
v  0.00134920503 0.00465459889 0.00123059086
v  0.00103377539 0.00484763691 0.000657055178
v  0.00145662238 0.00406361884 0.00252294564
v  0.00125727965 0.00441803364 0.00197489909
v  0.00103451603 0.00469014887 0.00139006379
v  0.000792481471 0.00487489579 0.000779334223
v  0.000187075493 -0.00469013443 0.00172268436
v  0.000367789675 -0.00441389997 0.00231996109
v  0.000541652611 -0.00405544229 0.00287402142
v  0.000705425569 -0.00362143968 0.00337454397
v  0.000856057857 -0.00311997673 0.00381220551
v  0.0009907434 -0.00256039435 0.00417885231
v  0.00110697316 -0.00195311697 0.00446765544
v  0.00120258227 -0.00130945619 0.00467323419
v  0.00127578934 -0.000641403079 0.00479175989
v  0.00132523105 3.85983403e-05 0.0048210239
v  0.00134998618 0.000717880612 0.00476048142
v  0.00134959363 0.00138379016 0.00461126026
v  0.00132406061 0.00202392228 0.00437613996
v  0.0012738629 0.00262635271 0.00405950053
v  0.00119993556 0.0031798589 0.00366724003
v  0.00110365555 0.00367413065 0.00320666586
v  0.000986816711 0.00409995997 0.00268635806
v  0.00085159525 0.00444941502 0.0021160082
v  0.000700510223 0.00471598562 0.00150624081
v  0.00053637597 0.00489470689 0.000868415285
v  9.61112601e-05 -0.00468603475 0.00174121722
v  0.000187555706 -0.00440577744 0.00235668151
v  0.000275506318 -0.00404344825 0.00292824535
v  0.000358324789 -0.00360579765 0.00344526116
v  0.000434468326 -0.00310097774 0.00389809883
v  0.000502518553 -0.00253839255 0.00427832175
v  0.000561207824 -0.0019285219 0.0045788479
v  0.000609442824 -0.00128272618 0.00479407888
v  0.000646325119 -0.000613036216 0.00492000487
v  0.000671167509 6.80737576e-05 0.0049542808
v  0.000683507416 0.00074791559 0.00489626778
v  0.000683114864 0.0014138252 0.00474704662
v  0.000669997069 0.00205339771 0.00450939685
v  0.00064439862 0.00265471963 0.00418774551
v  0.000606796122 0.00320658903 0.00378808496
v  0.00055789022 0.00369872572 0.00331785856
v  0.000498591922 0.004121962 0.0027858275
v  0.000430005748 0.004468414 0.00220190152
v  0.000353409385 0.00473162811 0.00157695811
v  0.000270229706 0.00490670046 0.000922639156
v  0.000182016127 0.00499037094 0.000251133053
v  0.00036225011 0.00498224888 0.000214412648
v  0.000535684405 0.00496883318 0.000154087073
v  0.000699088385 0.00495037343 7.12798646e-05
v  0.000849418051 0.00492721377 -3.24662324e-05
v  0.000983873149 0.00489978585 -0.000155218862
v  0.00109994877 0.00486860052 -0.000294691185
v  0.00119548303 0.00483423844 -0.000448285165
v  0.00126869592 0.00479733991 -0.000613139651
v  0.00131822389 0.00475859269 -0.000786183693
v  0.00134314434 0.00471871765 -0.000964193838
v  0.00134299288 0.00467845798 -0.001143854
v  0.00131777243 0.00463856384 -0.00132181763
v  0.00126795273 0.00459977845 -0.00149476936
v  0.00119446195 0.00456282403 -0.00165948761
v  0.0010986689 0.00452838885 -0.00181290403
v  0.000982358237 0.00449711503 -0.0019521605
v  0.000847696385 0.00446958421 -0.00207466329
v  0.000697192037 0.00444630999 -0.00217812997
v  0.000533648708 0.00442772591 -0.00226063374
v  0.000360112957 0.0044141775 -0.002320637
v  0.000179817347 0.0044059176 -0.0023570226
v  -3.87951513e-06 0.00440310035 -0.00236911257
v  -0.000187555706 0.00440577744 -0.00235668151
v  -0.000367789675 0.00441389997 -0.00231996109
v  -0.000541224028 0.00442731567 -0.0022596356
v  -0.00070462795 0.00444577541 -0.00217682845
v  -0.000854957616 0.00446893508 -0.00207308237
v  -0.000989412656 0.00449636299 -0.00195032964
v  -0.00110548839 0.00452754833 -0.00181085733
v  -0.00120102265 0.00456191041 -0.00165726338
v  -0.00127423555 0.00459880847 -0.00149240892
v  -0.00132376351 0.00463755615 -0.00131936488
v  -0.00134868396 0.00467743119 -0.00114135467
v  -0.0013485325 0.00471769087 -0.000961694517
v  -0.00132331194 0.00475758454 -0.000783730939
v  -0.00127349235 0.0047963704 -0.000610779156
v  -0.00120000157 0.00483332481 -0.000446060876
v  -0.00110420841 0.00486775953 -0.000292644545
v  -0.00098789786 0.00489903381 -0.000153388013
v  -0.00085323595 0.00492656417 -3.08852686e-05
v  -0.000702731602 0.00494983839 7.25814898e-05
v  -0.000539188273 0.00496842293 0.00015508513
v  -0.000365652522 0.00498197135 0.000215088527
v  -0.000185356912 0.00499023078 0.00025147415
v  -1.66005634e-06 0.0049930485 0.000263564027

# 0 UV coordinates

# 1208 vertex normals
vn 0.000867338444 0.137335777 0.990524173
vn 0.00093869376 -0.0275719445 0.999619365
vn 0.000984444167 -0.191727936 0.981447637
vn 0.0010033414 -0.350653976 0.936504543
vn 0.000994870206 -0.50001508 0.86601615
vn 0.000959261495 -0.6357373 0.771904886
vn 0.000897486752 -0.754117966 0.656738341
vn 0.000811230741 -0.851928532 0.523657441
vn 0.000702846271 -0.926500738 0.376292288
vn 0.000575290469 -0.975800157 0.218663484
vn 0.000432042289 -0.998482406 0.0550701283
vn 0.000277008483 -0.993928671 -0.110026084
vn 0.000114418843 -0.962263107 -0.272120833
vn -5.12914776e-05 -0.904349625 -0.426792473
vn -0.000215603111 -0.821767628 -0.569822669
vn -0.000374033349 -0.716770172 -0.697309375
vn -0.00052226102 -0.592221081 -0.805775344
vn -0.000656242832 -0.451517642 -0.892261982
vn -0.000772323867 -0.298498333 -0.954409838
vn -0.000867338444 -0.137335777 -0.990524173
vn -0.00093869376 0.0275719445 -0.999619365
vn -0.000984444167 0.191727936 -0.981447637
vn -0.0010033414 0.350653976 -0.936504543
vn -0.000994870206 0.50001508 -0.86601615
vn -0.000959261495 0.6357373 -0.771904886
vn -0.000897486752 0.754117966 -0.656738341
vn -0.000811230741 0.851928532 -0.523657441
vn -0.000702846271 0.926500738 -0.376292288
vn -0.000575290469 0.975800157 -0.218663484
vn -0.000432042289 0.998482406 -0.0550701283
vn -0.000277008483 0.993928671 0.110026084
vn -0.000114418843 0.962263107 0.272120833
vn 5.12914776e-05 0.904349625 0.426792473
vn 0.000215603111 0.821767628 0.569822669
vn 0.000374033349 0.716770172 0.697309375
vn 0.00052226102 0.592221081 0.805775344
vn 0.000656242832 0.451517642 0.892261982
vn 0.000772323867 0.298498333 0.954409838
vn -0.999999523 -0.00038148684 0.000928528374
vn 0.999999523 0.00038148684 -0.000928528374
vn -0.0133977942 -0.988164067 0.152814433
vn -0.0223852042 -0.987616777 0.155280575
vn -0.0309450272 -0.98680675 0.158917889
vn -0.0389176235 -0.985749125 0.163658589
vn -0.0461546071 -0.984463573 0.169414401
vn -0.0525211357 -0.982974052 0.176078111
vn -0.057898581 -0.981308401 0.183525532
vn -0.062186785 -0.979497492 0.191617936
vn -0.065305911 -0.977575183 0.200204715
vn -0.0671977922 -0.975577235 0.209125668
vn -0.0678272247 -0.973540843 0.218214855
vn -0.0671824664 -0.971503973 0.227302864
vn -0.0652755499 -0.969504535 0.2362203
vn -0.0621419512 -0.967579842 0.244801268
vn -0.0578401089 -0.965765655 0.252885699
vn -0.0524501167 -0.964095891 0.260323137
vn -0.0460723601 -0.962601542 0.266974986
vn -0.0388256833 -0.961310446 0.272717357
vn -0.0308451056 -0.960246742 0.27744323
vn -0.0222791638 -0.959430218 0.281064659
vn -0.0132876085 -0.958876014 0.283514112
vn -0.00403777882 -0.958594501 0.284745961
vn 0.00529794209 -0.958590925 0.284737289
vn 0.01454568 -0.958865404 0.283488274
vn 0.0235330909 -0.959412694 0.281022131
vn 0.032092914 -0.960222721 0.277384788
vn 0.0400655121 -0.961280346 0.272644103
vn 0.047302492 -0.962565899 0.266888291
vn 0.0536690243 -0.964055419 0.260224581
vn 0.0590464696 -0.965721071 0.252777159
vn 0.0633346736 -0.967531979 0.244684756
vn 0.0664537996 -0.969454288 0.236097991
vn 0.0683456734 -0.971452236 0.227177024
vn 0.0689751059 -0.973488629 0.218087837
vn 0.0683303475 -0.975525498 0.208999828
vn 0.0664234385 -0.977524936 0.200082392
vn 0.063289836 -0.97944963 0.191501439
vn 0.0589879937 -0.981263816 0.183416992
vn 0.0535980016 -0.982933581 0.17597957
vn 0.047220245 -0.984427929 0.169327706
vn 0.0399735719 -0.985719025 0.163585335
vn 0.0319929905 -0.98678273 0.158859462
vn 0.0234270487 -0.987599254 0.155238032
vn 0.0144354943 -0.988153458 0.152788594
vn 0.0051856651 -0.98843497 0.15155673
vn -0.00415005581 -0.988438547 0.151565403
vn -0.174875975 0.932064295 -0.317292452
vn 0.173749566 0.978531659 -0.110845998
vn 0.186399519 0.937605381 -0.293515444
vn 0.0675643235 0.913310468 -0.401620477
vn -0.0590464696 0.965721071 -0.252777159
vn -0.0689751059 0.973488629 -0.218087837
vn -0.063289836 0.97944963 -0.191501439
vn -0.0664234385 0.977524936 -0.200082392
vn -0.0683303475 0.975525498 -0.208999828
vn -0.047220245 0.984427929 -0.169327706
vn -0.0535980016 0.982933581 -0.17597957
vn -0.0589879937 0.981263816 -0.183416992
vn 0.057898581 0.981308401 -0.183525532
vn 0.0671977922 0.975577235 -0.209125668
vn 0.0621419512 0.967579842 -0.244801268
vn 0.0222791638 0.959430218 -0.281064659
vn 0.952795863 0.216042176 -0.213320836
vn 0.0437216535 -0.092371285 -0.994764268
vn 0.789794981 -0.133678436 -0.598626733
vn 0.375539392 -0.856721818 -0.353550434
vn 0.409905463 -0.7463094 0.524404168
vn 0.544079959 -0.467097074 0.696991622
vn -0.350391895 -0.481900811 0.803117156
vn -0.374666244 -0.624341309 0.685436428
vn -0.393040568 0.108873397 -0.913052976
vn -0.318514556 0.802986801 -0.503746629
vn -0.338427633 0.934475422 0.110555142
vn -0.492684186 0.846055448 0.203598782
vn -0.339331567 0.678312063 0.651726067
vn -0.35486123 0.697431803 -0.622625411
vn -0.33783868 0.583029211 -0.738878846
vn -0.335538328 0.462369114 -0.820748925
vn -0.405014843 0.340790361 -0.848424971
vn -0.357569188 0.361395866 -0.861125588
vn -0.377526075 0.205709606 -0.90286082
vn -0.368702531 0.202918053 -0.907128811
vn -0.378616691 0.269954473 -0.885310113
vn -0.234669358 0.0422707088 -0.971155763
vn -0.388486892 0.0703736469 -0.918763041
vn -0.400594741 -0.0530667789 -0.914717317
vn -0.0454984196 -0.0924053267 -0.994681418
vn -0.790803075 -0.134281412 -0.597159088
vn -0.0453518853 -0.34095636 -0.938984513
vn -0.400423914 -0.342807531 -0.849790394
vn -0.391762495 -0.42877835 -0.814046204
vn -0.275783181 -0.463501692 -0.842086613
vn -0.392688364 -0.488542944 -0.77918011
vn -0.377067715 -0.571752012 -0.728642285
vn -0.368246228 -0.571038842 -0.733695686
vn -0.386426628 -0.673280895 -0.630370736
vn -0.38118872 -0.672597051 -0.634277821
vn -0.953059375 -0.286073238 -0.099196665
vn -0.353921294 -0.896837592 -0.265371442
vn -0.365256399 -0.908474922 -0.203128174
vn -0.363818109 -0.91083324 -0.194985211
vn -0.408935338 -0.899187684 -0.155670777
vn -0.345798373 -0.935000181 -0.0787282363
vn -0.383331209 -0.923059106 -0.0319223925
vn -0.318726659 -0.945756674 -0.0629099235
vn -0.404254645 -0.914301693 0.0251107924
vn -0.374680758 -0.927001476 0.0168121699
vn -0.393338323 -0.914754033 0.0922498554
vn -0.474974632 -0.873715699 0.104976214
vn -0.339581877 -0.926854193 0.16007942
vn -0.594775617 -0.784330606 0.176259592
vn -0.339504957 -0.906412005 0.251303911
vn -0.474828184 -0.834791303 0.278678417
vn -0.363079756 -0.834702313 0.414059311
vn -0.396015257 -0.837150633 0.377293944
vn -0.379884541 -0.851853073 0.360602409
vn -0.393156797 -0.866503716 0.307569593
vn -0.35145852 -0.806895912 0.474758834
vn -0.316965789 -0.803229213 0.504336715
vn -0.359041214 -0.815519452 0.453891456
vn -0.352296114 -0.738517523 0.574873328
vn -0.365492493 -0.737754166 0.567568541
vn -0.333660692 -0.462624401 0.821370304
vn -0.403178453 -0.341098666 0.849175394
vn -0.355693579 -0.361667961 0.861787915
vn -0.375691682 -0.205996946 0.903560162
vn -0.366862357 -0.203198656 0.907811821
vn -0.376765877 -0.270242631 0.886011481
vn -0.367024928 0.659057558 0.656457007
vn -0.386642814 0.584204674 0.713591099
vn -0.334036231 0.575184286 0.746714711
vn -0.468192428 0.44215703 0.765044451
vn -0.529634953 0.435475826 0.727906346
vn -0.278782815 0.337311834 0.899166763
vn -0.393612146 0.331452847 0.857443035
vn -0.399505019 0.23344329 0.886510015
vn 0.496246517 0.190118223 0.847109437
vn -0.622906744 0.131849125 0.771105051
vn -0.0437216535 0.092371285 0.994764268
vn -0.398935735 0.0527617708 0.915459692
vn -0.386726201 -0.0706693828 0.919482827
vn -0.232833132 -0.0424490534 0.971589863
vn -0.391261131 -0.109172598 0.913781226
vn -0.494817466 0.189740136 0.848029673
vn 0.624236822 0.132324889 0.769947052
vn 0.0454984196 0.0924053267 0.994681418
vn 0.400594741 0.0530667789 0.914717317
vn 0.392038822 -0.0399461389 0.919080973
vn 0.276091516 -0.0595131069 0.959287047
vn 0.393040568 -0.108873397 0.913052976
vn 0.378179669 -0.202083379 0.903406024
vn 0.369022787 -0.204916909 0.906549096
vn 0.378616691 -0.269954473 0.885310113
vn 0.363467604 -0.337521166 0.868314922
vn 0.397458076 -0.355101436 0.846126497
vn 0.335538328 -0.462369114 0.820748925
vn 0.352250308 -0.481632739 0.802464724
vn 0.364791423 -0.740114808 0.564940095
vn 0.346828103 -0.81160289 0.470118105
vn 0.3843593 -0.820735693 0.422682971
vn 0.319772452 -0.82811147 0.460409552
vn 0.405287236 -0.837130785 0.367361307
vn 0.375725508 -0.845107913 0.38029331
vn 0.394388288 -0.866203249 0.306838334
vn 0.475981683 -0.834428608 0.277795583
vn 0.340662539 -0.906152546 0.25067234
vn 0.595700145 -0.783876479 0.175154194
vn 0.340585619 -0.926594734 0.159447864
vn 0.475835234 -0.873352945 0.104093358
vn 0.364120841 -0.931170881 -0.0183512494
vn 0.397049814 -0.917658746 0.0159348659
vn 0.380931437 -0.923850298 0.0373084471
vn 0.394206762 -0.914453566 0.0915186033
vn 0.35248366 -0.931939721 -0.0851095244
vn 0.317994267 -0.941284597 -0.113414988
vn 0.360070795 -0.930825055 -0.0625595003
vn 0.353269666 -0.912822545 -0.204830602
vn 0.366463333 -0.909000099 -0.198553428
vn 0.391613334 -0.488243729 -0.779908359
vn 0.376801461 -0.568418145 -0.731383264
vn 0.367640585 -0.572318673 -0.733001828
vn 0.385441095 -0.670820475 -0.633589029
vn 0.380064517 -0.673742235 -0.633736789
vn 0.355828434 -0.740859449 -0.569660783
vn 0.334386528 -0.768524528 -0.545486689
vn 0.351134777 -0.778149366 -0.520757139
vn 0.233125091 -0.452748179 -0.860622883
vn 0.387036622 -0.455860734 -0.801494598
vn 0.399106562 -0.342502505 -0.85053277
vn 0.0438681878 -0.340922326 -0.939067364
vn 0.274264097 0.0597230606 -0.959798098
vn 0.390300781 0.0402445905 -0.919807434
vn 0.398935735 -0.0527617708 -0.915459692
vn 0.364602953 0.734784245 -0.571976244
vn 0.318284988 0.828354895 -0.461001992
vn 0.594775617 0.784330606 -0.176259592
vn 0.339581877 0.926854193 -0.16007942
vn 0.474974632 0.873715699 -0.104976214
vn 0.393338323 0.914754033 -0.0922498554
vn 0.380156487 0.924140632 -0.0380151384
vn 0.39631927 0.917961359 -0.0166715328
vn 0.393972337 0.795914292 0.459680587
vn 0.351692766 0.851703465 0.388475776
vn 0.330734223 0.669091344 0.665531099
vn 0.400972396 0.233748659 0.885766745
vn 0.395668596 0.322997391 0.859720349
vn 0.284974545 0.339607894 0.896357059
vn 0.513630033 0.430006117 0.742481589
vn 0.465395927 0.446841449 0.76402837
vn 0.300449729 0.604680777 0.737625301
vn 0.390740603 0.57027781 0.722568333
vn 0.362535387 0.676238596 0.641302884
vn 0.153599069 0.854124725 -0.496868491
vn 0.0931002796 0.915744722 -0.390824646
vn 0.0931003019 0.915744722 -0.390824616
vn 0.0308451056 0.960246742 -0.27744323
vn 0.322513938 0.899543226 -0.294629902
vn 0.195741087 0.943343222 -0.26793474
vn 0.195741087 0.943343222 -0.26793468
vn 0.0652755499 0.969504535 -0.2362203
vn 0.203347906 0.955375791 -0.214258566
vn 0.201471508 0.961446464 -0.187162757
vn 0.201471493 0.961446464 -0.187162727
vn 0.195831597 0.967402577 -0.160568342
vn 0.259941161 0.965624332 0.00042626416
vn 0.157718837 0.983497322 -0.0886444449
vn 0.0525211357 0.982974052 -0.176078111
vn -0.204474315 0.955220222 -0.213879883
vn -0.202552214 0.961292386 -0.186787575
vn -0.202552214 0.961292326 -0.186787605
vn -0.196867496 0.967252791 -0.16020377
vn -0.196867496 0.967252791 -0.160203695
vn -0.187525928 0.972990572 -0.134623006
vn -0.187525958 0.972990572 -0.134623155
vn -0.174701646 0.97839874 -0.110522456
vn -0.174701616 0.97839874 -0.110522382
vn -0.158633515 0.983376622 -0.0883507058
vn -0.158633515 0.983376622 -0.0883506984
vn -0.139620766 0.987831414 -0.0685207695
vn -0.261025041 0.872809768 -0.412394226
vn -0.158845246 0.927098691 -0.33949402
vn -0.0536690243 0.964055419 -0.260224581
vn 0.264978409 0.78373301 -0.561737478
vn 0.192751646 0.859343231 -0.473683417
vn 0.192751586 0.859343231 -0.473683476
vn 0.11689122 0.918915749 -0.376736313
vn 0.11689125 0.918915808 -0.376736283
vn 0.0388256833 0.961310446 -0.272717357
vn 0.157507122 0.927219391 -0.339787751
vn 0.259592742 0.87300837 -0.412877649
vn 0.259592742 0.87300843 -0.412877649
vn 0.408361375 0.746621609 -0.525163949
vn 0.338698357 0.798612177 -0.497495741
vn 0.336870551 0.79739058 -0.50068599
vn 0.345335156 0.811866939 -0.470760822
vn 0.382947356 0.821028411 -0.423395455
vn 0.286035866 0.881200373 -0.376389891
vn 0.374373734 0.845394015 -0.38098982
vn 0.403965473 0.837439477 -0.368112713
vn 0.307140678 0.890100598 -0.336727738
vn 0.286035866 0.881200373 -0.376389951
vn 0.173575208 0.932197213 -0.317616075
vn 0.0524501167 0.964095891 -0.260323137
vn 0.335032463 0.919345081 -0.20629558
vn 0.331944495 0.929335535 -0.161704421
vn 0.331944436 0.929335594 -0.161704302
vn 0.32266292 0.939137518 -0.117938168
vn 0.32266289 0.939137518 -0.117938139
vn 0.30736059 0.948568404 -0.075811848
vn 0.0678272247 0.973540843 -0.218214855
vn 0.339504957 0.906412005 -0.251303911
vn 0.331869274 0.909352243 -0.250880927
vn 0.331869304 0.909352243 -0.250881046
vn 0.201425806 0.949303627 -0.241350845
vn 0.201425821 0.949303627 -0.241350889
vn 0.0671824664 0.971503973 -0.227302864
vn 0.357891649 0.930532098 0.0776114687
vn 0.363443732 0.93144846 0.0176756848
vn 0.286322773 0.957452536 -0.036110539
vn 0.307360739 0.948568344 -0.0758119822
vn 0.186533228 0.973133266 -0.134970471
vn 0.195831627 0.967402577 -0.160568401
vn 0.065305911 0.977575183 -0.200204715
vn -0.336116344 0.919089019 -0.205672398
vn -0.332953185 0.929081917 -0.161086902
vn -0.332953155 0.929081917 -0.161087051
vn -0.323597819 0.938890934 -0.117338061
vn -0.323597819 0.938890934 -0.117338099
vn -0.308224559 0.948333561 -0.0752404258
vn -0.308224559 0.948333561 -0.0752402395
vn -0.287119716 0.957233787 -0.035578005
vn -0.287119746 0.957233727 -0.0355780944
vn -0.260676593 0.96542573 0.000909676193
vn -0.323746771 0.899296641 -0.294029802
vn -0.394388288 0.866203249 -0.306838334
vn -0.475981683 0.834428608 -0.277795583
vn -0.397353828 0.836847961 -0.376557261
vn -0.381203383 0.851562738 -0.359895706
vn -0.30844447 0.889865756 -0.33615613
vn -0.323746771 0.899296641 -0.294029832
vn -0.196958005 0.943193376 -0.267570108
vn -0.360505611 0.815244973 -0.453223318
vn -0.364484817 0.834424794 -0.413383752
vn -0.287406623 0.880981624 -0.375857443
vn -0.308444589 0.889865756 -0.336155981
vn -0.187659636 0.937462747 -0.293167979
vn -0.196958035 0.943193376 -0.267570049
vn -0.0664537996 0.969454288 -0.236097991
vn 0.363176882 0.740392506 -0.565616012
vn 0.313809067 0.792432666 -0.523043394
vn 0.228303626 0.865677118 -0.44551155
vn 0.228303641 0.865677118 -0.44551155
vn 0.138494357 0.92276454 -0.35961768
vn 0.0460723601 0.962601542 -0.266974986
vn 0.474828184 0.834791303 -0.278678417
vn 0.393156797 0.866503716 -0.307569593
vn 0.322513938 0.899543226 -0.294629872
vn 0.307140708 0.890100658 -0.33672756
vn 0.186399549 0.937605441 -0.293515295
vn 0.173575237 0.932197273 -0.317615986
vn 0.0578401089 0.965765655 -0.252885699
vn 0.0461546071 0.984463573 -0.169414401
vn 0.138739541 0.987937629 -0.0687792376
vn 0.138739556 0.987937629 -0.068779245
vn 0.22870715 0.972931743 0.0331182182
vn 0.228707135 0.972931743 0.0331182256
vn 0.314363301 0.939746976 0.134355143
vn 0.314363271 0.939746976 0.134355158
vn -0.229387492 0.972757041 0.0335435867
vn -0.314830154 0.939506948 0.134939358
vn -0.314830154 0.939506948 0.134939373
vn -0.392751724 0.889971018 0.2317276
vn -0.325695574 0.900563002 0.287938625
vn -0.397341847 0.865334392 0.305476427
vn -0.400908202 0.862184584 0.309693933
vn -0.367108643 0.73747468 -0.566888332
vn -0.315384358 0.792192638 -0.522459149
vn -0.229790986 0.865502357 -0.445086211
vn -0.229791015 0.865502357 -0.445086181
vn -0.139865965 0.922658384 -0.359359205
vn -0.13986595 0.922658384 -0.359359205
vn -0.047302492 0.962565899 -0.266888291
vn 0.542428076 0.467511564 -0.698000491
vn 0.336021006 0.583286285 -0.739504516
vn 0.374666244 0.624341309 -0.685436428
vn 0.332220256 0.6935274 -0.639256954
vn 0.0389176235 0.985749125 -0.163658589
vn 0.117165342 0.99176991 -0.0516205467
vn 0.117165305 0.99176991 -0.0516205318
vn 0.193202615 0.97923857 0.0613561086
vn 0.193202719 0.97923857 0.0613560788
vn 0.26559791 0.948409379 0.173139811
vn 0.265598029 0.948409379 0.173139781
vn 0.332996577 0.899886727 0.281633019
vn 0.332996607 0.899886727 0.281633019
vn 0.314489186 0.845175564 0.432174534
vn 0.265675783 0.908817351 0.321663529
vn 0.265675843 0.908817351 0.321663529
vn 0.211875528 0.955536067 0.205084383
vn 0.211875588 0.955536067 0.205084383
vn 0.154089272 0.984427214 0.0846138149
vn 0.0933981538 0.994922817 -0.0374880247
vn 0.0933981836 0.994922817 -0.0374880321
vn 0.0309450272 0.98680675 -0.158917889
vn -0.118017629 0.991680205 -0.0514021516
vn -0.193835452 0.979090929 0.0617155172
vn -0.193835512 0.979090929 0.0617154315
vn -0.265999496 0.948206544 0.173633456
vn -0.265999556 0.948206544 0.173633352
vn -0.333159506 0.899632573 0.282251567
vn -0.333159506 0.899632573 0.282251537
vn -0.361869723 0.871758461 0.33028391
vn -0.390286446 0.834989369 0.387903601
vn -0.351620466 0.851435125 0.389128804
vn -0.393725157 0.795613766 0.460411996
vn -0.0400655121 0.961280346 -0.272644103
vn -0.118291743 0.918826044 -0.376517922
vn -0.118291713 0.918826044 -0.376517922
vn -0.194286481 0.85919559 -0.47332409
vn -0.194286585 0.85919559 -0.47332406
vn -0.266618997 0.783530295 -0.561243832
vn -0.266619116 0.783530235 -0.561243773
vn -0.333935857 0.693273306 -0.638638377
vn -0.333935887 0.693273306 -0.638638377
vn -0.376414716 0.62405479 -0.684739053
vn -0.953354955 0.215315014 -0.211550921
vn 0.211202234 0.776565373 -0.593582213
vn 0.264832079 0.684545457 -0.679162383
vn 0.26483205 0.684545398 -0.679162383
vn 0.313490868 0.57981205 -0.752024949
vn 0.313490897 0.57981205 -0.752024889
vn 0.350391895 0.481900811 -0.803117156
vn 0.333660692 0.462624401 -0.821370304
vn 0.395615041 0.35540396 -0.846862912
vn 0.361596823 0.337797761 -0.868988156
vn 0.376765877 0.270242631 -0.886011481
vn 0.367182195 0.205197766 -0.907232642
vn 0.376347035 0.20237121 -0.904106617
vn 0.391261131 0.109172598 -0.913781226
vn 0.369452178 0.7077142 0.602200747
vn 0.3417162 0.773682654 0.533521533
vn 0.353061438 0.76643765 0.536582649
vn 0.350549072 0.78040278 0.517771006
vn 0.314489245 0.845175564 0.432174534
vn 0.390368938 0.835287213 0.387178749
vn 0.361817211 0.87203455 0.329611927
vn 0.400824696 0.862490416 0.3089495
vn 0.359649241 0.895884216 0.260852337
vn 0.286476195 0.903679848 0.318267345
vn 0.392502248 0.890270591 0.230998471
vn 0.492415756 0.846431255 0.20268409
vn 0.337919265 0.93473345 0.109927133
vn 0.351004332 0.932635367 0.0835896358
vn 0.25994119 0.965624332 0.000426257058
vn 0.286322683 0.957452536 -0.0361104831
vn 0.173749521 0.978531718 -0.110845931
vn 0.186533138 0.973133266 -0.134970352
vn 0.062186785 0.979497492 -0.191617936
vn -0.0319929905 0.98678273 -0.158859462
vn -0.0942267105 0.994851232 -0.0373138227
vn -0.0942266881 0.994851232 -0.037313804
vn -0.154682919 0.984309435 0.0849005207
vn -0.212223336 0.955374241 0.205478147
vn -0.212223306 0.955374241 0.205478191
vn -0.265771329 0.908614576 0.322156966
vn -0.265771329 0.908614576 0.322157025
vn -0.314330846 0.844935656 0.432758451
vn -0.314330876 0.844935656 0.432758391
vn -0.350182265 0.780135512 0.51842165
vn -0.352649033 0.766168475 0.537237942
vn -0.341315031 0.773422062 0.534155726
vn -0.36887309 0.707432508 0.60288626
vn -0.032092914 0.960222721 -0.277384788
vn -0.0945245922 0.915673196 -0.390650421
vn -0.0945245624 0.915673196 -0.390650421
vn -0.155173138 0.854006946 -0.496581793
vn -0.21289666 0.776403606 -0.593188405
vn -0.212896615 0.776403606 -0.593188405
vn -0.266615093 0.684342682 -0.678668916
vn -0.266615063 0.684342682 -0.678668916
vn -0.315329164 0.579572141 -0.751441061
vn -0.315329194 0.579572141 -0.751441002
vn -0.352250308 0.481632739 -0.802464724
vn -0.544079959 0.467097074 -0.696991622
vn 0.00403777882 0.958594501 -0.284745961
vn 0.0131848278 0.910819232 -0.412594825
vn 0.0131847896 0.910819232 -0.412594825
vn 0.0220829938 0.846018851 -0.532695472
vn 0.0220829733 0.846018851 -0.532695472
vn 0.0305647943 0.765431881 -0.642790616
vn 0.0305649024 0.765431941 -0.642790556
vn 0.0384716466 0.670593977 -0.740826309
vn 0.0384714156 0.670593917 -0.740826428
vn 0.0456559211 0.563304305 -0.824987173
vn 0.0456561521 0.563304424 -0.824987054
vn 0.051985696 0.445589006 -0.893727005
vn 0.0519856028 0.445588946 -0.893727005
vn 0.0573440269 0.319656461 -0.945796728
vn 0.0573439375 0.319656402 -0.945796728
vn 0.0616337433 0.187853113 -0.980261445
vn 0.0616343655 0.187853694 -0.980261266
vn 0.0647779778 0.0526235141 -0.996511221
vn 0.0647775456 0.0526230857 -0.996511281
vn 0.0667183399 -0.0835382864 -0.994268596
vn 0.0667185783 -0.0835380405 -0.994268596
vn 0.0674218237 -0.218128115 -0.973588407
vn 0.0668748915 -0.348673284 -0.934855461
vn 0.0668746457 -0.348673522 -0.934855342
vn 0.0650872886 -0.472773403 -0.878776968
vn 0.0650877357 -0.472773015 -0.878777146
vn 0.0620918758 -0.588140309 -0.806371868
vn 0.0620912202 -0.588140786 -0.80637157
vn 0.0579407401 -0.692636728 -0.718955636
vn 0.057940837 -0.692636669 -0.718955696
vn 0.0527107008 -0.784312189 -0.618122935
vn 0.0527107939 -0.784312129 -0.618122995
vn 0.0407595746 0.911658406 -0.408922493
vn 0.0674625188 0.84739989 -0.526651919
vn 0.0674624145 0.847399831 -0.526651978
vn 0.0928935036 0.767328739 -0.634489834
vn 0.0928934589 0.767328739 -0.634489894
vn 0.11657685 0.672970951 -0.730424523
vn 0.116576888 0.672970951 -0.730424464
vn 0.138072088 0.566116691 -0.812679529
vn 0.138072222 0.56611681 -0.81267941
vn 0.156981856 0.448784351 -0.879743874
vn 0.156981856 0.448784322 -0.879743874
vn 0.172959208 0.323174626 -0.930399537
vn 0.172959536 0.323174953 -0.930399358
vn 0.185713828 0.191629738 -0.963736713
vn 0.185713321 0.191629201 -0.963736892
vn 0.195013851 0.0565871596 -0.979166746
vn 0.195013642 0.0565869324 -0.979166806
vn 0.20069328 -0.0794615299 -0.976426184
vn 0.200693727 -0.0794610381 -0.976426125
vn 0.202650726 -0.214012727 -0.955578983
vn 0.200850055 -0.344595611 -0.917013168
vn 0.200849578 -0.344596088 -0.917013109
vn 0.195323378 -0.468810141 -0.861432433
vn 0.195323616 -0.468809932 -0.861432493
vn 0.186170772 -0.584364653 -0.789847076
vn 0.186171368 -0.584364176 -0.789847255
vn 0.173556373 -0.689118028 -0.703558505
vn 0.173555985 -0.689118266 -0.703558326
vn 0.157706946 -0.781116903 -0.604139864
vn 0.157706961 -0.781116843 -0.604139864
vn 0.111574933 0.850118697 -0.514635026
vn 0.153482094 0.771063089 -0.617984533
vn 0.153482005 0.771063089 -0.617984653
vn 0.192501649 0.677650392 -0.709741533
vn 0.192501813 0.677650511 -0.709741414
vn 0.227908134 0.571653724 -0.788206756
vn 0.22790803 0.571653664 -0.788206816
vn 0.259046465 0.455075175 -0.851939857
vn 0.259046257 0.455074996 -0.851940036
vn 0.285346061 0.330101311 -0.899783731
vn 0.28534627 0.33010152 -0.899783552
vn 0.306328624 0.199063554 -0.930879414
vn 0.306328773 0.199063703 -0.930879354
vn 0.321614474 0.0643897355 -0.944678843
vn 0.321614772 0.0643900782 -0.944678724
vn 0.330928892 -0.0714341477 -0.940948069
vn 0.330928504 -0.0714345798 -0.940948129
vn 0.33410421 -0.205910712 -0.919769049
vn 0.331084818 -0.33656913 -0.881535053
vn 0.331085205 -0.336568713 -0.881535053
vn 0.321924537 -0.46100691 -0.82694453
vn 0.32192421 -0.461007237 -0.82694447
vn 0.306786299 -0.576930463 -0.756989717
vn 0.30678612 -0.576930642 -0.756989658
vn 0.285943121 -0.682191014 -0.672942758
vn 0.285942823 -0.682191193 -0.672942698
vn 0.259771317 -0.774826348 -0.576335788
vn 0.259771615 -0.774826229 -0.576335907
vn 0.0223852042 0.987616777 -0.155280575
vn 0.0678804442 0.99733758 -0.0266447812
vn 0.0678804815 0.99733758 -0.0266447868
vn 0.112095103 0.988401234 0.102458388
vn 0.11209517 0.988401234 0.102458388
vn 0.15419665 0.960994303 0.229593962
vn 0.154196531 0.960994303 0.229593948
vn 0.19339703 0.915657222 0.352376848
vn 0.193397254 0.915657163 0.352376878
vn 0.228967637 0.853268564 0.468515337
vn 0.228967488 0.853268623 0.468515307
vn 0.260250211 0.775024593 0.57585305
vn 0.260249913 0.775024772 0.575852931
vn 0.28667146 0.682409644 0.672411025
vn 0.286671728 0.682409465 0.672411084
vn 0.307751089 0.577165067 0.756419063
vn 0.307751268 0.577164948 0.756419063
vn 0.323107511 0.461253285 0.826345563
vn 0.323107839 0.461252987 0.826345563
vn 0.332464814 0.336821854 0.88091892
vn 0.332464397 0.336822242 0.88091892
vn 0.335654497 0.206166208 0.919147193
vn 0.33262074 0.0716877133 0.940332055
vn 0.332621098 0.0716872811 0.940331936
vn 0.323417574 -0.0641440079 0.944079757
vn 0.323417276 -0.0641436577 0.944079876
vn 0.308208734 -0.198829278 0.9303087
vn 0.308208585 -0.198829114 0.930308819
vn 0.28726849 -0.329883069 0.899251878
vn 0.287268311 -0.32988286 0.899252057
vn 0.260975063 -0.454876602 0.851457179
vn 0.260975271 -0.45487681 0.851457
vn 0.0133977942 0.988164067 -0.152814433
vn 0.0410880223 0.998969257 -0.0192929953
vn 0.0410880484 0.998969257 -0.0192929953
vn 0.0680030957 0.991086364 0.114557199
vn 0.068002969 0.991086423 0.114557184
vn 0.0936359763 0.9646824 0.246211737
vn 0.0936359242 0.9646824 0.246211722
vn 0.117507249 0.920278847 0.373200834
vn 0.117507294 0.920278847 0.373200864
vn 0.139172941 0.858737051 0.493154734
vn 0.139173105 0.858736992 0.493154794
vn 0.158232599 0.781237423 0.60384649
vn 0.158232585 0.781237423 0.60384649
vn 0.174336404 0.689251006 0.703235328
vn 0.174336791 0.689250708 0.703235447
vn 0.187191933 0.584506631 0.789500594
vn 0.187191337 0.584507048 0.789500415
vn 0.196565256 0.468959451 0.861068606
vn 0.196565017 0.468959659 0.861068547
vn 0.202289194 0.344749868 0.916638732
vn 0.202289671 0.344749421 0.916638851
vn 0.204261586 0.214167953 0.955201149
vn 0.202445984 0.079614833 0.976051807
vn 0.202445522 0.0796153247 0.976051867
vn 0.196874782 -0.0564374328 0.978802919
vn 0.196874991 -0.0564376563 0.97880286
vn 0.187648863 -0.191486776 0.963390231
vn 0.187649384 -0.191487312 0.963389993
vn 0.174933568 -0.323042244 0.930076301
vn 0.17493324 -0.323041916 0.93007648
vn 0.15895769 -0.448663801 0.87945056
vn 0.00415005581 0.988438547 -0.151565403
vn 0.0135195376 0.99978739 -0.0155694634
vn 0.0135194985 0.99978739 -0.015569468
vn 0.0226338226 0.992432773 0.120684989
vn 0.0226338003 0.992432773 0.120684981
vn 0.0313213542 0.966531694 0.254628181
vn 0.031321466 0.966531634 0.254628211
vn 0.0394197218 0.922596157 0.383747846
vn 0.0394194722 0.922596216 0.383747727
vn 0.0467776842 0.861479104 0.505633891
vn 0.0467779301 0.861478984 0.50563401
vn 0.0532601699 0.784352601 0.618024588
vn 0.0532600731 0.784352601 0.618024528
vn 0.0587473959 0.692681193 0.718847334
vn 0.0587473027 0.692681253 0.718847275
vn 0.063139841 0.588188529 0.806255281
vn 0.0631404892 0.588188052 0.806255579
vn 0.0663588271 0.472823173 0.878655076
vn 0.06635838 0.47282353 0.878654897
vn 0.0683445632 0.34872511 0.934729815
vn 0.0683448091 0.348724872 0.934729874
vn 0.0690632686 0.21818018 0.973461688
vn 0.0685011223 0.0835896283 0.994143009
vn 0.0685008764 0.0835898668 0.994143009
vn 0.0666681379 -0.0525729395 0.99638921
vn 0.06666857 -0.052573368 0.996389151
vn 0.0635979697 -0.187805921 0.980144978
vn 0.0635973439 -0.18780534 0.980145156
vn 0.0593441091 -0.319611877 0.945688367
vn 0.0593441986 -0.319611967 0.945688367
vn 0.0539851747 -0.445548534 0.893628597
vn 0.0539852642 -0.445548594 0.893628597
vn -0.0051856651 0.98843497 -0.15155673
vn -0.0143112335 0.999776781 -0.0155436322
vn -0.0143111954 0.999776781 -0.015543621
vn -0.0231668577 0.992415309 0.120727509
vn -0.0231668372 0.992415309 0.120727517
vn -0.0315858722 0.966507673 0.254686624
vn -0.0315859802 0.966507673 0.254686564
vn -0.0394109078 0.922566175 0.383820891
vn -0.0394106731 0.922566116 0.38382104
vn -0.0464958921 0.8614434 0.505720675
vn -0.0464961231 0.86144346 0.505720496
vn -0.0527107939 0.784312189 0.618122935
vn -0.0527107008 0.784312129 0.618122995
vn -0.0579408333 0.692636728 0.718955636
vn -0.0579407439 0.692636669 0.718955696
vn -0.0620912388 0.588140309 0.806371927
vn -0.0620918609 0.588140726 0.80637151
vn -0.0650877282 0.472773403 0.878776908
vn -0.0650872961 0.472773045 0.878777146
vn -0.0668746531 0.348673284 0.934855461
vn -0.0668748915 0.348673522 0.934855342
vn -0.0674218237 0.218128115 0.973588407
vn -0.0667185783 0.0835382789 0.994268596
vn -0.0667183325 0.0835380405 0.994268596
vn -0.0647775382 -0.0526234992 0.996511221
vn -0.0647779852 -0.052623082 0.996511221
vn -0.0616343804 -0.187853143 0.980261385
vn -0.0616337284 -0.187853709 0.980261326
vn -0.0573439375 -0.319656461 0.945796728
vn -0.0573440306 -0.319656402 0.945796728
vn -0.0519856028 -0.445589006 0.893727005
vn -0.0519856997 -0.445588946 0.893727005
vn -0.0144354943 0.988153458 -0.152788594
vn -0.0418859534 0.998937607 -0.0192159452
vn -0.0418859795 0.998937607 -0.0192159563
vn -0.0685463846 0.991034329 0.114683948
vn -0.0685462728 0.991034329 0.114684008
vn -0.0939145833 0.964610815 0.246385857
vn -0.0939145386 0.964610815 0.246385887
vn -0.117516108 0.920189202 0.373419106
vn -0.117516145 0.920189202 0.373419076
vn -0.138912067 0.858630896 0.493413061
vn -0.138912186 0.858630955 0.493412942
vn -0.157706961 0.781116903 0.604139864
vn -0.157706946 0.781116843 0.604139864
vn -0.173556015 0.689118028 0.703558564
vn -0.173556343 0.689118207 0.703558266
vn -0.186171323 0.584364653 0.789846957
vn -0.186170816 0.584364235 0.789847374
vn -0.195323601 0.468810141 0.861432374
vn -0.195323393 0.468809962 0.861432552
vn -0.200849593 0.344595641 0.917013228
vn -0.20085004 0.344596058 0.91701299
vn -0.202650726 0.214012727 0.955578983
vn -0.200693741 0.0794615075 0.976426065
vn -0.200693265 0.079461053 0.976426244
vn -0.195013627 -0.0565871447 0.979166806
vn -0.195013851 -0.0565869361 0.979166746
vn -0.185713276 -0.191629708 0.963736832
vn -0.185713872 -0.191629216 0.963736773
vn -0.172959566 -0.323174655 0.930399418
vn -0.172959179 -0.323174953 0.930399418
vn -0.156981856 -0.448784322 0.879743874
vn -0.0234270487 0.987599254 -0.155238032
vn -0.0686907321 0.997285485 -0.0265179612
vn -0.0686907694 0.997285485 -0.0265179817
vn -0.112658739 0.988315463 0.102667101
vn -0.112658791 0.988315463 0.102667063
vn -0.154503167 0.960876524 0.229880556
vn -0.154503077 0.960876524 0.229880631
vn -0.193440914 0.915509582 0.352736175
vn -0.193441078 0.915509641 0.352735996
vn -0.228748113 0.853093982 0.468940258
vn -0.228748009 0.853093922 0.468940377
vn -0.259771585 0.774826348 0.576335728
vn -0.259771377 0.774826229 0.576335967
vn -0.285942882 0.682191014 0.672942877
vn -0.285943091 0.682191193 0.672942638
vn -0.30678612 0.576930523 0.756989717
vn -0.306786269 0.576930583 0.756989598
vn -0.321924239 0.461006939 0.82694459
vn -0.321924508 0.461007208 0.826944351
vn -0.331085175 0.336569101 0.881534934
vn -0.331084818 0.336568743 0.881535232
vn -0.33410421 0.205910712 0.919769049
vn -0.330928504 0.0714341775 0.940948188
vn -0.330928892 0.07143455 0.940948009
vn -0.321614802 -0.0643897653 0.944678724
vn -0.321614444 -0.0643900558 0.944678843
vn -0.306328803 -0.199063569 0.930879354
vn -0.306328624 -0.199063703 0.930879354
vn -0.285346299 -0.330101311 0.899783611
vn -0.285346031 -0.33010152 0.899783671
vn -0.259046227 -0.455075145 0.851939917
vn -0.259046525 -0.455074996 0.851939917
vn -0.0683456734 0.971452236 -0.227177024
vn -0.202597901 0.949149489 -0.240975738
vn -0.202597901 0.949149489 -0.240975693
vn -0.333028287 0.909098566 -0.250263691
vn -0.333028376 0.909098625 -0.250263542
vn -0.340662539 0.906152546 -0.25067234
vn -0.595700145 0.783876479 -0.175154194
vn -0.340585619 0.926594734 -0.159447864
vn -0.475835234 0.873352945 -0.104093358
vn -0.394206762 0.914453566 -0.0915186033
vn -0.375418484 0.926715314 -0.0161156822
vn -0.404998064 0.913993001 -0.0243593771
vn -0.302706599 0.949732602 0.0798544809
vn -0.398352474 0.916220129 0.0430812202
vn -0.351559967 0.932367325 0.0842419863
vn -0.260676593 0.96542573 0.000909663329
vn -0.229387507 0.972756982 0.0335435644
vn -0.139620766 0.987831414 -0.0685207844
vn -0.118017651 0.991680205 -0.0514021814
vn -0.0399735719 0.985719025 -0.163585335
vn -0.35392645 0.73824811 -0.574217558
vn -0.409905463 0.7463094 -0.524404168
vn -0.340230882 0.798353195 -0.496865332
vn -0.352955103 0.806627154 -0.474104762
vn -0.287406564 0.880981624 -0.375857502
vn -0.174875915 0.932064295 -0.317292511
vn -0.187659547 0.937462747 -0.293168098
vn -0.0633346736 0.967531979 -0.244684756
vn 0.543128252 -0.720062613 -0.431881338
vn 0.33686173 -0.842709422 -0.419958383
vn 0.314330876 -0.844935656 -0.432758421
vn 0.314330816 -0.844935656 -0.432758421
vn 0.228747979 -0.853093982 -0.468940288
vn 0.228748143 -0.853093922 -0.468940318
vn 0.138912201 -0.858630896 -0.493413001
vn 0.138912037 -0.858630955 -0.493412942
vn 0.0464961305 -0.8614434 -0.505720615
vn 0.0464958847 -0.86144352 -0.505720496
vn -0.542428076 -0.467511564 0.698000491
vn -0.336021006 -0.583286285 0.739504516
vn -0.313490897 -0.57981205 0.752024889
vn -0.313490868 -0.57981205 0.752024889
vn -0.227908015 -0.571653724 0.788206816
vn -0.227908164 -0.571653664 0.788206816
vn -0.138072237 -0.566116691 0.81267947
vn -0.138072073 -0.56611681 0.81267947
vn -0.0456561595 -0.563304305 0.824987113
vn -0.0456559137 -0.563304424 0.824987054
vn 0.0476178937 -0.56326884 0.824900448
vn 0.0476176627 -0.563268721 0.824900568
vn 0.140013069 -0.566010714 0.812421203
vn 0.140012935 -0.566010594 0.812421322
vn 0.229807481 -0.571479023 0.787781835
vn 0.229807585 -0.571479142 0.787781715
vn 0.315329194 -0.579572201 0.751441002
vn 0.315329164 -0.579572141 0.751441061
vn 0.33783868 -0.583029211 0.738878846
vn 0.376414716 -0.62405479 0.684739053
vn 0.953354955 -0.215315014 0.211550921
vn 0.953091502 -0.285346061 -0.100966588
vn 0.354112029 -0.896567523 -0.266028881
vn 0.333159536 -0.899632573 -0.282251567
vn 0.333159506 -0.899632573 -0.282251567
vn 0.2657713 -0.908614576 -0.322156996
vn 0.265771359 -0.908614576 -0.322156996
vn 0.193441108 -0.915509582 -0.352736086
vn 0.193440869 -0.915509641 -0.352736056
vn 0.117516145 -0.920189202 -0.373419076
vn 0.1175161 -0.920189202 -0.373419076
vn 0.0394106656 -0.922566175 -0.383820921
vn 0.0394109152 -0.922566116 -0.38382104
vn -0.952795863 -0.216042176 0.213320836
vn -0.353172123 -0.697701871 0.62328285
vn -0.332220256 -0.6935274 0.639256954
vn -0.332220227 -0.6935274 0.639256954
vn -0.26483205 -0.684545398 0.679162383
vn -0.264832079 -0.684545398 0.679162383
vn -0.192501843 -0.677650392 0.709741473
vn -0.192501619 -0.677650511 0.709741473
vn -0.116576888 -0.672970951 0.730424523
vn -0.116576843 -0.672970951 0.730424464
vn -0.0384714082 -0.670593977 0.740826309
vn -0.0384716578 -0.670593917 0.740826428
vn 0.0403587371 -0.670563817 0.740753233
vn 0.0403589718 -0.670563936 0.740753114
vn 0.118446551 -0.672881305 0.730206251
vn 0.118446514 -0.672881305 0.730206251
vn 0.194336489 -0.67750293 0.709382236
vn 0.194336325 -0.677502811 0.709382355
vn 0.266615063 -0.684342682 0.678668916
vn 0.266615093 -0.684342682 0.678668916
vn 0.333935857 -0.693273306 0.638638377
vn 0.333935857 -0.693273246 0.638638437
vn 0.35486123 -0.697431803 0.622625411
vn 0.366225034 -0.734505475 0.571297646
vn 0.409331471 -0.898875535 -0.156430557
vn 0.339719921 -0.934165359 -0.109203964
vn 0.314830124 -0.939506948 -0.134939373
vn 0.314830154 -0.939506948 -0.134939373
vn 0.265999585 -0.948206544 -0.173633382
vn 0.265999466 -0.948206604 -0.173633412
vn 0.212223306 -0.955374241 -0.205478176
vn 0.212223351 -0.955374241 -0.205478176
vn 0.154503062 -0.960876524 -0.229880586
vn 0.154503182 -0.960876524 -0.229880601
vn 0.0939145312 -0.964610815 -0.246385872
vn 0.0939145833 -0.964610815 -0.246385872
vn 0.0315859839 -0.966507673 -0.254686624
vn 0.0315858684 -0.966507673 -0.254686564
vn -0.408361375 -0.746621609 0.525163949
vn -0.338698357 -0.798612177 0.497495741
vn -0.313809067 -0.792432666 0.523043394
vn -0.264978498 -0.78373307 0.561737418
vn -0.264978379 -0.78373307 0.561737418
vn -0.211202219 -0.776565373 0.593582213
vn -0.211202279 -0.776565373 0.593582153
vn -0.15348199 -0.771063089 0.617984593
vn -0.153482109 -0.771063089 0.617984593
vn -0.0928934589 -0.767328739 0.634489834
vn -0.0928935036 -0.767328739 0.634489894
vn -0.0305649042 -0.765431941 0.642790616
vn -0.0305647906 -0.765431941 0.642790556
vn 0.032342542 -0.76540792 0.642732143
vn 0.0323424339 -0.76540792 0.642732203
vn 0.0946570039 -0.767257214 0.634315729
vn 0.0946570486 -0.767257214 0.634315729
vn 0.155217633 -0.770945311 0.617698014
vn 0.155217722 -0.77094537 0.617697895
vn 0.212896615 -0.776403606 0.593188405
vn 0.212896645 -0.776403606 0.593188345
vn 0.266619086 -0.783530295 0.561243773
vn 0.266619027 -0.783530235 0.561243832
vn 0.315384358 -0.792192638 0.522459149
vn 0.340230882 -0.798353195 0.496865332
vn 0.338408053 -0.797132969 0.500059009
vn -0.314363271 -0.939746976 -0.134355158
vn -0.314363271 -0.939746976 -0.134355143
vn -0.339209288 -0.934424341 -0.108573556
vn -0.337387055 -0.934681654 -0.111982994
vn -0.543379784 -0.720477104 -0.4308725
vn -0.336997956 -0.842966437 -0.419332683
vn -0.375541568 -0.857008338 -0.35285303
vn -0.332996607 -0.899886727 -0.28163299
vn -0.332996577 -0.899886727 -0.281633019
vn -0.265597999 -0.948409379 -0.173139751
vn -0.265597939 -0.948409379 -0.173139855
vn -0.356320351 -0.741131127 -0.568999529
vn -0.334812492 -0.768779814 -0.54486531
vn -0.351507425 -0.778417408 -0.520104706
vn -0.314489216 -0.845175564 -0.432174504
vn -0.314489186 -0.845175564 -0.432174563
vn -0.265675783 -0.908817351 -0.321663558
vn -0.265675813 -0.908817351 -0.321663499
vn -0.211875543 -0.955536067 -0.205084398
vn -0.211875573 -0.955536067 -0.205084369
vn -0.0235330909 0.959412694 -0.281022131
vn -0.0690068528 0.913258374 -0.401493669
vn -0.0690068901 0.913258374 -0.401493669
vn -0.113178968 0.850032985 -0.514426351
vn -0.113179035 0.850032985 -0.514426351
vn -0.155217737 0.770945311 -0.617697954
vn -0.155217618 0.77094537 -0.617697954
vn -0.19433628 0.67750293 -0.709382296
vn -0.194336519 0.677502871 -0.709382296
vn -0.2298076 0.571479082 -0.787781775
vn -0.229807451 0.571479142 -0.787781775
vn -0.260975301 0.454876602 -0.851457059
vn -0.260975003 0.454876781 -0.851457059
vn -0.287268251 0.329883069 -0.899251997
vn -0.287268549 0.32988289 -0.899251938
vn -0.308208585 0.198829263 -0.930308759
vn -0.308208764 0.198829129 -0.930308759
vn -0.323417246 0.0641439855 -0.944079876
vn -0.323417604 0.0641436949 -0.944079816
vn -0.332621127 -0.0716876909 -0.940331876
vn -0.33262071 -0.0716873109 -0.940332055
vn -0.335654497 -0.206166208 -0.919147193
vn -0.332464427 -0.336821884 -0.880919099
vn -0.332464784 -0.336822242 -0.880918801
vn -0.323107809 -0.461253256 -0.826345444
vn -0.323107541 -0.461253017 -0.826345682
vn -0.307751238 -0.577165067 -0.756419003
vn -0.307751089 -0.577164948 -0.756419122
vn -0.286671698 -0.682409585 -0.672410905
vn -0.286671489 -0.682409465 -0.672411144
vn -0.260249943 -0.775024593 -0.575853109
vn -0.260250181 -0.775024712 -0.575852871
vn -0.228967503 -0.853268564 -0.468515366
vn -0.228967607 -0.853268623 -0.468515247
vn -0.193397224 -0.915657222 -0.352376789
vn -0.19339706 -0.915657163 -0.352376968
vn -0.154196545 -0.960994303 -0.229593992
vn -0.154196635 -0.960994303 -0.229593918
vn -0.01454568 0.958865404 -0.283488274
vn -0.0422144271 0.911626756 -0.408845454
vn -0.0422144569 0.911626756 -0.408845454
vn -0.069086954 0.847347736 -0.526525199
vn -0.0690868348 0.847347796 -0.52652514
vn -0.094657056 0.767257214 -0.634315729
vn -0.0946570039 0.767257214 -0.634315729
vn -0.118446507 0.672881305 -0.730206251
vn -0.118446551 0.672881305 -0.730206251
vn -0.14001292 0.566010714 -0.812421262
vn -0.140013084 0.566010594 -0.812421262
vn -0.15895769 0.448663801 -0.87945056
vn -0.158957675 0.448663801 -0.87945056
vn -0.17493321 0.323042214 -0.930076361
vn -0.174933597 0.323041946 -0.93007642
vn -0.187649429 0.191486791 -0.963390112
vn -0.187648833 0.191487268 -0.963390112
vn -0.196875006 0.0564374365 -0.97880286
vn -0.196874768 0.0564376451 -0.978802919
vn -0.202445507 -0.0796148479 -0.976051867
vn -0.202445984 -0.0796152949 -0.976051748
vn -0.204261586 -0.214167953 -0.955201149
vn -0.202289671 -0.344749838 -0.916638672
vn -0.202289209 -0.344749421 -0.916638911
vn -0.196565032 -0.468959451 -0.861068666
vn -0.196565241 -0.46895963 -0.861068487
vn -0.187191367 -0.584506691 -0.789500713
vn -0.187191889 -0.584507048 -0.789500296
vn -0.174336761 -0.689250946 -0.703235269
vn -0.174336433 -0.689250767 -0.703235567
vn -0.158232585 -0.781237423 -0.60384649
vn -0.13917309 -0.858736992 -0.493154734
vn -0.139172956 -0.858736992 -0.493154824
vn -0.117507286 -0.920278847 -0.373200834
vn -0.117507249 -0.920278847 -0.373200864
vn -0.0936359316 -0.9646824 -0.246211737
vn -0.0936359689 -0.9646824 -0.246211708
vn -0.00529794209 0.958590925 -0.284737289
vn -0.0146459434 0.910808623 -0.412568986
vn -0.0146459043 0.910808623 -0.412568986
vn -0.0237176847 0.846001387 -0.532652974
vn -0.0237176642 0.846001387 -0.532652974
vn -0.0323424302 0.76540792 -0.642732143
vn -0.0323425457 0.76540792 -0.642732203
vn -0.0403589793 0.670563817 -0.740753233
vn -0.0403587297 0.670563936 -0.740753114
vn -0.0476176552 0.56326884 -0.824900448
vn -0.0476179011 0.563268721 -0.824900508
vn -0.0539852679 0.445548505 -0.893628597
vn -0.053985171 0.445548594 -0.893628597
vn -0.0593442023 0.319611877 -0.945688367
vn -0.0593441091 0.319611937 -0.945688367
vn -0.063597329 0.187805936 -0.980145037
vn -0.0635979846 0.187805369 -0.980145097
vn -0.0666685775 0.0525729395 -0.996389151
vn -0.0666681305 0.0525733531 -0.99638921
vn -0.0685008764 -0.0835896283 -0.994143069
vn -0.0685011223 -0.0835898593 -0.994143009
vn -0.0690632686 -0.21818018 -0.973461688
vn -0.0683448091 -0.34872511 -0.934729815
vn -0.0683445632 -0.348724872 -0.934729874
vn -0.0663583875 -0.472823173 -0.878655136
vn -0.0663588196 -0.47282353 -0.878654897
vn -0.0631404743 -0.588188529 -0.806255281
vn -0.0631398559 -0.588188052 -0.806255639
vn -0.0587473065 -0.692681193 -0.718847334
vn -0.0587473959 -0.692681253 -0.718847275
vn -0.0532600768 -0.784352601 -0.618024588
vn -0.0532601662 -0.784352601 -0.618024528
vn -0.0467779227 -0.861479044 -0.505633891
vn -0.0467776917 -0.861478984 -0.505634069
vn -0.0394194797 -0.922596157 -0.383747846
vn -0.0394197106 -0.922596216 -0.383747697
vn -0.0313214622 -0.966531694 -0.254628181
vn -0.0313213579 -0.966531634 -0.254628211
vn 0.353172123 0.697701871 -0.62328285
vn 0.264978468 0.78373307 -0.561737359
vn 0.211202264 0.776565373 -0.593582153
vn 0.153599054 0.854124725 -0.496868491
vn 0.111574873 0.850118697 -0.514635086
vn 0.0675643608 0.913310468 -0.401620477
vn 0.0407595485 0.911658406 -0.408922523
vn 0.0132876085 0.958876014 -0.283514112
vn -0.0680029765 -0.991086364 -0.114557222
vn -0.0680030882 -0.991086364 -0.114557154
vn -0.112095162 -0.988401234 -0.102458373
vn -0.11209511 -0.988401234 -0.10245841
vn -0.154089272 -0.984427214 -0.0846138149
vn -0.193202704 -0.97923857 -0.0613560528
vn -0.193202645 -0.97923857 -0.0613561422
vn -0.228707135 -0.972931743 -0.0331182331
vn -0.22870715 -0.972931743 -0.0331182107
vn -0.259941161 -0.965624332 -0.00042625473
vn -0.259941161 -0.965624332 -0.000426267594
vn -0.286322743 -0.957452536 0.0361105502
vn -0.286322713 -0.957452536 0.0361104608
vn -0.307360649 -0.948568404 0.0758118257
vn -0.307360679 -0.948568404 0.075812012
vn -0.32266292 -0.939137518 0.117938168
vn -0.32266292 -0.939137518 0.117938131
vn -0.331944466 -0.929335535 0.161704436
vn -0.331944495 -0.929335535 0.161704287
vn -0.335032463 -0.919345081 0.20629558
vn -0.331869334 -0.909352243 0.250880927
vn -0.331869245 -0.909352243 0.250881046
vn -0.322513968 -0.899543226 0.294629872
vn -0.322513938 -0.899543226 0.294629902
vn -0.307140648 -0.890100598 0.336727709
vn -0.307140768 -0.890100598 0.33672756
vn -0.286035895 -0.881200373 0.376389891
vn -0.286035836 -0.881200373 0.376389951
vn -0.259592742 -0.87300837 0.412877649
vn -0.228303626 -0.865677118 0.44551155
vn -0.228303641 -0.865677118 0.44551155
vn -0.192751661 -0.859343231 0.473683417
vn -0.192751557 -0.859343231 0.473683447
vn -0.153599054 -0.854124725 0.496868491
vn -0.153599069 -0.854124725 0.496868491
vn -0.111574933 -0.850118697 0.514635026
vn -0.111574866 -0.850118697 0.514635026
vn -0.0674624071 -0.84739989 0.526651978
vn -0.0674625263 -0.847399831 0.526651978
vn -0.0220829733 -0.846018851 0.532695472
vn -0.0220829956 -0.846018851 0.532695472
vn 0.0237176642 -0.846001387 0.532652974
vn 0.0237176847 -0.846001387 0.532652974
vn 0.0690868422 -0.847347736 0.526525199
vn 0.0690869465 -0.847347796 0.52652514
vn 0.113179028 -0.850032985 0.514426351
vn 0.113178976 -0.850032926 0.51442641
vn 0.155173138 -0.854006946 0.496581793
vn 0.19428657 -0.85919559 0.473324031
vn 0.19428651 -0.85919559 0.47332412
vn 0.229791 -0.865502357 0.445086211
vn 0.229791015 -0.865502417 0.445086181
vn 0.261025041 -0.872809768 0.412394226
vn 0.287406594 -0.880981624 0.375857413
vn 0.287406594 -0.880981624 0.375857502
vn 0.3084445 -0.889865756 0.33615613
vn 0.30844453 -0.889865816 0.336155951
vn 0.323746771 -0.899296641 0.294029802
vn 0.323746771 -0.899296641 0.294029832
vn 0.333028316 -0.909098625 0.250263542
vn 0.333028346 -0.909098566 0.250263691
vn 0.336116344 -0.919089019 0.205672398
vn 0.332953185 -0.929081857 0.161087051
vn 0.332953125 -0.929081917 0.161086917
vn 0.323597819 -0.938890934 0.117338091
vn 0.323597789 -0.938890934 0.117338069
vn 0.308224499 -0.948333561 0.0752402619
vn 0.308224618 -0.948333502 0.075240396
vn 0.287119746 -0.957233727 0.0355780795
vn 0.287119687 -0.957233787 0.0355780236
vn 0.260676593 -0.96542573 -0.000909665658
vn 0.260676593 -0.96542573 -0.000909672759
vn 0.229387492 -0.972757041 -0.0335435793
vn 0.229387507 -0.972756982 -0.0335435718
vn 0.193835527 -0.979090929 -0.0617154539
vn 0.193835422 -0.979090929 -0.0617154837
vn 0.154682919 -0.984309435 -0.0849005207
vn 0.112658799 -0.988315463 -0.102667078
vn 0.112658732 -0.988315463 -0.102667078
vn 0.0685462654 -0.991034329 -0.114683978
vn 0.068546392 -0.991034269 -0.114683993
vn 0.0231668353 -0.992415309 -0.120727509
vn 0.0231668577 -0.992415309 -0.120727517
vn -0.0226338003 -0.992432773 -0.120684989
vn -0.0226338226 -0.992432773 -0.120684981
vn -0.0410880484 -0.998969257 0.0192929991
vn -0.0410880223 -0.998969257 0.0192929897
vn -0.0678804815 -0.99733758 0.0266447924
vn -0.0678804442 -0.99733758 0.0266447719
vn -0.0933981612 -0.994922817 0.037488021
vn -0.0933981836 -0.994922817 0.0374880396
vn -0.117165305 -0.99176991 0.0516205244
vn -0.117165335 -0.99176991 0.0516205542
vn -0.138739556 -0.987937629 0.068779245
vn -0.138739541 -0.987937629 0.0687792376
vn -0.157718837 -0.983497322 0.0886444449
vn -0.173749521 -0.978531718 0.110845923
vn -0.173749551 -0.978531659 0.110846005
vn -0.186533213 -0.973133266 0.134970486
vn -0.186533183 -0.973133266 0.134970337
vn -0.195831597 -0.967402577 0.160568327
vn -0.195831612 -0.967402577 0.160568401
vn -0.201471493 -0.961446464 0.187162757
vn -0.201471493 -0.961446464 0.187162727
vn -0.203347906 -0.955375791 0.214258566
vn -0.201425821 -0.949303627 0.241350845
vn -0.201425806 -0.949303627 0.241350874
vn -0.195741072 -0.943343222 0.26793474
vn -0.195741117 -0.943343222 0.26793468
vn -0.186399564 -0.937605441 0.293515295
vn -0.186399475 -0.937605441 0.293515444
vn -0.173575193 -0.932197213 0.317616075
vn -0.173575252 -0.932197273 0.317616016
vn -0.157507122 -0.927219391 0.339787751
vn -0.138494357 -0.92276454 0.35961768
vn -0.11689122 -0.918915749 0.376736313
vn -0.11689125 -0.918915808 0.376736283
vn -0.0931002796 -0.915744722 0.390824646
vn -0.0931003094 -0.915744722 0.390824646
vn -0.0675643608 -0.913310468 0.401620477
vn -0.0675643235 -0.913310468 0.401620477
vn -0.0407595746 -0.911658406 0.408922493
vn -0.0407595448 -0.911658406 0.408922493
vn -0.0131847886 -0.910819232 0.412594825
vn -0.0131848278 -0.910819232 0.412594825
vn 0.0146459052 -0.910808623 0.412568986
vn 0.0146459434 -0.910808623 0.412568986
vn 0.0422144532 -0.911626756 0.408845454
vn 0.0422144271 -0.911626756 0.408845454
vn 0.0690068901 -0.913258374 0.401493669
vn 0.0690068528 -0.913258374 0.401493669
vn 0.0945245624 -0.915673137 0.390650421
vn 0.0945245922 -0.915673196 0.390650421
vn 0.118291713 -0.918826044 0.376517922
vn 0.118291743 -0.918826044 0.376517892
vn 0.13986595 -0.922658384 0.359359205
vn 0.158845246 -0.927098691 0.33949402
vn 0.17487593 -0.932064295 0.317292541
vn 0.17487596 -0.932064295 0.317292452
vn 0.187659621 -0.937462747 0.293167979
vn 0.187659591 -0.937462687 0.293168128
vn 0.196958005 -0.943193376 0.267570108
vn 0.19695802 -0.943193436 0.267570049
vn 0.202597901 -0.949149489 0.240975693
vn 0.202597901 -0.949149489 0.240975738
vn 0.204474315 -0.955220222 0.213879883
vn 0.202552229 -0.961292326 0.186787605
vn 0.202552214 -0.961292386 0.186787575
vn 0.196867481 -0.967252791 0.16020371
vn 0.196867526 -0.967252791 0.16020377
vn 0.187525973 -0.972990572 0.13462314
vn 0.187525883 -0.972990572 0.134623021
vn 0.174701601 -0.97839874 0.110522382
vn 0.174701661 -0.97839874 0.110522449
vn 0.158633515 -0.983376622 0.0883506984
vn 0.139620766 -0.987831414 0.0685207769
vn 0.118017621 -0.991680205 0.0514021553
vn 0.118017659 -0.991680205 0.0514021702
vn 0.0942266881 -0.994851232 0.0373138078
vn 0.0942267179 -0.994851232 0.0373138152
vn 0.0686907694 -0.997285485 0.0265179761
vn 0.0686907321 -0.997285485 0.0265179724
vn 0.0418859795 -0.998937607 0.0192159526
vn 0.0418859534 -0.998937607 0.0192159526
vn 0.0143111954 -0.999776781 0.0155436266
vn 0.0143112345 -0.999776781 0.015543621
vn -0.0135194985 -0.99978739 0.0155694634
vn -0.0135195367 -0.99978739 0.0155694736

# Mesh '' with 1496 faces
usemtl DefaultMaterial
f  1//1 2//1 3//1
f  3//2 2//2 4//2
f  3//2 4//2 5//2
f  5//3 4//3 6//3
f  5//3 6//3 7//3
f  7//4 6//4 8//4
f  7//4 8//4 9//4
f  9//5 8//5 10//5
f  9//5 10//5 11//5
f  11//6 10//6 12//6
f  11//6 12//6 13//6
f  13//7 12//7 14//7
f  13//7 14//7 15//7
f  15//8 14//8 16//8
f  15//8 16//8 17//8
f  17//9 16//9 18//9
f  17//9 18//9 19//9
f  19//10 18//10 20//10
f  19//10 20//10 21//10
f  21//11 20//11 22//11
f  21//11 22//11 23//11
f  23//12 22//12 24//12
f  23//12 24//12 25//12
f  25//13 24//13 26//13
f  25//13 26//13 27//13
f  27//14 26//14 28//14
f  27//14 28//14 29//14
f  29//15 28//15 30//15
f  29//15 30//15 31//15
f  31//16 30//16 32//16
f  31//16 32//16 33//16
f  33//17 32//17 34//17
f  33//17 34//17 35//17
f  35//18 34//18 36//18
f  35//18 36//18 37//18
f  37//19 36//19 38//19
f  37//19 38//19 39//19
f  39//20 38//20 40//20
f  39//20 40//20 41//20
f  41//21 40//21 42//21
f  41//21 42//21 43//21
f  43//22 42//22 44//22
f  43//22 44//22 45//22
f  45//23 44//23 46//23
f  45//23 46//23 47//23
f  47//24 46//24 48//24
f  47//24 48//24 49//24
f  49//25 48//25 50//25
f  49//25 50//25 51//25
f  51//26 50//26 52//26
f  51//26 52//26 53//26
f  53//27 52//27 54//27
f  53//27 54//27 55//27
f  55//28 54//28 56//28
f  55//28 56//28 57//28
f  57//29 56//29 58//29
f  57//29 58//29 59//29
f  59//30 58//30 60//30
f  59//30 60//30 61//30
f  61//31 60//31 62//31
f  61//31 62//31 63//31
f  63//32 62//32 64//32
f  63//32 64//32 65//32
f  65//33 64//33 66//33
f  65//33 66//33 67//33
f  67//34 66//34 68//34
f  67//34 68//34 69//34
f  69//35 68//35 70//35
f  69//35 70//35 71//35
f  71//36 70//36 72//36
f  71//36 72//36 73//36
f  73//37 72//37 74//37
f  73//37 74//37 75//37
f  75//38 74//38 76//38
f  75//38 76//38 1//38
f  1//1 76//1 2//1
f  40//39 38//39 77//39
f  78//39 79//39 52//39
f  60//39 58//39 80//39
f  81//39 82//39 14//39
f  44//39 42//39 83//39
f  56//39 84//39 58//39
f  58//39 84//39 85//39
f  58//39 85//39 80//39
f  6//39 4//39 86//39
f  77//39 87//39 40//39
f  40//39 87//39 88//39
f  40//39 88//39 42//39
f  42//39 88//39 89//39
f  42//39 89//39 83//39
f  52//39 50//39 78//39
f  78//39 50//39 48//39
f  78//39 48//39 90//39
f  90//39 48//39 46//39
f  90//39 46//39 91//39
f  91//39 46//39 44//39
f  91//39 44//39 92//39
f  92//39 44//39 83//39
f  54//39 93//39 56//39
f  56//39 93//39 94//39
f  56//39 94//39 84//39
f  80//39 95//39 60//39
f  60//39 95//39 96//39
f  60//39 96//39 62//39
f  62//39 96//39 97//39
f  97//39 98//39 62//39
f  62//39 98//39 99//39
f  62//39 99//39 64//39
f  64//39 99//39 100//39
f  64//39 100//39 66//39
f  66//39 100//39 101//39
f  66//39 101//39 68//39
f  68//39 101//39 102//39
f  68//39 102//39 70//39
f  70//39 102//39 103//39
f  70//39 103//39 72//39
f  103//39 104//39 72//39
f  72//39 104//39 105//39
f  72//39 105//39 74//39
f  14//39 12//39 81//39
f  81//39 12//39 10//39
f  81//39 10//39 106//39
f  106//39 10//39 8//39
f  106//39 8//39 107//39
f  107//39 8//39 6//39
f  107//39 6//39 108//39
f  108//39 6//39 86//39
f  20//39 18//39 109//39
f  110//39 111//39 26//39
f  105//39 112//39 74//39
f  74//39 112//39 113//39
f  74//39 113//39 76//39
f  76//39 113//39 114//39
f  76//39 114//39 2//39
f  2//39 114//39 115//39
f  2//39 115//39 4//39
f  4//39 115//39 116//39
f  4//39 116//39 86//39
f  26//39 111//39 28//39
f  111//39 117//39 28//39
f  28//39 117//39 118//39
f  28//39 118//39 30//39
f  118//39 119//39 30//39
f  30//39 119//39 120//39
f  30//39 120//39 32//39
f  32//39 120//39 121//39
f  32//39 121//39 34//39
f  34//39 121//39 122//39
f  34//39 122//39 36//39
f  36//39 122//39 123//39
f  36//39 123//39 38//39
f  38//39 123//39 124//39
f  38//39 124//39 77//39
f  79//39 125//39 52//39
f  52//39 125//39 126//39
f  52//39 126//39 54//39
f  54//39 126//39 127//39
f  54//39 127//39 93//39
f  16//39 128//39 18//39
f  18//39 128//39 129//39
f  18//39 129//39 109//39
f  109//39 130//39 20//39
f  20//39 130//39 131//39
f  20//39 131//39 22//39
f  22//39 131//39 132//39
f  22//39 132//39 24//39
f  24//39 132//39 133//39
f  24//39 133//39 26//39
f  26//39 133//39 134//39
f  26//39 134//39 110//39
f  82//39 135//39 14//39
f  14//39 135//39 136//39
f  14//39 136//39 16//39
f  16//39 136//39 137//39
f  16//39 137//39 128//39
f  73//40 138//40 71//40
f  71//40 138//40 139//40
f  71//40 139//40 69//40
f  139//40 140//40 69//40
f  69//40 140//40 141//40
f  69//40 141//40 67//40
f  67//40 141//40 142//40
f  143//40 63//40 142//40
f  142//40 63//40 65//40
f  142//40 65//40 67//40
f  3//40 144//40 1//40
f  1//40 144//40 145//40
f  1//40 145//40 75//40
f  75//40 145//40 146//40
f  75//40 146//40 73//40
f  73//40 146//40 147//40
f  73//40 147//40 138//40
f  148//40 149//40 7//40
f  7//40 149//40 150//40
f  7//40 150//40 5//40
f  59//40 61//40 151//40
f  39//40 41//40 152//40
f  150//40 153//40 5//40
f  5//40 153//40 154//40
f  5//40 154//40 3//40
f  3//40 154//40 155//40
f  3//40 155//40 144//40
f  151//40 156//40 59//40
f  59//40 156//40 157//40
f  59//40 157//40 57//40
f  157//40 158//40 57//40
f  57//40 158//40 159//40
f  57//40 159//40 55//40
f  143//40 160//40 63//40
f  63//40 160//40 161//40
f  63//40 161//40 61//40
f  61//40 161//40 162//40
f  61//40 162//40 151//40
f  163//40 164//40 45//40
f  45//40 164//40 165//40
f  45//40 165//40 43//40
f  165//40 166//40 43//40
f  43//40 166//40 167//40
f  43//40 167//40 41//40
f  41//40 167//40 168//40
f  41//40 168//40 152//40
f  152//40 169//40 39//40
f  39//40 169//40 170//40
f  39//40 170//40 37//40
f  37//40 170//40 171//40
f  37//40 171//40 35//40
f  35//40 171//40 172//40
f  35//40 172//40 33//40
f  33//40 172//40 173//40
f  33//40 173//40 31//40
f  19//40 21//40 174//40
f  159//40 175//40 55//40
f  55//40 175//40 176//40
f  55//40 176//40 53//40
f  53//40 176//40 177//40
f  45//40 47//40 163//40
f  163//40 47//40 49//40
f  163//40 49//40 178//40
f  178//40 49//40 51//40
f  178//40 51//40 179//40
f  179//40 51//40 53//40
f  179//40 53//40 180//40
f  180//40 53//40 177//40
f  173//40 181//40 31//40
f  31//40 181//40 182//40
f  31//40 182//40 29//40
f  182//40 183//40 29//40
f  29//40 183//40 184//40
f  29//40 184//40 27//40
f  27//40 184//40 185//40
f  185//40 186//40 27//40
f  27//40 186//40 187//40
f  27//40 187//40 25//40
f  25//40 187//40 188//40
f  25//40 188//40 23//40
f  23//40 188//40 189//40
f  23//40 189//40 21//40
f  21//40 189//40 190//40
f  21//40 190//40 174//40
f  174//40 191//40 19//40
f  19//40 191//40 192//40
f  19//40 192//40 17//40
f  192//40 193//40 17//40
f  17//40 193//40 194//40
f  17//40 194//40 15//40
f  15//40 194//40 195//40
f  7//40 9//40 148//40
f  148//40 9//40 11//40
f  148//40 11//40 196//40
f  196//40 11//40 13//40
f  196//40 13//40 197//40
f  197//40 13//40 15//40
f  197//40 15//40 198//40
f  198//40 15//40 195//40
f  199//41 200//41 201//41
f  199//42 201//42 202//42
f  203//43 202//43 201//43
f  204//44 203//44 201//44
f  205//45 204//45 201//45
f  206//46 205//46 201//46
f  207//47 206//47 201//47
f  208//48 207//48 201//48
f  209//49 208//49 201//49
f  210//50 209//50 201//50
f  211//51 210//51 201//51
f  212//52 211//52 201//52
f  213//53 212//53 201//53
f  214//54 213//54 201//54
f  215//55 214//55 201//55
f  216//56 215//56 201//56
f  217//57 216//57 201//57
f  218//58 217//58 201//58
f  219//59 218//59 201//59
f  220//60 219//60 201//60
f  221//61 220//61 201//61
f  222//62 221//62 201//62
f  223//63 222//63 201//63
f  224//64 223//64 201//64
f  225//65 224//65 201//65
f  226//66 225//66 201//66
f  227//67 226//67 201//67
f  228//68 227//68 201//68
f  229//69 228//69 201//69
f  230//70 229//70 201//70
f  231//71 230//71 201//71
f  232//72 231//72 201//72
f  233//73 232//73 201//73
f  234//74 233//74 201//74
f  235//75 234//75 201//75
f  236//76 235//76 201//76
f  237//77 236//77 201//77
f  238//78 237//78 201//78
f  239//79 238//79 201//79
f  240//80 239//80 201//80
f  241//81 240//81 201//81
f  242//82 241//82 201//82
f  243//83 242//83 201//83
f  244//84 243//84 201//84
f  245//85 244//85 201//85
f  200//86 245//86 201//86
f  246//87 247//87 248//87
f  249//88 250//88 251//88
f  252//89 253//89 254//89
f  255//90 256//90 257//90
f  247//91 246//91 258//91
f  258//92 259//92 260//92
f  258//93 261//93 262//93
f  263//94 261//94 258//94
f  260//95 263//95 258//95
f  258//96 264//96 265//96
f  266//97 264//97 258//97
f  262//98 266//98 258//98
f  250//99 249//99 258//99
f  258//100 267//100 268//100
f  253//101 252//101 258//101
f  256//102 255//102 258//102
f  81//103 269//103 82//103
f  270//104 114//104 271//104
f  271//105 114//105 113//105
f  100//106 272//106 273//106
f  125//107 274//107 126//107
f  90//108 275//108 78//108
f  163//109 276//109 277//109
f  178//110 278//110 279//110
f  154//111 153//111 280//111
f  195//112 194//112 281//112
f  188//113 282//113 283//113
f  282//114 188//114 187//114
f  284//115 285//115 181//115
f  286//116 287//116 197//116
f  288//117 289//117 196//117
f  290//118 291//118 148//118
f  148//119 291//119 292//119
f  148//120 292//120 149//120
f  280//121 153//121 292//121
f  292//122 153//122 150//122
f  292//123 150//123 149//123
f  154//124 280//124 155//124
f  155//125 280//125 293//125
f  155//126 293//126 144//126
f  144//127 293//127 294//127
f  144//128 294//128 145//128
f  294//128 295//128 145//128
f  145//129 295//129 296//129
f  145//130 296//130 146//130
f  146//131 296//131 147//131
f  147//132 296//132 297//132
f  147//133 297//133 138//133
f  138//134 297//134 298//134
f  138//135 298//135 139//135
f  139//136 298//136 299//136
f  139//137 299//137 140//137
f  142//138 300//138 143//138
f  143//139 300//139 301//139
f  143//140 301//140 160//140
f  160//141 301//141 302//141
f  160//142 302//142 161//142
f  303//143 304//143 162//143
f  162//144 304//144 305//144
f  162//145 305//145 151//145
f  151//146 305//146 306//146
f  151//147 306//147 156//147
f  156//148 306//148 307//148
f  156//149 307//149 157//149
f  307//150 308//150 157//150
f  157//151 308//151 309//151
f  157//151 309//151 158//151
f  158//152 309//152 310//152
f  158//153 310//153 159//153
f  311//154 175//154 312//154
f  312//155 175//155 159//155
f  312//156 159//156 313//156
f  313//157 159//157 310//157
f  314//158 177//158 311//158
f  311//159 177//159 176//159
f  311//160 176//160 175//160
f  180//161 315//161 179//161
f  179//162 315//162 316//162
f  277//163 317//163 163//163
f  163//164 317//164 318//164
f  163//165 318//165 164//165
f  319//166 166//166 318//166
f  318//167 166//167 165//167
f  318//168 165//168 164//168
f  181//169 173//169 284//169
f  284//170 173//170 172//170
f  284//171 172//171 320//171
f  320//172 172//172 171//172
f  320//173 171//173 321//173
f  321//174 171//174 170//174
f  321//175 170//175 322//175
f  322//176 170//176 169//176
f  322//177 169//177 323//177
f  323//178 169//178 152//178
f  323//179 152//179 324//179
f  324//180 152//180 168//180
f  324//181 168//181 319//181
f  319//182 168//182 167//182
f  319//183 167//183 166//183
f  325//184 326//184 77//184
f  77//185 326//185 87//185
f  87//186 326//186 327//186
f  87//187 327//187 88//187
f  88//188 327//188 89//188
f  89//189 327//189 328//189
f  89//190 328//190 83//190
f  83//191 328//191 92//191
f  92//192 328//192 329//192
f  92//193 329//193 91//193
f  91//194 329//194 330//194
f  91//195 330//195 90//195
f  90//196 330//196 331//196
f  90//197 331//197 275//197
f  274//198 125//198 332//198
f  333//199 334//199 127//199
f  127//200 334//200 335//200
f  127//201 335//201 93//201
f  93//202 335//202 336//202
f  93//203 336//203 94//203
f  94//204 336//204 337//204
f  94//205 337//205 84//205
f  84//206 337//206 338//206
f  84//207 338//207 85//207
f  338//207 339//207 85//207
f  85//208 339//208 340//208
f  85//209 340//209 80//209
f  341//210 95//210 342//210
f  342//211 95//211 80//211
f  342//212 80//212 343//212
f  343//213 80//213 340//213
f  344//214 97//214 341//214
f  341//215 97//215 96//215
f  341//216 96//216 95//216
f  98//217 345//217 99//217
f  99//218 345//218 346//218
f  105//219 104//219 347//219
f  347//220 104//220 103//220
f  347//221 103//221 348//221
f  348//222 103//222 102//222
f  348//223 102//223 349//223
f  349//224 102//224 101//224
f  349//225 101//225 350//225
f  350//226 101//226 351//226
f  105//227 347//227 112//227
f  112//228 347//228 352//228
f  112//229 352//229 113//229
f  113//230 352//230 353//230
f  113//105 353//105 271//105
f  354//231 116//231 270//231
f  270//232 116//232 115//232
f  270//233 115//233 114//233
f  135//234 82//234 355//234
f  356//235 128//235 137//235
f  109//236 357//236 358//236
f  109//236 358//236 130//236
f  130//237 358//237 359//237
f  130//238 359//238 131//238
f  359//239 360//239 131//239
f  131//240 360//240 361//240
f  131//241 361//241 132//241
f  118//242 117//242 362//242
f  362//243 117//243 111//243
f  121//244 120//244 363//244
f  77//245 124//245 325//245
f  325//246 124//246 123//246
f  325//247 123//247 364//247
f  364//248 123//248 122//248
f  364//249 122//249 365//249
f  365//250 122//250 121//250
f  365//251 121//251 366//251
f  366//252 121//252 363//252
f  367//253 257//253 368//253
f  368//254 257//254 256//254
f  368//255 256//255 369//255
f  369//256 256//256 258//256
f  370//257 254//257 371//257
f  371//258 254//258 253//258
f  371//259 253//259 372//259
f  372//260 253//260 258//260
f  373//261 374//261 375//261
f  375//261 374//261 268//261
f  375//262 268//262 376//262
f  376//263 268//263 267//263
f  376//264 267//264 377//264
f  378//265 251//265 379//265
f  379//266 251//266 250//266
f  379//266 250//266 380//266
f  380//267 250//267 258//267
f  259//268 381//268 260//268
f  260//268 381//268 382//268
f  260//269 382//269 263//269
f  263//270 382//270 383//270
f  263//271 383//271 261//271
f  261//272 383//272 384//272
f  261//273 384//273 262//273
f  262//274 384//274 385//274
f  262//275 385//275 266//275
f  266//276 385//276 386//276
f  266//277 386//277 264//277
f  264//278 386//278 387//278
f  264//279 387//279 265//279
f  388//280 248//280 389//280
f  389//281 248//281 247//281
f  389//281 247//281 390//281
f  390//282 247//282 258//282
f  355//283 367//283 391//283
f  391//284 367//284 368//284
f  391//285 368//285 392//285
f  392//286 368//286 369//286
f  392//287 369//287 393//287
f  393//288 369//288 258//288
f  394//289 395//289 396//289
f  396//290 395//290 397//290
f  396//291 397//291 398//291
f  135//292 399//292 136//292
f  136//293 399//293 398//293
f  136//294 398//294 137//294
f  137//295 398//295 397//295
f  137//296 397//296 356//296
f  356//297 397//297 395//297
f  129//298 128//298 400//298
f  400//299 128//299 356//299
f  400//300 356//300 401//300
f  401//301 356//301 395//301
f  401//302 395//302 402//302
f  402//289 395//289 394//289
f  402//303 394//303 258//303
f  357//304 373//304 358//304
f  358//304 373//304 375//304
f  358//305 375//305 359//305
f  359//306 375//306 376//306
f  359//307 376//307 360//307
f  360//308 376//308 377//308
f  360//309 377//309 361//309
f  374//310 258//310 268//310
f  109//311 370//311 357//311
f  357//312 370//312 371//312
f  357//313 371//313 373//313
f  373//314 371//314 372//314
f  373//315 372//315 374//315
f  374//316 372//316 258//316
f  133//317 132//317 403//317
f  403//318 132//318 361//318
f  403//319 361//319 404//319
f  404//320 361//320 377//320
f  404//321 377//321 405//321
f  405//322 377//322 267//322
f  405//323 267//323 258//323
f  381//324 406//324 382//324
f  382//324 406//324 407//324
f  382//325 407//325 383//325
f  383//326 407//326 408//326
f  383//327 408//327 384//327
f  384//328 408//328 409//328
f  384//329 409//329 385//329
f  385//330 409//330 410//330
f  385//331 410//331 386//331
f  386//332 410//332 411//332
f  386//333 411//333 387//333
f  412//334 413//334 414//334
f  414//335 413//335 192//335
f  414//336 192//336 191//336
f  193//337 192//337 415//337
f  415//338 192//338 413//338
f  415//339 413//339 416//339
f  416//340 413//340 412//340
f  416//341 412//341 417//341
f  194//342 193//342 281//342
f  281//343 193//343 415//343
f  281//344 415//344 418//344
f  418//345 415//345 416//345
f  418//346 416//346 419//346
f  419//347 416//347 417//347
f  419//348 417//348 258//348
f  135//349 355//349 399//349
f  399//350 355//350 391//350
f  399//350 391//350 398//350
f  398//351 391//351 392//351
f  398//352 392//352 396//352
f  396//353 392//353 393//353
f  396//353 393//353 394//353
f  394//354 393//354 258//354
f  109//355 129//355 370//355
f  370//356 129//356 400//356
f  370//357 400//357 254//357
f  254//358 400//358 401//358
f  254//359 401//359 252//359
f  252//360 401//360 402//360
f  252//361 402//361 258//361
f  258//362 420//362 380//362
f  380//363 420//363 421//363
f  380//364 421//364 379//364
f  379//365 421//365 422//365
f  379//366 422//366 378//366
f  378//367 422//367 423//367
f  378//368 423//368 424//368
f  425//369 283//369 426//369
f  426//370 283//370 282//370
f  426//371 282//371 427//371
f  427//372 282//372 187//372
f  427//373 187//373 428//373
f  428//374 187//374 186//374
f  428//375 186//375 185//375
f  197//376 429//376 286//376
f  286//377 429//377 388//377
f  286//377 388//377 430//377
f  430//378 388//378 389//378
f  430//379 389//379 431//379
f  431//380 389//380 390//380
f  431//381 390//381 432//381
f  432//382 390//382 258//382
f  106//383 433//383 81//383
f  81//384 433//384 434//384
f  81//385 434//385 269//385
f  269//386 434//386 435//386
f  258//387 436//387 420//387
f  420//388 436//388 437//388
f  420//389 437//389 421//389
f  421//390 437//390 438//390
f  421//391 438//391 422//391
f  422//392 438//392 439//392
f  422//393 439//393 423//393
f  423//394 439//394 440//394
f  423//395 440//395 441//395
f  442//396 440//396 443//396
f  443//397 440//397 439//397
f  443//398 439//398 444//398
f  444//399 439//399 438//399
f  444//400 438//400 445//400
f  445//401 438//401 437//401
f  445//401 437//401 446//401
f  446//402 437//402 436//402
f  446//403 436//403 447//403
f  447//404 436//404 258//404
f  448//405 425//405 449//405
f  449//406 425//406 426//406
f  449//407 426//407 450//407
f  450//408 426//408 427//408
f  450//409 427//409 451//409
f  451//410 427//410 428//410
f  451//411 428//411 452//411
f  452//412 428//412 185//412
f  452//413 185//413 453//413
f  453//414 185//414 184//414
f  453//415 184//415 183//415
f  258//416 454//416 432//416
f  432//417 454//417 455//417
f  432//418 455//418 431//418
f  431//419 455//419 456//419
f  431//420 456//420 430//420
f  430//421 456//421 457//421
f  430//422 457//422 286//422
f  286//423 457//423 288//423
f  286//424 288//424 287//424
f  287//425 288//425 196//425
f  287//426 196//426 197//426
f  458//427 435//427 459//427
f  459//428 435//428 434//428
f  459//429 434//429 460//429
f  460//430 434//430 433//430
f  460//431 433//431 461//431
f  461//432 433//432 106//432
f  461//433 106//433 462//433
f  462//434 106//434 107//434
f  462//435 107//435 463//435
f  463//436 107//436 108//436
f  463//437 108//437 354//437
f  354//438 108//438 86//438
f  354//439 86//439 116//439
f  120//440 119//440 363//440
f  363//441 119//441 118//441
f  363//442 118//442 442//442
f  442//443 118//443 362//443
f  442//444 362//444 440//444
f  440//445 362//445 111//445
f  440//446 111//446 441//446
f  441//447 111//447 110//447
f  441//448 110//448 423//448
f  423//449 110//449 134//449
f  423//450 134//450 424//450
f  424//451 134//451 133//451
f  424//452 133//452 378//452
f  378//453 133//453 403//453
f  378//454 403//454 251//454
f  251//455 403//455 404//455
f  251//456 404//456 249//456
f  249//457 404//457 405//457
f  249//458 405//458 258//458
f  258//459 448//459 464//459
f  464//460 448//460 449//460
f  464//461 449//461 465//461
f  465//462 449//462 450//462
f  465//462 450//462 466//462
f  466//463 450//463 451//463
f  466//464 451//464 467//464
f  467//465 451//465 452//465
f  467//466 452//466 468//466
f  468//467 452//467 453//467
f  468//468 453//468 469//468
f  469//469 453//469 183//469
f  469//470 183//470 285//470
f  285//471 183//471 182//471
f  285//472 182//472 181//472
f  258//473 470//473 454//473
f  454//474 470//474 471//474
f  454//475 471//475 455//475
f  455//476 471//476 472//476
f  455//476 472//476 456//476
f  456//477 472//477 473//477
f  456//478 473//478 457//478
f  457//479 473//479 474//479
f  457//480 474//480 288//480
f  288//481 474//481 290//481
f  288//482 290//482 289//482
f  289//483 290//483 148//483
f  289//484 148//484 196//484
f  258//485 475//485 476//485
f  476//486 475//486 477//486
f  476//487 477//487 478//487
f  478//488 477//488 479//488
f  478//489 479//489 480//489
f  480//490 479//490 481//490
f  480//491 481//491 482//491
f  482//492 481//492 483//492
f  482//493 483//493 484//493
f  484//494 483//494 485//494
f  484//495 485//495 486//495
f  486//496 485//496 487//496
f  486//497 487//497 488//497
f  488//498 487//498 489//498
f  488//499 489//499 490//499
f  490//500 489//500 491//500
f  490//501 491//501 492//501
f  492//502 491//502 493//502
f  492//503 493//503 494//503
f  494//504 493//504 495//504
f  494//505 495//505 496//505
f  496//506 495//506 497//506
f  496//506 497//506 498//506
f  498//507 497//507 499//507
f  498//508 499//508 500//508
f  500//509 499//509 501//509
f  500//510 501//510 502//510
f  502//511 501//511 503//511
f  502//512 503//512 504//512
f  504//513 503//513 505//513
f  504//514 505//514 506//514
f  506//515 505//515 507//515
f  506//516 507//516 508//516
f  475//517 509//517 477//517
f  477//518 509//518 510//518
f  477//519 510//519 479//519
f  479//520 510//520 511//520
f  479//521 511//521 481//521
f  481//522 511//522 512//522
f  481//523 512//523 483//523
f  483//524 512//524 513//524
f  483//525 513//525 485//525
f  485//526 513//526 514//526
f  485//527 514//527 487//527
f  487//528 514//528 515//528
f  487//529 515//529 489//529
f  489//530 515//530 516//530
f  489//531 516//531 491//531
f  491//532 516//532 517//532
f  491//533 517//533 493//533
f  493//534 517//534 518//534
f  493//535 518//535 495//535
f  495//536 518//536 519//536
f  495//536 519//536 497//536
f  497//537 519//537 520//537
f  497//538 520//538 499//538
f  499//539 520//539 521//539
f  499//540 521//540 501//540
f  501//541 521//541 522//541
f  501//542 522//542 503//542
f  503//543 522//543 523//543
f  503//544 523//544 505//544
f  505//545 523//545 524//545
f  505//546 524//546 507//546
f  509//547 458//547 510//547
f  510//548 458//548 459//548
f  510//549 459//549 511//549
f  511//550 459//550 460//550
f  511//551 460//551 512//551
f  512//552 460//552 461//552
f  512//553 461//553 513//553
f  513//554 461//554 462//554
f  513//555 462//555 514//555
f  514//556 462//556 463//556
f  514//557 463//557 515//557
f  515//558 463//558 354//558
f  515//559 354//559 516//559
f  516//560 354//560 270//560
f  516//561 270//561 517//561
f  517//562 270//562 271//562
f  517//563 271//563 518//563
f  518//564 271//564 353//564
f  518//564 353//564 519//564
f  519//565 353//565 352//565
f  519//566 352//566 520//566
f  520//567 352//567 347//567
f  520//568 347//568 521//568
f  521//569 347//569 348//569
f  521//570 348//570 522//570
f  522//571 348//571 349//571
f  522//572 349//572 523//572
f  523//573 349//573 350//573
f  523//574 350//574 524//574
f  258//575 525//575 447//575
f  447//576 525//576 526//576
f  447//577 526//577 446//577
f  446//578 526//578 527//578
f  446//579 527//579 445//579
f  445//580 527//580 528//580
f  445//581 528//581 444//581
f  444//582 528//582 529//582
f  444//583 529//583 443//583
f  443//584 529//584 530//584
f  443//585 530//585 442//585
f  442//586 530//586 531//586
f  442//587 531//587 363//587
f  363//588 531//588 532//588
f  363//589 532//589 366//589
f  366//590 532//590 533//590
f  366//591 533//591 365//591
f  365//592 533//592 534//592
f  365//593 534//593 364//593
f  364//594 534//594 535//594
f  364//595 535//595 325//595
f  325//596 535//596 536//596
f  325//596 536//596 326//596
f  326//597 536//597 537//597
f  326//598 537//598 327//598
f  327//599 537//599 538//599
f  327//600 538//600 328//600
f  328//601 538//601 539//601
f  328//602 539//602 329//602
f  329//603 539//603 540//603
f  329//604 540//604 330//604
f  330//605 540//605 541//605
f  330//606 541//606 331//606
f  258//607 542//607 525//607
f  525//608 542//608 543//608
f  525//609 543//609 526//609
f  526//610 543//610 544//610
f  526//611 544//611 527//611
f  527//612 544//612 545//612
f  527//613 545//613 528//613
f  528//614 545//614 546//614
f  528//615 546//615 529//615
f  529//616 546//616 547//616
f  529//617 547//617 530//617
f  530//618 547//618 548//618
f  530//619 548//619 531//619
f  531//620 548//620 549//620
f  531//621 549//621 532//621
f  532//622 549//622 550//622
f  532//623 550//623 533//623
f  533//624 550//624 551//624
f  533//625 551//625 534//625
f  534//626 551//626 552//626
f  534//627 552//627 535//627
f  535//628 552//628 553//628
f  535//628 553//628 536//628
f  536//629 553//629 554//629
f  536//630 554//630 537//630
f  537//631 554//631 555//631
f  537//632 555//632 538//632
f  538//633 555//633 556//633
f  538//634 556//634 539//634
f  539//635 556//635 557//635
f  539//636 557//636 540//636
f  540//637 557//637 558//637
f  540//637 558//637 541//637
f  258//638 559//638 542//638
f  542//639 559//639 560//639
f  542//640 560//640 543//640
f  543//641 560//641 561//641
f  543//642 561//642 544//642
f  544//643 561//643 562//643
f  544//644 562//644 545//644
f  545//645 562//645 563//645
f  545//646 563//646 546//646
f  546//647 563//647 564//647
f  546//648 564//648 547//648
f  547//649 564//649 565//649
f  547//650 565//650 548//650
f  548//651 565//651 566//651
f  548//652 566//652 549//652
f  549//653 566//653 567//653
f  549//654 567//654 550//654
f  550//655 567//655 568//655
f  550//656 568//656 551//656
f  551//657 568//657 569//657
f  551//658 569//658 552//658
f  552//659 569//659 570//659
f  552//659 570//659 553//659
f  553//660 570//660 571//660
f  553//661 571//661 554//661
f  554//662 571//662 572//662
f  554//663 572//663 555//663
f  555//664 572//664 573//664
f  555//665 573//665 556//665
f  556//666 573//666 574//666
f  556//667 574//667 557//667
f  557//668 574//668 575//668
f  557//669 575//669 558//669
f  258//670 576//670 559//670
f  559//671 576//671 577//671
f  559//672 577//672 560//672
f  560//673 577//673 578//673
f  560//674 578//674 561//674
f  561//675 578//675 579//675
f  561//676 579//676 562//676
f  562//677 579//677 580//677
f  562//678 580//678 563//678
f  563//679 580//679 581//679
f  563//680 581//680 564//680
f  564//681 581//681 582//681
f  564//682 582//682 565//682
f  565//683 582//683 583//683
f  565//684 583//684 566//684
f  566//685 583//685 584//685
f  566//686 584//686 567//686
f  567//687 584//687 585//687
f  567//688 585//688 568//688
f  568//689 585//689 586//689
f  568//690 586//690 569//690
f  569//691 586//691 587//691
f  569//691 587//691 570//691
f  570//692 587//692 588//692
f  570//693 588//693 571//693
f  571//694 588//694 589//694
f  571//695 589//695 572//695
f  572//696 589//696 590//696
f  572//697 590//697 573//697
f  573//698 590//698 591//698
f  573//699 591//699 574//699
f  574//700 591//700 592//700
f  574//701 592//701 575//701
f  258//702 593//702 576//702
f  576//703 593//703 594//703
f  576//704 594//704 577//704
f  577//705 594//705 595//705
f  577//706 595//706 578//706
f  578//707 595//707 596//707
f  578//708 596//708 579//708
f  579//709 596//709 597//709
f  579//710 597//710 580//710
f  580//711 597//711 598//711
f  580//712 598//712 581//712
f  581//713 598//713 599//713
f  581//714 599//714 582//714
f  582//715 599//715 600//715
f  582//716 600//716 583//716
f  583//717 600//717 601//717
f  583//718 601//718 584//718
f  584//719 601//719 602//719
f  584//720 602//720 585//720
f  585//721 602//721 603//721
f  585//722 603//722 586//722
f  586//723 603//723 604//723
f  586//723 604//723 587//723
f  587//724 604//724 605//724
f  587//725 605//725 588//725
f  588//726 605//726 606//726
f  588//727 606//727 589//727
f  589//728 606//728 607//728
f  589//729 607//729 590//729
f  590//730 607//730 608//730
f  590//731 608//731 591//731
f  591//732 608//732 609//732
f  591//732 609//732 592//732
f  258//733 464//733 593//733
f  593//734 464//734 465//734
f  593//735 465//735 594//735
f  594//736 465//736 466//736
f  594//737 466//737 595//737
f  595//738 466//738 467//738
f  595//739 467//739 596//739
f  596//740 467//740 468//740
f  596//741 468//741 597//741
f  597//742 468//742 469//742
f  597//743 469//743 598//743
f  598//744 469//744 285//744
f  598//745 285//745 599//745
f  599//746 285//746 284//746
f  599//747 284//747 600//747
f  600//748 284//748 320//748
f  600//749 320//749 601//749
f  601//750 320//750 321//750
f  601//751 321//751 602//751
f  602//752 321//752 322//752
f  602//753 322//753 603//753
f  603//754 322//754 323//754
f  603//754 323//754 604//754
f  604//755 323//755 324//755
f  604//756 324//756 605//756
f  605//757 324//757 319//757
f  605//758 319//758 606//758
f  606//759 319//759 318//759
f  606//760 318//760 607//760
f  607//761 318//761 317//761
f  607//762 317//762 608//762
f  608//763 317//763 277//763
f  608//764 277//764 609//764
f  258//765 417//765 259//765
f  259//766 417//766 412//766
f  259//767 412//767 381//767
f  381//768 412//768 414//768
f  381//769 414//769 406//769
f  406//770 414//770 191//770
f  406//771 191//771 407//771
f  407//771 191//771 174//771
f  407//772 174//772 408//772
f  408//773 174//773 190//773
f  408//774 190//774 409//774
f  409//775 190//775 189//775
f  409//776 189//776 410//776
f  410//777 189//777 188//777
f  410//778 188//778 411//778
f  411//779 188//779 283//779
f  411//780 283//780 387//780
f  387//781 283//781 425//781
f  387//782 425//782 265//782
f  265//783 425//783 448//783
f  265//784 448//784 258//784
f  197//785 198//785 429//785
f  429//786 198//786 195//786
f  429//787 195//787 388//787
f  388//788 195//788 281//788
f  388//280 281//280 248//280
f  248//789 281//789 418//789
f  248//790 418//790 246//790
f  246//791 418//791 419//791
f  246//792 419//792 258//792
f  101//793 100//793 351//793
f  351//794 100//794 273//794
f  351//795 273//795 350//795
f  350//796 273//796 610//796
f  350//797 610//797 524//797
f  524//798 610//798 611//798
f  524//799 611//799 507//799
f  507//800 611//800 612//800
f  507//801 612//801 508//801
f  508//802 612//802 613//802
f  163//803 178//803 276//803
f  276//804 178//804 279//804
f  276//805 279//805 277//805
f  277//806 279//806 614//806
f  277//807 614//807 609//807
f  609//808 614//808 615//808
f  609//809 615//809 592//809
f  592//810 615//810 616//810
f  592//811 616//811 575//811
f  575//812 616//812 617//812
f  575//813 617//813 558//813
f  558//814 617//814 618//814
f  558//815 618//815 541//815
f  541//816 618//816 619//816
f  541//817 619//817 331//817
f  331//818 619//818 620//818
f  331//819 620//819 275//819
f  275//820 620//820 621//820
f  275//821 621//821 78//821
f  78//822 621//822 622//822
f  78//823 622//823 79//823
f  100//824 99//824 272//824
f  272//825 99//825 346//825
f  272//826 346//826 273//826
f  273//827 346//827 623//827
f  273//828 623//828 610//828
f  610//829 623//829 624//829
f  610//830 624//830 611//830
f  611//831 624//831 625//831
f  611//832 625//832 612//832
f  612//833 625//833 626//833
f  612//834 626//834 613//834
f  613//835 626//835 627//835
f  178//836 179//836 278//836
f  278//837 179//837 316//837
f  278//838 316//838 279//838
f  279//839 316//839 628//839
f  279//840 628//840 614//840
f  614//841 628//841 629//841
f  614//842 629//842 615//842
f  615//843 629//843 630//843
f  615//844 630//844 616//844
f  616//845 630//845 631//845
f  616//846 631//846 617//846
f  617//847 631//847 632//847
f  617//848 632//848 618//848
f  618//849 632//849 633//849
f  618//850 633//850 619//850
f  619//851 633//851 634//851
f  619//852 634//852 620//852
f  620//853 634//853 635//853
f  620//854 635//854 621//854
f  621//855 635//855 636//855
f  621//856 636//856 622//856
f  622//857 636//857 332//857
f  622//858 332//858 79//858
f  79//859 332//859 125//859
f  98//860 97//860 345//860
f  345//861 97//861 344//861
f  345//862 344//862 346//862
f  346//863 344//863 637//863
f  346//864 637//864 623//864
f  623//865 637//865 638//865
f  623//866 638//866 624//866
f  624//867 638//867 639//867
f  624//868 639//868 625//868
f  625//869 639//869 640//869
f  625//870 640//870 626//870
f  626//871 640//871 641//871
f  626//872 641//872 627//872
f  627//873 641//873 642//873
f  180//874 177//874 315//874
f  315//875 177//875 314//875
f  315//876 314//876 316//876
f  316//876 314//876 643//876
f  316//877 643//877 628//877
f  628//878 643//878 644//878
f  628//879 644//879 629//879
f  629//880 644//880 645//880
f  629//881 645//881 630//881
f  630//882 645//882 646//882
f  630//883 646//883 631//883
f  631//884 646//884 647//884
f  631//885 647//885 632//885
f  632//886 647//886 648//886
f  632//887 648//887 633//887
f  633//888 648//888 649//888
f  633//889 649//889 634//889
f  634//890 649//890 650//890
f  634//891 650//891 635//891
f  635//892 650//892 651//892
f  635//893 651//893 636//893
f  636//894 651//894 652//894
f  636//895 652//895 332//895
f  332//896 652//896 653//896
f  332//897 653//897 274//897
f  274//897 653//897 333//897
f  274//898 333//898 126//898
f  126//899 333//899 127//899
f  301//900 654//900 302//900
f  302//901 654//901 303//901
f  302//902 303//902 161//902
f  161//903 303//903 162//903
f  141//904 655//904 142//904
f  142//905 655//905 656//905
f  142//906 656//906 300//906
f  300//907 656//907 657//907
f  300//908 657//908 301//908
f  301//909 657//909 658//909
f  301//910 658//910 654//910
f  140//911 299//911 141//911
f  141//912 299//912 659//912
f  141//913 659//913 655//913
f  655//914 659//914 660//914
f  655//915 660//915 656//915
f  656//916 660//916 661//916
f  656//917 661//917 657//917
f  657//918 661//918 662//918
f  657//919 662//919 658//919
f  258//920 663//920 470//920
f  470//921 663//921 664//921
f  470//922 664//922 471//922
f  471//923 664//923 665//923
f  471//924 665//924 472//924
f  472//925 665//925 666//925
f  472//926 666//926 473//926
f  473//927 666//927 667//927
f  473//928 667//928 474//928
f  474//929 667//929 668//929
f  474//930 668//930 290//930
f  290//931 668//931 669//931
f  290//932 669//932 291//932
f  291//933 669//933 670//933
f  291//934 670//934 292//934
f  292//935 670//935 671//935
f  292//936 671//936 280//936
f  280//937 671//937 672//937
f  280//938 672//938 293//938
f  293//939 672//939 673//939
f  293//940 673//940 294//940
f  294//941 673//941 674//941
f  294//941 674//941 295//941
f  295//942 674//942 675//942
f  295//943 675//943 296//943
f  296//944 675//944 676//944
f  296//945 676//945 297//945
f  297//946 676//946 677//946
f  297//947 677//947 298//947
f  298//948 677//948 678//948
f  298//949 678//949 299//949
f  299//950 678//950 679//950
f  299//951 679//951 659//951
f  659//952 679//952 680//952
f  659//953 680//953 660//953
f  660//954 680//954 681//954
f  660//955 681//955 661//955
f  661//956 681//956 682//956
f  661//957 682//957 662//957
f  258//958 683//958 663//958
f  663//959 683//959 684//959
f  663//960 684//960 664//960
f  664//961 684//961 685//961
f  664//962 685//962 665//962
f  665//963 685//963 686//963
f  665//964 686//964 666//964
f  666//965 686//965 687//965
f  666//966 687//966 667//966
f  667//967 687//967 688//967
f  667//968 688//968 668//968
f  668//969 688//969 689//969
f  668//970 689//970 669//970
f  669//971 689//971 690//971
f  669//972 690//972 670//972
f  670//973 690//973 691//973
f  670//974 691//974 671//974
f  671//975 691//975 692//975
f  671//976 692//976 672//976
f  672//977 692//977 693//977
f  672//978 693//978 673//978
f  673//979 693//979 694//979
f  673//979 694//979 674//979
f  674//980 694//980 695//980
f  674//981 695//981 675//981
f  675//982 695//982 696//982
f  675//983 696//983 676//983
f  676//984 696//984 697//984
f  676//985 697//985 677//985
f  677//986 697//986 698//986
f  677//987 698//987 678//987
f  678//988 698//988 699//988
f  678//988 699//988 679//988
f  679//989 699//989 700//989
f  679//990 700//990 680//990
f  680//991 700//991 701//991
f  680//992 701//992 681//992
f  681//993 701//993 702//993
f  681//994 702//994 682//994
f  258//995 476//995 683//995
f  683//996 476//996 478//996
f  683//997 478//997 684//997
f  684//998 478//998 480//998
f  684//999 480//999 685//999
f  685//1000 480//1000 482//1000
f  685//1001 482//1001 686//1001
f  686//1002 482//1002 484//1002
f  686//1003 484//1003 687//1003
f  687//1004 484//1004 486//1004
f  687//1005 486//1005 688//1005
f  688//1006 486//1006 488//1006
f  688//1007 488//1007 689//1007
f  689//1008 488//1008 490//1008
f  689//1009 490//1009 690//1009
f  690//1010 490//1010 492//1010
f  690//1011 492//1011 691//1011
f  691//1012 492//1012 494//1012
f  691//1013 494//1013 692//1013
f  692//1014 494//1014 496//1014
f  692//1015 496//1015 693//1015
f  693//1016 496//1016 498//1016
f  693//1016 498//1016 694//1016
f  694//1017 498//1017 500//1017
f  694//1018 500//1018 695//1018
f  695//1019 500//1019 502//1019
f  695//1020 502//1020 696//1020
f  696//1021 502//1021 504//1021
f  696//1022 504//1022 697//1022
f  697//1023 504//1023 506//1023
f  697//1024 506//1024 698//1024
f  698//1025 506//1025 508//1025
f  698//1026 508//1026 699//1026
f  699//1027 508//1027 613//1027
f  699//1028 613//1028 700//1028
f  700//1029 613//1029 627//1029
f  700//1030 627//1030 701//1030
f  701//1031 627//1031 642//1031
f  701//1032 642//1032 702//1032
f  82//1033 269//1033 355//1033
f  355//386 269//386 435//386
f  355//1034 435//1034 367//1034
f  367//1035 435//1035 458//1035
f  367//1036 458//1036 257//1036
f  257//1037 458//1037 509//1037
f  257//1038 509//1038 255//1038
f  255//1039 509//1039 475//1039
f  255//1040 475//1040 258//1040
f  702//1041 703//1041 682//1041
f  682//1042 703//1042 704//1042
f  682//1043 704//1043 662//1043
f  662//1044 704//1044 705//1044
f  662//1045 705//1045 658//1045
f  658//1045 705//1045 706//1045
f  658//1046 706//1046 654//1046
f  654//1047 706//1047 707//1047
f  654//1048 707//1048 303//1048
f  303//1049 707//1049 708//1049
f  303//1050 708//1050 304//1050
f  304//1051 708//1051 709//1051
f  304//1052 709//1052 305//1052
f  305//1053 709//1053 710//1053
f  305//1054 710//1054 306//1054
f  306//1055 710//1055 711//1055
f  306//1056 711//1056 307//1056
f  307//1057 711//1057 712//1057
f  307//1058 712//1058 308//1058
f  308//1059 712//1059 713//1059
f  308//1060 713//1060 309//1060
f  309//1060 713//1060 714//1060
f  309//1061 714//1061 310//1061
f  310//1062 714//1062 715//1062
f  310//1063 715//1063 313//1063
f  313//1064 715//1064 716//1064
f  313//1065 716//1065 312//1065
f  312//1066 716//1066 717//1066
f  312//1067 717//1067 311//1067
f  311//1068 717//1068 718//1068
f  311//1069 718//1069 314//1069
f  314//1069 718//1069 719//1069
f  314//1070 719//1070 643//1070
f  643//1071 719//1071 720//1071
f  643//1072 720//1072 644//1072
f  644//1073 720//1073 721//1073
f  644//1074 721//1074 645//1074
f  645//1075 721//1075 722//1075
f  645//1076 722//1076 646//1076
f  646//1077 722//1077 723//1077
f  646//1078 723//1078 647//1078
f  647//1079 723//1079 724//1079
f  647//1080 724//1080 648//1080
f  648//1081 724//1081 725//1081
f  648//1082 725//1082 649//1082
f  649//1083 725//1083 726//1083
f  649//1084 726//1084 650//1084
f  650//1085 726//1085 727//1085
f  650//1086 727//1086 651//1086
f  651//1087 727//1087 728//1087
f  651//1088 728//1088 652//1088
f  652//1088 728//1088 729//1088
f  652//1089 729//1089 653//1089
f  653//1090 729//1090 730//1090
f  653//1091 730//1091 333//1091
f  333//1092 730//1092 731//1092
f  333//1093 731//1093 334//1093
f  334//1093 731//1093 732//1093
f  334//1094 732//1094 335//1094
f  335//1095 732//1095 733//1095
f  335//1096 733//1096 336//1096
f  336//1097 733//1097 734//1097
f  336//1098 734//1098 337//1098
f  337//1099 734//1099 735//1099
f  337//1100 735//1100 338//1100
f  338//1101 735//1101 736//1101
f  338//1102 736//1102 339//1102
f  339//1102 736//1102 737//1102
f  339//1103 737//1103 340//1103
f  340//1104 737//1104 738//1104
f  340//1105 738//1105 343//1105
f  343//1106 738//1106 739//1106
f  343//1107 739//1107 342//1107
f  342//1108 739//1108 740//1108
f  342//1109 740//1109 341//1109
f  341//1110 740//1110 741//1110
f  341//1111 741//1111 344//1111
f  344//1112 741//1112 742//1112
f  344//1113 742//1113 637//1113
f  637//1114 742//1114 743//1114
f  637//1115 743//1115 638//1115
f  638//1116 743//1116 744//1116
f  638//1117 744//1117 639//1117
f  639//1117 744//1117 745//1117
f  639//1118 745//1118 640//1118
f  640//1119 745//1119 746//1119
f  640//1120 746//1120 641//1120
f  641//1121 746//1121 747//1121
f  641//1122 747//1122 642//1122
f  642//1123 747//1123 748//1123
f  642//1124 748//1124 702//1124
f  702//1125 748//1125 703//1125
f  703//1126 200//1126 704//1126
f  704//1127 200//1127 199//1127
f  704//1128 199//1128 705//1128
f  705//1129 199//1129 202//1129
f  705//1130 202//1130 706//1130
f  706//1131 202//1131 203//1131
f  706//1132 203//1132 707//1132
f  707//1133 203//1133 204//1133
f  707//1134 204//1134 708//1134
f  708//1135 204//1135 205//1135
f  708//1136 205//1136 709//1136
f  709//1136 205//1136 206//1136
f  709//1137 206//1137 710//1137
f  710//1138 206//1138 207//1138
f  710//1139 207//1139 711//1139
f  711//1140 207//1140 208//1140
f  711//1141 208//1141 712//1141
f  712//1142 208//1142 209//1142
f  712//1143 209//1143 713//1143
f  713//1144 209//1144 210//1144
f  713//1145 210//1145 714//1145
f  714//1145 210//1145 211//1145
f  714//1146 211//1146 715//1146
f  715//1147 211//1147 212//1147
f  715//1148 212//1148 716//1148
f  716//1149 212//1149 213//1149
f  716//1150 213//1150 717//1150
f  717//1151 213//1151 214//1151
f  717//1152 214//1152 718//1152
f  718//1153 214//1153 215//1153
f  718//1154 215//1154 719//1154
f  719//1154 215//1154 216//1154
f  719//1155 216//1155 720//1155
f  720//1155 216//1155 217//1155
f  720//1156 217//1156 721//1156
f  721//1157 217//1157 218//1157
f  721//1158 218//1158 722//1158
f  722//1159 218//1159 219//1159
f  722//1160 219//1160 723//1160
f  723//1161 219//1161 220//1161
f  723//1162 220//1162 724//1162
f  724//1163 220//1163 221//1163
f  724//1164 221//1164 725//1164
f  725//1165 221//1165 222//1165
f  725//1166 222//1166 726//1166
f  726//1167 222//1167 223//1167
f  726//1168 223//1168 727//1168
f  727//1169 223//1169 224//1169
f  727//1170 224//1170 728//1170
f  728//1171 224//1171 225//1171
f  728//1172 225//1172 729//1172
f  729//1173 225//1173 226//1173
f  729//1174 226//1174 730//1174
f  730//1175 226//1175 227//1175
f  730//1176 227//1176 731//1176
f  731//1176 227//1176 228//1176
f  731//1177 228//1177 732//1177
f  732//1177 228//1177 229//1177
f  732//1178 229//1178 733//1178
f  733//1179 229//1179 230//1179
f  733//1180 230//1180 734//1180
f  734//1181 230//1181 231//1181
f  734//1182 231//1182 735//1182
f  735//1183 231//1183 232//1183
f  735//1184 232//1184 736//1184
f  736//1185 232//1185 233//1185
f  736//1186 233//1186 737//1186
f  737//1186 233//1186 234//1186
f  737//1187 234//1187 738//1187
f  738//1188 234//1188 235//1188
f  738//1189 235//1189 739//1189
f  739//1190 235//1190 236//1190
f  739//1191 236//1191 740//1191
f  740//1192 236//1192 237//1192
f  740//1193 237//1193 741//1193
f  741//1194 237//1194 238//1194
f  741//1195 238//1195 742//1195
f  742//1195 238//1195 239//1195
f  742//1196 239//1196 743//1196
f  743//1196 239//1196 240//1196
f  743//1197 240//1197 744//1197
f  744//1198 240//1198 241//1198
f  744//1199 241//1199 745//1199
f  745//1200 241//1200 242//1200
f  745//1201 242//1201 746//1201
f  746//1202 242//1202 243//1202
f  746//1203 243//1203 747//1203
f  747//1204 243//1204 244//1204
f  747//1205 244//1205 748//1205
f  748//1206 244//1206 245//1206
f  748//1207 245//1207 703//1207
f  703//1208 245//1208 200//1208

