# File produced by Open Asset Import Library (http://www.assimp.sf.net)
# (assimp v5.2.0)

mtllib torso_constraint_R_link.mtl

# 2005 vertex positions
v  0.0155338412 0.0248525012 -0.00289831404
v  0.0150462864 0.025424391 -0.00306924316
v  0.0155337555 0.0253167413 -0.00276490487
v  0.0150461979 0.0259050634 -0.00286564347
v  0.0155336726 0.0257615149 -0.00257651089
v  0.015046115 0.0263576899 -0.00260558887
v  0.0155335972 0.0261803381 -0.00233587902
v  0.0150460396 0.0267756712 -0.00229287264
v  0.0155335274 0.0265671015 -0.00204651826
v  0.0150459735 0.0271529108 -0.00193205453
v  0.0155334659 0.0269161668 -0.00171264762
v  0.0150459167 0.0274839085 -0.00152839569
v  0.0155334128 0.0272224434 -0.00133913639
v  0.0150458692 0.0277638361 -0.0010877829
v  0.015533369 0.0274814647 -0.000931430899
v  0.0150458338 0.0279886127 -0.000616641017
v  0.0155333364 0.0276894532 -0.000495476241
v  0.0150458086 0.0281549618 -0.000121840334
v  0.0155333132 0.0278433785 -3.76299868e-05
v  0.0150457965 0.0282604545 0.000389403634
v  0.015533302 0.0279409941 0.000435431721
v  0.0150457956 0.0283035561 0.000909636088
v  0.015533301 0.0279808752 0.000916810357
v  0.0150458068 0.028283637 0.00143127062
v  0.0155333122 0.0279624425 0.00139948656
v  0.01504583 0.0282009859 0.00194670074
v  0.0155333336 0.027885966 0.00187642174
v  0.0150458654 0.0280568078 0.00244841026
v  0.0155333653 0.0277525559 0.0023406609
v  0.0150459111 0.0278532095 0.0029290833
v  0.0155334082 0.0275641624 0.00278543471
v  0.015045967 0.0275931545 0.00338171027
v  0.0155334594 0.027323531 0.00320425723
v  0.0150460331 0.0272804387 0.0037996911
v  0.0155335208 0.0270341691 0.00359102106
v  0.0150461067 0.0269196201 0.00417693052
v  0.0155335888 0.0267002992 0.00394008635
v  0.0150461886 0.0265159607 0.00450792769
v  0.0155336652 0.0263267867 0.00424636295
v  0.0150462771 0.0260753483 0.00478785578
v  0.0155337462 0.0259190816 0.00450538471
v  0.0150463693 0.0256042071 0.00501263328
v  0.0155338328 0.0254831277 0.00471337419
v  0.0150464661 0.0251094066 0.00517898146
v  0.0155339222 0.0250252821 0.00486729899
v  0.0150465649 0.0245981626 0.00528447516
v  0.0155340135 0.0245522186 0.00496491371
v  0.0150466654 0.0240779296 0.00532757677
v  0.0155341057 0.0240708403 0.00500479573
v  0.0150467642 0.0235562939 0.00530765625
v  0.015534197 0.0235881638 0.004986363
v  0.015046861 0.0230408646 0.00522500509
v  0.0155342873 0.0231112298 0.00490988512
v  0.0150469542 0.0225391556 0.00508082844
v  0.0155343739 0.0226469897 0.00477647595
v  0.0150470436 0.0220584814 0.00487722876
v  0.0155344559 0.0222022161 0.00458808197
v  0.0150471255 0.0216058549 0.00461717416
v  0.0155345323 0.0217833947 0.0043474501
v  0.015047201 0.0211878736 0.00430445792
v  0.0155346012 0.0213966295 0.00405808911
v  0.0150472671 0.0208106339 0.00394363981
v  0.0155346626 0.0210475642 0.00372421881
v  0.0150473248 0.0204796381 0.00353998109
v  0.0155347157 0.0207412876 0.00335070747
v  0.0150473714 0.0201997105 0.00309936819
v  0.0155347595 0.0204822663 0.00294300192
v  0.0150474068 0.0199749321 0.0026282263
v  0.0155347921 0.0202742778 0.00250704749
v  0.0150474319 0.0198085848 0.00213342556
v  0.0155348154 0.0201203525 0.00204920117
v  0.015047444 0.0197030902 0.00162218174
v  0.0155348266 0.0200227369 0.00157613936
v  0.015047445 0.0196599886 0.00110194925
v  0.0155348275 0.0199828558 0.00109476072
v  0.0150474338 0.0196799096 0.000580314721
v  0.0155348172 0.0200012885 0.000612084579
v  0.0150474105 0.0197625607 6.48846108e-05
v  0.0155347949 0.0200777669 0.000135149414
v  0.0150473751 0.0199067369 -0.000436825008
v  0.0155347632 0.0202111751 -0.000329089788
v  0.0150473295 0.0201103371 -0.000917497964
v  0.0155347204 0.0203995686 -0.000773863576
v  0.0150472736 0.0203703921 -0.00137012498
v  0.0155346692 0.0206402019 -0.00119268603
v  0.0150472084 0.0206831079 -0.00178810582
v  0.0155346077 0.0209295619 -0.00157944998
v  0.0150471339 0.0210439265 -0.00216534524
v  0.0155345397 0.0212634318 -0.00192851515
v  0.0150470519 0.021447584 -0.00249634241
v  0.0155344633 0.0216369443 -0.00223479187
v  0.0150469644 0.0218881965 -0.0027762705
v  0.0155343823 0.0220446493 -0.0024938134
v  0.0150468713 0.0223593395 -0.003001048
v  0.0155342966 0.0224806033 -0.00270180288
v  0.0150467744 0.02285414 -0.00316739618
v  0.0155342072 0.0229384508 -0.00285572768
v  0.0150466757 0.023365384 -0.00327289011
v  0.015534115 0.0234115124 -0.00295334286
v  0.015046576 0.023885617 -0.00331599149
v  0.0155340228 0.0238928907 -0.00299322465
v  0.0150464764 0.0244072508 -0.00329607097
v  0.0155339316 0.0243755672 -0.00297479215
v  0.0150463795 0.0249226801 -0.00321341981
v  0.0145244664 0.0255123079 -0.00331786112
v  0.0145243723 0.0260223076 -0.00310183899
v  0.0145242848 0.0265025496 -0.00282591861
v  0.0145242056 0.0269460324 -0.0024941226
v  0.0145241348 0.0273462888 -0.00211129035
v  0.0145240743 0.0276974794 -0.00168300362
v  0.014524024 0.0279944874 -0.00121550809
v  0.0145239858 0.0282329787 -0.000715621107
v  0.0145239597 0.0284094755 -0.000190631763
v  0.0145239467 0.0285214074 0.000351804221
v  0.0145239457 0.0285671372 0.000903776963
v  0.0145239579 0.0285460018 0.00145723741
v  0.014523983 0.0284583084 0.00200411491
v  0.0145240193 0.028305335 0.00253643468
v  0.0145240687 0.0280893128 0.00304643437
v  0.0145241283 0.0278133918 0.00352667714
v  0.0145241972 0.0274815969 0.00397015968
v  0.0145242764 0.0270987637 0.00437041512
v  0.014524363 0.0266704764 0.00472160708
v  0.0145244561 0.0262029823 0.00501861423
v  0.0145245548 0.0257030949 0.00525710545
v  0.0145246573 0.0251781046 0.00543360319
v  0.0145247625 0.0246356688 0.00554553373
v  0.0145248687 0.0240836963 0.00559126399
v  0.0145249739 0.0235302355 0.00557012856
v  0.0145250764 0.0229833592 0.00548243476
v  0.014525176 0.0224510394 0.00532946177
v  0.0145252692 0.0219410397 0.00511343963
v  0.0145253567 0.0214607958 0.00483751902
v  0.0145254368 0.0210173149 0.00450572325
v  0.0145255076 0.0206170585 0.004122891
v  0.0145255681 0.0202658661 0.00369460415
v  0.0145256175 0.0199688599 0.00322710862
v  0.0145256557 0.0197303686 0.0027272217
v  0.0145256817 0.01955387 0.00220223237
v  0.0145256957 0.0194419399 0.00165979634
v  0.0145256957 0.0193962101 0.00110782357
v  0.0145256836 0.0194173455 0.000554363127
v  0.0145256594 0.0195050389 7.48564071e-06
v  0.0145256221 0.0196580123 -0.000524834206
v  0.0145255737 0.0198740344 -0.00103483384
v  0.0145255141 0.0201499555 -0.00151507661
v  0.0145254442 0.0204817504 -0.00195855903
v  0.014525366 0.0208645836 -0.0023588147
v  0.0145252794 0.021292869 -0.00271000643
v  0.0145251853 0.021760365 -0.00300701358
v  0.0145250866 0.0222602524 -0.00324550504
v  0.0145249842 0.0227852408 -0.00342200254
v  0.0145248799 0.0233276766 -0.00353393308
v  0.0145247737 0.0238796491 -0.00357966358
v  0.0145246685 0.0244331099 -0.00355852814
v  0.014524566 0.0249799881 -0.00347083434
v  0.0139754312 0.0255792905 -0.00350735895
v  0.0139753334 0.0261116438 -0.00328186876
v  0.0139752422 0.0266129356 -0.00299385423
v  0.0139751583 0.0270758551 -0.00264751608
v  0.0139750848 0.0274936538 -0.00224790443
v  0.0139750214 0.0278602391 -0.00180084584
v  0.0139749693 0.0281702634 -0.00131286029
v  0.0139749302 0.0284192078 -0.000791062892
v  0.0139749032 0.028603442 -0.000243063347
v  0.0139748892 0.0287202783 0.000323147484
v  0.0139748883 0.0287680142 0.000899313192
v  0.0139749004 0.0287459511 0.00147703185
v  0.0139749264 0.0286544133 0.00204787892
v  0.0139749646 0.0284947362 0.00260353042
v  0.0139750158 0.0282692462 0.00313588348
v  0.0139750782 0.027981231 0.00363717508
v  0.0139751509 0.0276348926 0.00410009548
v  0.0139752328 0.0272352807 0.00451789424
v  0.0139753232 0.0267882235 0.0048844791
v  0.013975421 0.0263002366 0.00519450381
v  0.0139755234 0.0257784408 0.0054434482
v  0.0139756305 0.0252304412 0.0056276815
v  0.0139757404 0.0246642288 0.00574451778
v  0.0139758512 0.0240880642 0.00579225272
v  0.0139759602 0.0235103443 0.00577019108
v  0.0139760682 0.0229394976 0.00567865372
v  0.0139761716 0.0223838463 0.00551897567
v  0.0139762694 0.021851493 0.00529348524
v  0.0139763607 0.0213502012 0.00500547094
v  0.0139764445 0.0208872817 0.00465913257
v  0.0139765181 0.020469483 0.00425952114
v  0.0139765814 0.0201028977 0.00381246232
v  0.0139766326 0.0197928734 0.00332447677
v  0.0139766727 0.019543929 0.00280267955
v  0.0139766997 0.0193596948 0.0022546798
v  0.0139767136 0.0192428604 0.00168846908
v  0.0139767146 0.0191951245 0.00111230335
v  0.0139767025 0.0192171857 0.000534584688
v  0.0139766764 0.0193087235 -3.62624887e-05
v  0.0139766382 0.0194684025 -0.000591913878
v  0.013976587 0.0196938924 -0.00112426688
v  0.0139765246 0.0199819058 -0.00162555848
v  0.0139764519 0.0203282442 -0.00208847877
v  0.01397637 0.0207278561 -0.00250627776
v  0.0139762796 0.0211749151 -0.00287286239
v  0.0139761819 0.0216629002 -0.00318288733
v  0.0139760794 0.0221846979 -0.00343183172
v  0.0139759723 0.0227326974 -0.00361606502
v  0.0139758624 0.023298908 -0.00373290107
v  0.0139757516 0.0238750745 -0.00378063647
v  0.0139756426 0.0244527925 -0.00375857437
v  0.0139755346 0.0250236392 -0.00366703724
v  0.0134066874 0.0256244242 -0.00363514619
v  0.0134065868 0.0261718519 -0.00340327108
v  0.0134064928 0.0266873371 -0.00310710119
v  0.0134064071 0.0271633659 -0.00275095622
v  0.0134063317 0.0275929961 -0.00234002876
v  0.0134062665 0.0279699601 -0.00188031129
v  0.0134062134 0.028288763 -0.00137850759
v  0.0134061724 0.0285447575 -0.000841935165
v  0.0134061445 0.0287342072 -0.000278418389
v  0.0134061296 0.0288543515 0.000303825509
v  0.0134061286 0.0289034396 0.00089630601
v  0.0134061417 0.0288807526 0.00149038341
v  0.0134061687 0.028786622 0.00207739463
v  0.0134062078 0.0286224224 0.00264878012
v  0.0134062599 0.0283905473 0.00319620711
v  0.0134063242 0.0280943774 0.00371169345
v  0.0134063987 0.027738234 0.00418772222
v  0.0134064835 0.0273273066 0.00461735157
v  0.0134065766 0.026867589 0.00499431603
v  0.0134066772 0.0263657849 0.00531311985
v  0.0134067824 0.0258292127 0.00556911342
v  0.0134068932 0.0252656955 0.00575856399
v  0.0134070059 0.0246834513 0.00587870786
v  0.0134071195 0.0240909718 0.00592779508
v  0.0134072322 0.0234968942 0.00590510853
v  0.0134073421 0.0229098815 0.00581097882
v  0.0134074492 0.0223384965 0.0056467792
v  0.0134075498 0.0217910707 0.0054149041
v  0.0134076439 0.0212755837 0.0051187342
v  0.0134077296 0.0207995549 0.00476258947
v  0.013407805 0.0203699265 0.00435166201
v  0.0134078702 0.0199929606 0.00389194442
v  0.0134079233 0.0196741577 0.0033901406
v  0.0134079643 0.0194181632 0.00285356841
v  0.0134079922 0.0192287136 0.00229005143
v  0.0134080071 0.0191085692 0.00170780765
v  0.0134080071 0.019059483 0.00111532712
v  0.0134079941 0.0190821681 0.00052124972
v  0.013407968 0.0191762988 -6.57615892e-05
v  0.0134079279 0.0193404984 -0.000637146935
v  0.0134078758 0.0195723735 -0.0011845741
v  0.0134078125 0.0198685434 -0.00170006044
v  0.013407737 0.0202246886 -0.00217608921
v  0.0134076532 0.020635616 -0.00260571833
v  0.0134075601 0.0210953318 -0.00298268301
v  0.0134074595 0.0215971358 -0.00330148684
v  0.0134073533 0.022133708 -0.00355748041
v  0.0134072434 0.0226972252 -0.00374693074
v  0.0134071307 0.0232794695 -0.00386707485
v  0.0134070171 0.0238719508 -0.00391616207
v  0.0134069044 0.0244660266 -0.00389347528
v  0.0134067945 0.0250530392 -0.00379934558
v  0.0128260124 0.0256470889 -0.0036994752
v  0.01282591 0.026202105 -0.00346438563
v  0.012825815 0.026724739 -0.00316411024
v  0.0128257284 0.0272073653 -0.00280302786
v  0.0128256511 0.0276429504 -0.0023864035
v  0.012825585 0.0280251428 -0.00192031323
v  0.012825531 0.0283483658 -0.00141155301
v  0.012825489 0.0286079068 -0.000867542112
v  0.0128254611 0.0287999846 -0.000296213169
v  0.0128254462 0.0289217941 0.00029410221
v  0.0128254462 0.0289715622 0.000894796278
v  0.0128254592 0.0289485604 0.00149710942
v  0.0128254863 0.0288531259 0.00209225854
v  0.0128255263 0.0286866501 0.00267156493
v  0.0128255785 0.0284515601 0.00322658103
v  0.0128256436 0.0281512849 0.00374921365
v  0.0128257191 0.0277902018 0.0042318413
v  0.0128258048 0.0273735784 0.00466742646
v  0.0128258998 0.0269074887 0.00504961703
v  0.0128260013 0.0263987277 0.00537284045
v  0.0128261084 0.0258547161 0.00563238235
v  0.0128262201 0.0252833888 0.00582445972
v  0.0128263347 0.0246930718 0.00594626926
v  0.0128264492 0.0240923781 0.00599603681
v  0.0128265638 0.0234900657 0.00597303547
v  0.0128266755 0.0228949171 0.00587760098
v  0.0128267836 0.0223156102 0.00571112521
v  0.012826886 0.0217605941 0.00547603564
v  0.012826981 0.0212379619 0.00517576002
v  0.0128270676 0.0207553338 0.00481467787
v  0.0128271449 0.0203197487 0.00439805351
v  0.0128272111 0.0199375581 0.00393196335
v  0.0128272651 0.0196143351 0.00342320302
v  0.012827307 0.0193547923 0.00287919212
v  0.0128273349 0.0191627163 0.00230786321
v  0.0128273498 0.0190409049 0.00171754789
v  0.0128273498 0.0189911388 0.00111685379
v  0.0128273368 0.0190141387 0.000514540705
v  0.0128273098 0.0191095732 -8.06083772e-05
v  0.0128272697 0.019276049 -0.000659914804
v  0.0128272176 0.019511139 -0.00121493102
v  0.0128271524 0.0198114142 -0.00173756352
v  0.0128270769 0.0201724973 -0.00222019129
v  0.0128269913 0.0205891207 -0.00265577645
v  0.0128268963 0.0210552122 -0.00303796725
v  0.0128267948 0.0215639714 -0.00336119044
v  0.0128266877 0.022107983 -0.00362073258
v  0.0128265759 0.0226793122 -0.00381280947
v  0.0128264613 0.0232696272 -0.00393461948
v  0.0128263468 0.023870321 -0.00398438657
v  0.0128262322 0.0244726334 -0.00396138523
v  0.0128261205 0.0250677839 -0.00386595097
v  0.0122413449 0.025646979 -0.00369946659
v  0.0122412425 0.0262019951 -0.00346437702
v  0.0122411475 0.0267246272 -0.00316410162
v  0.0122410608 0.0272072554 -0.00280301948
v  0.0122409835 0.0276428405 -0.00238639489
v  0.0122409174 0.0280250311 -0.00192030473
v  0.0122408634 0.028348254 -0.00141154439
v  0.0122408224 0.028607795 -0.000867533556
v  0.0122407936 0.0287998728 -0.000296204642
v  0.0122407796 0.0289216824 0.000294110738
v  0.0122407787 0.0289714504 0.000894804776
v  0.0122407917 0.0289484486 0.00149711792
v  0.0122408187 0.0288530141 0.00209226692
v  0.0122408587 0.0286865383 0.00267157331
v  0.0122409118 0.0284514483 0.00322658964
v  0.0122409761 0.0281511731 0.00374922203
v  0.0122410525 0.0277900919 0.00423184969
v  0.0122411381 0.0273734666 0.00466743484
v  0.0122412322 0.0269073769 0.00504962588
v  0.0122413337 0.0263986159 0.00537284929
v  0.0122414408 0.0258546062 0.0056323912
v  0.0122415526 0.025283277 0.0058244681
v  0.0122416671 0.0246929619 0.00594627811
v  0.0122417826 0.0240922663 0.00599604519
v  0.0122418962 0.023489954 0.00597304385
v  0.0122420089 0.0228948053 0.00587760936
v  0.012242117 0.0223154984 0.00571113359
v  0.0122422185 0.0217604823 0.00547604403
v  0.0122423144 0.0212378502 0.00517576886
v  0.012242401 0.0207552221 0.00481468672
v  0.0122424774 0.0203196369 0.00439806189
v  0.0122425435 0.0199374463 0.00393197173
v  0.0122425975 0.0196142234 0.00342321163
v  0.0122426394 0.0193546806 0.00287920074
v  0.0122426674 0.0191626046 0.00230787182
v  0.0122426823 0.019040795 0.00171755638
v  0.0122426832 0.018991027 0.00111686229
v  0.0122426692 0.0190140288 0.000514549203
v  0.0122426432 0.0191094633 -8.05998498e-05
v  0.0122426031 0.0192759391 -0.000659906247
v  0.01224255 0.0195110273 -0.00121492252
v  0.0122424848 0.0198113024 -0.00173755502
v  0.0122424094 0.0201723855 -0.00222018268
v  0.0122423237 0.0205890108 -0.00265576784
v  0.0122422287 0.0210551005 -0.00303795864
v  0.0122421272 0.0215638597 -0.00336118205
v  0.0122420201 0.0221078712 -0.00362072396
v  0.0122419083 0.0226792004 -0.00381280086
v  0.0122417938 0.0232695155 -0.00393461064
v  0.0122416792 0.0238702092 -0.00398437819
v  0.0122415647 0.0244725235 -0.00396137685
v  0.0122414529 0.0250676721 -0.00386594259
v  0.0116606802 0.0256240908 -0.00363512081
v  0.0116605787 0.0261715185 -0.00340324547
v  0.0116604846 0.0266870055 -0.00310707581
v  0.0116603998 0.0271630343 -0.00275093084
v  0.0116603235 0.0275926627 -0.00234000338
v  0.0116602583 0.0279696267 -0.00188028591
v  0.0116602052 0.0282884315 -0.00137848209
v  0.0116601642 0.0285444241 -0.000841909728
v  0.0116601363 0.0287338756 -0.000278392952
v  0.0116601223 0.0288540199 0.000303850946
v  0.0116601214 0.0289031062 0.000896331505
v  0.0116601344 0.0288804192 0.0014904089
v  0.0116601605 0.0287862904 0.00207742024
v  0.0116602005 0.0286220908 0.0026488055
v  0.0116602527 0.0283902157 0.00319623272
v  0.011660316 0.0280940458 0.00371171907
v  0.0116603915 0.0277379006 0.00418774784
v  0.0116604762 0.0273269732 0.00461737672
v  0.0116605684 0.0268672556 0.00499434164
v  0.011660669 0.0263654515 0.00531314546
v  0.0116607752 0.0258288793 0.00556913903
v  0.0116608851 0.0252653621 0.00575858913
v  0.0116609978 0.0246831197 0.00587873347
v  0.0116611114 0.0240906384 0.00592782069
v  0.0116612241 0.0234965608 0.00590513367
v  0.0116613349 0.02290955 0.00581100443
v  0.0116614411 0.022338165 0.00564680481
v  0.0116615416 0.0217907373 0.00541492971
v  0.0116616357 0.0212752502 0.00511875981
v  0.0116617214 0.0207992215 0.00476261461
v  0.0116617968 0.0203695931 0.00435168715
v  0.011661862 0.0199926291 0.0038919698
v  0.011661916 0.0196738243 0.00339016621
v  0.011661957 0.0194178317 0.00285359379
v  0.011661985 0.0192283802 0.00229007704
v  0.0116619989 0.0191082358 0.00170783303
v  0.0116619999 0.0190591495 0.0011153525
v  0.0116619868 0.0190818366 0.000521275157
v  0.0116619598 0.0191759653 -6.57361379e-05
v  0.0116619207 0.019340165 -0.00063712144
v  0.0116618685 0.0195720401 -0.0011845486
v  0.0116618043 0.01986821 -0.00170003495
v  0.0116617298 0.0202243552 -0.0021760636
v  0.011661645 0.0206352826 -0.00260569295
v  0.0116615519 0.0210950002 -0.00298265764
v  0.0116614522 0.0215968043 -0.00330146123
v  0.0116613461 0.0221333764 -0.00355745479
v  0.0116612362 0.0226968937 -0.00374690513
v  0.0116611235 0.023279136 -0.00386704947
v  0.0116610099 0.0238716174 -0.00391613645
v  0.0116608972 0.024465695 -0.0038934499
v  0.0116607863 0.0250527058 -0.0037993202
v  0.0110919569 0.025578741 -0.00350731681
v  0.0110918591 0.0261110943 -0.00328182662
v  0.0110917678 0.0266123861 -0.00299381232
v  0.0110916849 0.0270753074 -0.00264747418
v  0.0110916104 0.0274931062 -0.00224786252
v  0.011091548 0.0278596897 -0.00180080382
v  0.0110914959 0.0281697158 -0.00131281826
v  0.0110914558 0.0284186602 -0.000791020866
v  0.0110914288 0.0286028925 -0.000243021306
v  0.0110914148 0.0287197288 0.00032318951
v  0.0110914139 0.0287674647 0.000899355218
v  0.0110914269 0.0287454017 0.00147707388
v  0.0110914521 0.0286538657 0.00204792107
v  0.0110914912 0.0284941867 0.00260357233
v  0.0110915415 0.0282686967 0.00313592539
v  0.0110916039 0.0279806815 0.00363721699
v  0.0110916765 0.0276343431 0.00410013739
v  0.0110917585 0.0272347331 0.00451793615
v  0.0110918488 0.0267876741 0.00488452101
v  0.0110919466 0.0262996871 0.00519454572
v  0.01109205 0.0257778913 0.00544349011
v  0.0110921571 0.0252298918 0.00562772341
v  0.0110922661 0.0246636812 0.00574455969
v  0.0110923769 0.0240875147 0.00579229509
v  0.0110924868 0.0235097967 0.00577023299
v  0.0110925939 0.0229389481 0.00567869563
v  0.0110926973 0.0223832969 0.00551901758
v  0.011092796 0.0218509436 0.00529352715
v  0.0110928873 0.0213496536 0.00500551285
v  0.0110929701 0.0208867323 0.00465917494
v  0.0110930437 0.0204689335 0.00425956305
v  0.0110931071 0.0201023482 0.00381250447
v  0.0110931592 0.0197923239 0.00332451891
v  0.0110931993 0.0195433795 0.00280272146
v  0.0110932263 0.0193591472 0.00225472194
v  0.0110932402 0.0192423109 0.00168851111
v  0.0110932402 0.019194575 0.00111234537
v  0.0110932281 0.0192166362 0.000534626713
v  0.011093202 0.019308174 -3.62204555e-05
v  0.0110931639 0.019467853 -0.000591871794
v  0.0110931126 0.019693343 -0.00112422486
v  0.0110930512 0.0199813563 -0.00162551645
v  0.0110929785 0.0203276947 -0.00208843686
v  0.0110928956 0.0207273066 -0.00250623561
v  0.0110928053 0.0211743657 -0.00287282048
v  0.0110927075 0.0216623507 -0.00318284519
v  0.0110926051 0.0221841484 -0.00343178958
v  0.011092498 0.0227321479 -0.00361602288
v  0.0110923881 0.0232983585 -0.00373285916
v  0.0110922782 0.023874525 -0.00378059433
v  0.0110921683 0.024452243 -0.00375853246
v  0.0110920602 0.0250230897 -0.00366699509
v  0.0105429534 0.0255115498 -0.00331780291
v  0.0105428593 0.0260215495 -0.00310178101
v  0.0105427718 0.0265017916 -0.0028258604
v  0.0105426917 0.0269452743 -0.00249406463
v  0.0105426209 0.0273455307 -0.00211123214
v  0.0105425604 0.0276967213 -0.00168294553
v  0.010542511 0.0279937293 -0.00121545012
v  0.0105424728 0.0282322206 -0.000715563074
v  0.0105424467 0.0284087174 -0.00019057373
v  0.0105424337 0.0285206474 0.000351862254
v  0.0105424328 0.0285663791 0.000903834996
v  0.0105424449 0.0285452437 0.00145729538
v  0.0105424691 0.0284575485 0.00200417289
v  0.0105425064 0.0283045769 0.00253649266
v  0.0105425548 0.0280885547 0.00304649235
v  0.0105426144 0.0278126337 0.00352673512
v  0.0105426842 0.027480837 0.00397021789
v  0.0105427634 0.0270980056 0.00437047333
v  0.01054285 0.0266697183 0.00472166529
v  0.0105429431 0.0262022242 0.00501867197
v  0.0105430419 0.0257023368 0.00525716366
v  0.0105431443 0.0251773465 0.00543366093
v  0.0105432495 0.0246349107 0.00554559147
v  0.0105433548 0.0240829382 0.0055913222
v  0.01054346 0.0235294774 0.00557018677
v  0.0105435634 0.0229826011 0.00548249297
v  0.0105436621 0.0224502813 0.00532951951
v  0.0105437562 0.0219402816 0.00511349738
v  0.0105438437 0.0214600377 0.00483757723
v  0.0105439229 0.0210165549 0.00450578146
v  0.0105439937 0.0206163004 0.00412294874
v  0.0105440542 0.020265108 0.00369466213
v  0.0105441045 0.0199681018 0.0032271666
v  0.0105441427 0.0197296105 0.00272727967
v  0.0105441688 0.0195531119 0.00220229034
v  0.0105441818 0.0194411818 0.00165985432
v  0.0105441827 0.019395452 0.00110788166
v  0.0105441706 0.0194165874 0.00055442116
v  0.0105441455 0.0195042808 7.54367966e-06
v  0.0105441092 0.0196572542 -0.000524776173
v  0.0105440607 0.0198732764 -0.00103477587
v  0.0105440011 0.0201491956 -0.00151501852
v  0.0105439313 0.0204809923 -0.00195850106
v  0.0105438521 0.0208638236 -0.00235875673
v  0.0105437655 0.0212921109 -0.00270994846
v  0.0105436724 0.0217596069 -0.00300695561
v  0.0105435736 0.0222594943 -0.00324544683
v  0.0105434712 0.0227844827 -0.00342194457
v  0.010543366 0.0233269185 -0.00353387487
v  0.0105432598 0.023878891 -0.0035796056
v  0.0105431555 0.0244323518 -0.00355847017
v  0.0105430521 0.02497923 -0.00347077614
v  0.0100211743 0.0254234336 -0.00306917005
v  0.0100210859 0.025904106 -0.00286557013
v  0.010021003 0.0263567325 -0.00260551553
v  0.0100209285 0.0267747138 -0.00229279953
v  0.0100208614 0.0271519534 -0.0019319813
v  0.0100208046 0.0274829511 -0.00152832246
v  0.0100207571 0.0277628787 -0.00108770968
v  0.0100207217 0.0279876553 -0.000616567733
v  0.0100206966 0.0281540044 -0.000121767087
v  0.0100206845 0.028259499 0.000389476889
v  0.0100206835 0.0283025987 0.000909709372
v  0.0100206947 0.0282826796 0.00143134384
v  0.010020718 0.0282000285 0.00194677396
v  0.0100207534 0.0280558504 0.0024484836
v  0.010020799 0.0278522521 0.00292915665
v  0.0100208549 0.0275921971 0.00338178361
v  0.010020921 0.0272794813 0.00379976444
v  0.0100209946 0.0269186627 0.0041770041
v  0.0100210765 0.0265150033 0.00450800126
v  0.010021165 0.0260743909 0.00478792936
v  0.0100212581 0.0256032497 0.00501270639
v  0.0100213541 0.0251084492 0.00517905504
v  0.0100214537 0.0245972052 0.00528454874
v  0.0100215534 0.0240769722 0.00532764988
v  0.0100216521 0.0235553384 0.00530772982
v  0.010021749 0.0230399072 0.0052250782
v  0.010021843 0.0225381982 0.00508090202
v  0.0100219315 0.0220575258 0.00487730186
v  0.0100220134 0.0216048975 0.00461724726
v  0.0100220889 0.021186918 0.0043045315
v  0.010022155 0.0208096784 0.00394371292
v  0.0100222128 0.0204786807 0.0035400542
v  0.0100222593 0.0201987531 0.00309944153
v  0.0100222956 0.0199739747 0.00262829964
v  0.0100223199 0.0198076274 0.0021334989
v  0.010022332 0.0197021328 0.00162225496
v  0.0100223329 0.0196590312 0.00110202248
v  0.0100223217 0.0196789522 0.000580387947
v  0.0100222984 0.0197616033 6.49578578e-05
v  0.010022264 0.0199057795 -0.000436751783
v  0.0100222174 0.0201093797 -0.000917424739
v  0.0100221615 0.0203694347 -0.00137005176
v  0.0100220963 0.0206821505 -0.00178803247
v  0.0100220218 0.0210429691 -0.00216527213
v  0.0100219399 0.0214466266 -0.0024962693
v  0.0100218523 0.0218872409 -0.00277619739
v  0.0100217592 0.0223583821 -0.00300097466
v  0.0100216623 0.0228531826 -0.00316732307
v  0.0100215636 0.0233644266 -0.00327281677
v  0.010021464 0.0238846596 -0.00331591815
v  0.0100213643 0.0244062934 -0.00329599786
v  0.0100212675 0.0249217227 -0.00321334647
v  0.00953375548 0.0253155977 -0.00276481756
v  0.00953367352 0.0257603712 -0.00257642358
v  0.00953359716 0.0261791945 -0.00233579171
v  0.00953352731 0.0265659578 -0.00204643072
v  0.00953346584 0.0269150231 -0.00171256019
v  0.00953341275 0.0272212997 -0.00133904896
v  0.00953336991 0.027480321 -0.000931343413
v  0.00953333639 0.0276883114 -0.000495388813
v  0.00953331403 0.0278422367 -3.75425261e-05
v  0.00953330193 0.0279398505 0.000435519178
v  0.009533301 0.0279797334 0.000916897843
v  0.00953331217 0.0279613007 0.00139957399
v  0.00953333359 0.0278848223 0.00187650917
v  0.00953336526 0.0277514122 0.00234074844
v  0.0095334081 0.0275630187 0.00278552226
v  0.00953346025 0.0273223873 0.00320434477
v  0.00953352079 0.0270330273 0.0035911086
v  0.00953358971 0.0266991556 0.00394017389
v  0.00953366514 0.0263256449 0.00424645049
v  0.00953374617 0.0259179398 0.00450547226
v  0.00953383278 0.025481984 0.00471346173
v  0.00953392219 0.0250241384 0.00486738607
v  0.00953401346 0.0245510768 0.00496500125
v  0.00953410566 0.0240696985 0.00500488328
v  0.00953419693 0.023587022 0.00498645054
v  0.00953428727 0.0231100861 0.00490997266
v  0.00953437388 0.0226458479 0.0047765635
v  0.00953445584 0.0222010743 0.00458816951
v  0.0095345322 0.0217822511 0.00434753764
v  0.00953460112 0.0213954877 0.00405817665
v  0.00953466259 0.0210464224 0.00372430612
v  0.00953471567 0.0207401458 0.00335079501
v  0.00953475945 0.0204811245 0.00294308946
v  0.00953479204 0.0202731341 0.00250713481
v  0.00953481533 0.0201192088 0.00204928848
v  0.0095348265 0.0200215951 0.0015762269
v  0.00953482743 0.0199817121 0.00109484815
v  0.00953481719 0.0200001448 0.000612172065
v  0.00953479577 0.0200766232 0.000135236885
v  0.00953476317 0.0202100314 -0.000329002331
v  0.00953472126 0.0203984268 -0.00077377609
v  0.00953466911 0.0206390582 -0.0011925986
v  0.00953460857 0.0209284183 -0.00157936255
v  0.00953453965 0.02126229 -0.00192842772
v  0.00953446422 0.0216358006 -0.00223470433
v  0.00953438226 0.0220435057 -0.00249372609
v  0.00953429658 0.0224794615 -0.00270171557
v  0.00953420717 0.0229373071 -0.00285564014
v  0.00953411497 0.0234103687 -0.00295325532
v  0.00953402277 0.023891747 -0.00299313711
v  0.0095339315 0.0243744235 -0.00297470461
v  0.00953384116 0.0248513594 -0.00289822672
v  0.00953404978 0.0238265563 -0.001990163
v  0.00953392684 0.0244742185 -0.00195325888
v  0.00953370612 0.0256711151 -0.00147254847
v  0.00953381043 0.0250988081 -0.00177798874
v  0.00953361858 0.0261643827 -0.00105121988
v  0.00953437202 0.0225682035 0.00365252933
v  0.00953426119 0.0231701806 0.00389430183
v  0.00953414012 0.023810057 0.00400101487
v  0.00953446887 0.0220322739 0.00328700221
v  0.00953463558 0.0209807344 0.000997611671
v  0.00953463186 0.0210490972 0.00164271379
v  0.00953460205 0.0212545376 0.00225803768
v  0.0095346123 0.0210526474 0.000352895935
v  0.00953350123 0.0269622318 0.00133844174
v  0.00953349192 0.0269640181 0.000689730106
v  0.00953350868 0.026826309 5.58009378e-05
v  0.00953378156 0.0256574396 0.00349356676
v  0.00953368098 0.0261530187 0.00307496125
v  0.00953359809 0.0265470259 0.00255960762
v  0.00953389518 0.0250834581 0.00379585056
v  0.00953401625 0.0244579148 0.00396767771
v  0.00953454617 0.0215874538 0.00281481189
v  0.00953456387 0.021261476 -0.000261287292
v  0.00953429192 0.0225828011 -0.00164852268
v  0.00953439996 0.0220448673 -0.00128595275
v  0.00953449216 0.0215974525 -0.000816219545
v  0.00953417365 0.0231861006 -0.00188697618
v  0.00953355152 0.0265555438 -0.000533703889
v  0.00953353755 0.026821034 0.00197160291
v  0.00953351613 0.0269087981 0.00165885012
v  0.0155346124 0.021053791 0.000352808478
v  0.0155346356 0.0209818762 0.000997524243
v  0.0155336186 0.0261655245 -0.00105130742
v  0.0155337062 0.0256722588 -0.00147263589
v  0.0155338105 0.0250999499 -0.00177807617
v  0.0155340498 0.0238276981 -0.00199025054
v  0.0155339269 0.0244753622 -0.00195334619
v  0.0155345639 0.0212626178 -0.000261374749
v  0.0155345462 0.0215885956 0.00281472434
v  0.0155346021 0.0212556813 0.00225795037
v  0.0155346319 0.021050239 0.00164262624
v  0.0155344689 0.0220334176 0.00328691467
v  0.0155340163 0.0244590566 0.00396759063
v  0.0155341402 0.0238112006 0.00400092732
v  0.0155342612 0.0231713243 0.00389421452
v  0.0155338952 0.0250846017 0.00379576301
v  0.0155343721 0.0225693472 0.00365244201
v  0.0155341737 0.0231872443 -0.00188706361
v  0.0155337816 0.0256585833 0.00349347922
v  0.015533681 0.0261541624 0.00307487394
v  0.0155335376 0.0268221758 0.00197151536
v  0.0155335981 0.0265481677 0.00255952007
v  0.015534292 0.0225839447 -0.00164861011
v  0.0155344 0.0220460109 -0.00128604029
v  0.0155344913 0.0215985943 -0.000816307031
v  0.0155335013 0.0269633755 0.00133835431
v  0.015533491 0.0269651618 0.00068964262
v  0.0155335516 0.0265566874 -0.000533791317
v  0.0155335087 0.0268274527 5.57134772e-05
v  2.24505789e-06 -0.0129051916 -0.0146186883
v  1.75236994e-06 -0.0104594408 -0.0164575242
v  -1.75259345e-06 0.0104594408 0.0164575242
v  -2.97289762e-06 0.0146186883 -0.0129051916
v  -3.28751958e-06 0.0164575242 -0.0104594408
v  2.68246208e-06 -0.0150331724 -0.0124198906
v  -1.21675362e-06 0.00775614334 0.017891122
v  -6.5095594e-07 0.0048618638 0.0188841801
v  -6.91324971e-08 0.00184786995 0.0194122493
v  5.14390706e-07 -0.00121162576 0.019462321
v  1.08524489e-06 -0.00424128585 0.0190331694
v  1.6293742e-06 -0.00716651278 0.0181353539
v  2.13337989e-06 -0.00991527457 0.0167909898
v  2.58485215e-06 -0.0124198906 0.0150331724
v  3.66794529e-06 -0.0188841801 0.0048618638
v  3.72460022e-06 -0.0194122493 0.00184786995
v  3.68953965e-06 -0.019462321 -0.00121162576
v  1.21653011e-06 -0.00775614334 -0.017891122
v  6.50732431e-07 -0.0048618638 -0.0188841801
v  6.89089816e-08 -0.00184786995 -0.0194122493
v  -1.6295977e-06 0.00716651278 -0.0181353539
v  -2.1336034e-06 0.00991527457 -0.0167909898
v  -2.58507566e-06 0.0124198906 -0.0150331724
v  -3.56385181e-06 0.0190331675 0.00424128631
v  -3.6681688e-06 0.0188841801 -0.0048618638
v  -3.68976316e-06 0.019462321 0.00121162576
v  -3.72482373e-06 0.0194122493 -0.00184786995
v  -3.35018899e-06 0.0181353539 0.00716651278
v  -3.05403614e-06 0.0167909879 0.00991527457
v  -2.68268559e-06 0.0150331724 0.0124198906
v  -3.52119469e-06 0.017891122 -0.00775614334
v  -2.24528139e-06 0.0129051916 0.0146186883
v  3.52097118e-06 -0.017891122 0.00775614334
v  2.97267411e-06 -0.0146186883 0.0129051916
v  3.28729607e-06 -0.0164575242 0.0104594408
v  3.05381263e-06 -0.0167909879 -0.00991527457
v  3.34996548e-06 -0.0181353539 -0.00716651278
v  -5.14614214e-07 0.00121162576 -0.019462321
v  -1.0854684e-06 0.00424128585 -0.0190331694
v  3.5636283e-06 -0.0190331675 -0.00424128631
v  -0.00299702701 -0.0146192592 0.0129052354
v  -0.00299671246 -0.016458096 0.0104594845
v  -0.0029964787 -0.0178916939 0.00775618711
v  -0.00299633178 -0.0188847519 0.0048619071
v  -0.0029962752 -0.0194128193 0.00184791372
v  -0.00299631013 -0.0194628928 -0.0012115821
v  -0.00299643609 -0.0190337393 -0.00424124254
v  -0.00299664983 -0.0181359258 -0.007166469
v  -0.00299694599 -0.0167915598 -0.0099152308
v  -0.00299731735 -0.0150337443 -0.0124198468
v  -0.00299775461 -0.0129057625 -0.0146186445
v  -0.00299824728 -0.0104600117 -0.0164574813
v  -0.00299878325 -0.00775671471 -0.0178910792
v  -0.00299934903 -0.00486243516 -0.0188841373
v  -0.00299993088 -0.00184844143 -0.0194122046
v  -0.00300051435 0.00121105427 -0.0194622781
v  -0.00300108525 0.00424071448 -0.0190331247
v  -0.00300162937 0.00716594094 -0.0181353111
v  -0.00300213345 0.00991470274 -0.0167909451
v  -0.00300258491 0.0124193188 -0.0150331296
v  -0.00300297257 0.0146181164 -0.0129051479
v  -0.00300328736 0.0164569523 -0.010459397
v  -0.00300352089 0.0178905502 -0.00775609957
v  -0.00300366781 0.0188836083 -0.00486182002
v  -0.00300372462 0.0194116775 -0.00184782618
v  -0.00300368946 0.0194617491 0.00121166953
v  -0.0030035635 0.0190325975 0.00424132962
v  -0.00300334999 0.018134784 0.00716655655
v  -0.00300305383 0.016790418 0.00991531834
v  -0.00300268247 0.0150326015 0.0124199344
v  -0.00300224498 0.0129046198 0.014618732
v  -0.00300175231 0.0104588689 0.0164575689
v  -0.00300121657 0.00775557151 0.0178911667
v  -0.00300065079 0.00486129196 0.0188842248
v  -0.00300006894 0.00184729847 0.0194122922
v  -0.00299948524 -0.00121219712 0.0194623638
v  -0.00299891457 -0.00424185721 0.0190332122
v  -0.00299837044 -0.00716708414 0.0181353986
v  -0.00299786637 -0.0099158464 0.0167910326
v  -0.00299741491 -0.0124204615 0.0150332162
v  0.00149495585 0.0267220344 0.00318011758
v  0.00149481359 0.0273692012 0.00187654363
v  0.00599481352 0.027370058 0.00187647797
v  0.00149477809 0.0274624191 0.000663693354
v  0.00599478045 0.0274310634 0.000422375044
v  0.00149478076 0.0274302065 0.000422440644
v  0.00599486288 0.0268953424 -0.000930825889
v  0.00149486307 0.0268944837 -0.000930760289
v  0.00599504588 0.0258555692 -0.00194914662
v  0.00149504631 0.0258547124 -0.00194908096
v  0.00599529827 0.0244914759 -0.00245650695
v  0.0014952987 0.0244906191 -0.00245644129
v  0.00599557627 0.0230389703 -0.00236518541
v  0.0014955767 0.0230381135 -0.00236511976
v  0.00599583192 0.0217491873 -0.00169096701
v  0.00149583223 0.0217483304 -0.00169090135
v  0.00599602098 0.0208451152 -0.000550431374
v  0.00149602105 0.0208442584 -0.000550365774
v  0.00599611038 0.0204831269 0.000859215623
v  0.00149611058 0.02048227 0.000859281223
v  0.00599608524 0.020725783 0.00229422818
v  0.00149608532 0.0207249261 0.0022942936
v  0.00599594926 0.0215311218 0.00350648048
v  0.00149594957 0.021530265 0.00350654614
v  0.00599572668 0.0227598995 0.00428636512
v  0.00149572687 0.0227590427 0.00428643031
v  0.00599545566 0.0241996627 0.00449902564
v  0.00149545574 0.0241988059 0.0044990913
v  0.00599518279 0.0256014541 0.00410770392
v  0.00149518298 0.0256005973 0.00410776958
v  0.00599495554 0.0267228931 0.00318005192
v  1.67155645e-06 -0.00917288009 -0.00521971937
v  1.76048854e-06 -0.00965343416 -0.00539857848
v  1.89959371e-06 -0.010002682 -0.000419654272
v  2.62963226e-06 -0.013228057 0.00751385279
v  2.77866661e-06 -0.0140163675 0.00743645569
v  2.722418e-06 -0.0136948638 0.00777901243
v  1.74027991e-06 -0.00868242793 0.00590376835
v  1.81229325e-06 -0.00903175306 0.00627912767
v  1.6513078e-06 -0.00809738319 0.00744530326
v  -2.18975606e-06 0.010451627 -0.013664823
v  -2.14914235e-06 0.0102716228 -0.0132308789
v  -2.62155322e-06 0.012859324 -0.0118237697
v  2.45094611e-06 -0.013664823 -0.0104516223
v  2.37090808e-06 -0.0132308723 -0.0102716265
v  1.98017415e-06 -0.0113371573 -0.0123300971
v  3.35140999e-06 -0.0168940295 0.00912313815
v  3.23687641e-06 -0.0164261814 0.00737968041
v  3.56345799e-06 -0.0182485934 0.00596898049
v  -4.7582289e-06 0.0239210501 -0.0138518624
v  -4.54302062e-06 0.0227853246 -0.0139295338
v  -4.94138976e-06 0.0249238275 -0.0133130001
v  -4.33401829e-06 0.02171853 -0.0135322101
v  -5.05993967e-06 0.0256153792 -0.0124087445
v  -3.49175912e-06 0.0175031926 -0.0108366366
v  -3.40396309e-06 0.0170580763 -0.0106303412
v  -3.79140511e-06 0.0196894743 -0.00282325526
v  -4.08979849e-06 0.021165248 -0.00400854787
v  -4.43835279e-06 0.0229459368 -0.00465043867
v  -4.79929167e-06 0.0248385482 -0.00467936834
v  -5.13350278e-06 0.0266379919 -0.00409219181
v  -5.40477367e-06 0.0281492975 -0.00295254914
v  -5.83800465e-06 0.0304916389 -0.00206390233
v  -5.58370584e-06 0.0292086788 -0.00138393848
v  -5.91780326e-06 0.0310364123 -0.000419304124
v  -5.65090886e-06 0.0297013335 0.000443667494
v  -5.91856269e-06 0.031172568 0.0013078152
v  -2.99120802e-06 0.016374765 0.00875581522
v  -4.13321231e-06 0.0221952144 0.00647236174
v  -3.82628332e-06 0.0205169413 0.00559701165
v  -4.4855974e-06 0.0240667909 0.00675534178
v  -5.1118368e-06 0.0275433101 0.00922437664
v  -4.84524799e-06 0.025928827 0.00641529169
v  -3.59806677e-06 0.0192138106 0.00422416115
v  -3.4733016e-06 0.0184270851 0.00250257202
v  -3.17299305e-06 0.0167126991 0.000701168727
v  -3.46549859e-06 0.0182419661 0.000618803781
v  -3.57550357e-06 0.0186785143 -0.00122299755
v  -5.84023974e-06 0.0308922268 0.00301746186
v  -5.59909904e-06 0.0295738671 0.00233220565
v  -5.68737005e-06 0.0302116219 0.00461064186
v  -5.43389115e-06 0.0288400985 0.0040770378
v  -5.17318995e-06 0.0275795497 0.0054890723
v  -3.87230557e-06 0.0215384979 0.0157890953
v  -4.08886854e-06 0.0226767454 0.015806824
v  -3.68322321e-06 0.0205087326 0.0153038092
v  -4.29441161e-06 0.023721125 0.0153538547
v  -2.67166251e-06 0.0147743421 0.00976329111
v  -2.61968717e-06 0.0145322978 0.0101659223
v  -2.91591459e-06 0.0162336435 0.0120768771
v  -2.54003157e-06 0.0141330818 0.0104135843
v  -2.45027809e-06 0.0136648128 0.0104516214
v  -2.18502623e-06 0.0125823207 0.014502597
v  -4.45240175e-06 0.0244860034 0.0145106968
v  -2.97039264e-06 0.0165340044 0.0122646326
v  -2.68449503e-06 0.0148058385 0.00929455273
v  -2.76298761e-06 0.0154214278 0.0119541399
v  -2.78126731e-06 0.0155162923 0.0119397715
v  -2.84537305e-06 0.0158536844 0.0119509725
v  -2.59893386e-06 0.0145996399 0.012469599
v  -2.67325413e-06 0.0149648031 0.0121429628
v  -2.74565332e-06 0.0153320301 0.0119750677
v  -7.35530136e-07 0.00455796113 0.00908054505
v  -8.08541131e-07 0.00491293147 0.00871052314
v  -5.7318988e-07 0.00368102803 0.00875785667
v  -7.23572384e-07 0.00457103504 0.0100716967
v  -7.04488059e-07 0.00443305634 0.00957785361
v  3.27289143e-07 -0.000993418274 0.00944792014
v  -9.83393761e-07 0.00574336993 0.00756727392
v  -8.80197831e-07 0.00543099735 0.0105646644
v  -7.87767362e-07 0.00493563013 0.0104322322
v  3.88228358e-07 -0.000721073244 0.0171872843
v  -1.06410062e-06 0.00627912674 0.00903175026
v  -1.29986188e-06 0.00744530139 0.00809737388
v  -9.97693178e-07 0.00590377534 0.00868243165
v  -9.04321212e-07 0.00540461903 0.00856507476
v  -1.26951363e-07 0.00138740358 0.00939814467
v  -1.28183422e-06 0.00777901197 0.0136948694
v  -9.7655618e-07 0.00592686562 0.0104341824
v  -1.21189646e-06 0.00743646175 0.0140163638
v  -1.53356496e-06 0.0091272993 0.0140447402
v  -1.97950885e-06 0.011337162 0.0123300944
v  -2.37024278e-06 0.013230877 0.0102716312
v  -1.55428268e-06 0.00927030668 0.0144922426
v  -1.53283736e-06 0.00919318851 0.0149556575
v  -1.6255018e-06 0.00979870092 0.0165113658
v  -1.22559788e-06 0.00760744885 0.015310809
v  -1.1802889e-06 0.00734003074 0.0149245532
v  -1.01401554e-06 0.00670190807 0.0179923456
v  -1.17535922e-06 0.00727851037 0.014458809
v  -1.47396236e-06 0.00891296659 0.015332723
v  -1.39064923e-06 0.00849147514 0.0155402087
v  -1.3012874e-06 0.00802174769 0.0155323241
v  2.8565367e-07 -2.85637816e-05 0.0191999748
v  -3.70099571e-07 0.00339085748 0.018898204
v  2.11646943e-06 -0.00984779932 0.0164821371
v  1.54913414e-06 -0.00675541628 0.0179723259
v  9.32289481e-07 -0.00344708608 0.0188880283
v  1.45985155e-06 -0.00701356726 0.00847406685
v  1.37841391e-06 -0.00661027431 0.00815741997
v  1.28069973e-06 -0.00610305369 0.00808227807
v  1.19239928e-06 -0.00562525867 0.00826840196
v  1.1468826e-06 -0.00542210089 0.00780069362
v  2.19042158e-06 -0.0104516223 0.0136648286
v  2.14981037e-06 -0.010271634 0.0132308779
v  2.51431538e-06 -0.0123300962 0.0113371629
v  7.60983255e-07 -0.00331180682 0.00890404452
v  1.43616603e-06 -0.00678002229 0.00990108028
v  1.88486126e-06 -0.00889876578 0.0129951676
v  1.34662253e-06 -0.00629681535 0.010072642
v  1.83005739e-06 -0.00858434942 0.0133442227
v  1.1367348e-06 -0.00530254422 0.00866686087
v  1.12833266e-06 -0.00521971192 0.00917288382
v  2.075476e-06 -0.00976328552 0.0147743504
v  2.61616628e-06 -0.0126254186 0.0144650964
v  2.14864372e-06 -0.0101659186 0.0145322839
v  2.19000208e-06 -0.0104135871 0.0141330753
v  1.16940953e-06 -0.00539857941 0.00965343229
v  1.24916301e-06 -0.00579210557 0.00998216029
v  1.8137531e-06 -0.00846400484 0.0137983467
v  1.8395549e-06 -0.00856433436 0.0142573053
v  1.90176172e-06 -0.00886316225 0.014619804
v  1.98664679e-06 -0.00929454714 0.0148058394
v  2.80872064e-06 -0.0140447496 0.00912730861
v  2.89604577e-06 -0.014492237 0.00927031506
v  3.03224556e-06 -0.014999452 0.0119856792
v  3.08431618e-06 -0.0155402031 0.00849147514
v  3.07596838e-06 -0.015532326 0.00802174862
v  3.02773492e-06 -0.0153108174 0.00760745769
v  2.98319878e-06 -0.0149556659 0.00919319782
v  3.05093704e-06 -0.0153327184 0.00891296659
v  3.21469747e-06 -0.0165907443 0.00370774744
v  3.24650978e-06 -0.0169825274 0.000770466228
v  3.64273228e-06 -0.0191831272 -0.000804806361
v  3.17969216e-06 -0.0168583207 -0.00219022576
v  3.50742175e-06 -0.0187332109 -0.00420792168
v  3.01627028e-06 -0.0162218809 -0.00508436933
v  1.78752475e-06 -0.00990108214 -0.00678001391
v  2.34602089e-06 -0.012995163 -0.00889877323
v  2.41709722e-06 -0.013344232 -0.00858434103
v  1.82724727e-06 -0.0100726364 -0.00629680837
v  2.65601284e-06 -0.0146198059 -0.00886316132
v  2.68516033e-06 -0.0148058347 -0.00929455459
v  2.90840239e-06 -0.0160705075 -0.0105061382
v  2.67233077e-06 -0.0147743532 -0.00976329204
v  2.62034973e-06 -0.0145322792 -0.0101659261
v  2.46383615e-06 -0.0139428061 -0.0131999208
v  2.54069687e-06 -0.0141330771 -0.0104135871
v  2.59131775e-06 -0.0142573072 -0.00856433343
v  2.87130092e-06 -0.0155490823 -0.00623758091
v  3.26000941e-06 -0.0176845007 -0.00747652119
v  2.50535481e-06 -0.0137983505 -0.00846401136
v  2.64963228e-06 -0.0144425584 -0.00698468369
v  2.39516453e-06 -0.0131214475 -0.00717768818
v  2.15830278e-06 -0.0118474336 -0.00677838456
v  1.81737039e-06 -0.00998216216 -0.00579209719
v  1.98595808e-06 -0.0108728418 -0.00586584304
v  1.60059381e-06 -0.00945876818 -0.0138236815
v  1.94052836e-06 -0.0113694472 -0.0154717723
v  1.53423309e-06 -0.00912731048 -0.0140447412
v  1.55495081e-06 -0.00927031692 -0.0144922361
v  1.18095704e-06 -0.00734004192 -0.0149245542
v  1.17602451e-06 -0.00727850664 -0.0144588118
v  -2.78201725e-07 0.000517784618 -0.012341545
v  1.21256176e-06 -0.00743645802 -0.0140163666
v  1.28249951e-06 -0.00777900824 -0.0136948712
v  1.35519724e-06 -0.00843263697 -0.0172490738
v  1.30195269e-06 -0.00802174397 -0.015532326
v  7.26562632e-07 -0.00522630289 -0.0184750035
v  1.22626614e-06 -0.00760745956 -0.0153108099
v  7.47125739e-08 -0.00185290177 -0.0191103872
v  -5.79516666e-07 0.00157973613 -0.0191348996
v  1.53350561e-06 -0.00919319969 -0.0149556585
v  1.47462765e-06 -0.00891296286 -0.0153327258
v  1.39131453e-06 -0.00849147141 -0.0155402105
v  -2.18933383e-06 0.0104135768 -0.0141330762
v  -2.81470102e-06 0.0137528451 -0.0133977309
v  -2.14797842e-06 0.0101659223 -0.0145322857
v  -2.35095422e-06 0.0111472858 -0.015632594
v  -1.88419585e-06 0.00889876951 -0.0129951695
v  -1.82939209e-06 0.00858435407 -0.0133442255
v  -1.81309053e-06 0.00846402347 -0.0137983505
v  -1.8388896e-06 0.00856433809 -0.0142573072
v  -1.21520782e-06 0.00496186083 -0.0185477678
v  -1.90109358e-06 0.008863152 -0.0146197975
v  -1.81204712e-06 0.00818539411 -0.0173677616
v  -1.98598423e-06 0.0092945667 -0.0148058357
v  -2.07481071e-06 0.00976329017 -0.0147743449
v  -2.51364713e-06 0.0123300869 -0.0113371564
v  -2.80805534e-06 0.0140447542 -0.00912730396
v  -2.89537752e-06 0.0144922258 -0.00927031599
v  -3.1331931e-06 0.0155927967 -0.0112029072
v  -2.98253349e-06 0.0149556706 -0.00919319317
v  -3.08365088e-06 0.0155402077 -0.00849147048
v  -3.07530036e-06 0.0155323157 -0.00802174211
v  -3.02706962e-06 0.0153108221 -0.00760745304
v  -2.949595e-06 0.0149245672 -0.00734003494
v  -2.85997862e-06 0.0144588156 -0.00727851363
v  -2.34301751e-06 0.0123415338 0.000517778855
v  -2.77799836e-06 0.0140163563 -0.00743645662
v  -2.72175544e-06 0.0136948824 -0.00777901616
v  -3.30946955e-06 0.0165656637 -0.0105826249
v  -3.28958708e-06 0.0164600704 -0.0105985114
v  -3.0502747e-06 0.015332737 -0.00891296379
v  -3.23204154e-06 0.0161497407 -0.0107060801
v  -3.17331023e-06 0.0158237163 -0.0109374085
v  -3.32681839e-06 0.0166571978 -0.0105766403
v  2.44133048e-06 -0.0123735722 0.00576221105
v  2.69377415e-06 -0.0136765447 0.00605340768
v  2.10079975e-06 -0.01098869 0.000498537149
v  2.08021515e-06 -0.010735183 0.00239913003
v  2.05948072e-06 -0.0104322266 0.00493563013
v  1.98548901e-06 -0.0100716921 0.00457103504
v  2.10083044e-06 -0.0107412376 0.00373424054
v  3.66161134e-06 -0.019019844 0.0026240244
v  3.12296174e-06 -0.0160169043 0.00491326768
v  2.93704807e-06 -0.0149768488 0.00575041771
v  1.91226673e-06 -0.0103907073 -0.00462081097
v  1.95182065e-06 -0.0104965037 -0.00328988349
v  2.05756487e-06 -0.0109083224 -0.00141720509
v  2.07430458e-06 -0.0104341926 0.00592686702
v  2.09193126e-06 -0.0105646746 0.00543099176
v  2.86064392e-06 -0.0144588118 0.0072785113
v  2.9502603e-06 -0.0149245635 0.00734003261
v  2.22970993e-06 -0.0113259666 0.00493451208
v  -2.16897365e-06 0.0120180082 0.00822963472
v  -2.26539692e-06 0.0125521952 0.00859543867
v  -2.50468952e-06 0.0137983542 0.00846400857
v  -2.59065223e-06 0.0142573109 0.00856433157
v  -2.65534459e-06 0.0146197956 0.00886316784
v  -2.4164292e-06 0.0133442217 0.00858434755
v  -2.3453556e-06 0.0129951676 0.00889877044
v  -1.51162794e-06 0.00847407337 0.00701357145
v  -1.45718695e-06 0.00815741159 0.00661027292
v  -1.33179014e-06 0.00744485343 0.00590120954
v  -1.45027161e-06 0.00808229204 0.00610304996
v  -1.49268897e-06 0.00826840848 0.00562526286
v  -1.59648039e-06 0.00867852941 0.00386435981
v  -1.81453231e-06 0.00946671329 -0.000794545689
v  -1.76083597e-06 0.009366896 0.00158469367
v  -1.57329441e-06 0.00866686739 0.00530254096
v  -1.67088831e-06 0.00917286891 0.00521971844
v  -1.75982325e-06 0.00965343881 0.0053985836
v  -1.81670509e-06 0.00998216681 0.00579210231
v  -1.82658198e-06 0.0100726411 0.00629681302
v  -1.78685661e-06 0.00990107097 0.00678001298
v  1.79649714e-06 -0.00908054039 0.0045579616
v  1.73118724e-06 -0.00871051755 0.00491293194
v  1.68283759e-06 -0.00850944221 0.00422367966
v  1.81482562e-06 -0.00945445988 0.000929099158
v  1.8025604e-06 -0.0094916448 -0.000398213742
v  1.88940692e-06 -0.00957784895 0.00443304889
v  1.46074194e-06 -0.00719171483 0.00620719651
v  1.71064869e-06 -0.00856506918 0.00540462648
v  1.79921403e-06 -0.0092924824 0.00197477778
v  7.88435557e-07 -0.00493564084 -0.0104322331
v  8.80863126e-07 -0.00543099362 -0.0105646672
v  9.77221475e-07 -0.00592686143 -0.0104341852
v  9.98358473e-07 -0.00590377161 -0.00868243445
v  1.45785521e-06 -0.00815742183 -0.0066102664
v  9.04989406e-07 -0.00540462928 -0.00856506824
v  1.45093406e-06 -0.00808227248 -0.00610304624
v  1.06476591e-06 -0.00627912302 -0.00903175306
v  1.30052717e-06 -0.0074452972 -0.00809737574
v  1.51229324e-06 -0.00847406872 -0.00701356633
v  1.47643846e-06 -0.00812575221 -0.0049215937
v  1.16746048e-06 -0.00664651766 -0.00678776903
v  8.09206483e-07 -0.00491292775 -0.008710525
v  7.85146938e-07 -0.00474965386 -0.0082274396
v  7.36195489e-07 -0.00455795741 -0.00908054784
v  3.53520448e-07 -0.00255435077 -0.00915015116
v  7.05153411e-07 -0.00443305215 -0.00957785547
v  -1.00295722e-07 -0.000198560796 -0.00949792098
v  7.24237736e-07 -0.00457103085 -0.0100716995
v  1.49335438e-06 -0.00826840475 -0.00562526518
v  1.57395971e-06 -0.00866686273 -0.0053025363
v  1.69266718e-06 -0.00909441616 -0.0027461818
v  -2.05881815e-06 0.0104322452 -0.00493563386
v  -1.98482644e-06 0.0100717116 -0.00457103131
v  -1.73961735e-06 0.00868244655 -0.00590377208
v  -1.81162511e-06 0.00903174188 -0.0062791286
v  -1.37774566e-06 0.0066102636 -0.0081574209
v  -1.65063966e-06 0.00809737295 -0.00744529674
v  -1.45918625e-06 0.00701357098 -0.00847406872
v  -1.31350498e-06 0.00635702861 -0.00705961231
v  -1.5836149e-06 0.00791298132 -0.00525689358
v  -1.70998055e-06 0.00856505893 -0.00540461997
v  -1.88874446e-06 0.00957786757 -0.00443305261
v  -1.75419552e-06 0.00897171162 -0.00312385871
v  -1.79583469e-06 0.00908055902 -0.00455796532
v  -1.73052194e-06 0.00871052314 -0.00491292682
v  -1.12766736e-06 0.00521971565 -0.00917288661
v  -1.16874423e-06 0.0053985836 -0.00965343416
v  -1.2484976e-06 0.0057921093 -0.00998216216
v  -1.34595723e-06 0.00629682047 -0.0100726364
v  -1.43550074e-06 0.00678002601 -0.00990108307
v  -2.09126597e-06 0.0105646783 -0.00543099409
v  -2.07363928e-06 0.0104341963 -0.00592686981
v  -1.28003444e-06 0.00610305741 -0.00808228087
v  -1.19173683e-06 0.00562527729 -0.00826840568
v  -9.60846023e-07 0.00440166285 -0.00841875095
v  -1.13606666e-06 0.00530253351 -0.0086668618
v  -5.47790705e-07 0.00216971408 -0.00924890675
v  0.00200149347 -0.00847945083 -0.00840039924
v  0.0235014912 -0.0084753558 -0.00840071309
v  0.00200170395 -0.00956557225 -0.00815767422
v  0.0235017017 -0.0095614763 -0.00815798715
v  0.00200190139 -0.010627551 -0.00849052239
v  0.0235018991 -0.010623456 -0.00849083532
v  0.00200203294 -0.0113808382 -0.00930977426
v  0.0235020313 -0.0113767432 -0.00931008719
v  0.0235020649 -0.0116110547 -0.0100958254
v  0.00200206321 -0.0116235577 -0.0103959031
v  0.0235020611 -0.0116194617 -0.010396217
v  0.00200198451 -0.0112907095 -0.0114578828
v  0.0235019829 -0.0112866135 -0.0114581957
v  0.00600190833 -0.0109299067 -0.0118885105
v  0.00200181734 -0.0104714641 -0.0122111617
v  0.00600181613 -0.0104707023 -0.0122112203
v  0.00200160686 -0.00938532874 -0.012453896
v  0.00600160565 -0.00938456692 -0.0124539547
v  0.00200140942 -0.00832334906 -0.0121210404
v  0.00600140821 -0.00832258724 -0.012121099
v  0.00200127787 -0.00757007627 -0.0113017876
v  0.0060012769 -0.00756931445 -0.0113018453
v  0.0020012476 -0.00732734241 -0.0102156596
v  0.00600124616 -0.00732658058 -0.0102157174
v  0.00200132653 -0.00766019104 -0.00915367994
v  0.00600132532 -0.00765942875 -0.00915373862
v  0.00600139983 -0.00801946968 -0.00872316863
v  0.0195013992 -0.00801689737 -0.00872336607
v  0.0235013254 -0.00765609555 -0.0091539938
v  0.0195013247 -0.00765685737 -0.00915393513
v  0.0235012453 -0.00732324691 -0.0102159726
v  0.0195012446 -0.00732400874 -0.0102159148
v  0.023501277 -0.00756598078 -0.0113021005
v  0.0195012763 -0.0075667426 -0.0113020418
v  0.0235014074 -0.0083192531 -0.0121213542
v  0.0195014067 -0.00832001586 -0.0121212956
v  0.0235016048 -0.00938123278 -0.0124542098
v  0.0195016041 -0.00938199554 -0.0124541512
v  0.0235018153 -0.0104673682 -0.0122114755
v  0.0195018146 -0.01046813 -0.0122114168
v  0.0195019078 -0.0109273354 -0.0118887071
v  0.00600242335 -0.0118872728 0.0109309666
v  0.00200247928 -0.0122107454 0.0104718124
v  0.00600234652 -0.0114567103 0.0112910075
v  0.00200234773 -0.0114574721 0.0112910662
v  0.00600214908 -0.0103947315 0.0116238557
v  0.00200215029 -0.0103954934 0.0116239144
v  0.0060019386 -0.00930859521 0.0113811288
v  0.00200193981 -0.00930935703 0.0113811875
v  0.00600177143 -0.00848934986 0.01062785
v  0.00200177287 -0.00849011168 0.0106279077
v  0.00600169273 -0.00815650169 0.00956587028
v  0.00200169394 -0.00815726351 0.00956592895
v  0.006001723 -0.00839923508 0.00847974233
v  0.00200172444 -0.00839999784 0.00847980101
v  0.00600177795 -0.00872194581 0.00802053045
v  0.00200185599 -0.00915327016 0.00766054774
v  0.0195017774 -0.00871937443 0.00802033395
v  0.0235018544 -0.00914917514 0.00766023435
v  0.0195017215 -0.0083966637 0.00847954582
v  0.0235017221 -0.00839590188 0.00847948808
v  0.0195016917 -0.00815393031 0.00956567377
v  0.0235016923 -0.00815316848 0.0095656151
v  0.0195017699 -0.00848677848 0.0106276525
v  0.0235017706 -0.00848601665 0.0106275948
v  0.0195019376 -0.00930602383 0.0113809323
v  0.0235019382 -0.00930526201 0.0113808736
v  0.019502148 -0.0103921602 0.0116236592
v  0.0235021487 -0.0103913974 0.0116236014
v  0.0195023455 -0.0114541389 0.011290811
v  0.0235023461 -0.0114533771 0.0112907523
v  0.0195024218 -0.0118847014 0.0109307701
v  0.0235024784 -0.0122066494 0.0104714995
v  0.0235020518 -0.0102111539 0.00732738571
v  0.00200205343 -0.0102152489 0.0073276991
v  0.0235022623 -0.0112972893 0.00757011306
v  0.00200226391 -0.0113013852 0.00757042645
v  0.0235024299 -0.0121165346 0.0083233919
v  0.00200243085 -0.0121206306 0.00832370576
v  0.0235025082 -0.0124493837 0.00938537158
v  0.00200250978 -0.0124534788 0.00938568451
v  0.0235025119 -0.0124409758 0.00968576316
v  0.000294264843 0.0304713678 0.00476083299
v  0.0059942645 0.0304724537 0.00476074964
v  0.00599410525 0.0311814193 0.00310118496
v  0.000294105586 0.0311803352 0.00310126808
v  0.00599402376 0.0314734466 0.00132030144
v  0.000294024008 0.0314723626 0.00132038456
v  0.00599402422 0.0313316286 -0.000478782604
v  0.000294024794 0.0313305408 -0.000478699512
v  0.00599410757 0.030764129 -0.00219189492
v  0.000294107915 0.0307630431 -0.0021918118
v  0.000296895421 0.0153798368 -0.0119880093
v  7.08091829e-05 0.0156146912 -0.0112989992
v  0.000353128969 0.0156963989 -0.0116650602
v  0.000297780323 0.0127789611 0.0147291971
v  0.000297464663 0.0143216727 0.0132340938
v  7.14493217e-05 0.0146134188 0.0125673143
v  0.000353684241 0.0146641722 0.0129387919
v  0.000298969622 0.00680667255 0.0182734709
v  0.00029859264 0.00872201379 0.0174406786
v  0.000298348576 0.00995189045 0.0167693533
v  0.00029799607 0.0117122466 0.0155908456
v  0.000300289597 -2.89558866e-05 0.0194999743
v  0.000299902138 0.00199727342 0.0193974469
v  0.000299623585 0.00344390399 0.0191934835
v  0.000299234962 0.00544821192 0.0187234432
v  0.000301572814 -0.006860903 0.0182531346
v  0.000301224238 -0.00498513086 0.0188519973
v  0.000300946325 -0.00350088719 0.0191831477
v  0.000300572487 -0.00151862274 0.0194407646
v  0.000302656525 -0.0128226243 0.0146911032
v  0.000302388391 -0.0113244457 0.0158746783
v  0.000302149012 -0.0100016147 0.0167396646
v  0.000301836175 -0.00828955602 0.0176502801
v  0.000303403242 -0.0171579365 0.00926568266
v  0.000303244422 -0.0162029266 0.0108495736
v  0.000303079112 -0.0152337644 0.0121729523
v  0.000302862958 -0.0139911436 0.0135829449
v  0.000303681911 -0.018991271 0.00442488817
v  0.00030361861 -0.0185336787 0.0060622422
v  0.000303520414 -0.0178878922 0.00776343839
v  0.000303723704 -0.0194771569 0.000942473707
v  0.000303718291 -0.0193169694 0.00266502285
v  0.000303644425 -0.0193297639 -0.00257059513
v  0.00030369914 -0.0194828063 -0.000817391905
v  0.000303446635 -0.0185539015 -0.00600007456
v  0.000303561712 -0.0190258678 -0.00427367026
v  0.000303136767 -0.0171747599 -0.00923447032
v  0.000303310429 -0.0179607645 -0.0075933435
v  0.000302724948 -0.0152372252 -0.0121686272
v  0.000302953325 -0.0163215529 -0.0106702978
v  0.000302224478 -0.012804254 -0.0147071341
v  0.000302501809 -0.0141606154 -0.0134061789
v  0.000301651686 -0.00995496847 -0.0167674553
v  0.000301970314 -0.0115470234 -0.0157135241
v  0.000301025197 -0.0067820265 -0.0182825997
v  0.00030137584 -0.00856433995 -0.0175185949
v  0.000300365384 -0.00338855758 -0.0192033164
v  0.000300737389 -0.00530790212 -0.01876368
v  0.000299693667 0.000115095252 -0.0194996651
v  0.000300075364 -0.00188178394 -0.0194089897
v  0.000299031904 0.0036149919 -0.0191620048
v  0.000299410895 0.00160447881 -0.0194338914
v  0.000298401603 0.00699736737 -0.0182013158
v  0.000298765284 0.00503944606 -0.018837586
v  0.000297823281 0.0101522142 -0.0166488383
v  0.00029815911 0.00831336342 -0.0176391434
v  0.000297140796 0.0139677944 -0.0136070773
v  0.00029731571 0.0129769789 -0.0145550445
v  0.000297611783 0.0113215204 -0.0158768613
v  0.00600324385 -0.0162018407 0.0108494908
v  0.00600321731 -0.0162103213 0.00891272817
v  0.00600290112 -0.0143388603 0.01168813
v  0.00599522097 0.0240052938 -0.0141402073
v  0.00599501701 0.0251194853 -0.0135414721
v  0.00599488569 0.0258878712 -0.0125367371
v  0.00600272464 -0.0152361393 -0.0121687101
v  0.00600222405 -0.012803168 -0.014707217
v  0.00600218587 -0.0125204921 -0.013618404
v  0.00600286247 -0.0139900576 0.013582862
v  0.00600313488 -0.017014835 -0.00725999707
v  0.00600313628 -0.017173674 -0.0092345532
v  0.00600278983 -0.0154280579 -0.0102074333
v  0.00600235304 -0.0133361183 -0.0128206732
v  0.00600342778 -0.0175510254 0.0058455267
v  0.00600351999 -0.0178868063 0.00776335504
v  0.00600352651 -0.0183170829 0.00258693309
v  0.00600368157 -0.018990187 0.00442480482
v  0.00600350928 -0.0184833985 -0.000756351219
v  0.00600372301 -0.019476071 0.000942390587
v  0.00600337749 -0.0180445295 -0.00407487713
v  0.00600364385 -0.019328678 -0.00257067825
v  0.00600344595 -0.0185528155 -0.00600015745
v  0.00599749014 0.0124549922 -0.00938580185
v  0.00599675719 0.0161498487 -0.0113883307
v  0.00599657651 0.0171109624 -0.0112234633
v  0.0059982962 0.00956711452 0.00815755315
v  0.00599850668 0.00848096516 0.00840028934
v  0.00599549944 0.0247468352 0.0146608045
v  0.00599711481 0.0161107723 0.0126169818
v  0.00599793671 0.011625085 0.0103957849
v  0.00599730108 0.0151392054 0.0127007645
v  0.0059980154 0.0112922378 0.0114577711
v  0.00599746406 0.0143227587 0.0132340109
v  0.00599818258 0.0104729766 0.0122110443
v  0.00599799538 0.0117133325 0.0155907627
v  0.00599839306 0.00938685611 0.0124537777
v  0.00600130763 -0.00606594561 0.0104535893
v  0.00599875534 0.00733727822 0.010515932
v  0.00600145059 -0.00670540798 0.0119187431
v  0.00600168156 -0.00783095881 0.0130539574
v  0.0059975693 0.012122144 -0.00832381565
v  0.00599689502 0.0153809227 -0.0119880922
v  0.00599752041 0.0122122727 -0.0104719317
v  0.00599731505 0.0129780648 -0.0145551283
v  0.00599765219 0.0114590013 -0.0112911779
v  0.00599782262 0.0101533001 -0.0166489203
v  0.00599784963 0.0103970207 -0.0116240336
v  0.00599840097 0.00699845282 -0.0182013977
v  0.00599806011 0.00931090117 -0.0113813002
v  0.00599903148 0.00361607783 -0.0191620868
v  0.00599969318 0.000116181029 -0.0194997489
v  0.00599822728 0.00849163998 -0.0106280269
v  0.00600036513 -0.00338747189 -0.0192034002
v  0.00600078423 -0.00474851113 -0.00822752714
v  0.0060011223 -0.00642888388 -0.0069932756
v  0.00600113999 -0.00653041108 -0.007103696
v  0.005999872 0.00138854655 0.00939805713
v  0.00599867338 0.00766173331 0.0091535598
v  0.00599875255 0.00732887024 0.0102155404
v  0.00599866733 0.00744599663 0.005901122
v  0.00599840237 0.00867967214 0.00386427226
v  0.00599823799 0.00936803874 0.00158460625
v  0.00599773601 0.0113029126 -0.00757054519
v  0.00599545985 0.0227433685 -0.0142265074
v  0.00599569222 0.0215580426 -0.0137850363
v  0.00599639583 0.0180358179 -0.0115326848
v  0.00599794649 0.0102167632 -0.00732780946
v  0.00599824497 0.00897285435 -0.00312394626
v  0.00599814393 0.00915478356 -0.00766066508
v  0.00599841541 0.00791412406 -0.00525698112
v  0.00599827571 0.00840151031 -0.00847991835
v  0.00599868549 0.00635817135 -0.00705969986
v  0.00599830877 0.00816719979 -0.00926565565
v  0.00599942589 0.00368217099 0.00875776913
v  0.00599901564 0.00574451266 0.00756718637
v  0.00599818444 0.00946785696 -0.000794633175
v  0.00600144779 -0.00710245827 0.00653147092
v  0.00600142498 -0.00699205277 0.00642994512
v  0.00600134721 -0.00651342282 0.00734280981
v  0.00600114604 -0.00542095816 0.00780060608
v  0.00600127131 -0.00599892484 0.0088563757
v  0.00600076001 -0.00331066386 0.00890395697
v  0.00599859236 0.00872309972 0.0174405947
v  0.0059992345 0.00544929784 0.0187233593
v  0.0059985905 0.00832487643 0.0121209212
v  0.0059999018 0.0019983591 0.0193973631
v  0.00599872181 0.00757160457 0.0113016758
v  0.00600057188 -0.00151753693 0.0194406807
v  0.00600122381 -0.00498404494 0.0188519154
v  0.00599590316 0.0227365661 0.016100945
v  0.00599614391 0.0214718431 0.0160812419
v  0.00599567499 0.023896981 0.0155976433
v  0.00599635392 0.0203276575 0.0155420378
v  0.00599694951 0.0170064643 0.0130025782
v  0.00599945104 0.00217085704 -0.00924899429
v  0.00599989854 -0.000197417874 -0.00949800853
v  0.00600082474 -0.00516901817 -0.010925211
v  0.00600035256 -0.0025532078 -0.00915023871
v  0.00600086106 -0.0052360245 -0.00932799838
v  0.00600100402 -0.00587548688 -0.00786284544
v  0.00600165129 -0.00995388255 -0.0167675391
v  0.00600193394 -0.0112487329 -0.0142776519
v  0.00600216817 -0.0124189649 -0.0135079836
v  0.00600032648 -0.000992275309 0.00944783259
v  0.00600277586 -0.0136171654 0.0125215519
v  0.00600275351 -0.0135067608 0.0124200266
v  0.00600255607 -0.0124050947 0.0132850129
v  0.00599796697 0.0113823665 0.00930965506
v  0.00599809876 0.0106290942 0.00849040877
v  0.005999038 0.00440280559 -0.00841883849
v  0.00599830598 0.00815879181 -0.00956604816
v  0.00600090064 -0.00568350172 -0.0124387778
v  0.00600107852 -0.00671001989 -0.0136642791
v  0.00600102451 -0.00678094057 -0.0182826836
v  0.00600133417 -0.00810991973 -0.014436204
v  0.00600163266 -0.00969414879 -0.0146503001
v  0.00600238796 -0.0113233598 0.0158745963
v  0.00600227434 -0.010887186 0.0137865636
v  0.00600183569 -0.0082884701 0.0176501963
v  0.00600196887 -0.0092905974 0.0137059083
v  0.00199856469 0.00678040739 -0.00990111195
v  0.00199865433 0.00629720138 -0.0100726662
v  0.00199875189 0.00579249067 -0.00998219196
v  0.00199883152 0.00539896451 -0.00965346396
v  0.00199887273 0.00522009702 -0.00917291548
v  0.00199886411 0.00530291442 -0.00866689067
v  0.00199880847 0.00562565867 -0.00826843455
v  0.00199872022 0.00610343879 -0.00808230974
v  0.00199862244 0.00661064452 -0.00815745071
v  0.00199854118 0.00701395236 -0.00847409759
v  0.00199811603 0.00889915042 -0.0129951993
v  0.00199785107 0.0102720037 -0.0132309087
v  0.00199781056 0.0104520079 -0.0136648528
v  0.00199781102 0.0104139578 -0.0141331051
v  0.00199785223 0.0101663033 -0.0145323155
v  0.00199792557 0.00976367109 -0.0147743747
v  0.00199801428 0.00929494761 -0.0148058645
v  0.00199809927 0.00886353292 -0.0146198263
v  0.00199816143 0.008564719 -0.014257336
v  0.00199818728 0.00846440438 -0.0137983803
v  0.00199817098 0.00858473498 -0.0133442543
v  0.00199719216 0.0140451351 -0.00912733283
v  0.00199748669 0.0123304678 -0.0113371853
v  0.00199727854 0.0136952633 -0.0077790455
v  0.00199722219 0.0140167372 -0.0074364855
v  0.00199714024 0.0144591965 -0.00727854297
v  0.0019970506 0.0149249481 -0.00734006427
v  0.0019969733 0.015311203 -0.00760748191
v  0.0019969251 0.0155326966 -0.00802177191
v  0.00199691672 0.0155405886 -0.00849149935
v  0.00199695001 0.0153331188 -0.00891299266
v  0.00199701777 0.0149560515 -0.00919322204
v  0.00199710485 0.0144926067 -0.00927034486
v  0.00199792674 0.0104345772 -0.00592689868
v  0.00199818867 0.00903212279 -0.00627915794
v  0.00199826062 0.00868282747 -0.00590380142
v  0.00199829042 0.00856543984 -0.0054046493
v  0.0019982697 0.00871090405 -0.00491295615
v  0.00199820451 0.00908093993 -0.00455799466
v  0.00199811161 0.00957824849 -0.00443308195
v  0.00199801545 0.0100720925 -0.00457106065
v  0.00199794141 0.0104326261 -0.00493566319
v  0.00199790904 0.0105650602 -0.00543102343
v  0.00199834956 0.00809775386 -0.00744532561
v  0.00200106506 -0.00627874164 -0.00903178193
v  0.00200099871 -0.00590339024 -0.00868246332
v  0.00200090534 -0.0054042479 -0.00856509805
v  0.00200080941 -0.00491254684 -0.0087105548
v  0.00200073654 -0.0045575765 -0.00908057671
v  0.00200070534 -0.00443267124 -0.00957788527
v  0.00200072443 -0.00457064994 -0.0100717284
v  0.00200078869 -0.00493525993 -0.010432262
v  0.00200088113 -0.00543061225 -0.010564696
v  0.00200097752 -0.00592648052 -0.010434214
v  0.00200151256 -0.00847368781 -0.00701359566
v  0.00200130092 -0.00744491629 -0.00809740555
v  0.00200178777 -0.00990070123 -0.00678004324
v  0.00200182758 -0.0100722555 -0.00629683724
v  0.00200181757 -0.00998178031 -0.00579212653
v  0.00200176076 -0.00965305325 -0.00539860781
v  0.00200167182 -0.00917249825 -0.00521974824
v  0.00200157426 -0.00866648182 -0.00530256517
v  0.0020014937 -0.00826802384 -0.00562529452
v  0.00200145133 -0.00808189157 -0.00610307558
v  0.00200145808 -0.00815704092 -0.00661029527
v  0.00200234633 -0.0129947821 -0.0088988021
v  0.00200237124 -0.0132304914 -0.0102716554
v  0.00200245134 -0.0136644421 -0.0104516512
v  0.00200254098 -0.0141326962 -0.010413616
v  0.0020026206 -0.0145318983 -0.0101659549
v  0.00200267253 -0.0147739723 -0.00976332091
v  0.00200268556 -0.0148054538 -0.00929458439
v  0.00200265623 -0.0146194249 -0.00886319019
v  0.0020025915 -0.0142569263 -0.00856436323
v  0.00200250559 -0.0137979696 -0.00846404023
v  0.00200241734 -0.0133438511 -0.00858436991
v  0.00200198055 -0.0113367764 -0.012330126
v  0.00200153445 -0.00912692957 -0.01404477
v  0.00200128276 -0.00777862733 -0.013694901
v  0.00200121291 -0.00743607711 -0.0140163954
v  0.00200117636 -0.00727812527 -0.0144588407
v  0.00200118124 -0.00733966101 -0.014924584
v  0.00200122665 -0.00760707865 -0.0153108388
v  0.00200130232 -0.00802136306 -0.0155323558
v  0.00200139149 -0.0084910905 -0.0155402394
v  0.00200147484 -0.00891258195 -0.0153327547
v  0.00200153375 -0.00919281878 -0.0149556873
v  0.00200155517 -0.00926993601 -0.0144922649
v  0.00200272282 -0.0136944829 0.0077789831
v  0.00200277893 -0.0140159857 0.00743642636
v  0.00200286089 -0.0144584309 0.00727848243
v  0.00200295052 -0.0149241826 0.00734000327
v  0.00200302806 -0.0153104365 0.00760742882
v  0.00200307625 -0.015531945 0.00802171975
v  0.00200308464 -0.0155398222 0.00849144626
v  0.00200305134 -0.0153323365 0.00891293772
v  0.00200298359 -0.014955285 0.00919316895
v  0.00200289628 -0.0144918561 0.00927028526
v  0.00200280896 -0.0140443677 0.00912727974
v  0.00200207462 -0.0104338117 0.00592683814
v  0.00200181268 -0.00903137214 0.0062790988
v  0.0020017405 -0.00868204702 0.00590373902
v  0.00200171093 -0.00856468827 0.00540459761
v  0.00200173142 -0.00871013664 0.0049129026
v  0.00200179685 -0.00908015948 0.00455793226
v  0.00200188975 -0.00957746804 0.00443302002
v  0.00200198567 -0.0100713111 0.0045710057
v  0.00200205971 -0.0104318457 0.00493560079
v  0.00200209231 -0.0105642937 0.00543096242
v  0.00200146018 -0.00701318635 0.00847403705
v  0.00200165156 -0.00809700228 0.00744527392
v  0.00200143643 -0.00677964138 0.00990105141
v  0.00200134702 -0.00629643444 0.0100726131
v  0.00200124946 -0.00579172466 0.00998213049
v  0.0020011696 -0.0053981985 0.00965340342
v  0.00200112863 -0.00521933101 0.00917285495
v  0.00200113701 -0.00530216331 0.008666832
v  0.00200119265 -0.00562487775 0.00826837216
v  0.0020012809 -0.00610267278 0.0080822492
v  0.00200137869 -0.0066098934 0.0081573911
v  0.00200188509 -0.00889838394 0.0129951388
v  0.00200215005 -0.0102712531 0.0132308491
v  0.0020021908 -0.0104512405 0.0136647988
v  0.00200219033 -0.0104132062 0.0141330464
v  0.00200214889 -0.0101655377 0.0145322541
v  0.00200207578 -0.00976290461 0.0147743206
v  0.00200198684 -0.00929416623 0.0148058105
v  0.00200190209 -0.00886278134 0.0146197742
v  0.00200183992 -0.00856395345 0.0142572755
v  0.00200181408 -0.00846362393 0.0137983179
v  0.00200183038 -0.00858396851 0.0133441938
v  0.00200251467 -0.0123297153 0.0113371341
v  0.00199871836 0.00777939335 0.0136948396
v  0.00199878844 0.00743684266 0.0140163349
v  0.001998825 0.00727889128 0.0144587802
v  0.00199882011 0.00734041212 0.0149245244
v  0.00199877471 0.00760782976 0.0153107792
v  0.00199869904 0.0080221286 0.0155322943
v  0.00199860963 0.00849185605 0.0155401789
v  0.00199852628 0.0089133475 0.0153326942
v  0.00199846737 0.00919356942 0.0149556277
v  0.00199844595 0.00927068759 0.0144922137
v  0.00199846667 0.00912768021 0.0140447114
v  0.00199902384 0.00592724653 0.0104341535
v  0.00199893629 0.00627950765 0.00903172139
v  0.00199900265 0.00590415625 0.00868240278
v  0.00199909601 0.00540499995 0.00856504589
v  0.00199919171 0.00491331285 0.00871049426
v  0.00199926482 0.00455834204 0.00908051617
v  0.00199929578 0.00443343725 0.0095778238
v  0.00199927669 0.00457141595 0.0100716678
v  0.00199921243 0.00493601104 0.0104322024
v  0.00199912 0.00543137826 0.0105646355
v  0.00199848856 0.00847445428 0.00701354258
v  0.00199870043 0.00744568231 0.00809734408
v  0.00199821335 0.00990145188 0.00677998411
v  0.00199817377 0.010073022 0.00629678415
v  0.00199818355 0.00998254772 0.00579207344
v  0.00199824036 0.00965382066 0.00539855473
v  0.0019983293 0.00917324983 0.0052196891
v  0.00199842709 0.0086672483 0.00530251209
v  0.00199850765 0.00826878939 0.00562523399
v  0.00199855003 0.00808267295 0.00610302063
v  0.00199854304 0.0081577925 0.00661024358
v  0.00199765502 0.0129955485 0.00889874157
v  0.00199763011 0.0132312579 0.0102716023
v  0.00199755002 0.0136651937 0.0104515916
v  0.00199746015 0.0141334627 0.0104135554
v  0.00199738052 0.0145326788 0.0101658935
v  0.0019973286 0.014774723 0.00976326223
v  0.00199731579 0.0148062194 0.00929452386
v  0.00199734489 0.0146201765 0.00886313897
v  0.00199740962 0.0142576918 0.0085643027
v  0.00199749554 0.0137987351 0.0084639797
v  0.00199758378 0.0133446027 0.00858431775
v  0.0019980208 0.0113375429 0.0123300655
v  0.00199765339 0.0114582386 -0.0112911193
v  0.00199752185 0.0122115109 -0.010471873
v  0.00199749158 0.0124542303 -0.00938574411
v  0.00199757051 0.0121213822 -0.00832375791
v  0.00199785084 0.0103962589 -0.0116239749
v  0.00199806131 0.00931013841 -0.0113812424
v  0.00199822849 0.00849087816 -0.0106279682
v  0.00199830718 0.00815802999 -0.00956598949
v  0.00199773745 0.0113021508 -0.00757048698
v  0.00199794793 0.0102160014 -0.00732775126
v  0.00199814537 0.00915402081 -0.00766060688
v  0.00199827692 0.00840074848 -0.00847986061
v  0.00199796841 0.0113816047 0.00930971373
v  0.00199793791 0.0116243232 0.0103958426
v  0.00199801684 0.011291476 0.0114578288
v  0.00199818378 0.0104722148 0.012211103
v  0.00199839426 0.00938609429 0.0124538355
v  0.0019985917 0.00832411461 0.0121209798
v  0.00199872325 0.00757084275 0.0113017336
v  0.00199875375 0.00732810842 0.0102155991
v  0.00199867482 0.00766097149 0.00915361848
v  0.00199850788 0.00848020241 0.00840034802
v  0.0019982974 0.0095663527 0.00815761182
v  0.00199809996 0.0106283324 0.00849046744
v  0.0194953773 0.0241083801 -0.00199163356
v  0.023495378 0.0241091419 -0.00199169177
v  0.019495137 0.025396416 -0.00164024346
v  0.0234951377 0.0253971778 -0.00164030178
v  0.0194949582 0.0264044516 -0.000764782599
v  0.0234949589 0.0264052134 -0.000764840923
v  0.0194948763 0.0269328076 0.000461348216
v  0.0234948769 0.0269335695 0.000461289892
v  0.0194949061 0.0268768538 0.00179530587
v  0.0234949067 0.0268776156 0.00179524755
v  0.019495042 0.0262476411 0.00297287013
v  0.0234950427 0.0262484029 0.00297281193
v  0.01949526 0.0251698215 0.00376082072
v  0.0234952606 0.0251705833 0.00376076228
v  0.0194955133 0.0238568746 0.00400309265
v  0.0234955139 0.0238576364 0.00400303444
v  0.0194957536 0.0225688089 0.00365169812
v  0.0234957542 0.0225695707 0.00365163968
v  0.0194959324 0.0215607733 0.0027762372
v  0.023495933 0.0215615351 0.00277617876
v  0.0194960162 0.0210324172 0.00155010633
v  0.0234960169 0.021033179 0.00155004801
v  0.0194960181 0.0209970027 0.00129912898
v  0.0234960187 0.0209977645 0.00129907066
v  0.0194959845 0.0210884009 0.000216153247
v  0.0234959852 0.0210891627 0.000216094937
v  0.0194958486 0.0217175838 -0.000961415586
v  0.0234958492 0.0217183456 -0.000961473852
v  0.0194956306 0.0227954034 -0.00174936606
v  0.0234956313 0.0227961652 -0.00174942438
v  0.0234960113 0.0202219728 -0.00935407542
v  0.0194960106 0.020221211 -0.00935401767
v  0.019495545 0.0227040369 -0.00885108113
v  0.0234955456 0.0227047987 -0.00885113981
v  0.0194951277 0.024980817 -0.00774038862
v  0.0234951284 0.0249815788 -0.0077404473
v  0.019494785 0.026905451 -0.00609320542
v  0.0234947857 0.0269062128 -0.00609326363
v  0.0194945391 0.0283544138 -0.00401524361
v  0.0234945398 0.0283551775 -0.00401530182
v  0.0194944069 0.0292347372 -0.00163985789
v  0.0234944075 0.029235499 -0.00163991621
v  0.0194943938 0.0294899028 0.000880518928
v  0.0234943945 0.0294906646 0.000880460662
v  0.0234944094 0.0294649135 0.00151889934
v  0.0194944087 0.0294641517 0.00151895767
v  0.0194964651 0.0193896387 0.0109737515
v  0.0234964658 0.0193904005 0.0109736929
v  0.0234959815 0.0219079256 0.0106748175
v  0.0194959827 0.0219071638 0.0106748752
v  0.0234955195 0.0242693722 0.00975245144
v  0.0194955189 0.0242686104 0.00975250918
v  0.023495106 0.0263229907 0.00826587249
v  0.0194951054 0.0263222288 0.00826593116
v  0.0234947708 0.0279367939 0.0063106427
v  0.0194947701 0.027936032 0.0063107009
v  0.0234945323 0.0290070046 0.00401241565
v  0.0194945317 0.0290062428 0.00401247432
v  0.0235022288 -0.0113214897 0.00493416935
v  0.0235020071 -0.0101998951 0.00438751047
v  0.02350205 -0.0102816271 0.00633554114
v  0.0235032178 -0.0162069891 0.00891247299
v  0.0235029981 -0.0149591556 0.0101560988
v  0.0235029012 -0.0143355271 0.0116878748
v  0.0235026013 -0.0142240888 -0.00736471731
v  0.023499798 0.000102740807 -0.0124816913
v  0.0235016178 -0.00947530381 -0.01288353
v  0.0235023536 -0.0133327842 -0.0128209284
v  0.0235029068 -0.0147909317 0.00614635926
v  0.0235014595 -0.00718723843 0.00620685425
v  0.0235011447 -0.00541762449 0.00780035136
v  0.0235007592 -0.00330733042 0.00890370179
v  0.0235003252 -0.000988941756 0.00944757834
v  0.0235003233 -0.000871790922 0.0107471189
v  0.0235003605 -0.000943046762 0.0124453744
v  0.0235021804 -0.0105211064 0.0120435366
v  0.0235011671 -0.0066420408 -0.00678811129
v  0.0235014744 -0.00812127534 -0.00492193596
v  0.0235017464 -0.0097147841 -0.00717553496
v  0.0235016923 -0.0090899393 -0.00274652429
v  0.0235018022 -0.00948716793 -0.000398556323
v  0.0235018134 -0.00944998395 0.000928756606
v  0.0235017985 -0.00928800646 0.00197443529
v  0.0234977584 0.0112606399 -0.00663070474
v  0.0234977212 0.011477801 -0.00628642086
v  0.0234980136 0.00993189588 -0.00650012819
v  0.0234984159 0.00791745726 -0.00525723631
v  0.0234982446 0.00867812708 -0.00695899967
v  0.0234980378 0.00935981143 -0.0123216482
v  0.0234982651 0.00821935013 -0.0116275018
v  0.0234984197 0.00749299023 -0.0105072446
v  0.02349847 0.00732461549 -0.00918278191
v  0.0234984085 0.00774759194 -0.00791642442
v  0.023498686 0.00636150502 -0.00705995457
v  0.0235007834 -0.00474517746 -0.00822778232
v  0.0235003531 -0.00254987436 -0.00915049389
v  0.0234998986 -0.00019408435 -0.00949826371
v  0.0234994516 0.00217419048 -0.00924924947
v  0.0234990381 0.00440613925 -0.00841909368
v  0.0234980267 0.0109109581 0.00722465524
v  0.0234986674 0.00744932983 0.00590086682
v  0.0234979838 0.01099269 0.00527662458
v  0.0234984029 0.00868300628 0.00386401708
v  0.0234982371 0.00937137287 0.00158435118
v  0.023498185 0.00947119016 -0.000794888241
v  0.0234982446 0.00897618756 -0.00312420144
v  0.0234978329 0.0120429527 0.00874565821
v  0.0234979969 0.0111124171 0.00778822601
v  0.0234982297 0.00985861849 0.00732936477
v  0.023498483 0.00852990523 0.00745993853
v  0.0234990157 0.00574784633 0.00756693119
v  0.0234987121 0.00738941412 0.00815408863
v  0.0234994255 0.00368550443 0.00875751395
v  0.0234988667 0.00666306913 0.00927434303
v  0.0234998725 0.00139187998 0.00939780287
v  0.023498917 0.00649469439 0.0105988057
v  0.0235016812 -0.00850496534 0.00422333693
v  0.0234966315 0.0172227379 -0.00604539085
v  0.0234968923 0.016737625 0.0055176476
v  0.0234964713 0.0177685712 -0.00984707195
v  0.0234972257 0.013600613 -0.0125460681
v  0.0234968849 0.0155143943 -0.0109337522
v  0.0234973244 0.0132958349 -0.00976957846
v  0.0234973766 0.0131274909 -0.0084451111
v  0.0234975312 0.0124011301 -0.00732486183
v  0.0234973878 0.0128728887 -0.0110359313
v  0.0234975498 0.0119423531 -0.0119933635
v  0.0234976672 0.0111172898 -0.0147907119
v  0.0234977826 0.0106885545 -0.0124522252
v  0.0234981831 0.00827015564 -0.0165511277
v  0.0234987587 0.00515240757 -0.0177696627
v  0.0234993771 0.0018661127 -0.0184064377
v  0.0235000141 -0.00148113561 -0.0184405949
v  0.0235018395 -0.0108041912 -0.0150144296
v  0.0235012658 -0.00792172272 -0.0167163629
v  0.0235006493 -0.00477974582 -0.0178710241
v  0.0235027894 -0.0154247247 -0.0102076884
v  0.023503134 -0.0170115009 -0.00726025226
v  0.023503378 -0.0180411953 -0.00407513231
v  0.0235030148 -0.0162174031 -0.00508471159
v  0.0235035084 -0.0184800643 -0.000756606285
v  0.0235031787 -0.0168538447 -0.00219056825
v  0.0235032458 -0.0169780497 0.000770123675
v  0.023503527 -0.0183137488 0.0025866779
v  0.0235032141 -0.0165862683 0.00370740495
v  0.0235034283 -0.0175476912 0.00584527152
v  0.023503121 -0.0160124283 0.00491292495
v  0.0235008337 -0.00298254867 0.0182569213
v  0.023501439 -0.0062236106 0.017419789
v  0.0235019978 -0.00926075969 0.0160123166
v  0.0235024896 -0.0119945677 0.0140805999
v  0.023498347 0.00987194013 0.015648406
v  0.0234989375 0.00689051114 0.0171703491
v  0.0234984607 0.00910198968 0.013281459
v  0.0234986916 0.00784819108 0.0128225898
v  0.0234995633 0.00368362525 0.0181301218
v  0.0235002022 0.000356299774 0.0184963141
v  0.0234982055 0.0104307039 0.0131508848
v  0.0234979782 0.011571194 0.0124567281
v  0.0234978124 0.0125303045 0.0136141237
v  0.0234974027 0.0145694297 0.0121635189
v  0.0234978218 0.0122975549 0.0113364784
v  0.0234969445 0.0169048831 0.0112646101
v  0.0234977715 0.0124659287 0.0100120082
v  0.0234969351 0.016655894 0.00746568572
v  0.0235019103 -0.0103862304 -0.0046211537
v  0.0235019848 -0.0108683659 -0.00586618576
v  0.0235021561 -0.0118429577 -0.00677872682
v  0.0235023946 -0.0131169707 -0.00717803091
v  0.0235026479 -0.0144380825 -0.00698502595
v  0.0235028695 -0.0155446064 -0.00623792317
v  0.0235019512 -0.0104920268 -0.00329022598
v  0.0235021003 -0.0107367616 0.00373389805
v  0.0235020798 -0.0107307071 0.0023987873
v  0.0235021003 -0.010984214 0.000498194597
v  0.0235020556 -0.0109038455 -0.0014175477
v  0.0235029366 -0.014972372 0.00575007545
v  0.0235026926 -0.0136720687 0.00605306495
v  0.0235024393 -0.0123690963 0.00576186832
v  0.0234988555 0.00691767083 0.0118651632
v  0.0195011217 -0.0064263125 -0.00699347258
v  0.0195007827 -0.00474593928 -0.00822772458
v  0.0195021853 -0.0125179207 -0.0136186006
v  0.0195018388 -0.0108049531 -0.0150143718
v  0.0195012651 -0.00792248454 -0.0167163052
v  0.0195006486 -0.00478050765 -0.0178709663
v  0.0195000134 -0.00148189755 -0.0184405353
v  0.0194993764 0.00186535076 -0.0184063781
v  0.019498758 0.00515164575 -0.0177696049
v  0.0195027757 -0.013614594 0.0125213554
v  0.0195024889 -0.0119953305 0.0140806586
v  0.0195019972 -0.00926152151 0.0160123762
v  0.0195014384 -0.00622437242 0.0174198467
v  0.019500833 -0.00298331073 0.0182569791
v  0.0195002016 0.000355537835 0.0184963737
v  0.0194995627 0.0036828632 0.0181301814
v  0.0194989368 0.00688974932 0.0171704069
v  0.01949846 0.00910122786 0.0132815167
v  0.0194983464 0.00987117831 0.0156484637
v  0.0194982048 0.010429942 0.0131509434
v  0.0194964707 0.0177678093 -0.00984701328
v  0.0194979776 0.0115704322 0.0124567859
v  0.0194978118 0.0125295417 0.0136141814
v  0.019497823 0.0122967921 0.0113365371
v  0.019497402 0.0145686669 0.0121635776
v  0.0194977708 0.0124651669 0.0100120669
v  0.0194969438 0.0169041194 0.0112646678
v  0.019498691 0.00784742925 0.0128226485
v  0.0194988549 0.00691690901 0.0118652219
v  0.0194989163 0.00649393257 0.0105988644
v  0.019498419 0.00749222841 -0.0105071869
v  0.0194982644 0.00821858831 -0.0116274431
v  0.0194981825 0.00826939382 -0.0165510699
v  0.0194980372 0.00935904961 -0.0123215904
v  0.0194976665 0.011116528 -0.0147906533
v  0.019497782 0.0106877927 -0.0124521665
v  0.0194972251 0.0135998512 -0.0125460094
v  0.0194979962 0.0111116553 0.00778828422
v  0.0195003524 -0.00255063619 -0.00915043522
v  0.019499898 -0.000194846303 -0.00949820597
v  0.0194975492 0.0119415913 -0.0119933058
v  0.0194973871 0.0128721269 -0.0110358726
v  0.0194968842 0.0155136324 -0.0109336944
v  0.0194973238 0.0132950731 -0.00976951979
v  0.0194973759 0.0131267291 -0.00844505243
v  0.0194975305 0.0124003682 -0.00732480362
v  0.0194977578 0.0112598781 -0.00663064606
v  0.019498229 0.00985785667 0.00732942298
v  0.0194994509 0.00217342866 -0.0092491908
v  0.0194984712 0.00732385367 -0.00918272417
v  0.0194990374 0.00440537697 -0.008419035
v  0.0194984078 0.00774683012 -0.00791636668
v  0.0194986854 0.00636074319 -0.00705989636
v  0.0194982458 0.00867736526 -0.00695894146
v  0.0194984153 0.00791669544 -0.00525717763
v  0.019498013 0.00993113406 -0.00650006952
v  0.0194978323 0.0120421909 0.00874571688
v  0.0195014235 -0.00698948139 0.00642974814
v  0.0195011459 -0.00541838631 0.00780040957
v  0.0195007585 -0.00330809224 0.00890376046
v  0.0195003264 -0.000989703694 0.00944763608
v  0.0194998719 0.00139111804 0.00939786062
v  0.0194988661 0.00666230731 0.0092744017
v  0.0194982439 0.00897542574 -0.003124143
v  0.0194981843 0.00947042834 -0.000794829917
v  0.0194982365 0.00937061105 0.0015844095
v  0.0194984023 0.00868224353 0.00386407552
v  0.0194984842 0.00852914341 0.00745999673
v  0.0194986667 0.00744856801 0.00590092503
v  0.0194987115 0.0073886523 0.00815414637
v  0.0194990151 0.00574708451 0.00756698987
v  0.0194994248 0.00368474238 0.00875757169
v  0.00590295251 -0.012372449 0.0057621249
v  0.00600253092 -0.0128343515 0.0059369728
v  0.00600244012 -0.0123724295 0.0057621235
v  0.00591892144 -0.0120446198 0.00558013469
v  0.00600231951 -0.0117663769 0.00537870917
v  0.00600205455 -0.0112744924 -0.00634563202
v  0.00600215746 -0.0118462909 -0.0067784721
v  0.00591864716 -0.011534892 -0.00656965654
v  0.00590266986 -0.0118463095 -0.00677847071
v  0.00600223895 -0.012291952 -0.0069913948
v  0.00580208935 -0.0114786439 -0.00667171506
v  0.00580227748 -0.0125296554 -0.007496926
v  0.00600233022 -0.0128093986 -0.00751259364
v  0.00580204232 -0.0112221809 -0.00654167822
v  0.00600182777 -0.0100572659 -0.00599503191
v  0.00600245921 -0.01359325 -0.00890584663
v  0.00580241764 -0.0133720348 -0.00887980778
v  0.00580229936 -0.0126561113 -0.00764101092
v  0.0058018202 -0.0100305146 -0.00619322294
v  0.00580174802 -0.00964868255 -0.00615948206
v  0.00600152276 -0.0084606912 -0.00607567886
v  0.00580152916 -0.00850734673 -0.00627016742
v  0.00580143975 -0.00804869831 -0.00640853541
v  0.00600123499 -0.00700105261 -0.00672762934
v  0.00580125488 -0.00711482111 -0.00689214235
v  0.00580116408 -0.00666582352 -0.00725091482
v  0.00580103416 -0.00604100851 -0.00797516014
v  0.00580096291 -0.00571056781 -0.00855838228
v  0.00580089772 -0.00543093635 -0.00937295239
v  0.00580086699 -0.00532837166 -0.0101318806
v  0.00580086326 -0.00536701549 -0.010896734
v  0.0058008912 -0.00557743246 -0.011731864
v  0.00580093591 -0.0058578602 -0.0123407086
v  0.00580103183 -0.00641981233 -0.0131147467
v  0.00580110541 -0.0068371715 -0.013509864
v  0.00580126652 -0.00772727188 -0.0140699949
v  0.00580134895 -0.00817271881 -0.0142463008
v  0.00580156082 -0.00930076931 -0.0144521911
v  0.00580163393 -0.00968409609 -0.0144505538
v  0.00580186909 -0.0109007545 -0.0142031386
v  0.00580192171 -0.0111672049 -0.0140950372
v  0.00580214523 -0.0122836437 -0.0133607574
v  0.00600219797 -0.012563711 -0.0133685926
v  0.00580217317 -0.0124217272 -0.013227771
v  0.00600238843 -0.0134615144 -0.0120458836
v  0.00580234593 -0.0132388845 -0.0120532913
v  0.00580235478 -0.0132782534 -0.0119658811
v  0.00600247923 -0.0138208717 -0.0104881804
v  0.00580244185 -0.0136210807 -0.010479793
v  0.0058024223 -0.0134039326 -0.0089702094
v  0.0060024173 -0.0133719966 -0.0088798115
v  0.00600244151 -0.0136210425 -0.0104797967
v  0.00600227714 -0.0125296172 -0.0074969288
v  0.00600204198 -0.0112221427 -0.00654168148
v  0.00600174768 -0.00964864437 -0.00615948532
v  0.00600143941 -0.00804866012 -0.0064085382
v  0.00600116374 -0.00666578533 -0.00725091761
v  0.00600096257 -0.00571052963 -0.00855838507
v  0.00600086665 -0.00532833347 -0.0101318834
v  0.00600089086 -0.00557739427 -0.0117318667
v  0.00600103149 -0.00641977414 -0.0131147495
v  0.00600126619 -0.00772723369 -0.0140699986
v  0.00600156048 -0.00930073112 -0.0144521939
v  0.00600186875 -0.0109007163 -0.0142031414
v  0.00600214489 -0.0122836055 -0.0133607602
v  0.00600234559 -0.0132388463 -0.0120532941
v  0.00600264454 -0.0133936321 0.00641299551
v  0.00600290531 -0.0144231711 0.010875741
v  0.00580286421 -0.014201941 0.0109017789
v  0.00600277632 -0.0136393197 0.012268994
v  0.00580274593 -0.0134860324 0.0121405777
v  0.00580272358 -0.0133595616 0.0122846607
v  0.00580253545 -0.0123085501 0.0131098721
v  0.00580248889 -0.012052102 0.0132399099
v  0.00580226677 -0.0108604357 0.0135883652
v  0.00580219459 -0.0104786037 0.0136221061
v  0.00580197526 -0.00933725294 0.0135114267
v  0.00580188632 -0.00887861941 0.0133730527
v  0.00580170099 -0.00794472732 0.0128894439
v  0.00580161018 -0.00749574462 0.0125306733
v  0.00580148073 -0.00687092962 0.0118064284
v  0.00580140948 -0.00654048892 0.0112232054
v  0.00580134429 -0.00626085745 0.0104086362
v  0.00580131356 -0.00615829276 0.00964970794
v  0.00580130983 -0.00619693659 0.00888485461
v  0.00580133777 -0.00640735356 0.00804972462
v  0.00580138247 -0.00668776641 0.00744087808
v  0.00580147794 -0.00724973343 0.00666684192
v  0.00600152509 -0.007539941 0.00611730898
v  0.00580155198 -0.00766709261 0.00627172412
v  0.00600178028 -0.00893984083 0.00534538412
v  0.00580171309 -0.00855719298 0.00571159273
v  0.00580179552 -0.00900262501 0.00553528592
v  0.00600207923 -0.0105240699 0.00513128843
v  0.00580200739 -0.0101306904 0.00532939704
v  0.0058020805 -0.0105140172 0.00533103431
v  0.00580231566 -0.0117306756 0.00557844993
v  0.00580236828 -0.0119971111 0.00568654994
v  0.00580259133 -0.0131135499 0.00642082933
v  0.00580261974 -0.0132516483 0.00655381707
v  0.00600283453 -0.0142914355 0.00773570454
v  0.0058027925 -0.0140688056 0.00772829726
v  0.00580280134 -0.0141081596 0.00781570561
v  0.0060029258 -0.0146507928 0.0092934072
v  0.00580288842 -0.0144510018 0.00930179469
v  0.00580286887 -0.0142338537 0.0108113792
v  0.00600286387 -0.0142019028 0.0109017761
v  0.00600288808 -0.0144509636 0.0093017919
v  0.00600272324 -0.0133595234 0.0122846579
v  0.00600248855 -0.0120520638 0.0132399071
v  0.00600219425 -0.0104785655 0.0136221033
v  0.00600188598 -0.00887858123 0.0133730499
v  0.00600160984 -0.00749570644 0.0125306705
v  0.00600140914 -0.00654045073 0.0112232026
v  0.00600131322 -0.00615825504 0.00964970514
v  0.00600133743 -0.00640731538 0.0080497209
v  0.0060014776 -0.00724969525 0.00666683912
v  0.00600171275 -0.0085571548 0.00571158994
v  0.00600200705 -0.0101306532 0.00532939378
v  0.00600231532 -0.0117306374 0.00557844713
v  0.00600259099 -0.0131135117 0.00642082654
v  0.00600279216 -0.0140687674 0.007728294
v  0.000294886006 0.0258867852 -0.0125366533
v  0.000296396349 0.018034732 -0.0115326019
v  0.00029569256 0.0215569567 -0.0137849534
v  0.000296950078 0.0170053784 0.0130026611
v  0.000296354439 0.0203265715 0.0155421207
v  0.000295499805 0.0247457493 0.0146608884
v  0.00029567536 0.0238958951 0.0155977262
v  0.000295903737 0.0227354802 0.0161010269
v  0.000296144368 0.0214707572 0.0160813257
v  0.000295460341 0.0227422826 -0.0142264236
v  0.000295221223 0.0240042079 -0.0141401244
v  0.0002950177 0.0251183994 -0.0135413893
v  7.04510894e-05 0.0175222792 -0.0109366151
v  0.000356123375 0.0175941847 -0.0113216797
v  7.10785098e-05 0.016544668 0.0123659922
v  0.000356666773 0.0165840574 0.0127555812
v  0.000472700602 0.0158607177 0.0125926677
v  0.000480996678 0.0155981956 0.0126007078
v  0.000474269415 0.0153774368 0.0126345754
v  0.000466077356 0.015267822 0.0126609644
v  0.000451891741 0.0151373679 0.0127011165
v  0.000394960196 0.0148195289 0.0128429933
v  0.000384749495 0.0164700188 0.0127103925
v  0.000461706979 0.0159950946 0.0126019223
v  0.000274632941 0.0155637609 0.0123195751
v  0.000474310102 0.0168242138 -0.0112219891
v  0.000480458402 0.0165987611 -0.0112499483
v  0.000471487321 0.0163476616 -0.0113127297
v  0.000466441445 0.0169366356 -0.0112176593
v  0.000448024803 0.0171108264 -0.0112234503
v  0.000396859279 0.0174178518 -0.0112713054
v  0.000381654681 0.0157937463 -0.0115908375
v  0.000460155134 0.0162211563 -0.011357951
v  0.000274006685 0.0165409073 -0.0109725269
v  0.0014943484 0.0297016185 0.000443645637
v  0.0014944002 0.0295741521 0.00233218377
v  0.0014945654 0.0288403854 0.00407701591
v  0.00149482605 0.0275798347 0.00548905041
v  0.00149640127 0.0192140974 0.00422413927
v  0.00149617298 0.0205172263 0.00559698977
v  0.0014958661 0.0221954994 0.00647233985
v  0.00149551372 0.0240670759 0.00675531989
v  0.00149515399 0.0259291138 0.0064152698
v  0.00149590953 0.021165533 -0.00400856975
v  0.0014962079 0.0196897611 -0.00282327714
v  0.00149642373 0.0186788011 -0.00122301944
v  0.00149653375 0.0182422511 0.000618781894
v  0.00149652595 0.0184273701 0.00250255014
v  0.00149441557 0.0292089656 -0.00138396036
v  0.0014945945 0.0281495824 -0.00295257103
v  0.00149486575 0.0266382787 -0.0040922137
v  0.00149519998 0.0248388331 -0.00467939023
v  0.00149556098 0.0229462218 -0.00465046056

# 0 UV coordinates

# 2000 vertex normals
vn 0.551444113 0.230498776 -0.801735461
vn 0.55142647 0.325455874 -0.768119335
vn 0.55142653 0.325455904 -0.768119276
vn 0.55140996 0.415669799 -0.723301947
vn 0.551409423 0.415669322 -0.723302603
vn 0.551394224 0.499823034 -0.667938113
vn 0.551394284 0.499823064 -0.667938054
vn 0.551380575 0.576689601 -0.602833807
vn 0.551380813 0.57668972 -0.60283345
vn 0.551368833 0.645148396 -0.528938532
vn 0.551368475 0.645148218 -0.528939128
vn 0.551358402 0.704200864 -0.447331011
vn 0.551350415 0.752985954 -0.359200388
vn 0.551350772 0.752985954 -0.359199822
vn 0.551344931 0.790792346 -0.265831262
vn 0.551344693 0.790792346 -0.26583162
vn 0.551341116 0.817068934 -0.168586314
vn 0.551341057 0.817068934 -0.168586388
vn 0.551339805 0.831432164 -0.0688836724
vn 0.551340342 0.831431925 -0.0688829273
vn 0.551341355 0.833672523 0.0318244956
vn 0.551341355 0.833672583 0.0318244472
vn 0.551344693 0.823757887 0.132068038
vn 0.551344037 0.823758423 0.132067248
vn 0.551349699 0.801833093 0.230384976
vn 0.551350296 0.801832438 0.230385691
vn 0.551358104 0.768216312 0.325342804
vn 0.551358104 0.768216312 0.325342834
vn 0.551367939 0.723398924 0.415556699
vn 0.551367402 0.72339958 0.415556252
vn 0.551379204 0.66803515 0.499709934
vn 0.551379263 0.66803509 0.499709964
vn 0.551392794 0.602930784 0.576576531
vn 0.551392972 0.602930486 0.57657665
vn 0.551408052 0.529035568 0.645035267
vn 0.551407695 0.529036105 0.645035148
vn 0.551424086 0.447428018 0.704087794
vn 0.55144161 0.359297395 0.752872884
vn 0.551441967 0.359296829 0.752872884
vn 0.551460326 0.265928298 0.790679276
vn 0.551460087 0.265928656 0.790679276
vn 0.551478982 0.168683335 0.816955864
vn 0.551478922 0.16868341 0.816955864
vn 0.551498175 0.0689806864 0.831319094
vn 0.551498652 0.0689799413 0.831318796
vn 0.551517904 -0.0317274779 0.833559453
vn 0.551517844 -0.0317274295 0.833559513
vn 0.551536798 -0.131971017 0.823644817
vn 0.551536202 -0.131970227 0.823645353
vn 0.55155462 -0.230287954 0.801720023
vn 0.551555216 -0.230288669 0.801719368
vn 0.5515728 -0.325245768 0.768103242
vn 0.551572859 -0.325245798 0.768103242
vn 0.55158937 -0.415459692 0.723285854
vn 0.551588833 -0.415459216 0.72328651
vn 0.551604092 -0.499612927 0.66792208
vn 0.551604152 -0.499612957 0.66792196
vn 0.551617801 -0.576479495 0.602817714
vn 0.55161804 -0.576479614 0.602817357
vn 0.551629961 -0.64493829 0.528922498
vn 0.551629603 -0.644938111 0.528923035
vn 0.551639676 -0.703990757 0.447314948
vn 0.551647723 -0.752775848 0.359184295
vn 0.55164808 -0.752775848 0.359183729
vn 0.551653922 -0.79058224 0.265815198
vn 0.551653683 -0.79058224 0.265815556
vn 0.551657259 -0.816858828 0.168570235
vn 0.551657259 -0.816858828 0.16857031
vn 0.551658511 -0.831222057 0.068867594
vn 0.551659048 -0.831221819 0.0688668489
vn 0.551657975 -0.833462417 -0.031840574
vn 0.551657975 -0.833462477 -0.0318405256
vn 0.551654637 -0.823547781 -0.132084116
vn 0.551653981 -0.823548317 -0.132083327
vn 0.551648378 -0.801622987 -0.230401054
vn 0.551649034 -0.801622331 -0.230401769
vn 0.551641226 -0.768006206 -0.325358868
vn 0.551641226 -0.768006206 -0.325358897
vn 0.551631391 -0.723188818 -0.415572792
vn 0.551630855 -0.723189473 -0.415572345
vn 0.551619112 -0.667825043 -0.499726027
vn 0.551619172 -0.667824984 -0.499726057
vn 0.551605642 -0.602720678 -0.576592565
vn 0.55160588 -0.60272038 -0.576592684
vn 0.551590741 -0.528825462 -0.64505136
vn 0.551590383 -0.528825998 -0.645051241
vn 0.551573992 -0.447217911 -0.704103887
vn 0.551556468 -0.359087288 -0.752888918
vn 0.551556885 -0.359086722 -0.752888918
vn 0.551538527 -0.265718192 -0.79069531
vn 0.551538289 -0.265718549 -0.790695369
vn 0.551519394 -0.168473229 -0.816971898
vn 0.551519334 -0.168473303 -0.816971958
vn 0.551500142 -0.06877058 -0.831335187
vn 0.551500678 -0.0687698349 -0.831334889
vn 0.551481485 0.0319375843 -0.833575547
vn 0.551481426 0.0319375359 -0.833575547
vn 0.551462471 0.132181123 -0.82366091
vn 0.551461875 0.132180333 -0.823661447
vn 0.551443458 0.230498061 -0.801736057
vn 0.450387597 0.246671319 -0.858081758
vn 0.450368762 0.348303407 -0.822102606
vn 0.450368524 0.348303169 -0.822102845
vn 0.450350851 0.444857031 -0.774135888
vn 0.450351357 0.444857448 -0.774135351
vn 0.450335056 0.534925342 -0.71487987
vn 0.450334668 0.534925103 -0.714880288
vn 0.450320035 0.617193997 -0.645200312
vn 0.45030725 0.690464318 -0.566111684
vn 0.45030728 0.690464318 -0.566111624
vn 0.450296491 0.753666997 -0.478768349
vn 0.450287938 0.805880785 -0.384443671
vn 0.450287908 0.805880785 -0.3844437
vn 0.45028165 0.846344531 -0.28451252
vn 0.450277805 0.874467671 -0.180433363
vn 0.450278163 0.874467552 -0.180432871
vn 0.450276792 0.889840364 -0.073722288
vn 0.450276285 0.889840543 -0.0737229362
vn 0.450277388 0.892238736 0.034062963
vn 0.450277627 0.892238617 0.0340632424
vn 0.450281203 0.881627202 0.141351849
vn 0.450281471 0.881627023 0.141352147
vn 0.450287461 0.858160734 0.246579215
vn 0.450287193 0.858160973 0.246578962
vn 0.450295538 0.822181821 0.34821105
vn 0.450295299 0.822182059 0.348210812
vn 0.450305879 0.774215102 0.444764674
vn 0.450306386 0.774214566 0.444765091
vn 0.450318962 0.714959085 0.534832954
vn 0.450318605 0.714959502 0.534832716
vn 0.450333089 0.645279527 0.617101669
vn 0.450349241 0.566190898 0.69037199
vn 0.450349271 0.566190839 0.69037199
vn 0.450366825 0.478847593 0.75357461
vn 0.450385571 0.384522885 0.805788398
vn 0.450385511 0.384522945 0.805788398
vn 0.450405151 0.284591734 0.846252203
vn 0.450405121 0.284591764 0.846252203
vn 0.450425357 0.180512592 0.874375343
vn 0.450425744 0.180512115 0.874375224
vn 0.450446278 0.0738015324 0.889747977
vn 0.450445771 0.0738021806 0.889748216
vn 0.450466335 -0.0339837223 0.892146409
vn 0.450466573 -0.0339840017 0.892146289
vn 0.450486839 -0.141272604 0.881534815
vn 0.450487107 -0.141272902 0.881534636
vn 0.450506806 -0.246499971 0.858068407
vn 0.450506538 -0.246499717 0.858068585
vn 0.450525373 -0.348131776 0.822089493
vn 0.450525135 -0.348131567 0.822089732
vn 0.450542867 -0.444685429 0.774122715
vn 0.450543374 -0.444685847 0.774122179
vn 0.450559646 -0.53475374 0.714866757
vn 0.450559258 -0.534753501 0.714867175
vn 0.450573951 -0.617022395 0.64518714
vn 0.450586766 -0.690292716 0.566098511
vn 0.450586796 -0.690292716 0.566098452
vn 0.450597554 -0.753495395 0.478755236
vn 0.450606138 -0.805709183 0.384430528
vn 0.450606108 -0.805709183 0.384430587
vn 0.450612336 -0.846172929 0.284499377
vn 0.450616181 -0.874296069 0.18042022
vn 0.450616539 -0.87429595 0.180419743
vn 0.450617909 -0.889668763 0.0737091601
vn 0.450617403 -0.889668941 0.0737098083
vn 0.4506163 -0.892067134 -0.0340760946
vn 0.450616509 -0.892067015 -0.034076374
vn 0.450612932 -0.8814556 -0.141364992
vn 0.450613171 -0.881455421 -0.141365275
vn 0.450607181 -0.857989132 -0.246592358
vn 0.450606912 -0.857989371 -0.24659209
vn 0.450598598 -0.822010219 -0.348224163
vn 0.450598359 -0.822010458 -0.348223954
vn 0.450587839 -0.7740435 -0.444777817
vn 0.450588346 -0.774042964 -0.444778234
vn 0.450575709 -0.714787483 -0.534846127
vn 0.450575352 -0.7147879 -0.534845829
vn 0.450560898 -0.645107925 -0.617114782
vn 0.450544775 -0.566019297 -0.690385103
vn 0.450544834 -0.566019237 -0.690385103
vn 0.450527251 -0.478675991 -0.753587782
vn 0.450508535 -0.384351283 -0.80580157
vn 0.450508505 -0.384351343 -0.80580157
vn 0.450488865 -0.284420133 -0.846265316
vn 0.450488836 -0.284420133 -0.846265316
vn 0.4504686 -0.18034099 -0.874388456
vn 0.450468987 -0.180340499 -0.874388337
vn 0.450448424 -0.0736299232 -0.88976109
vn 0.450447917 -0.0736305714 -0.889761329
vn 0.450427353 0.0341553316 -0.892159522
vn 0.450427592 0.0341556109 -0.892159402
vn 0.450407296 0.141444221 -0.881547987
vn 0.450407535 0.141444504 -0.881547809
vn 0.450387836 0.246671587 -0.85808152
vn 0.343221486 0.259474427 -0.90270263
vn 0.343201667 0.366391331 -0.864852607
vn 0.343201727 0.366391361 -0.864852548
vn 0.3431831 0.467966378 -0.814391077
vn 0.343182713 0.46796608 -0.814391375
vn 0.343165606 0.562718034 -0.752054334
vn 0.343165964 0.562718272 -0.752054036
vn 0.343150556 0.649264932 -0.678750873
vn 0.343150735 0.649265051 -0.678750694
vn 0.343137234 0.726345539 -0.595549345
vn 0.343137354 0.726345599 -0.595549166
vn 0.343126059 0.792834997 -0.503663778
vn 0.343117028 0.847764134 -0.404433817
vn 0.343116879 0.847764075 -0.404433966
vn 0.343110353 0.890332103 -0.299305916
vn 0.343110174 0.890332103 -0.299306095
vn 0.343106121 0.919917822 -0.189814135
vn 0.343105763 0.919917881 -0.189814553
vn 0.343104303 0.936090112 -0.0775546134
vn 0.34310469 0.936089993 -0.0775541812
vn 0.343105853 0.938612878 0.0358362943
vn 0.343105793 0.938612878 0.0358362384
vn 0.343109578 0.927449644 0.148704231
vn 0.343109816 0.927449524 0.148704469
vn 0.343116105 0.90276283 0.259404272
vn 0.343115866 0.902763009 0.259404033
vn 0.343124658 0.864912987 0.366320938
vn 0.343124688 0.864912927 0.366320968
vn 0.343135804 0.814451456 0.467896014
vn 0.343135417 0.814451754 0.467895716
vn 0.343148708 0.752114713 0.562647641
vn 0.343149066 0.752114415 0.562647879
vn 0.343164295 0.678811252 0.649194539
vn 0.343164474 0.678811073 0.649194658
vn 0.343181401 0.595609725 0.726275146
vn 0.343181551 0.595609546 0.726275206
vn 0.343200028 0.503724158 0.792764604
vn 0.343219697 0.404494196 0.847693741
vn 0.343219578 0.404494345 0.847693741
vn 0.343240261 0.299366295 0.89026171
vn 0.343240082 0.299366504 0.89026171
vn 0.343261361 0.189874515 0.919847429
vn 0.343261003 0.189874947 0.919847488
vn 0.34328261 0.0776150003 0.936019719
vn 0.343282968 0.0776145756 0.936019659
vn 0.343304604 -0.0357759036 0.938542485
vn 0.343304545 -0.0357758515 0.938542545
vn 0.343325913 -0.148643836 0.92737931
vn 0.343326151 -0.148644075 0.927379131
vn 0.343346864 -0.259343863 0.902692437
vn 0.343346626 -0.259343654 0.902692616
vn 0.343366444 -0.366260529 0.864842594
vn 0.343366474 -0.366260588 0.864842534
vn 0.3433851 -0.467835605 0.814381063
vn 0.343384713 -0.467835307 0.814381421
vn 0.343401879 -0.562587261 0.75204438
vn 0.343402267 -0.5625875 0.752044022
vn 0.343417674 -0.649134159 0.678740859
vn 0.343417853 -0.649134219 0.67874068
vn 0.343431294 -0.726214767 0.595539331
vn 0.343431413 -0.726214826 0.595539212
vn 0.343442768 -0.792704165 0.503653765
vn 0.343451768 -0.847633302 0.404423803
vn 0.343451649 -0.847633302 0.404423952
vn 0.343458235 -0.89020133 0.299295902
vn 0.343458056 -0.89020133 0.299296111
vn 0.34346211 -0.919787049 0.189804122
vn 0.343461722 -0.919787109 0.189804554
vn 0.343463153 -0.935959339 0.0775446072
vn 0.34346354 -0.93595922 0.0775441751
vn 0.343462348 -0.938482106 -0.0358463041
vn 0.343462318 -0.938482106 -0.0358462483
vn 0.343458533 -0.927318871 -0.148714229
vn 0.343458772 -0.927318752 -0.148714483
vn 0.343452454 -0.902632058 -0.259414285
vn 0.343452215 -0.902632236 -0.259414047
vn 0.343443453 -0.864782214 -0.366330951
vn 0.343443513 -0.864782155 -0.366330981
vn 0.343432397 -0.814320683 -0.467905998
vn 0.343432039 -0.814320982 -0.46790573
vn 0.343418807 -0.751983941 -0.562657654
vn 0.343419164 -0.751983583 -0.562657893
vn 0.343403935 -0.67868048 -0.649204552
vn 0.343404114 -0.678680301 -0.649204671
vn 0.343387127 -0.595478952 -0.72628516
vn 0.343387246 -0.595478773 -0.726285219
vn 0.343368798 -0.503593385 -0.792774618
vn 0.343349069 -0.404363424 -0.847703755
vn 0.34334895 -0.404363573 -0.847703695
vn 0.343328327 -0.299235523 -0.890271723
vn 0.343328148 -0.299235702 -0.890271723
vn 0.343306869 -0.189743742 -0.919857442
vn 0.343306482 -0.18974416 -0.919857502
vn 0.343284845 -0.0774842203 -0.936029732
vn 0.343285233 -0.0774837881 -0.936029673
vn 0.343263596 0.0359066874 -0.938552499
vn 0.343263537 0.0359066315 -0.938552558
vn 0.343242198 0.148774624 -0.927389264
vn 0.343242437 0.148774862 -0.927389145
vn 0.343221724 0.259474665 -0.902702451
vn 0.231405735 0.268736303 -0.935003817
vn 0.231385201 0.379478931 -0.895799458
vn 0.231365904 0.484688878 -0.843532145
vn 0.231365889 0.484688878 -0.843532145
vn 0.231348127 0.582830787 -0.778964877
vn 0.231348529 0.582831085 -0.778964579
vn 0.231332555 0.672475457 -0.703037739
vn 0.231332123 0.672475159 -0.703038096
vn 0.231318176 0.75231421 -0.616859138
vn 0.231318071 0.75231415 -0.616859257
vn 0.2313063 0.821182966 -0.5216856
vn 0.231297001 0.878077686 -0.418904811
vn 0.23129712 0.878077745 -0.418904692
vn 0.231290296 0.922168851 -0.310015172
vn 0.231290728 0.922168911 -0.310014725
vn 0.231286526 0.952813327 -0.196604386
vn 0.231286138 0.952813327 -0.196604803
vn 0.231284648 0.969564259 -0.080328092
vn 0.231284678 0.969564259 -0.0803280771
vn 0.2312859 0.972177386 0.0371205024
vn 0.231289819 0.960614622 0.154027894
vn 0.231289327 0.9606148 0.154027417
vn 0.231295869 0.935044765 0.268688381
vn 0.23129636 0.935044527 0.268688858
vn 0.231305435 0.895840108 0.379431486
vn 0.231316909 0.843572855 0.484641433
vn 0.231316894 0.843572855 0.484641433
vn 0.231330618 0.779005587 0.582783341
vn 0.231331006 0.779005289 0.582783639
vn 0.231346786 0.703078449 0.672428012
vn 0.231346339 0.703078806 0.672427714
vn 0.231363937 0.616899848 0.752266765
vn 0.231363818 0.616899967 0.752266705
vn 0.231382921 0.52172637 0.821135521
vn 0.231403366 0.418945521 0.878030241
vn 0.23140347 0.418945402 0.8780303
vn 0.231424853 0.310055912 0.922121406
vn 0.231425285 0.310055435 0.922121465
vn 0.231447324 0.196645111 0.952765882
vn 0.231446937 0.196645513 0.952765882
vn 0.231469333 0.0803688169 0.969516814
vn 0.231469363 0.0803687945 0.969516754
vn 0.231491789 -0.0370797813 0.972129941
vn 0.231513888 -0.153987169 0.960567176
vn 0.231513396 -0.153986692 0.960567355
vn 0.231534868 -0.268647671 0.93499732
vn 0.23153536 -0.268648118 0.934997082
vn 0.231555879 -0.379390746 0.895792663
vn 0.231575131 -0.484600693 0.84352541
vn 0.231575117 -0.484600693 0.84352541
vn 0.231592864 -0.582742631 0.778958142
vn 0.231593266 -0.58274287 0.778957844
vn 0.23160924 -0.672387242 0.703030944
vn 0.231608793 -0.672387004 0.703031361
vn 0.231622756 -0.752226055 0.616852403
vn 0.231622651 -0.752225995 0.616852522
vn 0.231634334 -0.821094811 0.521678865
vn 0.231643721 -0.877989531 0.418898046
vn 0.231643841 -0.877989531 0.418897927
vn 0.231650636 -0.922080636 0.310008436
vn 0.231651068 -0.922080696 0.31000796
vn 0.23165524 -0.952725172 0.196597636
vn 0.231654853 -0.952725172 0.196598053
vn 0.231656358 -0.969476044 0.0803213492
vn 0.231656373 -0.969476044 0.0803213269
vn 0.23165518 -0.972089231 -0.0371272527
vn 0.23165518 -0.972089231 -0.0371272489
vn 0.231651276 -0.960526407 -0.154034644
vn 0.231650785 -0.960526645 -0.154034168
vn 0.231644243 -0.93495661 -0.268695146
vn 0.231644735 -0.934956372 -0.268695593
vn 0.231635645 -0.895751953 -0.379438221
vn 0.231624141 -0.8434847 -0.484648198
vn 0.231624126 -0.8434847 -0.484648168
vn 0.231610388 -0.778917372 -0.582790136
vn 0.231610775 -0.778917074 -0.582790375
vn 0.23159501 -0.702990234 -0.672434747
vn 0.231594577 -0.702990651 -0.672434509
vn 0.231577009 -0.616811693 -0.7522735
vn 0.23157689 -0.616811812 -0.75227344
vn 0.231557727 -0.521638155 -0.821142316
vn 0.231537357 -0.418857336 -0.878037035
vn 0.231537476 -0.418857217 -0.878037035
vn 0.231516078 -0.309967726 -0.922128141
vn 0.23151651 -0.30996725 -0.922128201
vn 0.231494442 -0.196556926 -0.952772617
vn 0.231494054 -0.196557343 -0.952772617
vn 0.231471673 -0.0802806318 -0.969523549
vn 0.231471688 -0.0802806094 -0.969523549
vn 0.231449306 0.0371679664 -0.972136676
vn 0.231449306 0.0371679626 -0.972136676
vn 0.231427208 0.154075354 -0.960573912
vn 0.231426716 0.154074878 -0.96057409
vn 0.231405243 0.268735856 -0.935004115
vn 0.116456687 0.274333358 -0.954557002
vn 0.116435744 0.387392342 -0.914532602
vn 0.116436005 0.387392581 -0.914532483
vn 0.116416343 0.494802564 -0.861172259
vn 0.1164167 0.494802862 -0.86117202
vn 0.116398588 0.594997525 -0.79525429
vn 0.116398357 0.594997346 -0.795254409
vn 0.116382033 0.686517179 -0.717739105
vn 0.116381615 0.686516881 -0.717739403
vn 0.1163674 0.768024981 -0.629758894
vn 0.116367966 0.768025279 -0.629758418
vn 0.116355993 0.838334382 -0.532594383
vn 0.116346449 0.896419227 -0.427663505
vn 0.116345882 0.896419048 -0.427664042
vn 0.116338909 0.941432178 -0.316497505
vn 0.116339326 0.941432297 -0.316497087
vn 0.116335072 0.972717702 -0.200714678
vn 0.116335303 0.972717762 -0.200714439
vn 0.116333768 0.989818931 -0.0820059776
vn 0.11633341 0.989818931 -0.0820063353
vn 0.116334625 0.992486715 0.037898846
vn 0.116334364 0.992486775 0.0378985889
vn 0.116338342 0.980682194 0.157250717
vn 0.116338633 0.980682135 0.157250986
vn 0.116345309 0.954577386 0.274309754
vn 0.116345026 0.954577446 0.274309486
vn 0.116354309 0.914553106 0.38736847
vn 0.11635457 0.914552987 0.387368679
vn 0.116366319 0.861192763 0.494778693
vn 0.116366677 0.861192524 0.494778961
vn 0.116380699 0.795274734 0.594973624
vn 0.116380468 0.795274913 0.594973445
vn 0.116396546 0.717759609 0.686493278
vn 0.116396137 0.717759907 0.686493039
vn 0.116414107 0.629779339 0.768001139
vn 0.116414674 0.629778862 0.768001437
vn 0.116434209 0.532614887 0.83831048
vn 0.116455041 0.427684009 0.896395326
vn 0.116454475 0.427684546 0.896395147
vn 0.116476282 0.316518009 0.941408336
vn 0.1164767 0.316517591 0.941408396
vn 0.11649923 0.200735167 0.972693861
vn 0.116499461 0.200734943 0.972693861
vn 0.116522312 0.0820264816 0.989795029
vn 0.116521955 0.0820268318 0.989795029
vn 0.116544813 -0.0378783457 0.992462873
vn 0.116544552 -0.0378780887 0.992462933
vn 0.116567105 -0.157230213 0.980658352
vn 0.116567396 -0.157230482 0.980658233
vn 0.116589308 -0.27428925 0.954553485
vn 0.116589017 -0.274288982 0.954553604
vn 0.116609983 -0.387347937 0.914529204
vn 0.116610251 -0.387348175 0.914529085
vn 0.116629951 -0.494758189 0.861168861
vn 0.116630308 -0.494758457 0.861168623
vn 0.116648436 -0.59495312 0.795250893
vn 0.116648212 -0.594952941 0.795251012
vn 0.116664492 -0.686472774 0.717735708
vn 0.116664074 -0.686472476 0.717736006
vn 0.11667835 -0.767980576 0.629755497
vn 0.116678916 -0.767980933 0.62975502
vn 0.116690889 -0.838289976 0.532590985
vn 0.116700426 -0.896374822 0.427660108
vn 0.116699859 -0.896374643 0.427660644
vn 0.116706789 -0.941387832 0.316494107
vn 0.116707206 -0.941387892 0.31649372
vn 0.116711497 -0.972673357 0.20071128
vn 0.116711728 -0.972673357 0.200711042
vn 0.116713241 -0.989774525 0.0820025802
vn 0.116712883 -0.989774525 0.0820029378
vn 0.116711624 -0.992442369 -0.0379022434
vn 0.116711363 -0.992442369 -0.0379019864
vn 0.116707362 -0.980637848 -0.157254115
vn 0.116707653 -0.980637729 -0.157254383
vn 0.116700977 -0.954532981 -0.274313152
vn 0.116700687 -0.9545331 -0.274312884
vn 0.116691425 -0.9145087 -0.387371838
vn 0.116691686 -0.914508581 -0.387372077
vn 0.116679974 -0.861148357 -0.49478209
vn 0.116680332 -0.861148119 -0.494782358
vn 0.116666324 -0.795230329 -0.594977021
vn 0.116666093 -0.795230508 -0.594976842
vn 0.11664997 -0.717715204 -0.686496675
vn 0.116649561 -0.717715502 -0.686496437
vn 0.116631642 -0.629734993 -0.768004537
vn 0.116632208 -0.629734516 -0.768004835
vn 0.116612673 -0.532570481 -0.838313878
vn 0.116591834 -0.427639604 -0.896398723
vn 0.116591267 -0.42764014 -0.896398544
vn 0.116569415 -0.316473603 -0.941411734
vn 0.116569832 -0.316473216 -0.941411793
vn 0.116547339 -0.200690776 -0.972697258
vn 0.11654757 -0.200690553 -0.972697258
vn 0.116524696 -0.0819820836 -0.989798427
vn 0.116524339 -0.0819824412 -0.989798427
vn 0.116501436 0.03792274 -0.992466271
vn 0.116501175 0.0379224829 -0.992466331
vn 0.116478607 0.157274604 -0.98066175
vn 0.116478898 0.157274872 -0.980661631
vn 0.116456978 0.274333626 -0.954556882
vn -6.66211345e-05 0.276192874 -0.961102247
vn -8.77175917e-05 0.390027016 -0.920803428
vn -0.000107534972 0.498173952 -0.867077112
vn -0.000125784194 0.599056125 -0.800707042
vn -0.000142199351 0.691203475 -0.722660184
vn -0.0001565407 0.773270309 -0.634076476
vn -0.000168599479 0.844061971 -0.536245644
vn -0.000178199683 0.902545214 -0.43059507
vn -0.000185201265 0.947866857 -0.318666548
vn -0.000189502287 0.979367018 -0.202089623
vn -0.000191039886 0.996585548 -0.0825667307
vn -0.000189791695 0.999271631 0.0381604955
vn -0.00018577592 0.987386107 0.158330962
vn -0.000179051116 0.961102188 0.276192874
vn -0.000169715364 0.920803428 0.390027016
vn -0.000157904738 0.867077112 0.498173952
vn -0.000143791563 0.800707042 0.599056125
vn -0.000127581428 0.722660184 0.691203475
vn -0.000109511122 0.634076476 0.773270309
vn -8.98437065e-05 0.536245644 0.844061971
vn -6.88661603e-05 0.43059504 0.902545214
vn -4.68846119e-05 0.318666548 0.947866857
vn -2.42190727e-05 0.202089608 0.979367018
vn -1.20055677e-06 0.0825667307 0.996585548
vn 2.18355308e-05 -0.0381604917 0.999271631
vn 4.45531514e-05 -0.158330962 0.987386107
vn 6.66211345e-05 -0.276192874 0.961102247
vn 8.77175917e-05 -0.390027016 0.920803428
vn 0.000107534972 -0.498173952 0.867077112
vn 0.000125784194 -0.599056125 0.800707042
vn 0.000142199351 -0.691203475 0.722660184
vn 0.0001565407 -0.773270309 0.634076476
vn 0.000168599479 -0.844061971 0.536245644
vn 0.000178199683 -0.902545214 0.43059507
vn 0.000185201265 -0.947866857 0.318666548
vn 0.000189502287 -0.979367018 0.202089623
vn 0.000191039886 -0.996585548 0.0825667307
vn 0.000189791695 -0.999271631 -0.0381604955
vn 0.00018577592 -0.987386107 -0.158330962
vn 0.000179051116 -0.961102188 -0.276192874
vn 0.000169715364 -0.920803428 -0.390027016
vn 0.000157904738 -0.867077112 -0.498173952
vn 0.000143791563 -0.800707042 -0.599056125
vn 0.000127581428 -0.722660184 -0.691203475
vn 0.000109511122 -0.634076476 -0.773270309
vn 8.98437065e-05 -0.536245644 -0.844061971
vn 6.88661603e-05 -0.43059504 -0.902545214
vn 4.68846119e-05 -0.318666548 -0.947866857
vn 2.42190727e-05 -0.202089608 -0.979367018
vn 1.20055677e-06 -0.0825667307 -0.996585548
vn -2.18355308e-05 0.0381604917 -0.999271631
vn -4.45531514e-05 0.158330962 -0.987386107
vn -0.116589025 0.27428925 -0.954553485
vn -0.116609983 0.387348175 -0.914529085
vn -0.116610244 0.387347937 -0.914529204
vn -0.116629951 0.494758487 -0.861168683
vn -0.116630308 0.494758159 -0.861168802
vn -0.116648443 0.594952941 -0.795251012
vn -0.116648212 0.59495312 -0.795250893
vn -0.116664492 0.686472476 -0.717736006
vn -0.116664082 0.686472774 -0.717735767
vn -0.116678342 0.767980933 -0.62975502
vn -0.116678908 0.767980576 -0.629755437
vn -0.116690889 0.838289976 -0.532590985
vn -0.116700426 0.896374583 -0.427660614
vn -0.116699859 0.896374881 -0.427660137
vn -0.116706789 0.941387951 -0.31649372
vn -0.116707198 0.941387773 -0.316494077
vn -0.11671149 0.972673357 -0.200711057
vn -0.116711721 0.972673297 -0.200711265
vn -0.116713241 0.989774466 -0.0820029303
vn -0.116712883 0.989774585 -0.0820025876
vn -0.116711624 0.992442369 0.0379019864
vn -0.116711363 0.992442369 0.0379022472
vn -0.116707362 0.980637789 0.157254398
vn -0.116707653 0.980637789 0.1572541
vn -0.116700977 0.954533041 0.274312854
vn -0.116700687 0.954532981 0.274313152
vn -0.116691425 0.914508581 0.387372077
vn -0.116691686 0.914508641 0.387371838
vn -0.116679974 0.861148179 0.494782388
vn -0.116680332 0.861148298 0.49478206
vn -0.116666324 0.795230508 0.594976842
vn -0.116666093 0.795230389 0.594977021
vn -0.116649978 0.717715502 0.686496377
vn -0.116649561 0.717715263 0.686496675
vn -0.116631635 0.629734516 0.768004894
vn -0.116632201 0.629734933 0.768004477
vn -0.116612673 0.532570481 0.838313878
vn -0.116591841 0.42764011 0.896398485
vn -0.116591275 0.427639633 0.896398783
vn -0.116569415 0.316473216 0.941411853
vn -0.116569825 0.316473603 0.941411674
vn -0.116547339 0.200690553 0.972697318
vn -0.116547562 0.200690776 0.972697198
vn -0.116524696 0.0819824338 0.989798427
vn -0.116524339 0.0819820911 0.989798486
vn -0.116501443 -0.0379224792 0.992466271
vn -0.116501175 -0.03792274 0.992466271
vn -0.116478607 -0.157274887 0.98066169
vn -0.11647889 -0.157274604 0.98066169
vn -0.116456978 -0.274333358 0.954556942
vn -0.116456687 -0.274333626 0.954556882
vn -0.116435744 -0.387392581 0.914532483
vn -0.116436005 -0.387392342 0.914532602
vn -0.116416343 -0.494802862 0.86117208
vn -0.1164167 -0.494802564 0.861172199
vn -0.116398588 -0.594997346 0.795254409
vn -0.116398357 -0.594997525 0.79525429
vn -0.116382033 -0.686516881 0.717739403
vn -0.116381623 -0.686517179 0.717739165
vn -0.1163674 -0.768025339 0.629758418
vn -0.116367966 -0.768024921 0.629758835
vn -0.116355993 -0.838334382 0.532594383
vn -0.116346456 -0.896418989 0.427664012
vn -0.11634589 -0.896419287 0.427663535
vn -0.116338909 -0.941432357 0.316497117
vn -0.116339318 -0.941432178 0.316497475
vn -0.116335072 -0.972717762 0.200714454
vn -0.116335303 -0.972717702 0.200714663
vn -0.116333768 -0.989818871 0.0820063278
vn -0.11633341 -0.989818931 0.0820059851
vn -0.116334632 -0.992486775 -0.0378985889
vn -0.116334364 -0.992486775 -0.0378988497
vn -0.116338342 -0.980682194 -0.157251
vn -0.116338633 -0.980682194 -0.157250702
vn -0.116345316 -0.954577446 -0.274309456
vn -0.116345026 -0.954577386 -0.274309754
vn -0.116354302 -0.914552987 -0.387368679
vn -0.11635457 -0.914553046 -0.387368441
vn -0.116366319 -0.861192584 -0.494778991
vn -0.116366677 -0.861192703 -0.494778663
vn -0.116380699 -0.795274913 -0.594973445
vn -0.116380468 -0.795274794 -0.594973624
vn -0.116396554 -0.717759848 -0.68649298
vn -0.116396137 -0.717759609 -0.686493278
vn -0.116414107 -0.629778922 -0.768001497
vn -0.116414674 -0.629779339 -0.76800108
vn -0.116434209 -0.532614887 -0.83831048
vn -0.116455041 -0.427684516 -0.896395087
vn -0.116454475 -0.427684039 -0.896395385
vn -0.116476282 -0.316517621 -0.941408455
vn -0.116476692 -0.316517979 -0.941408277
vn -0.11649923 -0.200734943 -0.97269392
vn -0.116499461 -0.200735167 -0.972693801
vn -0.116522312 -0.0820268318 -0.989795029
vn -0.116521955 -0.0820264816 -0.989795089
vn -0.116544813 0.0378780887 -0.992462873
vn -0.116544552 0.0378783457 -0.992462873
vn -0.116567105 0.157230496 -0.980658293
vn -0.116567388 0.157230198 -0.980658293
vn -0.116589308 0.274288952 -0.954553545
vn -0.23153536 0.268647641 -0.934997261
vn -0.231555879 0.379390746 -0.895792663
vn -0.231575131 0.484600693 -0.84352541
vn -0.231575117 0.484600723 -0.84352541
vn -0.231592864 0.582742929 -0.778957903
vn -0.231593251 0.582742572 -0.778958082
vn -0.23160924 0.672386944 -0.703031301
vn -0.231608793 0.672387302 -0.703031063
vn -0.231622756 0.752225935 -0.616852522
vn -0.231622651 0.752226055 -0.616852403
vn -0.231634334 0.821094811 -0.521678865
vn -0.231643721 0.87798959 -0.418897957
vn -0.231643826 0.877989471 -0.418898046
vn -0.231650621 0.922080815 -0.310008019
vn -0.231651068 0.922080576 -0.310008407
vn -0.231655255 0.952725053 -0.196598038
vn -0.231654853 0.952725232 -0.196597666
vn -0.231656358 0.969476044 -0.0803213269
vn -0.231656373 0.969476044 -0.0803213492
vn -0.23165518 0.972089231 0.0371272489
vn -0.23165518 0.972089231 0.0371272527
vn -0.231651276 0.960526526 0.154034153
vn -0.231650785 0.960526526 0.154034659
vn -0.231644243 0.934956491 0.268695623
vn -0.231644735 0.934956491 0.268695116
vn -0.231635645 0.895751953 0.379438221
vn -0.231624141 0.8434847 0.484648168
vn -0.231624126 0.8434847 0.484648198
vn -0.231610373 0.778917134 0.582790434
vn -0.231610775 0.778917313 0.582790077
vn -0.231595024 0.702990532 0.67243439
vn -0.231594577 0.702990294 0.672434807
vn -0.231577009 0.616811752 0.75227344
vn -0.231576905 0.616811693 0.75227356
vn -0.231557727 0.521638155 0.821142316
vn -0.231537357 0.418857217 0.878037035
vn -0.231537461 0.418857336 0.878036976
vn -0.231516063 0.309967279 0.92212832
vn -0.23151651 0.309967697 0.922128022
vn -0.231494457 0.196557313 0.952772558
vn -0.231494054 0.196556941 0.952772737
vn -0.231471673 0.0802806094 0.969523549
vn -0.231471688 0.0802806318 0.969523549
vn -0.231449306 -0.0371679626 0.972136676
vn -0.231449306 -0.0371679664 0.972136676
vn -0.231427208 -0.154074863 0.960573971
vn -0.231426716 -0.154075369 0.960574031
vn -0.231405243 -0.268736333 0.935003936
vn -0.231405735 -0.268735826 0.935003996
vn -0.231385201 -0.379478931 0.895799458
vn -0.231365904 -0.484688878 0.843532145
vn -0.231365889 -0.484688878 0.843532145
vn -0.231348127 -0.582831144 0.778964639
vn -0.231348515 -0.582830787 0.778964818
vn -0.23133257 -0.6724751 0.703038037
vn -0.231332123 -0.672475517 0.703037798
vn -0.231318191 -0.75231415 0.616859257
vn -0.231318071 -0.75231427 0.616859198
vn -0.2313063 -0.821182966 0.5216856
vn -0.231297001 -0.878077745 0.418904692
vn -0.231297106 -0.878077686 0.418904781
vn -0.231290281 -0.92216897 0.310014755
vn -0.231290728 -0.922168732 0.310015142
vn -0.231286541 -0.952813268 0.196604788
vn -0.231286138 -0.952813447 0.196604401
vn -0.231284648 -0.969564259 0.0803280771
vn -0.231284678 -0.969564259 0.080328092
vn -0.2312859 -0.972177386 -0.0371205024
vn -0.231289819 -0.960614681 -0.154027402
vn -0.231289327 -0.960614741 -0.154027909
vn -0.231295869 -0.935044646 -0.268688887
vn -0.23129636 -0.935044706 -0.268688351
vn -0.231305435 -0.895840108 -0.379431486
vn -0.231316909 -0.843572855 -0.484641433
vn -0.231316894 -0.843572855 -0.484641433
vn -0.231330603 -0.779005349 -0.582783699
vn -0.231331006 -0.779005527 -0.582783282
vn -0.231346786 -0.703078747 -0.672427654
vn -0.231346339 -0.703078508 -0.672428071
vn -0.231363937 -0.616899967 -0.752266705
vn -0.231363818 -0.616899848 -0.752266765
vn -0.231382921 -0.52172637 -0.821135521
vn -0.231403366 -0.418945402 -0.8780303
vn -0.23140347 -0.418945491 -0.878030241
vn -0.231424838 -0.310055465 -0.922121525
vn -0.231425285 -0.310055882 -0.922121286
vn -0.231447324 -0.196645498 -0.952765822
vn -0.231446937 -0.196645126 -0.952766001
vn -0.231469333 -0.0803687945 -0.969516814
vn -0.231469363 -0.0803688094 -0.969516754
vn -0.231491789 0.0370797813 -0.972129941
vn -0.231513888 0.153986678 -0.960567236
vn -0.231513411 0.153987184 -0.960567296
vn -0.231534868 0.268648148 -0.934997201
vn -0.343346626 0.259343892 -0.902692556
vn -0.343366444 0.366260588 -0.864842594
vn -0.343366474 0.366260529 -0.864842594
vn -0.3433851 0.467835248 -0.814381301
vn -0.343384713 0.467835665 -0.814381182
vn -0.343401879 0.562587619 -0.752044141
vn -0.343402237 0.562587202 -0.752044261
vn -0.343417674 0.649134278 -0.67874074
vn -0.343417853 0.649134099 -0.678740799
vn -0.343431294 0.726214826 -0.595539212
vn -0.343431413 0.726214707 -0.595539272
vn -0.343442768 0.792704165 -0.503653765
vn -0.343451768 0.847633243 -0.404423952
vn -0.343451649 0.847633362 -0.404423833
vn -0.343458235 0.890201271 -0.299296081
vn -0.343458056 0.89020139 -0.299295932
vn -0.34346211 0.91978693 -0.189804524
vn -0.343461722 0.919787169 -0.189804152
vn -0.343463153 0.935959399 -0.07754419
vn -0.34346354 0.93595922 -0.0775445923
vn -0.343462348 0.938482106 0.0358462483
vn -0.343462318 0.938482106 0.0358463041
vn -0.343458533 0.927318811 0.148714498
vn -0.343458772 0.927318811 0.148714229
vn -0.343452454 0.902632117 0.259414017
vn -0.343452215 0.902632117 0.259414285
vn -0.343443453 0.864782155 0.366330981
vn -0.343443513 0.864782155 0.366330922
vn -0.343432426 0.814320862 0.467905641
vn -0.343432039 0.814320803 0.467906088
vn -0.343418807 0.751983702 0.562658012
vn -0.343419164 0.751983821 0.562657595
vn -0.343403935 0.67868036 0.649204671
vn -0.343404114 0.67868042 0.649204493
vn -0.343387127 0.595478833 0.726285219
vn -0.343387246 0.595478892 0.7262851
vn -0.343368798 0.503593385 0.792774618
vn -0.343349069 0.404363543 0.847703695
vn -0.34334895 0.404363453 0.847703755
vn -0.343328327 0.299235702 0.890271664
vn -0.343328148 0.299235523 0.890271783
vn -0.343306869 0.18974413 0.919857383
vn -0.343306512 0.189743757 0.919857562
vn -0.343284845 0.077483803 0.936029792
vn -0.343285233 0.0774842054 0.936029613
vn -0.343263596 -0.0359066315 0.938552499
vn -0.343263537 -0.0359066874 0.938552558
vn -0.343242198 -0.148774877 0.927389264
vn -0.343242437 -0.148774609 0.927389205
vn -0.343221724 -0.259474397 0.90270257
vn -0.343221486 -0.259474665 0.90270257
vn -0.343201667 -0.366391361 0.864852607
vn -0.343201697 -0.366391301 0.864852607
vn -0.3431831 -0.46796602 0.814391255
vn -0.343182713 -0.467966467 0.814391196
vn -0.343165606 -0.562718391 0.752054095
vn -0.343165964 -0.562717974 0.752054274
vn -0.343150556 -0.649265051 0.678750753
vn -0.343150735 -0.649264872 0.678750813
vn -0.343137234 -0.726345599 0.595549226
vn -0.343137354 -0.726345479 0.595549285
vn -0.343126059 -0.792834997 0.503663778
vn -0.343117028 -0.847764075 0.404433936
vn -0.343116909 -0.847764134 0.404433846
vn -0.343110353 -0.890332043 0.299306095
vn -0.343110174 -0.890332162 0.299305916
vn -0.343106121 -0.919917703 0.189814523
vn -0.343105763 -0.919917941 0.189814165
vn -0.343104273 -0.936090171 0.0775541961
vn -0.343104661 -0.936089993 0.0775546059
vn -0.343105853 -0.938612878 -0.0358362384
vn -0.343105793 -0.938612878 -0.0358362943
vn -0.343109548 -0.927449644 -0.148704484
vn -0.343109816 -0.927449584 -0.148704216
vn -0.343116134 -0.90276289 -0.259404004
vn -0.343115896 -0.902762949 -0.259404302
vn -0.343124658 -0.864912927 -0.366320968
vn -0.343124688 -0.864912927 -0.366320938
vn -0.343135804 -0.814451635 -0.467895627
vn -0.343135417 -0.814451575 -0.467896074
vn -0.343148679 -0.752114475 -0.562647998
vn -0.343149066 -0.752114654 -0.562647581
vn -0.343164295 -0.678811133 -0.649194658
vn -0.343164444 -0.678811193 -0.649194479
vn -0.343181401 -0.595609605 -0.726275265
vn -0.343181551 -0.595609665 -0.726275086
vn -0.343200028 -0.503724158 -0.792764604
vn -0.343219727 -0.404494345 -0.847693682
vn -0.343219578 -0.404494226 -0.847693801
vn -0.343240261 -0.299366474 -0.89026165
vn -0.343240082 -0.299366325 -0.890261769
vn -0.343261361 -0.189874917 -0.919847369
vn -0.343261003 -0.189874545 -0.919847548
vn -0.34328258 -0.0776145831 -0.936019778
vn -0.343282968 -0.0776149929 -0.936019599
vn -0.343304604 0.0357758477 -0.938542485
vn -0.343304545 0.0357759036 -0.938542545
vn -0.343325883 0.14864409 -0.927379251
vn -0.343326122 0.148643821 -0.927379191
vn -0.343346864 0.259343624 -0.902692556
vn -0.450506538 0.246500015 -0.858068526
vn -0.450525403 0.348131537 -0.822089612
vn -0.450525165 0.348131835 -0.822089612
vn -0.450542837 0.444685966 -0.774122417
vn -0.450543374 0.44468531 -0.774122536
vn -0.450559646 0.534753382 -0.714866996
vn -0.450559288 0.534753859 -0.714866877
vn -0.450573951 0.617022395 -0.64518714
vn -0.450586766 0.690292716 -0.566098511
vn -0.450586796 0.690292716 -0.566098511
vn -0.450597554 0.753495395 -0.478755236
vn -0.450606138 0.805709124 -0.384430587
vn -0.450606108 0.805709183 -0.384430528
vn -0.450612336 0.846172929 -0.284499377
vn -0.450616151 0.874296188 -0.180419788
vn -0.450616539 0.87429589 -0.18042019
vn -0.450617939 0.889668703 -0.0737097859
vn -0.450617403 0.889669001 -0.0737091824
vn -0.45061627 0.892067134 0.0340763815
vn -0.450616509 0.892067015 0.0340760909
vn -0.450612932 0.881455541 0.14136529
vn -0.450613171 0.881455421 0.141364962
vn -0.450607181 0.857989252 0.24659206
vn -0.450606942 0.857989252 0.246592388
vn -0.450598598 0.822010338 0.348223895
vn -0.450598359 0.822010338 0.348224223
vn -0.450587809 0.774043202 0.444778353
vn -0.450588346 0.774043262 0.444777668
vn -0.450575739 0.714787781 0.534845769
vn -0.450575352 0.714787662 0.534846246
vn -0.450560898 0.645107925 0.617114782
vn -0.450544775 0.566019237 0.690385103
vn -0.450544804 0.566019237 0.690385103
vn -0.450527251 0.478675991 0.753587782
vn -0.450508535 0.384351343 0.805801511
vn -0.450508505 0.384351283 0.80580157
vn -0.450488865 0.284420133 0.846265316
vn -0.450488836 0.284420133 0.846265316
vn -0.4504686 0.180340543 0.874388576
vn -0.450468957 0.180340946 0.874388278
vn -0.450448453 0.073630549 0.889761031
vn -0.450447917 0.0736299455 0.889761388
vn -0.450427353 -0.0341556147 0.892159522
vn -0.450427562 -0.0341553241 0.892159402
vn -0.450407296 -0.141444519 0.881547928
vn -0.450407535 -0.141444206 0.881547809
vn -0.450387836 -0.246671289 0.858081639
vn -0.450387597 -0.246671617 0.858081639
vn -0.450368762 -0.348303139 0.822102726
vn -0.450368524 -0.348303437 0.822102726
vn -0.450350821 -0.444857568 0.77413553
vn -0.450351357 -0.444856912 0.774135649
vn -0.450335056 -0.534924984 0.714880168
vn -0.450334668 -0.534925461 0.714880049
vn -0.450320035 -0.617193997 0.645200312
vn -0.45030725 -0.690464377 0.566111624
vn -0.45030728 -0.690464318 0.566111624
vn -0.450296491 -0.753666997 0.478768349
vn -0.450287938 -0.805880785 0.3844437
vn -0.450287908 -0.805880785 0.384443671
vn -0.45028165 -0.846344531 0.28451252
vn -0.450277776 -0.87446779 0.180432916
vn -0.450278163 -0.874467492 0.180433318
vn -0.450276822 -0.889840305 0.0737229139
vn -0.450276285 -0.889840603 0.0737223104
vn -0.450277388 -0.892238736 -0.0340632461
vn -0.450277627 -0.892238617 -0.0340629593
vn -0.450281203 -0.881627142 -0.141352162
vn -0.450281441 -0.881627083 -0.141351834
vn -0.450287461 -0.858160853 -0.246578917
vn -0.450287223 -0.858160853 -0.24657926
vn -0.450295568 -0.82218194 -0.348210782
vn -0.450295329 -0.82218194 -0.34821108
vn -0.450305849 -0.774214804 -0.44476521
vn -0.450306386 -0.774214864 -0.444764555
vn -0.450318962 -0.714959383 -0.534832597
vn -0.450318605 -0.714959264 -0.534833074
vn -0.450333089 -0.645279527 -0.617101669
vn -0.450349241 -0.566190839 -0.69037199
vn -0.450349271 -0.566190898 -0.690371931
vn -0.450366825 -0.478847593 -0.75357461
vn -0.450385571 -0.384522945 -0.805788398
vn -0.450385511 -0.384522915 -0.805788457
vn -0.450405151 -0.284591764 -0.846252203
vn -0.450405121 -0.284591734 -0.846252203
vn -0.450425357 -0.180512145 -0.874375403
vn -0.450425714 -0.180512562 -0.874375165
vn -0.450446308 -0.0738021582 -0.889747918
vn -0.450445771 -0.0738015547 -0.889748216
vn -0.450466335 0.0339840055 -0.892146409
vn -0.450466573 0.0339837186 -0.892146289
vn -0.450486839 0.141272917 -0.881534755
vn -0.450487107 0.14127259 -0.881534696
vn -0.450506806 0.246499673 -0.858068466
vn -0.551555216 0.23028785 -0.801719606
vn -0.5515728 0.325245827 -0.768103242
vn -0.551572859 0.325245768 -0.768103242
vn -0.55158937 0.415459067 -0.723286211
vn -0.551588893 0.415459841 -0.723286152
vn -0.551604092 0.499612987 -0.66792202
vn -0.551604152 0.499612898 -0.66792202
vn -0.551617801 0.576479733 -0.602817476
vn -0.55161804 0.576479375 -0.602817595
vn -0.55163002 0.644937932 -0.528922856
vn -0.551629603 0.644938469 -0.528922617
vn -0.551639676 0.703990757 -0.447314948
vn -0.551647663 0.752776086 -0.359183848
vn -0.551648021 0.752775609 -0.359184206
vn -0.551653922 0.79058212 -0.265815496
vn -0.551653683 0.790582359 -0.265815258
vn -0.551657259 0.816858768 -0.16857031
vn -0.551657259 0.816858828 -0.16857025
vn -0.551658511 0.831222117 -0.0688668713
vn -0.551658988 0.831221759 -0.0688675642
vn -0.551657975 0.833462417 0.0318405218
vn -0.551657975 0.833462477 0.031840574
vn -0.551654637 0.8235479 0.132083267
vn -0.551654041 0.823548198 0.132084176
vn -0.551648378 0.801622748 0.230401888
vn -0.551648974 0.80162257 0.23040095
vn -0.551641226 0.768006206 0.325358927
vn -0.551641226 0.768006206 0.325358868
vn -0.551631391 0.723189175 0.415572166
vn -0.551630855 0.723189116 0.415572941
vn -0.551619112 0.667824984 0.499726087
vn -0.551619172 0.667824984 0.499725997
vn -0.551605582 0.602720499 0.576592803
vn -0.551605821 0.602720559 0.576592505
vn -0.551590741 0.528825879 0.645051062
vn -0.551590383 0.528825581 0.645051539
vn -0.551573992 0.447217911 0.704103887
vn -0.551556468 0.359086812 0.752889156
vn -0.551556826 0.359087169 0.752888739
vn -0.551538527 0.26571849 0.79069519
vn -0.551538289 0.265718222 0.790695488
vn -0.551519394 0.168473288 0.816971898
vn -0.551519334 0.168473229 0.816971958
vn -0.551500142 0.0687698647 0.831335247
vn -0.551500678 0.0687705502 0.831334829
vn -0.551481485 -0.0319375359 0.833575547
vn -0.551481426 -0.0319375843 0.833575547
vn -0.551462471 -0.132180274 0.823661029
vn -0.551461875 -0.132181183 0.823661268
vn -0.551443458 -0.230498895 0.801735878
vn -0.551444054 -0.230497956 0.801735699
vn -0.55142647 -0.325455934 0.768119335
vn -0.55142653 -0.325455874 0.768119335
vn -0.55140996 -0.415669173 0.723302305
vn -0.551409483 -0.415669948 0.723302245
vn -0.551394224 -0.499823093 0.667938113
vn -0.551394284 -0.499823004 0.667938113
vn -0.551380575 -0.576689839 0.602833569
vn -0.551380813 -0.576689482 0.602833688
vn -0.551368833 -0.645148039 0.528938949
vn -0.551368475 -0.645148575 0.528938711
vn -0.551358402 -0.704200864 0.447331011
vn -0.551350355 -0.752986193 0.359199911
vn -0.551350772 -0.752985716 0.359200269
vn -0.551344931 -0.790792227 0.26583159
vn -0.551344693 -0.790792465 0.265831321
vn -0.551341116 -0.817068875 0.168586388
vn -0.551341057 -0.817068934 0.168586329
vn -0.551339805 -0.831432223 0.0688829571
vn -0.551340282 -0.831431866 0.0688836426
vn -0.551341355 -0.833672523 -0.0318244435
vn -0.551341355 -0.833672583 -0.0318244956
vn -0.551344693 -0.823758006 -0.132067189
vn -0.551344097 -0.823758304 -0.132068098
vn -0.55134964 -0.801832855 -0.23038581
vn -0.551350296 -0.801832676 -0.230384871
vn -0.551358044 -0.768216312 -0.325342834
vn -0.551358104 -0.768216312 -0.325342774
vn -0.551367939 -0.723399282 -0.415556073
vn -0.551367462 -0.723399222 -0.415556878
vn -0.551379204 -0.66803509 -0.499709994
vn -0.551379263 -0.66803509 -0.499709934
vn -0.551392734 -0.602930605 -0.576576769
vn -0.551392972 -0.602930665 -0.576576412
vn -0.551408052 -0.529035985 -0.645034969
vn -0.551407695 -0.529035687 -0.645035446
vn -0.551424086 -0.447428018 -0.704087794
vn -0.55144161 -0.359296918 -0.752873063
vn -0.551441967 -0.359297276 -0.752872646
vn -0.551460326 -0.265928596 -0.790679157
vn -0.551460087 -0.265928328 -0.790679395
vn -0.551478982 -0.168683395 -0.816955805
vn -0.551478922 -0.168683335 -0.816955864
vn -0.551498115 -0.0689799711 -0.831319153
vn -0.551498652 -0.0689806566 -0.831318796
vn -0.551517904 0.0317274295 -0.833559453
vn -0.551517844 0.0317274779 -0.833559513
vn -0.551536798 0.131970167 -0.823644936
vn -0.551536202 0.131971076 -0.823645234
vn -0.55155462 0.230288789 -0.801719785
vn -1 -0.000190486709 1.45770809e-05
vn 1 0.000190486709 -1.45770809e-05
vn 0.00016650297 -0.906415641 -0.422386795
vn 0.000179463983 -0.962809563 -0.270180821
vn -0.00274826866 -0.97602123 -0.217658043
vn 0.000185493845 -0.986377239 -0.164498776
vn 0.000190445848 -0.999996185 -0.00275375298
vn 0.000189239727 -0.977208853 0.212280065
vn 0.00017918495 -0.908728242 0.41738829
vn 0.000160751719 -0.797756612 0.602979541
vn 0.00013480187 -0.649482548 0.760376453
vn 0.000102548867 -0.47083962 0.882218838
vn 6.55007825e-05 -0.270180672 0.962809622
vn 2.53899652e-05 -0.0568884313 0.998380542
vn -1.59080555e-05 0.159063831 0.987268329
vn -5.64622678e-05 0.367578626 0.929992437
vn -9.43763225e-05 0.558905602 0.829231262
vn -0.000127877487 0.72409898 0.689696014
vn -0.000155399204 0.855434179 0.517911553
vn -0.000175654641 0.946770251 0.321909994
vn -0.000187696671 0.993836462 0.11085619
vn -0.000190962208 0.994431913 -0.105381019
vn -0.000185298573 0.948528886 -0.316690624
vn -0.000170970568 0.858273625 -0.513192356
vn -0.000148648192 0.727886558 -0.685697556
vn -0.000119375152 0.563464165 -0.826140523
vn -8.45202958e-05 0.372694939 -0.927953899
vn -4.5713361e-05 0.164498925 -0.986377239
vn -4.76891228e-06 -0.0513889305 -0.998678744
vn 3.63985055e-05 -0.264873803 -0.964283109
vn 7.58640308e-05 -0.465973765 -0.884798527
vn 0.000111782167 -0.645284951 -0.763941944
vn 0.000142473553 -0.79442364 -0.607364058
vn 0.000161014133 -0.799289823 0.600945711
vn 0.000175116511 -0.883457959 0.468510449
vn 0.000184906938 -0.945872366 0.324538827
vn 0.000190144317 -0.984996021 0.172576845
vn 0.000190699735 -0.999866068 0.0163639318
vn 0.000186559511 -0.99011606 -0.14025028
vn 0.000177825539 -0.955985963 -0.293412268
vn 0.00016471291 -0.898316443 -0.439349055
vn 0.000147544517 -0.818527341 -0.57446754
vn 0.000126743165 -0.718583703 -0.695440471
vn 0.000102820857 -0.600945711 -0.799289823
vn 7.63667776e-05 -0.468510449 -0.883457959
vn 4.80322742e-05 -0.324538827 -0.945872366
vn 1.85152276e-05 -0.172576845 -0.98499608
vn -1.14580171e-05 -0.0163639355 -0.999866128
vn -4.11488145e-05 0.140250266 -0.99011606
vn -6.98266231e-05 0.293412268 -0.955986023
vn -9.67849846e-05 0.439349025 -0.898316443
vn -0.000121360179 0.57446754 -0.818527341
vn -0.000142947014 0.695440412 -0.718583763
vn -0.000161014133 0.799289823 -0.600945711
vn -0.000175116511 0.883457959 -0.468510449
vn -0.000184906938 0.945872366 -0.324538827
vn -0.000190144317 0.984996021 -0.172576845
vn -0.000190699735 0.999866068 -0.0163639318
vn -0.000186559511 0.99011606 0.14025028
vn -0.000177825539 0.955985963 0.293412268
vn -0.00016471291 0.898316443 0.439349055
vn -0.000147544517 0.818527341 0.57446754
vn -0.000126743165 0.718583703 0.695440471
vn -0.000102820857 0.600945711 0.799289823
vn -7.63667776e-05 0.468510449 0.883457959
vn -4.80322742e-05 0.324538827 0.945872366
vn -1.85152276e-05 0.172576845 0.98499608
vn 1.14580171e-05 0.0163639355 0.999866128
vn 4.11488145e-05 -0.140250266 0.99011606
vn 6.98266231e-05 -0.293412268 0.955986023
vn 9.67849846e-05 -0.439349025 0.898316443
vn 0.000121360179 -0.57446754 0.818527341
vn 0.000142947014 -0.695440412 0.718583763
vn 0.000164135723 -0.89569366 -0.444671571
vn 0.00018880947 -0.997059345 -0.0766330063
vn -0.00920923334 -0.999078751 -0.0419153757
vn 0.000190740306 -0.991203308 0.13234809
vn 0.000182477976 -0.929787755 0.368096024
vn 0.000143697675 -0.699698389 0.714438319
vn 8.00677226e-05 -0.348607391 0.937268853
vn 2.59571561e-06 0.0627478957 0.998029411
vn -7.53266359e-05 0.463261515 0.886221647
vn -0.000140222037 0.783661723 0.621187806
vn -0.000180874893 0.968574464 0.24872379
vn -0.000190250823 0.986002564 -0.166729867
vn -0.000166731523 0.832946539 -0.553353488
vn -0.000114382688 0.535865247 -0.844303489
vn -4.22545418e-05 0.146119997 -0.989266872
vn 3.71774331e-05 -0.268878073 -0.963174224
vn 0.000110182213 -0.637390673 -0.770540833
vn 2.73188762e-05 -0.2180994 -0.975926578
vn -7.08800799e-05 0.299077064 -0.954228938
vn -0.000150087755 0.736120939 -0.676850021
vn -0.000186708785 0.958298326 -0.285769641
vn 0.00247638137 0.975925207 -0.218091384
vn -0.000190819992 0.999608517 -0.0279787276
vn -0.000177408263 0.954228938 0.299077064
vn -0.000136779141 0.767140329 0.641479313
vn 0.0181934331 0.676739037 0.735998154
vn -9.75986695e-05 0.57497561 0.818170547
vn -2.73198239e-05 0.218104288 0.975925446
vn 7.08811713e-05 -0.299082935 0.95422709
vn 0.000150089021 -0.736128151 0.676842153
vn 0.000189080136 -0.975925267 0.218105093
vn 0.000177408263 -0.954228938 -0.299077064
vn 0.000118199037 -0.676843107 -0.736127257
vn 0.0364311263 -0.766627967 -0.641057193
vn 9.75965231e-05 -0.574964881 -0.818178058
vn -0.0181945469 -0.676733136 -0.736003578
vn 0.000136779141 -0.767140329 -0.641479313
vn -0.000118200245 0.676849067 0.736121833
vn -0.0363898501 0.574589908 0.817632079
vn 0.0361585654 0.641070843 -0.766629457
vn -0.000150089021 0.736128151 -0.676842153
vn 2.73185688e-05 -0.218097806 -0.975926936
vn 0.000118200245 -0.676849067 -0.736121833
vn 0.000164232726 -0.818174303 0.574970245
vn 0.0184614938 -0.736001253 0.676728427
vn -0.0361274593 -0.817642212 0.574591994
vn -0.000133377238 0.641486526 -0.767134249
vn -0.0184614863 0.736001253 -0.676728427
vn 0.000133377238 -0.641486526 0.767134249
vn 7.08800799e-05 -0.299077064 0.954228938
vn -2.73185688e-05 0.218097806 0.975926936
vn 0.00247656414 0.975922287 -0.218104348
vn -0.000186708057 0.958293259 -0.285786718
vn -0.000164232726 0.818174303 -0.574970245
vn -0.000169445062 0.919600785 0.392854154
vn -0.000185617391 0.986820638 0.161817729
vn -0.000191043146 0.996907353 -0.0785854682
vn -0.000185407276 0.949270129 -0.314461768
vn -0.751029134 0.505937457 -0.42424351
vn -0.715461016 0.55526042 -0.424029946
vn -0.712076187 0.559373677 -0.424321324
vn -0.706197679 0.502504289 0.49877274
vn -0.764320612 0.448686481 0.463135451
vn -0.715374649 0.517880678 0.469082862
vn -0.712069213 0.521858752 0.469703019
vn -0.705729544 0.305548787 0.639207125
vn -0.815656364 0.230550781 0.53061384
vn -0.706950307 0.338754803 0.620859444
vn -0.705777645 0.414467782 0.57453841
vn -0.813949049 0.323069334 0.482817888
vn -0.706955552 0.444332391 0.550256789
vn -0.705694675 0.0621516034 0.705784798
vn -0.818983138 0.028842235 0.573092222
vn -0.706869066 0.0986191928 0.700435817
vn -0.705715775 0.186835945 0.683416069
vn -0.817324579 0.131403193 0.560993552
vn -0.706896126 0.222281739 0.671482444
vn -0.705633461 -0.18914032 0.682866991
vn -0.822239459 -0.173236474 0.542135954
vn -0.706796527 -0.154170677 0.690412998
vn -0.705662906 -0.0645210445 0.705603957
vn -0.820620894 -0.0738018304 0.566687405
vn -0.706838965 -0.0282281004 0.706811011
vn -0.70558846 -0.416462988 0.573326707
vn -0.825412631 -0.350044876 0.442902386
vn -0.706734955 -0.38727504 0.592067361
vn -0.70562017 -0.307714462 0.638288319
vn -0.823836327 -0.266294479 0.500380814
vn -0.706756532 -0.275154233 0.651755571
vn -0.705564499 -0.590974927 0.39105922
vn -0.828520596 -0.479571581 0.289075643
vn -0.70668298 -0.570868373 0.417981416
vn -0.705586374 -0.511891127 0.490015686
vn -0.826972902 -0.421874225 0.371669173
vn -0.70669359 -0.486922532 0.513313413
vn -0.782228827 -0.607068479 0.139949694
vn -0.70664829 -0.681460261 0.190420955
vn -0.705568969 -0.651153207 0.279592454
vn -0.830037594 -0.521419466 0.197887108
vn -0.706651807 -0.636430264 0.309192061
vn -0.782259583 -0.622247219 0.0296360031
vn -0.706619799 -0.704553723 0.0655173808
vn -0.706596375 -0.69580394 0.128757372
vn -0.78226018 -0.617582083 -0.0816176087
vn -0.706614792 -0.704919636 -0.0615129508
vn -0.706612766 -0.707596779 0.0022818197
vn -0.782237947 -0.593212605 -0.190269709
vn -0.706613719 -0.682565033 -0.186552972
vn -0.706635237 -0.696581185 -0.124263294
vn -0.782159567 -0.549948335 -0.292887658
vn -0.706604421 -0.638218164 -0.305594146
vn -0.706648231 -0.663125157 -0.246806234
vn -0.782072425 -0.489100933 -0.386190414
vn -0.706604302 -0.573295176 -0.414780647
vn -0.706670582 -0.608295977 -0.361376077
vn -0.78193742 -0.412642479 -0.467225909
vn -0.706622779 -0.489878416 -0.510591209
vn -0.706712186 -0.533845305 -0.464292049
vn -0.781767368 -0.322968304 -0.533414721
vn -0.706609607 -0.390695304 -0.589966178
vn -0.706720591 -0.442216784 -0.552259326
vn -0.781564355 -0.222921446 -0.582634687
vn -0.70662564 -0.278898001 -0.650304615
vn -0.706761479 -0.336323112 -0.622394562
vn -0.781322718 -0.115669273 -0.613315105
vn -0.7066347 -0.158113539 -0.689686537
vn -0.706793964 -0.219599277 -0.672471941
vn -0.781049192 -0.00460818689 -0.624452472
vn -0.706644654 -0.032231424 -0.706834137
vn -0.706827283 -0.0958036855 -0.700868666
vn -0.780737877 0.106733628 -0.615675449
vn -0.706662118 0.094690077 -0.701186478
vn -0.706870556 0.031073181 -0.706660092
vn -0.780386448 0.214819983 -0.587238729
vn -0.706670463 0.218556315 -0.672941327
vn -0.706904352 0.156941444 -0.689677894
vn -0.779988647 0.316219389 -0.540021241
vn -0.706687152 0.335378855 -0.622988164
vn -0.706945062 0.277733445 -0.650455832
vn -0.706684053 0.533173919 -0.465105593
vn -0.706994891 0.488842756 -0.511068523
vn -0.779548883 0.407698125 -0.475484729
vn -0.706681967 0.441394538 -0.552966058
vn -0.706966996 0.389574409 -0.590279102
vn 7.74686414e-05 -0.334572613 0.942369938
vn -1.9262503e-05 0.176447332 0.984310091
vn -0.00011093224 0.641092598 0.767463565
vn -0.000173436158 0.937184274 0.348834664
vn -0.000190340099 0.986870348 -0.161514312
vn -0.00015719638 0.777069151 -0.629415214
vn -8.27276162e-05 0.362990111 -0.931792974
vn 1.34953752e-05 -0.146546081 -0.98920387
vn 0.000106166866 -0.61753583 -0.786542773
vn -0.000148932915 0.825091422 0.564999223
vn 0.000170364525 -0.923685253 -0.383152127
vn 0.000191041545 -0.996714711 0.0809924081
vn 0.000169553517 -0.849765539 0.527160764
vn 0.000110640685 -0.515245974 0.857042372
vn 2.731313e-05 -0.0670326799 0.997750759
vn -6.20432547e-05 0.395979315 0.918259442
vn -0.000137712137 0.771624923 0.636077821
vn -0.000182980701 0.976936221 0.213531345
vn -0.000187866055 0.966641605 -0.256132722
vn -0.000151290165 0.743012786 -0.669277191
vn 0.00015943266 -0.790063202 0.613025367
vn 0.000139695811 -0.677044153 0.735942364
vn -0.000148876876 0.729193449 -0.684307635
vn -7.7767967e-05 0.336188018 -0.941794872
vn 1.04932196e-05 -0.13095282 -0.991388619
vn 9.64447972e-05 -0.569225073 -0.822181761
vn 0.00016111281 -0.881875873 -0.471481651
vn 0.000190214952 -0.999858856 -0.0167984441
vn 0.000177342168 -0.897199333 0.441625774
vn 0.000125323728 -0.596492469 0.802618682
vn 4.56485723e-05 -0.16415441 0.986434639
vn -4.41046504e-05 0.30442977 0.952534795
vn 8.14074083e-05 -0.493905365 -0.869515657
vn -0.000129517968 0.732063651 0.681236207
vn -0.000182090924 0.973443389 0.228927836
vn -0.000186796227 0.958916664 -0.28368777
vn -0.000142384801 0.692254066 -0.721653879
vn -6.05423847e-05 0.243609965 -0.969873309
vn 3.72190152e-05 -0.269091815 -0.96311456
vn 0.000125198494 -0.711063027 -0.703128278
vn 0.000180258765 -0.96607095 -0.258276701
vn 0.00018792534 -0.967079937 0.254472733
vn -0.000141713797 0.688453972 -0.725279987
vn -0.000157770657 0.780400395 -0.625280142
vn -0.000140442935 0.681265295 -0.732036591
vn -5.77910178e-05 0.228892237 -0.973451793
vn 4.00573626e-05 -0.283671439 -0.958921552
vn 0.000127369931 -0.721632004 -0.692276835
vn 0.000181197669 -0.969876587 -0.243596718
vn 0.000187383092 -0.9631145 0.269091815
vn 0.000144300415 -0.703120291 0.711070895
vn 6.32816955e-05 -0.258281618 0.966069639
vn -3.43769025e-05 0.254474968 0.967079341
vn 0.000128121086 -0.725282609 -0.68845129
vn 0.000107731823 -0.625281274 -0.780399501
vn -0.000174631859 0.942369938 0.334572643
vn -0.000190070074 0.984310091 -0.176447332
vn -0.000155535963 0.76745826 -0.641098857
vn -8.01064089e-05 0.348816454 -0.937191069
vn 1.63808181e-05 -0.161515236 -0.986870229
vn 0.000108564025 -0.629396379 -0.77708441
vn 0.000172201777 -0.931788266 -0.363002211
vn 0.000190566221 -0.989201903 0.146559015
vn 0.000158826981 -0.786537886 0.617541969
vn -0.000119652912 0.565002739 -0.825088978
vn 8.64463655e-05 -0.383132279 0.923693478
vn -8.92727201e-07 0.0809607953 0.996717274
vn -8.80336229e-05 0.527178824 0.849754393
vn -0.000155741582 0.8570292 0.515267789
vn -0.000189081693 0.99775219 0.0670118779
vn -0.000180688483 0.91825968 -0.395978749
vn -0.000132413945 0.636086404 -0.77161783
vn -5.49185206e-05 0.213546067 -0.976933002
vn 3.46995403e-05 -0.256135166 -0.966640949
vn 0.00011665847 -0.669282198 -0.743008316
vn -0.00013031844 0.735944867 0.677041411
vn -0.000107144078 0.622373402 0.782720506
vn -0.0143733369 0.612955987 0.789986312
vn -9.35645658e-05 0.554852128 0.831948996
vn 0.000119729048 -0.684342146 -0.729161024
vn 0.000174496599 -0.941785514 -0.336214274
vn 0.00019075493 -0.991384387 0.130984768
vn 0.00016491233 -0.822181702 0.569225073
vn 0.000102673956 -0.471524298 0.881853044
vn 1.77719066e-05 -0.016782688 0.999859154
vn -7.10505628e-05 0.441652417 0.89718622
vn -0.000144191596 0.802611649 0.596501887
vn -0.00018550994 0.986435115 0.164151505
vn -0.000185884041 0.952542543 -0.30440551
vn 0.000172830871 -0.869515657 0.493905395
vn 0.000148870851 -0.729159057 0.684344292
vn 7.77703317e-05 -0.336200744 0.941790342
vn -1.04932196e-05 0.13095282 0.991388619
vn -9.64470819e-05 0.569236457 0.822173834
vn -0.000161110103 0.881863415 0.471504927
vn -0.00019021552 0.999859393 0.0167669374
vn -0.000177340058 0.89718622 -0.441652417
vn -0.000125326798 0.596509576 -0.802605987
vn -4.5647259e-05 0.164147422 -0.986435831
vn 4.41005323e-05 -0.304408669 -0.95254153
vn -8.14080631e-05 0.493908674 0.86951381
vn -8.19907946e-05 0.493906796 0.869514883
vn -8.14076266e-05 0.493906468 0.869515061
vn 0.000129512569 -0.732037485 -0.681264341
vn 0.000182093834 -0.973454893 -0.228878871
vn 0.000186797377 -0.95892477 0.283660382
vn 0.000142388817 -0.692276835 0.721632063
vn 6.05423847e-05 -0.243609965 0.969873309
vn -3.72216964e-05 0.269105583 0.963110685
vn -0.000125196879 0.71105516 0.703136206
vn -0.000180257048 0.966063917 0.258302987
vn -0.00018792534 0.967079937 -0.254472733
vn 0.000141712415 -0.688446164 0.725287437
vn 0.000157770948 -0.780402064 0.625277996
vn -7.74709406e-05 0.334585011 -0.942365587
vn 1.92652569e-05 -0.176461592 -0.984307528
vn 0.00011093224 -0.641092598 -0.767463565
vn 0.000173436158 -0.937184274 -0.348834664
vn 0.000190339619 -0.98686564 0.161542937
vn 0.000157201648 -0.777099669 0.629377544
vn 8.27253534e-05 -0.362977862 0.931797743
vn -1.34951033e-05 0.146544665 0.989204049
vn -0.000106169355 0.617548108 0.786533117
vn 0.000148932915 -0.825091422 -0.564999223
vn -0.000170367595 0.923698843 0.383119375
vn -0.000191041574 0.996717274 -0.0809605271
vn -0.000169551 0.849750519 -0.527184963
vn -0.000110642664 0.515256882 -0.857035816
vn -2.73121441e-05 0.0670274794 -0.997751117
vn 6.20467472e-05 -0.395997047 -0.918251753
vn 0.000137710653 -0.77161783 -0.636086404
vn 0.000182979042 -0.976929724 -0.21356082
vn 0.000187864964 -0.966633618 0.256162971
vn 0.000151290165 -0.743012786 0.669277191
vn -0.000159433141 0.790066004 -0.613021791
vn -0.000139695578 0.677042902 -0.735943556
vn -0.000119729048 0.684342146 0.729161024
vn -0.000174496599 0.941785514 0.336214274
vn -0.000190755251 0.9913885 -0.130953342
vn -0.00016491233 0.822181702 -0.569225073
vn -0.000102671118 0.471508771 -0.881861389
vn -1.77719066e-05 0.016782688 -0.999859154
vn 7.10505628e-05 -0.441652417 -0.89718622
vn 0.00014419455 -0.802625656 -0.596483052
vn 0.000185509751 -0.98643446 -0.164155558
vn 0.000185884186 -0.952543557 0.304402322
vn -0.000172830871 0.869515657 -0.493905395
vn 0.000140442935 -0.681265295 0.732036591
vn 5.7786805e-05 -0.228869721 0.973457038
vn -4.00557219e-05 0.283663005 0.958924055
vn -0.000127369931 0.721632004 0.692276835
vn -0.000181197669 0.969876587 0.243596718
vn -0.000187383092 0.9631145 -0.269091815
vn -0.000144303209 0.703136206 -0.71105516
vn -6.32798547e-05 0.258271754 -0.966072321
vn 3.43769025e-05 -0.254474968 -0.967079341
vn -0.000128120548 0.725279987 0.688454032
vn -0.000107731823 0.625281274 0.780399501
vn 0.000174629342 -0.94235909 -0.33460325
vn 0.000190070074 -0.984310091 0.176447332
vn 0.000155535963 -0.76745826 0.641098857
vn 8.01064598e-05 -0.348816752 0.93719095
vn -1.63839341e-05 0.161531389 0.986867547
vn -0.000108562119 0.629386961 0.77709204
vn -0.000172204454 0.931800067 0.362971932
vn -0.000190567007 0.989210427 -0.146501601
vn -0.000158824376 0.786522806 -0.617561221
vn 0.00011965241 -0.564999998 0.825090885
vn 0.000118618984 -0.565000653 0.825090468
vn 0.0001233855 -0.565007269 0.825085878
vn 0.000119651653 -0.564995825 0.825093746
vn -8.64465328e-05 0.383133173 -0.92369312
vn 8.92829632e-07 -0.0809613317 -0.996717215
vn 8.80312436e-05 -0.527166903 -0.849761724
vn 0.000155747213 -0.857055426 -0.515224159
vn 0.000189080834 -0.997750044 -0.0670430958
vn 0.0001806863 -0.918245792 0.396010935
vn 0.000132418587 -0.636112392 0.771596432
vn 5.49185206e-05 -0.213546067 0.976933002
vn -3.47015266e-05 0.256145388 0.966638267
vn -0.000116659387 0.669286668 0.743004262
vn 0.000105255058 -0.61301887 -0.790068269
vn 0.000130318163 -0.735943556 -0.677042902
vn -0.000153140878 0.753646553 -0.657279909
vn 0.0131032318 0.73000586 -0.683315217
vn -0.000142218298 0.691310763 -0.722557545
vn -0.000130247558 0.623960674 -0.781455755
vn 0.0132273268 0.595429301 -0.803298831
vn -0.000117115313 0.550958455 -0.834532678
vn -0.000103154969 0.474157602 -0.880439997
vn 0.0133478707 0.441491425 -0.897166193
vn -8.82360546e-05 0.392840385 -0.919606686
vn -7.27357328e-05 0.30906263 -0.951041698
vn 0.0134618506 0.273198754 -0.961863399
vn -5.6513185e-05 0.22206305 -0.97503233
vn -3.99732453e-05 0.134012774 -0.990979612
vn 0.0135725839 0.0960251838 -0.995286345
vn -2.29669295e-05 0.0441187844 -0.999026299
vn -5.92124434e-06 -0.0453618616 -0.998970628
vn 0.0136752389 -0.0842711776 -0.996349037
vn 1.1319139e-05 -0.135244548 -0.990812242
vn 2.83215013e-05 -0.223273307 -0.974755883
vn 0.0137696266 -0.261826068 -0.965016842
vn 4.52400818e-05 -0.310246706 -0.950656056
vn 6.1651328e-05 -0.393987358 -0.919115841
vn 0.0138546797 -0.430868119 -0.902308524
vn 7.77025998e-05 -0.475247204 -0.879852295
vn 9.2993585e-05 -0.551999688 -0.833844304
vn 0.0139291883 -0.58589977 -0.810263813
vn 0.00010765974 -0.62492466 -0.780685067
vn 0.000121337151 -0.69221276 -0.721693456
vn 0.0139942253 -0.721882641 -0.691873968
vn 0.000134147253 -0.754461229 -0.656344593
vn 0.000145769853 -0.810114205 -0.58627212
vn 0.0140462918 -0.834396422 -0.550985754
vn 0.00015630995 -0.859674335 -0.510842383
vn 0.000165502424 -0.901895285 -0.431954741
vn 0.014083812 -0.919775486 -0.392192215
vn 0.000173431792 -0.93716526 -0.348885685
vn 0.000179900147 -0.964603662 -0.263703972
vn 0.0141092064 -0.975254297 -0.220635518
vn 0.000184963967 -0.984450042 -0.175664797
vn 0.00018849739 -0.996211529 -0.0869629383
vn 0.0141211338 -0.999021411 -0.0419148654
vn 0.000190532533 -0.999994814 0.00321078044
vn 0.000191018116 -0.995703816 0.0925949439
vn 0.0141160721 -0.99030751 0.138173044
vn 0.000189958766 -0.983302355 0.181979135
vn 0.00018738056 -0.963096201 0.26915732
vn 0.0141011886 -0.94939357 0.313772291
vn 0.000183260388 -0.934905171 0.354897529
vn 0.000177702081 -0.899439335 0.437045634
vn 0.0140681639 -0.877614677 0.479160249
vn 0.000170655083 -0.856375515 0.516353488
vn 0.000162294964 -0.806787014 0.590842366
vn 0.0140239755 -0.777298987 0.628975034
vn 0.000152547087 -0.750231206 0.661175549
vn 0.000141654382 -0.688117623 0.72559917
vn 0.0139641985 -0.651708364 0.758341074
vn 0.000129521664 -0.619903326 0.784678161
vn 0.000116448995 -0.547275305 0.836952627
vn 0.0138943829 -0.504933715 0.863046288
vn 0.000102320701 -0.469590873 0.882884145
vn 8.74873585e-05 -0.388777971 0.921331465
vn 0.0138110658 -0.341735601 0.939694643
vn 7.18208394e-05 -0.304138303 0.952627897
vn 5.57069907e-05 -0.217756465 0.97600311
vn 0.0137193175 -0.167428032 0.985788822
vn 3.90048444e-05 -0.12887685 0.991660595
vn 2.21309474e-05 -0.0397159867 0.999211013
vn 0.013617659 0.0123211956 0.999831378
vn 4.93201833e-06 0.050536003 0.998722255
vn -1.21596086e-05 0.13961041 0.99020648
vn 0.0135067841 0.191673353 0.98136586
vn -2.93000685e-05 0.228320956 0.973585904
vn -4.60581978e-05 0.314436167 0.949278593
vn 0.0133878468 0.364790976 0.930993199
vn -6.25865869e-05 0.398740143 0.917063951
vn -7.84706717e-05 0.479118496 0.877750218
vn 0.0132651106 0.526050329 0.850349963
vn -9.38569065e-05 0.556312144 0.830973387
vn -0.000108356187 0.628368914 0.777915478
vn 0.01313267 0.670206606 0.742058396
vn -0.000122099416 0.695939481 0.718100429
vn 0.0141363768 0.975830734 -0.218069941
vn -0.00011819823 0.676839173 0.736130893
vn -2.73201331e-05 0.218105882 0.975925088
vn 0.000150088541 -0.73612541 0.676845133
vn 0.0001890805 -0.975928187 0.218092114
vn 0.000177408452 -0.954229712 -0.29907459
vn 0.000118200653 -0.676851034 -0.736119986
vn 2.73195164e-05 -0.218102708 -0.975925803
vn -7.08811713e-05 0.299082935 -0.95422709
vn -0.000150088541 0.73612541 -0.676845133
vn -0.00018670813 0.958293736 -0.285785049
vn 0.0141372969 0.975827992 -0.218082115
vn -0.00017740739 0.954225242 0.299088836
vn -0.000118200653 0.676851034 0.736119986
vn -2.73195164e-05 0.218102708 0.975925803
vn 0.00011819823 -0.676839173 -0.736130893
vn 2.73201331e-05 -0.218105882 -0.975925088
vn 6.41977822e-05 -0.263192326 0.964743376
vn 0.000135910435 -0.655712843 0.755010366
vn 0.000180704927 -0.918364644 0.395735204
vn 0.000189708458 -0.999121428 -0.0419082679
vn 0.000161136762 -0.881985903 -0.471275777
vn 0.000100651647 -0.59016937 -0.807279408
vn 2.02310202e-05 -0.18146196 -0.983397961
vn -6.41972874e-05 0.263189673 -0.964744091
vn -0.000135910435 0.655712843 -0.755010366
vn -0.000180704927 0.918364644 -0.395735204
vn -0.00019065493 0.990190864 -0.139721379
vn -0.000188586069 0.996457636 0.0840960145
vn -0.000161138989 0.881996095 0.471256673
vn -0.000100651647 0.59016937 0.807279408
vn -2.02296051e-05 0.181454644 0.983399332
vn -5.21049406e-05 0.198533684 -0.980094075
vn -9.66192456e-05 0.438445181 -0.898757935
vn -0.000134933449 0.650221646 -0.759744525
vn -0.000164588448 0.820270956 -0.571975112
vn -0.000183680837 0.937678099 -0.347504973
vn -0.000190986219 0.994914174 -0.10072618
vn -0.000189744504 0.999187589 0.0403003953
vn -7.98110068e-06 0.117890276 0.993026614
vn -5.57257772e-05 0.363825113 0.931467295
vn -9.98884861e-05 0.586374283 0.810040236
vn -0.000137629948 0.771230042 0.636556506
vn -0.00016652832 0.906529963 0.422141463
vn -0.000184720862 0.983552933 0.18061991
vn -0.00945061259 0.591952801 0.805917203
vn -0.000103550206 0.604565322 0.796555579
vn -6.03708322e-05 0.387476623 0.92187953
vn -1.33980338e-05 0.146040782 0.989278555
vn 3.44162872e-05 -0.104569614 0.994517565
vn 8.00681009e-05 -0.348609418 0.937268078
vn 0.000120689634 -0.570748627 0.821124792
vn 0.00015372652 -0.757018387 0.653393567
vn 0.000177105831 -0.89573139 0.444595605
vn 0.000189355997 -0.978156865 0.207868099
vn 0.000189708269 -0.99912107 -0.0419166684
vn 0.000178140763 -0.957308471 -0.289068341
vn 0.000155379574 -0.855342686 -0.518062651
vn 0.000122854995 -0.699630916 -0.714504421
vn 8.26122559e-05 -0.499964923 -0.866045654
vn 3.71777678e-05 -0.268879801 -0.963173747
vn -1.05922954e-05 -0.0209022537 -0.999781549
vn -5.76973762e-05 0.228391662 -0.973569334
vn -0.000101176993 0.463334262 -0.88618356
vn -0.000136211223 0.657404602 -0.753537774
vn -0.00832606573 0.669136643 -0.743092716
vn -0.000151927714 0.746672332 -0.665192008
vn 0.00535391411 0.604557395 0.796543598
vn -0.000101015976 0.591980457 0.805952311
vn -0.000138298696 0.669160664 -0.74311775
vn -0.000120540455 0.688314915 0.725412011
vn -0.000140223448 0.783668458 0.621179342
vn -0.000168085477 0.913528562 0.406774521
vn -0.000185386234 0.985989153 0.166809395
vn -0.000190820225 0.999607801 -0.0280038845
vn -0.000190473103 0.988214374 -0.153076217
vn -0.000184687189 0.944390714 -0.328825444
vn -0.000166731115 0.832944095 -0.553357065
vn 0.00609832862 0.657392979 -0.753523231
vn 0.000153542787 -0.755960226 0.654617548
vn 0.000122770958 -0.699220479 -0.714906096
vn 0.025067063 -0.693424106 0.720093489
vn 0.000146353501 -0.714796662 0.699332297
vn 0.000121830271 -0.577075958 0.816690445
vn 9.33187257e-05 -0.420464009 0.907309234
vn 6.17512487e-05 -0.250082314 0.968224585
vn 2.81625635e-05 -0.0715157837 0.997439444
vn -6.34882463e-06 0.109395653 0.993998289
vn -4.0651179e-05 0.286719382 0.958014607
vn -7.36236761e-05 0.454661459 0.890664339
vn -0.000104185565 0.607716978 0.79415369
vn 8.42971494e-05 -0.508431792 -0.861102223
vn 5.20240392e-05 -0.344939798 -0.938624799
vn 1.80471798e-05 -0.170151994 -0.985417843
vn -1.65200636e-05 0.010204073 -0.999947965
vn -5.05468706e-05 0.190228328 -0.981739879
vn -8.29184864e-05 0.36402297 -0.931389987
vn -0.00011257577 0.525901794 -0.850545287
vn -0.000138546224 0.670556426 -0.741858482
vn 0.000166085389 -0.829116583 0.559075713
vn 0.000180379211 -0.916288674 0.400518417
vn 0.000188767488 -0.973461688 0.228849843
vn 0.000190975712 -0.998764932 0.0496845804
vn 0.000186931327 -0.991368294 -0.131106526
vn 0.000176766596 -0.951513231 -0.3076078
vn 0.000160815296 -0.880508959 -0.474029452
vn 0.000139597891 -0.780672312 -0.624940574
vn 0.0171437822 -0.65518254 -0.755276084
vn 0.000109025721 -0.631678283 -0.775230646
vn 2.73201586e-05 -0.218106017 -0.975925088
vn -0.00396647863 -0.218105033 -0.97591722
vn 5.38016939e-05 -0.354012996 -0.935240507
vn 0.0001066525 -0.619940341 -0.784648955
vn 7.97110115e-05 -0.485366732 -0.874310672
vn 0.0103205629 -0.619906068 -0.784608185
vn 0.0165112074 -0.589556336 -0.807558477
vn 0.00019041865 -0.999989688 -0.00453491928
vn 0.000164862548 -0.898995459 -0.437957913
vn 0.000124833459 -0.709284008 -0.704922855
vn -0.00787525438 -0.534619331 -0.845056295
vn 0.0306746792 -0.348065645 -0.936968148
vn 1.16629426e-05 -0.137030631 -0.99056679
vn -5.74248988e-05 0.226935163 -0.973909855
vn -0.000130795248 0.627023816 -0.779000103
vn -0.000178260234 0.902923882 -0.42980051
vn -0.00413685292 -0.683481753 0.729955912
vn 0.000126591927 -0.60355556 0.797320902
vn 7.08799707e-05 -0.299076468 0.954229116
vn 0.0362131894 -0.557834029 0.829162121
vn 0.000140835953 -0.683487177 0.729962528
vn 9.5270676e-05 -0.431093991 0.902307034
vn 0.0117185079 -0.299053967 0.954164267
vn -0.000157187067 0.863749325 0.503921628
vn -9.45104475e-05 0.55957514 0.828779578
vn -1.31124634e-05 0.144558281 0.989496291
vn 5.60360495e-05 -0.219514057 0.975609362
vn -0.0106998058 -0.431070924 0.902254581
vn 0.0165452715 -0.655124545 0.755339682
vn 0.000155253729 -0.765827715 0.643045843
vn 0.000182896852 -0.932520926 0.361115932
vn 0.000188732636 -0.996855497 -0.0792406425
vn 0.000182910517 -0.976663113 -0.214776948
vn 0.000189708313 -0.999121189 -0.041914586
vn 0.000190741775 -0.991221428 0.132212192
vn 0.70668155 0.368669063 -0.603890955
vn 0.818236232 0.35510993 -0.452091128
vn 0.767007053 0.407986045 -0.495224804
vn 0.683859169 0.517835498 -0.513987422
vn 0.706770539 0.317499459 -0.632194161
vn 0.704425633 0.321084052 -0.633000433
vn 0.712096691 0.194444269 -0.674618244
vn 0.668968201 0.647831559 -0.364411622
vn 0.701636076 0.616951048 -0.3564803
vn 0.706906319 0.531657577 -0.466501534
vn 0.703042984 0.19970949 -0.682529628
vn 0.706701338 0.0624098331 -0.704753995
vn 0.583310723 -0.0408651568 -0.811220467
vn 0.703697205 -0.0684477016 -0.707195282
vn 0.706547201 -0.204268038 -0.677543819
vn 0.56204319 -0.337219685 -0.755241871
vn 0.704294801 -0.32633993 -0.63045305
vn 0.706334472 -0.441801041 -0.553085446
vn 0.706333876 -0.441801101 -0.553086102
vn 0.704838157 -0.537050247 -0.463443875
vn 0.704834998 -0.537051797 -0.463446915
vn 0.706063092 -0.616091788 -0.349150181
vn 0.536310971 -0.773535013 -0.337659746
vn 0.705301285 -0.670482457 -0.230224699
vn 0.705712676 -0.702111721 -0.0949144959
vn 0.532965362 -0.845392942 -0.0354778357
vn 0.705723882 -0.70758462 0.0357467122
vn 0.705317974 -0.687402129 0.173219278
vn 0.536342323 -0.799089372 0.271648914
vn 0.706098378 -0.643150687 0.296280652
vn 0.701139748 -0.546552896 0.457911521
vn 0.402787566 -0.740655065 0.53776598
vn 0.706362367 -0.486575663 0.514097571
vn 0.701089263 -0.344223231 0.624487162
vn 0.468814075 -0.470389634 0.747627556
vn 0.706583023 -0.260307163 0.658012629
vn 0.701039255 -0.0953748599 0.706716061
vn 0.527739227 -0.152417347 0.835619688
vn 0.706735551 0.00315655605 0.707470775
vn 0.700984955 0.16637373 0.693498313
vn 0.579901636 0.1624569 0.798324406
vn 0.706854999 0.266047657 0.655419469
vn 0.702385008 0.391235232 0.594634533
vn 0.70237118 0.391239405 0.594648182
vn 0.706912518 0.490699172 0.509400666
vn 0.706927657 0.490710914 0.5093683
vn 0.700902581 0.590197682 0.400502533
vn 0.665856838 0.612475216 0.426038474
vn 0.706959128 0.644893646 0.290380776
vn 0.700874627 0.69503814 0.160302162
vn 0.700889528 0.695024669 0.160295203
vn 0.700882733 0.706010342 -0.101551935
vn 0.70086807 0.706025124 -0.101550333
vn 0.706947386 0.666978002 -0.235299215
vn 0.000184483142 -0.943020284 0.332735181
vn 0.0879187509 -0.984275043 0.153208673
vn 0.000172219661 -0.865812361 0.500368834
vn 0.163158715 -0.84257549 0.513269722
vn 0.000152783163 -0.751588702 0.659632027
vn 0.000129100663 -0.617551446 0.786530495
vn 0.225642234 -0.574689567 0.786649525
vn 9.91447741e-05 -0.452228099 0.891902328
vn 6.74527328e-05 -0.28065756 0.959807992
vn 0.275642365 -0.226840332 0.934111714
vn 3.12876655e-05 -0.088022761 0.996118486
vn -3.87784166e-06 0.0965256542 0.995330513
vn 0.314125746 0.146081105 0.938075304
vn -4.1062216e-05 0.288828731 0.957380772
vn -7.46506048e-05 0.459848434 0.887997448
vn 0.342039764 0.488902777 0.802485406
vn -0.00010752189 0.624242723 0.78123045
vn -0.000134708665 0.757169247 0.653218687
vn 0.360168397 0.75328666 0.550307155
vn -0.00015854818 0.870055497 0.492953777
vn -0.000175433306 0.945820928 0.324688613
vn 0.369080275 0.903142631 0.219347119
vn -0.000186818419 0.990991294 0.133926332
vn -0.000190979597 0.99872607 -0.0504599251
vn 0.3690494 0.918350756 -0.142948985
vn -0.000188275371 0.969694316 -0.244321197
vn -0.000179114853 0.90828675 -0.418348104
vn 0.36013031 0.796739697 -0.485295832
vn -0.000162710698 0.80922538 -0.587498307
vn -5.9126327e-05 0.236032829 -0.971745074
vn 0.423309088 0.162749112 -0.891247511
vn -8.36564141e-05 0.368017107 -0.929818988
vn -0.000124145066 0.589935064 -0.807450652
vn 0.488916188 0.46467337 -0.738267958
vn -0.000141543846 0.687491953 -0.726191998
vn 8.66471091e-05 -0.520227075 -0.854027987
vn 0.270154655 -0.529031873 -0.804451227
vn 5.81049462e-05 -0.375945777 -0.926641643
vn 1.48946592e-05 -0.153807506 -0.988100827
vn 0.350259036 -0.186589345 -0.917879641
vn -1.37633115e-05 -0.00427136011 -0.99999088
vn 0.000190621518 -0.989811897 0.142381087
vn 0.000182334988 -0.974407792 -0.224787503
vn 0.0879629627 -0.967977107 -0.235122964
vn 0.000167697566 -0.911789417 -0.410658121
vn 0.000145209895 -0.807454467 -0.589929879
vn 0.183939114 -0.806844771 -0.561398208
vn 0.000121638892 -0.693688273 -0.720275342
vn 0.858024001 0.332996666 0.391034544
vn 0.668996155 0.647809625 -0.364399254
vn 0.70163548 0.616954923 -0.356474757
vn 0.70690614 0.531646967 -0.466513842
vn 0.706920087 0.531617761 -0.466526002
vn 0.702370107 0.439659745 -0.559799552
vn 0.702376425 0.439654469 -0.559795797
vn 0.706841469 0.320014 -0.630845606
vn 0.609010935 0.248947635 -0.753080845
vn 0.703055441 0.199706048 -0.682517827
vn 0.706714272 0.0624086931 -0.70474112
vn 0.583324969 -0.0408687703 -0.811210036
vn 0.703683496 -0.0684444308 -0.707209229
vn 0.70653379 -0.204286322 -0.677552283
vn 0.562056541 -0.33721599 -0.755233586
vn 0.704294562 -0.326336712 -0.630455017
vn 0.706334114 -0.44180876 -0.553079665
vn 0.546165943 -0.594797969 -0.589845836
vn 0.532987714 -0.845378578 -0.0354850478
vn 0.705750346 -0.707558274 0.0357453823
vn 0.7053442 -0.687376797 0.173212901
vn 0.536361516 -0.799075365 0.271652251
vn 0.706072807 -0.643180132 0.296277821
vn 0.704852283 -0.5739851 0.416802615
vn 0.704872191 -0.573964298 0.416797519
vn 0.706370771 -0.486565769 0.514095426
vn 0.706570685 -0.260321051 0.658020377
vn 0.701033056 -0.0953756794 0.70672214
vn 0.527743816 -0.152413845 0.835617423
vn 0.703289628 0.138988912 0.697184205
vn 0.712082267 0.140044644 0.687987208
vn 0.704624236 0.265244067 0.658141553
vn 0.706854045 0.26605764 0.655416429
vn 0.706714094 0.316769123 0.632623494
vn 0.818287492 0.315972924 0.480173588
vn 0.654729426 0.450678706 0.606809735
vn 0.706927299 0.490686655 0.509392202
vn 0.706982493 0.644911468 0.290284246
vn 0.700900197 0.695013583 0.1602965
vn 0.700888932 0.695023775 0.16030176
vn 0.70694679 0.666943073 -0.235400081
vn 0.000184475648 -0.942970037 0.332877487
vn 0.0879879966 -0.984267592 0.153216779
vn 0.000172220447 -0.86581707 0.500360608
vn 0.163223162 -0.842566371 0.513264179
vn 0.00015277593 -0.751547039 0.659679472
vn 0.225604385 -0.574699521 0.786653101
vn 9.91493216e-05 -0.452252924 0.891889751
vn -3.87660384e-06 0.0965192094 0.995331109
vn 0.314161181 0.146079302 0.938063741
vn -4.10661887e-05 0.288849115 0.957374632
vn -7.46496808e-05 0.459843755 0.887999833
vn 0.342066616 0.488897711 0.802477062
vn -0.000107524116 0.62425375 0.781221628
vn -0.00017911625 0.908295512 -0.41832903
vn 0.360184789 0.796721697 -0.485284895
vn -0.000162709344 0.809217513 -0.587509155
vn 0.423330575 0.16274412 -0.891238213
vn -8.36588588e-05 0.368030339 -0.929813802
vn 8.66477931e-05 -0.520230472 -0.8540259
vn 0.27012372 -0.529036641 -0.804458439
vn 5.81076201e-05 -0.375959396 -0.926636159
vn 0.000182334465 -0.974405706 -0.224796534
vn 0.0878934413 -0.967983067 -0.235124409
vn 0.000167709906 -0.91184473 -0.410535187
vn 0.000145209036 -0.807450414 -0.589935422
vn 0.183992967 -0.806836486 -0.561392486
vn 0.000121631791 -0.693653584 -0.720308721
vn -0.000190741775 0.991221488 -0.13221173
vn -0.000189708313 0.999121189 0.0419146158
vn -0.000182910648 0.976663589 0.214774773
vn -0.000187127531 0.992016017 0.126111776
vn -0.0001518996 0.839061499 0.544036567
vn -8.65861584e-05 0.519921303 0.854214132
vn -4.12232384e-06 0.0977995992 0.995206118
vn 7.91563143e-05 -0.343683749 0.939085424
vn 0.000146759165 -0.717107654 0.696962357
vn 0.000185293888 -0.948496997 0.316786021
vn 0.000187128418 -0.992018938 -0.126088947
vn 0.000151899207 -0.839059591 -0.544039488
vn 8.65853654e-05 -0.519917369 -0.854216576
vn 4.12232384e-06 -0.0977995992 -0.995206118
vn -7.91588682e-05 0.343697578 -0.939080358
vn -0.000146758728 0.717105269 -0.69696486
vn -0.000185292942 0.9484905 -0.316805482
vn -0.000151900618 0.839066267 0.544029236
vn -8.65845068e-05 0.519913077 0.854219198
vn 0.000185292884 -0.948490143 0.316806674
vn 0.000187127574 -0.992016196 -0.126110539
vn -7.91571874e-05 0.343688488 -0.939083695
vn -0.000146759805 0.717111349 -0.696958601
vn -0.000133879061 0.644301772 -0.764771342
vn -9.58495948e-05 0.434249014 -0.900792897
vn -5.18184024e-05 0.197005853 -0.980402291
vn -9.85417428e-05 0.579672277 0.814849675
vn -5.48202115e-05 0.359208167 0.933257461
vn -7.66605081e-06 0.116251141 0.993219852
vn -0.000178519258 0.904545665 -0.426376671
vn 9.03412219e-05 -0.538735986 -0.842474639
vn 0.000127283114 -0.607408404 0.794389725
vn -0.000157597548 0.865653396 0.50064379
vn -0.00013129077 0.740654826 0.671885729
vn -6.2423278e-05 0.397910416 0.917424262
vn 1.75423702e-05 -0.0155761875 0.999878705
vn 9.43891282e-05 -0.426291734 0.904585719
vn 5.28241799e-05 -0.349024653 -0.937113523
vn -2.75396214e-05 0.0682278946 -0.997669756
vn -0.000103008519 0.4733558 -0.880871296
vn -0.000160165611 0.794335425 -0.607479393
vn -0.707045257 -0.381077111 -0.595707357
vn -0.707043707 -0.381078124 -0.595708549
vn -0.70707798 -0.381038606 -0.595693171
vn -0.707050383 -0.381067395 -0.595707476
vn -0.699119806 0.567909181 -0.434408367
vn -0.699129879 0.567898393 -0.434406281
vn -0.699092448 0.338365138 -0.629903793
vn -0.699095964 0.338362008 -0.629901588
vn -0.699043453 0.0486565046 -0.713421881
vn -0.699039698 0.0486586094 -0.713425457
vn -0.698988914 -0.249719158 -0.67011559
vn -0.698987901 -0.249719039 -0.670116603
vn -0.707212389 0.639494359 -0.301492333
vn -0.704636514 0.652495325 0.278814107
vn -0.704640508 0.652492166 0.278811276
vn -0.704651237 0.70019722 0.114849821
vn -0.704656601 0.700192273 0.114847198
vn -0.704661012 0.707349718 -0.0557601638
vn -0.704671144 0.707339466 -0.0557627752
vn -0.704667151 0.673533082 -0.223153383
vn -0.704635322 0.673566461 -0.223153144
vn -0.707211018 0.611980677 0.354022861
vn -0.707207024 0.611984372 0.354024529
vn -0.707211018 0.611981153 0.354022115
vn -0.698956013 -0.304973811 0.646878242
vn -0.698951542 -0.304977626 0.646881282
vn -0.699009597 -0.0112716872 0.715023458
vn -0.699015796 -0.0112685505 0.715017438
vn -0.699077368 0.28440845 0.656050801
vn -0.699071407 0.284408122 0.656057358
vn -0.699122131 0.529504716 0.480471641
vn -0.69911325 0.529508233 0.480480671
vn -0.707027555 -0.429627955 0.561722219
vn -0.707013845 -0.429639071 0.561730981
vn -0.707021356 -0.429635376 0.561724365
vn -0.707027793 -0.429627687 0.5617221
vn -0.000113348899 0.6530056 0.757353067
vn -0.00827342179 0.0859112218 0.996268451
vn -0.0156220011 0.0301161278 0.999424338
vn -0.00529768318 0.151793897 0.988397956
vn -0.00155066315 0.234161511 0.97219646
vn -3.67917128e-05 0.294177562 0.955750763
vn -0.000128069674 0.546829581 0.837243915
vn -0.0270941313 0.411505997 0.911004245
vn -0.0125475666 0.52724427 0.849621117
vn 0.000108933578 -0.505857527 0.862617016
vn -0.0128683299 -0.371101826 0.928503036
vn -0.0100229131 -0.395397514 0.918455422
vn 0.00199415348 -0.222353548 0.974964082
vn -0.00127626315 -0.0688085333 0.997629046
vn -0.718685508 -0.401847064 0.567459345
vn -0.742279351 0.446662098 0.499514103
vn -0.873518407 0.288893998 0.391798198
vn -0.828037262 0.232992232 0.509969532
vn -0.813655674 0.132362291 0.566078365
vn -0.783030272 -0.19050929 0.592089355
vn -0.896309376 -0.235160679 0.375937432
vn -0.846467495 -0.167617023 0.505368471
vn -0.806190252 -0.0197852552 0.591325521
vn -0.809604645 0.0877490789 0.580379546
vn -0.807506263 0.113410734 0.578853786
vn -0.805682361 -0.00731991651 0.59230262
vn -0.695042551 -0.177204773 0.696788549
vn -0.617496908 -0.104210734 0.779639423
vn -0.741154969 -0.261332452 0.618380666
vn -0.724764585 0.490765244 0.483596683
vn -0.728291988 0.383848637 0.567671597
vn -0.672847569 0.31798017 0.667955697
vn -0.716949999 0.275115848 0.640541911
vn -0.768047214 0.203570589 0.607175887
vn 6.91089444e-05 -0.431824625 -0.901957572
vn -0.00664599193 0.122887664 -0.992398322
vn -0.0109658707 0.169055879 -0.985545456
vn -0.00458406564 0.242711499 -0.970087707
vn -0.00225680368 0.0383243598 -0.99926281
vn -1.49038351e-06 -0.0332266539 -0.999447823
vn 5.54892085e-06 -0.317091733 -0.948394895
vn -0.0285667107 -0.158590004 -0.986931205
vn -0.0141924899 -0.277686715 -0.960566819
vn -0.000146239137 0.714145482 -0.699997306
vn -0.0114125181 0.608392954 -0.793553889
vn -0.0105666704 0.614995956 -0.78845948
vn 0.00134102826 0.47827214 -0.878210664
vn -0.000830602541 0.336672992 -0.941621244
vn -0.71968168 0.541867375 -0.434094518
vn -0.806260943 0.0510987937 -0.589348972
vn -0.80720067 0.170159012 -0.565219462
vn -0.752372563 0.28046453 -0.596049666
vn -0.737730861 0.422428727 -0.526599646
vn -0.724217296 -0.338870049 -0.600563407
vn -0.731758595 -0.222367257 -0.644268692
vn -0.676601231 -0.113717481 -0.727515697
vn -0.700258851 -0.0975463763 -0.707193196
vn -0.76333791 -0.0285744593 -0.645367146
vn -0.74535948 -0.280451626 -0.604802489
vn -0.872898042 -0.164243639 -0.45942682
vn -0.826924384 -0.0748162791 -0.55731374
vn -0.81318444 0.0378224067 -0.580775797
vn -0.676293373 0.372393668 -0.635570765
vn -0.778538585 0.353568196 -0.518524051
vn -0.897501051 0.332690924 -0.289497137
vn -0.848019361 0.30657497 -0.432290316
vn -0.807698727 0.192965746 -0.557123899
vn -0.809169292 0.0872644335 -0.581059337
vn -0.000118199532 0.676845551 0.736125052
vn -0.000118246142 0.676845312 0.73612529
vn -0.00011708658 0.676812589 0.736155391
vn -0.000118207754 0.676885903 0.736087978
vn -0.000119299038 0.676812589 0.736155391
vn -0.000118152821 0.676845312 0.73612529
vn -0.000150088119 0.736123025 -0.676847756
vn -0.000150576016 0.736125231 -0.676845312
vn -0.000149817133 0.736145139 -0.676823676
vn -0.000150089065 0.73612839 -0.676841915
vn -0.000149698506 0.736104846 -0.676867485
vn -0.000150482694 0.736125231 -0.676845312
vn -0.000150088817 0.736127079 -0.676843345
vn 0.000187715646 -0.965535223 0.260272264
vn 0.000166016544 -0.828708947 0.559679806
vn 0.00012632749 -0.602082133 0.798434138
vn 7.29492531e-05 -0.310212165 0.950667322
vn 1.16640249e-05 0.0152837634 0.999883175
vn -5.08833109e-05 0.339113593 0.940745413
vn -0.000107917513 0.626199663 0.779662728
vn -0.000153256522 0.845424175 0.534095407
vn -0.000181989395 0.973040819 0.230632827
vn -0.00019099917 0.995206118 -0.0977995992
vn -0.000179312439 0.909531713 -0.415634543
vn -0.000148192514 0.725283802 -0.688449979
vn -0.000101015896 0.462453365 -0.886643589
vn -4.28909407e-05 0.149499565 -0.988761783
vn 1.98812595e-05 -0.17965126 -0.983730376
vn 8.04988376e-05 -0.489333183 -0.872096896
vn 0.000132393267 -0.745989025 -0.665958226
vn 0.000169940729 -0.921804965 -0.387653917
vn 0.000189072656 -0.997729957 -0.0673414469

# Mesh '' with 4070 faces
usemtl DefaultMaterial
f  1//1 2//1 3//1
f  3//2 2//2 4//2
f  3//3 4//3 5//3
f  5//4 4//4 6//4
f  5//5 6//5 7//5
f  7//6 6//6 8//6
f  7//7 8//7 9//7
f  9//8 8//8 10//8
f  9//9 10//9 11//9
f  11//10 10//10 12//10
f  11//11 12//11 13//11
f  13//12 12//12 14//12
f  13//12 14//12 15//12
f  15//13 14//13 16//13
f  15//14 16//14 17//14
f  17//15 16//15 18//15
f  17//16 18//16 19//16
f  19//17 18//17 20//17
f  19//18 20//18 21//18
f  21//19 20//19 22//19
f  21//20 22//20 23//20
f  23//21 22//21 24//21
f  23//22 24//22 25//22
f  25//23 24//23 26//23
f  25//24 26//24 27//24
f  27//25 26//25 28//25
f  27//26 28//26 29//26
f  29//27 28//27 30//27
f  29//28 30//28 31//28
f  31//29 30//29 32//29
f  31//30 32//30 33//30
f  33//31 32//31 34//31
f  33//32 34//32 35//32
f  35//33 34//33 36//33
f  35//34 36//34 37//34
f  37//35 36//35 38//35
f  37//36 38//36 39//36
f  39//37 38//37 40//37
f  39//37 40//37 41//37
f  41//38 40//38 42//38
f  41//39 42//39 43//39
f  43//40 42//40 44//40
f  43//41 44//41 45//41
f  45//42 44//42 46//42
f  45//43 46//43 47//43
f  47//44 46//44 48//44
f  47//45 48//45 49//45
f  49//46 48//46 50//46
f  49//47 50//47 51//47
f  51//48 50//48 52//48
f  51//49 52//49 53//49
f  53//50 52//50 54//50
f  53//51 54//51 55//51
f  55//52 54//52 56//52
f  55//53 56//53 57//53
f  57//54 56//54 58//54
f  57//55 58//55 59//55
f  59//56 58//56 60//56
f  59//57 60//57 61//57
f  61//58 60//58 62//58
f  61//59 62//59 63//59
f  63//60 62//60 64//60
f  63//61 64//61 65//61
f  65//62 64//62 66//62
f  65//62 66//62 67//62
f  67//63 66//63 68//63
f  67//64 68//64 69//64
f  69//65 68//65 70//65
f  69//66 70//66 71//66
f  71//67 70//67 72//67
f  71//68 72//68 73//68
f  73//69 72//69 74//69
f  73//70 74//70 75//70
f  75//71 74//71 76//71
f  75//72 76//72 77//72
f  77//73 76//73 78//73
f  77//74 78//74 79//74
f  79//75 78//75 80//75
f  79//76 80//76 81//76
f  81//77 80//77 82//77
f  81//78 82//78 83//78
f  83//79 82//79 84//79
f  83//80 84//80 85//80
f  85//81 84//81 86//81
f  85//82 86//82 87//82
f  87//83 86//83 88//83
f  87//84 88//84 89//84
f  89//85 88//85 90//85
f  89//86 90//86 91//86
f  91//87 90//87 92//87
f  91//87 92//87 93//87
f  93//88 92//88 94//88
f  93//89 94//89 95//89
f  95//90 94//90 96//90
f  95//91 96//91 97//91
f  97//92 96//92 98//92
f  97//93 98//93 99//93
f  99//94 98//94 100//94
f  99//95 100//95 101//95
f  101//96 100//96 102//96
f  101//97 102//97 103//97
f  103//98 102//98 104//98
f  103//99 104//99 1//99
f  1//100 104//100 2//100
f  104//101 105//101 2//101
f  2//102 105//102 106//102
f  2//103 106//103 4//103
f  4//104 106//104 107//104
f  4//105 107//105 6//105
f  6//106 107//106 108//106
f  6//107 108//107 8//107
f  8//108 108//108 109//108
f  8//108 109//108 10//108
f  10//109 109//109 110//109
f  10//110 110//110 12//110
f  12//111 110//111 111//111
f  12//111 111//111 14//111
f  14//112 111//112 112//112
f  14//113 112//113 16//113
f  16//114 112//114 113//114
f  16//114 113//114 18//114
f  18//115 113//115 114//115
f  18//116 114//116 20//116
f  20//117 114//117 115//117
f  20//118 115//118 22//118
f  22//119 115//119 116//119
f  22//120 116//120 24//120
f  24//121 116//121 117//121
f  24//122 117//122 26//122
f  26//123 117//123 118//123
f  26//124 118//124 28//124
f  28//125 118//125 119//125
f  28//126 119//126 30//126
f  30//127 119//127 120//127
f  30//128 120//128 32//128
f  32//129 120//129 121//129
f  32//130 121//130 34//130
f  34//131 121//131 122//131
f  34//131 122//131 36//131
f  36//132 122//132 123//132
f  36//133 123//133 38//133
f  38//134 123//134 124//134
f  38//134 124//134 40//134
f  40//135 124//135 125//135
f  40//136 125//136 42//136
f  42//137 125//137 126//137
f  42//138 126//138 44//138
f  44//139 126//139 127//139
f  44//140 127//140 46//140
f  46//141 127//141 128//141
f  46//142 128//142 48//142
f  48//143 128//143 129//143
f  48//144 129//144 50//144
f  50//145 129//145 130//145
f  50//146 130//146 52//146
f  52//147 130//147 131//147
f  52//148 131//148 54//148
f  54//149 131//149 132//149
f  54//150 132//150 56//150
f  56//151 132//151 133//151
f  56//152 133//152 58//152
f  58//153 133//153 134//153
f  58//154 134//154 60//154
f  60//155 134//155 135//155
f  60//155 135//155 62//155
f  62//156 135//156 136//156
f  62//157 136//157 64//157
f  64//158 136//158 137//158
f  64//158 137//158 66//158
f  66//159 137//159 138//159
f  66//160 138//160 68//160
f  68//161 138//161 139//161
f  68//161 139//161 70//161
f  70//162 139//162 140//162
f  70//163 140//163 72//163
f  72//164 140//164 141//164
f  72//165 141//165 74//165
f  74//166 141//166 142//166
f  74//167 142//167 76//167
f  76//168 142//168 143//168
f  76//169 143//169 78//169
f  78//170 143//170 144//170
f  78//171 144//171 80//171
f  80//172 144//172 145//172
f  80//173 145//173 82//173
f  82//174 145//174 146//174
f  82//175 146//175 84//175
f  84//176 146//176 147//176
f  84//177 147//177 86//177
f  86//178 147//178 148//178
f  86//178 148//178 88//178
f  88//179 148//179 149//179
f  88//180 149//180 90//180
f  90//181 149//181 150//181
f  90//181 150//181 92//181
f  92//182 150//182 151//182
f  92//183 151//183 94//183
f  94//184 151//184 152//184
f  94//185 152//185 96//185
f  96//186 152//186 153//186
f  96//187 153//187 98//187
f  98//188 153//188 154//188
f  98//189 154//189 100//189
f  100//190 154//190 155//190
f  100//191 155//191 102//191
f  102//192 155//192 156//192
f  102//193 156//193 104//193
f  104//194 156//194 105//194
f  156//195 157//195 105//195
f  105//196 157//196 158//196
f  105//197 158//197 106//197
f  106//198 158//198 159//198
f  106//199 159//199 107//199
f  107//200 159//200 160//200
f  107//201 160//201 108//201
f  108//202 160//202 161//202
f  108//203 161//203 109//203
f  109//204 161//204 162//204
f  109//205 162//205 110//205
f  110//206 162//206 163//206
f  110//206 163//206 111//206
f  111//207 163//207 164//207
f  111//208 164//208 112//208
f  112//209 164//209 165//209
f  112//210 165//210 113//210
f  113//211 165//211 166//211
f  113//212 166//212 114//212
f  114//213 166//213 167//213
f  114//214 167//214 115//214
f  115//215 167//215 168//215
f  115//216 168//216 116//216
f  116//217 168//217 169//217
f  116//218 169//218 117//218
f  117//219 169//219 170//219
f  117//220 170//220 118//220
f  118//221 170//221 171//221
f  118//222 171//222 119//222
f  119//223 171//223 172//223
f  119//224 172//224 120//224
f  120//225 172//225 173//225
f  120//226 173//226 121//226
f  121//227 173//227 174//227
f  121//228 174//228 122//228
f  122//229 174//229 175//229
f  122//230 175//230 123//230
f  123//231 175//231 176//231
f  123//231 176//231 124//231
f  124//232 176//232 177//232
f  124//233 177//233 125//233
f  125//234 177//234 178//234
f  125//235 178//235 126//235
f  126//236 178//236 179//236
f  126//237 179//237 127//237
f  127//238 179//238 180//238
f  127//239 180//239 128//239
f  128//240 180//240 181//240
f  128//241 181//241 129//241
f  129//242 181//242 182//242
f  129//243 182//243 130//243
f  130//244 182//244 183//244
f  130//245 183//245 131//245
f  131//246 183//246 184//246
f  131//247 184//247 132//247
f  132//248 184//248 185//248
f  132//249 185//249 133//249
f  133//250 185//250 186//250
f  133//251 186//251 134//251
f  134//252 186//252 187//252
f  134//253 187//253 135//253
f  135//254 187//254 188//254
f  135//255 188//255 136//255
f  136//256 188//256 189//256
f  136//256 189//256 137//256
f  137//257 189//257 190//257
f  137//258 190//258 138//258
f  138//259 190//259 191//259
f  138//260 191//260 139//260
f  139//261 191//261 192//261
f  139//262 192//262 140//262
f  140//263 192//263 193//263
f  140//264 193//264 141//264
f  141//265 193//265 194//265
f  141//266 194//266 142//266
f  142//267 194//267 195//267
f  142//268 195//268 143//268
f  143//269 195//269 196//269
f  143//270 196//270 144//270
f  144//271 196//271 197//271
f  144//272 197//272 145//272
f  145//273 197//273 198//273
f  145//274 198//274 146//274
f  146//275 198//275 199//275
f  146//276 199//276 147//276
f  147//277 199//277 200//277
f  147//278 200//278 148//278
f  148//279 200//279 201//279
f  148//280 201//280 149//280
f  149//281 201//281 202//281
f  149//281 202//281 150//281
f  150//282 202//282 203//282
f  150//283 203//283 151//283
f  151//284 203//284 204//284
f  151//285 204//285 152//285
f  152//286 204//286 205//286
f  152//287 205//287 153//287
f  153//288 205//288 206//288
f  153//289 206//289 154//289
f  154//290 206//290 207//290
f  154//291 207//291 155//291
f  155//292 207//292 208//292
f  155//293 208//293 156//293
f  156//294 208//294 157//294
f  208//295 209//295 157//295
f  157//296 209//296 210//296
f  157//296 210//296 158//296
f  158//297 210//297 211//297
f  158//298 211//298 159//298
f  159//299 211//299 212//299
f  159//300 212//300 160//300
f  160//301 212//301 213//301
f  160//302 213//302 161//302
f  161//303 213//303 214//303
f  161//304 214//304 162//304
f  162//305 214//305 215//305
f  162//305 215//305 163//305
f  163//306 215//306 216//306
f  163//307 216//307 164//307
f  164//308 216//308 217//308
f  164//309 217//309 165//309
f  165//310 217//310 218//310
f  165//311 218//311 166//311
f  166//312 218//312 219//312
f  166//313 219//313 167//313
f  167//314 219//314 220//314
f  167//314 220//314 168//314
f  168//315 220//315 221//315
f  168//316 221//316 169//316
f  169//317 221//317 222//317
f  169//318 222//318 170//318
f  170//319 222//319 223//319
f  170//319 223//319 171//319
f  171//320 223//320 224//320
f  171//321 224//321 172//321
f  172//322 224//322 225//322
f  172//323 225//323 173//323
f  173//324 225//324 226//324
f  173//325 226//325 174//325
f  174//326 226//326 227//326
f  174//327 227//327 175//327
f  175//328 227//328 228//328
f  175//328 228//328 176//328
f  176//329 228//329 229//329
f  176//330 229//330 177//330
f  177//331 229//331 230//331
f  177//332 230//332 178//332
f  178//333 230//333 231//333
f  178//334 231//334 179//334
f  179//335 231//335 232//335
f  179//336 232//336 180//336
f  180//337 232//337 233//337
f  180//337 233//337 181//337
f  181//338 233//338 234//338
f  181//339 234//339 182//339
f  182//340 234//340 235//340
f  182//341 235//341 183//341
f  183//342 235//342 236//342
f  183//342 236//342 184//342
f  184//343 236//343 237//343
f  184//344 237//344 185//344
f  185//345 237//345 238//345
f  185//346 238//346 186//346
f  186//347 238//347 239//347
f  186//348 239//348 187//348
f  187//349 239//349 240//349
f  187//350 240//350 188//350
f  188//351 240//351 241//351
f  188//351 241//351 189//351
f  189//352 241//352 242//352
f  189//353 242//353 190//353
f  190//354 242//354 243//354
f  190//355 243//355 191//355
f  191//356 243//356 244//356
f  191//357 244//357 192//357
f  192//358 244//358 245//358
f  192//359 245//359 193//359
f  193//360 245//360 246//360
f  193//361 246//361 194//361
f  194//362 246//362 247//362
f  194//363 247//363 195//363
f  195//364 247//364 248//364
f  195//365 248//365 196//365
f  196//366 248//366 249//366
f  196//366 249//366 197//366
f  197//367 249//367 250//367
f  197//368 250//368 198//368
f  198//369 250//369 251//369
f  198//370 251//370 199//370
f  199//371 251//371 252//371
f  199//372 252//372 200//372
f  200//373 252//373 253//373
f  200//374 253//374 201//374
f  201//375 253//375 254//375
f  201//375 254//375 202//375
f  202//376 254//376 255//376
f  202//377 255//377 203//377
f  203//378 255//378 256//378
f  203//379 256//379 204//379
f  204//380 256//380 257//380
f  204//381 257//381 205//381
f  205//382 257//382 258//382
f  205//383 258//383 206//383
f  206//384 258//384 259//384
f  206//385 259//385 207//385
f  207//386 259//386 260//386
f  207//387 260//387 208//387
f  208//388 260//388 209//388
f  260//389 261//389 209//389
f  209//390 261//390 262//390
f  209//391 262//391 210//391
f  210//392 262//392 263//392
f  210//393 263//393 211//393
f  211//394 263//394 264//394
f  211//395 264//395 212//395
f  212//396 264//396 265//396
f  212//397 265//397 213//397
f  213//398 265//398 266//398
f  213//399 266//399 214//399
f  214//400 266//400 267//400
f  214//400 267//400 215//400
f  215//401 267//401 268//401
f  215//402 268//402 216//402
f  216//403 268//403 269//403
f  216//404 269//404 217//404
f  217//405 269//405 270//405
f  217//406 270//406 218//406
f  218//407 270//407 271//407
f  218//408 271//408 219//408
f  219//409 271//409 272//409
f  219//410 272//410 220//410
f  220//411 272//411 273//411
f  220//412 273//412 221//412
f  221//413 273//413 274//413
f  221//414 274//414 222//414
f  222//415 274//415 275//415
f  222//416 275//416 223//416
f  223//417 275//417 276//417
f  223//418 276//418 224//418
f  224//419 276//419 277//419
f  224//420 277//420 225//420
f  225//421 277//421 278//421
f  225//422 278//422 226//422
f  226//423 278//423 279//423
f  226//424 279//424 227//424
f  227//425 279//425 280//425
f  227//425 280//425 228//425
f  228//426 280//426 281//426
f  228//427 281//427 229//427
f  229//428 281//428 282//428
f  229//429 282//429 230//429
f  230//430 282//430 283//430
f  230//431 283//431 231//431
f  231//432 283//432 284//432
f  231//433 284//433 232//433
f  232//434 284//434 285//434
f  232//435 285//435 233//435
f  233//436 285//436 286//436
f  233//437 286//437 234//437
f  234//438 286//438 287//438
f  234//439 287//439 235//439
f  235//440 287//440 288//440
f  235//441 288//441 236//441
f  236//442 288//442 289//442
f  236//443 289//443 237//443
f  237//444 289//444 290//444
f  237//445 290//445 238//445
f  238//446 290//446 291//446
f  238//447 291//447 239//447
f  239//448 291//448 292//448
f  239//449 292//449 240//449
f  240//450 292//450 293//450
f  240//450 293//450 241//450
f  241//451 293//451 294//451
f  241//452 294//452 242//452
f  242//453 294//453 295//453
f  242//454 295//454 243//454
f  243//455 295//455 296//455
f  243//456 296//456 244//456
f  244//457 296//457 297//457
f  244//458 297//458 245//458
f  245//459 297//459 298//459
f  245//460 298//460 246//460
f  246//461 298//461 299//461
f  246//462 299//462 247//462
f  247//463 299//463 300//463
f  247//464 300//464 248//464
f  248//465 300//465 301//465
f  248//466 301//466 249//466
f  249//467 301//467 302//467
f  249//468 302//468 250//468
f  250//469 302//469 303//469
f  250//470 303//470 251//470
f  251//471 303//471 304//471
f  251//472 304//472 252//472
f  252//473 304//473 305//473
f  252//474 305//474 253//474
f  253//475 305//475 306//475
f  253//475 306//475 254//475
f  254//476 306//476 307//476
f  254//477 307//477 255//477
f  255//478 307//478 308//478
f  255//479 308//479 256//479
f  256//480 308//480 309//480
f  256//481 309//481 257//481
f  257//482 309//482 310//482
f  257//483 310//483 258//483
f  258//484 310//484 311//484
f  258//485 311//485 259//485
f  259//486 311//486 312//486
f  259//487 312//487 260//487
f  260//488 312//488 261//488
f  312//489 313//489 261//489
f  261//490 313//490 314//490
f  261//490 314//490 262//490
f  262//491 314//491 315//491
f  262//491 315//491 263//491
f  263//492 315//492 316//492
f  263//492 316//492 264//492
f  264//493 316//493 317//493
f  264//493 317//493 265//493
f  265//494 317//494 318//494
f  265//494 318//494 266//494
f  266//495 318//495 319//495
f  266//495 319//495 267//495
f  267//496 319//496 320//496
f  267//496 320//496 268//496
f  268//497 320//497 321//497
f  268//497 321//497 269//497
f  269//498 321//498 322//498
f  269//498 322//498 270//498
f  270//499 322//499 323//499
f  270//499 323//499 271//499
f  271//500 323//500 324//500
f  271//500 324//500 272//500
f  272//501 324//501 325//501
f  272//501 325//501 273//501
f  273//502 325//502 326//502
f  273//502 326//502 274//502
f  274//503 326//503 327//503
f  274//503 327//503 275//503
f  275//504 327//504 328//504
f  275//504 328//504 276//504
f  276//505 328//505 329//505
f  276//505 329//505 277//505
f  277//506 329//506 330//506
f  277//506 330//506 278//506
f  278//507 330//507 331//507
f  278//507 331//507 279//507
f  279//508 331//508 332//508
f  279//508 332//508 280//508
f  280//509 332//509 333//509
f  280//509 333//509 281//509
f  281//510 333//510 334//510
f  281//510 334//510 282//510
f  282//511 334//511 335//511
f  282//511 335//511 283//511
f  283//512 335//512 336//512
f  283//512 336//512 284//512
f  284//513 336//513 337//513
f  284//513 337//513 285//513
f  285//514 337//514 338//514
f  285//514 338//514 286//514
f  286//515 338//515 339//515
f  286//515 339//515 287//515
f  287//516 339//516 340//516
f  287//516 340//516 288//516
f  288//517 340//517 341//517
f  288//517 341//517 289//517
f  289//518 341//518 342//518
f  289//518 342//518 290//518
f  290//519 342//519 343//519
f  290//519 343//519 291//519
f  291//520 343//520 344//520
f  291//520 344//520 292//520
f  292//521 344//521 345//521
f  292//521 345//521 293//521
f  293//522 345//522 346//522
f  293//522 346//522 294//522
f  294//523 346//523 347//523
f  294//523 347//523 295//523
f  295//524 347//524 348//524
f  295//524 348//524 296//524
f  296//525 348//525 349//525
f  296//525 349//525 297//525
f  297//526 349//526 350//526
f  297//526 350//526 298//526
f  298//527 350//527 351//527
f  298//527 351//527 299//527
f  299//528 351//528 352//528
f  299//528 352//528 300//528
f  300//529 352//529 353//529
f  300//529 353//529 301//529
f  301//530 353//530 354//530
f  301//530 354//530 302//530
f  302//531 354//531 355//531
f  302//531 355//531 303//531
f  303//532 355//532 356//532
f  303//532 356//532 304//532
f  304//533 356//533 357//533
f  304//533 357//533 305//533
f  305//534 357//534 358//534
f  305//534 358//534 306//534
f  306//535 358//535 359//535
f  306//535 359//535 307//535
f  307//536 359//536 360//536
f  307//536 360//536 308//536
f  308//537 360//537 361//537
f  308//537 361//537 309//537
f  309//538 361//538 362//538
f  309//538 362//538 310//538
f  310//539 362//539 363//539
f  310//539 363//539 311//539
f  311//540 363//540 364//540
f  311//540 364//540 312//540
f  312//489 364//489 313//489
f  364//541 365//541 313//541
f  313//542 365//542 366//542
f  313//543 366//543 314//543
f  314//544 366//544 367//544
f  314//545 367//545 315//545
f  315//546 367//546 368//546
f  315//547 368//547 316//547
f  316//548 368//548 369//548
f  316//549 369//549 317//549
f  317//550 369//550 370//550
f  317//551 370//551 318//551
f  318//552 370//552 371//552
f  318//552 371//552 319//552
f  319//553 371//553 372//553
f  319//554 372//554 320//554
f  320//555 372//555 373//555
f  320//556 373//556 321//556
f  321//557 373//557 374//557
f  321//558 374//558 322//558
f  322//559 374//559 375//559
f  322//560 375//560 323//560
f  323//561 375//561 376//561
f  323//562 376//562 324//562
f  324//563 376//563 377//563
f  324//564 377//564 325//564
f  325//565 377//565 378//565
f  325//566 378//566 326//566
f  326//567 378//567 379//567
f  326//568 379//568 327//568
f  327//569 379//569 380//569
f  327//570 380//570 328//570
f  328//571 380//571 381//571
f  328//572 381//572 329//572
f  329//573 381//573 382//573
f  329//574 382//574 330//574
f  330//575 382//575 383//575
f  330//576 383//576 331//576
f  331//577 383//577 384//577
f  331//577 384//577 332//577
f  332//578 384//578 385//578
f  332//579 385//579 333//579
f  333//580 385//580 386//580
f  333//581 386//581 334//581
f  334//582 386//582 387//582
f  334//583 387//583 335//583
f  335//584 387//584 388//584
f  335//585 388//585 336//585
f  336//586 388//586 389//586
f  336//587 389//587 337//587
f  337//588 389//588 390//588
f  337//589 390//589 338//589
f  338//590 390//590 391//590
f  338//591 391//591 339//591
f  339//592 391//592 392//592
f  339//593 392//593 340//593
f  340//594 392//594 393//594
f  340//595 393//595 341//595
f  341//596 393//596 394//596
f  341//597 394//597 342//597
f  342//598 394//598 395//598
f  342//599 395//599 343//599
f  343//600 395//600 396//600
f  343//601 396//601 344//601
f  344//602 396//602 397//602
f  344//602 397//602 345//602
f  345//603 397//603 398//603
f  345//604 398//604 346//604
f  346//605 398//605 399//605
f  346//606 399//606 347//606
f  347//607 399//607 400//607
f  347//608 400//608 348//608
f  348//609 400//609 401//609
f  348//610 401//610 349//610
f  349//611 401//611 402//611
f  349//612 402//612 350//612
f  350//613 402//613 403//613
f  350//614 403//614 351//614
f  351//615 403//615 404//615
f  351//616 404//616 352//616
f  352//617 404//617 405//617
f  352//618 405//618 353//618
f  353//619 405//619 406//619
f  353//620 406//620 354//620
f  354//621 406//621 407//621
f  354//622 407//622 355//622
f  355//623 407//623 408//623
f  355//624 408//624 356//624
f  356//625 408//625 409//625
f  356//626 409//626 357//626
f  357//627 409//627 410//627
f  357//627 410//627 358//627
f  358//628 410//628 411//628
f  358//629 411//629 359//629
f  359//630 411//630 412//630
f  359//631 412//631 360//631
f  360//632 412//632 413//632
f  360//633 413//633 361//633
f  361//634 413//634 414//634
f  361//635 414//635 362//635
f  362//636 414//636 415//636
f  362//637 415//637 363//637
f  363//638 415//638 416//638
f  363//639 416//639 364//639
f  364//640 416//640 365//640
f  416//641 417//641 365//641
f  365//642 417//642 418//642
f  365//642 418//642 366//642
f  366//643 418//643 419//643
f  366//644 419//644 367//644
f  367//645 419//645 420//645
f  367//646 420//646 368//646
f  368//647 420//647 421//647
f  368//648 421//648 369//648
f  369//649 421//649 422//649
f  369//650 422//650 370//650
f  370//651 422//651 423//651
f  370//651 423//651 371//651
f  371//652 423//652 424//652
f  371//653 424//653 372//653
f  372//654 424//654 425//654
f  372//655 425//655 373//655
f  373//656 425//656 426//656
f  373//657 426//657 374//657
f  374//658 426//658 427//658
f  374//659 427//659 375//659
f  375//660 427//660 428//660
f  375//661 428//661 376//661
f  376//662 428//662 429//662
f  376//663 429//663 377//663
f  377//664 429//664 430//664
f  377//665 430//665 378//665
f  378//666 430//666 431//666
f  378//666 431//666 379//666
f  379//667 431//667 432//667
f  379//668 432//668 380//668
f  380//669 432//669 433//669
f  380//670 433//670 381//670
f  381//671 433//671 434//671
f  381//672 434//672 382//672
f  382//673 434//673 435//673
f  382//674 435//674 383//674
f  383//675 435//675 436//675
f  383//675 436//675 384//675
f  384//676 436//676 437//676
f  384//677 437//677 385//677
f  385//678 437//678 438//678
f  385//679 438//679 386//679
f  386//680 438//680 439//680
f  386//681 439//681 387//681
f  387//682 439//682 440//682
f  387//683 440//683 388//683
f  388//684 440//684 441//684
f  388//685 441//685 389//685
f  389//686 441//686 442//686
f  389//687 442//687 390//687
f  390//688 442//688 443//688
f  390//689 443//689 391//689
f  391//690 443//690 444//690
f  391//690 444//690 392//690
f  392//691 444//691 445//691
f  392//692 445//692 393//692
f  393//693 445//693 446//693
f  393//694 446//694 394//694
f  394//695 446//695 447//695
f  394//696 447//696 395//696
f  395//697 447//697 448//697
f  395//698 448//698 396//698
f  396//699 448//699 449//699
f  396//699 449//699 397//699
f  397//700 449//700 450//700
f  397//701 450//701 398//701
f  398//702 450//702 451//702
f  398//703 451//703 399//703
f  399//704 451//704 452//704
f  399//705 452//705 400//705
f  400//706 452//706 453//706
f  400//707 453//707 401//707
f  401//708 453//708 454//708
f  401//708 454//708 402//708
f  402//709 454//709 455//709
f  402//710 455//710 403//710
f  403//711 455//711 456//711
f  403//712 456//712 404//712
f  404//713 456//713 457//713
f  404//713 457//713 405//713
f  405//714 457//714 458//714
f  405//715 458//715 406//715
f  406//716 458//716 459//716
f  406//717 459//717 407//717
f  407//718 459//718 460//718
f  407//719 460//719 408//719
f  408//720 460//720 461//720
f  408//721 461//721 409//721
f  409//722 461//722 462//722
f  409//722 462//722 410//722
f  410//723 462//723 463//723
f  410//724 463//724 411//724
f  411//725 463//725 464//725
f  411//726 464//726 412//726
f  412//727 464//727 465//727
f  412//728 465//728 413//728
f  413//729 465//729 466//729
f  413//730 466//730 414//730
f  414//731 466//731 467//731
f  414//731 467//731 415//731
f  415//732 467//732 468//732
f  415//733 468//733 416//733
f  416//734 468//734 417//734
f  468//735 469//735 417//735
f  417//736 469//736 470//736
f  417//737 470//737 418//737
f  418//738 470//738 471//738
f  418//739 471//739 419//739
f  419//740 471//740 472//740
f  419//741 472//741 420//741
f  420//742 472//742 473//742
f  420//743 473//743 421//743
f  421//744 473//744 474//744
f  421//745 474//745 422//745
f  422//746 474//746 475//746
f  422//746 475//746 423//746
f  423//747 475//747 476//747
f  423//748 476//748 424//748
f  424//749 476//749 477//749
f  424//750 477//750 425//750
f  425//751 477//751 478//751
f  425//752 478//752 426//752
f  426//753 478//753 479//753
f  426//754 479//754 427//754
f  427//755 479//755 480//755
f  427//756 480//756 428//756
f  428//757 480//757 481//757
f  428//758 481//758 429//758
f  429//759 481//759 482//759
f  429//760 482//760 430//760
f  430//761 482//761 483//761
f  430//762 483//762 431//762
f  431//763 483//763 484//763
f  431//764 484//764 432//764
f  432//765 484//765 485//765
f  432//766 485//766 433//766
f  433//767 485//767 486//767
f  433//768 486//768 434//768
f  434//769 486//769 487//769
f  434//770 487//770 435//770
f  435//771 487//771 488//771
f  435//771 488//771 436//771
f  436//772 488//772 489//772
f  436//773 489//773 437//773
f  437//774 489//774 490//774
f  437//775 490//775 438//775
f  438//776 490//776 491//776
f  438//777 491//777 439//777
f  439//778 491//778 492//778
f  439//779 492//779 440//779
f  440//780 492//780 493//780
f  440//781 493//781 441//781
f  441//782 493//782 494//782
f  441//783 494//783 442//783
f  442//784 494//784 495//784
f  442//785 495//785 443//785
f  443//786 495//786 496//786
f  443//787 496//787 444//787
f  444//788 496//788 497//788
f  444//789 497//789 445//789
f  445//790 497//790 498//790
f  445//791 498//791 446//791
f  446//792 498//792 499//792
f  446//793 499//793 447//793
f  447//794 499//794 500//794
f  447//795 500//795 448//795
f  448//796 500//796 501//796
f  448//796 501//796 449//796
f  449//797 501//797 502//797
f  449//798 502//798 450//798
f  450//799 502//799 503//799
f  450//800 503//800 451//800
f  451//801 503//801 504//801
f  451//802 504//802 452//802
f  452//803 504//803 505//803
f  452//804 505//804 453//804
f  453//805 505//805 506//805
f  453//806 506//806 454//806
f  454//807 506//807 507//807
f  454//808 507//808 455//808
f  455//809 507//809 508//809
f  455//810 508//810 456//810
f  456//811 508//811 509//811
f  456//812 509//812 457//812
f  457//813 509//813 510//813
f  457//814 510//814 458//814
f  458//815 510//815 511//815
f  458//816 511//816 459//816
f  459//817 511//817 512//817
f  459//818 512//818 460//818
f  460//819 512//819 513//819
f  460//820 513//820 461//820
f  461//821 513//821 514//821
f  461//821 514//821 462//821
f  462//822 514//822 515//822
f  462//823 515//823 463//823
f  463//824 515//824 516//824
f  463//825 516//825 464//825
f  464//826 516//826 517//826
f  464//827 517//827 465//827
f  465//828 517//828 518//828
f  465//829 518//829 466//829
f  466//830 518//830 519//830
f  466//831 519//831 467//831
f  467//832 519//832 520//832
f  467//833 520//833 468//833
f  468//834 520//834 469//834
f  520//835 521//835 469//835
f  469//836 521//836 522//836
f  469//837 522//837 470//837
f  470//838 522//838 523//838
f  470//839 523//839 471//839
f  471//840 523//840 524//840
f  471//841 524//841 472//841
f  472//842 524//842 525//842
f  472//842 525//842 473//842
f  473//843 525//843 526//843
f  473//844 526//844 474//844
f  474//845 526//845 527//845
f  474//845 527//845 475//845
f  475//846 527//846 528//846
f  475//847 528//847 476//847
f  476//848 528//848 529//848
f  476//848 529//848 477//848
f  477//849 529//849 530//849
f  477//850 530//850 478//850
f  478//851 530//851 531//851
f  478//852 531//852 479//852
f  479//853 531//853 532//853
f  479//854 532//854 480//854
f  480//855 532//855 533//855
f  480//856 533//856 481//856
f  481//857 533//857 534//857
f  481//858 534//858 482//858
f  482//859 534//859 535//859
f  482//860 535//860 483//860
f  483//861 535//861 536//861
f  483//862 536//862 484//862
f  484//863 536//863 537//863
f  484//864 537//864 485//864
f  485//865 537//865 538//865
f  485//865 538//865 486//865
f  486//866 538//866 539//866
f  486//867 539//867 487//867
f  487//868 539//868 540//868
f  487//868 540//868 488//868
f  488//869 540//869 541//869
f  488//870 541//870 489//870
f  489//871 541//871 542//871
f  489//872 542//872 490//872
f  490//873 542//873 543//873
f  490//874 543//874 491//874
f  491//875 543//875 544//875
f  491//876 544//876 492//876
f  492//877 544//877 545//877
f  492//878 545//878 493//878
f  493//879 545//879 546//879
f  493//880 546//880 494//880
f  494//881 546//881 547//881
f  494//882 547//882 495//882
f  495//883 547//883 548//883
f  495//884 548//884 496//884
f  496//885 548//885 549//885
f  496//886 549//886 497//886
f  497//887 549//887 550//887
f  497//888 550//888 498//888
f  498//889 550//889 551//889
f  498//889 551//889 499//889
f  499//890 551//890 552//890
f  499//891 552//891 500//891
f  500//892 552//892 553//892
f  500//892 553//892 501//892
f  501//893 553//893 554//893
f  501//894 554//894 502//894
f  502//895 554//895 555//895
f  502//895 555//895 503//895
f  503//896 555//896 556//896
f  503//897 556//897 504//897
f  504//898 556//898 557//898
f  504//899 557//899 505//899
f  505//900 557//900 558//900
f  505//901 558//901 506//901
f  506//902 558//902 559//902
f  506//903 559//903 507//903
f  507//904 559//904 560//904
f  507//905 560//905 508//905
f  508//906 560//906 561//906
f  508//907 561//907 509//907
f  509//908 561//908 562//908
f  509//909 562//909 510//909
f  510//910 562//910 563//910
f  510//911 563//911 511//911
f  511//912 563//912 564//912
f  511//912 564//912 512//912
f  512//913 564//913 565//913
f  512//914 565//914 513//914
f  513//915 565//915 566//915
f  513//915 566//915 514//915
f  514//916 566//916 567//916
f  514//917 567//917 515//917
f  515//918 567//918 568//918
f  515//919 568//919 516//919
f  516//920 568//920 569//920
f  516//921 569//921 517//921
f  517//922 569//922 570//922
f  517//923 570//923 518//923
f  518//924 570//924 571//924
f  518//925 571//925 519//925
f  519//926 571//926 572//926
f  519//927 572//927 520//927
f  520//928 572//928 521//928
f  572//929 573//929 521//929
f  521//930 573//930 574//930
f  521//931 574//931 522//931
f  522//932 574//932 575//932
f  522//933 575//933 523//933
f  523//934 575//934 576//934
f  523//935 576//935 524//935
f  524//936 576//936 577//936
f  524//937 577//937 525//937
f  525//938 577//938 578//938
f  525//939 578//939 526//939
f  526//940 578//940 579//940
f  526//940 579//940 527//940
f  527//941 579//941 580//941
f  527//942 580//942 528//942
f  528//943 580//943 581//943
f  528//944 581//944 529//944
f  529//945 581//945 582//945
f  529//946 582//946 530//946
f  530//947 582//947 583//947
f  530//948 583//948 531//948
f  531//949 583//949 584//949
f  531//950 584//950 532//950
f  532//951 584//951 585//951
f  532//952 585//952 533//952
f  533//953 585//953 586//953
f  533//954 586//954 534//954
f  534//955 586//955 587//955
f  534//956 587//956 535//956
f  535//957 587//957 588//957
f  535//958 588//958 536//958
f  536//959 588//959 589//959
f  536//960 589//960 537//960
f  537//961 589//961 590//961
f  537//962 590//962 538//962
f  538//963 590//963 591//963
f  538//964 591//964 539//964
f  539//965 591//965 592//965
f  539//965 592//965 540//965
f  540//966 592//966 593//966
f  540//967 593//967 541//967
f  541//968 593//968 594//968
f  541//969 594//969 542//969
f  542//970 594//970 595//970
f  542//971 595//971 543//971
f  543//972 595//972 596//972
f  543//973 596//973 544//973
f  544//974 596//974 597//974
f  544//975 597//975 545//975
f  545//976 597//976 598//976
f  545//977 598//977 546//977
f  546//978 598//978 599//978
f  546//979 599//979 547//979
f  547//980 599//980 600//980
f  547//981 600//981 548//981
f  548//982 600//982 601//982
f  548//983 601//983 549//983
f  549//984 601//984 602//984
f  549//985 602//985 550//985
f  550//986 602//986 603//986
f  550//987 603//987 551//987
f  551//988 603//988 604//988
f  551//989 604//989 552//989
f  552//990 604//990 605//990
f  552//990 605//990 553//990
f  553//991 605//991 606//991
f  553//992 606//992 554//992
f  554//993 606//993 607//993
f  554//994 607//994 555//994
f  555//995 607//995 608//995
f  555//996 608//996 556//996
f  556//997 608//997 609//997
f  556//998 609//998 557//998
f  557//999 609//999 610//999
f  557//1000 610//1000 558//1000
f  558//1001 610//1001 611//1001
f  558//1002 611//1002 559//1002
f  559//1003 611//1003 612//1003
f  559//1004 612//1004 560//1004
f  560//1005 612//1005 613//1005
f  560//1006 613//1006 561//1006
f  561//1007 613//1007 614//1007
f  561//1008 614//1008 562//1008
f  562//1009 614//1009 615//1009
f  562//1010 615//1010 563//1010
f  563//1011 615//1011 616//1011
f  563//1012 616//1012 564//1012
f  564//1013 616//1013 617//1013
f  564//1014 617//1014 565//1014
f  565//1015 617//1015 618//1015
f  565//1015 618//1015 566//1015
f  566//1016 618//1016 619//1016
f  566//1017 619//1017 567//1017
f  567//1018 619//1018 620//1018
f  567//1019 620//1019 568//1019
f  568//1020 620//1020 621//1020
f  568//1021 621//1021 569//1021
f  569//1022 621//1022 622//1022
f  569//1023 622//1023 570//1023
f  570//1024 622//1024 623//1024
f  570//1025 623//1025 571//1025
f  571//1026 623//1026 624//1026
f  571//1027 624//1027 572//1027
f  572//1028 624//1028 573//1028
f  625//1029 626//1029 623//1029
f  627//1029 574//1029 628//1029
f  628//1029 574//1029 573//1029
f  628//1029 573//1029 626//1029
f  626//1029 573//1029 624//1029
f  626//1029 624//1029 623//1029
f  629//1029 576//1029 627//1029
f  627//1029 576//1029 575//1029
f  627//1029 575//1029 574//1029
f  630//1029 599//1029 631//1029
f  631//1029 599//1029 598//1029
f  631//1029 598//1029 632//1029
f  633//1029 601//1029 630//1029
f  630//1029 601//1029 600//1029
f  630//1029 600//1029 599//1029
f  634//1029 608//1029 635//1029
f  635//1029 608//1029 607//1029
f  635//1029 607//1029 636//1029
f  637//1029 610//1029 634//1029
f  634//1029 610//1029 609//1029
f  634//1029 609//1029 608//1029
f  638//1029 583//1029 639//1029
f  639//1029 583//1029 582//1029
f  639//1029 582//1029 640//1029
f  641//1029 590//1029 642//1029
f  642//1029 590//1029 589//1029
f  642//1029 589//1029 643//1029
f  644//1029 592//1029 641//1029
f  641//1029 592//1029 591//1029
f  641//1029 591//1029 590//1029
f  645//1029 594//1029 644//1029
f  644//1029 594//1029 593//1029
f  644//1029 593//1029 592//1029
f  598//1029 597//1029 632//1029
f  632//1029 597//1029 596//1029
f  632//1029 596//1029 645//1029
f  645//1029 596//1029 595//1029
f  645//1029 595//1029 594//1029
f  646//1029 603//1029 633//1029
f  633//1029 603//1029 602//1029
f  633//1029 602//1029 601//1029
f  607//1029 606//1029 636//1029
f  636//1029 606//1029 605//1029
f  636//1029 605//1029 646//1029
f  646//1029 605//1029 604//1029
f  646//1029 604//1029 603//1029
f  647//1029 612//1029 637//1029
f  637//1029 612//1029 611//1029
f  637//1029 611//1029 610//1029
f  648//1029 617//1029 649//1029
f  649//1029 617//1029 616//1029
f  649//1029 616//1029 650//1029
f  651//1029 619//1029 648//1029
f  648//1029 619//1029 618//1029
f  648//1029 618//1029 617//1029
f  623//1029 622//1029 625//1029
f  625//1029 622//1029 621//1029
f  625//1029 621//1029 651//1029
f  651//1029 621//1029 620//1029
f  651//1029 620//1029 619//1029
f  652//1029 578//1029 629//1029
f  629//1029 578//1029 577//1029
f  629//1029 577//1029 576//1029
f  582//1029 581//1029 640//1029
f  640//1029 581//1029 580//1029
f  640//1029 580//1029 652//1029
f  652//1029 580//1029 579//1029
f  652//1029 579//1029 578//1029
f  589//1029 588//1029 643//1029
f  643//1029 588//1029 587//1029
f  643//1029 587//1029 653//1029
f  653//1029 587//1029 586//1029
f  653//1029 586//1029 654//1029
f  654//1029 586//1029 585//1029
f  654//1029 585//1029 638//1029
f  638//1029 585//1029 584//1029
f  638//1029 584//1029 583//1029
f  616//1029 615//1029 650//1029
f  650//1029 615//1029 614//1029
f  650//1029 614//1029 647//1029
f  647//1029 614//1029 613//1029
f  647//1029 613//1029 612//1029
f  655//1030 656//1030 77//1030
f  657//1030 658//1030 9//1030
f  659//1030 5//1030 658//1030
f  658//1030 5//1030 7//1030
f  658//1030 7//1030 9//1030
f  660//1030 103//1030 661//1030
f  661//1030 103//1030 1//1030
f  661//1030 1//1030 659//1030
f  659//1030 1//1030 3//1030
f  659//1030 3//1030 5//1030
f  77//1030 79//1030 655//1030
f  655//1030 79//1030 81//1030
f  655//1030 81//1030 662//1030
f  663//1030 67//1030 664//1030
f  664//1030 67//1030 69//1030
f  664//1030 69//1030 665//1030
f  666//1030 63//1030 663//1030
f  663//1030 63//1030 65//1030
f  663//1030 65//1030 67//1030
f  667//1030 49//1030 668//1030
f  668//1030 49//1030 51//1030
f  668//1030 51//1030 669//1030
f  670//1030 45//1030 667//1030
f  667//1030 45//1030 47//1030
f  667//1030 47//1030 49//1030
f  69//1030 71//1030 665//1030
f  665//1030 71//1030 73//1030
f  665//1030 73//1030 656//1030
f  656//1030 73//1030 75//1030
f  656//1030 75//1030 77//1030
f  671//1030 59//1030 666//1030
f  666//1030 59//1030 61//1030
f  666//1030 61//1030 63//1030
f  51//1030 53//1030 669//1030
f  669//1030 53//1030 55//1030
f  669//1030 55//1030 671//1030
f  671//1030 55//1030 57//1030
f  671//1030 57//1030 59//1030
f  672//1030 99//1030 660//1030
f  660//1030 99//1030 101//1030
f  660//1030 101//1030 103//1030
f  673//1030 41//1030 670//1030
f  670//1030 41//1030 43//1030
f  670//1030 43//1030 45//1030
f  674//1030 37//1030 673//1030
f  673//1030 37//1030 39//1030
f  673//1030 39//1030 41//1030
f  675//1030 31//1030 676//1030
f  676//1030 31//1030 33//1030
f  676//1030 33//1030 674//1030
f  674//1030 33//1030 35//1030
f  674//1030 35//1030 37//1030
f  677//1030 95//1030 672//1030
f  672//1030 95//1030 97//1030
f  672//1030 97//1030 99//1030
f  678//1030 91//1030 677//1030
f  677//1030 91//1030 93//1030
f  677//1030 93//1030 95//1030
f  81//1030 83//1030 662//1030
f  662//1030 83//1030 85//1030
f  662//1030 85//1030 679//1030
f  679//1030 85//1030 87//1030
f  679//1030 87//1030 678//1030
f  678//1030 87//1030 89//1030
f  678//1030 89//1030 91//1030
f  680//1030 27//1030 675//1030
f  675//1030 27//1030 29//1030
f  675//1030 29//1030 31//1030
f  681//1030 23//1030 680//1030
f  680//1030 23//1030 25//1030
f  680//1030 25//1030 27//1030
f  682//1030 17//1030 683//1030
f  683//1030 17//1030 19//1030
f  683//1030 19//1030 681//1030
f  681//1030 19//1030 21//1030
f  681//1030 21//1030 23//1030
f  9//1030 11//1030 657//1030
f  657//1030 11//1030 13//1030
f  657//1030 13//1030 682//1030
f  682//1030 13//1030 15//1030
f  682//1030 15//1030 17//1030
f  643//1031 653//1031 675//1031
f  675//1032 653//1032 654//1032
f  675//1033 654//1033 680//1033
f  680//1034 654//1034 638//1034
f  680//1035 638//1035 681//1035
f  681//1035 638//1035 639//1035
f  681//1036 639//1036 683//1036
f  683//1036 639//1036 640//1036
f  683//1037 640//1037 682//1037
f  682//1037 640//1037 652//1037
f  682//1038 652//1038 657//1038
f  657//1038 652//1038 629//1038
f  657//1039 629//1039 658//1039
f  658//1039 629//1039 627//1039
f  658//1040 627//1040 659//1040
f  659//1040 627//1040 628//1040
f  659//1041 628//1041 661//1041
f  661//1041 628//1041 626//1041
f  661//1042 626//1042 660//1042
f  660//1042 626//1042 625//1042
f  660//1043 625//1043 672//1043
f  672//1043 625//1043 651//1043
f  672//1044 651//1044 677//1044
f  677//1044 651//1044 648//1044
f  677//1045 648//1045 678//1045
f  678//1045 648//1045 649//1045
f  678//1046 649//1046 679//1046
f  679//1046 649//1046 650//1046
f  679//1047 650//1047 662//1047
f  662//1047 650//1047 647//1047
f  662//1048 647//1048 655//1048
f  655//1048 647//1048 637//1048
f  655//1049 637//1049 656//1049
f  656//1049 637//1049 634//1049
f  656//1050 634//1050 665//1050
f  665//1050 634//1050 635//1050
f  665//1051 635//1051 664//1051
f  664//1051 635//1051 636//1051
f  664//1052 636//1052 663//1052
f  663//1052 636//1052 646//1052
f  663//1053 646//1053 666//1053
f  666//1053 646//1053 633//1053
f  666//1054 633//1054 671//1054
f  671//1054 633//1054 630//1054
f  671//1055 630//1055 669//1055
f  669//1055 630//1055 631//1055
f  669//1056 631//1056 668//1056
f  668//1056 631//1056 632//1056
f  668//1057 632//1057 667//1057
f  667//1057 632//1057 645//1057
f  667//1058 645//1058 670//1058
f  670//1058 645//1058 644//1058
f  670//1059 644//1059 673//1059
f  673//1059 644//1059 641//1059
f  673//1060 641//1060 674//1060
f  674//1060 641//1060 642//1060
f  674//1061 642//1061 676//1061
f  676//1061 642//1061 643//1061
f  676//1031 643//1031 675//1031
f  684//1030 685//1030 686//1030
f  687//1030 688//1030 686//1030
f  684//1030 686//1030 689//1030
f  689//1030 686//1030 690//1030
f  689//1030 690//1030 691//1030
f  691//1030 692//1030 689//1030
f  689//1030 692//1030 693//1030
f  689//1030 693//1030 694//1030
f  694//1030 695//1030 689//1030
f  689//1030 695//1030 696//1030
f  689//1030 696//1030 697//1030
f  698//1030 699//1030 700//1030
f  685//1030 701//1030 686//1030
f  686//1030 701//1030 702//1030
f  686//1030 702//1030 703//1030
f  704//1030 705//1030 686//1030
f  686//1030 705//1030 706//1030
f  686//1030 706//1030 687//1030
f  707//1030 708//1030 709//1030
f  709//1030 708//1030 710//1030
f  707//1030 711//1030 708//1030
f  708//1030 711//1030 712//1030
f  708//1030 712//1030 713//1030
f  688//1030 714//1030 686//1030
f  686//1030 714//1030 708//1030
f  686//1030 708//1030 715//1030
f  715//1030 708//1030 713//1030
f  698//1030 700//1030 716//1030
f  697//1030 717//1030 689//1030
f  689//1030 717//1030 718//1030
f  689//1030 718//1030 719//1030
f  719//1030 718//1030 720//1030
f  703//1030 721//1030 686//1030
f  686//1030 721//1030 722//1030
f  686//1030 722//1030 704//1030
f  716//1030 700//1030 718//1030
f  718//1030 700//1030 723//1030
f  718//1030 723//1030 720//1030
f  717//1062 724//1062 725//1062
f  717//1062 725//1062 718//1062
f  718//1063 725//1063 726//1063
f  718//1063 726//1063 716//1063
f  716//1064 726//1064 727//1064
f  716//1064 727//1064 698//1064
f  698//1065 727//1065 728//1065
f  698//1065 728//1065 699//1065
f  699//1066 728//1066 729//1066
f  699//1066 729//1066 700//1066
f  700//1067 729//1067 730//1067
f  700//1067 730//1067 723//1067
f  723//1068 730//1068 731//1068
f  723//1068 731//1068 720//1068
f  720//1069 731//1069 732//1069
f  720//1069 732//1069 719//1069
f  719//1070 732//1070 733//1070
f  719//1070 733//1070 689//1070
f  689//1071 733//1071 734//1071
f  689//1071 734//1071 684//1071
f  684//1072 734//1072 735//1072
f  684//1072 735//1072 685//1072
f  685//1073 735//1073 736//1073
f  685//1073 736//1073 701//1073
f  701//1074 736//1074 737//1074
f  701//1074 737//1074 702//1074
f  702//1075 737//1075 738//1075
f  702//1075 738//1075 703//1075
f  703//1076 738//1076 739//1076
f  703//1076 739//1076 721//1076
f  721//1077 739//1077 740//1077
f  721//1077 740//1077 722//1077
f  722//1078 740//1078 741//1078
f  722//1078 741//1078 704//1078
f  704//1079 741//1079 742//1079
f  704//1079 742//1079 705//1079
f  705//1080 742//1080 743//1080
f  705//1080 743//1080 706//1080
f  706//1081 743//1081 744//1081
f  706//1081 744//1081 687//1081
f  687//1082 744//1082 745//1082
f  687//1082 745//1082 688//1082
f  688//1083 745//1083 746//1083
f  688//1083 746//1083 714//1083
f  714//1084 746//1084 747//1084
f  714//1084 747//1084 708//1084
f  708//1085 747//1085 748//1085
f  708//1085 748//1085 710//1085
f  710//1086 748//1086 749//1086
f  710//1086 749//1086 709//1086
f  709//1087 749//1087 750//1087
f  709//1087 750//1087 707//1087
f  707//1088 750//1088 751//1088
f  707//1088 751//1088 711//1088
f  711//1089 751//1089 752//1089
f  711//1089 752//1089 712//1089
f  712//1090 752//1090 753//1090
f  712//1090 753//1090 713//1090
f  713//1091 753//1091 754//1091
f  713//1091 754//1091 715//1091
f  715//1092 754//1092 755//1092
f  715//1092 755//1092 686//1092
f  686//1093 755//1093 756//1093
f  686//1093 756//1093 690//1093
f  690//1094 756//1094 757//1094
f  690//1094 757//1094 691//1094
f  691//1095 757//1095 758//1095
f  691//1095 758//1095 692//1095
f  692//1096 758//1096 759//1096
f  692//1096 759//1096 693//1096
f  693//1097 759//1097 760//1097
f  693//1097 760//1097 694//1097
f  694//1098 760//1098 761//1098
f  694//1098 761//1098 695//1098
f  695//1099 761//1099 762//1099
f  695//1099 762//1099 696//1099
f  696//1100 762//1100 763//1100
f  696//1100 763//1100 697//1100
f  697//1101 763//1101 724//1101
f  697//1101 724//1101 717//1101
f  753//1029 752//1029 745//1029
f  744//1029 743//1029 755//1029
f  758//1029 757//1029 733//1029
f  744//1029 755//1029 745//1029
f  745//1029 755//1029 754//1029
f  745//1029 754//1029 753//1029
f  735//1029 755//1029 736//1029
f  736//1029 755//1029 737//1029
f  735//1029 734//1029 755//1029
f  755//1029 734//1029 733//1029
f  755//1029 733//1029 756//1029
f  756//1029 733//1029 757//1029
f  751//1029 747//1029 752//1029
f  752//1029 747//1029 746//1029
f  752//1029 746//1029 745//1029
f  751//1029 750//1029 747//1029
f  747//1029 750//1029 749//1029
f  747//1029 749//1029 748//1029
f  743//1029 742//1029 755//1029
f  755//1029 742//1029 741//1029
f  755//1029 741//1029 740//1029
f  729//1029 728//1029 727//1029
f  731//1029 730//1029 725//1029
f  725//1029 730//1029 729//1029
f  725//1029 729//1029 726//1029
f  726//1029 729//1029 727//1029
f  724//1029 763//1029 733//1029
f  733//1029 763//1029 762//1029
f  733//1029 762//1029 761//1029
f  761//1029 760//1029 733//1029
f  733//1029 760//1029 759//1029
f  733//1029 759//1029 758//1029
f  740//1029 739//1029 755//1029
f  755//1029 739//1029 738//1029
f  755//1029 738//1029 737//1029
f  724//1029 733//1029 725//1029
f  725//1029 733//1029 732//1029
f  725//1029 732//1029 731//1029
f  764//1102 765//1102 766//1102
f  766//1103 765//1103 767//1103
f  766//1104 767//1104 768//1104
f  768//1105 767//1105 769//1105
f  768//1106 769//1106 770//1106
f  770//1106 769//1106 771//1106
f  770//1107 771//1107 772//1107
f  772//1107 771//1107 773//1107
f  772//1108 773//1108 774//1108
f  774//1108 773//1108 775//1108
f  774//1109 775//1109 776//1109
f  776//1109 775//1109 777//1109
f  776//1110 777//1110 778//1110
f  778//1110 777//1110 779//1110
f  778//1111 779//1111 780//1111
f  780//1111 779//1111 781//1111
f  780//1112 781//1112 782//1112
f  782//1112 781//1112 783//1112
f  782//1113 783//1113 784//1113
f  784//1113 783//1113 785//1113
f  784//1114 785//1114 786//1114
f  786//1114 785//1114 787//1114
f  786//1115 787//1115 788//1115
f  788//1115 787//1115 789//1115
f  788//1116 789//1116 790//1116
f  790//1116 789//1116 791//1116
f  790//1117 791//1117 792//1117
f  792//1117 791//1117 793//1117
f  792//1118 793//1118 794//1118
f  794//1118 793//1118 764//1118
f  794//1102 764//1102 766//1102
f  795//1029 796//1029 797//1029
f  798//1029 799//1029 800//1029
f  801//1029 802//1029 803//1029
f  804//1029 805//1029 806//1029
f  807//1029 808//1029 809//1029
f  810//1029 811//1029 812//1029
f  813//1029 814//1029 815//1029
f  815//1029 814//1029 816//1029
f  815//1029 816//1029 817//1029
f  817//1029 816//1029 818//1029
f  819//1029 820//1029 818//1029
f  818//1029 820//1029 821//1029
f  818//1029 821//1029 817//1029
f  817//1029 821//1029 822//1029
f  817//1029 822//1029 823//1029
f  823//1029 824//1029 817//1029
f  817//1029 824//1029 825//1029
f  817//1029 825//1029 826//1029
f  826//1029 825//1029 827//1029
f  826//1029 827//1029 828//1029
f  828//1029 827//1029 829//1029
f  828//1029 829//1029 830//1029
f  831//1029 832//1029 833//1029
f  832//1029 831//1029 834//1029
f  834//1029 831//1029 835//1029
f  834//1029 835//1029 836//1029
f  833//1029 837//1029 831//1029
f  831//1029 837//1029 838//1029
f  831//1029 838//1029 839//1029
f  839//1029 838//1029 840//1029
f  839//1029 840//1029 819//1029
f  819//1029 840//1029 841//1029
f  819//1029 841//1029 820//1029
f  830//1029 829//1029 842//1029
f  842//1029 829//1029 843//1029
f  842//1029 843//1029 844//1029
f  844//1029 843//1029 845//1029
f  844//1029 845//1029 835//1029
f  835//1029 845//1029 846//1029
f  835//1029 846//1029 836//1029
f  847//1029 848//1029 849//1029
f  849//1029 848//1029 850//1029
f  851//1029 852//1029 853//1029
f  854//1029 855//1029 856//1029
f  850//1029 857//1029 849//1029
f  849//1029 857//1029 835//1029
f  849//1029 835//1029 858//1029
f  858//1029 835//1029 831//1029
f  858//1029 831//1029 853//1029
f  853//1029 831//1029 859//1029
f  853//1029 859//1029 851//1029
f  860//1029 861//1029 852//1029
f  852//1029 861//1029 862//1029
f  852//1029 862//1029 853//1029
f  856//1029 863//1029 854//1029
f  854//1029 863//1029 864//1029
f  854//1029 864//1029 852//1029
f  852//1029 864//1029 865//1029
f  852//1029 865//1029 860//1029
f  866//1029 867//1029 868//1029
f  869//1029 870//1029 871//1029
f  868//1029 867//1029 872//1029
f  873//1029 874//1029 875//1029
f  876//1029 877//1029 878//1029
f  878//1029 877//1029 872//1029
f  878//1029 872//1029 879//1029
f  879//1029 872//1029 867//1029
f  866//1029 868//1029 870//1029
f  870//1029 868//1029 880//1029
f  870//1029 880//1029 871//1029
f  881//1029 882//1029 883//1029
f  883//1029 882//1029 873//1029
f  884//1029 856//1029 885//1029
f  885//1029 856//1029 855//1029
f  885//1029 855//1029 886//1029
f  884//1029 887//1029 856//1029
f  856//1029 887//1029 888//1029
f  856//1029 888//1029 889//1029
f  890//1029 891//1029 892//1029
f  892//1029 891//1029 893//1029
f  888//1029 894//1029 889//1029
f  889//1029 894//1029 895//1029
f  889//1029 895//1029 892//1029
f  892//1029 895//1029 896//1029
f  892//1029 896//1029 890//1029
f  897//1029 898//1029 875//1029
f  875//1029 898//1029 892//1029
f  875//1029 892//1029 873//1029
f  873//1029 892//1029 893//1029
f  873//1029 893//1029 883//1029
f  899//1029 900//1029 875//1029
f  875//1029 900//1029 901//1029
f  875//1029 901//1029 897//1029
f  803//1029 902//1029 903//1029
f  904//1029 905//1029 906//1029
f  907//1029 908//1029 909//1029
f  906//1029 905//1029 910//1029
f  911//1029 912//1029 913//1029
f  913//1029 912//1029 914//1029
f  905//1029 915//1029 910//1029
f  910//1029 915//1029 916//1029
f  910//1029 916//1029 871//1029
f  871//1029 916//1029 875//1029
f  871//1029 875//1029 869//1029
f  869//1029 875//1029 874//1029
f  899//1029 917//1029 918//1029
f  918//1029 917//1029 919//1029
f  918//1029 919//1029 920//1029
f  916//1029 921//1029 875//1029
f  875//1029 921//1029 922//1029
f  875//1029 922//1029 913//1029
f  914//1029 923//1029 913//1029
f  913//1029 923//1029 924//1029
f  913//1029 924//1029 875//1029
f  875//1029 924//1029 925//1029
f  875//1029 925//1029 899//1029
f  899//1029 925//1029 926//1029
f  899//1029 926//1029 917//1029
f  909//1029 927//1029 928//1029
f  920//1029 907//1029 918//1029
f  918//1029 907//1029 909//1029
f  918//1029 909//1029 929//1029
f  810//1029 930//1029 811//1029
f  811//1029 930//1029 931//1029
f  811//1029 931//1029 932//1029
f  909//1029 928//1029 929//1029
f  929//1029 928//1029 933//1029
f  929//1029 933//1029 810//1029
f  810//1029 933//1029 934//1029
f  810//1029 934//1029 930//1029
f  935//1029 936//1029 937//1029
f  937//1029 936//1029 938//1029
f  937//1029 938//1029 939//1029
f  939//1029 938//1029 940//1029
f  941//1029 942//1029 943//1029
f  941//1029 943//1029 944//1029
f  945//1029 946//1029 947//1029
f  946//1029 948//1029 947//1029
f  947//1029 948//1029 949//1029
f  947//1029 949//1029 950//1029
f  950//1029 949//1029 951//1029
f  950//1029 951//1029 807//1029
f  952//1029 945//1029 953//1029
f  953//1029 945//1029 947//1029
f  953//1029 947//1029 940//1029
f  940//1029 947//1029 954//1029
f  940//1029 954//1029 939//1029
f  952//1029 953//1029 955//1029
f  955//1029 953//1029 956//1029
f  955//1029 956//1029 943//1029
f  943//1029 956//1029 957//1029
f  943//1029 957//1029 944//1029
f  944//1029 957//1029 958//1029
f  944//1029 958//1029 959//1029
f  959//1029 958//1029 960//1029
f  959//1029 960//1029 796//1029
f  807//1029 809//1029 950//1029
f  950//1029 809//1029 961//1029
f  950//1029 961//1029 962//1029
f  962//1029 961//1029 963//1029
f  962//1029 963//1029 964//1029
f  965//1029 966//1029 967//1029
f  967//1029 966//1029 968//1029
f  967//1029 968//1029 969//1029
f  970//1029 971//1029 972//1029
f  972//1029 971//1029 973//1029
f  972//1029 973//1029 974//1029
f  974//1029 973//1029 965//1029
f  974//1029 965//1029 975//1029
f  975//1029 965//1029 967//1029
f  964//1029 976//1029 962//1029
f  962//1029 976//1029 977//1029
f  962//1029 977//1029 970//1029
f  970//1029 977//1029 978//1029
f  970//1029 978//1029 971//1029
f  979//1029 980//1029 981//1029
f  981//1029 980//1029 982//1029
f  983//1029 984//1029 967//1029
f  967//1029 984//1029 985//1029
f  967//1029 985//1029 975//1029
f  975//1029 985//1029 986//1029
f  975//1029 986//1029 987//1029
f  987//1029 986//1029 988//1029
f  987//1029 988//1029 989//1029
f  989//1029 988//1029 990//1029
f  989//1029 990//1029 982//1029
f  982//1029 990//1029 991//1029
f  982//1029 991//1029 981//1029
f  805//1029 992//1029 806//1029
f  806//1029 992//1029 993//1029
f  806//1029 993//1029 994//1029
f  979//1029 804//1029 980//1029
f  980//1029 804//1029 806//1029
f  980//1029 806//1029 995//1029
f  995//1029 806//1029 994//1029
f  995//1029 994//1029 996//1029
f  819//1029 997//1029 998//1029
f  819//1029 998//1029 839//1029
f  839//1029 998//1029 999//1029
f  839//1029 999//1029 1000//1029
f  1000//1029 1001//1029 1002//1029
f  1002//1029 1001//1029 1003//1029
f  1002//1029 1003//1029 1004//1029
f  1005//1029 1006//1029 1007//1029
f  1007//1029 1006//1029 1008//1029
f  1007//1029 1008//1029 996//1029
f  996//1029 1008//1029 1009//1029
f  996//1029 1009//1029 995//1029
f  997//1029 819//1029 1007//1029
f  1007//1029 819//1029 1010//1029
f  1007//1029 1010//1029 1005//1029
f  1011//1029 1012//1029 811//1029
f  1013//1029 1014//1029 797//1029
f  1015//1029 1016//1029 1017//1029
f  937//1029 1018//1029 935//1029
f  935//1029 1018//1029 812//1029
f  935//1029 812//1029 1019//1029
f  1019//1029 812//1029 811//1029
f  1019//1029 811//1029 1020//1029
f  1020//1029 811//1029 1012//1029
f  960//1029 1021//1029 796//1029
f  796//1029 1021//1029 1022//1029
f  796//1029 1022//1029 797//1029
f  797//1029 1022//1029 1023//1029
f  797//1029 1023//1029 1013//1029
f  798//1029 1024//1029 799//1029
f  799//1029 1024//1029 1025//1029
f  799//1029 1025//1029 1026//1029
f  1026//1029 1025//1029 1027//1029
f  1017//1029 1028//1029 1015//1029
f  1015//1029 1028//1029 1011//1029
f  1015//1029 1011//1029 1025//1029
f  1025//1029 1011//1029 811//1029
f  1025//1029 811//1029 1027//1029
f  1027//1029 811//1029 932//1029
f  1002//1029 1029//1029 1030//1029
f  1002//1029 1031//1029 1032//1029
f  1000//1029 1002//1029 839//1029
f  839//1029 1002//1029 1032//1029
f  839//1029 1032//1029 831//1029
f  831//1029 1032//1029 1033//1029
f  831//1029 1033//1029 859//1029
f  1031//1029 1002//1029 1034//1029
f  1034//1029 1002//1029 1030//1029
f  1034//1029 1030//1029 1035//1029
f  877//1029 1036//1029 872//1029
f  872//1029 1036//1029 1037//1029
f  872//1029 1037//1029 1038//1029
f  1037//1029 1039//1029 1038//1029
f  1038//1029 1039//1029 1040//1029
f  1038//1029 1040//1029 1041//1029
f  1002//1029 1042//1029 1043//1029
f  1040//1029 1044//1029 1041//1029
f  1041//1029 1044//1029 1045//1029
f  1041//1029 1045//1029 1043//1029
f  1043//1029 1045//1029 1046//1029
f  1043//1029 1046//1029 1002//1029
f  1002//1029 1046//1029 1047//1029
f  1002//1029 1047//1029 1029//1029
f  1029//1029 1047//1029 1048//1029
f  1029//1029 1048//1029 1049//1029
f  1050//1029 1051//1029 1052//1029
f  1053//1029 1054//1029 1055//1029
f  1052//1029 1051//1029 1056//1029
f  903//1029 904//1029 803//1029
f  803//1029 904//1029 906//1029
f  803//1029 906//1029 801//1029
f  801//1029 906//1029 1056//1029
f  801//1029 1056//1029 1057//1029
f  1057//1029 1056//1029 1051//1029
f  1055//1029 1054//1029 1016//1029
f  1050//1029 1052//1029 1055//1029
f  1055//1029 1052//1029 1058//1029
f  1055//1029 1058//1029 1053//1029
f  1059//1029 967//1029 1060//1029
f  1060//1029 967//1029 969//1029
f  1060//1029 969//1029 1061//1029
f  1062//1029 1063//1029 1064//1029
f  1064//1029 1063//1029 1065//1029
f  1062//1029 1066//1029 1063//1029
f  1063//1029 1066//1029 1067//1029
f  1063//1029 1067//1029 1068//1029
f  1065//1029 1069//1029 1064//1029
f  1064//1029 1069//1029 1070//1029
f  1064//1029 1070//1029 1071//1029
f  1071//1029 1070//1029 1072//1029
f  1071//1029 1072//1029 1073//1029
f  1073//1029 1072//1029 1074//1029
f  1073//1029 1074//1029 1075//1029
f  1075//1029 1074//1029 1076//1029
f  1075//1029 1076//1029 1077//1029
f  1065//1029 1078//1029 1069//1029
f  1069//1029 1078//1029 1079//1029
f  1069//1029 1079//1029 1080//1029
f  1080//1029 1079//1029 795//1029
f  1080//1029 795//1029 1054//1029
f  1054//1029 795//1029 797//1029
f  1054//1029 797//1029 1016//1029
f  1016//1029 797//1029 1014//1029
f  1016//1029 1014//1029 1017//1029
f  1081//1029 1082//1029 1002//1029
f  1083//1029 1084//1029 1085//1029
f  1085//1029 1084//1029 1086//1029
f  1085//1029 1086//1029 1087//1029
f  1088//1029 1089//1029 1085//1029
f  1085//1029 1089//1029 1090//1029
f  1085//1029 1090//1029 1083//1029
f  1002//1029 1082//1029 1042//1029
f  1042//1029 1082//1029 1091//1029
f  1042//1029 1091//1029 1092//1029
f  1092//1029 1091//1029 1093//1029
f  1092//1029 1093//1029 1089//1029
f  1089//1029 1093//1029 1094//1029
f  1089//1029 1094//1029 1090//1029
f  1095//1029 1096//1029 967//1029
f  967//1029 1096//1029 1097//1029
f  967//1029 1097//1029 983//1029
f  983//1029 1097//1029 1098//1029
f  983//1029 1098//1029 1099//1029
f  1081//1029 1002//1029 1100//1029
f  1100//1029 1002//1029 1004//1029
f  1100//1029 1004//1029 1101//1029
f  1085//1029 1102//1029 1088//1029
f  1088//1029 1102//1029 1103//1029
f  1088//1029 1103//1029 1104//1029
f  1104//1029 1103//1029 1105//1029
f  1104//1029 1105//1029 1106//1029
f  1106//1029 1105//1029 1095//1029
f  1106//1029 1095//1029 1076//1029
f  1076//1029 1095//1029 967//1029
f  1076//1029 967//1029 1077//1029
f  1077//1029 967//1029 1059//1029
f  1107//1119 1108//1119 1109//1119
f  1109//1119 1108//1119 1110//1119
f  1109//1120 1110//1120 1111//1120
f  1111//1120 1110//1120 1112//1120
f  1111//1121 1112//1121 1113//1121
f  1112//1121 1114//1121 1113//1121
f  1113//1122 1114//1122 1115//1122
f  1113//1123 1115//1123 1116//1123
f  1116//1124 1115//1124 1117//1124
f  1116//1125 1117//1125 1118//1125
f  1117//1125 1119//1125 1118//1125
f  1118//1126 1119//1126 1120//1126
f  1118//1127 1120//1127 1121//1127
f  1121//1128 1120//1128 1122//1128
f  1121//1129 1122//1129 1123//1129
f  1123//1129 1122//1129 1124//1129
f  1123//1130 1124//1130 1125//1130
f  1125//1130 1124//1130 1126//1130
f  1125//1131 1126//1131 1127//1131
f  1127//1131 1126//1131 1128//1131
f  1127//1132 1128//1132 1129//1132
f  1129//1132 1128//1132 1130//1132
f  1129//1133 1130//1133 1131//1133
f  1131//1133 1130//1133 1132//1133
f  1131//1134 1132//1134 1107//1134
f  1107//1135 1132//1135 1133//1135
f  1107//1136 1133//1136 1108//1136
f  1108//1136 1133//1136 1134//1136
f  1108//1137 1134//1137 1135//1137
f  1135//1138 1134//1138 1136//1138
f  1135//1133 1136//1133 1137//1133
f  1137//1133 1136//1133 1138//1133
f  1137//1132 1138//1132 1139//1132
f  1139//1132 1138//1132 1140//1132
f  1139//1131 1140//1131 1141//1131
f  1141//1131 1140//1131 1142//1131
f  1141//1130 1142//1130 1143//1130
f  1143//1130 1142//1130 1144//1130
f  1143//1129 1144//1129 1145//1129
f  1145//1129 1144//1129 1146//1129
f  1145//1139 1146//1139 1119//1139
f  1119//1140 1146//1140 1147//1140
f  1119//1126 1147//1126 1120//1126
f  1148//1141 1149//1141 1150//1141
f  1150//1142 1149//1142 1151//1142
f  1150//1120 1151//1120 1152//1120
f  1152//1120 1151//1120 1153//1120
f  1152//1143 1153//1143 1154//1143
f  1154//1143 1153//1143 1155//1143
f  1154//1144 1155//1144 1156//1144
f  1156//1144 1155//1144 1157//1144
f  1156//1133 1157//1133 1158//1133
f  1158//1133 1157//1133 1159//1133
f  1158//1132 1159//1132 1160//1132
f  1160//1132 1159//1132 1161//1132
f  1160//1145 1161//1145 1162//1145
f  1162//1146 1161//1146 1163//1146
f  1164//1147 1165//1147 1166//1147
f  1166//1131 1165//1131 1167//1131
f  1166//1132 1167//1132 1168//1132
f  1168//1132 1167//1132 1169//1132
f  1168//1133 1169//1133 1170//1133
f  1170//1133 1169//1133 1171//1133
f  1170//1144 1171//1144 1172//1144
f  1172//1144 1171//1144 1173//1144
f  1172//1143 1173//1143 1174//1143
f  1174//1143 1173//1143 1175//1143
f  1174//1120 1175//1120 1176//1120
f  1176//1120 1175//1120 1177//1120
f  1176//1148 1177//1148 1178//1148
f  1178//1149 1177//1149 1179//1149
f  1164//1150 1162//1150 1165//1150
f  1165//1150 1162//1150 1163//1150
f  1165//1151 1163//1151 1180//1151
f  1180//1151 1163//1151 1181//1151
f  1180//1152 1181//1152 1182//1152
f  1182//1152 1181//1152 1183//1152
f  1182//1139 1183//1139 1184//1139
f  1184//1139 1183//1139 1185//1139
f  1184//1125 1185//1125 1186//1125
f  1186//1125 1185//1125 1187//1125
f  1186//1124 1187//1124 1188//1124
f  1188//1153 1187//1153 1149//1153
f  1188//1154 1149//1154 1179//1154
f  1179//1155 1149//1155 1148//1155
f  1179//1155 1148//1155 1178//1155
f  1189//1156 1190//1156 1191//1156
f  1189//1156 1191//1156 1192//1156
f  1192//1157 1191//1157 1193//1157
f  1192//1157 1193//1157 1194//1157
f  1194//1158 1193//1158 1195//1158
f  1194//1158 1195//1158 1196//1158
f  1196//1159 1195//1159 1197//1159
f  1196//1159 1197//1159 1198//1159
f  980//1160 995//1160 1199//1160
f  1199//1161 995//1161 1200//1161
f  1199//1162 1200//1162 1201//1162
f  856//1163 1202//1163 863//1163
f  863//1164 1202//1164 1203//1164
f  863//1165 1203//1165 1204//1165
f  1204//1166 1203//1166 1205//1166
f  889//1167 892//1167 1206//1167
f  1206//1168 1207//1168 889//1168
f  889//1169 1207//1169 1208//1169
f  889//1170 1208//1170 856//1170
f  856//1171 1208//1171 1209//1171
f  856//1172 1209//1172 1202//1172
f  898//1173 897//1173 1210//1173
f  1210//1174 1211//1174 898//1174
f  898//1175 1211//1175 1212//1175
f  898//1176 1212//1176 892//1176
f  892//1177 1212//1177 1213//1177
f  892//1178 1213//1178 1206//1178
f  901//1179 900//1179 1214//1179
f  1214//1180 1215//1180 901//1180
f  901//1181 1215//1181 1216//1181
f  901//1182 1216//1182 897//1182
f  897//1183 1216//1183 1217//1183
f  897//1184 1217//1184 1210//1184
f  899//1185 918//1185 1218//1185
f  1218//1186 1219//1186 899//1186
f  899//1187 1219//1187 1220//1187
f  899//1188 1220//1188 900//1188
f  900//1189 1220//1189 1221//1189
f  900//1190 1221//1190 1214//1190
f  929//1191 810//1191 1222//1191
f  1222//1192 1223//1192 929//1192
f  929//1193 1223//1193 1224//1193
f  929//1194 1224//1194 918//1194
f  918//1195 1224//1195 1225//1195
f  918//1196 1225//1196 1218//1196
f  1018//1197 1226//1197 812//1197
f  812//1198 1226//1198 1227//1198
f  812//1199 1227//1199 810//1199
f  810//1200 1227//1200 1228//1200
f  810//1201 1228//1201 1222//1201
f  937//1202 1229//1202 1018//1202
f  1018//1203 1229//1203 1230//1203
f  1018//1204 1230//1204 1226//1204
f  939//1205 1231//1205 937//1205
f  937//1206 1231//1206 1232//1206
f  937//1207 1232//1207 1229//1207
f  954//1208 1233//1208 939//1208
f  939//1209 1233//1209 1234//1209
f  939//1210 1234//1210 1231//1210
f  947//1211 1235//1211 954//1211
f  954//1212 1235//1212 1236//1212
f  954//1213 1236//1213 1233//1213
f  950//1214 1237//1214 947//1214
f  947//1215 1237//1215 1238//1215
f  947//1216 1238//1216 1235//1216
f  962//1217 1239//1217 950//1217
f  950//1218 1239//1218 1240//1218
f  950//1219 1240//1219 1237//1219
f  970//1220 1241//1220 962//1220
f  962//1221 1241//1221 1242//1221
f  962//1222 1242//1222 1239//1222
f  972//1223 1243//1223 970//1223
f  970//1224 1243//1224 1244//1224
f  970//1225 1244//1225 1241//1225
f  974//1226 1245//1226 972//1226
f  972//1227 1245//1227 1246//1227
f  972//1228 1246//1228 1243//1228
f  975//1229 1247//1229 974//1229
f  974//1230 1247//1230 1248//1230
f  974//1231 1248//1231 1245//1231
f  987//1232 1249//1232 975//1232
f  975//1233 1249//1233 1250//1233
f  975//1234 1250//1234 1247//1234
f  989//1235 1251//1235 987//1235
f  987//1236 1251//1236 1252//1236
f  987//1237 1252//1237 1249//1237
f  982//1238 1253//1238 989//1238
f  989//1239 1253//1239 1254//1239
f  989//1240 1254//1240 1251//1240
f  1199//1241 1255//1241 980//1241
f  980//1242 1255//1242 1256//1242
f  980//1243 1256//1243 982//1243
f  982//1244 1256//1244 1257//1244
f  982//1245 1257//1245 1253//1245
f  1258//1030 1259//1030 1260//1030
f  1261//1030 1262//1030 1263//1030
f  1264//1030 1265//1030 1266//1030
f  1258//1030 1260//1030 1267//1030
f  1268//1030 1269//1030 1270//1030
f  1270//1030 1269//1030 1264//1030
f  1270//1030 1264//1030 1271//1030
f  1271//1030 1264//1030 1266//1030
f  1259//1030 1258//1030 1272//1030
f  1272//1030 1258//1030 1273//1030
f  1272//1030 1273//1030 1274//1030
f  1274//1030 1273//1030 1275//1030
f  1274//1030 1275//1030 1276//1030
f  1276//1030 1275//1030 1277//1030
f  1276//1030 1277//1030 1278//1030
f  1278//1030 1277//1030 1279//1030
f  1278//1030 1279//1030 1268//1030
f  1268//1030 1279//1030 1280//1030
f  1268//1030 1280//1030 1269//1030
f  1281//1030 1282//1030 1283//1030
f  782//1030 1284//1030 1285//1030
f  1286//1030 1287//1030 1288//1030
f  1288//1030 1287//1030 1289//1030
f  1288//1030 1289//1030 1290//1030
f  1290//1030 1289//1030 1291//1030
f  1290//1030 1291//1030 1292//1030
f  1292//1030 1291//1030 1293//1030
f  1292//1030 1293//1030 1294//1030
f  1281//1030 1283//1030 1263//1030
f  1295//1030 1296//1030 1297//1030
f  1297//1030 1296//1030 1298//1030
f  1299//1030 772//1030 774//1030
f  1282//1030 1281//1030 1300//1030
f  1300//1030 1281//1030 1301//1030
f  1300//1030 1301//1030 1302//1030
f  1302//1030 1301//1030 1303//1030
f  1302//1030 1303//1030 1304//1030
f  1304//1030 1303//1030 1305//1030
f  1304//1030 1305//1030 1306//1030
f  1306//1030 1305//1030 1307//1030
f  1306//1030 1307//1030 1308//1030
f  1308//1030 1307//1030 1309//1030
f  1309//1030 1307//1030 1310//1030
f  1309//1030 1310//1030 1311//1030
f  1312//1030 1313//1030 1314//1030
f  1315//1030 1316//1030 1317//1030
f  1318//1030 1319//1030 782//1030
f  782//1030 1319//1030 1320//1030
f  774//1030 776//1030 1299//1030
f  1299//1030 776//1030 778//1030
f  1299//1030 778//1030 1321//1030
f  1321//1030 778//1030 780//1030
f  1299//1030 1281//1030 772//1030
f  772//1030 1281//1030 1263//1030
f  772//1030 1263//1030 770//1030
f  770//1030 1263//1030 1197//1030
f  770//1030 1197//1030 768//1030
f  1322//1030 1261//1030 1323//1030
f  1323//1030 1261//1030 1263//1030
f  1323//1030 1263//1030 1324//1030
f  1324//1030 1263//1030 1283//1030
f  1325//1030 1326//1030 1327//1030
f  1327//1030 1326//1030 1328//1030
f  1327//1030 1328//1030 1329//1030
f  1329//1030 1328//1030 1330//1030
f  1329//1030 1330//1030 1331//1030
f  1316//1030 1315//1030 1285//1030
f  1285//1030 1315//1030 1332//1030
f  1285//1030 1332//1030 782//1030
f  782//1030 1332//1030 1333//1030
f  782//1030 1333//1030 1318//1030
f  780//1030 782//1030 1321//1030
f  1321//1030 782//1030 1320//1030
f  1321//1030 1320//1030 1325//1030
f  1325//1030 1320//1030 1334//1030
f  1325//1030 1334//1030 1326//1030
f  1335//1030 1336//1030 1337//1030
f  1337//1030 1336//1030 1338//1030
f  1337//1030 1338//1030 1339//1030
f  1339//1030 1338//1030 1340//1030
f  1339//1030 1340//1030 1295//1030
f  1293//1030 1341//1030 1294//1030
f  1294//1030 1341//1030 1342//1030
f  1294//1030 1342//1030 1343//1030
f  1343//1030 1342//1030 1344//1030
f  1343//1030 1344//1030 1345//1030
f  1345//1030 1344//1030 1346//1030
f  1345//1030 1346//1030 1347//1030
f  1348//1030 1349//1030 1350//1030
f  1350//1030 1349//1030 1351//1030
f  1350//1030 1351//1030 1286//1030
f  1286//1030 1351//1030 1352//1030
f  1286//1030 1352//1030 1287//1030
f  1353//1030 1354//1030 1355//1030
f  1355//1030 1354//1030 1356//1030
f  1355//1030 1356//1030 1357//1030
f  1357//1030 1356//1030 1312//1030
f  1357//1030 1312//1030 1358//1030
f  1358//1030 1312//1030 1314//1030
f  1265//1030 1359//1030 1266//1030
f  1266//1030 1359//1030 1360//1030
f  1266//1030 1360//1030 1361//1030
f  1317//1030 1296//1030 1315//1030
f  1315//1030 1296//1030 1295//1030
f  1315//1030 1295//1030 1362//1030
f  1362//1030 1295//1030 1340//1030
f  1363//1030 1364//1030 1365//1030
f  788//1030 1286//1030 786//1030
f  786//1030 1286//1030 1288//1030
f  786//1030 1288//1030 784//1030
f  784//1030 1288//1030 1366//1030
f  784//1030 1366//1030 782//1030
f  782//1030 1366//1030 1367//1030
f  782//1030 1367//1030 1284//1030
f  1197//1030 1195//1030 768//1030
f  768//1030 1195//1030 1193//1030
f  768//1030 1193//1030 766//1030
f  766//1030 1193//1030 1191//1030
f  766//1030 1191//1030 794//1030
f  794//1030 1191//1030 1190//1030
f  794//1030 1190//1030 792//1030
f  792//1030 1190//1030 1286//1030
f  792//1030 1286//1030 790//1030
f  790//1030 1286//1030 788//1030
f  1330//1030 1368//1030 1331//1030
f  1331//1030 1368//1030 1353//1030
f  1331//1030 1353//1030 1369//1030
f  1369//1030 1353//1030 1355//1030
f  1369//1030 1355//1030 1310//1030
f  1310//1030 1355//1030 1370//1030
f  1310//1030 1370//1030 1311//1030
f  1311//1030 1370//1030 1371//1030
f  1311//1030 1371//1030 1372//1030
f  1372//1030 1371//1030 1373//1030
f  1372//1030 1373//1030 1359//1030
f  1359//1030 1373//1030 1374//1030
f  1359//1030 1374//1030 1360//1030
f  1260//1030 1363//1030 1267//1030
f  1267//1030 1363//1030 1365//1030
f  1267//1030 1365//1030 1375//1030
f  1375//1030 1365//1030 1376//1030
f  1375//1030 1376//1030 1377//1030
f  1377//1030 1376//1030 1378//1030
f  1377//1030 1378//1030 1347//1030
f  1347//1030 1378//1030 1298//1030
f  1347//1030 1298//1030 1345//1030
f  1345//1030 1298//1030 1296//1030
f  1379//1246 1099//1246 1380//1246
f  1380//1246 1099//1246 1098//1246
f  1380//1247 1098//1247 1381//1247
f  1381//1247 1098//1247 1097//1247
f  1381//1248 1097//1248 1382//1248
f  1382//1248 1097//1248 1096//1248
f  1382//1249 1096//1249 1383//1249
f  1383//1249 1096//1249 1095//1249
f  1383//1250 1095//1250 1384//1250
f  1384//1250 1095//1250 1105//1250
f  1384//1251 1105//1251 1385//1251
f  1385//1251 1105//1251 1103//1251
f  1385//1252 1103//1252 1386//1252
f  1386//1252 1103//1252 1102//1252
f  1386//1253 1102//1253 1387//1253
f  1387//1253 1102//1253 1085//1253
f  1387//1254 1085//1254 1388//1254
f  1388//1254 1085//1254 1087//1254
f  1379//1255 1389//1255 1099//1255
f  1099//1255 1389//1255 983//1255
f  1390//1256 805//1256 1391//1256
f  1391//1256 805//1256 804//1256
f  1391//1257 804//1257 1392//1257
f  1392//1257 804//1257 979//1257
f  1392//1258 979//1258 1393//1258
f  1393//1258 979//1258 981//1258
f  1393//1259 981//1259 1394//1259
f  1394//1259 981//1259 991//1259
f  1394//1260 991//1260 1395//1260
f  1395//1260 991//1260 990//1260
f  1395//1261 990//1261 1396//1261
f  1396//1261 990//1261 988//1261
f  1396//1262 988//1262 1397//1262
f  1397//1262 988//1262 986//1262
f  1397//1263 986//1263 1398//1263
f  1398//1263 986//1263 985//1263
f  1398//1264 985//1264 1399//1264
f  1399//1264 985//1264 984//1264
f  1399//1265 984//1265 1389//1265
f  1389//1265 984//1265 983//1265
f  1400//1266 993//1266 1401//1266
f  1401//1266 993//1266 992//1266
f  1401//1267 992//1267 1390//1267
f  1390//1267 992//1267 805//1267
f  1402//1268 1004//1268 1403//1268
f  1403//1268 1004//1268 1003//1268
f  1403//1269 1003//1269 1404//1269
f  1404//1269 1003//1269 1001//1269
f  1404//1270 1001//1270 1405//1270
f  1405//1270 1001//1270 1000//1270
f  1405//1271 1000//1271 1406//1271
f  1406//1271 1000//1271 999//1271
f  1406//1272 999//1272 1407//1272
f  1407//1272 999//1272 998//1272
f  1407//1273 998//1273 1408//1273
f  1408//1273 998//1273 997//1273
f  1408//1274 997//1274 1409//1274
f  1409//1274 997//1274 1007//1274
f  1409//1275 1007//1275 1410//1275
f  1410//1275 1007//1275 996//1275
f  1410//1276 996//1276 1411//1276
f  1411//1276 996//1276 994//1276
f  1411//1277 994//1277 1400//1277
f  1400//1277 994//1277 993//1277
f  1101//1278 1004//1278 1412//1278
f  1412//1278 1004//1278 1402//1278
f  1413//1279 1084//1279 1414//1279
f  1414//1279 1084//1279 1083//1279
f  1414//1280 1083//1280 1415//1280
f  1415//1280 1083//1280 1090//1280
f  1415//1281 1090//1281 1416//1281
f  1416//1281 1090//1281 1094//1281
f  1416//1282 1094//1282 1417//1282
f  1417//1282 1094//1282 1093//1282
f  1417//1283 1093//1283 1418//1283
f  1418//1283 1093//1283 1091//1283
f  1418//1284 1091//1284 1419//1284
f  1419//1284 1091//1284 1082//1284
f  1419//1285 1082//1285 1420//1285
f  1420//1285 1082//1285 1081//1285
f  1420//1286 1081//1286 1421//1286
f  1421//1286 1081//1286 1100//1286
f  1421//1287 1100//1287 1412//1287
f  1412//1287 1100//1287 1101//1287
f  1388//1288 1087//1288 1086//1288
f  1388//1288 1086//1288 1422//1288
f  1422//1289 1086//1289 1084//1289
f  1422//1289 1084//1289 1413//1289
f  1423//1290 1066//1290 1424//1290
f  1424//1290 1066//1290 1062//1290
f  1424//1291 1062//1291 1425//1291
f  1425//1291 1062//1291 1064//1291
f  1425//1292 1064//1292 1426//1292
f  1426//1292 1064//1292 1071//1292
f  1426//1293 1071//1293 1427//1293
f  1427//1293 1071//1293 1073//1293
f  1427//1294 1073//1294 1428//1294
f  1428//1294 1073//1294 1075//1294
f  1428//1295 1075//1295 1429//1295
f  1429//1295 1075//1295 1077//1295
f  1429//1296 1077//1296 1430//1296
f  1430//1296 1077//1296 1059//1296
f  1430//1297 1059//1297 1431//1297
f  1431//1297 1059//1297 1060//1297
f  1431//1298 1060//1298 1432//1298
f  1432//1298 1060//1298 1061//1298
f  1433//1299 1068//1299 1067//1299
f  1433//1299 1067//1299 1434//1299
f  1434//1300 1067//1300 1066//1300
f  1434//1300 1066//1300 1423//1300
f  1435//1301 941//1301 1436//1301
f  1436//1301 941//1301 944//1301
f  1436//1302 944//1302 1437//1302
f  1437//1302 944//1302 959//1302
f  1437//1303 959//1303 1438//1303
f  1438//1303 959//1303 796//1303
f  1438//1304 796//1304 1439//1304
f  1439//1304 796//1304 795//1304
f  1439//1305 795//1305 1440//1305
f  1440//1305 795//1305 1079//1305
f  1440//1306 1079//1306 1441//1306
f  1441//1306 1079//1306 1078//1306
f  1441//1307 1078//1307 1442//1307
f  1442//1307 1078//1307 1065//1307
f  1442//1308 1065//1308 1443//1308
f  1443//1308 1065//1308 1063//1308
f  1443//1309 1063//1309 1433//1309
f  1433//1309 1063//1309 1068//1309
f  942//1310 941//1310 1444//1310
f  1444//1310 941//1310 1435//1310
f  1445//1311 808//1311 1446//1311
f  1446//1311 808//1311 807//1311
f  1446//1312 807//1312 1447//1312
f  1447//1312 807//1312 951//1312
f  1447//1313 951//1313 1448//1313
f  1448//1313 951//1313 949//1313
f  1448//1314 949//1314 1449//1314
f  1449//1314 949//1314 948//1314
f  1449//1315 948//1315 1450//1315
f  1450//1315 948//1315 946//1315
f  1450//1316 946//1316 1451//1316
f  1451//1316 946//1316 945//1316
f  1451//1317 945//1317 1452//1317
f  1452//1317 945//1317 952//1317
f  1452//1318 952//1318 1453//1318
f  1453//1318 952//1318 955//1318
f  1453//1319 955//1319 1454//1319
f  1454//1319 955//1319 943//1319
f  1454//1320 943//1320 1444//1320
f  1444//1320 943//1320 942//1320
f  808//1321 1445//1321 809//1321
f  809//1321 1445//1321 1455//1321
f  809//1322 1455//1322 961//1322
f  961//1323 1455//1323 1456//1323
f  961//1324 1456//1324 963//1324
f  1457//1325 969//1325 1458//1325
f  1458//1325 969//1325 968//1325
f  1458//1326 968//1326 1459//1326
f  1459//1326 968//1326 966//1326
f  1459//1327 966//1327 1460//1327
f  1460//1327 966//1327 965//1327
f  1460//1328 965//1328 1461//1328
f  1461//1328 965//1328 973//1328
f  1461//1329 973//1329 1462//1329
f  1462//1329 973//1329 971//1329
f  1462//1330 971//1330 1463//1330
f  1463//1330 971//1330 978//1330
f  1463//1331 978//1331 1464//1331
f  1464//1331 978//1331 977//1331
f  1464//1332 977//1332 1465//1332
f  1465//1332 977//1332 976//1332
f  1465//1333 976//1333 1466//1333
f  1466//1333 976//1333 964//1333
f  1466//1334 964//1334 1456//1334
f  1456//1334 964//1334 963//1334
f  1061//1335 969//1335 1432//1335
f  1432//1335 969//1335 1457//1335
f  1467//1336 800//1336 1468//1336
f  1468//1336 800//1336 799//1336
f  1468//1337 799//1337 1469//1337
f  1469//1337 799//1337 1026//1337
f  1469//1338 1026//1338 1470//1338
f  1470//1338 1026//1338 1027//1338
f  1470//1339 1027//1339 1471//1339
f  1471//1339 1027//1339 932//1339
f  1471//1340 932//1340 1472//1340
f  1472//1340 932//1340 931//1340
f  1472//1341 931//1341 1473//1341
f  1473//1341 931//1341 930//1341
f  1473//1342 930//1342 1474//1342
f  1474//1342 930//1342 934//1342
f  1474//1343 934//1343 1475//1343
f  1475//1343 934//1343 933//1343
f  1475//1344 933//1344 1476//1344
f  1476//1344 933//1344 928//1344
f  1476//1345 928//1345 1477//1345
f  1477//1345 928//1345 927//1345
f  800//1346 1467//1346 798//1346
f  798//1347 1467//1347 1478//1347
f  798//1348 1478//1348 1024//1348
f  1479//1349 802//1349 1480//1349
f  1480//1349 802//1349 801//1349
f  1480//1350 801//1350 1481//1350
f  1481//1350 801//1350 1057//1350
f  1481//1351 1057//1351 1482//1351
f  1482//1351 1057//1351 1051//1351
f  1482//1352 1051//1352 1483//1352
f  1483//1352 1051//1352 1050//1352
f  1483//1353 1050//1353 1484//1353
f  1484//1353 1050//1353 1055//1353
f  1484//1354 1055//1354 1485//1354
f  1485//1354 1055//1354 1016//1354
f  1485//1355 1016//1355 1486//1355
f  1486//1355 1016//1355 1015//1355
f  1486//1356 1015//1356 1487//1356
f  1487//1356 1015//1356 1025//1356
f  1487//1357 1025//1357 1478//1357
f  1478//1357 1025//1357 1024//1357
f  1488//1358 902//1358 803//1358
f  1488//1358 803//1358 1489//1358
f  1489//1359 803//1359 802//1359
f  1489//1359 802//1359 1479//1359
f  1490//1360 911//1360 1491//1360
f  1491//1360 911//1360 913//1360
f  1491//1361 913//1361 1492//1361
f  1492//1361 913//1361 922//1361
f  1492//1362 922//1362 1493//1362
f  1493//1362 922//1362 921//1362
f  1493//1363 921//1363 1494//1363
f  1494//1363 921//1363 916//1363
f  1494//1364 916//1364 1495//1364
f  1495//1364 916//1364 915//1364
f  1495//1365 915//1365 1496//1365
f  1496//1365 915//1365 905//1365
f  1496//1366 905//1366 1497//1366
f  1497//1366 905//1366 904//1366
f  1497//1367 904//1367 1498//1367
f  1498//1367 904//1367 903//1367
f  1498//1368 903//1368 1488//1368
f  1488//1368 903//1368 902//1368
f  1490//1369 1499//1369 911//1369
f  911//1369 1499//1369 912//1369
f  1500//1370 908//1370 1501//1370
f  1501//1370 908//1370 907//1370
f  1501//1371 907//1371 1502//1371
f  1502//1371 907//1371 920//1371
f  1502//1372 920//1372 1503//1372
f  1503//1372 920//1372 919//1372
f  1503//1373 919//1373 1504//1373
f  1504//1373 919//1373 917//1373
f  1504//1374 917//1374 1505//1374
f  1505//1374 917//1374 926//1374
f  1505//1375 926//1375 1506//1375
f  1506//1375 926//1375 925//1375
f  1506//1376 925//1376 1507//1376
f  1507//1376 925//1376 924//1376
f  1507//1377 924//1377 1508//1377
f  1508//1377 924//1377 923//1377
f  1508//1378 923//1378 1509//1378
f  1509//1378 923//1378 914//1378
f  1509//1379 914//1379 1499//1379
f  1499//1379 914//1379 912//1379
f  1477//1380 927//1380 1510//1380
f  1510//1380 927//1380 909//1380
f  1510//1381 909//1381 1500//1381
f  1500//1381 909//1381 908//1381
f  1511//1382 881//1382 1512//1382
f  1512//1382 881//1382 883//1382
f  1512//1383 883//1383 1513//1383
f  1513//1383 883//1383 893//1383
f  1513//1384 893//1384 1514//1384
f  1514//1384 893//1384 891//1384
f  1514//1385 891//1385 1515//1385
f  1515//1385 891//1385 890//1385
f  1515//1386 890//1386 1516//1386
f  1516//1386 890//1386 896//1386
f  1516//1387 896//1387 1517//1387
f  1517//1387 896//1387 895//1387
f  1517//1388 895//1388 1518//1388
f  1518//1388 895//1388 894//1388
f  1518//1389 894//1389 1519//1389
f  1519//1389 894//1389 888//1389
f  1519//1390 888//1390 1520//1390
f  1520//1390 888//1390 887//1390
f  1520//1391 887//1391 1521//1391
f  1521//1391 887//1391 884//1391
f  1511//1392 1522//1392 881//1392
f  881//1392 1522//1392 882//1392
f  1523//1393 876//1393 1524//1393
f  1524//1393 876//1393 878//1393
f  1524//1394 878//1394 1525//1394
f  1525//1394 878//1394 879//1394
f  1525//1395 879//1395 1526//1395
f  1526//1395 879//1395 867//1395
f  1526//1396 867//1396 1527//1396
f  1527//1396 867//1396 866//1396
f  1527//1397 866//1397 1528//1397
f  1528//1397 866//1397 870//1397
f  1528//1398 870//1398 1529//1398
f  1529//1398 870//1398 869//1398
f  1529//1399 869//1399 1530//1399
f  1530//1399 869//1399 874//1399
f  1530//1400 874//1400 1531//1400
f  1531//1400 874//1400 873//1400
f  1531//1401 873//1401 1522//1401
f  1522//1401 873//1401 882//1401
f  1532//1402 1036//1402 877//1402
f  1532//1402 877//1402 1533//1402
f  1533//1403 877//1403 876//1403
f  1533//1403 876//1403 1523//1403
f  1534//1404 1049//1404 1535//1404
f  1535//1404 1049//1404 1048//1404
f  1535//1405 1048//1405 1536//1405
f  1536//1405 1048//1405 1047//1405
f  1536//1406 1047//1406 1537//1406
f  1537//1406 1047//1406 1046//1406
f  1537//1407 1046//1407 1538//1407
f  1538//1407 1046//1407 1045//1407
f  1538//1408 1045//1408 1539//1408
f  1539//1408 1045//1408 1044//1408
f  1539//1409 1044//1409 1540//1409
f  1540//1409 1044//1409 1040//1409
f  1540//1410 1040//1410 1541//1410
f  1541//1410 1040//1410 1039//1410
f  1541//1411 1039//1411 1542//1411
f  1542//1411 1039//1411 1037//1411
f  1542//1412 1037//1412 1532//1412
f  1532//1412 1037//1412 1036//1412
f  1049//1413 1534//1413 1029//1413
f  1029//1414 1534//1414 1543//1414
f  1029//1415 1543//1415 1030//1415
f  1030//1416 1543//1416 1035//1416
f  1544//1417 886//1417 1545//1417
f  1545//1417 886//1417 855//1417
f  1545//1418 855//1418 1546//1418
f  1546//1418 855//1418 854//1418
f  1546//1419 854//1419 1547//1419
f  1547//1419 854//1419 852//1419
f  1547//1420 852//1420 1548//1420
f  1548//1420 852//1420 851//1420
f  1548//1421 851//1421 1549//1421
f  1549//1421 851//1421 859//1421
f  1549//1422 859//1422 1550//1422
f  1550//1422 859//1422 1033//1422
f  1550//1423 1033//1423 1551//1423
f  1551//1423 1033//1423 1032//1423
f  1551//1424 1032//1424 1552//1424
f  1552//1424 1032//1424 1031//1424
f  1552//1425 1031//1425 1553//1425
f  1553//1425 1031//1425 1034//1425
f  1553//1426 1034//1426 1543//1426
f  1543//1426 1034//1426 1035//1426
f  1521//1427 884//1427 1554//1427
f  1554//1427 884//1427 885//1427
f  1554//1428 885//1428 1544//1428
f  1544//1428 885//1428 886//1428
f  1199//1429 1300//1429 1255//1429
f  1255//1430 1300//1430 1302//1430
f  1255//1431 1302//1431 1256//1431
f  1256//1432 1302//1432 1257//1432
f  1257//1433 1302//1433 1304//1433
f  1257//1434 1304//1434 1253//1434
f  1253//1435 1304//1435 1254//1435
f  1254//1436 1304//1436 1306//1436
f  1254//1437 1306//1437 1251//1437
f  1251//1438 1306//1438 1252//1438
f  1252//1439 1306//1439 1308//1439
f  1252//1440 1308//1440 1249//1440
f  1249//1441 1308//1441 1250//1441
f  1250//1442 1308//1442 1309//1442
f  1250//1443 1309//1443 1247//1443
f  1247//1444 1309//1444 1248//1444
f  1248//1445 1309//1445 1311//1445
f  1248//1446 1311//1446 1245//1446
f  1245//1447 1311//1447 1246//1447
f  1246//1448 1311//1448 1372//1448
f  1246//1449 1372//1449 1243//1449
f  1243//1450 1372//1450 1244//1450
f  1244//1451 1372//1451 1359//1451
f  1244//1452 1359//1452 1241//1452
f  1241//1453 1359//1453 1242//1453
f  1242//1454 1359//1454 1265//1454
f  1242//1455 1265//1455 1239//1455
f  1239//1456 1265//1456 1240//1456
f  1240//1457 1265//1457 1264//1457
f  1240//1458 1264//1458 1237//1458
f  1237//1459 1264//1459 1238//1459
f  1238//1460 1264//1460 1269//1460
f  1238//1461 1269//1461 1235//1461
f  1235//1462 1269//1462 1236//1462
f  1236//1463 1269//1463 1280//1463
f  1236//1464 1280//1464 1233//1464
f  1233//1465 1280//1465 1234//1465
f  1234//1466 1280//1466 1279//1466
f  1234//1467 1279//1467 1231//1467
f  1231//1468 1279//1468 1232//1468
f  1232//1469 1279//1469 1277//1469
f  1232//1470 1277//1470 1229//1470
f  1229//1471 1277//1471 1230//1471
f  1230//1472 1277//1472 1275//1472
f  1230//1473 1275//1473 1226//1473
f  1226//1474 1275//1474 1227//1474
f  1227//1475 1275//1475 1273//1475
f  1227//1476 1273//1476 1228//1476
f  1228//1477 1273//1477 1222//1477
f  1222//1478 1273//1478 1258//1478
f  1222//1479 1258//1479 1223//1479
f  1223//1480 1258//1480 1224//1480
f  1224//1481 1258//1481 1267//1481
f  1224//1482 1267//1482 1225//1482
f  1225//1483 1267//1483 1218//1483
f  1218//1484 1267//1484 1375//1484
f  1218//1485 1375//1485 1219//1485
f  1219//1486 1375//1486 1220//1486
f  1220//1487 1375//1487 1377//1487
f  1220//1488 1377//1488 1221//1488
f  1221//1489 1377//1489 1214//1489
f  1214//1490 1377//1490 1347//1490
f  1214//1491 1347//1491 1215//1491
f  1215//1492 1347//1492 1216//1492
f  1216//1493 1347//1493 1346//1493
f  1216//1494 1346//1494 1217//1494
f  1217//1495 1346//1495 1210//1495
f  1210//1496 1346//1496 1344//1496
f  1210//1497 1344//1497 1211//1497
f  1211//1498 1344//1498 1212//1498
f  1212//1499 1344//1499 1342//1499
f  1212//1500 1342//1500 1213//1500
f  1213//1501 1342//1501 1206//1501
f  1206//1502 1342//1502 1341//1502
f  1206//1503 1341//1503 1207//1503
f  1207//1504 1341//1504 1208//1504
f  1208//1505 1341//1505 1293//1505
f  1208//1506 1293//1506 1209//1506
f  1209//1507 1293//1507 1202//1507
f  1202//1508 1293//1508 1291//1508
f  1202//1509 1291//1509 1203//1509
f  1387//1029 1388//1029 1383//1029
f  1382//1029 1383//1029 1381//1029
f  1381//1029 1383//1029 1388//1029
f  1381//1029 1388//1029 1380//1029
f  1380//1029 1388//1029 1379//1029
f  1384//1029 1385//1029 1383//1029
f  1383//1029 1385//1029 1386//1029
f  1383//1029 1386//1029 1387//1029
f  1390//1029 1391//1029 1392//1029
f  1555//1029 1556//1029 1401//1029
f  1416//1029 1417//1029 1415//1029
f  1415//1029 1417//1029 1418//1029
f  1415//1029 1418//1029 1414//1029
f  1414//1029 1418//1029 1413//1029
f  1421//1029 1412//1029 1420//1029
f  1420//1029 1412//1029 1413//1029
f  1420//1029 1413//1029 1419//1029
f  1419//1029 1413//1029 1418//1029
f  1399//1029 1389//1029 1398//1029
f  1398//1029 1389//1029 1390//1029
f  1398//1029 1390//1029 1397//1029
f  1397//1029 1390//1029 1396//1029
f  1402//1029 1407//1029 1408//1029
f  1395//1029 1396//1029 1394//1029
f  1394//1029 1396//1029 1390//1029
f  1394//1029 1390//1029 1393//1029
f  1393//1029 1390//1029 1392//1029
f  1401//1029 1556//1029 1400//1029
f  1400//1029 1556//1029 1557//1029
f  1400//1029 1557//1029 1402//1029
f  1402//1029 1557//1029 1558//1029
f  1402//1029 1558//1029 1412//1029
f  1406//1029 1407//1029 1405//1029
f  1405//1029 1407//1029 1402//1029
f  1405//1029 1402//1029 1404//1029
f  1404//1029 1402//1029 1403//1029
f  1411//1029 1400//1029 1410//1029
f  1410//1029 1400//1029 1402//1029
f  1410//1029 1402//1029 1409//1029
f  1409//1029 1402//1029 1408//1029
f  1555//1029 1401//1029 1559//1029
f  1559//1029 1401//1029 1390//1029
f  1559//1029 1390//1029 1560//1029
f  1560//1029 1390//1029 1389//1029
f  1560//1029 1389//1029 1561//1029
f  1561//1029 1389//1029 1379//1029
f  1561//1029 1379//1029 1562//1029
f  1558//1029 1563//1029 1412//1029
f  1412//1029 1563//1029 1564//1029
f  1412//1029 1564//1029 1413//1029
f  1413//1029 1564//1029 1565//1029
f  1562//1029 1379//1029 1566//1029
f  1566//1029 1379//1029 1388//1029
f  1566//1029 1388//1029 1565//1029
f  1565//1029 1388//1029 1422//1029
f  1565//1029 1422//1029 1413//1029
f  1428//1029 1429//1029 1423//1029
f  1433//1029 1436//1029 1443//1029
f  1443//1029 1436//1029 1437//1029
f  1443//1029 1437//1029 1442//1029
f  1459//1029 1460//1029 1461//1029
f  1427//1029 1428//1029 1426//1029
f  1426//1029 1428//1029 1423//1029
f  1426//1029 1423//1029 1425//1029
f  1425//1029 1423//1029 1424//1029
f  1440//1029 1441//1029 1439//1029
f  1439//1029 1441//1029 1442//1029
f  1439//1029 1442//1029 1438//1029
f  1438//1029 1442//1029 1437//1029
f  1449//1029 1450//1029 1451//1029
f  1448//1029 1449//1029 1447//1029
f  1447//1029 1449//1029 1444//1029
f  1447//1029 1444//1029 1446//1029
f  1446//1029 1444//1029 1445//1029
f  1454//1029 1444//1029 1453//1029
f  1453//1029 1444//1029 1449//1029
f  1453//1029 1449//1029 1452//1029
f  1452//1029 1449//1029 1451//1029
f  1429//1029 1430//1029 1431//1029
f  1457//1029 1458//1029 1456//1029
f  1456//1029 1458//1029 1459//1029
f  1465//1029 1466//1029 1464//1029
f  1464//1029 1466//1029 1456//1029
f  1464//1029 1456//1029 1463//1029
f  1459//1029 1461//1029 1456//1029
f  1456//1029 1461//1029 1462//1029
f  1456//1029 1462//1029 1463//1029
f  1107//1029 1109//1029 1435//1029
f  1435//1029 1109//1029 1111//1029
f  1435//1029 1111//1029 1444//1029
f  1444//1029 1111//1029 1113//1029
f  1444//1029 1113//1029 1445//1029
f  1445//1029 1113//1029 1116//1029
f  1445//1029 1116//1029 1455//1029
f  1116//1029 1118//1029 1455//1029
f  1455//1029 1118//1029 1121//1029
f  1455//1029 1121//1029 1456//1029
f  1456//1029 1121//1029 1123//1029
f  1456//1029 1123//1029 1457//1029
f  1457//1029 1123//1029 1125//1029
f  1457//1029 1125//1029 1432//1029
f  1432//1029 1125//1029 1127//1029
f  1432//1029 1127//1029 1129//1029
f  1431//1029 1432//1029 1429//1029
f  1429//1029 1432//1029 1129//1029
f  1429//1029 1129//1029 1423//1029
f  1423//1029 1129//1029 1131//1029
f  1423//1029 1131//1029 1434//1029
f  1434//1029 1131//1029 1107//1029
f  1434//1029 1107//1029 1433//1029
f  1433//1029 1107//1029 1435//1029
f  1433//1029 1435//1029 1436//1029
f  1497//1029 1498//1029 1488//1029
f  1484//1029 1485//1029 1486//1029
f  1495//1029 1496//1029 1494//1029
f  1494//1029 1496//1029 1497//1029
f  1494//1029 1497//1029 1493//1029
f  1493//1029 1497//1029 1488//1029
f  1503//1029 1504//1029 1508//1029
f  1486//1029 1487//1029 1484//1029
f  1484//1029 1487//1029 1482//1029
f  1484//1029 1482//1029 1483//1029
f  1499//1029 1500//1029 1509//1029
f  1509//1029 1500//1029 1501//1029
f  1509//1029 1501//1029 1508//1029
f  1508//1029 1501//1029 1502//1029
f  1508//1029 1502//1029 1503//1029
f  1504//1029 1505//1029 1508//1029
f  1508//1029 1505//1029 1506//1029
f  1508//1029 1506//1029 1507//1029
f  1491//1029 1492//1029 1490//1029
f  1490//1029 1492//1029 1493//1029
f  1469//1029 1470//1029 1476//1029
f  1476//1029 1470//1029 1471//1029
f  1477//1029 1467//1029 1476//1029
f  1476//1029 1467//1029 1468//1029
f  1476//1029 1468//1029 1469//1029
f  1510//1029 1500//1029 1153//1029
f  1474//1029 1475//1029 1473//1029
f  1473//1029 1475//1029 1476//1029
f  1473//1029 1476//1029 1472//1029
f  1472//1029 1476//1029 1471//1029
f  1153//1029 1500//1029 1155//1029
f  1155//1029 1500//1029 1499//1029
f  1155//1029 1499//1029 1157//1029
f  1157//1029 1499//1029 1490//1029
f  1157//1029 1490//1029 1159//1029
f  1159//1029 1490//1029 1493//1029
f  1159//1029 1493//1029 1161//1029
f  1161//1029 1493//1029 1488//1029
f  1161//1029 1488//1029 1163//1029
f  1478//1029 1181//1029 1163//1029
f  1488//1029 1489//1029 1163//1029
f  1163//1029 1489//1029 1479//1029
f  1163//1029 1479//1029 1478//1029
f  1478//1029 1479//1029 1480//1029
f  1478//1029 1480//1029 1487//1029
f  1487//1029 1480//1029 1481//1029
f  1487//1029 1481//1029 1482//1029
f  1153//1029 1151//1029 1510//1029
f  1510//1029 1151//1029 1149//1029
f  1510//1029 1149//1029 1477//1029
f  1477//1029 1149//1029 1187//1029
f  1477//1029 1187//1029 1467//1029
f  1467//1029 1187//1029 1185//1029
f  1467//1029 1185//1029 1478//1029
f  1478//1029 1185//1029 1183//1029
f  1478//1029 1183//1029 1181//1029
f  1530//1029 1531//1029 1525//1029
f  1538//1029 1539//1029 1540//1029
f  1535//1029 1536//1029 1537//1029
f  1525//1029 1531//1029 1524//1029
f  1524//1029 1531//1029 1522//1029
f  1524//1029 1522//1029 1523//1029
f  1537//1029 1538//1029 1535//1029
f  1535//1029 1538//1029 1540//1029
f  1535//1029 1540//1029 1534//1029
f  1534//1029 1540//1029 1541//1029
f  1534//1029 1541//1029 1532//1029
f  1532//1029 1541//1029 1542//1029
f  1543//1029 1567//1029 1544//1029
f  1544//1029 1567//1029 1568//1029
f  1544//1029 1568//1029 1554//1029
f  1528//1029 1529//1029 1527//1029
f  1527//1029 1529//1029 1530//1029
f  1527//1029 1530//1029 1526//1029
f  1526//1029 1530//1029 1525//1029
f  1546//1029 1547//1029 1553//1029
f  1553//1029 1547//1029 1548//1029
f  1543//1029 1544//1029 1553//1029
f  1553//1029 1544//1029 1545//1029
f  1553//1029 1545//1029 1546//1029
f  1521//1029 1511//1029 1520//1029
f  1520//1029 1511//1029 1512//1029
f  1520//1029 1512//1029 1519//1029
f  1519//1029 1512//1029 1517//1029
f  1519//1029 1517//1029 1518//1029
f  1551//1029 1552//1029 1550//1029
f  1550//1029 1552//1029 1553//1029
f  1550//1029 1553//1029 1549//1029
f  1549//1029 1553//1029 1548//1029
f  1516//1029 1517//1029 1515//1029
f  1515//1029 1517//1029 1512//1029
f  1515//1029 1512//1029 1514//1029
f  1514//1029 1512//1029 1513//1029
f  1568//1029 1569//1029 1554//1029
f  1554//1029 1569//1029 1570//1029
f  1554//1029 1570//1029 1521//1029
f  1521//1029 1570//1029 1571//1029
f  1521//1029 1571//1029 1511//1029
f  1511//1029 1571//1029 1572//1029
f  1511//1029 1572//1029 1522//1029
f  1572//1029 1573//1029 1522//1029
f  1522//1029 1573//1029 1574//1029
f  1522//1029 1574//1029 1523//1029
f  1523//1029 1574//1029 1575//1029
f  1523//1029 1575//1029 1533//1029
f  1533//1029 1575//1029 1576//1029
f  1533//1029 1576//1029 1532//1029
f  1532//1029 1576//1029 1534//1029
f  1534//1029 1576//1029 1577//1029
f  1534//1029 1577//1029 1543//1029
f  1543//1029 1577//1029 1578//1029
f  1543//1029 1578//1029 1567//1029
f  1327//1142 1329//1142 1566//1142
f  1566//1122 1329//1122 1331//1122
f  1566//1510 1331//1510 1562//1510
f  1562//1124 1331//1124 1369//1124
f  1562//1125 1369//1125 1561//1125
f  1561//1125 1369//1125 1310//1125
f  1561//1511 1310//1511 1560//1511
f  1560//1511 1310//1511 1307//1511
f  1560//1512 1307//1512 1559//1512
f  1559//1512 1307//1512 1305//1512
f  1559//1130 1305//1130 1555//1130
f  1555//1130 1305//1130 1303//1130
f  1555//1513 1303//1513 1556//1513
f  1556//1513 1303//1513 1301//1513
f  1556//1514 1301//1514 1557//1514
f  1557//1514 1301//1514 1281//1514
f  1557//1515 1281//1515 1558//1515
f  1558//1515 1281//1515 1299//1515
f  1558//1516 1299//1516 1563//1516
f  1563//1516 1299//1516 1321//1516
f  1563//1517 1321//1517 1564//1517
f  1564//1517 1321//1517 1325//1517
f  1564//1518 1325//1518 1565//1518
f  1565//1518 1325//1518 1327//1518
f  1565//1142 1327//1142 1566//1142
f  1343//1519 1345//1519 1573//1519
f  1573//1520 1345//1520 1296//1520
f  1573//1521 1296//1521 1574//1521
f  1574//1124 1296//1124 1317//1124
f  1574//1522 1317//1522 1575//1522
f  1575//1522 1317//1522 1316//1522
f  1575//1523 1316//1523 1576//1523
f  1576//1523 1316//1523 1285//1523
f  1576//1524 1285//1524 1577//1524
f  1577//1524 1285//1524 1284//1524
f  1577//1130 1284//1130 1578//1130
f  1578//1130 1284//1130 1367//1130
f  1578//1513 1367//1513 1567//1513
f  1567//1513 1367//1513 1366//1513
f  1567//1514 1366//1514 1568//1514
f  1568//1514 1366//1514 1288//1514
f  1568//1515 1288//1515 1569//1515
f  1569//1515 1288//1515 1290//1515
f  1569//1525 1290//1525 1570//1525
f  1570//1525 1290//1525 1292//1525
f  1570//1526 1292//1526 1571//1526
f  1571//1526 1292//1526 1294//1526
f  1571//1518 1294//1518 1572//1518
f  1572//1518 1294//1518 1343//1518
f  1572//1519 1343//1519 1573//1519
f  1579//1527 1580//1527 1581//1527
f  1581//1527 1580//1527 1582//1527
f  1581//1528 1582//1528 1583//1528
f  1583//1528 1582//1528 1584//1528
f  1583//1529 1584//1529 1585//1529
f  1585//1529 1584//1529 1586//1529
f  1585//1530 1586//1530 1587//1530
f  1587//1530 1586//1530 1588//1530
f  1587//1531 1588//1531 1589//1531
f  1589//1531 1588//1531 1590//1531
f  1589//1532 1590//1532 1591//1532
f  1591//1532 1590//1532 1592//1532
f  1591//1533 1592//1533 1593//1533
f  1593//1533 1592//1533 1594//1533
f  1593//1534 1594//1534 1595//1534
f  1595//1534 1594//1534 1596//1534
f  1595//1535 1596//1535 1597//1535
f  1597//1535 1596//1535 1598//1535
f  1597//1536 1598//1536 1599//1536
f  1599//1536 1598//1536 1600//1536
f  1599//1537 1600//1537 1601//1537
f  1601//1537 1600//1537 1602//1537
f  1601//1538 1602//1538 1603//1538
f  1603//1538 1602//1538 1604//1538
f  1603//1539 1604//1539 1605//1539
f  1605//1539 1604//1539 1606//1539
f  1605//1540 1606//1540 1607//1540
f  1607//1540 1606//1540 1608//1540
f  1607//1541 1608//1541 1579//1541
f  1579//1541 1608//1541 1580//1541
f  1609//1542 1610//1542 1611//1542
f  1609//1542 1611//1542 1612//1542
f  1612//1543 1611//1543 1613//1543
f  1612//1543 1613//1543 1614//1543
f  1614//1544 1613//1544 1615//1544
f  1614//1544 1615//1544 1616//1544
f  1616//1545 1615//1545 1617//1545
f  1616//1545 1617//1545 1618//1545
f  1618//1546 1617//1546 1619//1546
f  1618//1546 1619//1546 1620//1546
f  1620//1547 1619//1547 1621//1547
f  1620//1547 1621//1547 1622//1547
f  1623//1548 1622//1548 1624//1548
f  1624//1548 1622//1548 1621//1548
f  1625//1549 1626//1549 1627//1549
f  1625//1549 1627//1549 1628//1549
f  1628//1550 1627//1550 1629//1550
f  1628//1550 1629//1550 1630//1550
f  1630//1551 1629//1551 1631//1551
f  1630//1551 1631//1551 1632//1551
f  1632//1552 1631//1552 1633//1552
f  1632//1552 1633//1552 1634//1552
f  1634//1553 1633//1553 1635//1553
f  1634//1553 1635//1553 1636//1553
f  1636//1554 1635//1554 1623//1554
f  1636//1554 1623//1554 1624//1554
f  1637//1030 1638//1030 1639//1030
f  1640//1030 1641//1030 1642//1030
f  1117//1030 1115//1030 1643//1030
f  1137//1030 1139//1030 1644//1030
f  1644//1030 1139//1030 1141//1030
f  1644//1030 1141//1030 1645//1030
f  1645//1030 1141//1030 1143//1030
f  1645//1030 1143//1030 1646//1030
f  1646//1030 1143//1030 1145//1030
f  1646//1030 1145//1030 1119//1030
f  1639//1030 1180//1030 1647//1030
f  1647//1030 1180//1030 1182//1030
f  1184//1030 1186//1030 1641//1030
f  1165//1030 1648//1030 1167//1030
f  1167//1030 1648//1030 1649//1030
f  1167//1030 1649//1030 1169//1030
f  1649//1030 1650//1030 1169//1030
f  1169//1030 1650//1030 1651//1030
f  1169//1030 1651//1030 1171//1030
f  1171//1030 1651//1030 1652//1030
f  1171//1030 1652//1030 1173//1030
f  1173//1030 1652//1030 1653//1030
f  1173//1030 1653//1030 1175//1030
f  1175//1030 1653//1030 1654//1030
f  1175//1030 1654//1030 1177//1030
f  1177//1030 1654//1030 1642//1030
f  1177//1030 1642//1030 1179//1030
f  1179//1030 1642//1030 1641//1030
f  1179//1030 1641//1030 1188//1030
f  1188//1030 1641//1030 1186//1030
f  1655//1030 1656//1030 1657//1030
f  1657//1030 1656//1030 1658//1030
f  1657//1030 1658//1030 1659//1030
f  1660//1030 1661//1030 1638//1030
f  1660//1030 1638//1030 1659//1030
f  1662//1030 1663//1030 1664//1030
f  1664//1030 1663//1030 1665//1030
f  1664//1030 1665//1030 1666//1030
f  1667//1030 1668//1030 1644//1030
f  1644//1030 1668//1030 1669//1030
f  1644//1030 1669//1030 1670//1030
f  1666//1030 1665//1030 1671//1030
f  1671//1030 1665//1030 1672//1030
f  1671//1030 1672//1030 1670//1030
f  1115//1030 1114//1030 1643//1030
f  1643//1030 1114//1030 1112//1030
f  1643//1030 1112//1030 1657//1030
f  1657//1030 1112//1030 1110//1030
f  1657//1030 1110//1030 1655//1030
f  1655//1030 1110//1030 1108//1030
f  1655//1030 1108//1030 1673//1030
f  1673//1030 1108//1030 1135//1030
f  1673//1030 1135//1030 1674//1030
f  1674//1030 1135//1030 1137//1030
f  1674//1030 1137//1030 1675//1030
f  1675//1030 1137//1030 1644//1030
f  1675//1030 1644//1030 1676//1030
f  1676//1030 1644//1030 1670//1030
f  1676//1030 1670//1030 1677//1030
f  1677//1030 1670//1030 1672//1030
f  1678//1030 1679//1030 1680//1030
f  1680//1030 1679//1030 1681//1030
f  1681//1030 1682//1030 1680//1030
f  1680//1030 1682//1030 1683//1030
f  1680//1030 1683//1030 1663//1030
f  1663//1030 1683//1030 1684//1030
f  1663//1030 1684//1030 1665//1030
f  1685//1030 1686//1030 1678//1030
f  1678//1030 1686//1030 1687//1030
f  1678//1030 1687//1030 1679//1030
f  1679//1030 1687//1030 1688//1030
f  1679//1030 1688//1030 1689//1030
f  1689//1030 1688//1030 1690//1030
f  1689//1030 1690//1030 1691//1030
f  1691//1030 1690//1030 1692//1030
f  1691//1030 1692//1030 1693//1030
f  1693//1030 1692//1030 1694//1030
f  1661//1030 1695//1030 1638//1030
f  1638//1030 1695//1030 1648//1030
f  1638//1030 1648//1030 1639//1030
f  1639//1030 1648//1030 1165//1030
f  1639//1030 1165//1030 1180//1030
f  1580//1030 1608//1030 1696//1030
f  1633//1030 1594//1030 1592//1030
f  1608//1030 1606//1030 1696//1030
f  1696//1030 1606//1030 1604//1030
f  1696//1030 1604//1030 1697//1030
f  1697//1030 1604//1030 1602//1030
f  1697//1030 1602//1030 1600//1030
f  1600//1030 1598//1030 1697//1030
f  1697//1030 1598//1030 1596//1030
f  1697//1030 1596//1030 1594//1030
f  1633//1030 1592//1030 1635//1030
f  1635//1030 1592//1030 1590//1030
f  1635//1030 1590//1030 1623//1030
f  1623//1030 1590//1030 1588//1030
f  1623//1030 1588//1030 1622//1030
f  1622//1030 1588//1030 1586//1030
f  1622//1030 1586//1030 1620//1030
f  1620//1030 1586//1030 1584//1030
f  1620//1030 1584//1030 1618//1030
f  1618//1030 1584//1030 1582//1030
f  1618//1030 1582//1030 1616//1030
f  1698//1030 1609//1030 1696//1030
f  1696//1030 1609//1030 1612//1030
f  1582//1030 1580//1030 1616//1030
f  1616//1030 1580//1030 1696//1030
f  1616//1030 1696//1030 1614//1030
f  1614//1030 1696//1030 1612//1030
f  1699//1030 1700//1030 1701//1030
f  1701//1030 1700//1030 1698//1030
f  1701//1030 1698//1030 1702//1030
f  1702//1030 1698//1030 1696//1030
f  1702//1030 1696//1030 1703//1030
f  1701//1030 1704//1030 1699//1030
f  1699//1030 1704//1030 1705//1030
f  1699//1030 1705//1030 1706//1030
f  1706//1030 1705//1030 1707//1030
f  1706//1030 1707//1030 1708//1030
f  1708//1030 1707//1030 1667//1030
f  1708//1030 1667//1030 1709//1030
f  1709//1030 1667//1030 1644//1030
f  1709//1030 1644//1030 1710//1030
f  1710//1030 1644//1030 1711//1030
f  1646//1030 1712//1030 1645//1030
f  1645//1030 1712//1030 1713//1030
f  1645//1030 1713//1030 1644//1030
f  1644//1030 1713//1030 1714//1030
f  1644//1030 1714//1030 1711//1030
f  1119//1030 1117//1030 1646//1030
f  1646//1030 1117//1030 1643//1030
f  1646//1030 1643//1030 1715//1030
f  1715//1030 1643//1030 1716//1030
f  1717//1030 1716//1030 1718//1030
f  1717//1030 1718//1030 1719//1030
f  1718//1030 1720//1030 1719//1030
f  1719//1030 1720//1030 1721//1030
f  1719//1030 1721//1030 1722//1030
f  1722//1030 1721//1030 1723//1030
f  1722//1030 1723//1030 1724//1030
f  1724//1030 1723//1030 1725//1030
f  1724//1030 1725//1030 1647//1030
f  1182//1030 1184//1030 1647//1030
f  1647//1030 1184//1030 1641//1030
f  1647//1030 1641//1030 1724//1030
f  1724//1030 1641//1030 1640//1030
f  1726//1030 1727//1030 1653//1030
f  1653//1030 1727//1030 1728//1030
f  1653//1030 1728//1030 1654//1030
f  1654//1030 1728//1030 1729//1030
f  1654//1030 1729//1030 1642//1030
f  1730//1030 1731//1030 1732//1030
f  1732//1030 1731//1030 1733//1030
f  1733//1030 1731//1030 1734//1030
f  1733//1030 1734//1030 1653//1030
f  1653//1030 1734//1030 1735//1030
f  1653//1030 1735//1030 1726//1030
f  1732//1030 1736//1030 1730//1030
f  1730//1030 1736//1030 1737//1030
f  1730//1030 1737//1030 1738//1030
f  1738//1030 1737//1030 1739//1030
f  1739//1030 1737//1030 1740//1030
f  1739//1030 1740//1030 1741//1030
f  1742//1030 1685//1030 1743//1030
f  1740//1030 1742//1030 1741//1030
f  1741//1030 1742//1030 1743//1030
f  1741//1030 1743//1030 1626//1030
f  1626//1030 1743//1030 1627//1030
f  1594//1030 1633//1030 1697//1030
f  1697//1030 1633//1030 1631//1030
f  1697//1030 1631//1030 1743//1030
f  1743//1030 1631//1030 1629//1030
f  1743//1030 1629//1030 1627//1030
f  1744//1030 1745//1030 1657//1030
f  1745//1030 1746//1030 1657//1030
f  1657//1030 1746//1030 1747//1030
f  1657//1030 1747//1030 1643//1030
f  1643//1030 1747//1030 1748//1030
f  1643//1030 1748//1030 1716//1030
f  1716//1030 1748//1030 1749//1030
f  1716//1030 1749//1030 1718//1030
f  1659//1030 1638//1030 1657//1030
f  1657//1030 1638//1030 1750//1030
f  1657//1030 1750//1030 1744//1030
f  1637//1030 1751//1030 1638//1030
f  1638//1030 1751//1030 1752//1030
f  1638//1030 1752//1030 1750//1030
f  1750//1030 1752//1030 1753//1030
f  1750//1030 1753//1030 1754//1030
f  1725//1030 1755//1030 1647//1030
f  1647//1030 1755//1030 1756//1030
f  1647//1030 1756//1030 1639//1030
f  1639//1030 1756//1030 1757//1030
f  1639//1030 1757//1030 1637//1030
f  1651//1030 1693//1030 1652//1030
f  1652//1030 1693//1030 1694//1030
f  1652//1030 1694//1030 1653//1030
f  1653//1030 1694//1030 1758//1030
f  1653//1030 1758//1030 1733//1030
f  1685//1030 1678//1030 1743//1030
f  1743//1030 1678//1030 1680//1030
f  1743//1030 1680//1030 1697//1030
f  1697//1030 1680//1030 1663//1030
f  1697//1030 1663//1030 1696//1030
f  1696//1030 1663//1030 1662//1030
f  1696//1030 1662//1030 1703//1030
f  1134//1029 1759//1029 1136//1029
f  1136//1029 1759//1029 1760//1029
f  1136//1029 1760//1029 1138//1029
f  1761//1029 1147//1029 1762//1029
f  1762//1029 1147//1029 1146//1029
f  1762//1029 1146//1029 1763//1029
f  1763//1029 1146//1029 1144//1029
f  1763//1029 1144//1029 1764//1029
f  1764//1029 1144//1029 1142//1029
f  1764//1029 1142//1029 1765//1029
f  1765//1029 1142//1029 1140//1029
f  1765//1029 1140//1029 1766//1029
f  1766//1029 1140//1029 1767//1029
f  1579//1029 1581//1029 1615//1029
f  1178//1029 1768//1029 1176//1029
f  1176//1029 1768//1029 1769//1029
f  1176//1029 1769//1029 1174//1029
f  1174//1029 1769//1029 1770//1029
f  1174//1029 1770//1029 1172//1029
f  1172//1029 1770//1029 1771//1029
f  1172//1029 1771//1029 1170//1029
f  1170//1029 1771//1029 1772//1029
f  1615//1029 1581//1029 1617//1029
f  1772//1029 1773//1029 1170//1029
f  1170//1029 1773//1029 1774//1029
f  1170//1029 1774//1029 1168//1029
f  1168//1029 1774//1029 1775//1029
f  1168//1029 1775//1029 1776//1029
f  1776//1029 1775//1029 1777//1029
f  1776//1029 1777//1029 1778//1029
f  1779//1029 1605//1029 1610//1029
f  1610//1029 1605//1029 1607//1029
f  1610//1029 1607//1029 1611//1029
f  1611//1029 1607//1029 1579//1029
f  1611//1029 1579//1029 1613//1029
f  1613//1029 1579//1029 1615//1029
f  1778//1029 1777//1029 1780//1029
f  1780//1029 1777//1029 1781//1029
f  1780//1029 1781//1029 1782//1029
f  1782//1029 1781//1029 1783//1029
f  1782//1029 1783//1029 1784//1029
f  1784//1029 1783//1029 1785//1029
f  1784//1029 1785//1029 1625//1029
f  1776//1029 1786//1029 1168//1029
f  1168//1029 1786//1029 1787//1029
f  1168//1029 1787//1029 1788//1029
f  1140//1029 1789//1029 1767//1029
f  1767//1029 1789//1029 1790//1029
f  1767//1029 1790//1029 1791//1029
f  1791//1029 1790//1029 1792//1029
f  1791//1029 1792//1029 1793//1029
f  1793//1029 1792//1029 1794//1029
f  1793//1029 1794//1029 1795//1029
f  1625//1029 1628//1029 1784//1029
f  1784//1029 1628//1029 1630//1029
f  1784//1029 1630//1029 1632//1029
f  1603//1029 1605//1029 1796//1029
f  1760//1029 1797//1029 1138//1029
f  1138//1029 1797//1029 1798//1029
f  1138//1029 1798//1029 1140//1029
f  1603//1029 1796//1029 1601//1029
f  1794//1029 1799//1029 1795//1029
f  1795//1029 1799//1029 1800//1029
f  1795//1029 1800//1029 1801//1029
f  1801//1029 1800//1029 1802//1029
f  1801//1029 1802//1029 1779//1029
f  1779//1029 1802//1029 1803//1029
f  1779//1029 1803//1029 1605//1029
f  1605//1029 1803//1029 1804//1029
f  1605//1029 1804//1029 1796//1029
f  1796//1029 1804//1029 1805//1029
f  1796//1029 1805//1029 1806//1029
f  1140//1029 1798//1029 1789//1029
f  1789//1029 1798//1029 1807//1029
f  1789//1029 1807//1029 1808//1029
f  1808//1029 1807//1029 1809//1029
f  1808//1029 1809//1029 1810//1029
f  1810//1029 1809//1029 1811//1029
f  1810//1029 1811//1029 1812//1029
f  1812//1029 1811//1029 1813//1029
f  1812//1029 1813//1029 1814//1029
f  1617//1029 1581//1029 1619//1029
f  1619//1029 1581//1029 1583//1029
f  1619//1029 1583//1029 1621//1029
f  1621//1029 1583//1029 1585//1029
f  1621//1029 1585//1029 1624//1029
f  1624//1029 1585//1029 1587//1029
f  1624//1029 1587//1029 1636//1029
f  1636//1029 1587//1029 1589//1029
f  1636//1029 1589//1029 1634//1029
f  1634//1029 1589//1029 1591//1029
f  1634//1029 1591//1029 1632//1029
f  1632//1029 1591//1029 1593//1029
f  1632//1029 1593//1029 1784//1029
f  1784//1029 1593//1029 1595//1029
f  1784//1029 1595//1029 1815//1029
f  1815//1029 1595//1029 1597//1029
f  1815//1029 1597//1029 1796//1029
f  1796//1029 1597//1029 1599//1029
f  1796//1029 1599//1029 1601//1029
f  1816//1029 1164//1029 1817//1029
f  1817//1029 1164//1029 1166//1029
f  1817//1029 1166//1029 1818//1029
f  1818//1029 1166//1029 1168//1029
f  1818//1029 1168//1029 1819//1029
f  1819//1029 1168//1029 1788//1029
f  1819//1029 1788//1029 1820//1029
f  1820//1029 1788//1029 1821//1029
f  1813//1029 1822//1029 1814//1029
f  1814//1029 1822//1029 1823//1029
f  1814//1029 1823//1029 1805//1029
f  1805//1029 1823//1029 1824//1029
f  1805//1029 1824//1029 1806//1029
f  1806//1029 1824//1029 1825//1029
f  1806//1029 1825//1029 1826//1029
f  1826//1029 1825//1029 1827//1029
f  1826//1029 1827//1029 1828//1029
f  1828//1029 1827//1029 1829//1029
f  1828//1029 1829//1029 1821//1029
f  1821//1029 1829//1029 1830//1029
f  1821//1029 1830//1029 1820//1029
f  1759//1555 1655//1555 1760//1555
f  1760//1556 1655//1556 1673//1556
f  1760//1557 1673//1557 1797//1557
f  1797//1557 1673//1557 1674//1557
f  1797//1558 1674//1558 1798//1558
f  1798//1558 1674//1558 1675//1558
f  1798//1559 1675//1559 1807//1559
f  1807//1559 1675//1559 1676//1559
f  1807//1560 1676//1560 1809//1560
f  1809//1560 1676//1560 1677//1560
f  1809//1561 1677//1561 1811//1561
f  1811//1561 1677//1561 1672//1561
f  1811//1562 1672//1562 1813//1562
f  1813//1562 1672//1562 1665//1562
f  1813//1563 1665//1563 1822//1563
f  1822//1563 1665//1563 1684//1563
f  1822//1564 1684//1564 1823//1564
f  1823//1564 1684//1564 1683//1564
f  1823//1565 1683//1565 1824//1565
f  1824//1565 1683//1565 1682//1565
f  1824//1566 1682//1566 1825//1566
f  1825//1566 1682//1566 1681//1566
f  1825//1567 1681//1567 1827//1567
f  1827//1567 1681//1567 1679//1567
f  1827//1568 1679//1568 1829//1568
f  1829//1568 1679//1568 1689//1568
f  1829//1569 1689//1569 1830//1569
f  1830//1569 1689//1569 1691//1569
f  1830//1570 1691//1570 1820//1570
f  1820//1570 1691//1570 1693//1570
f  1820//1571 1693//1571 1819//1571
f  1819//1571 1693//1571 1651//1571
f  1819//1572 1651//1572 1818//1572
f  1818//1572 1651//1572 1650//1572
f  1818//1573 1650//1573 1817//1573
f  1817//1573 1650//1573 1649//1573
f  1817//1574 1649//1574 1816//1574
f  1816//1575 1649//1575 1648//1575
f  1816//1576 1648//1576 1336//1576
f  1070//1577 1313//1577 1072//1577
f  1072//1578 1313//1578 1312//1578
f  1072//1557 1312//1557 1074//1557
f  1074//1557 1312//1557 1356//1557
f  1074//1558 1356//1558 1076//1558
f  1076//1558 1356//1558 1354//1558
f  1076//1559 1354//1559 1106//1559
f  1106//1559 1354//1559 1353//1559
f  1106//1560 1353//1560 1104//1560
f  1104//1560 1353//1560 1368//1560
f  1104//1561 1368//1561 1088//1561
f  1088//1561 1368//1561 1330//1561
f  1088//1562 1330//1562 1089//1562
f  1089//1562 1330//1562 1328//1562
f  1089//1563 1328//1563 1092//1563
f  1092//1563 1328//1563 1326//1563
f  1092//1564 1326//1564 1042//1564
f  1042//1564 1326//1564 1334//1564
f  1042//1565 1334//1565 1043//1565
f  1043//1565 1334//1565 1320//1565
f  1043//1566 1320//1566 1041//1566
f  1041//1566 1320//1566 1319//1566
f  1041//1567 1319//1567 1038//1567
f  1038//1567 1319//1567 1318//1567
f  1038//1568 1318//1568 872//1568
f  872//1568 1318//1568 1333//1568
f  872//1569 1333//1569 868//1569
f  868//1569 1333//1569 1332//1569
f  868//1570 1332//1570 880//1570
f  880//1570 1332//1570 1315//1570
f  880//1571 1315//1571 871//1571
f  871//1571 1315//1571 1362//1571
f  871//1572 1362//1572 910//1572
f  910//1572 1362//1572 1340//1572
f  910//1573 1340//1573 906//1573
f  906//1573 1340//1573 1338//1573
f  906//1579 1338//1579 1056//1579
f  1759//1580 1313//1580 1655//1580
f  1655//1580 1313//1580 1070//1580
f  1655//1581 1070//1581 1656//1581
f  1656//1581 1070//1581 1069//1581
f  1656//1582 1069//1582 1658//1582
f  1658//1582 1069//1582 1080//1582
f  1658//1583 1080//1583 1659//1583
f  1659//1583 1080//1583 1054//1583
f  1659//1584 1054//1584 1660//1584
f  1660//1584 1054//1584 1053//1584
f  1660//1585 1053//1585 1661//1585
f  1661//1585 1053//1585 1058//1585
f  1661//1586 1058//1586 1695//1586
f  1695//1586 1058//1586 1052//1586
f  1695//1587 1052//1587 1648//1587
f  1648//1587 1052//1587 1056//1587
f  1648//1576 1056//1576 1336//1576
f  1336//1588 1056//1588 1338//1588
f  1768//1589 1363//1589 1260//1589
f  1271//1590 1266//1590 1761//1590
f  1769//1591 1768//1591 1642//1591
f  1642//1592 1729//1592 1769//1592
f  1769//1593 1729//1593 1728//1593
f  1769//1593 1728//1593 1770//1593
f  1770//1594 1728//1594 1727//1594
f  1770//1594 1727//1594 1771//1594
f  1771//1595 1727//1595 1726//1595
f  1771//1595 1726//1595 1772//1595
f  1772//1596 1726//1596 1735//1596
f  1772//1596 1735//1596 1773//1596
f  1773//1597 1735//1597 1734//1597
f  1773//1597 1734//1597 1774//1597
f  1774//1598 1734//1598 1731//1598
f  1774//1598 1731//1598 1775//1598
f  1775//1599 1731//1599 1730//1599
f  1775//1599 1730//1599 1777//1599
f  1777//1600 1730//1600 1738//1600
f  1777//1600 1738//1600 1781//1600
f  1712//1601 1763//1601 1713//1601
f  1713//1602 1763//1602 1764//1602
f  1713//1602 1764//1602 1714//1602
f  1714//1603 1764//1603 1765//1603
f  1714//1603 1765//1603 1711//1603
f  1711//1604 1765//1604 1766//1604
f  1711//1604 1766//1604 1710//1604
f  1710//1605 1766//1605 1767//1605
f  1710//1605 1767//1605 1709//1605
f  1709//1606 1767//1606 1791//1606
f  1709//1606 1791//1606 1708//1606
f  1708//1607 1791//1607 1793//1607
f  1708//1607 1793//1607 1706//1607
f  1706//1608 1793//1608 1795//1608
f  1706//1608 1795//1608 1699//1608
f  1768//1589 1260//1589 1642//1589
f  1642//1609 1260//1609 1259//1609
f  1642//1609 1259//1609 1640//1609
f  1640//1610 1259//1610 1272//1610
f  1640//1610 1272//1610 1724//1610
f  1724//1611 1272//1611 1274//1611
f  1724//1611 1274//1611 1722//1611
f  1722//1612 1274//1612 1276//1612
f  1722//1612 1276//1612 1719//1612
f  1719//1613 1276//1613 1278//1613
f  1719//1613 1278//1613 1717//1613
f  1717//1614 1278//1614 1268//1614
f  1717//1614 1268//1614 1716//1614
f  1716//1615 1268//1615 1270//1615
f  1716//1615 1270//1615 1715//1615
f  1715//1616 1270//1616 1271//1616
f  1715//1616 1271//1616 1646//1616
f  1646//1590 1271//1590 1761//1590
f  1646//1617 1761//1617 1712//1617
f  1712//1618 1761//1618 1762//1618
f  1712//1601 1762//1601 1763//1601
f  1012//1619 1011//1619 1831//1619
f  1756//1620 1832//1620 1757//1620
f  1757//1621 1832//1621 1833//1621
f  1757//1622 1833//1622 1637//1622
f  1831//1623 1011//1623 1834//1623
f  1834//1624 1011//1624 1028//1624
f  1834//1625 1028//1625 1835//1625
f  1014//1626 1752//1626 1017//1626
f  1017//1626 1752//1626 1751//1626
f  1017//1627 1751//1627 1028//1627
f  1028//1627 1751//1627 1637//1627
f  1028//1628 1637//1628 1835//1628
f  1835//1629 1637//1629 1833//1629
f  1831//1630 1832//1630 1012//1630
f  1012//1631 1832//1631 1756//1631
f  1012//1632 1756//1632 1020//1632
f  1020//1632 1756//1632 1755//1632
f  1020//1633 1755//1633 1019//1633
f  1019//1633 1755//1633 1725//1633
f  1019//1634 1725//1634 935//1634
f  935//1634 1725//1634 1723//1634
f  1745//1635 1836//1635 1746//1635
f  1746//1636 1836//1636 1837//1636
f  1746//1637 1837//1637 1747//1637
f  1838//1638 960//1638 1839//1638
f  1839//1639 960//1639 958//1639
f  1839//1640 958//1640 1840//1640
f  1840//1641 958//1641 957//1641
f  940//1642 1718//1642 953//1642
f  953//1642 1718//1642 1749//1642
f  953//1643 1749//1643 956//1643
f  956//1643 1749//1643 1748//1643
f  956//1644 1748//1644 957//1644
f  957//1644 1748//1644 1747//1644
f  957//1645 1747//1645 1840//1645
f  1840//1646 1747//1646 1837//1646
f  1838//1647 1836//1647 960//1647
f  960//1648 1836//1648 1745//1648
f  960//1649 1745//1649 1021//1649
f  1021//1649 1745//1649 1744//1649
f  1021//1650 1744//1650 1022//1650
f  1022//1650 1744//1650 1750//1650
f  1022//1651 1750//1651 1754//1651
f  1022//1651 1754//1651 1023//1651
f  1023//1652 1754//1652 1753//1652
f  1023//1652 1753//1652 1013//1652
f  1013//1653 1753//1653 1752//1653
f  1013//1653 1752//1653 1014//1653
f  1841//1654 1838//1654 1839//1654
f  1841//1655 1839//1655 1842//1655
f  1842//1656 1839//1656 1840//1656
f  1842//1657 1840//1657 1843//1657
f  1838//1658 1841//1658 1836//1658
f  1836//1659 1841//1659 1844//1659
f  1836//1660 1844//1660 1845//1660
f  1846//1661 1847//1661 1843//1661
f  1843//1662 1847//1662 1848//1662
f  1843//1663 1848//1663 1842//1663
f  1844//1664 1849//1664 1845//1664
f  1845//1665 1849//1665 1850//1665
f  1845//1666 1850//1666 1851//1666
f  1850//1667 1852//1667 1851//1667
f  1851//1668 1852//1668 1853//1668
f  1851//1669 1853//1669 1854//1669
f  1854//1670 1853//1670 1855//1670
f  1854//1671 1855//1671 1314//1671
f  1314//1672 1855//1672 1856//1672
f  1314//1673 1856//1673 1358//1673
f  1856//1674 1857//1674 1358//1674
f  1358//1675 1857//1675 1858//1675
f  1358//1676 1858//1676 1357//1676
f  1858//1677 1859//1677 1357//1677
f  1357//1678 1859//1678 1860//1678
f  1357//1679 1860//1679 1355//1679
f  1860//1680 1861//1680 1355//1680
f  1355//1681 1861//1681 1862//1681
f  1355//1682 1862//1682 1370//1682
f  1370//1683 1862//1683 1863//1683
f  1370//1684 1863//1684 1371//1684
f  1863//1685 1864//1685 1371//1685
f  1371//1686 1864//1686 1865//1686
f  1371//1687 1865//1687 1373//1687
f  1865//1688 1866//1688 1373//1688
f  1373//1689 1866//1689 1867//1689
f  1373//1690 1867//1690 1374//1690
f  1867//1691 1868//1691 1374//1691
f  1374//1692 1868//1692 1869//1692
f  1374//1693 1869//1693 1360//1693
f  1869//1694 1870//1694 1360//1694
f  1360//1695 1870//1695 1871//1695
f  1360//1696 1871//1696 1361//1696
f  1361//1697 1871//1697 1872//1697
f  1361//1698 1872//1698 1873//1698
f  1873//1699 1872//1699 1874//1699
f  1873//1700 1874//1700 1875//1700
f  1874//1701 1876//1701 1875//1701
f  1875//1702 1876//1702 1877//1702
f  1875//1703 1877//1703 1878//1703
f  1878//1704 1877//1704 1879//1704
f  1878//1705 1879//1705 1846//1705
f  1846//1706 1879//1706 1880//1706
f  1846//1707 1880//1707 1847//1707
f  1881//1708 1847//1708 1880//1708
f  1881//1709 1880//1709 1882//1709
f  1847//1710 1881//1710 1848//1710
f  1848//1711 1881//1711 1883//1711
f  1848//1712 1883//1712 1842//1712
f  1842//1713 1883//1713 1841//1713
f  1841//1714 1883//1714 1884//1714
f  1841//1715 1884//1715 1844//1715
f  1844//1716 1884//1716 1849//1716
f  1849//1717 1884//1717 1885//1717
f  1849//1718 1885//1718 1850//1718
f  1850//1719 1885//1719 1852//1719
f  1852//1720 1885//1720 1886//1720
f  1852//1721 1886//1721 1853//1721
f  1853//1722 1886//1722 1855//1722
f  1855//1723 1886//1723 1887//1723
f  1855//1724 1887//1724 1856//1724
f  1856//1725 1887//1725 1857//1725
f  1857//1726 1887//1726 1888//1726
f  1857//1727 1888//1727 1858//1727
f  1858//1728 1888//1728 1859//1728
f  1859//1729 1888//1729 1889//1729
f  1859//1730 1889//1730 1860//1730
f  1860//1731 1889//1731 1861//1731
f  1861//1732 1889//1732 1890//1732
f  1861//1733 1890//1733 1862//1733
f  1862//1734 1890//1734 1863//1734
f  1863//1735 1890//1735 1891//1735
f  1863//1736 1891//1736 1864//1736
f  1892//1737 1893//1737 1868//1737
f  1868//1738 1867//1738 1892//1738
f  1892//1739 1867//1739 1866//1739
f  1892//1740 1866//1740 1891//1740
f  1891//1741 1866//1741 1865//1741
f  1891//1742 1865//1742 1864//1742
f  1894//1743 1895//1743 1872//1743
f  1872//1744 1871//1744 1894//1744
f  1894//1745 1871//1745 1870//1745
f  1894//1746 1870//1746 1893//1746
f  1893//1747 1870//1747 1869//1747
f  1893//1748 1869//1748 1868//1748
f  1880//1749 1879//1749 1882//1749
f  1882//1750 1879//1750 1877//1750
f  1882//1751 1877//1751 1896//1751
f  1896//1752 1877//1752 1876//1752
f  1896//1753 1876//1753 1895//1753
f  1895//1754 1876//1754 1874//1754
f  1895//1755 1874//1755 1872//1755
f  1895//1029 1361//1029 1873//1029
f  1314//1029 1887//1029 1854//1029
f  1854//1029 1887//1029 1886//1029
f  1854//1029 1886//1029 1851//1029
f  1851//1029 1886//1029 1885//1029
f  1851//1029 1885//1029 1845//1029
f  1845//1029 1885//1029 1836//1029
f  1836//1029 1885//1029 1884//1029
f  1836//1029 1884//1029 1837//1029
f  1837//1029 1884//1029 1883//1029
f  1837//1029 1883//1029 1840//1029
f  1895//1029 1873//1029 1896//1029
f  1896//1029 1873//1029 1875//1029
f  1896//1029 1875//1029 1882//1029
f  1882//1029 1875//1029 1878//1029
f  1882//1029 1878//1029 1881//1029
f  1881//1029 1878//1029 1846//1029
f  1881//1029 1846//1029 1883//1029
f  1883//1029 1846//1029 1843//1029
f  1883//1029 1843//1029 1840//1029
f  1897//1756 1832//1756 1831//1756
f  1898//1757 1899//1757 1900//1757
f  1900//1758 1899//1758 1901//1758
f  1900//1759 1901//1759 1364//1759
f  1364//1760 1901//1760 1902//1760
f  1364//1761 1902//1761 1365//1761
f  1902//1762 1903//1762 1365//1762
f  1365//1763 1903//1763 1904//1763
f  1365//1764 1904//1764 1376//1764
f  1904//1765 1905//1765 1376//1765
f  1376//1766 1905//1766 1906//1766
f  1376//1767 1906//1767 1378//1767
f  1906//1768 1907//1768 1378//1768
f  1378//1769 1907//1769 1908//1769
f  1378//1770 1908//1770 1298//1770
f  1908//1771 1909//1771 1298//1771
f  1298//1772 1909//1772 1910//1772
f  1298//1773 1910//1773 1297//1773
f  1910//1674 1911//1674 1297//1674
f  1297//1675 1911//1675 1912//1675
f  1297//1676 1912//1676 1295//1676
f  1912//1677 1913//1677 1295//1677
f  1295//1678 1913//1678 1914//1678
f  1295//1774 1914//1774 1339//1774
f  1914//1775 1915//1775 1339//1775
f  1339//1776 1915//1776 1916//1776
f  1339//1777 1916//1777 1337//1777
f  1337//1778 1916//1778 1917//1778
f  1337//1779 1917//1779 1335//1779
f  1335//1780 1917//1780 1918//1780
f  1335//1781 1918//1781 1919//1781
f  1919//1686 1918//1686 1920//1686
f  1919//1687 1920//1687 1921//1687
f  1920//1688 1922//1688 1921//1688
f  1921//1782 1922//1782 1923//1782
f  1921//1783 1923//1783 1924//1783
f  1923//1784 1925//1784 1924//1784
f  1924//1692 1925//1692 1926//1692
f  1924//1785 1926//1785 1835//1785
f  1835//1786 1926//1786 1927//1786
f  1835//1787 1927//1787 1834//1787
f  1834//1788 1927//1788 1928//1788
f  1834//1789 1928//1789 1831//1789
f  1831//1790 1928//1790 1929//1790
f  1831//1791 1929//1791 1897//1791
f  1897//1792 1929//1792 1930//1792
f  1897//1700 1930//1700 1931//1700
f  1930//1701 1932//1701 1931//1701
f  1931//1793 1932//1793 1933//1793
f  1931//1794 1933//1794 1934//1794
f  1934//1795 1933//1795 1935//1795
f  1934//1705 1935//1705 1898//1705
f  1898//1706 1935//1706 1936//1706
f  1898//1796 1936//1796 1899//1796
f  1937//1797 1899//1797 1936//1797
f  1937//1798 1936//1798 1938//1798
f  1899//1799 1937//1799 1901//1799
f  1901//1800 1937//1800 1939//1800
f  1901//1801 1939//1801 1902//1801
f  1902//1713 1939//1713 1903//1713
f  1903//1802 1939//1802 1940//1802
f  1903//1803 1940//1803 1904//1803
f  1904//1716 1940//1716 1905//1716
f  1905//1717 1940//1717 1941//1717
f  1905//1718 1941//1718 1906//1718
f  1906//1804 1941//1804 1907//1804
f  1907//1805 1941//1805 1942//1805
f  1907//1806 1942//1806 1908//1806
f  1908//1807 1942//1807 1909//1807
f  1909//1808 1942//1808 1943//1808
f  1909//1809 1943//1809 1910//1809
f  1910//1725 1943//1725 1911//1725
f  1911//1726 1943//1726 1944//1726
f  1911//1727 1944//1727 1912//1727
f  1912//1728 1944//1728 1913//1728
f  1913//1729 1944//1729 1945//1729
f  1913//1730 1945//1730 1914//1730
f  1914//1731 1945//1731 1915//1731
f  1915//1732 1945//1732 1946//1732
f  1915//1733 1946//1733 1916//1733
f  1916//1810 1946//1810 1917//1810
f  1917//1811 1946//1811 1947//1811
f  1917//1812 1947//1812 1918//1812
f  1948//1737 1949//1737 1925//1737
f  1925//1813 1923//1813 1948//1813
f  1948//1814 1923//1814 1922//1814
f  1948//1740 1922//1740 1947//1740
f  1947//1741 1922//1741 1920//1741
f  1947//1742 1920//1742 1918//1742
f  1950//1815 1951//1815 1929//1815
f  1929//1816 1928//1816 1950//1816
f  1950//1817 1928//1817 1927//1817
f  1950//1746 1927//1746 1949//1746
f  1949//1747 1927//1747 1926//1747
f  1949//1748 1926//1748 1925//1748
f  1936//1749 1935//1749 1938//1749
f  1938//1818 1935//1818 1933//1818
f  1938//1819 1933//1819 1952//1819
f  1952//1820 1933//1820 1932//1820
f  1952//1821 1932//1821 1951//1821
f  1951//1822 1932//1822 1930//1822
f  1951//1823 1930//1823 1929//1823
f  1948//1029 1947//1029 1335//1029
f  1833//1029 1832//1029 1897//1029
f  1335//1029 1919//1029 1948//1029
f  1948//1029 1919//1029 1921//1029
f  1948//1029 1921//1029 1949//1029
f  1949//1029 1921//1029 1924//1029
f  1949//1029 1924//1029 1950//1029
f  1924//1029 1835//1029 1950//1029
f  1950//1029 1835//1029 1833//1029
f  1950//1029 1833//1029 1951//1029
f  1951//1029 1833//1029 1897//1029
f  1951//1029 1897//1029 1952//1029
f  1952//1029 1897//1029 1931//1029
f  1952//1029 1931//1029 1938//1029
f  1938//1029 1931//1029 1934//1029
f  1938//1029 1934//1029 1937//1029
f  1937//1029 1934//1029 1898//1029
f  1937//1029 1898//1029 1939//1029
f  1939//1029 1898//1029 1900//1029
f  1939//1029 1900//1029 1364//1029
f  935//1824 1723//1824 936//1824
f  936//1824 1723//1824 1721//1824
f  936//1825 1721//1825 938//1825
f  938//1825 1721//1825 1720//1825
f  938//1826 1720//1826 940//1826
f  940//1826 1720//1826 1718//1826
f  1808//1827 1670//1827 1789//1827
f  1789//1827 1670//1827 1669//1827
f  1789//1828 1669//1828 1790//1828
f  1790//1828 1669//1828 1668//1828
f  1790//1829 1668//1829 1792//1829
f  1792//1829 1668//1829 1667//1829
f  1792//1830 1667//1830 1794//1830
f  1794//1830 1667//1830 1707//1830
f  1794//1831 1707//1831 1799//1831
f  1799//1831 1707//1831 1705//1831
f  1799//1832 1705//1832 1800//1832
f  1800//1832 1705//1832 1704//1832
f  1800//1833 1704//1833 1802//1833
f  1802//1833 1704//1833 1701//1833
f  1802//1834 1701//1834 1803//1834
f  1803//1834 1701//1834 1702//1834
f  1803//1835 1702//1835 1804//1835
f  1804//1835 1702//1835 1703//1835
f  1804//1836 1703//1836 1805//1836
f  1805//1836 1703//1836 1662//1836
f  1805//1837 1662//1837 1814//1837
f  1814//1837 1662//1837 1664//1837
f  1814//1838 1664//1838 1812//1838
f  1812//1838 1664//1838 1666//1838
f  1812//1839 1666//1839 1810//1839
f  1810//1839 1666//1839 1671//1839
f  1810//1840 1671//1840 1808//1840
f  1808//1840 1671//1840 1670//1840
f  1788//1827 1694//1827 1821//1827
f  1821//1827 1694//1827 1692//1827
f  1821//1841 1692//1841 1828//1841
f  1828//1841 1692//1841 1690//1841
f  1828//1842 1690//1842 1826//1842
f  1826//1842 1690//1842 1688//1842
f  1826//1830 1688//1830 1806//1830
f  1806//1830 1688//1830 1687//1830
f  1806//1831 1687//1831 1796//1831
f  1796//1831 1687//1831 1686//1831
f  1796//1832 1686//1832 1815//1832
f  1815//1832 1686//1832 1685//1832
f  1815//1843 1685//1843 1784//1843
f  1784//1843 1685//1843 1742//1843
f  1784//1844 1742//1844 1782//1844
f  1782//1844 1742//1844 1740//1844
f  1782//1835 1740//1835 1780//1835
f  1780//1835 1740//1835 1737//1835
f  1780//1836 1737//1836 1778//1836
f  1778//1836 1737//1836 1736//1836
f  1778//1837 1736//1837 1776//1837
f  1776//1837 1736//1837 1732//1837
f  1776//1845 1732//1845 1786//1845
f  1786//1845 1732//1845 1733//1845
f  1786//1846 1733//1846 1787//1846
f  1787//1846 1733//1846 1758//1846
f  1787//1840 1758//1840 1788//1840
f  1788//1840 1758//1840 1694//1840
f  1699//1847 1795//1847 1700//1847
f  1700//1847 1795//1847 1801//1847
f  1700//1848 1801//1848 1698//1848
f  1698//1848 1801//1848 1779//1848
f  1698//1849 1779//1849 1609//1849
f  1609//1849 1779//1849 1610//1849
f  1781//1850 1738//1850 1783//1850
f  1783//1850 1738//1850 1739//1850
f  1783//1851 1739//1851 1785//1851
f  1785//1851 1739//1851 1741//1851
f  1785//1852 1741//1852 1625//1852
f  1625//1852 1741//1852 1626//1852
f  1198//1853 1197//1853 1953//1853
f  1953//1853 1197//1853 1263//1853
f  1954//1854 1955//1854 1324//1854
f  1324//1854 1955//1854 1323//1854
f  1352//1855 1351//1855 1956//1855
f  1956//1855 1351//1855 1957//1855
f  1958//1856 1286//1856 1189//1856
f  1189//1856 1286//1856 1190//1856
f  1286//1857 1958//1857 1959//1857
f  1286//1857 1959//1857 1350//1857
f  1350//1858 1959//1858 1960//1858
f  1350//1858 1960//1858 1348//1858
f  1348//1859 1960//1859 1961//1859
f  1348//1859 1961//1859 1349//1859
f  1349//1860 1961//1860 1957//1860
f  1349//1860 1957//1860 1351//1860
f  1323//1861 1955//1861 1962//1861
f  1323//1861 1962//1861 1322//1861
f  1322//1862 1962//1862 1963//1862
f  1322//1862 1963//1862 1261//1862
f  1261//1863 1963//1863 1964//1863
f  1261//1863 1964//1863 1262//1863
f  1262//1864 1964//1864 1953//1864
f  1262//1864 1953//1864 1263//1864
f  816//1865 1955//1865 818//1865
f  818//1866 1955//1866 1954//1866
f  818//1867 1954//1867 1965//1867
f  1965//1868 1954//1868 1966//1868
f  817//1869 1953//1869 1964//1869
f  817//1870 1964//1870 815//1870
f  815//1871 1964//1871 1963//1871
f  815//1872 1963//1872 813//1872
f  813//1873 1963//1873 1962//1873
f  813//1874 1962//1874 814//1874
f  814//1875 1962//1875 1955//1875
f  814//1876 1955//1876 816//1876
f  826//1877 1198//1877 817//1877
f  817//1877 1198//1877 1953//1877
f  844//1878 1189//1878 1192//1878
f  844//1879 1192//1879 842//1879
f  842//1880 1192//1880 1194//1880
f  842//1881 1194//1881 830//1881
f  830//1882 1194//1882 1196//1882
f  830//1883 1196//1883 828//1883
f  828//1884 1196//1884 1198//1884
f  828//1885 1198//1885 826//1885
f  857//1886 1958//1886 835//1886
f  835//1887 1958//1887 1189//1887
f  835//1888 1189//1888 844//1888
f  849//1889 1957//1889 1961//1889
f  849//1890 1961//1890 847//1890
f  847//1891 1961//1891 1960//1891
f  847//1892 1960//1892 848//1892
f  848//1893 1960//1893 1959//1893
f  848//1894 1959//1894 850//1894
f  850//1895 1959//1895 1958//1895
f  850//1896 1958//1896 857//1896
f  1967//1897 1968//1897 1956//1897
f  1957//1898 849//1898 1956//1898
f  1956//1899 849//1899 858//1899
f  1956//1900 858//1900 1967//1900
f  1205//1901 1203//1901 1291//1901
f  1287//1902 1969//1902 1289//1902
f  1289//1903 1969//1903 1970//1903
f  1289//1904 1970//1904 1971//1904
f  1971//1905 1972//1905 1289//1905
f  1289//1906 1972//1906 1973//1906
f  1289//1907 1973//1907 1291//1907
f  1291//1908 1973//1908 1974//1908
f  1291//1909 1974//1909 1205//1909
f  1956//1910 1968//1910 1352//1910
f  1352//1911 1968//1911 1975//1911
f  1352//1912 1975//1912 1287//1912
f  1287//1913 1975//1913 1976//1913
f  1287//1914 1976//1914 1969//1914
f  1975//1915 1968//1915 1967//1915
f  863//1916 1204//1916 864//1916
f  864//1917 1204//1917 1977//1917
f  864//1918 1977//1918 865//1918
f  865//1919 1977//1919 860//1919
f  1967//1920 858//1920 1977//1920
f  1977//1921 858//1921 853//1921
f  853//1922 862//1922 1977//1922
f  1977//1923 862//1923 861//1923
f  1977//1924 861//1924 860//1924
f  1971//1925 1970//1925 1977//1925
f  1977//1926 1970//1926 1969//1926
f  1977//1927 1969//1927 1967//1927
f  1967//1928 1969//1928 1976//1928
f  1967//1929 1976//1929 1975//1929
f  1205//1930 1974//1930 1204//1930
f  1204//1931 1974//1931 1973//1931
f  1204//1932 1973//1932 1977//1932
f  1977//1933 1973//1933 1972//1933
f  1977//1934 1972//1934 1971//1934
f  1966//1935 1954//1935 1324//1935
f  1978//1936 1283//1936 1979//1936
f  1979//1937 1283//1937 1282//1937
f  1979//1938 1282//1938 1980//1938
f  1978//1939 1981//1939 1283//1939
f  1283//1940 1981//1940 1982//1940
f  1283//1941 1982//1941 1324//1941
f  1324//1942 1982//1942 1983//1942
f  1324//1943 1983//1943 1966//1943
f  1199//1944 1201//1944 1300//1944
f  1300//1945 1201//1945 1984//1945
f  1300//1946 1984//1946 1282//1946
f  1282//1947 1984//1947 1985//1947
f  1282//1948 1985//1948 1980//1948
f  1984//1949 1201//1949 1200//1949
f  1978//1950 1979//1950 1986//1950
f  1986//1951 1979//1951 1980//1951
f  1986//1952 1980//1952 1985//1952
f  1984//1953 1200//1953 1985//1953
f  1966//1954 1983//1954 1965//1954
f  1965//1955 1983//1955 1982//1955
f  1965//1956 1982//1956 1986//1956
f  1986//1957 1982//1957 1981//1957
f  1986//1958 1981//1958 1978//1958
f  818//1959 1965//1959 819//1959
f  819//1960 1965//1960 1986//1960
f  819//1961 1986//1961 1010//1961
f  1010//1962 1986//1962 1005//1962
f  1985//1963 1200//1963 1986//1963
f  1986//1964 1200//1964 995//1964
f  1986//1965 995//1965 1009//1965
f  1009//1966 1008//1966 1986//1966
f  1986//1967 1008//1967 1006//1967
f  1986//1968 1006//1968 1005//1968
f  1939//1030 1148//1030 1940//1030
f  1940//1030 1148//1030 1150//1030
f  1940//1030 1150//1030 1941//1030
f  1941//1030 1150//1030 1152//1030
f  1941//1030 1152//1030 1942//1030
f  1942//1030 1152//1030 1154//1030
f  1162//1030 1947//1030 1160//1030
f  1160//1030 1947//1030 1946//1030
f  1160//1030 1946//1030 1158//1030
f  1158//1030 1946//1030 1945//1030
f  1158//1030 1945//1030 1156//1030
f  1156//1030 1945//1030 1944//1030
f  1156//1030 1944//1030 1154//1030
f  1154//1030 1944//1030 1943//1030
f  1154//1030 1943//1030 1942//1030
f  1162//1969 1164//1969 1947//1969
f  1947//1970 1164//1970 1816//1970
f  1947//1971 1816//1971 1335//1971
f  1335//1972 1816//1972 1336//1972
f  1364//1972 1363//1972 1768//1972
f  1364//1973 1768//1973 1939//1973
f  1939//1974 1768//1974 1178//1974
f  1939//1969 1178//1969 1148//1969
f  1120//1030 1895//1030 1122//1030
f  1122//1030 1895//1030 1894//1030
f  1122//1030 1894//1030 1124//1030
f  1124//1030 1894//1030 1893//1030
f  1124//1030 1893//1030 1126//1030
f  1887//1030 1133//1030 1888//1030
f  1888//1030 1133//1030 1132//1030
f  1888//1030 1132//1030 1889//1030
f  1889//1030 1132//1030 1130//1030
f  1889//1030 1130//1030 1890//1030
f  1890//1030 1130//1030 1128//1030
f  1890//1030 1128//1030 1891//1030
f  1891//1030 1128//1030 1126//1030
f  1891//1030 1126//1030 1892//1030
f  1892//1030 1126//1030 1893//1030
f  1120//1975 1147//1975 1895//1975
f  1895//1976 1147//1976 1761//1976
f  1895//1977 1761//1977 1361//1977
f  1361//1978 1761//1978 1266//1978
f  1314//1978 1313//1978 1759//1978
f  1314//1979 1759//1979 1887//1979
f  1887//1980 1759//1980 1134//1980
f  1887//1981 1134//1981 1133//1981
f  771//1029 769//1029 1987//1029
f  1987//1029 769//1029 767//1029
f  1987//1029 767//1029 1988//1029
f  1988//1029 767//1029 765//1029
f  1988//1029 765//1029 1989//1029
f  1989//1029 765//1029 764//1029
f  1989//1029 764//1029 1990//1029
f  1990//1029 764//1029 793//1029
f  785//1029 1991//1029 787//1029
f  787//1029 1991//1029 1992//1029
f  787//1029 1992//1029 789//1029
f  789//1029 1992//1029 1993//1029
f  789//1029 1993//1029 791//1029
f  791//1029 1993//1029 1994//1029
f  791//1029 1994//1029 793//1029
f  793//1029 1994//1029 1995//1029
f  793//1029 1995//1029 1990//1029
f  777//1029 1996//1029 779//1029
f  779//1029 1996//1029 1997//1029
f  779//1029 1997//1029 781//1029
f  781//1029 1997//1029 1998//1029
f  781//1029 1998//1029 783//1029
f  783//1029 1998//1029 1999//1029
f  783//1029 1999//1029 785//1029
f  785//1029 1999//1029 2000//1029
f  785//1029 2000//1029 1991//1029
f  1987//1029 2001//1029 771//1029
f  771//1029 2001//1029 2002//1029
f  771//1029 2002//1029 773//1029
f  773//1029 2002//1029 2003//1029
f  773//1029 2003//1029 775//1029
f  775//1029 2003//1029 2004//1029
f  775//1029 2004//1029 777//1029
f  777//1029 2004//1029 2005//1029
f  777//1029 2005//1029 1996//1029
f  1987//1982 829//1982 2001//1982
f  2001//1982 829//1982 827//1982
f  2001//1983 827//1983 2002//1983
f  2002//1983 827//1983 825//1983
f  2002//1984 825//1984 2003//1984
f  2003//1984 825//1984 824//1984
f  2003//1985 824//1985 2004//1985
f  2004//1985 824//1985 823//1985
f  2004//1986 823//1986 2005//1986
f  2005//1986 823//1986 822//1986
f  2005//1987 822//1987 1996//1987
f  1996//1987 822//1987 821//1987
f  1996//1988 821//1988 1997//1988
f  1997//1988 821//1988 820//1988
f  1997//1989 820//1989 1998//1989
f  1998//1989 820//1989 841//1989
f  1998//1990 841//1990 1999//1990
f  1999//1990 841//1990 840//1990
f  1999//1991 840//1991 2000//1991
f  2000//1991 840//1991 838//1991
f  2000//1992 838//1992 1991//1992
f  1991//1992 838//1992 837//1992
f  1991//1993 837//1993 1992//1993
f  1992//1993 837//1993 833//1993
f  1992//1994 833//1994 1993//1994
f  1993//1994 833//1994 832//1994
f  1993//1995 832//1995 1994//1995
f  1994//1995 832//1995 834//1995
f  1994//1996 834//1996 1995//1996
f  1995//1996 834//1996 836//1996
f  1995//1997 836//1997 1990//1997
f  1990//1997 836//1997 846//1997
f  1990//1998 846//1998 1989//1998
f  1989//1998 846//1998 845//1998
f  1989//1999 845//1999 1988//1999
f  1988//1999 845//1999 843//1999
f  1988//2000 843//2000 1987//2000
f  1987//2000 843//2000 829//2000

