# File produced by Open Asset Import Library (http://www.assimp.sf.net)
# (assimp v5.2.0)

mtllib waist_constraint_R.mtl

# 1144 vertex positions
v  0.00304037915 0.00449110614 0.0481898077
v  -0.00195971481 0.00449634856 0.0480898172
v  -0.00195786357 0.00465925736 0.0502738319
v  0.00304028229 0.0044989679 0.0480853841
v  0.00303833676 0.0049408921 0.0461522713
v  -0.00196187384 0.00501631014 0.0459623523
v  0.00303812348 0.00501892949 0.0459579192
v  0.00303618796 0.00597127015 0.0443378352
v  -0.00196412881 0.00616824534 0.044099696
v  0.00303586829 0.00617086468 0.0440952629
v  0.00303412392 0.00749068614 0.0429077148
v  -0.00196625968 0.00783939473 0.0426841676
v  0.00303373765 0.00784201454 0.0426797345
v  0.00303232763 0.0093641337 0.0419889912
v  -0.00196805736 0.00986617431 0.0418543331
v  0.00303193997 0.00986879412 0.0418499
v  0.00303095905 0.0114251487 0.0416632891
v  -0.00196934585 0.0120501891 0.0416914262
v  0.00303065125 0.0120528089 0.0416869931
v  0.00303013972 0.0134906005 0.041959554
v  -0.0019699994 0.014177653 0.042211391
v  0.00302999769 0.0141802719 0.0422069542
v  0.00302994228 0.0153769655 0.0428514592
v  -0.001969954 0.0160403121 0.0433633253
v  0.00303004333 0.0160429329 0.0433588922
v  0.00303038443 0.0169166308 0.0442597531
v  -0.0019692136 0.0174558405 0.0450344756
v  0.0030307835 0.0174584612 0.0450300425
v  0.00303142681 0.0179727916 0.0460593067
v  -0.00196785131 0.018285675 0.0470612533
v  0.00303214602 0.0182882957 0.0470568202
v  0.00303297676 0.0184516013 0.0480902158
v  -0.00196600007 0.0184485838 0.0492452681
v  0.00303399726 0.0184512045 0.049240835
v  0.00303489668 0.0183105189 0.0501720347
v  -0.00196384126 0.0179286227 0.051372733
v  0.00303615606 0.0179312415 0.0513682961
v  0.00303701591 0.0175620764 0.0521197729
v  -0.00196158607 0.0167766884 0.0532353893
v  0.00303841126 0.0167793073 0.0532309562
v  0.00303914608 0.0162727796 0.0537603758
v  -0.00195945543 0.0151055381 0.0546509176
v  0.00304054189 0.0151081579 0.0546464846
v  0.00304109813 0.0145571865 0.0549480617
v  -0.00195765775 0.0130787585 0.0554807521
v  0.00304233958 0.0130813783 0.0554763153
v  0.00304269837 0.0125677343 0.0555773042
v  -0.00195636903 0.0108947437 0.0556436591
v  0.0030436283 0.0108973635 0.055639226
v  0.00304380455 0.0104811965 0.0555921867
v  -0.00195571547 0.0087672798 0.0551236942
v  0.00304428185 0.00876989961 0.0551192611
v  0.00304431887 0.00848296937 0.0549913943
v  -0.00195576111 0.00690461975 0.05397176
v  0.00304423622 0.00690723909 0.0539673269
v  0.00304419501 0.00675060507 0.0538283028
v  -0.00195650128 0.00548909139 0.0523006096
v  0.00304349605 0.0054917112 0.0522961766
v  0.00304344436 0.00543803163 0.0522062629
v  0.00304213353 0.00466187717 0.0502693988
v  0.00300323777 -0.006982408 -0.000475962908
v  -0.00199685642 -0.00697716605 -0.000575953862
v  -0.00199500518 -0.00681425678 0.00160806114
v  0.00300314091 -0.0069745467 -0.000580387423
v  0.00300119538 -0.00653262157 -0.0025134976
v  -0.00199901522 -0.00645720446 -0.00270341639
v  0.00300098211 -0.00645458465 -0.00270784996
v  0.00299904658 -0.00550224399 -0.00432793656
v  -0.00200127042 -0.00530526927 -0.00456607575
v  0.00299872691 -0.00530264992 -0.00457050931
v  0.00299698254 -0.00398282753 -0.00575805176
v  -0.00200340105 -0.00363411964 -0.00598160224
v  0.00299659627 -0.00363150006 -0.0059860358
v  0.00299518625 -0.00210938067 -0.00667677959
v  -0.00200519874 -0.00160733983 -0.0068114344
v  0.00299479859 -0.00160472025 -0.00681586796
v  0.00299381767 -4.8365313e-05 -0.007002478
v  -0.00200648746 0.000576674822 -0.00697434321
v  0.00299350987 0.000579294341 -0.00697877677
v  0.00299299834 0.00201708684 -0.00670621451
v  -0.00200714101 0.00270413817 -0.00645438116
v  0.00299285632 0.00270675775 -0.00645881472
v  0.0029928009 0.00390345114 -0.00581431063
v  -0.00200709538 0.00456679845 -0.0053024455
v  0.00299290195 0.00456941826 -0.00530687906
v  0.00299324305 0.00544311665 -0.00440601492
v  -0.00200635521 0.00598232681 -0.00363129587
v  0.00299364212 0.00598494615 -0.00363572943
v  0.00299428543 0.00649927743 -0.00260646199
v  -0.00200499268 0.00681216083 -0.00160451571
v  0.00299500464 0.00681478065 -0.00160894927
v  0.00299583538 0.00697808806 -0.000575550948
v  -0.00200314145 0.00697507011 0.000579499232
v  0.00299685588 0.00697768945 0.000575065671
v  0.00299775531 0.0068370048 0.00150626537
v  -0.00200098264 0.00645510852 0.00270696171
v  0.00299901469 0.00645772787 0.00270252815
v  0.00299987453 0.00608856324 0.00345400698
v  -0.00199872744 0.00530317333 0.00456962129
v  0.00300126988 0.00530579314 0.00456518773
v  0.0030020047 0.00479926635 0.00509460783
v  -0.00199659681 0.0036320237 0.00598514779
v  0.00300340052 0.00363464328 0.00598071422
v  0.00300395652 0.00308367237 0.00628229417
v  -0.00199479912 0.00160524389 0.00681497948
v  0.0030051982 0.00160786335 0.00681054592
v  0.00300555676 0.00109422032 0.00691153388
v  -0.00199351041 -0.000578770763 0.00697788876
v  0.00300648692 -0.000576151244 0.00697345519
v  0.00300666317 -0.000992317684 0.00692641968
v  -0.00199285685 -0.00270623411 0.00645792671
v  0.00300714048 -0.00270361477 0.00645349314
v  0.00300717726 -0.00299054501 0.00632562395
v  -0.00199290249 -0.00456889439 0.00530599104
v  0.00300709484 -0.00456627505 0.00530155748
v  0.00300705363 -0.0047229086 0.00516253524
v  -0.00199364265 -0.00598442275 0.00363484141
v  0.00300635467 -0.00598180341 0.00363040785
v  0.00300630298 -0.00603548251 0.00354049215
v  0.00300499215 -0.00681163743 0.00160362758
v  -0.00349853327 0.00779654691 0.00626291661
v  -0.00350121269 0.00914742704 0.00403931784
v  -0.00350427884 0.00583805935 -0.00137371593
v  -0.00350380992 0.00987896882 0.00154249824
v  -0.00348958001 -0.00311466958 0.00991321076
v  -0.00349860825 0.00434491411 0.00413901638
v  -0.0034967286 0.00276646693 0.00532630924
v  -0.00345958723 0.0142399808 0.0539920777
v  -0.00345871178 0.0173056908 0.0567907132
v  -0.00346146687 0.0158184282 0.0528047867
v  -0.0034612841 0.0192034002 0.0550108366
v  -0.00346349715 0.0169258378 0.051169306
v  -0.00346396305 0.0205777306 0.0528016537
v  -0.00346545829 0.0174422059 0.0492628627
v  -0.00346521917 0.00786496606 0.0438739173
v  -0.00346694514 0.00961730722 0.0429626219
v  -0.00347327511 0.0145845162 0.0387587659
v  -0.00346822827 0.011570598 0.0426696911
v  -0.00346892932 0.0135131702 0.0430268608
v  -0.00350037846 -0.00497004623 -0.00336095062
v  -0.0034988923 -0.00910788309 -0.00412967708
v  -0.00349835516 -0.00579316122 -0.00156550319
v  -0.00349628809 -0.00986579712 -0.00164073624
v  -0.00349650998 -0.00598869612 0.000399929268
v  -0.00349393534 -0.00995599385 0.000959482975
v  -0.00349504268 -0.00553546147 0.00232235761
v  -0.00349199283 -0.00937236566 0.00349496119
v  -0.00349411252 -0.00448257197 0.00399346044
v  -0.00350614917 0.00994165149 -0.00105852971
v  -0.00350807211 0.00933123287 -0.00358769135
v  -0.00350549398 0.00507458439 -0.00319532561
v  -0.00350944838 0.00808903202 -0.00587378349
v  -0.00350611378 0.00376100093 -0.00467033731
v  -0.00351018505 0.0062991404 -0.00776205119
v  -0.0035060707 0.00203965604 -0.00563890766
v  -0.0034971477 0.00720996736 0.00747906463
v  -0.00350259966 0.00596869085 0.000597093545
v  -0.00349595374 0.00721611455 0.00882926956
v  -0.00350063876 0.00545232417 0.00250353618
v  -0.00345697114 0.00699094264 0.0526592284
v  -0.00345267029 0.00517070619 0.0564340279
v  -0.00345667871 0.00852938928 0.0538979135
v  -0.00345262326 0.00738712912 0.0577966496
v  -0.00345705589 0.0103866784 0.0545699522
v  -0.0034532689 0.00988004636 0.058541391
v  -0.00345806172 0.0123615451 0.054602515
v  -0.00345456367 0.012480706 0.058617834
v  -0.0034564198 0.0150130615 0.0580208004
v  -0.00346121378 0.00568035292 0.0471002683
v  -0.00346570765 0.00425987924 0.0411929116
v  -0.0034593686 0.00548481848 0.0490656979
v  -0.00346432184 0.00367329968 0.0424090587
v  -0.00346164242 0.00232241978 0.0446326584
v  -0.0034952031 0.000888031034 0.00593674695
v  -0.00349419727 -0.00108683575 0.00590418139
v  -0.003489753 -0.00418272102 0.00908716023
v  -0.00349382032 -0.00294412486 0.00523214741
v  -0.00348982844 -0.00638460414 0.00770116411
v  -0.00349059212 -0.00815442018 0.00579406647
v  -0.00351023208 0.00408271747 -0.00912467483
v  -0.00350958621 0.0015898007 -0.00986941345
v  -0.00350536965 9.70842302e-05 -0.00599607779
v  -0.00350829167 -0.00101085939 -0.00994585827
v  -0.00350408652 -0.00185620703 -0.00570314424
v  -0.00350643555 -0.00354321511 -0.00934882741
v  -0.00350236055 -0.00360854855 -0.00479185255
v  -0.00350414356 -0.0058358442 -0.00811873656
v  -0.00350157125 -0.00773355411 -0.00633885944
v  -0.00346656726 0.0213356446 0.0503127128
v  -0.00346892001 0.0214258395 0.0477124937
v  -0.00346713746 0.017311573 0.0472920537
v  -0.00347086252 0.0208422132 0.0451770164
v  -0.0034683526 0.016548099 0.0454704426
v  -0.00347226299 0.0196242668 0.0428779088
v  -0.0034689724 0.0152345151 0.0439954326
v  -0.00347302691 0.0178544503 0.0409708135
v  -0.00347310235 0.0156525671 0.0395848155
v  -0.0034590452 0.00159087859 0.0471294783
v  -0.00345670618 0.00152819511 0.0497305058
v  -0.0034579013 0.00593805313 0.0509881265
v  -0.00345478323 0.00213861442 0.0522596687
v  -0.00345340697 0.0033808141 0.0545457602
v  -0.00347403577 0.0139868874 0.0375480093
v  -0.00346323708 0.00650346791 0.0453048199
v  -0.00348881958 -0.00251704059 0.0111239664
v  -0.0034669016 0.00425373204 0.0398427062
v  0.00353316683 0.00582608022 0.040844623
v  0.00353051745 0.0114218434 0.0411628596
v  0.00353198382 0.00921361335 0.0415118262
v  0.00349477003 0.00845379569 -0.000905490539
v  0.00349675817 0.00840051565 0.00130538084
v  0.00349759473 0.00732551189 0.00161360262
v  0.00350534869 -0.00729803275 0.00171791902
v  0.00350515172 -0.00845920295 0.00080981967
v  0.00350346882 -0.00748100132 -0.000510212325
v  0.00350315194 -0.00838253554 -0.00140036503
v  0.00350128068 -0.00699908845 -0.00269328826
v  0.00350093842 -0.00773830805 -0.0035159681
v  0.00349897845 -0.00589511124 -0.00463732565
v  0.00349866133 -0.00657012826 -0.00539377145
v  0.00349676679 -0.0042671659 -0.00616959529
v  0.00349647459 -0.0049570757 -0.00690666866
v  0.00349484244 -0.00225990056 -0.00715394411
v  0.00349452649 -0.00300834002 -0.00795224309
v  0.00349337608 -5.16706605e-05 -0.00750290975
v  0.00349294883 -0.000855837949 -0.0084597189
v  0.00349249807 0.00216131378 -0.00718548335
v  0.0034998653 0.00652361056 0.00370046729
v  0.00349896587 0.0077787051 0.00342767872
v  0.00350214774 0.0051422203 0.0054582553
v  0.00350124342 0.00663045747 0.00531773828
v  0.00350264064 0.00595038524 0.00649166945
v  0.00352788134 0.0130374003 0.0391444787
v  0.00352836261 0.0138962623 0.0401947014
v  0.00352963945 0.0136348279 0.0414802842
v  0.00353449699 0.00552679645 0.0421678945
v  0.00353390817 0.00720634824 0.0424961746
v  0.00353589421 0.00484672422 0.0433418229
v  0.00353611982 0.00557840243 0.0440284424
v  0.00353817176 0.00369847636 0.0452318825
v  0.00353842205 0.00447442615 0.0459724814
v  0.00354037946 0.00307666627 0.0473541804
v  0.0035406102 0.00399251236 0.0481555574
v  0.00354236783 0.003023386 0.0495650545
v  0.00354249007 0.00417548139 0.0503836907
v  0.00354400231 0.00354224117 0.0517148413
v  0.00350925629 -0.00156021875 0.00951508339
v  0.00350595359 0.00117252907 0.00740496349
v  0.00350423902 0.00330408383 0.00673077395
v  0.00349184847 0.00135472254 -0.00839474425
v  0.00349129946 0.00347370235 -0.00776171405
v  0.00349228666 0.00418241927 -0.00622987095
v  0.00349133951 0.00535766128 -0.0066034859
v  0.00349276024 0.00583206024 -0.00472098403
v  0.00349196559 0.00687907077 -0.00499845529
v  0.00349387713 0.00696366047 -0.00279289461
v  0.00349313556 0.00793494005 -0.00305527868
v  0.00349464756 0.00730169984 -0.00172412745
v  0.00349553768 0.00747667253 -0.000616915582
v  0.00350713893 -0.00106304768 0.00742091145
v  0.00350877503 -0.00241908059 0.00846486259
v  0.00350768981 -0.0032040053 0.00677720178
v  0.00350870658 -0.00355192018 0.00771834515
v  0.00350755733 -0.00506011024 0.0055310321
v  0.00350864255 -0.00542352116 0.00654024817
v  0.00350675313 -0.00646643806 0.00379313366
v  0.00350799342 -0.00692786463 0.00491921417
v  0.00350680295 -0.00796311814 0.00296497624
v  0.00352703105 0.0125305811 0.0378860049
v  0.0035320248 0.00571737252 0.0394922942
v  0.00350511307 0.0057598087 0.00916726701
v  0.00351010682 -0.0010534001 0.0107735554
v  0.0035039708 0.00565110054 0.00781493634
v  0.00354517205 0.00459811138 0.0536580198
v  0.00354389451 0.00500707561 0.052458901
v  0.00354579813 0.00611951994 0.0552630462
v  0.0035446987 0.00641340436 0.054196801
v  0.00354583818 0.0080034798 0.0564212762
v  0.00354483142 0.00826950837 0.0554429702
v  0.00354528939 0.0101224585 0.0570543073
v  0.00354428054 0.0104104662 0.0560866781
v  0.0035441888 0.0123330196 0.0571192801
v  0.00354309496 0.0126460427 0.0560707301
v  0.00354261114 0.0144855222 0.0566118062
v  0.0035413804 0.014777598 0.0553965457
v  0.00354066305 0.0164342579 0.0555662289
v  0.00353928911 0.0166157335 0.0541240238
v  0.00353847654 0.0180473104 0.0540533364
v  0.00353619922 0.0192154888 0.0521755293
v  0.00353700668 0.0179971252 0.0523662344
v  0.00353398593 0.0198597163 0.0500599295
v  0.00353473611 0.0187990256 0.0502793714
v  0.00353198592 0.0199363846 0.0478497446
v  0.00353267905 0.0189501867 0.0480488539
v  0.00353033491 0.0194402989 0.0456945859
v  0.00352843106 0.0150291016 0.0409412161
v  0.00352990162 0.0173055753 0.0439447835
v  0.00352942804 0.0156559329 0.0424358957
v  0.00353178894 0.0187752135 0.0469416417
v  0.0035310185 0.0184371751 0.0458728746
v  0.00352914445 0.0184050463 0.043740347
v  0.00352849509 0.0169007033 0.042119313
v  0.00203567534 0.00367618119 0.0424041823
v  0.00203835475 0.00232530129 0.044627782
v  0.00204095198 0.0015937601 0.0471246019
v  0.00204329123 0.0015310765 0.0497256294
v  0.00204521394 0.00214149593 0.0522547923
v  0.00204659044 0.00338369561 0.05454088
v  0.00204732688 0.00517358771 0.0564291514
v  0.00204737391 0.00739001064 0.0577917732
v  0.00204672827 0.00988292787 0.0585365146
v  0.0020454335 0.0124835875 0.0586129539
v  0.00204357738 0.015015943 0.0580159239
v  0.00204128562 0.0173085723 0.0567858368
v  0.00203871308 0.0192062818 0.0550059602
v  0.00203603413 0.0205806121 0.0527967773
v  0.00203343015 0.0213385262 0.0503078327
v  0.00203107717 0.021428721 0.0477076173
v  0.00202913466 0.0208450947 0.04517214
v  0.00202773418 0.0196271483 0.0428730324
v  0.0020269705 0.0178573318 0.0409659371
v  0.00202689506 0.0156554487 0.0395799391
v  0.0020014639 0.00779942842 0.00625803974
v  0.00199878449 0.00915030856 0.00403444096
v  0.00199618726 0.00988185033 0.00153762137
v  0.00199384801 0.009944533 -0.00106340658
v  0.0019919253 0.00933411438 -0.00359256822
v  0.00199054903 0.00809191354 -0.00587866036
v  0.00198981236 0.00630202191 -0.00776692852
v  0.00198976533 0.00408559898 -0.00912955217
v  0.00199041096 0.00159268221 -0.00987428986
v  0.00199170574 -0.00100797799 -0.00995073467
v  0.00199356186 -0.00354033359 -0.00935370475
v  0.00199585361 -0.00583296269 -0.00812361296
v  0.00199842616 -0.0077306726 -0.00634373678
v  0.00200110511 -0.00910500158 -0.00413455395
v  0.00200370909 -0.00986291561 -0.00164561311
v  0.00200606207 -0.00995311234 0.000954606105
v  0.00200800458 -0.00936948415 0.00349008408
v  0.00200940506 -0.00815153867 0.0057891896
v  0.00201016897 -0.00638172263 0.00769628724
v  0.00201024418 -0.00417983951 0.00908228289
v  0.00203309557 0.00425661355 0.0398378298
v  0.0020111776 -0.00251415907 0.01111909
v  0.00200404366 0.00721899606 0.00882439222
v  0.00202596164 0.0139897689 0.0375431329
v  0.00202684943 0.0149002224 0.0390822627
v  0.00202652859 0.0143276481 0.038382113
v  0.00202672207 0.0145873977 0.0387538895
v  0.00203385716 0.00432908535 0.0407393835
v  0.00203474378 0.00412956299 0.0416215621
v  0.00203428976 0.00426276075 0.0411880352
v  0.00201028981 -0.00342461257 0.00957996119
v  0.00201061065 -0.00285203801 0.0102801099
v  0.00201041717 -0.00311178807 0.00990833342
v  0.00200328231 0.00714652427 0.00792283937
v  0.00200239546 0.00734604709 0.00704066036
v  0.00200284971 0.00721284887 0.00747418776
v  -0.00199504336 -0.00553467544 0.00232102745
v  -0.00199651043 -0.00598791009 0.000398599193
v  -0.00199835561 -0.00579237565 -0.00156683323
v  -0.00200037891 -0.00496926066 -0.00336228078
v  -0.002002361 -0.00360776274 -0.00479318248
v  -0.0020040872 -0.00185542111 -0.00570447417
v  -0.00200537033 9.78700918e-05 -0.00599740818
v  -0.00200607139 0.00204044185 -0.00564023806
v  -0.00200611423 0.00376178673 -0.00467166724
v  -0.00200549467 0.00507537043 -0.00319665554
v  -0.00200427929 0.00583884539 -0.00137504598
v  -0.00200260011 0.00596947689 0.0005957635
v  -0.00200063922 0.00545310974 0.00250220601
v  -0.00199860893 0.00434569968 0.00413768645
v  -0.00199672906 0.00276725297 0.00532497885
v  -0.00199520378 0.000888816896 0.00593541656
v  -0.00199419796 -0.00108604983 0.00590285147
v  -0.00199382077 -0.00294333883 0.00523081748
v  -0.00199411321 -0.00448178593 0.00399213051
v  -0.00195790175 0.00593883917 0.0509867966
v  -0.00195936905 0.00548560405 0.049064368
v  -0.00196121424 0.00568113895 0.0470989384
v  -0.00196323753 0.00650425348 0.04530349
v  -0.00196521962 0.00786575116 0.0438725874
v  -0.00196694583 0.00961809233 0.042961292
v  -0.00196822896 0.011571384 0.0426683612
v  -0.00196892978 0.0135139562 0.0430255309
v  -0.00196897285 0.0152353011 0.0439941026
v  -0.00196835306 0.016548885 0.0454691127
v  -0.00196713791 0.0173123591 0.0472907238
v  -0.00196545874 0.017442992 0.0492615327
v  -0.00196349784 0.0169266239 0.0511679761
v  -0.00196146732 0.0158192143 0.0528034568
v  -0.00195958768 0.0142407669 0.0539907478
v  -0.00195806217 0.0123623312 0.054601185
v  -0.00195705658 0.0103874644 0.0545686223
v  -0.00195667939 0.00853017438 0.0538965836
v  -0.0019569716 0.00699172821 0.0526578985
v  0.00200596964 0.000429896434 0.00698507531
v  -0.00199344475 -0.000728045881 0.00696391612
v  0.00200655335 -0.000725950231 0.00696036918
v  -0.00199303986 -0.00186406192 0.00674930075
v  0.00200695824 -0.00186196633 0.00674575428
v  -0.00199282472 -0.00294925971 0.00635063089
v  0.00200717314 -0.00294716423 0.00634708395
v  -0.0019928054 -0.00395403802 0.00577878067
v  0.00200719247 -0.00395194255 0.00577523373
v  -0.00199298235 -0.00485098921 0.00504934927
v  0.00200701575 -0.00484889327 0.00504580233
v  -0.00199335068 -0.00561564649 0.00418223208
v  0.00200664741 -0.00561355101 0.00417868514
v  -0.00199390016 -0.00622715242 0.00320108351
v  0.0020060977 -0.00622505695 0.0031975368
v  -0.00199461635 -0.00666882657 0.00213266606
v  0.00200538174 -0.00666673062 0.00212911912
v  -0.00199547899 -0.00692862039 0.00100612326
v  0.0020045191 -0.00692652445 0.00100257643
v  -0.00199646526 -0.00699944841 -0.000147815415
v  0.00200353283 -0.00699735247 -0.000151362256
v  -0.00199754769 -0.00687937858 -0.00129767379
v  0.0020024504 -0.0068772831 -0.00130122062
v  -0.00199869694 -0.00657168543 -0.00241208659
v  0.00200130115 -0.00656958995 -0.00241563353
v  -0.00199988182 -0.00608476251 -0.00346065569
v  0.00200011628 -0.00608266657 -0.0034642024
v  -0.00200106995 -0.00543189142 -0.00441477867
v  0.00199892814 -0.00542979594 -0.00441832561
v  -0.00200222875 -0.00463088183 -0.00524842925
v  0.00199776934 -0.00462878589 -0.0052519762
v  -0.00200332678 -0.00370358187 -0.0059388685
v  0.00199667108 -0.00370148639 -0.00594241545
v  -0.00200433424 -0.00267528673 -0.00646726228
v  0.00199566386 -0.00267319102 -0.00647080922
v  -0.00200522318 -0.00157404516 -0.00681919791
v  0.00199477491 -0.00157194957 -0.00682274485
v  -0.00200596964 -0.000429896434 -0.00698507531
v  0.00199402845 -0.000427800813 -0.00698862225
v  -0.00200655335 0.000725950231 -0.00696036918
v  0.00199344475 0.000728045881 -0.00696391612
v  -0.00200695824 0.00186196633 -0.00674575428
v  0.00199303986 0.00186406192 -0.00674930075
v  -0.00200717314 0.00294716423 -0.00634708395
v  0.00199282472 0.00294925971 -0.00635063089
v  -0.00200719247 0.00395194255 -0.00577523373
v  0.0019928054 0.00395403802 -0.00577878067
v  -0.00200701575 0.00484889327 -0.00504580233
v  0.00199298235 0.00485098921 -0.00504934927
v  -0.00200664741 0.00561355101 -0.0041786856
v  0.00199335068 0.00561564649 -0.00418223208
v  -0.0020060977 0.00622505695 -0.0031975368
v  0.00199390016 0.00622715242 -0.00320108351
v  -0.00200538174 0.00666673062 -0.00212911912
v  0.00199461635 0.00666882657 -0.00213266606
v  -0.0020045191 0.00692652445 -0.00100257643
v  0.00199547899 0.00692862039 -0.00100612326
v  -0.00200353283 0.00699735247 0.000151362256
v  0.00199646526 0.00699944841 0.000147815415
v  -0.0020024504 0.0068772831 0.00130122062
v  0.00199754769 0.00687937858 0.00129767379
v  -0.00200130115 0.00656958995 0.00241563353
v  0.00199869694 0.00657168543 0.00241208659
v  -0.00200011628 0.00608266657 0.0034642024
v  0.00199988182 0.00608476251 0.00346065569
v  -0.00199892814 0.00542979594 0.00441832561
v  0.00200106995 0.00543189142 0.00441477867
v  -0.00199776934 0.00462878589 0.0052519762
v  0.00200222875 0.00463088183 0.00524842925
v  -0.00199667108 0.00370148639 0.00594241545
v  0.00200332678 0.00370358187 0.0059388685
v  -0.00199566386 0.00267319102 0.00647080922
v  0.00200433424 0.00267528673 0.00646726228
v  -0.00199477491 0.00157194957 0.00682274485
v  0.00200522318 0.00157404516 0.00681919791
v  -0.00199402845 0.000427800813 0.00698862225
v  -0.00200390769 -0.000281795132 -0.00457219267
v  -0.00200448348 0.00344408723 -0.00301998504
v  -0.00200409535 0.00398184126 -0.00226462865
v  -0.002002022 0.00456268666 0.0004168913
v  -0.00199551461 -0.00344618293 0.00302353199
v  -0.00199590274 -0.00398393674 0.00226817559
v  -0.00200460455 0.00141065719 -0.00435793633
v  -0.002002839 0.00455282908 -0.000510278973
v  -0.00200244295 0.00458126841 -4.69438055e-05
v  -0.00199539354 -0.00141275278 0.00436148327
v  -0.00200415519 0.000182385891 -0.00457712729
v  -0.0020043978 0.000741369964 -0.00452026073
v  -0.00200452027 0.00110035727 -0.00444647204
v  -0.00200468791 0.00276528927 -0.00365163013
v  -0.00200470746 0.00205346756 -0.0040944377
v  -0.00200470025 0.00197323691 -0.00413370458
v  -0.00200353959 0.00435653515 -0.00141648576
v  -0.00200320571 0.00447766064 -0.00096835976
v  -0.00200158008 0.00449727522 0.000876466744
v  -0.00200127577 0.00442784326 0.00117860141
v  -0.00200110208 0.00437989831 0.00134613458
v  -0.00200079475 0.00428083539 0.00163440173
v  -0.00200065272 0.00422911998 0.00176406698
v  -0.00199969835 0.00378778158 0.00257951906
v  -0.00199875631 0.00319132791 0.00328943762
v  -0.00199862779 0.00309688342 0.00337857963
v  -0.00199786527 0.00246417779 0.00386475911
v  -0.00199732883 0.00193324417 0.00415610941
v  -0.00199706154 0.0016361014 0.00428192969
v  -0.00199531019 -0.00276738498 0.00365517708
v  -0.0019952904 -0.00205556327 0.00409798464
v  -0.00199529761 -0.00197533239 0.00413725153
v  -0.0019971591 -0.00455492502 0.000513825798
v  -0.00199984061 -0.00402248278 -0.00219551148
v  -0.0019998732 -0.0040071141 -0.00222340785
v  -0.00199677562 0.00128883298 0.00439906772
v  -0.00199637795 0.000740999647 0.00452386914
v  -0.00199584267 -0.000184481527 0.00458067423
v  -0.00199560029 -0.000743465556 0.00452380767
v  -0.00199547759 -0.00110245286 0.00445001898
v  -0.0020006306 -0.00359900622 -0.00283630611
v  -0.00200077472 -0.00350965187 -0.00294605596
v  -0.00200136658 -0.00310167647 -0.0033725563
v  -0.00200169603 -0.00284443703 -0.0035919901
v  -0.002002049 -0.00254240353 -0.00381155941
v  -0.00200254773 -0.00206281338 -0.00409079529
v  -0.00200329535 -0.00119678106 -0.0044220495
v  -0.00200369977 -0.000621946645 -0.00453854306
v  -0.00200402201 0.00404902641 -0.00214226148
v  -0.00200384902 0.00418259995 -0.00186827325
v  -0.00200374261 0.00425067358 -0.0017078612
v  -0.00199645851 -0.00435863063 0.00142003258
v  -0.00199679239 -0.00447975658 0.000971906586
v  -0.00199755514 -0.00458336435 5.0490642e-05
v  -0.0019979761 -0.00456478214 -0.000413344445
v  -0.00199841801 -0.0044993707 -0.00087291986
v  -0.00199887599 -0.00438780058 -0.00132351974
v  -0.00199982175 -0.00403122418 -0.00217943708
v  -0.00199597608 -0.00405112188 0.00214580819
v  -0.00199614908 -0.00418469589 0.00187182007
v  -0.00199625548 -0.00425276952 0.00171140803
v  0.00200266927 0.00193533988 0.00415256247
v  0.00200213282 0.00246627349 0.0038612124
v  0.0020013703 0.00309897913 0.00337503268
v  0.00200124178 0.00319342362 0.00328589091
v  0.00200029975 0.00378987705 0.00257597212
v  0.00199934538 0.00423121545 0.00176052016
v  0.00200415519 -0.000182385891 0.00457712729
v  0.00200362015 0.000743095297 0.00452032266
v  0.00200322247 0.00129092869 0.00439552078
v  0.00200293656 0.00163819699 0.00427838275
v  0.00200468791 -0.00276528927 0.00365163013
v  0.00200470746 -0.00205346756 0.0040944377
v  0.00200470025 -0.00197323691 0.00413370458
v  0.00199841801 0.0044993707 0.00087291986
v  0.00199584267 0.000184481527 -0.00458067423
v  0.00200460455 -0.00141065719 0.00435793633
v  0.00200452027 -0.00110035727 0.00444647204
v  0.0020043978 -0.000741369964 0.00452026073
v  0.0019979761 0.00456478214 0.000413344445
v  0.00199755514 0.00458336435 -5.04906493e-05
v  0.0019971591 0.00455492502 -0.000513825798
v  0.00199679239 0.00447975658 -0.000971906586
v  0.00199920335 0.00428293133 0.00163085491
v  0.00199889578 0.00438199425 0.00134258776
v  0.00199872232 0.00442993874 0.00117505458
v  0.00199531019 0.00276738498 -0.00365517708
v  0.0019952904 0.00205556327 -0.00409798464
v  0.00199529761 0.00197533239 -0.00413725153
v  0.00199539354 0.00141275278 -0.00436148327
v  0.00199547759 0.00110245286 -0.00445001898
v  0.00199560029 0.000743465556 -0.00452380767
v  0.0019960904 -0.000279699481 -0.00457573915
v  0.00199629832 -0.000619851053 -0.00454208953
v  0.00199670275 -0.00119468535 -0.00442559645
v  0.00199745037 -0.0020607179 -0.00409434177
v  0.00199794909 -0.00254030782 -0.00381510612
v  0.00200244295 -0.00458126841 4.69437982e-05
v  0.00199645851 0.00435863063 -0.00142003258
v  0.00199625548 0.00425276952 -0.00171140803
v  0.00199614908 0.00418469589 -0.00187182007
v  0.00199551461 0.00344618293 -0.00302353199
v  0.00199590274 0.00398393674 -0.00226817559
v  0.00199597608 0.00405112188 -0.00214580819
v  0.00199830206 -0.00284234132 -0.00359553681
v  0.00199863152 -0.00309958076 -0.00337610301
v  0.00199922337 -0.00350755616 -0.00294960267
v  0.00199936749 -0.00359691051 -0.00283985306
v  0.00200012466 -0.00400501862 -0.00222695479
v  0.00200015749 -0.00402038731 -0.00219905842
v  0.00200017635 -0.00402912823 -0.00218298403
v  0.00200112211 -0.00438570464 -0.00132706657
v  0.00200158008 -0.00449727522 -0.000876466744
v  0.002002022 -0.00456268666 -0.0004168913
v  0.002002839 -0.00455282908 0.000510278973
v  0.00200320571 -0.00447766064 0.00096835976
v  0.00200353959 -0.00435653515 0.00141648576
v  0.00200374261 -0.00425067358 0.0017078612
v  0.00200384902 -0.00418259995 0.00186827325
v  0.00200448348 -0.00344408723 0.00301998504
v  0.00200409535 -0.00398184126 0.00226462865
v  0.00200402201 -0.00404902641 0.00214226148
v  0.000181386335 0.0049843844 0.000350726536
v  9.04226836e-05 0.004985495 0.000369677524
v  -2.8862396e-06 0.00499060703 -0.000306318019
v  0.000268917851 0.00498252409 0.00031958925
v  0.00035138664 0.00497994805 0.00027684556
v  0.000427256513 0.00497670472 0.000223291849
v  0.000495114189 0.00497285463 0.000159925621
v  0.000553695485 0.0049684695 8.79273066e-05
v  0.00060190924 0.00496363081 8.63809055e-06
v  0.000638857367 0.00495842844 -7.64650031e-05
v  0.000663851388 0.00495295972 -0.000165796664
v  0.000676425989 0.00494732661 -0.000257692853
v  0.000676346768 0.0049416339 -0.000350441667
v  0.000663615123 0.00493598729 -0.000442315417
v  0.000638468424 0.00493049249 -0.000531602651
v  0.000601374893 0.00492525147 -0.000616640085
v  0.000553025689 0.00492036203 -0.000695843657
v  0.000494321459 0.00491591543 -0.000767737976
v  0.000426355575 0.0049119941 -0.000830983743
v  0.000350394286 0.00490867114 -0.000884402834
v  0.000267852563 0.00490600895 -0.00092700019
v  0.000180267976 0.0049040569 -0.000957982207
v  8.92720709e-05 0.00490285084 -0.000976771931
v  -3.44007299e-06 0.00490241358 -0.000983019127
v  -9.61413971e-05 0.00490275351 -0.000976607436
v  -0.000187105048 0.00490386412 -0.000957656477
v  -0.00027463655 0.0049057249 -0.000926519162
v  -0.000357105368 0.00490830047 -0.000883775472
v  -0.000432975241 0.0049115438 -0.000830221805
v  -0.000500832859 0.00491539389 -0.000766855548
v  -0.000559414213 0.00491977902 -0.000694857212
v  -0.000607627968 0.00492461817 -0.000615568017
v  -0.000644576096 0.00492982008 -0.000530464924
v  -0.000669570116 0.0049352888 -0.000441133277
v  -0.000682144717 0.00494092191 -0.000349237089
v  -0.000682065438 0.00494661508 -0.000256488245
v  -0.000669333851 0.00495226122 -0.00016461451
v  -0.000644187152 0.00495775649 -7.53273125e-05
v  -0.000607093622 0.00496299705 9.71012742e-06
v  -0.000558744418 0.00496788649 8.89137227e-05
v  -0.000500040129 0.00497233355 0.000160808049
v  -0.000432074303 0.00497625442 0.000224053831
v  -0.000356113014 0.00497957738 0.000277472922
v  -0.000273571262 0.00498223957 0.000320070278
v  -0.00018598669 0.00498419208 0.000351052295
v  -9.49907844e-05 0.00498539768 0.000369841931
v  -2.27864098e-06 0.00498583494 0.000376089156
v  0.000607627968 -0.00492461817 0.000615568017
v  0.000559414213 -0.00491977902 0.000694857212
v  0.00110552134 -0.00475730561 0.00107045262
v  -0.00060190924 -0.00496363081 -8.63809601e-06
v  -0.000553695485 -0.0049684695 -8.79273139e-05
v  -0.00109996286 -0.00485377898 -0.000480534742
v  -0.000601374893 -0.00492525147 0.000616640085
v  -0.000638468424 -0.00493049249 0.000531602593
v  -0.00126792956 -0.00477853231 0.0007469845
v  -0.000180267976 -0.0049040569 0.000957982207
v  -0.000267852563 -0.00490600895 0.00092700019
v  -0.000533601793 -0.00473002158 0.0015304141
v  2.8862396e-06 -0.00499060703 0.000306318019
v  0.000682144717 -0.00494092191 0.000349237089
v  0.000682065438 -0.00494661508 0.000256488245
v  0.000644187152 -0.00495775649 7.53273052e-05
v  0.000607093622 -0.00496299705 -9.71013287e-06
v  0.000669333851 -0.00495226122 0.00016461451
v  0.000500040129 -0.00497233355 -0.000160808049
v  0.000432074303 -0.00497625442 -0.000224053831
v  0.000558744418 -0.00496788649 -8.89137227e-05
v  -0.000663851388 -0.00495295972 0.000165796664
v  -0.000676425989 -0.00494732661 0.000257692853
v  -0.00198703236 -0.00372235687 0.00268249167
v  -0.00194592273 -0.000741306809 0.00454575056
v  -0.00198326097 -6.13067023e-05 0.00458943518
v  -0.00199151016 0.00402018381 0.00220726291
v  -0.00163945428 0.0040355837 0.00245484314
v  -0.00190263079 0.00415444234 -0.00202992721
v  -0.00190328527 0.00321408105 -0.00332373101
v  0.00189401908 0.00321607059 -0.00332709821
v  0.00145099964 0.00320178131 -0.00355572742
v  0.00198703236 0.00372235687 -0.00268249167
v  0.00163497648 0.00370695721 -0.0029300719
v  0.00188164029 -0.00140553107 0.00441405829
v  0.00163103465 -0.00450621126 0.00142610737
v  0.00189960585 -0.00437171152 -0.0015098463
v  0.0014573161 -0.00465997634 -0.00107742765
v  0.00176652591 -0.00254453789 -0.0039248839
v  0.00162587629 -0.00310666882 -0.00356442644
v  0.00164369994 -0.00413975073 0.00227171974
v  0.00199568551 -0.00372027047 0.0026789601
v  0.0016440535 -0.00370523916 0.00292716431
v  0.00190328527 -0.00321408105 0.00332373101
v  0.00146065722 -0.0032002558 0.00355314557
v  0.00163226773 -0.00264759618 0.0039148354
v  0.00177347218 -0.00204561651 0.00420359941
v  0.00195475691 -0.000739263254 0.00454229163
v  0.0019914601 -5.9224305e-05 0.00458591059
v  0.00199106615 0.000621917832 0.00454410305
v  0.00195358251 0.00129147479 0.00441764714
v  0.00187970721 0.00193697412 0.0042088991
v  0.00177081651 0.00254639122 0.00392174721
v  0.00162893883 0.00310837408 0.00356154051
v  0.00199120771 0.00402227044 0.00220373133
v  0.00163876778 0.00438839197 0.00174827164
v  0.00189769862 0.00437370082 0.00150647922
v  0.00145434088 0.00466150185 0.0010748459
v  0.00162574009 0.00464867102 0.00086419069
v  0.00176680565 0.00463451352 0.00063220365
v  0.00187490962 0.00461929291 0.000383206032
v  0.00194803812 0.00460329233 0.000121836289
v  0.00198482908 0.00458681071 -0.000147036713
v  0.00198459718 0.00457015401 -0.000418404437
v  0.00194734684 0.00455363374 -0.00068721181
v  0.00162378047 0.00450791651 -0.00142899342
v  0.0017652422 0.00452222209 -0.00119725696
v  0.00187377166 0.00453755632 -0.000948451459
v  0.00145202142 0.0044949064 -0.00163934438
v  0.00189467368 0.00415643165 -0.00203329441
v  0.00163533003 0.00414146902 -0.00227462733
v  0.0016225474 0.00264930143 -0.00391772157
v  0.00176387024 0.00204746961 -0.00420673611
v  0.00187233556 0.00140749791 -0.0044173873
v  0.00187426864 -0.0019350074 -0.00421222765
v  0.00194709713 -0.00128943124 -0.00442110607
v  0.00198365492 -0.000619835453 -0.00454762764
v  0.00198326097 6.1306695e-05 -0.00458943518
v  0.00194592273 0.000741306809 -0.00454575056
v  -0.00199106615 -0.000621917832 -0.00454410305
v  -0.0019914601 5.9224305e-05 -0.00458591059
v  -0.00195475691 0.000739263196 -0.00454229163
v  -0.00188164029 0.00140553107 -0.00441405829
v  -0.00177347218 0.00204561651 -0.00420359941
v  -0.00163226773 0.00264759618 -0.0039148354
v  -0.00146065722 0.0032002558 -0.00355314557
v  -0.00164369994 0.00413975073 -0.00227171974
v  -0.00145963544 0.0044933809 -0.00163676252
v  -0.00163103465 0.00450621126 -0.00142610737
v  -0.00177210022 0.00452036923 -0.00119412038
v  -0.00188020419 0.00453558983 -0.000945122738
v  -0.00195333268 0.00455158995 -0.000683752995
v  -0.00199012388 0.00456807204 -0.000414879993
v  -0.00198989199 0.00458472827 -0.000143512283
v  -0.00195264141 0.00460124901 0.000125295075
v  -0.00162907504 0.00464696577 0.000867076742
v  -0.00177053676 0.00463266019 0.000635340228
v  -0.00187906623 0.00461732596 0.000386534724
v  -0.0014573161 0.00465997634 0.00107742765
v  -0.00189960585 0.00437171152 0.0015098463
v  -0.0016402622 0.00438667415 0.00175117911
v  -0.00187426864 0.0019350074 0.00421222765
v  -0.00176652591 0.00254453789 0.0039248839
v  -0.00162587629 0.00310666882 0.00356442644
v  -0.00145493972 0.00361092808 0.00313757057
v  -0.00189795916 0.00359663879 0.00290894136
v  -0.00194709713 0.00128943124 0.00442110607
v  -0.00198365492 0.000619835453 0.00454762764
v  -0.00187233556 -0.00140749791 0.0044173873
v  -0.00163533003 -0.00414146902 0.00227462733
v  -0.0017652422 -0.00452222209 0.00119725696
v  -0.00198459718 -0.00457015401 0.000418404437
v  -0.00198482908 -0.00458681071 0.000147036699
v  -0.00194803812 -0.00460329233 -0.000121836296
v  -0.00187490962 -0.00461929291 -0.000383206032
v  -0.00176680565 -0.00463451352 -0.00063220365
v  -0.00189934531 -0.00359862833 -0.00290557439
v  -0.00162893883 -0.00310837408 -0.00356154051
v  -0.00195358251 -0.00129147479 -0.00441764714
v  -0.00187970721 -0.00193697412 -0.0042088991
v  -0.00177081651 -0.00254639122 -0.00392174721
v  -0.00103091449 -0.00447371136 0.00198068656
v  -0.000697147625 -0.00473529659 0.00144601287
v  -0.000350394286 -0.00490867114 0.000884402834
v  -0.00194734684 -0.00455363374 0.000687211752
v  -0.00131775462 -0.00478941947 0.000570073316
v  -0.000663615123 -0.00493598729 0.000442315417
v  -0.00134298066 -0.00480060745 0.000388037268
v  -0.000676346768 -0.0049416339 0.000350441667
v  -0.0013431377 -0.00481188716 0.000204267359
v  -0.00131822284 -0.0048230486 2.21868559e-05
v  -0.00126870023 -0.00483388407 -0.000154812413
v  -0.00145434088 -0.00466150185 -0.0010748459
v  -0.000983891543 -0.00486246776 -0.000623190135
v  -0.000495114189 -0.00497285463 -0.000159925636
v  0.00134869618 -0.00479919743 0.000385650521
v  0.00134853914 -0.00481047714 0.000201880612
v  0.00132331299 -0.00482166465 1.98445759e-05
v  0.00127348804 -0.00483255228 -0.000157066606
v  0.00119999214 -0.00484293653 -0.000325557427
v  0.00110419421 -0.00485262414 -0.00048248918
v  0.00098787935 -0.00486143492 -0.000624938519
v  0.00145963544 -0.0044933809 0.00163676252
v  0.000989450025 -0.00474861637 0.00121310807
v  0.000500832859 -0.00491539389 0.000766855548
v  -0.00125316472 -0.00448343344 0.00182439107
v  -0.000847655232 -0.00474188011 0.00134016993
v  -0.000426355575 -0.0049119941 0.000830983743
v  -0.000494321459 -0.00491591543 0.000767737976
v  -0.00109863584 -0.00475846045 0.00107240712
v  -0.000982320867 -0.00474964967 0.0012148564
v  -0.00162378047 -0.00450791651 0.00142899342
v  -0.00145202142 -0.0044949064 0.00163934438
v  -0.00189467368 -0.00415643165 0.00203329441
v  -0.00187377166 -0.00453755632 0.000948451459
v  -0.00119443366 -0.00476814806 0.000915475306
v  -0.000553025689 -0.00492036203 0.000695843657
v  -0.00162574009 -0.00464867102 -0.00086419069
v  -0.00119549234 -0.00484419148 -0.000323433342
v  -0.000638857367 -0.00495842844 7.64649958e-05
v  0.00199012388 -0.00456807204 0.000414879993
v  0.00198989199 -0.00458472827 0.000143512269
v  0.00195264141 -0.00460124901 -0.000125295075
v  0.00187906623 -0.00461732596 -0.000386534724
v  0.00177053676 -0.00463266019 -0.000635340228
v  0.00162907504 -0.00464696577 -0.000867076742
v  0.00132378121 -0.00478803553 0.00056773104
v  0.00188020419 -0.00453558983 0.000945122738
v  0.00195333268 -0.00455158995 0.000683752995
v  0.00177210022 -0.00452036923 0.00119412038
v  0.0012742586 -0.00477720052 0.000744730292
v  0.000669570116 -0.0049352888 0.000441133248
v  0.00120105082 -0.00476689311 0.000913351192
v  0.000644576096 -0.00492982008 0.000530464924
v  -0.000427256513 -0.00497670472 -0.000223291849
v  -0.000849440345 -0.00487009622 -0.000748742255
v  -0.00125580071 -0.0046727662 -0.00126024487
v  -0.00163876778 -0.00438839197 -0.00174827164
v  -0.00189769862 -0.00437370082 -0.00150647922
v  0.000853213656 -0.00486920448 -0.000750251987
v  0.00125845929 -0.00467144931 -0.00126247434
v  0.0016402622 -0.00438667415 -0.00175117911
v  0.00199151016 -0.00402018381 -0.00220726291
v  0.00190263079 -0.00415444234 0.00202992721
v  0.00126109528 -0.00448211608 0.0018221616
v  0.000854998769 -0.0047409879 0.00133866013
v  0.000432975241 -0.0049115438 0.000830221805
v  -0.00189401908 -0.00321607059 0.00332709821
v  -0.00163497648 -0.00370695721 0.0029300719
v  -0.0013454773 -0.00412878999 0.00247846381
v  -0.00035138664 -0.00497994805 -0.00027684556
v  -0.00069911388 -0.00487652235 -0.000854852027
v  -0.00103381788 -0.00468225544 -0.0014169343
v  -0.00134926394 -0.00440076739 -0.00195262174
v  -0.0016395757 -0.00403730152 -0.00245193555
v  -0.00199120771 -0.00402227044 -0.00220373133
v  -0.00145671726 -0.00361245335 -0.00313498895
v  -0.00125735975 -0.00404923968 -0.00265003834
v  -0.00103457994 -0.0044105961 -0.00211572275
v  -0.000792527862 -0.00468979217 -0.00154199521
v  -0.000535712519 -0.004881626 -0.000939543126
v  -0.000268917851 -0.00498252409 -0.00031958925
v  0.000356113014 -0.00497957738 -0.000277472922
v  0.000702706049 -0.004875788 -0.000856095052
v  0.00103620905 -0.00468117092 -0.00141876983
v  0.00135040947 -0.00439935317 -0.00195501558
v  0.00163945428 -0.0040355837 -0.00245484314
v  0.00189795916 -0.00359663879 -0.00290894136
v  0.000357105368 -0.00490830047 0.000883775472
v  0.000704672304 -0.00473456224 0.00144476991
v  0.00103911257 -0.00447262684 0.00197885092
v  0.00135419599 -0.00412737578 0.00247606984
v  -0.000789411017 -0.00446592178 0.00210531941
v  -0.00103051495 -0.00411863113 0.00264100637
v  -0.00125242246 -0.00369461812 0.00312749646
v  -0.00145099964 -0.00320178131 0.00355572742
v  -0.0016225474 -0.00264930143 0.00391772157
v  -0.00176387024 -0.00204746961 0.00420673611
v  0.000273571262 -0.00498223957 -0.000320070278
v  0.000539160217 -0.00488106301 -0.000940496277
v  0.000794705644 -0.0046889605 -0.00154340256
v  0.00103544712 -0.00440951204 -0.00211755838
v  0.00125690026 -0.00404792279 -0.00265226793
v  0.00145493972 -0.00361092808 -0.00313757057
v  0.00027463655 -0.0049057249 0.000926519162
v  0.000541270885 -0.00472945813 0.00152946101
v  0.000797822431 -0.00446509058 0.00210391195
v  0.00103951199 -0.0041175466 0.00263917097
v  0.00126183743 -0.003693301 0.0031252671
v  -8.92720709e-05 -0.00490285084 0.000976771815
v  3.44007299e-06 -0.00490241358 0.000983019127
v  -0.000179767405 -0.00472376402 0.00162903033
v  3.92982429e-06 -0.00472289789 0.00164140831
v  -0.000266914023 -0.00445668167 0.0022509431
v  4.34637013e-06 -0.00445540296 0.00226922124
v  -0.000349088514 -0.00410657981 0.0028309247
v  4.68195185e-06 -0.00410491228 0.00285476283
v  -0.000424760161 -0.00367998099 0.00335817202
v  4.93031712e-06 -0.00367795536 0.00338712567
v  -0.00049251935 -0.00318483054 0.00382286287
v  5.08684025e-06 -0.00318248477 0.00385639281
v  -0.000551103789 -0.00263035274 0.00421634084
v  5.1486054e-06 -0.0026277306 0.00425382238
v  -0.000599422259 -0.00202687643 0.00453127641
v  5.11446115e-06 -0.00202402635 0.00457201153
v  -0.000636574638 -0.00138564338 0.0047618025
v  4.98504505e-06 -0.00138261891 0.0048050331
v  -0.000661868718 -0.000718598196 0.0049036257
v  4.76276591e-06 -0.000715455564 0.00494854525
v  -0.000674833602 -3.81670434e-05 0.00495410338
v  4.45176602e-06 -3.49647416e-05 0.00499987602
v  -0.000675227551 0.000642975094 0.00491229584
v  4.0578384e-06 0.000646177388 0.00495806802
v  -0.000663043174 0.00131213979 0.00477898121
v  3.5883204e-06 0.00131528254 0.00482390076
v  -0.000638507714 0.00195686193 0.00455664331
v  3.05195931e-06 0.0019598864 0.00459987344
v  -0.000602077926 0.00256513129 0.00424942421
v  2.45874548e-06 0.00256798114 0.00429015933
v  -0.000554432685 0.00312561728 0.00386304548
v  1.81972985e-06 0.00312823965 0.00390052726
v  -0.000496459368 0.00362787885 0.00340470602
v  1.14681666e-06 0.00363022462 0.00343823619
v  -0.00036006415 -0.00472615333 0.00159180106
v  -0.000533152954 -0.00446020998 0.00219596759
v  -0.000696310191 -0.00411118148 0.00275922753
v  -0.000846496492 -0.00368556986 0.00327108824
v  -0.000980914221 -0.003191303 0.0037220146
v  -0.00109705923 -0.00263758795 0.00410360703
v  -0.00119276822 -0.00203473959 0.00440875674
v  -0.00126625807 -0.00139398815 0.00463178009
v  -0.00131615996 -0.000727269158 0.00476852199
v  -0.00134154444 -4.70025661e-05 0.00481643528
v  -0.00134193839 0.000634139578 0.00477462728
v  -0.00131733448 0.00130346895 0.0046438775
v  -0.00126819115 0.00194851717 0.0044266209
v  -0.00119542389 0.00255726813 0.00412690453
v  -0.00110038801 0.00311838207 0.00375031168
v  -0.000984854181 0.00362140639 0.00330385799
v  -0.000181386335 -0.0049843844 -0.000350726536
v  -0.000362280029 -0.00488531264 -0.00100123778
v  -0.000536425097 -0.00469523575 -0.00163309788
v  -0.000700577628 -0.00441769557 -0.00223453622
v  -0.00085167971 -0.0040578628 -0.0027943498
v  -0.000986916712 -0.00362243946 -0.00330210966
v  -0.00110376906 -0.00311953691 -0.0037483573
v  -0.00120006059 -0.00255852309 -0.00412478019
v  -0.00127399701 -0.00194984907 -0.00442436663
v  -0.00132420135 -0.00130485289 -0.00464153523
v  -0.00134973845 -0.000635549775 -0.00477224076
v  -0.0013501324 4.55923728e-05 -0.0048140483
v  -0.00132537587 0.000725885213 -0.00476617971
v  -0.00127593009 0.00139265624 -0.00462952582
v  -0.00120271626 0.00203348463 -0.00440663286
v  -0.00110709795 0.00263643335 -0.00410165265
v  -0.000990856672 0.00319026993 -0.00372026628
v  -9.04226836e-05 -0.004985495 -0.000369677553
v  -0.00018204721 -0.00488751289 -0.00103878672
v  -0.000270280521 -0.00469848514 -0.00168854522
v  -0.00035347903 -0.00442193355 -0.00230684923
v  -0.000430092885 -0.00406301022 -0.00288218143
v  -0.00049869495 -0.00362840015 -0.00340382382
v  -0.000558007217 -0.00312620029 -0.00386205898
v  -0.000606924936 -0.00256576482 -0.00424835226
v  -0.000644536747 -0.00195753411 -0.0045555057
v  -0.000670142064 -0.00131283829 -0.00477779889
v  -0.000683263934 -0.000643686857 -0.00491109118
v  -0.000683657883 3.74553165e-05 -0.00495289918
v  -0.000671316462 0.000717899762 -0.00490244338
v  -0.000646469882 0.00138497108 -0.00476066489
v  -0.000609580602 0.0020262429 -0.00453020446
v  -0.000561336114 0.00262976997 -0.0042153541
v  -0.000502634968 0.003184309 -0.00382198044
v  2.27864098e-06 -0.00498583494 -0.000376089156
v  1.6285959e-06 -0.00488818623 -0.00105149043
v  9.48212801e-07 -0.00469947979 -0.0017073045
v  2.50166408e-07 -0.00442323042 -0.00233131461
v  -4.52539979e-07 -0.00406458555 -0.00291189691
v  -1.14681666e-06 -0.00363022462 -0.00343823619
v  -1.81972985e-06 -0.00312823965 -0.00390052726
v  -2.45874548e-06 -0.00256798114 -0.00429015933
v  -3.05195931e-06 -0.0019598864 -0.00459987344
v  -3.5883204e-06 -0.00131528254 -0.00482390076
v  -4.0578384e-06 -0.000646177388 -0.00495806802
v  -4.45176602e-06 3.4964738e-05 -0.00499987602
v  -4.76276591e-06 0.000715455564 -0.00494854525
v  -4.98504505e-06 0.00138261891 -0.0048050331
v  -5.11446115e-06 0.00202402635 -0.00457201153
v  -5.1486054e-06 0.0026277306 -0.00425382238
v  -5.08684025e-06 0.00318248477 -0.00385639281
v  9.49907844e-05 -0.00498539768 -0.00036984196
v  0.000185325829 -0.00488732057 -0.00103911245
v  0.000272208592 -0.00469820062 -0.00168902637
v  0.000354020623 -0.00442156289 -0.00230747671
v  0.000429237931 -0.00406255992 -0.00288294349
v  0.000496459368 -0.00362787885 -0.00340470602
v  0.000554432685 -0.00312561728 -0.00386304548
v  0.000602077926 -0.00256513129 -0.00424942421
v  0.000638507714 -0.00195686193 -0.00455664331
v  0.000663043174 -0.00131213979 -0.00477898121
v  0.000675227551 -0.000642975094 -0.00491229584
v  0.000674833602 3.81670434e-05 -0.00495410338
v  0.000661868718 0.000718598196 -0.0049036257
v  0.000636574638 0.00138564338 -0.0047618025
v  0.000599422259 0.00202687643 -0.00453127641
v  0.000551103789 0.00263035274 -0.00421634084
v  0.00049251935 0.00318483054 -0.00382286287
v  0.00018598669 -0.00498419208 -0.000351052295
v  0.000365622574 -0.00488493126 -0.00100188318
v  0.000538447581 -0.00469467277 -0.00163405098
v  0.000701242301 -0.00441696122 -0.00223577931
v  0.000850974233 -0.00405697105 -0.00279585947
v  0.000984854181 -0.00362140639 -0.00330385799
v  0.00110038801 -0.00311838207 -0.00375031168
v  0.00119542389 -0.00255726813 -0.00412690453
v  0.00126819115 -0.00194851717 -0.0044266209
v  0.00131733448 -0.00130346895 -0.0046438775
v  0.00134193839 -0.000634139578 -0.00477462728
v  0.00134154444 4.70025661e-05 -0.00481643528
v  0.00131615996 0.000727269158 -0.00476852199
v  0.00126625807 0.00139398815 -0.00463178009
v  0.00119276822 0.00203473959 -0.00440875674
v  0.00109705923 0.00263758795 -0.00410360703
v  0.000980914221 0.00319130276 -0.0037220146
v  -0.00125690026 0.00404792279 0.00265226793
v  -0.000850974233 0.00405697105 0.00279585947
v  -0.000429237931 0.00406255992 0.00288294326
v  4.52539979e-07 0.00406458555 0.00291189691
v  0.00125242246 0.00369461812 -0.00312749646
v  0.000846496492 0.00368556986 -0.00327108824
v  0.000424760161 0.00367998099 -0.00335817202
v  -4.93031712e-06 0.00367795536 -0.00338712567
v  -0.000434570655 0.0036795307 -0.0033574102
v  -0.000856157509 0.00368467788 -0.00326957856
v  -0.00126183743 0.003693301 -0.0031252671
v  -0.0016440535 0.00370523916 -0.00292716431
v  -0.00199568551 0.00372027047 -0.0026789601
v  -0.00135040947 0.00439935317 0.00195501558
v  -0.00103544712 0.00440951204 0.00211755838
v  -0.000701242301 0.00441696122 0.00223577931
v  -0.000354020623 0.00442156289 0.00230747671
v  -2.50166408e-07 0.00442323042 0.00233131461
v  0.0013454773 0.00412878999 -0.00247846381
v  0.00103051495 0.00411863113 -0.00264100637
v  0.000696310191 0.00411118148 -0.00275922753
v  0.000349088514 0.00410657981 -0.0028309247
v  -4.68195185e-06 0.00410491228 -0.00285476283
v  -0.00035841114 0.00410620915 -0.00283029745
v  -0.000705509738 0.00411044713 -0.00275798445
v  -0.00103951199 0.0041175466 -0.00263917097
v  -0.00135419599 0.00412737578 -0.00247606984
v  -0.00125845929 0.00467144931 0.00126247434
v  -0.00103620905 0.00468117092 0.00141876983
v  -0.000794705644 0.0046889605 0.00154340256
v  -0.000538447581 0.00469467277 0.00163405098
v  -0.000272208592 0.00469820062 0.00168902625
v  -9.48212801e-07 0.00469947979 0.0017073045
v  0.00125316472 0.00448343344 -0.00182439107
v  0.00103091449 0.00447371136 -0.00198068656
v  0.000789411017 0.00446592178 -0.00210531941
v  0.000533152954 0.00446020998 -0.00219596759
v  0.000266914023 0.00445668167 -0.0022509431
v  -4.34637013e-06 0.00445540296 -0.00226922124
v  -0.00027557509 0.00445639761 -0.00225046207
v  -0.000541719724 0.004459647 -0.00219501462
v  -0.000797822431 0.00446509058 -0.00210391195
v  -0.00103911257 0.00447262684 -0.00197885092
v  -0.00126109528 0.00448211608 -0.0018221616
v  0.00125580071 0.0046727662 0.00126024487
v  0.00189934531 0.00359862833 0.00290557439
v  0.0016395757 0.00403730152 0.00245193555
v  0.00134926394 0.00440076739 0.00195262174
v  0.00103381788 0.00468225544 0.0014169343
v  0.00145671726 0.00361245335 0.00313498895
v  0.00125735975 0.00404923968 0.00265003834
v  0.00103457994 0.0044105961 0.00211572275
v  0.000792527862 0.00468979217 0.00154199521
v  0.000187105048 -0.00490386412 0.000957656477
v  0.000367838453 -0.00472577196 0.00159115565
v  0.000541719724 -0.004459647 0.00219501462
v  0.000705509738 -0.00411044713 0.00275798445
v  0.000856157509 -0.00368467788 0.00326957856
v  0.000990856672 -0.00319026993 0.00372026628
v  0.00110709795 -0.00263643335 0.00410165265
v  0.00120271626 -0.00203348463 0.00440663286
v  0.00127593009 -0.00139265624 0.00462952582
v  0.00132537587 -0.000725885213 0.00476617971
v  0.0013501324 -4.55923728e-05 0.0048140483
v  0.00134973845 0.000635549775 0.00477224076
v  0.00132420135 0.00130485289 0.00464153523
v  0.00127399701 0.00194984907 0.00442436663
v  0.00120006059 0.00255852309 0.00412478019
v  0.00110376906 0.00311953691 0.0037483573
v  0.000986916712 0.00362243946 0.00330210966
v  0.00085167971 0.0040578628 0.0027943498
v  0.000700577628 0.00441769557 0.00223453622
v  0.000536425097 0.00469523575 0.00163309788
v  9.61413971e-05 -0.00490275351 0.000976607436
v  0.000187605619 -0.00472357124 0.0016287046
v  0.00027557509 -0.00445639761 0.00225046207
v  0.00035841114 -0.00410620915 0.00283029745
v  0.000434570655 -0.0036795307 0.0033574102
v  0.000502634968 -0.003184309 0.00382198044
v  0.000561336114 -0.00262976997 0.0042153541
v  0.000609580602 -0.0020262429 0.00453020446
v  0.000646469882 -0.00138497108 0.00476066489
v  0.000671316462 -0.000717899762 0.00490244338
v  0.000683657883 -3.74553165e-05 0.00495289918
v  0.000683263934 0.000643686857 0.00491109118
v  0.000670142064 0.00131283829 0.00477779889
v  0.000644536747 0.00195753411 0.0045555057
v  0.000606924936 0.00256576482 0.00424835226
v  0.000558007217 0.00312620029 0.00386205898
v  0.00049869495 0.00362840015 0.00340382359
v  0.000430092885 0.00406301022 0.00288218143
v  0.00035347903 0.00442193355 0.00230684923
v  0.000270280521 0.00469848514 0.00168854522
v  0.00018204721 0.00488751289 0.00103878672
v  0.000362280029 0.00488531264 0.00100123766
v  0.000535712519 0.004881626 0.000939543126
v  0.00069911388 0.00487652235 0.000854852027
v  0.000849440345 0.00487009622 0.000748742255
v  0.000983891543 0.00486246776 0.000623190135
v  0.00109996286 0.00485377898 0.000480534742
v  0.00119549234 0.00484419148 0.000323433313
v  0.00126870023 0.00483388407 0.000154812413
v  0.00131822284 0.0048230486 -2.21868613e-05
v  0.0013431377 0.00481188716 -0.000204267359
v  0.00134298066 0.00480060745 -0.000388037268
v  0.00131775462 0.00478941947 -0.000570073316
v  0.00126792956 0.00477853231 -0.0007469845
v  0.00119443366 0.00476814806 -0.000915475306
v  0.00109863584 0.00475846045 -0.00107240712
v  0.000982320867 0.00474964967 -0.0012148564
v  0.000847655232 0.00474188011 -0.00134016993
v  0.000697147625 0.00473529659 -0.00144601287
v  0.000533601793 0.00473002158 -0.0015304141
v  0.00036006415 0.00472615333 -0.00159180106
v  0.000179767405 0.00472376402 -0.00162903033
v  -3.92982429e-06 0.00472289789 -0.00164140831
v  -0.000187605619 0.00472357124 -0.0016287046
v  -0.000367838453 0.00472577196 -0.00159115565
v  -0.000541270885 0.00472945813 -0.00152946101
v  -0.000704672304 0.00473456224 -0.00144476991
v  -0.000854998769 0.0047409879 -0.00133866013
v  -0.000989450025 0.00474861637 -0.00121310807
v  -0.00110552134 0.00475730561 -0.00107045262
v  -0.00120105082 0.00476689311 -0.000913351192
v  -0.0012742586 0.00477720052 -0.000744730292
v  -0.00132378121 0.00478803553 -0.00056773104
v  -0.00134869618 0.00479919743 -0.000385650521
v  -0.00134853914 0.00481047714 -0.000201880626
v  -0.00132331299 0.00482166465 -1.98445814e-05
v  -0.00127348804 0.00483255228 0.000157066606
v  -0.00119999214 0.00484293653 0.000325557427
v  -0.00110419421 0.00485262414 0.00048248918
v  -0.00098787935 0.00486143492 0.000624938519
v  -0.000853213656 0.00486920448 0.000750251987
v  -0.000702706049 0.004875788 0.000856095052
v  -0.000539160217 0.00488106301 0.000940496218
v  -0.000365622574 0.00488493126 0.00100188318
v  -0.000185325829 0.00488732057 0.00103911245
v  -1.6285959e-06 0.00488818623 0.00105149043

# 0 UV coordinates

# 1661 vertex normals
vn 0.00253311172 0.997226238 -0.0743868053
vn -0.000455858215 0.997177601 0.0750774741
vn -0.000313121767 0.974850714 0.222858563
vn 0.00563435769 0.971393824 0.237407401
vn -0.000155778034 0.927985966 0.372615099
vn -2.30236674e-06 0.86208576 0.506762385
vn 0.00845388975 0.850472152 0.525952101
vn 0.000158840223 0.772197306 0.635382831
vn 0.000308731687 0.66887331 0.743376315
vn 0.0109600071 0.646304607 0.763000786
vn 0.000458636845 0.544348598 0.838858962
vn 0.000590955722 0.413243473 0.910620391
vn 0.0131210489 0.378882289 0.925351858
vn 0.000715633796 0.265703589 0.964054525
vn 0.000818033586 0.119050451 0.992887855
vn 0.0149089312 0.0743848979 0.997118175
vn 0.000905850378 -0.0377369672 0.999287307
vn 0.000968774373 -0.186251372 0.982501626
vn 0.0163015388 -0.237380579 0.971279919
vn 0.00101153518 -0.337655872 0.9412691
vn 0.00102911191 -0.474173307 0.880430937
vn 0.0172847081 -0.525900006 0.850370765
vn 0.00102282607 -0.606065154 0.795414329
vn 0.00099341548 -0.717846453 0.696200728
vn 0.0178541616 -0.762935579 0.646227896
vn 0.000938669662 -0.81791836 0.575333536
vn 0.000865016133 -0.894532025 0.447003067
vn 0.0180152766 -0.925289452 0.378833562
vn 0.000766919286 -0.953445494 0.301564366
vn 0.000655895565 -0.987742305 0.156091884
vn 0.0177829023 -0.997073054 0.0743581578
vn 0.0005236016 -0.999999821 -0.000346488087
vn 0.000385568885 -0.988779068 -0.149384886
vn 0.0171797834 -0.971260548 -0.237397984
vn 0.000231423212 -0.953236699 -0.302224576
vn 7.92617939e-05 -0.897545576 -0.440921694
vn 0.016234329 -0.850377142 -0.525923193
vn -8.23511873e-05 -0.817520082 -0.575900078
vn -0.000234441453 -0.722555757 -0.691312611
vn 0.0149779636 -0.646251678 -0.762977362
vn -0.000388440938 -0.605514467 -0.795834184
vn -0.000526267802 -0.48013863 -0.877192438
vn 0.0134417107 -0.378860503 -0.92535615
vn -0.000658281846 -0.337004393 -0.941502869
vn -0.000768984261 -0.192916036 -0.981214941
vn 0.0116537977 -0.0743725225 -0.997162461
vn -0.000866694201 -0.0370453298 -0.999313235
vn -0.000939940626 0.112308159 -0.993672967
vn 0.00963635184 0.237408623 -0.971362054
vn -0.000994228758 0.266370326 -0.963870227
vn -0.00102318462 0.407053024 -0.913403988
vn 0.00740340864 0.525963724 -0.850474775
vn -0.00102898455 0.544929028 -0.838481545
vn -0.00101094763 0.663811922 -0.747898877
vn 0.00495989574 0.763042867 -0.646328866
vn -0.000967718137 0.772636592 -0.63484782
vn -0.00090437266 0.858625114 -0.512603223
vn 0.00230070483 0.925432384 -0.378905743
vn -0.000816147018 0.928243577 -0.371971965
vn -0.000594721234 0.996645153 -0.0818415955
vn 0.00253306911 0.997226238 -0.0743868575
vn -0.00045586194 0.997177899 0.0750734583
vn -0.000313121214 0.974850595 0.222859114
vn 0.00563414441 0.971393824 0.237407461
vn -0.000155784553 0.92798835 0.372609168
vn -2.3021903e-06 0.8620857 0.506762564
vn 0.00845382363 0.850472152 0.525952101
vn 0.000158839015 0.772198021 0.635381877
vn 0.000308733026 0.668872297 0.743377268
vn 0.0109595768 0.646304488 0.763000965
vn 0.000458632014 0.544353008 0.838856101
vn 0.0131211895 0.378881902 0.925351977
vn 0.000715635135 0.26570186 0.964055002
vn 0.000818033936 0.119049869 0.992887914
vn 0.0149086155 0.0743853152 0.997118115
vn 0.000905848981 -0.0377341099 0.999287426
vn 0.000968774781 -0.186252519 0.982501447
vn 0.0163011514 -0.2373804 0.971279979
vn 0.00101153459 -0.337653369 0.941269994
vn 0.00102911203 -0.474174201 0.88043046
vn 0.0172844455 -0.525900006 0.850370765
vn 0.0010228263 -0.606064022 0.795415223
vn 0.000993415248 -0.717847049 0.696200132
vn 0.0178539585 -0.762935579 0.646227956
vn 0.000938670069 -0.817917824 0.575334311
vn 0.000865015842 -0.894532263 0.44700256
vn 0.0180151965 -0.925289452 0.378833532
vn 0.000766919402 -0.953445494 0.301564515
vn 0.000655895623 -0.987742305 0.156091988
vn 0.0177829396 -0.997073054 0.07435821
vn 0.000523601484 -0.999999821 -0.000346650835
vn 0.000385569409 -0.988779128 -0.14938435
vn 0.0171799194 -0.971260548 -0.237398028
vn 0.000231422542 -0.95323652 -0.302225232
vn 7.92632418e-05 -0.897546172 -0.440920442
vn 0.0162345935 -0.850377083 -0.525923193
vn -8.2352235e-05 -0.817519486 -0.575900912
vn -0.000234439838 -0.722556889 -0.691311419
vn 0.0149782402 -0.6462515 -0.762977481
vn -0.000388442044 -0.605513573 -0.795834899
vn -0.000526265241 -0.480141133 -0.877191067
vn 0.0134421298 -0.378860116 -0.925356328
vn -0.000658283301 -0.337002724 -0.941503465
vn -0.000768983038 -0.192917779 -0.981214643
vn 0.0116539383 -0.0743729472 -0.997162402
vn -0.000939939287 0.112305038 -0.993673325
vn 0.00963658467 0.237408444 -0.971362114
vn -0.000994228874 0.266370773 -0.963870108
vn -0.00102318474 0.407054096 -0.913403451
vn 0.00740334252 0.525963724 -0.850474775
vn -0.00102898455 0.544928908 -0.838481605
vn -0.00101094833 0.663809061 -0.74790138
vn 0.00496002054 0.763042808 -0.646328926
vn -0.000967718079 0.772636771 -0.634847581
vn -0.000904370681 0.8586272 -0.512599766
vn 0.00230066199 0.925432444 -0.378905714
vn -0.000816147018 0.928243577 -0.371972024
vn -0.000594721176 0.996645153 -0.0818415433
vn -0.999999464 -0.000523908704 0.000886711117
vn 0.999999464 0.000523908704 -0.000886711117
vn -1.26365312e-05 -0.854644656 -0.519213378
vn 0.000253457081 -0.959658027 -0.281169653
vn 0.00050239329 -0.999709606 -0.0240929704
vn 0.000717321702 -0.972088039 0.234615266
vn 0.000883692177 -0.878663242 0.477441192
vn 0.000990243163 -0.725759506 0.68794781
vn 0.00102976209 -0.523726702 0.851885736
vn 0.000999573385 -0.286241531 0.958157003
vn 0.00090172101 -0.0293801725 0.999567926
vn 0.000742828473 0.229470283 0.973315358
vn 0.00053365191 0.472787261 0.881176472
vn 0.000288351177 0.684099734 0.729388416
vn 2.3530918e-05 0.849103868 0.528225899
vn -0.000242882437 0.956629872 0.291306138
vn -0.000492853869 0.999398768 0.0346675441
vn -0.000709462794 0.974515796 -0.224317849
vn -0.000878046616 0.883664966 -0.468119115
vn -0.000987192732 0.732996702 -0.680231512
vn -0.00102951308 0.532709777 -0.846297324
vn 1.26365312e-05 0.854644656 0.519213378
vn -0.000253456878 0.959657967 0.281169802
vn -0.000502393406 0.999709606 0.0240928587
vn -0.000717321702 0.972088039 -0.234615266
vn -0.000883692119 0.878663301 -0.477441072
vn -0.000990243279 0.725759327 -0.687947989
vn -0.00102976209 0.523726583 -0.851885796
vn -0.000999573269 0.286241233 -0.958157063
vn -0.000901721476 0.02938121 -0.999567866
vn -0.000742828473 -0.229470283 -0.973315358
vn -0.000533650978 -0.472788185 -0.881175935
vn -0.000288351497 -0.684099495 -0.729388654
vn -2.35310472e-05 -0.849103808 -0.528226018
vn 0.000242882204 -0.956629813 -0.291306347
vn 0.000492853986 -0.999398768 -0.0346674062
vn 0.000709462794 -0.974515796 0.224317849
vn 0.000878046558 -0.883665025 0.468118995
vn 0.000987192732 -0.732996583 0.680231631
vn 0.00102951308 -0.532709777 0.846297324
vn 0.000713402231 -0.973315537 0.229469776
vn -0.000713402231 0.973315537 -0.229469776
vn -0.00102868467 0.550247729 -0.835000873
vn 0.0114074387 0.611748815 -0.790969849
vn -0.00081722677 0.927602172 -0.373568714
vn 0.0115671139 0.896648228 -0.442592502
vn -0.00093731808 0.81974256 -0.572731435
vn -0.000990946894 0.724039793 -0.689757526
vn 0.000593273435 -0.996784508 0.0801264644
vn 0.0129572134 -0.999905765 0.00454083411
vn 8.84879955e-06 -0.865289509 -0.5012725
vn 0.0125159519 -0.90062809 -0.434410453
vn 0.000240383015 -0.955899656 -0.293693423
vn 0.000388601853 -0.989248753 -0.146241963
vn 0.00102868467 -0.550247729 0.835000873
vn 0.0134511385 -0.611735761 0.790947795
vn 0.000817226886 -0.927602112 0.373568863
vn 0.0132915024 -0.896635175 0.442570597
vn 0.00093731808 -0.81974256 0.572731435
vn 0.000990946894 -0.724039793 0.689757526
vn -0.00059327326 0.996784568 -0.0801263079
vn 0.0119014028 0.999918759 -0.00456272159
vn -8.84879955e-06 0.865289509 0.5012725
vn 0.0123426253 0.900641084 0.434388399
vn -0.000240383015 0.955899656 0.293693423
vn -0.000388601853 0.989248753 0.146241963
vn 0.703351736 0.378655434 -0.601594865
vn 0.703351676 0.378655404 -0.601594925
vn 0.703381777 0.520882666 -0.483668625
vn 0.703381777 0.520882666 -0.483668596
vn 0.703459263 0.627874851 -0.333043903
vn 0.703459442 0.627874792 -0.333043635
vn 0.703579128 0.692389429 -0.159916326
vn 0.70357883 0.692389667 -0.159916773
vn 0.703732669 0.710059583 0.0239937175
vn 0.703732789 0.710059524 0.0239938274
vn 0.703910291 0.679688513 0.206237286
vn 0.70391047 0.679688275 0.206237435
vn 0.704099655 0.603332281 0.374478102
vn 0.704099536 0.60333246 0.374478042
vn 0.704287589 0.48616007 0.51732713
vn 0.704287589 0.4861601 0.51732713
vn 0.704461753 0.33610338 0.625114501
vn 0.704461694 0.336103499 0.625114501
vn 0.704610229 0.163319752 0.690544069
vn 0.70472306 -0.020494502 0.709186435
vn 0.70472312 -0.0204945989 0.709186316
vn 0.704792619 -0.202896237 0.679779708
vn 0.704792619 -0.202896267 0.679779708
vn 0.704814076 -0.371538609 0.604314625
vn 0.704814196 -0.371538639 0.604314446
vn 0.704786122 -0.515005589 0.487899393
vn 0.704785943 -0.515005529 0.487899661
vn 0.704710245 -0.623585343 0.338415056
vn 0.704710186 -0.623585343 0.338415205
vn 0.704592049 -0.689927995 0.16598013
vn 0.704592347 -0.689927816 0.165979668
vn 0.7044397 -0.709542274 -0.0177331548
vn 0.704439521 -0.709542453 -0.0177329537
vn 0.704262793 -0.681101143 -0.200287819
vn 0.704262733 -0.681101143 -0.200287789
vn 0.704073787 -0.606529295 -0.36932683
vn 0.704073846 -0.606529176 -0.36932686
vn 0.702450275 0.660040438 -0.26628986
vn 0.702299953 0.391681552 -0.594441175
vn 0.705391049 0.513076246 -0.489056468
vn 0.693973601 0.557200789 -0.455991149
vn 0.705428958 0.580845237 -0.40618813
vn 0.702450275 0.660040379 -0.26628992
vn 0.703037798 -0.614989519 -0.35710746
vn 0.703037798 -0.614989519 -0.35710749
vn 0.703255773 -0.693270385 -0.157503948
vn 0.703453362 -0.708503366 0.056359224
vn 0.703453362 -0.708503306 0.0563593023
vn 0.70636791 -0.700135946 -0.104182817
vn 0.680706024 -0.700050235 -0.215798482
vn 0.706601918 0.688608527 -0.162886649
vn 0.707610786 -0.687867582 0.161632642
vn 0.703025162 0.615726292 0.355860591
vn 0.703025103 0.615726292 0.35586077
vn 0.702807128 0.69400692 0.156257823
vn 0.702609539 0.709240019 -0.057605885
vn 0.702609599 0.7092399 -0.0576061457
vn 0.705817699 0.70087564 0.102930591
vn 0.680353999 0.700763106 0.214591548
vn 0.703612626 -0.659303784 0.26504299
vn 0.703763008 -0.390944958 0.593194485
vn 0.703762949 -0.390945137 0.593194425
vn 0.706794381 -0.512336433 0.487804353
vn 0.695364714 -0.55647248 0.454759657
vn 0.706756592 -0.580105245 0.404935837
vn 0.703612745 -0.659303606 0.265043199
vn 0.704813838 -0.377917707 0.600346327
vn 0.704813838 -0.377917737 0.600346267
vn 0.704783797 -0.52014482 0.482420087
vn 0.704783976 -0.52014488 0.482419819
vn 0.704706371 -0.627137065 0.331795156
vn 0.70470643 -0.627137065 0.331795126
vn 0.704586744 -0.691651702 0.158667684
vn 0.704586446 -0.69165194 0.158668131
vn 0.704432666 -0.709321797 -0.0252422523
vn 0.704432905 -0.709321558 -0.0252425186
vn 0.704255521 -0.678950429 -0.207485989
vn 0.704255223 -0.678950846 -0.207485706
vn 0.704065979 -0.602594674 -0.375726938
vn 0.704066336 -0.602594197 -0.375727117
vn 0.703878224 -0.485422045 -0.518575788
vn 0.703877628 -0.485422999 -0.518575728
vn 0.703703463 -0.335366458 -0.626363099
vn 0.703704238 -0.335365295 -0.62636292
vn 0.703555703 -0.162581906 -0.69179225
vn 0.703442812 0.0212329775 -0.710434675
vn 0.703442037 0.0212320741 -0.71043545
vn 0.703372598 0.20363389 -0.681028783
vn 0.703373253 0.203634441 -0.681027949
vn 0.703351736 0.372276187 -0.605563164
vn 0.703351438 0.372276008 -0.6055637
vn 0.703379571 0.515743315 -0.489148229
vn 0.703379869 0.515743375 -0.489147753
vn 0.703455389 0.62432301 -0.339663535
vn 0.70345515 0.62432307 -0.339663893
vn 0.703573287 0.690665722 -0.167228758
vn 0.703573585 0.690665543 -0.167228311
vn 0.703726113 0.710280061 0.0164844394
vn 0.703726113 0.71028012 0.0164844189
vn 0.70390296 0.681838691 0.199039251
vn 0.703902781 0.68183893 0.199039087
vn 0.704091728 0.607267022 0.368078202
vn 0.704091728 0.607267082 0.368078202
vn 0.000825938012 -0.922271132 0.386542678
vn 0.000980965677 -0.746789873 0.665059328
vn 0.00102969084 -0.490381718 0.871507168
vn 0.000966832682 -0.180832908 0.983513355
vn 0.00079920335 0.148311257 0.988940418
vn 0.000544969051 0.461382598 0.88720113
vn 0.000231676953 0.724458039 0.689318836
vn -0.000106719541 0.909026146 0.416739106
vn -0.000433552166 0.995087504 0.0989984795
vn -0.000915944111 0.846069753 -0.533071399
vn -0.00101922918 0.627139747 -0.778906047
vn -0.00101206487 0.340246916 -0.940335572
vn -0.000895228528 0.0164872147 -0.999863684
vn -0.000681379461 -0.309061825 -0.951041698
vn -0.000393691153 -0.601119936 -0.799158692
vn -6.33427189e-05 -0.828035355 -0.560675919
vn 0.000273871585 -0.965221345 -0.261433959
vn 0.000581406697 -0.997810364 0.066137515
vn 0.000825937954 -0.922271132 0.386542648
vn 0.000980965793 -0.746789694 0.665059507
vn 0.00102969084 -0.490381926 0.871507049
vn 0.000966832915 -0.180833548 0.983513236
vn 0.000799203641 0.148310795 0.988940477
vn 0.000544968236 0.461383402 0.887200713
vn 0.000231677157 0.72445792 0.689319015
vn -0.000106719912 0.909026265 0.416738778
vn -0.000433552021 0.995087504 0.0989986062
vn -0.000915944169 0.846069694 -0.533071518
vn -0.0010192293 0.627139151 -0.778906584
vn -0.0010120651 0.340248227 -0.940335095
vn -0.000895228062 0.0164863002 -0.999863684
vn -0.000681379111 -0.309062272 -0.951041579
vn -0.0003936922 -0.601119101 -0.799159348
vn -6.33424497e-05 -0.828035474 -0.56067574
vn 0.000273871323 -0.965221286 -0.261434197
vn 0.000581406697 -0.997810364 0.0661375448
vn 0.691521585 0.561376691 -0.454592228
vn 0.702827096 0.549466133 -0.451797575
vn 0.706352055 0.469782561 -0.529500842
vn 0.681281447 0.408003688 -0.607773483
vn 0.703153849 0.3874394 -0.596209109
vn 0.706293702 0.288236618 -0.646582425
vn 0.671958685 0.213397071 -0.709177852
vn 0.703528583 0.189483121 -0.684940636
vn 0.706283271 0.0798020139 -0.703417063
vn 0.663675725 -0.00498410268 -0.748003781
vn 0.703948617 -0.0259197354 -0.709777832
vn 0.706314921 -0.136089638 -0.694693327
vn 0.656536818 -0.226987883 -0.719330192
vn 0.704405904 -0.238679141 -0.668464363
vn 0.706377864 -0.339309961 -0.621207774
vn 0.650629222 -0.431747168 -0.624720693
vn 0.7048859 -0.428968489 -0.564908743
vn 0.706455171 -0.510904312 -0.489793658
vn 0.646018445 -0.599761069 -0.472172499
vn 0.705372036 -0.579071343 -0.408811301
vn 0.706528962 -0.634858549 -0.312684238
vn 0.642751396 -0.714863002 -0.275393426
vn 0.705842853 -0.675028503 -0.214761361
vn 0.706577182 -0.699594617 -0.10637705
vn 0.640854657 -0.765865386 -0.0524932072
vn 0.706278145 -0.707933962 -0.000871355005
vn 0.706580162 -0.699046493 0.109902181
vn 0.706579864 -0.699046791 0.109901972
vn 0.706658483 -0.674761415 0.212910265
vn 0.706658781 -0.674761117 0.212910429
vn 0.703764677 -0.612881303 0.359293461
vn 0.571877599 -0.733962357 0.366408527
vn 0.706968725 -0.578640938 0.406656951
vn 0.703840971 -0.479548872 0.524061799
vn 0.589661956 -0.579880536 0.562171996
vn 0.707196772 -0.428566247 0.562319934
vn 0.703853607 -0.303573519 0.642209649
vn 0.60654074 -0.376971066 0.700000823
vn 0.707336843 -0.238552317 0.665407658
vn 0.703800976 -0.100591972 0.703239262
vn 0.622545421 -0.145543784 0.768930554
vn 0.707391024 -0.02632723 0.706331968
vn 0.70368892 0.111360699 0.701726973
vn 0.637712359 0.0920973718 0.764748991
vn 0.707365096 0.188316882 0.681301236
vn 0.703526139 0.313451111 0.637808204
vn 0.652089 0.313797921 0.690152764
vn 0.70727247 0.385369152 0.592668772
vn 0.703328013 0.487722725 0.517161727
vn 0.665723205 0.499598384 0.554268956
vn 0.707129657 0.546465158 0.448713183
vn 0.703111589 0.618690729 0.350508004
vn 0.678668737 0.633508086 0.371586114
vn 0.706956744 0.65659225 0.262866408
vn 0.702896416 0.694718122 0.152654409
vn 0.690977693 0.704847157 0.160437927
vn 0.706773996 0.705491543 0.0524615571
vn 0.702701151 0.709049702 -0.0588183627
vn 0.702701092 0.709049821 -0.0588183179
vn 0.702543616 0.660411716 -0.265120387
vn 0.702543736 0.660411596 -0.265120387
vn 0.70645684 0.607518733 -0.36309737
vn 0.691521823 0.561376333 -0.454592288
vn 0.702826321 0.549466789 -0.451797903
vn 0.706351042 0.46978119 -0.529503345
vn 0.68128103 0.408004224 -0.607773542
vn 0.703154564 0.387438923 -0.596208632
vn 0.706294537 0.288237065 -0.646581352
vn 0.67195946 0.213397115 -0.709177077
vn 0.703529179 0.1894833 -0.684939981
vn 0.706283867 0.0797997415 -0.703416705
vn 0.663677633 -0.00498408964 -0.748002112
vn 0.703950226 -0.0259196758 -0.709776223
vn 0.70631659 -0.136090562 -0.694691479
vn 0.656538963 -0.226988211 -0.719328105
vn 0.704404175 -0.23867853 -0.668466389
vn 0.706376195 -0.339312524 -0.621208251
vn 0.65062958 -0.431746304 -0.624720991
vn 0.704886198 -0.428967685 -0.564909041
vn 0.706455469 -0.510904908 -0.489792675
vn 0.646019459 -0.599760532 -0.472171724
vn 0.705371499 -0.579071343 -0.408812195
vn 0.706528544 -0.634859383 -0.312683553
vn 0.642752051 -0.714862406 -0.275393397
vn 0.705842912 -0.675028265 -0.214761794
vn 0.706577241 -0.699594617 -0.106376655
vn 0.640854955 -0.765865147 -0.0524930619
vn 0.706278026 -0.707934022 -0.000871470256
vn 0.706580102 -0.699046552 0.109902233
vn 0.706579864 -0.699046791 0.109902047
vn 0.706658483 -0.674761474 0.21291022
vn 0.706658959 -0.674760878 0.212910473
vn 0.703765333 -0.612880647 0.359293312
vn 0.571876407 -0.73396337 0.366408467
vn 0.706968844 -0.578640461 0.406657428
vn 0.70384109 -0.479548693 0.524061799
vn 0.589659631 -0.579882205 0.562172711
vn 0.707196414 -0.428565711 0.562320828
vn 0.703853071 -0.303573936 0.642210007
vn 0.606538475 -0.376972586 0.700001955
vn 0.707337141 -0.238550439 0.665408015
vn 0.703801334 -0.100592196 0.703238904
vn 0.622544169 -0.145544857 0.768931329
vn 0.707391977 -0.02632517 0.706331015
vn 0.703689873 0.11136084 0.70172596
vn 0.637711585 0.0920969993 0.764749646
vn 0.707364082 0.188315943 0.681302547
vn 0.703525186 0.313451529 0.637809098
vn 0.652087808 0.313798338 0.690153718
vn 0.707273126 0.385371894 0.592666209
vn 0.70332855 0.487722546 0.517161131
vn 0.665720701 0.499599099 0.554271281
vn 0.707128346 0.546466708 0.448713362
vn 0.703110456 0.618691504 0.350508898
vn 0.678668201 0.633508444 0.371586472
vn 0.70695734 0.656593382 0.262861997
vn 0.702896833 0.694717765 0.152654096
vn 0.690976679 0.704847991 0.160438538
vn 0.706773698 0.70549202 0.0524587408
vn 0.702701032 0.709049821 -0.058818277
vn 0.702701092 0.709049821 -0.0588182844
vn 0.702543616 0.660411716 -0.265120327
vn 0.702543974 0.660411358 -0.265120327
vn 0.706457376 0.607519746 -0.363094687
vn 0.000897704507 -0.0213697236 0.999771237
vn 0.000968554872 -0.185634926 0.982618332
vn 0.00101298571 -0.344836831 0.938662112
vn 0.00102978491 -0.494632423 0.869101644
vn 0.00101849425 -0.630935669 0.775834441
vn 0.000979421777 -0.750028908 0.661404312
vn 0.000913633266 -0.848663032 0.528933108
vn 0.000822923146 -0.924148023 0.382033676
vn 0.000709765533 -0.97442472 0.224713102
vn 0.000577247934 -0.99812144 0.061263606
vn 0.000428984553 -0.99459213 -0.103856988
vn 0.000269018929 -0.963932872 -0.266145319
vn 0.000101715399 -0.906980038 -0.421173662
vn -6.83622784e-05 -0.825287282 -0.56471312
vn -0.000236575637 -0.721082628 -0.69284904
vn -0.000398335513 -0.597208917 -0.802085638
vn -0.00054922991 -0.45704487 -0.889443457
vn -0.000685142877 -0.304413766 -0.952539623
vn -0.000802366645 -0.143479392 -0.989652991
vn -0.000897704507 0.0213697236 -0.999771237
vn -0.000968554872 0.185634926 -0.982618332
vn -0.00101298571 0.344836831 -0.938662112
vn -0.00102978491 0.494632423 -0.869101644
vn -0.00101849425 0.630935669 -0.775834441
vn -0.000979421777 0.750028908 -0.661404312
vn -0.000913633266 0.848663032 -0.528933108
vn -0.000822923146 0.924148023 -0.382033676
vn -0.000709765533 0.97442472 -0.224713102
vn -0.000577247934 0.99812144 -0.061263606
vn -0.000428984553 0.99459213 0.103856988
vn -0.000269018929 0.963932872 0.266145319
vn -0.000101715399 0.906980038 0.421173662
vn 6.83622784e-05 0.825287282 0.56471312
vn 0.000236575637 0.721082628 0.69284904
vn 0.000398335513 0.597208917 0.802085638
vn 0.00054922991 0.45704487 0.889443457
vn 0.000685142877 0.304413766 0.952539623
vn 0.000802366645 0.143479392 0.989652991
vn -0.0133978706 -0.999893904 -0.00571224233
vn -0.0223852042 -0.999744356 -0.00319026713
vn -0.0309449155 -0.999520957 0.000529724406
vn -0.0389173664 -0.999227941 0.00537835713
vn -0.0461541675 -0.99887079 0.0112653775
vn -0.0525204912 -0.99845612 0.01808111
vn -0.0578977056 -0.997991681 0.0256985519
vn -0.06218566 -0.997486115 0.0339758098
vn -0.0653045177 -0.996948838 0.0427588038
vn -0.0671961159 -0.996389866 0.051883705
vn -0.0678252652 -0.995819569 0.0611807741
vn -0.0671802312 -0.995248616 0.0704767108
vn -0.065273039 -0.994687676 0.079598248
vn -0.0621391721 -0.994147122 0.088375695
vn -0.0578370765 -0.993637025 0.0966453329
vn -0.0524468534 -0.993166924 0.104253232
vn -0.0460688919 -0.992745638 0.111057661
vn -0.0388220362 -0.992380857 0.116931841
vn -0.0308413114 -0.992079496 0.121766329
vn -0.022275256 -0.991847157 0.12547113
vn -0.0132836252 -0.991688132 0.127977163
vn -0.00403375784 -0.991605401 0.129237786
vn 0.00530196307 -0.991600513 0.129229516
vn 0.0145496624 -0.991673589 0.127952486
vn 0.0235369969 -0.991823196 0.125430509
vn 0.0320967063 -0.992046535 0.121710517
vn 0.0400691554 -0.992339551 0.116861887
vn 0.0473059602 -0.992696702 0.110974863
vn 0.0536722839 -0.993111372 0.104159132
vn 0.0590494983 -0.993575811 0.0965416878
vn 0.0633374527 -0.994081378 0.0882644355
vn 0.0664563105 -0.994618654 0.0794814378
vn 0.0683479086 -0.995177627 0.0703565329
vn 0.0689770579 -0.995747924 0.0610594712
vn 0.0683320165 -0.996318877 0.0517635308
vn 0.0664248317 -0.996879816 0.0426419973
vn 0.0632909611 -0.997420371 0.0338645466
vn 0.0589888692 -0.997930467 0.0255949069
vn 0.0535986461 -0.998400569 0.0179870129
vn 0.0472206809 -0.998821914 0.0111825801
vn 0.0399738289 -0.999186635 0.00530840317
vn 0.0319931023 -0.999487996 0.000473916531
vn 0.0234270487 -0.999720335 -0.00323088933
vn 0.014435417 -0.99987936 -0.00573692238
vn 0.00518554961 -0.999962091 -0.00699754991
vn -0.0041501713 -0.999966979 -0.00698927185
vn -0.174881101 0.97056818 -0.165571868
vn 0.173750862 0.983732462 0.0456190221
vn 0.186395139 0.972271264 -0.141228169
vn 0.0675565824 0.965414941 -0.251813591
vn -0.0590494983 0.993575811 -0.0965416878
vn -0.0689770579 0.995747924 -0.0610594712
vn -0.0632909611 0.997420371 -0.0338645466
vn -0.0664248317 0.996879816 -0.0426419973
vn -0.0683320165 0.996318877 -0.0517635308
vn -0.0472206809 0.998821914 -0.0111825801
vn -0.0535986461 0.998400569 -0.0179870129
vn -0.0589888692 0.997930467 -0.0255949069
vn 0.0578977056 0.997991681 -0.0256985519
vn 0.0671961159 0.996389866 -0.051883705
vn 0.0621391721 0.994147122 -0.088375695
vn 0.022275256 0.991847157 -0.12547113
vn 0.952790499 0.247117579 -0.176417574
vn 0.0436913706 0.0664379597 -0.996833503
vn 0.789776385 -0.037123736 -0.612270415
vn 0.375524759 -0.789868057 -0.484860361
vn 0.409917653 -0.819981873 0.399496198
vn 0.544098616 -0.571648002 0.614145935
vn -0.350370079 -0.603082657 0.716611564
vn -0.374648601 -0.725074172 0.577845871
vn -0.393067449 0.25219065 -0.884249866
vn -0.318525881 0.872669458 -0.370120674
vn -0.338419884 0.905147016 0.257256299
vn -0.492674083 0.803099573 0.335116833
vn -0.339308798 0.566460431 0.750994086
vn -0.354876608 0.787287176 -0.504223645
vn -0.337858081 0.692753136 -0.637138128
vn -0.335560769 0.58659184 -0.737094939
vn -0.405038685 0.470935285 -0.783685923
vn -0.357593328 0.493293107 -0.792962134
vn -0.377552181 0.346188009 -0.858841181
vn -0.368728787 0.344108105 -0.863497972
vn -0.378641963 0.406839758 -0.831331253
vn -0.234698296 0.195637241 -0.952177942
vn -0.388514102 0.215082288 -0.89598906
vn -0.400622427 0.0925605744 -0.911555946
vn -0.0455286987 0.0663912147 -0.996754408
vn -0.790821671 -0.037951827 -0.610868871
vn -0.0453816652 -0.187845394 -0.981149614
vn -0.400451034 -0.20380795 -0.893365145
vn -0.39178893 -0.294356853 -0.871696889
vn -0.275810629 -0.324197799 -0.904889107
vn -0.392714053 -0.358891517 -0.846742332
vn -0.377092272 -0.449057937 -0.810029864
vn -0.368270934 -0.447552979 -0.814906657
vn -0.386448711 -0.564877093 -0.72908932
vn -0.381210923 -0.563582778 -0.732838809
vn -0.953063667 -0.266738504 -0.143248737
vn -0.353933483 -0.843450904 -0.404130727
vn -0.36526677 -0.864804983 -0.344517827
vn -0.363828242 -0.868423879 -0.336851537
vn -0.408944249 -0.863155723 -0.296187043
vn -0.345805168 -0.910708904 -0.225893959
vn -0.383336544 -0.906336129 -0.177786127
vn -0.318733007 -0.923836231 -0.211980969
vn -0.404258221 -0.906727552 -0.120085195
vn -0.374684602 -0.917951703 -0.130292401
vn -0.393339872 -0.917813778 -0.0538665429
vn -0.474975616 -0.879310787 -0.0347951092
vn -0.33958143 -0.940510154 0.0111867171
vn -0.594774008 -0.802351654 0.0497561358
vn -0.339501709 -0.934782743 0.104497954
vn -0.474823773 -0.868405163 0.142880529
vn -0.363071293 -0.889771342 0.276561379
vn -0.396007895 -0.886362433 0.239873603
vn -0.379877746 -0.89823395 0.221062586
vn -0.393151641 -0.904295266 0.166378617
vn -0.351448089 -0.871935427 0.340900034
vn -0.316954434 -0.87300235 0.370684177
vn -0.359031439 -0.877143145 0.31893
vn -0.352282345 -0.820286453 0.450585514
vn -0.365478933 -0.818375111 0.443494409
vn -0.333638221 -0.586942434 0.737688363
vn -0.403154582 -0.471358716 0.784402549
vn -0.355669409 -0.493666768 0.793594599
vn -0.375665545 -0.346582651 0.85950911
vn -0.366836101 -0.344493479 0.864150167
vn -0.376740575 -0.407235533 0.83200109
vn -0.3670021 0.546699524 0.752614856
vn -0.386618644 0.463738322 0.797165453
vn -0.334011108 0.449582815 0.828439415
vn -0.468167394 0.315331757 0.825460553
vn -0.529611051 0.314620346 0.787734866
vn -0.278754234 0.190556869 0.941267312
vn -0.393584847 0.191383943 0.899145782
vn -0.399477303 0.0900065973 0.912313938
vn 0.496272832 0.0534729585 0.866518259
vn -0.622882962 0.007984614 0.782274306
vn -0.0436913706 -0.0664379597 0.996833503
vn -0.398908019 -0.0929794535 0.912264884
vn -0.386698961 -0.215488419 0.896676481
vn -0.232804194 -0.195882171 0.952592432
vn -0.391234219 -0.252601534 0.884945333
vn -0.49479112 0.0529537313 0.86739707
vn 0.624260545 0.00863800291 0.781168461
vn 0.0455286987 -0.0663912147 0.996754408
vn 0.400622427 -0.0925605744 0.911555946
vn 0.392066211 -0.185089663 0.901124775
vn 0.276120007 -0.210780904 0.937725544
vn 0.393067449 -0.25219065 0.884249866
vn 0.378205806 -0.342694014 0.859954178
vn 0.369049013 -0.345989823 0.862608731
vn 0.378641963 -0.406839758 0.831331253
vn 0.363492042 -0.470859408 0.803843856
vn 0.397481799 -0.484701276 0.779148817
vn 0.335560769 -0.58659184 0.737094939
vn 0.352272093 -0.602714539 0.715988517
vn 0.364804894 -0.820289314 0.440502912
vn 0.346838385 -0.875847459 0.335550845
vn 0.384368092 -0.877347708 0.287266701
vn 0.319782346 -0.890608907 0.323349625
vn 0.405294299 -0.884768724 0.230045289
vn 0.375732929 -0.894694388 0.241550639
vn 0.394393414 -0.903882682 0.165680289
vn 0.475986093 -0.867907047 0.142037436
vn 0.340665787 -0.934426367 0.103894845
vn 0.595701694 -0.801727951 0.0487005264
vn 0.340586036 -0.940153778 0.0105836047
vn 0.47583425 -0.878812671 -0.035638202
vn 0.364115894 -0.916495979 -0.165694654
vn 0.39704597 -0.908587933 -0.129701495
vn 0.380928189 -0.918088377 -0.109578699
vn 0.394205213 -0.917401195 -0.0545648709
vn 0.352476716 -0.906675816 -0.231730834
vn 0.317986429 -0.911416948 -0.261158466
vn 0.360064536 -0.909148812 -0.209289342
vn 0.353259236 -0.86882776 -0.346909523
vn 0.366453081 -0.866048396 -0.340106338
vn 0.391587645 -0.358480603 -0.847437799
vn 0.376776844 -0.445331722 -0.812230766
vn 0.367615879 -0.448926508 -0.814446807
vn 0.385418922 -0.56193769 -0.731900454
vn 0.380042344 -0.56479913 -0.732509196
vn 0.355807841 -0.641222417 -0.679878354
vn 0.33436653 -0.672368824 -0.660393178
vn 0.351115465 -0.685790956 -0.637501895
vn 0.233097136 -0.31064263 -0.921502531
vn 0.387010425 -0.323085994 -0.863619328
vn 0.399079412 -0.203389078 -0.894074082
vn 0.0438384041 -0.187798649 -0.981228769
vn 0.274235576 0.211069241 -0.938213527
vn 0.390273362 0.185499534 -0.901818514
vn 0.398908019 0.0929794535 -0.912264884
vn 0.364589244 0.816141248 -0.448316991
vn 0.318275064 0.890943229 -0.323915392
vn 0.594774008 0.802351654 -0.0497561358
vn 0.33958143 0.940510154 -0.0111867171
vn 0.474975616 0.879310787 0.0347951092
vn 0.393339872 0.917813778 0.0538665429
vn 0.380159706 0.918487072 0.108903833
vn 0.396323115 0.909003556 0.128998011
vn 0.393989891 0.71301043 0.579989791
vn 0.351708442 0.779378533 0.518527031
vn 0.33075735 0.555168569 0.763143122
vn 0.401000082 0.0904259756 0.911604106
vn 0.395695925 0.182674542 0.900030434
vn 0.285003036 0.193269238 0.938839853
vn 0.513654351 0.306910068 0.80122745
vn 0.465420961 0.320118099 0.825171351
vn 0.300474703 0.480147034 0.824119985
vn 0.390764952 0.448564887 0.803798676
vn 0.362557828 0.566065013 0.74035275
vn 0.153588176 0.922071218 -0.355239898
vn 0.0930928737 0.966107607 -0.240769193
vn 0.093092896 0.966107607 -0.240769178
vn 0.0308413114 0.992079496 -0.121766329
vn 0.322509348 0.934866667 -0.148364469
vn 0.195737496 0.973882735 -0.115061738
vn 0.195737511 0.973882794 -0.115061663
vn 0.065273039 0.994687676 -0.079598248
vn 0.203345984 0.977257133 -0.060157232
vn 0.20147042 0.978957176 -0.0324417315
vn 0.201470405 0.978957236 -0.0324416943
vn 0.195831344 0.980623603 -0.00523931952
vn 0.25994572 0.953354716 0.153437123
vn 0.157720819 0.985117018 0.0683274195
vn 0.0525204912 0.99845612 -0.01808111
vn -0.204476222 0.97704345 -0.0597956106
vn -0.202553287 0.97874552 -0.0320834406
vn -0.202553287 0.97874552 -0.0320834778
vn -0.196867749 0.980417848 -0.00489117811
vn -0.196867734 0.980417848 -0.00489110593
vn -0.187525377 0.982029319 0.0212753303
vn -0.187525406 0.982029319 0.0212751795
vn -0.17470035 0.983549893 0.0459279828
vn -0.17470032 0.983549893 0.0459280647
vn -0.158631533 0.984951258 0.0686079338
vn -0.139618158 0.986207306 0.0888926685
vn -0.261033297 0.927133322 -0.268859446
vn -0.158851057 0.969183624 -0.188280255
vn -0.0536722839 0.993111372 -0.104159132
vn 0.264965266 0.862848938 -0.430447608
vn 0.192741483 0.923549592 -0.331521958
vn 0.192741424 0.923549592 -0.331522048
vn 0.116884254 0.967005968 -0.226357073
vn 0.116884276 0.967005968 -0.226357043
vn 0.0388220362 0.992380857 -0.116931841
vn 0.157501295 0.969349384 -0.188560769
vn 0.259584457 0.927406073 -0.269321084
vn 0.259584486 0.927406073 -0.269321054
vn 0.408349127 0.820410609 -0.400221765
vn 0.338687181 0.867359579 -0.364661992
vn 0.336859286 0.866658986 -0.368005484
vn 0.345324844 0.876210093 -0.336164594
vn 0.382938534 0.877749741 -0.287947059
vn 0.286028743 0.929712296 -0.231996983
vn 0.374366283 0.895087361 -0.242215768
vn 0.40395838 0.885192692 -0.230762854
vn 0.307134777 0.932214677 -0.191426247
vn 0.286028713 0.929712296 -0.231997073
vn 0.173570082 0.97075069 -0.165880904
vn 0.0524468534 0.993166924 -0.104253232
vn 0.335030615 0.940419853 -0.0580087118
vn 0.331944048 0.943217635 -0.0123977419
vn 0.331943959 0.943217635 -0.0123976059
vn 0.322663814 0.945959985 0.0323690809
vn 0.322663784 0.945959985 0.0323691107
vn 0.307362795 0.948595881 0.0754580721
vn 0.0678252652 0.995819569 -0.0611807741
vn 0.339501709 0.934782743 -0.104497954
vn 0.331866056 0.937618792 -0.103614137
vn 0.331866086 0.937618792 -0.103614286
vn 0.201423049 0.975555062 -0.087869361
vn 0.201423049 0.975555062 -0.0878694057
vn 0.0671802312 0.995248616 -0.0704767108
vn 0.357898384 0.906474292 0.224082887
vn 0.36344865 0.916877151 0.165049523
vn 0.2863262 0.95107621 0.11606621
vn 0.307362914 0.948595881 0.0754579306
vn 0.186533764 0.982225299 0.0209435038
vn 0.195831373 0.980623603 -0.00523938332
vn 0.0653045177 0.996948838 -0.0427588038
vn -0.336118162 0.940068245 -0.0574135967
vn -0.332953632 0.942869246 -0.0118080257
vn -0.332953602 0.942869246 -0.0118081756
vn -0.323596895 0.945621431 0.032942161
vn -0.323596895 0.945621431 0.0329421274
vn -0.308222353 0.948273361 0.0760037452
vn -0.308222324 0.948273361 0.0760039389
vn -0.287116259 0.950775802 0.116574764
vn -0.287116289 0.950775802 0.116574675
vn -0.260672003 0.953081965 0.153898761
vn -0.32375136 0.934528112 -0.147791386
vn -0.394393414 0.903882682 -0.165680289
vn -0.475986093 0.867907047 -0.142037436
vn -0.397361189 0.88594681 -0.239170104
vn -0.381210148 0.897835195 -0.220387727
vn -0.308450341 0.931892216 -0.190880373
vn -0.32375133 0.934528112 -0.147791415
vn -0.196961582 0.973677039 -0.11471352
vn -0.360515356 0.876766145 -0.318291962
vn -0.364493281 0.889390171 -0.275916249
vn -0.287413746 0.929411888 -0.231488526
vn -0.30845049 0.931892157 -0.190880239
vn -0.187664017 0.972075343 -0.14089635
vn -0.196961612 0.973677039 -0.11471346
vn -0.0664563105 0.994618654 -0.0794814378
vn 0.363163412 0.820670724 -0.4411484
vn 0.313797116 0.865306675 -0.390865326
vn 0.228294343 0.925339043 -0.30270347
vn 0.228294358 0.925339043 -0.30270344
vn 0.13848792 0.968093336 -0.208845496
vn 0.13848792 0.968093336 -0.208845511
vn 0.0460688919 0.992745638 -0.111057661
vn 0.474823773 0.868405163 -0.142880529
vn 0.393151641 0.904295266 -0.166378617
vn 0.322509348 0.934866667 -0.14836444
vn 0.307134807 0.932214737 -0.191426054
vn 0.186395168 0.972271323 -0.14122802
vn 0.173570111 0.970750749 -0.165880829
vn 0.0578370765 0.993637025 -0.0966453329
vn 0.0461541675 0.99887079 -0.0112653775
vn 0.138742134 0.986353159 0.0886458382
vn 0.138742149 0.986353159 0.0886458308
vn 0.228712738 0.955389082 0.186874926
vn 0.228712708 0.955389082 0.186874941
vn 0.314371765 0.906580448 0.28157112
vn 0.314371735 0.906580448 0.28157115
vn -0.229381889 0.955149055 0.187281147
vn -0.314821661 0.906250834 0.282129049
vn -0.314821661 0.906250775 0.282129049
vn -0.392740577 0.842002571 0.369846523
vn -0.3256827 0.843552887 0.427023739
vn -0.397328615 0.805990219 0.438759387
vn -0.40089485 0.802211821 0.442424536
vn -0.367122173 0.817991316 -0.442844808
vn -0.315396279 0.864977062 -0.390307397
vn -0.315396309 0.864977062 -0.390307397
vn -0.229800269 0.925099015 -0.302297264
vn -0.229800284 0.925099015 -0.302297235
vn -0.139872387 0.967947483 -0.208598673
vn -0.139872372 0.967947483 -0.208598688
vn -0.0473059602 0.992696702 -0.110974863
vn 0.54240936 0.572217226 -0.615109324
vn 0.336001575 0.693106174 -0.637735605
vn 0.374648601 0.725074172 -0.577845871
vn 0.332204342 0.786067843 -0.52128458
vn 0.0389173664 0.999227941 -0.00537835713
vn 0.117168471 0.987417877 0.106195673
vn 0.117168434 0.987417877 0.106195688
vn 0.193209082 0.95714128 0.215756521
vn 0.193209186 0.957141221 0.215756491
vn 0.265607595 0.908987105 0.321239918
vn 0.265607685 0.908987045 0.321239889
vn 0.333009273 0.843884468 0.420670629
vn 0.333009303 0.843884468 0.420670629
vn 0.314506143 0.766008079 0.560640216
vn 0.265689731 0.846358538 0.461612612
vn 0.26568976 0.846358538 0.461612612
vn 0.211886197 0.91096139 0.353911847
vn 0.211886242 0.91096139 0.353911847
vn 0.154096454 0.958578646 0.239543781
vn 0.0934017226 0.988291323 0.120649979
vn 0.0934017524 0.988291323 0.120649971
vn 0.0309449155 0.999520957 -0.000529724406
vn -0.118014492 0.987294674 0.106404237
vn -0.19382897 0.956938446 0.216099754
vn -0.193829045 0.956938446 0.216099665
vn -0.26598981 0.908708572 0.321711332
vn -0.26598987 0.908708572 0.321711242
vn -0.333146781 0.843535483 0.42126134
vn -0.333146811 0.843535483 0.421261311
vn -0.361855686 0.808401823 0.464270324
vn -0.390270859 0.762966275 0.515335917
vn -0.35160476 0.779010057 0.519150674
vn -0.393707573 0.712597728 0.580688238
vn -0.0400691554 0.992339551 -0.116861887
vn -0.118298709 0.966882765 -0.226148516
vn -0.118298672 0.966882765 -0.226148531
vn -0.194296628 0.923346817 -0.331178844
vn -0.194296733 0.923346817 -0.331178814
vn -0.26663214 0.862570465 -0.429976195
vn -0.266632259 0.862570405 -0.429976165
vn -0.333951741 0.785718858 -0.520693898
vn -0.333951771 0.785718799 -0.520693898
vn -0.376432329 0.724680662 -0.577179909
vn -0.95336026 0.246118933 -0.174727365
vn 0.211188078 0.860818326 -0.463024169
vn 0.264814943 0.783523262 -0.562107086
vn 0.264814913 0.783523202 -0.562107146
vn 0.313471049 0.691659927 -0.6506477
vn 0.313471079 0.691659987 -0.65064764
vn 0.350370079 0.603082657 -0.716611564
vn 0.333638221 0.586942434 -0.737688363
vn 0.395591319 0.48511678 -0.779852092
vn 0.361572355 0.471239269 -0.804486811
vn 0.376740575 0.407235533 -0.83200109
vn 0.367155939 0.346375525 -0.86326158
vn 0.376320869 0.343089312 -0.86062324
vn 0.391234219 0.252601534 -0.884945333
vn 0.369473606 0.603339434 0.706732512
vn 0.34173584 0.679358006 0.649376094
vn 0.353081137 0.671719432 0.651250064
vn 0.350568295 0.688489258 0.634889305
vn 0.314506203 0.766008079 0.560640216
vn 0.390384495 0.763375282 0.514643669
vn 0.361831218 0.808780968 0.46362862
vn 0.400838047 0.802631855 0.441713631
vn 0.359661281 0.843225718 0.399517447
vn 0.286490023 0.841824174 0.457444578
vn 0.392513394 0.842414021 0.369150221
vn 0.492425829 0.803615689 0.334243327
vn 0.337926984 0.905501366 0.256656587
vn 0.351011246 0.907603562 0.230319023
vn 0.25994575 0.953354716 0.153437123
vn 0.28632614 0.95107621 0.11606627
vn 0.173750803 0.983732462 0.0456190854
vn 0.186533689 0.982225299 0.0209436305
vn 0.06218566 0.997486115 -0.0339758098
vn -0.0319931023 0.999487996 -0.000473916531
vn -0.0942231342 0.988192976 0.120816328
vn -0.0942231119 0.988192976 0.12081635
vn -0.154675737 0.958416879 0.239817575
vn -0.212212667 0.910739183 0.354287863
vn -0.212212637 0.910739183 0.354287922
vn -0.265757382 0.846080124 0.462083817
vn -0.265757352 0.846080124 0.462083846
vn -0.314313859 0.765678644 0.561197817
vn -0.314313889 0.765678644 0.561197817
vn -0.350163043 0.688122094 0.635510683
vn -0.352629304 0.671349704 0.651875854
vn -0.341295362 0.679000139 0.649981737
vn -0.368851662 0.6029526 0.707387149
vn -0.0320967063 0.992046535 -0.121710517
vn -0.0945319906 0.966009319 -0.240602806
vn -0.0945319608 0.966009319 -0.240602821
vn -0.155184016 0.921909451 -0.354966104
vn -0.155184001 0.921909451 -0.354966104
vn -0.212910801 0.86059612 -0.462648094
vn -0.212910742 0.86059618 -0.462648124
vn -0.266632229 0.783244789 -0.561635852
vn -0.266632169 0.783244789 -0.561635852
vn -0.315348953 0.691330552 -0.650090098
vn -0.315349013 0.691330492 -0.650090098
vn -0.352272093 0.602714539 -0.715988517
vn -0.544098616 0.571648002 -0.614145935
vn 0.00403375784 0.991605401 -0.129237786
vn 0.0131767448 0.964694262 -0.26304239
vn 0.0131767066 0.964694262 -0.26304242
vn 0.0220710039 0.919745326 -0.391894698
vn 0.0220709816 0.919745266 -0.391894698
vn 0.0305491202 0.857623696 -0.51336962
vn 0.0305492263 0.857623696 -0.51336956
vn 0.0384525843 0.779520094 -0.625195861
vn 0.0384523496 0.779519975 -0.62519598
vn 0.0456338264 0.686923265 -0.725295782
vn 0.0456340574 0.686923385 -0.725295663
vn 0.0519609824 0.581588805 -0.811821759
vn 0.051960893 0.581588745 -0.811821818
vn 0.0573171601 0.465499163 -0.883190393
vn 0.0573170707 0.465499103 -0.883190453
vn 0.0616052188 0.340823025 -0.938106835
vn 0.0616058409 0.340823561 -0.938106596
vn 0.0647483245 0.209877372 -0.975581408
vn 0.0647478923 0.209876969 -0.975581527
vn 0.0666881129 0.0750807971 -0.99494499
vn 0.0666883513 0.0750810355 -0.99494499
vn 0.0673915818 -0.061085511 -0.995854855
vn 0.066845201 -0.196119145 -0.978299022
vn 0.0668449551 -0.196119383 -0.978299022
vn 0.0650586933 -0.327537924 -0.942595482
vn 0.0650591403 -0.327537507 -0.942595601
vn 0.0620649084 -0.452921122 -0.889387667
vn 0.0620642528 -0.452921659 -0.889387429
vn 0.0579159036 -0.569950104 -0.81963563
vn 0.0579160005 -0.569950044 -0.819635689
vn 0.0526884533 -0.676446259 -0.734604955
vn 0.0526885502 -0.676446199 -0.734604955
vn 0.0407516062 0.964940906 -0.259284317
vn 0.0674507171 0.920151174 -0.385710031
vn 0.0674506053 0.920151174 -0.38571009
vn 0.0928780884 0.858181119 -0.504875064
vn 0.0928780437 0.858181119 -0.504875064
vn 0.116558112 0.780218601 -0.614551187
vn 0.116558142 0.780218601 -0.614551187
vn 0.138050377 0.687749684 -0.712700844
vn 0.138050511 0.687749743 -0.712700725
vn 0.156957582 0.582527816 -0.797512174
vn 0.172932819 0.466532856 -0.867433786
vn 0.172933146 0.466533154 -0.867433548
vn 0.185685828 0.34193325 -0.921196222
vn 0.185685307 0.341932744 -0.921196461
vn 0.194984734 0.211042345 -0.957831979
vn 0.194984525 0.211042121 -0.957832038
vn 0.200663596 0.0762785301 -0.97668606
vn 0.200664058 0.0762790069 -0.976685941
vn 0.202621043 -0.0598760955 -0.977424979
vn 0.200820923 -0.19492048 -0.960040092
vn 0.200820431 -0.194920957 -0.960040092
vn 0.195295319 -0.326373339 -0.924846053
vn 0.195295557 -0.32637313 -0.924846053
vn 0.186144322 -0.45181188 -0.872477114
vn 0.186144918 -0.451811433 -0.872477233
vn 0.173532024 -0.568915844 -0.803878963
vn 0.173531622 -0.568916142 -0.803878844
vn 0.157685146 -0.675507247 -0.72029537
vn 0.157685146 -0.675507188 -0.72029537
vn 0.111563496 0.92093128 -0.37341547
vn 0.153467193 0.859252691 -0.487988383
vn 0.153467104 0.859252632 -0.487988442
vn 0.192483559 0.781561255 -0.593390346
vn 0.192483723 0.781561315 -0.593390167
vn 0.227887183 0.689338565 -0.687662542
vn 0.227887079 0.689338505 -0.687662661
vn 0.25902307 0.584333003 -0.769065619
vn 0.259022862 0.584332824 -0.769065857
vn 0.28532064 0.468520284 -0.836110592
vn 0.285320818 0.468520463 -0.836110413
vn 0.306301653 0.344066173 -0.887579739
vn 0.306301773 0.344066322 -0.88757962
vn 0.32158643 0.213280976 -0.922547221
vn 0.321586728 0.213281289 -0.922547042
vn 0.330900311 0.0785822123 -0.940388143
vn 0.330899954 0.0785817951 -0.940388262
vn 0.33407566 -0.0575513095 -0.940787613
vn 0.331056774 -0.19261767 -0.923742294
vn 0.331057161 -0.192617267 -0.923742235
vn 0.321897566 -0.324134082 -0.889561176
vn 0.321897209 -0.32413438 -0.889561176
vn 0.306760848 -0.44967863 -0.838860452
vn 0.306760669 -0.449678779 -0.838860452
vn 0.285919696 -0.566928089 -0.772555768
vn 0.285919428 -0.566928267 -0.772555768
vn 0.259750366 -0.673702359 -0.691848874
vn 0.259750664 -0.67370218 -0.691848934
vn 0.0223852042 0.999744356 0.00319026713
vn 0.0678843483 0.988957226 0.131739646
vn 0.0678843856 0.988957226 0.131739646
vn 0.112102836 0.959674537 0.257793903
vn 0.112102903 0.959674537 0.257793903
vn 0.154208079 0.912466586 0.378978431
vn 0.15420796 0.912466586 0.378978431
vn 0.193411916 0.848244786 0.493023932
vn 0.193412155 0.848244727 0.493023962
vn 0.228985712 0.768239856 0.597806931
vn 0.228985563 0.768239915 0.597806871
vn 0.260271132 0.673974633 0.691387832
vn 0.260270834 0.673974752 0.691387773
vn 0.286694854 0.567228258 0.772047997
vn 0.286695123 0.567228079 0.772048056
vn 0.307776511 0.450000733 0.838315547
vn 0.30777669 0.450000584 0.838315547
vn 0.323134452 0.324472308 0.88898921
vn 0.32313481 0.32447201 0.88898921
vn 0.332492828 0.192964897 0.923153877
vn 0.332492411 0.192965314 0.923153937
vn 0.335683048 0.057902202 0.940193713
vn 0.332649291 -0.0782341585 0.939799905
vn 0.332649648 -0.0782345682 0.939799726
vn 0.323445588 -0.21294336 0.921975076
vn 0.32344529 -0.212943032 0.921975255
vn 0.308235705 -0.343744338 0.887034714
vn 0.308235556 -0.343744218 0.887034833
vn 0.287293941 -0.468220472 0.835602641
vn 0.287293732 -0.468220264 0.83560282
vn 0.260998458 -0.584060431 0.768604755
vn 0.260998666 -0.584060609 0.768604517
vn 0.0133978706 0.999893904 0.00571224233
vn 0.0410921536 0.989403188 0.139257923
vn 0.0410921834 0.989403188 0.139257923
vn 0.0680112094 0.960408449 0.270166695
vn 0.0680110827 0.960408509 0.270166665
vn 0.0936479121 0.913474619 0.39597249
vn 0.09364786 0.913474619 0.39597249
vn 0.117522784 0.849507987 0.514319479
vn 0.117522828 0.849507987 0.514319479
vn 0.139191791 0.769734561 0.623004317
vn 0.139191955 0.769734502 0.623004377
vn 0.1582544 0.67567271 0.720015228
vn 0.158254385 0.67567277 0.720015228
vn 0.174360752 0.569098413 0.80357039
vn 0.17436114 0.569098115 0.803570509
vn 0.187218368 0.452007025 0.872146189
vn 0.187217772 0.452007502 0.87214607
vn 0.1965933 0.326578468 0.924498558
vn 0.196593076 0.326578677 0.924498558
vn 0.202318326 0.195132166 0.959682643
vn 0.202318802 0.195131689 0.959682643
vn 0.204291254 0.0600892827 0.977064133
vn 0.202475637 -0.0760677978 0.976328492
vn 0.202475175 -0.076067321 0.976328611
vn 0.196903884 -0.210836813 0.957484543
vn 0.196904093 -0.210837021 0.957484484
vn 0.187676862 -0.341737121 0.920865417
vn 0.187677383 -0.341737628 0.920865119
vn 0.174959943 -0.466350883 0.867125034
vn 0.17495963 -0.466350615 0.867125273
vn 0.158981949 -0.582362294 0.797232032
vn 0.158981964 -0.582362294 0.797232032
vn 0.0041501713 0.999966979 0.00698927185
vn 0.0135237863 0.989620924 0.143064886
vn 0.0135237472 0.989620924 0.143064886
vn 0.0226421244 0.960766792 0.276431799
vn 0.0226421021 0.960766792 0.276431769
vn 0.0313335508 0.913966775 0.404577553
vn 0.0313336663 0.913966715 0.404577583
vn 0.0394355841 0.850124598 0.525102794
vn 0.0394353382 0.850124717 0.525102675
vn 0.0467969179 0.770464361 0.635763109
vn 0.0467971638 0.770464242 0.635763228
vn 0.0532824099 0.676501691 0.734511018
vn 0.053282313 0.676501751 0.734510958
vn 0.0587722324 0.570011199 0.819532216
vn 0.0587721355 0.570011258 0.819532216
vn 0.0631668046 0.452987283 0.889276385
vn 0.0631674528 0.452986747 0.889276624
vn 0.0663874224 0.32760638 0.942479074
vn 0.0663869753 0.327606767 0.942478955
vn 0.0683742538 0.196190223 0.978179097
vn 0.0683744997 0.196189985 0.978179157
vn 0.0690935031 0.0611570179 0.995733857
vn 0.0685313419 -0.0750101954 0.994825065
vn 0.068531096 -0.0750099495 0.994825125
vn 0.0666977838 -0.209808096 0.975465
vn 0.0666982159 -0.209808514 0.97546488
vn 0.0636264905 -0.340757966 0.937995553
vn 0.0636258647 -0.3407574 0.937995791
vn 0.0593709759 -0.465437949 0.883086979
vn 0.0593710653 -0.465438038 0.88308692
vn 0.0540098809 -0.581533194 0.811727822
vn 0.054009974 -0.581533253 0.811727762
vn -0.00518554961 0.999962091 0.00699754991
vn -0.0143069839 0.989606321 0.143089548
vn -0.0143069457 0.989606321 0.143089563
vn -0.023158554 0.960742772 0.27647239
vn -0.0231585335 0.960742772 0.27647239
vn -0.0315736718 0.913933754 0.404633373
vn -0.0315737799 0.913933814 0.404633313
vn -0.0393950418 0.850083411 0.525172591
vn -0.0393948071 0.850083351 0.52517271
vn -0.0464766584 0.770415366 0.635845959
vn -0.0464768857 0.770415485 0.63584584
vn -0.0526885465 0.676446259 0.734604895
vn -0.0526884571 0.676446199 0.734604955
vn -0.0579159968 0.569950104 0.81963563
vn -0.0579159074 0.569950044 0.819635689
vn -0.0620642677 0.452921122 0.889387727
vn -0.0620648935 0.452921629 0.889387369
vn -0.0650591329 0.327537924 0.942595482
vn -0.0650587007 0.327537507 0.942595661
vn -0.0668449551 0.196119145 0.978299081
vn -0.066845201 0.196119368 0.978298962
vn -0.0673915818 0.061085511 0.995854855
vn -0.0666883588 -0.0750807971 0.99494499
vn -0.0666881129 -0.0750810355 0.99494499
vn -0.0647478849 -0.209877372 0.975581467
vn -0.0647483319 -0.209876955 0.975581527
vn -0.0616058595 -0.340823054 0.938106775
vn -0.0616052039 -0.340823591 0.938106656
vn -0.0573170669 -0.465499163 0.883190393
vn -0.0573171638 -0.465499073 0.883190453
vn -0.0519608893 -0.581588805 0.811821759
vn -0.0519609861 -0.581588745 0.811821759
vn -0.014435417 0.99987936 0.00573692238
vn -0.0418818183 0.989359736 0.13933149
vn -0.0418818444 0.989359736 0.13933149
vn -0.0685382634 0.960336924 0.270287722
vn -0.0685381591 0.960336924 0.270287782
vn -0.09390264 0.913376331 0.396138787
vn -0.0939025953 0.913376331 0.396138817
vn -0.117500566 0.849384844 0.514527917
vn -0.117500603 0.849384904 0.514527857
vn -0.138893202 0.769588768 0.623250961
vn -0.138893336 0.769588828 0.623250842
vn -0.157685146 0.675507247 0.72029537
vn -0.157685146 0.675507188 0.72029537
vn -0.173531666 0.568915844 0.803879023
vn -0.173531979 0.568916082 0.803878784
vn -0.186144873 0.45181191 0.872476995
vn -0.186144352 0.451811433 0.872477353
vn -0.195295542 0.326373339 0.924845994
vn -0.195295334 0.32637316 0.924846113
vn -0.200820446 0.19492048 0.960040212
vn -0.200820908 0.194920942 0.960039973
vn -0.202621043 0.0598760955 0.977424979
vn -0.200664073 -0.0762785375 0.976686001
vn -0.200663596 -0.0762790069 0.97668606
vn -0.194984511 -0.21104233 0.957832038
vn -0.194984749 -0.211042121 0.957832038
vn -0.185685262 -0.341933221 0.921196342
vn -0.185685858 -0.341932744 0.921196401
vn -0.172933176 -0.466532886 0.867433667
vn -0.172932789 -0.466533154 0.867433608
vn -0.156957582 -0.582527816 0.797512174
vn -0.0234270487 0.999720335 0.00323088933
vn -0.0686868206 0.988885641 0.131860763
vn -0.0686868578 0.988885641 0.131860733
vn -0.112650998 0.959556818 0.257993221
vn -0.11265105 0.959556818 0.257993162
vn -0.154491737 0.912304878 0.379252106
vn -0.154491648 0.912304819 0.379252195
vn -0.193426013 0.848042071 0.493367076
vn -0.193426177 0.84804213 0.493366897
vn -0.228730023 0.768000066 0.598212719
vn -0.228729919 0.768000007 0.598212838
vn -0.259750634 0.673702359 0.691848814
vn -0.259750426 0.67370218 0.691849053
vn -0.285919458 0.566928089 0.772555888
vn -0.285919666 0.566928267 0.772555709
vn -0.306760699 0.44967863 0.838860512
vn -0.306760848 0.449678779 0.838860393
vn -0.321897238 0.324134082 0.889561296
vn -0.321897537 0.32413438 0.889561057
vn -0.331057161 0.19261767 0.923742175
vn -0.331056774 0.192617267 0.923742354
vn -0.33407566 0.0575513095 0.940787613
vn -0.330899924 -0.0785821974 0.940388262
vn -0.330900341 -0.0785818025 0.940388143
vn -0.321586758 -0.213280991 0.922547102
vn -0.3215864 -0.213281289 0.922547162
vn -0.306301802 -0.344066173 0.887579679
vn -0.306301624 -0.344066322 0.887579679
vn -0.285320878 -0.468520284 0.836110473
vn -0.28532058 -0.468520463 0.836110473
vn -0.259022802 -0.584333003 0.769065738
vn -0.2590231 -0.584332824 0.769065738
vn -0.0683479086 0.995177627 -0.0703565329
vn -0.202600643 0.975343406 -0.087511152
vn -0.202600658 0.975343406 -0.0875111148
vn -0.333031505 0.937270463 -0.103024706
vn -0.333031595 0.937270463 -0.103024565
vn -0.340665787 0.934426367 -0.103894845
vn -0.595701694 0.801727951 -0.0487005264
vn -0.340586036 0.940153778 -0.0105836047
vn -0.47583425 0.878812671 0.035638202
vn -0.394205213 0.917401195 0.0545648709
vn -0.37541461 0.91755873 0.130957529
vn -0.404994488 0.906303585 0.120802775
vn -0.302699745 0.925076604 0.229360342
vn -0.398346871 0.897815108 0.187743887
vn -0.351553053 0.907235503 0.230941996
vn -0.260672033 0.953081965 0.153898761
vn -0.229381904 0.955149055 0.187281117
vn -0.139618158 0.986207306 0.088892661
vn -0.118014514 0.987294674 0.106404208
vn -0.0399738289 0.999186635 -0.00530840317
vn -0.353940189 0.819916427 -0.449959308
vn -0.409917653 0.819981873 -0.399496198
vn -0.340241998 0.867003858 -0.364059955
vn -0.352965534 0.871566355 -0.340275437
vn -0.261033297 0.927133322 -0.268859416
vn -0.287413687 0.929411888 -0.231488585
vn -0.174881041 0.97056818 -0.165571928
vn -0.187663928 0.972075343 -0.140896469
vn -0.0633374527 0.994081378 -0.0882644355
vn 0.54311192 -0.642522573 -0.540549934
vn 0.33684516 -0.76550895 -0.548207402
vn 0.314313918 -0.765678644 -0.561197817
vn 0.314313859 -0.765678644 -0.561197817
vn 0.228729889 -0.768000066 -0.598212779
vn 0.228730038 -0.768000007 -0.598212779
vn 0.138893351 -0.769588768 -0.623250902
vn 0.138893187 -0.769588888 -0.623250902
vn 0.0464768931 -0.770415366 -0.6358459
vn 0.0464766473 -0.770415485 -0.63584584
vn -0.54240936 -0.572217226 0.615109324
vn -0.336001575 -0.693106174 0.637735605
vn -0.313471079 -0.691659927 0.6506477
vn -0.313471019 -0.691659987 0.6506477
vn -0.227887064 -0.689338565 0.687662601
vn -0.227887213 -0.689338446 0.687662601
vn -0.138050526 -0.687749684 0.712700784
vn -0.138050362 -0.687749803 0.712700725
vn -0.0456340648 -0.686923265 0.725295782
vn -0.045633819 -0.686923385 0.725295663
vn 0.0476399846 -0.686874509 0.725212991
vn 0.0476397574 -0.68687439 0.72521311
vn 0.140034765 -0.68760407 0.71245414
vn 0.140034646 -0.68760401 0.712454259
vn 0.229828417 -0.689098656 0.687256813
vn 0.229828522 -0.689098775 0.687256694
vn 0.315349013 -0.691330552 0.650090098
vn 0.315348983 -0.691330492 0.650090098
vn 0.337858081 -0.692753136 0.637138128
vn 0.376432329 -0.724680662 0.577179909
vn 0.95336026 -0.246118933 0.174727365
vn 0.953087091 -0.265739858 -0.144938946
vn 0.35409984 -0.843079984 -0.404758543
vn 0.333146811 -0.843535483 -0.421261311
vn 0.333146781 -0.843535483 -0.421261311
vn 0.265757352 -0.846080124 -0.462083846
vn 0.265757412 -0.846080065 -0.462083846
vn 0.193426207 -0.848042071 -0.493366987
vn 0.193425968 -0.84804213 -0.493366957
vn 0.117500603 -0.849384844 -0.514527917
vn 0.117500558 -0.849384904 -0.514527917
vn 0.0393947996 -0.850083411 -0.525172591
vn 0.0393950492 -0.850083351 -0.52517271
vn -0.952790499 -0.247117579 0.176417574
vn -0.353156716 -0.787658095 0.50485146
vn -0.332204342 -0.786067843 0.52128458
vn -0.332204312 -0.786067843 0.52128458
vn -0.264814913 -0.783523202 0.562107146
vn -0.264814943 -0.783523202 0.562107146
vn -0.192483753 -0.781561255 0.593390286
vn -0.192483515 -0.781561315 0.593390226
vn -0.116558149 -0.780218601 0.614551187
vn -0.116558105 -0.780218601 0.614551187
vn -0.0384523459 -0.779520035 0.625195861
vn -0.0384525917 -0.779519975 0.62519598
vn 0.0403777994 -0.779478669 0.625126064
vn 0.0403780341 -0.779478788 0.625125945
vn 0.118465282 -0.780095458 0.614342749
vn 0.118465245 -0.780095458 0.614342809
vn 0.194354579 -0.781358659 0.593047142
vn 0.194354415 -0.7813586 0.593047321
vn 0.266632199 -0.783244789 0.561635911
vn 0.266632229 -0.783244789 0.561635852
vn 0.333951741 -0.785718858 0.520693898
vn 0.333951741 -0.785718799 0.520693898
vn 0.354876608 -0.787287176 0.504223645
vn 0.366238713 -0.815758348 0.44766897
vn 0.40932256 -0.862727046 -0.296912611
vn 0.339712232 -0.905054986 -0.255873114
vn 0.314821661 -0.906250834 -0.282129049
vn 0.314821661 -0.906250775 -0.282129049
vn 0.2659899 -0.908708572 -0.321711272
vn 0.26598978 -0.908708572 -0.321711302
vn 0.212212622 -0.910739183 -0.354287893
vn 0.212212682 -0.910739183 -0.354287893
vn 0.154491633 -0.912304878 -0.379252136
vn 0.154491752 -0.912304819 -0.379252166
vn 0.0939025953 -0.913376331 -0.396138787
vn 0.09390264 -0.913376331 -0.396138817
vn 0.0315737836 -0.913933754 -0.404633343
vn 0.0315736681 -0.913933814 -0.404633313
vn -0.408349127 -0.820410609 0.400221765
vn -0.338687181 -0.867359579 0.364661992
vn -0.313797116 -0.865306675 0.390865326
vn -0.264965355 -0.862848938 0.430447549
vn -0.264965236 -0.862848938 0.430447549
vn -0.211188078 -0.860818326 0.463024169
vn -0.211188123 -0.860818326 0.463024169
vn -0.153467089 -0.859252691 0.487988412
vn -0.153467208 -0.859252632 0.487988412
vn -0.0928780362 -0.858181119 0.504875064
vn -0.0928780884 -0.858181119 0.504875064
vn -0.0305492301 -0.857623696 0.51336962
vn -0.0305491164 -0.857623696 0.51336956
vn 0.0323582143 -0.857590735 0.51331383
vn 0.0323581062 -0.857590735 0.51331383
vn 0.0946724191 -0.858082831 0.504708767
vn 0.0946724638 -0.858082891 0.504708767
vn 0.155232519 -0.859090924 0.487714738
vn 0.155232608 -0.859090924 0.487714648
vn 0.212910756 -0.86059612 0.462648124
vn 0.212910786 -0.86059618 0.462648094
vn 0.266632229 -0.862570465 0.429976135
vn 0.266632169 -0.862570405 0.429976225
vn 0.315396309 -0.864977062 0.390307426
vn 0.315396309 -0.864977062 0.390307397
vn 0.340241998 -0.867003858 0.364059955
vn 0.338419318 -0.866305172 0.367406696
vn -0.314371735 -0.906580448 -0.28157115
vn -0.314371735 -0.906580448 -0.28157112
vn -0.339216948 -0.905410707 -0.255271077
vn -0.337394834 -0.905124426 -0.258678287
vn -0.543396115 -0.643091798 -0.539586544
vn -0.337014526 -0.765861988 -0.547609925
vn -0.375556171 -0.790261567 -0.484194368
vn -0.333009303 -0.843884468 -0.420670629
vn -0.333009273 -0.843884468 -0.420670658
vn -0.265607685 -0.908987105 -0.321239859
vn -0.265607625 -0.908987045 -0.321239948
vn -0.356340915 -0.641595542 -0.679246902
vn -0.33483246 -0.672719419 -0.659799814
vn -0.351526707 -0.686159074 -0.636878848
vn -0.314506173 -0.766008079 -0.560640216
vn -0.314506143 -0.766008079 -0.560640275
vn -0.265689731 -0.846358538 -0.461612612
vn -0.26568976 -0.846358538 -0.461612582
vn -0.211886197 -0.91096139 -0.353911847
vn -0.211886227 -0.91096139 -0.353911817
vn -0.0235369969 0.991823196 -0.125430509
vn -0.0690145865 0.965343416 -0.251692504
vn -0.0690146238 0.965343416 -0.251692474
vn -0.11319039 0.92081356 -0.373216212
vn -0.113190457 0.92081356 -0.373216212
vn -0.155232623 0.859090924 -0.487714708
vn -0.155232504 0.859090924 -0.487714678
vn -0.19435437 0.781358659 -0.593047202
vn -0.194354609 0.7813586 -0.593047261
vn -0.229828551 0.689098656 -0.687256753
vn -0.229828402 0.689098716 -0.687256753
vn -0.260998726 0.584060431 -0.768604636
vn -0.260998398 0.58406055 -0.768604636
vn -0.287293673 0.468220472 -0.83560276
vn -0.287293971 0.468220294 -0.83560276
vn -0.308235556 0.343744367 -0.887034774
vn -0.308235735 0.343744218 -0.887034774
vn -0.323445261 0.21294336 -0.921975195
vn -0.323445618 0.212943047 -0.921975136
vn -0.332649678 0.0782341659 -0.939799786
vn -0.332649261 0.0782345608 -0.939799905
vn -0.335683048 -0.057902202 -0.940193713
vn -0.332492441 -0.192964911 -0.923153996
vn -0.332492799 -0.192965299 -0.923153818
vn -0.32313478 -0.324472308 -0.888989091
vn -0.323134482 -0.32447201 -0.888989329
vn -0.30777666 -0.450000733 -0.838315487
vn -0.307776511 -0.450000584 -0.838315606
vn -0.286695093 -0.567228258 -0.772047937
vn -0.286694884 -0.567228079 -0.772048116
vn -0.260270894 -0.673974633 -0.691387892
vn -0.260271102 -0.673974812 -0.691387713
vn -0.228985593 -0.768239856 -0.597806931
vn -0.228985697 -0.768239915 -0.597806811
vn -0.193412125 -0.848244786 -0.493023872
vn -0.193411946 -0.848244727 -0.493024051
vn -0.154207975 -0.912466586 -0.378978461
vn -0.154208064 -0.912466586 -0.378978372
vn -0.0145496624 0.991673589 -0.127952486
vn -0.0422223918 0.964897454 -0.259210765
vn -0.0422224216 0.964897454 -0.259210765
vn -0.0690987557 0.920079589 -0.385589004
vn -0.0690986365 0.920079648 -0.385589004
vn -0.0946724638 0.858082831 -0.504708767
vn -0.0946724117 0.858082891 -0.504708767
vn -0.118465245 0.780095458 -0.614342749
vn -0.118465289 0.780095458 -0.614342809
vn -0.140034616 0.68760407 -0.71245414
vn -0.14003478 0.68760401 -0.7124542
vn -0.158981964 0.582362294 -0.797232032
vn -0.158981949 0.582362294 -0.797232032
vn -0.174959585 0.466350883 -0.867125154
vn -0.174959987 0.466350615 -0.867125213
vn -0.187677428 0.341737121 -0.920865297
vn -0.187676832 0.341737598 -0.920865238
vn -0.196904108 0.210836813 -0.957484543
vn -0.19690387 0.210837021 -0.957484543
vn -0.20247516 0.0760677978 -0.976328552
vn -0.202475652 0.0760673285 -0.976328492
vn -0.204291254 -0.0600892827 -0.977064133
vn -0.202318788 -0.195132151 -0.959682524
vn -0.202318341 -0.195131689 -0.959682703
vn -0.196593076 -0.326578468 -0.924498618
vn -0.196593285 -0.326578677 -0.924498498
vn -0.187217817 -0.452007055 -0.872146249
vn -0.187218323 -0.452007502 -0.872145951
vn -0.17436111 -0.569098353 -0.80357033
vn -0.174360782 -0.569098115 -0.803570569
vn -0.158254385 -0.67567271 -0.720015228
vn -0.1582544 -0.67567277 -0.720015228
vn -0.13919194 -0.769734561 -0.623004258
vn -0.139191806 -0.769734502 -0.623004377
vn -0.117522828 -0.849507987 -0.514319479
vn -0.117522791 -0.849507987 -0.514319539
vn -0.0936478674 -0.913474619 -0.39597252
vn -0.0936479121 -0.913474619 -0.39597249
vn -0.00530196307 0.991600513 -0.129229516
vn -0.0146540254 0.964679718 -0.263017714
vn -0.0146539863 0.964679718 -0.263017714
vn -0.0237296764 0.919721305 -0.391854107
vn -0.023729654 0.919721305 -0.391854078
vn -0.0323581025 0.857590735 -0.51331383
vn -0.032358218 0.857590735 -0.51331383
vn -0.0403780416 0.779478669 -0.625126064
vn -0.040377792 0.779478729 -0.625126004
vn -0.0476397462 0.686874509 -0.725212991
vn -0.0476399921 0.68687439 -0.725213051
vn -0.0540099777 0.581533194 -0.811727822
vn -0.0540098809 0.581533253 -0.811727762
vn -0.0593710691 0.465437949 -0.883086979
vn -0.0593709722 0.465438008 -0.88308692
vn -0.0636258498 0.340757966 -0.937995613
vn -0.0636265054 0.34075743 -0.937995732
vn -0.0666982234 0.209808096 -0.975465
vn -0.0666977763 0.209808499 -0.97546494
vn -0.068531096 0.0750101954 -0.994825065
vn -0.0685313419 0.075009957 -0.994825065
vn -0.0690935031 -0.0611570179 -0.995733857
vn -0.0683744922 -0.196190223 -0.978179097
vn -0.0683742538 -0.196189985 -0.978179157
vn -0.0663869828 -0.32760638 -0.942479074
vn -0.0663874149 -0.327606767 -0.942478895
vn -0.0631674379 -0.452987254 -0.889276326
vn -0.0631668195 -0.452986747 -0.889276683
vn -0.0587721393 -0.570011199 -0.819532216
vn -0.0587722287 -0.570011258 -0.819532156
vn -0.0532823168 -0.676501691 -0.734511018
vn -0.0532824062 -0.676501751 -0.734510958
vn -0.0467971563 -0.770464361 -0.635763109
vn -0.0467969254 -0.770464242 -0.635763228
vn -0.0394353457 -0.850124657 -0.525102794
vn -0.0394355766 -0.850124717 -0.525102675
vn -0.0313336626 -0.913966775 -0.404577523
vn -0.0313335545 -0.913966715 -0.404577583
vn 0.353156716 0.787658095 -0.50485146
vn 0.332204342 0.786067843 -0.52128464
vn 0.264965326 0.862848938 -0.430447519
vn 0.211188123 0.860818326 -0.463024139
vn 0.111563444 0.92093128 -0.37341553
vn 0.0675566196 0.965414941 -0.251813591
vn 0.0407515801 0.964940906 -0.259284347
vn 0.0132836252 0.991688132 -0.127977163
vn -0.0680110902 -0.960408449 -0.270166695
vn -0.0680111945 -0.960408509 -0.270166636
vn -0.112102903 -0.959674537 -0.257793874
vn -0.112102851 -0.959674537 -0.257793933
vn -0.154096454 -0.958578646 -0.239543781
vn -0.193209171 -0.957141221 -0.215756476
vn -0.193209097 -0.957141221 -0.21575655
vn -0.228712723 -0.955389082 -0.186874956
vn -0.228712723 -0.955389082 -0.186874926
vn -0.25994575 -0.953354716 -0.153437123
vn -0.28632617 -0.95107621 -0.116066203
vn -0.28632617 -0.95107621 -0.116066292
vn -0.307362854 -0.948595881 -0.075458087
vn -0.307362854 -0.948595881 -0.0754579008
vn -0.322663814 -0.945959985 -0.0323690809
vn -0.322663814 -0.945959985 -0.0323691145
vn -0.331943989 -0.943217635 0.0123977475
vn -0.331944019 -0.943217635 0.0123975975
vn -0.335030615 -0.940419853 0.0580087118
vn -0.331866086 -0.937618792 0.103614137
vn -0.331866026 -0.937618792 0.103614278
vn -0.322509348 -0.934866667 0.14836444
vn -0.322509348 -0.934866667 0.148364469
vn -0.307134748 -0.932214677 0.191426232
vn -0.307134867 -0.932214677 0.191426083
vn -0.286028773 -0.929712296 0.231996998
vn -0.286028683 -0.929712296 0.231997058
vn -0.259584486 -0.927406073 0.269321054
vn -0.259584457 -0.927406073 0.269321084
vn -0.228294343 -0.925339043 0.30270344
vn -0.228294358 -0.925339043 0.30270344
vn -0.192741498 -0.923549592 0.331521988
vn -0.192741409 -0.923549592 0.331522018
vn -0.153588176 -0.922071218 0.355239898
vn -0.111563504 -0.92093128 0.3734155
vn -0.111563437 -0.92093128 0.3734155
vn -0.0674506053 -0.920151174 0.385710061
vn -0.0674507245 -0.920151174 0.38571009
vn -0.0220709816 -0.919745326 0.391894698
vn -0.0220710039 -0.919745266 0.391894698
vn 0.023729654 -0.919721305 0.391854107
vn 0.0237296745 -0.919721305 0.391854078
vn 0.069098644 -0.920079589 0.385589004
vn 0.0690987483 -0.920079648 0.385588944
vn 0.11319045 -0.92081356 0.373216182
vn 0.113190398 -0.92081356 0.373216242
vn 0.155184001 -0.921909451 0.354966104
vn 0.155184016 -0.921909451 0.354966104
vn 0.194296718 -0.923346817 0.331178784
vn 0.194296658 -0.923346817 0.331178874
vn 0.229800269 -0.925099015 0.302297264
vn 0.229800284 -0.925099015 0.302297235
vn 0.261033297 -0.927133322 0.268859416
vn 0.261033297 -0.927133322 0.268859446
vn 0.287413716 -0.929411888 0.231488511
vn 0.287413716 -0.929411829 0.2314886
vn 0.308450401 -0.931892157 0.190880403
vn 0.308450401 -0.931892216 0.190880209
vn 0.32375136 -0.934528112 0.147791386
vn 0.32375136 -0.934528112 0.14779143
vn 0.333031535 -0.937270463 0.103024565
vn 0.333031565 -0.937270463 0.103024714
vn 0.336118162 -0.940068245 0.0574135967
vn 0.332953632 -0.942869246 0.01180817
vn 0.332953572 -0.942869306 0.011808034
vn 0.323596925 -0.945621431 -0.0329421312
vn 0.323596895 -0.945621431 -0.0329421572
vn 0.308222294 -0.94827342 -0.0760039166
vn 0.308222413 -0.948273361 -0.076003775
vn 0.287116319 -0.950775743 -0.11657469
vn 0.28711623 -0.950775802 -0.116574749
vn 0.260672033 -0.953081965 -0.153898761
vn 0.260672003 -0.953081965 -0.153898761
vn 0.229381889 -0.955149055 -0.187281147
vn 0.229381919 -0.955149055 -0.187281132
vn 0.19382906 -0.956938446 -0.216099679
vn 0.193828955 -0.956938505 -0.216099709
vn 0.154675737 -0.958416879 -0.239817575
vn 0.112651058 -0.959556818 -0.257993191
vn 0.11265099 -0.959556818 -0.257993191
vn 0.0685381517 -0.960336924 -0.270287752
vn 0.0685382783 -0.960336924 -0.270287782
vn 0.0231585316 -0.960742772 -0.27647239
vn 0.023158554 -0.960742772 -0.27647239
vn -0.022642104 -0.960766792 -0.276431799
vn -0.0226421244 -0.960766792 -0.276431769
vn -0.0410921797 -0.989403188 -0.139257908
vn -0.0410921574 -0.989403188 -0.139257923
vn -0.0678843856 -0.988957226 -0.131739631
vn -0.0678843483 -0.988957226 -0.131739661
vn -0.0934017301 -0.988291323 -0.120649979
vn -0.0934017524 -0.988291323 -0.120649964
vn -0.117168434 -0.987417877 -0.106195696
vn -0.117168464 -0.987417877 -0.106195666
vn -0.138742149 -0.986353159 -0.0886458308
vn -0.138742134 -0.986353159 -0.0886458382
vn -0.157720819 -0.985117018 -0.0683274195
vn -0.173750818 -0.983732462 -0.0456190892
vn -0.173750848 -0.983732462 -0.0456190072
vn -0.186533749 -0.982225299 -0.0209434964
vn -0.186533719 -0.982225299 -0.0209436473
vn -0.195831344 -0.980623603 0.00523931673
vn -0.195831358 -0.980623603 0.00523938891
vn -0.20147042 -0.978957176 0.0324417315
vn -0.20147042 -0.978957176 0.0324416906
vn -0.203345984 -0.977257133 0.060157232
vn -0.201423049 -0.975555062 0.0878693685
vn -0.201423049 -0.975555062 0.0878694057
vn -0.195737496 -0.973882735 0.115061738
vn -0.195737526 -0.973882735 0.115061671
vn -0.186395183 -0.972271323 0.141228035
vn -0.186395094 -0.972271323 0.141228154
vn -0.173570067 -0.97075069 0.165880904
vn -0.173570126 -0.97075069 0.165880844
vn -0.157501295 -0.969349384 0.188560769
vn -0.13848792 -0.968093336 0.208845496
vn -0.13848792 -0.968093336 0.208845511
vn -0.116884246 -0.967005968 0.226357073
vn -0.116884284 -0.967005968 0.226357058
vn -0.0930928737 -0.966107607 0.240769193
vn -0.0930929035 -0.966107607 0.240769178
vn -0.0675566196 -0.965414941 0.251813591
vn -0.0675565824 -0.965414941 0.251813591
vn -0.0407516062 -0.964940906 0.259284317
vn -0.0407515764 -0.964940906 0.259284347
vn -0.0131767066 -0.964694262 0.26304239
vn -0.0131767457 -0.964694262 0.26304242
vn 0.0146539863 -0.964679718 0.263017714
vn 0.0146540245 -0.964679718 0.263017714
vn 0.0422224216 -0.964897454 0.259210765
vn 0.0422223955 -0.964897454 0.259210765
vn 0.0690146238 -0.965343416 0.251692474
vn 0.069014594 -0.965343416 0.251692504
vn 0.0945319682 -0.966009319 0.240602821
vn 0.0945319906 -0.966009319 0.240602806
vn 0.118298672 -0.966882765 0.226148531
vn 0.118298702 -0.966882765 0.226148516
vn 0.139872387 -0.967947483 0.208598673
vn 0.139872387 -0.967947483 0.208598688
vn 0.158851057 -0.969183624 0.188280255
vn 0.174881056 -0.97056818 0.165571928
vn 0.174881086 -0.97056818 0.165571854
vn 0.187663987 -0.972075343 0.140896335
vn 0.187663957 -0.972075343 0.140896484
vn 0.196961582 -0.973677039 0.114713527
vn 0.196961597 -0.973677039 0.114713453
vn 0.202600658 -0.975343406 0.0875111148
vn 0.202600658 -0.975343406 0.087511152
vn 0.204476222 -0.97704345 0.0597956106
vn 0.202553287 -0.97874552 0.0320834778
vn 0.202553287 -0.97874552 0.0320834406
vn 0.196867734 -0.980417848 0.00489110872
vn 0.196867764 -0.980417848 0.00489117252
vn 0.187525421 -0.982029319 -0.0212751869
vn 0.187525332 -0.982029319 -0.0212753136
vn 0.174700305 -0.983549893 -0.045928061
vn 0.174700364 -0.983549893 -0.0459279977
vn 0.158631533 -0.984951258 -0.0686079338
vn 0.139618158 -0.986207306 -0.088892661
vn 0.118014485 -0.987294674 -0.10640423
vn 0.118014522 -0.987294674 -0.106404215
vn 0.0942231119 -0.988192976 -0.12081635
vn 0.0942231417 -0.988192976 -0.120816335
vn 0.0686868578 -0.988885641 -0.131860748
vn 0.0686868206 -0.988885641 -0.131860748
vn 0.0418818444 -0.989359736 -0.13933149
vn 0.0418818183 -0.989359736 -0.13933149
vn 0.0143069457 -0.989606321 -0.143089563
vn 0.0143069848 -0.989606321 -0.143089563
vn -0.0135237472 -0.989620924 -0.143064886
vn -0.0135237854 -0.989620924 -0.143064871

# Mesh '' with 2292 faces
usemtl DefaultMaterial
f  1//1 2//1 3//1
f  1//2 4//2 2//2
f  2//3 4//3 5//3
f  2//4 5//4 6//4
f  5//5 7//5 6//5
f  6//6 7//6 8//6
f  6//7 8//7 9//7
f  8//8 10//8 9//8
f  9//9 10//9 11//9
f  9//10 11//10 12//10
f  11//11 13//11 12//11
f  12//12 13//12 14//12
f  12//13 14//13 15//13
f  14//14 16//14 15//14
f  15//15 16//15 17//15
f  15//16 17//16 18//16
f  17//17 19//17 18//17
f  18//18 19//18 20//18
f  18//19 20//19 21//19
f  20//20 22//20 21//20
f  21//21 22//21 23//21
f  21//22 23//22 24//22
f  23//23 25//23 24//23
f  24//24 25//24 26//24
f  24//25 26//25 27//25
f  26//26 28//26 27//26
f  27//27 28//27 29//27
f  27//28 29//28 30//28
f  29//29 31//29 30//29
f  30//30 31//30 32//30
f  30//31 32//31 33//31
f  32//32 34//32 33//32
f  33//33 34//33 35//33
f  33//34 35//34 36//34
f  35//35 37//35 36//35
f  36//36 37//36 38//36
f  36//37 38//37 39//37
f  38//38 40//38 39//38
f  39//39 40//39 41//39
f  39//40 41//40 42//40
f  41//41 43//41 42//41
f  42//42 43//42 44//42
f  42//43 44//43 45//43
f  44//44 46//44 45//44
f  45//45 46//45 47//45
f  45//46 47//46 48//46
f  47//47 49//47 48//47
f  48//48 49//48 50//48
f  48//49 50//49 51//49
f  50//50 52//50 51//50
f  51//51 52//51 53//51
f  51//52 53//52 54//52
f  53//53 55//53 54//53
f  54//54 55//54 56//54
f  54//55 56//55 57//55
f  56//56 58//56 57//56
f  57//57 58//57 59//57
f  57//58 59//58 3//58
f  3//59 59//59 60//59
f  3//60 60//60 1//60
f  61//61 62//61 63//61
f  61//62 64//62 62//62
f  62//63 64//63 65//63
f  62//64 65//64 66//64
f  65//65 67//65 66//65
f  66//66 67//66 68//66
f  66//67 68//67 69//67
f  68//68 70//68 69//68
f  69//69 70//69 71//69
f  69//70 71//70 72//70
f  71//71 73//71 72//71
f  72//12 73//12 74//12
f  72//72 74//72 75//72
f  74//73 76//73 75//73
f  75//74 76//74 77//74
f  75//75 77//75 78//75
f  77//76 79//76 78//76
f  78//77 79//77 80//77
f  78//78 80//78 81//78
f  80//79 82//79 81//79
f  81//80 82//80 83//80
f  81//81 83//81 84//81
f  83//82 85//82 84//82
f  84//83 85//83 86//83
f  84//84 86//84 87//84
f  86//85 88//85 87//85
f  87//86 88//86 89//86
f  87//87 89//87 90//87
f  89//88 91//88 90//88
f  90//89 91//89 92//89
f  90//90 92//90 93//90
f  92//91 94//91 93//91
f  93//92 94//92 95//92
f  93//93 95//93 96//93
f  95//94 97//94 96//94
f  96//95 97//95 98//95
f  96//96 98//96 99//96
f  98//97 100//97 99//97
f  99//98 100//98 101//98
f  99//99 101//99 102//99
f  101//100 103//100 102//100
f  102//101 103//101 104//101
f  102//102 104//102 105//102
f  104//103 106//103 105//103
f  105//104 106//104 107//104
f  105//105 107//105 108//105
f  107//47 109//47 108//47
f  108//106 109//106 110//106
f  108//107 110//107 111//107
f  110//108 112//108 111//108
f  111//109 112//109 113//109
f  111//110 113//110 114//110
f  113//111 115//111 114//111
f  114//112 115//112 116//112
f  114//113 116//113 117//113
f  116//114 118//114 117//114
f  117//115 118//115 119//115
f  117//116 119//116 63//116
f  63//117 119//117 120//117
f  63//118 120//118 61//118
f  121//119 122//119 123//119
f  123//119 122//119 124//119
f  125//119 126//119 127//119
f  128//119 129//119 130//119
f  130//119 129//119 131//119
f  130//119 131//119 132//119
f  132//119 131//119 133//119
f  132//119 133//119 134//119
f  135//119 136//119 137//119
f  137//119 136//119 138//119
f  137//119 138//119 139//119
f  140//119 141//119 142//119
f  142//119 141//119 143//119
f  142//119 143//119 144//119
f  144//119 143//119 145//119
f  144//119 145//119 146//119
f  146//119 145//119 147//119
f  146//119 147//119 148//119
f  124//119 149//119 123//119
f  123//119 149//119 150//119
f  123//119 150//119 151//119
f  151//119 150//119 152//119
f  151//119 152//119 153//119
f  153//119 152//119 154//119
f  153//119 154//119 155//119
f  121//119 123//119 156//119
f  156//119 123//119 157//119
f  156//119 157//119 158//119
f  158//119 157//119 159//119
f  158//119 159//119 126//119
f  160//119 161//119 162//119
f  162//119 161//119 163//119
f  162//119 163//119 164//119
f  164//119 163//119 165//119
f  164//119 165//119 166//119
f  166//119 165//119 167//119
f  166//119 167//119 128//119
f  128//119 167//119 168//119
f  128//119 168//119 129//119
f  169//119 170//119 171//119
f  171//119 170//119 172//119
f  171//119 172//119 173//119
f  127//119 174//119 125//119
f  125//119 174//119 175//119
f  125//119 175//119 176//119
f  176//119 175//119 177//119
f  176//119 177//119 178//119
f  178//119 177//119 148//119
f  178//119 148//119 179//119
f  179//119 148//119 147//119
f  154//119 180//119 155//119
f  155//119 180//119 181//119
f  155//119 181//119 182//119
f  182//119 181//119 183//119
f  182//119 183//119 184//119
f  184//119 183//119 185//119
f  184//119 185//119 186//119
f  186//119 185//119 187//119
f  186//119 187//119 140//119
f  140//119 187//119 188//119
f  140//119 188//119 141//119
f  133//119 189//119 134//119
f  134//119 189//119 190//119
f  134//119 190//119 191//119
f  191//119 190//119 192//119
f  191//119 192//119 193//119
f  193//119 192//119 194//119
f  193//119 194//119 195//119
f  195//119 194//119 196//119
f  195//119 196//119 139//119
f  139//119 196//119 197//119
f  139//119 197//119 137//119
f  173//119 198//119 171//119
f  171//119 198//119 199//119
f  171//119 199//119 200//119
f  200//119 199//119 201//119
f  200//119 201//119 160//119
f  160//119 201//119 202//119
f  160//119 202//119 161//119
f  137//119 203//119 135//119
f  135//119 203//119 170//119
f  135//119 170//119 204//119
f  204//119 170//119 169//119
f  126//119 125//119 158//119
f  158//119 125//119 205//119
f  158//119 205//119 203//119
f  203//119 205//119 206//119
f  203//119 206//119 170//119
f  207//120 208//120 209//120
f  210//120 211//120 212//120
f  213//120 214//120 215//120
f  215//120 214//120 216//120
f  215//120 216//120 217//120
f  217//120 216//120 218//120
f  217//120 218//120 219//120
f  219//120 218//120 220//120
f  219//120 220//120 221//120
f  221//120 220//120 222//120
f  221//120 222//120 223//120
f  223//120 222//120 224//120
f  223//120 224//120 225//120
f  225//120 224//120 226//120
f  225//120 226//120 227//120
f  212//120 211//120 228//120
f  228//120 211//120 229//120
f  228//120 229//120 230//120
f  230//120 229//120 231//120
f  230//120 231//120 232//120
f  233//120 234//120 235//120
f  207//120 209//120 236//120
f  236//120 209//120 237//120
f  236//120 237//120 238//120
f  238//120 237//120 239//120
f  238//120 239//120 240//120
f  240//120 239//120 241//120
f  240//120 241//120 242//120
f  242//120 241//120 243//120
f  242//120 243//120 244//120
f  244//120 243//120 245//120
f  244//120 245//120 246//120
f  247//120 248//120 249//120
f  226//120 250//120 227//120
f  227//120 250//120 251//120
f  227//120 251//120 252//120
f  252//120 251//120 253//120
f  252//120 253//120 254//120
f  254//120 253//120 255//120
f  254//120 255//120 256//120
f  256//120 255//120 257//120
f  256//120 257//120 258//120
f  258//120 257//120 210//120
f  258//120 210//120 259//120
f  259//120 210//120 212//120
f  248//120 247//120 260//120
f  260//120 247//120 261//120
f  260//120 261//120 262//120
f  262//120 261//120 263//120
f  262//120 263//120 264//120
f  264//120 263//120 265//120
f  264//120 265//120 266//120
f  266//120 265//120 267//120
f  266//120 267//120 213//120
f  213//120 267//120 268//120
f  213//120 268//120 214//120
f  235//120 208//120 233//120
f  233//120 208//120 207//120
f  233//120 207//120 269//120
f  269//120 207//120 270//120
f  269//120 270//120 271//120
f  271//120 270//120 272//120
f  271//120 272//120 273//120
f  273//120 272//120 247//120
f  273//120 247//120 232//120
f  232//120 247//120 249//120
f  232//120 249//120 230//120
f  246//120 245//120 274//120
f  274//120 245//120 275//120
f  274//120 275//120 276//120
f  276//120 275//120 277//120
f  276//120 277//120 278//120
f  278//120 277//120 279//120
f  278//120 279//120 280//120
f  280//120 279//120 281//120
f  280//120 281//120 282//120
f  282//120 281//120 283//120
f  282//120 283//120 284//120
f  284//120 283//120 285//120
f  284//120 285//120 286//120
f  286//120 285//120 287//120
f  286//120 287//120 288//120
f  288//120 287//120 289//120
f  289//120 287//120 290//120
f  289//120 290//120 291//120
f  291//120 290//120 292//120
f  291//120 292//120 293//120
f  293//120 292//120 294//120
f  293//120 294//120 295//120
f  296//120 297//120 234//120
f  234//120 297//120 298//120
f  234//120 298//120 235//120
f  294//120 299//120 295//120
f  295//120 299//120 300//120
f  295//120 300//120 301//120
f  301//120 300//120 297//120
f  301//120 297//120 302//120
f  302//120 297//120 296//120
f  172//121 303//121 304//121
f  172//121 304//121 173//121
f  173//122 304//122 305//122
f  173//122 305//122 198//122
f  198//123 305//123 306//123
f  198//123 306//123 199//123
f  199//124 306//124 307//124
f  199//124 307//124 201//124
f  201//125 307//125 308//125
f  201//125 308//125 202//125
f  202//126 308//126 309//126
f  202//126 309//126 161//126
f  161//127 309//127 310//127
f  161//127 310//127 163//127
f  163//128 310//128 311//128
f  163//128 311//128 165//128
f  165//129 311//129 312//129
f  165//129 312//129 167//129
f  167//130 312//130 313//130
f  167//130 313//130 168//130
f  168//131 313//131 314//131
f  168//131 314//131 129//131
f  129//132 314//132 315//132
f  129//132 315//132 131//132
f  131//133 315//133 316//133
f  131//133 316//133 133//133
f  133//134 316//134 317//134
f  133//134 317//134 189//134
f  189//135 317//135 318//135
f  189//135 318//135 190//135
f  190//136 318//136 319//136
f  190//136 319//136 192//136
f  192//137 319//137 320//137
f  192//137 320//137 194//137
f  194//138 320//138 321//138
f  194//138 321//138 196//138
f  196//139 321//139 322//139
f  196//139 322//139 197//139
f  121//140 323//140 324//140
f  121//140 324//140 122//140
f  122//141 324//141 325//141
f  122//141 325//141 124//141
f  124//142 325//142 326//142
f  124//142 326//142 149//142
f  149//143 326//143 327//143
f  149//143 327//143 150//143
f  150//144 327//144 328//144
f  150//144 328//144 152//144
f  152//145 328//145 329//145
f  152//145 329//145 154//145
f  154//146 329//146 330//146
f  154//146 330//146 180//146
f  180//147 330//147 331//147
f  180//147 331//147 181//147
f  181//148 331//148 332//148
f  181//148 332//148 183//148
f  183//149 332//149 333//149
f  183//149 333//149 185//149
f  185//150 333//150 334//150
f  185//150 334//150 187//150
f  187//151 334//151 335//151
f  187//151 335//151 188//151
f  188//152 335//152 336//152
f  188//152 336//152 141//152
f  141//153 336//153 337//153
f  141//153 337//153 143//153
f  143//154 337//154 338//154
f  143//154 338//154 145//154
f  145//155 338//155 339//155
f  145//155 339//155 147//155
f  147//156 339//156 340//156
f  147//156 340//156 179//156
f  179//157 340//157 341//157
f  179//157 341//157 178//157
f  178//158 341//158 342//158
f  178//158 342//158 176//158
f  343//159 206//159 344//159
f  344//159 206//159 205//159
f  345//160 158//160 346//160
f  346//160 158//160 203//160
f  322//161 347//161 197//161
f  197//162 347//162 137//162
f  346//163 203//163 348//163
f  348//164 203//164 137//164
f  348//165 137//165 349//165
f  349//166 137//166 347//166
f  343//167 350//167 206//167
f  206//168 350//168 170//168
f  303//169 172//169 351//169
f  351//170 172//170 170//170
f  351//171 170//171 352//171
f  352//172 170//172 350//172
f  342//173 353//173 176//173
f  176//174 353//174 125//174
f  344//175 205//175 354//175
f  354//176 205//176 125//176
f  354//177 125//177 355//177
f  355//178 125//178 353//178
f  345//179 356//179 158//179
f  158//180 356//180 156//180
f  323//181 121//181 357//181
f  357//182 121//182 156//182
f  357//183 156//183 358//183
f  358//184 156//184 356//184
f  296//185 322//185 321//185
f  296//186 321//186 302//186
f  302//187 321//187 320//187
f  302//188 320//188 301//188
f  301//189 320//189 319//189
f  301//190 319//190 295//190
f  295//191 319//191 318//191
f  295//192 318//192 293//192
f  293//193 318//193 317//193
f  293//194 317//194 291//194
f  291//195 317//195 316//195
f  291//196 316//196 289//196
f  289//197 316//197 315//197
f  289//198 315//198 288//198
f  288//199 315//199 314//199
f  288//200 314//200 286//200
f  286//201 314//201 313//201
f  286//202 313//202 284//202
f  284//203 313//203 312//203
f  284//203 312//203 282//203
f  282//204 312//204 311//204
f  282//205 311//205 280//205
f  280//206 311//206 310//206
f  280//207 310//207 278//207
f  278//208 310//208 309//208
f  278//209 309//209 276//209
f  276//210 309//210 308//210
f  276//211 308//211 274//211
f  274//212 308//212 307//212
f  274//213 307//213 246//213
f  246//214 307//214 306//214
f  246//215 306//215 244//215
f  244//216 306//216 305//216
f  244//217 305//217 242//217
f  242//218 305//218 304//218
f  242//219 304//219 240//219
f  240//220 304//220 303//220
f  240//221 303//221 238//221
f  233//222 269//222 346//222
f  322//223 296//223 347//223
f  347//223 296//223 234//223
f  347//224 234//224 349//224
f  349//225 234//225 233//225
f  349//226 233//226 348//226
f  348//227 233//227 346//227
f  238//228 303//228 236//228
f  236//229 303//229 351//229
f  236//230 351//230 207//230
f  343//231 270//231 350//231
f  350//232 270//232 207//232
f  350//233 207//233 352//233
f  352//234 207//234 351//234
f  271//235 345//235 269//235
f  269//235 345//235 346//235
f  344//236 272//236 343//236
f  343//236 272//236 270//236
f  231//237 323//237 232//237
f  232//238 323//238 357//238
f  232//239 357//239 273//239
f  345//240 271//240 356//240
f  356//241 271//241 273//241
f  356//242 273//242 358//242
f  358//243 273//243 357//243
f  247//244 272//244 344//244
f  342//245 263//245 353//245
f  353//246 263//246 261//246
f  353//247 261//247 355//247
f  355//248 261//248 247//248
f  355//249 247//249 354//249
f  354//250 247//250 344//250
f  263//251 342//251 341//251
f  263//252 341//252 265//252
f  265//253 341//253 340//253
f  265//254 340//254 267//254
f  267//255 340//255 339//255
f  267//256 339//256 268//256
f  268//257 339//257 338//257
f  268//258 338//258 214//258
f  214//259 338//259 337//259
f  214//260 337//260 216//260
f  216//261 337//261 336//261
f  216//262 336//262 218//262
f  218//263 336//263 335//263
f  218//264 335//264 220//264
f  220//265 335//265 334//265
f  220//266 334//266 222//266
f  222//267 334//267 333//267
f  222//268 333//268 224//268
f  224//269 333//269 332//269
f  224//269 332//269 226//269
f  226//270 332//270 331//270
f  226//271 331//271 250//271
f  250//272 331//272 330//272
f  250//273 330//273 251//273
f  251//274 330//274 329//274
f  251//275 329//275 253//275
f  253//276 329//276 328//276
f  253//277 328//277 255//277
f  255//278 328//278 327//278
f  255//279 327//279 257//279
f  257//280 327//280 326//280
f  257//281 326//281 210//281
f  210//282 326//282 325//282
f  210//283 325//283 211//283
f  211//284 325//284 324//284
f  211//285 324//285 229//285
f  229//286 324//286 323//286
f  229//287 323//287 231//287
f  114//120 117//120 359//120
f  359//120 117//120 63//120
f  359//120 63//120 360//120
f  360//120 63//120 62//120
f  360//120 62//120 361//120
f  361//120 62//120 66//120
f  361//120 66//120 362//120
f  362//120 66//120 69//120
f  362//120 69//120 363//120
f  363//120 69//120 72//120
f  363//120 72//120 364//120
f  364//120 72//120 75//120
f  364//120 75//120 365//120
f  365//120 75//120 78//120
f  365//120 78//120 366//120
f  366//120 78//120 81//120
f  366//120 81//120 367//120
f  367//120 81//120 84//120
f  367//120 84//120 368//120
f  368//120 84//120 87//120
f  368//120 87//120 369//120
f  369//120 87//120 90//120
f  369//120 90//120 370//120
f  370//120 90//120 93//120
f  370//120 93//120 371//120
f  371//120 93//120 96//120
f  371//120 96//120 372//120
f  372//120 96//120 99//120
f  372//120 99//120 373//120
f  373//120 99//120 102//120
f  373//120 102//120 374//120
f  374//120 102//120 105//120
f  374//120 105//120 375//120
f  375//120 105//120 108//120
f  375//120 108//120 376//120
f  376//120 108//120 111//120
f  376//120 111//120 377//120
f  377//120 111//120 114//120
f  377//120 114//120 359//120
f  369//288 123//288 368//288
f  368//288 123//288 151//288
f  368//289 151//289 367//289
f  367//289 151//289 153//289
f  367//290 153//290 366//290
f  366//290 153//290 155//290
f  366//291 155//291 365//291
f  365//291 155//291 182//291
f  365//292 182//292 364//292
f  364//292 182//292 184//292
f  364//293 184//293 363//293
f  363//293 184//293 186//293
f  363//294 186//294 362//294
f  362//294 186//294 140//294
f  362//295 140//295 361//295
f  361//295 140//295 142//295
f  361//296 142//296 360//296
f  360//296 142//296 144//296
f  360//160 144//160 359//160
f  359//160 144//160 146//160
f  359//297 146//297 377//297
f  377//297 146//297 148//297
f  377//298 148//298 376//298
f  376//298 148//298 177//298
f  376//299 177//299 375//299
f  375//299 177//299 175//299
f  375//300 175//300 374//300
f  374//300 175//300 174//300
f  374//301 174//301 373//301
f  373//301 174//301 127//301
f  373//302 127//302 372//302
f  372//302 127//302 126//302
f  372//303 126//303 371//303
f  371//303 126//303 159//303
f  371//304 159//304 370//304
f  370//304 159//304 157//304
f  370//305 157//305 369//305
f  369//305 157//305 123//305
f  54//120 57//120 378//120
f  378//120 57//120 3//120
f  378//120 3//120 379//120
f  379//120 3//120 2//120
f  379//120 2//120 380//120
f  380//120 2//120 6//120
f  380//120 6//120 381//120
f  381//120 6//120 9//120
f  381//120 9//120 382//120
f  382//120 9//120 12//120
f  382//120 12//120 383//120
f  383//120 12//120 15//120
f  383//120 15//120 384//120
f  384//120 15//120 18//120
f  384//120 18//120 385//120
f  385//120 18//120 21//120
f  385//120 21//120 386//120
f  386//120 21//120 24//120
f  386//120 24//120 387//120
f  387//120 24//120 27//120
f  387//120 27//120 388//120
f  388//120 27//120 30//120
f  388//120 30//120 389//120
f  389//120 30//120 33//120
f  389//120 33//120 390//120
f  390//120 33//120 36//120
f  390//120 36//120 391//120
f  391//120 36//120 39//120
f  391//120 39//120 392//120
f  392//120 39//120 42//120
f  392//120 42//120 393//120
f  393//120 42//120 45//120
f  393//120 45//120 394//120
f  394//120 45//120 48//120
f  394//120 48//120 395//120
f  395//120 48//120 51//120
f  395//120 51//120 396//120
f  396//120 51//120 54//120
f  396//120 54//120 378//120
f  388//306 191//306 387//306
f  387//306 191//306 193//306
f  387//307 193//307 386//307
f  386//307 193//307 195//307
f  386//308 195//308 385//308
f  385//308 195//308 139//308
f  385//309 139//309 384//309
f  384//309 139//309 138//309
f  384//310 138//310 383//310
f  383//310 138//310 136//310
f  383//311 136//311 382//311
f  382//311 136//311 135//311
f  382//312 135//312 381//312
f  381//312 135//312 204//312
f  381//313 204//313 380//313
f  380//313 204//313 169//313
f  380//314 169//314 379//314
f  379//314 169//314 171//314
f  379//160 171//160 378//160
f  378//160 171//160 200//160
f  378//315 200//315 396//315
f  396//315 200//315 160//315
f  396//316 160//316 395//316
f  395//316 160//316 162//316
f  395//317 162//317 394//317
f  394//317 162//317 164//317
f  394//318 164//318 393//318
f  393//318 164//318 166//318
f  393//319 166//319 392//319
f  392//319 166//319 128//319
f  392//320 128//320 391//320
f  391//320 128//320 130//320
f  391//321 130//321 390//321
f  390//321 130//321 132//321
f  390//322 132//322 389//322
f  389//322 132//322 134//322
f  389//323 134//323 388//323
f  388//323 134//323 191//323
f  277//324 275//324 58//324
f  58//325 56//325 277//325
f  277//326 56//326 55//326
f  277//327 55//327 279//327
f  55//328 53//328 279//328
f  279//329 53//329 52//329
f  279//330 52//330 281//330
f  52//331 50//331 281//331
f  281//332 50//332 49//332
f  281//333 49//333 283//333
f  49//334 47//334 283//334
f  283//335 47//335 46//335
f  283//336 46//336 285//336
f  46//337 44//337 285//337
f  285//338 44//338 43//338
f  285//339 43//339 287//339
f  43//340 41//340 287//340
f  287//341 41//341 40//341
f  287//342 40//342 290//342
f  40//343 38//343 290//343
f  290//344 38//344 37//344
f  290//345 37//345 292//345
f  37//346 35//346 292//346
f  292//347 35//347 34//347
f  292//348 34//348 294//348
f  294//349 34//349 32//349
f  294//350 32//350 299//350
f  299//351 32//351 31//351
f  299//352 31//352 300//352
f  300//353 31//353 29//353
f  300//354 29//354 297//354
f  29//355 28//355 297//355
f  297//356 28//356 26//356
f  297//357 26//357 298//357
f  26//358 25//358 298//358
f  298//359 25//359 23//359
f  298//360 23//360 235//360
f  23//361 22//361 235//361
f  235//362 22//362 20//362
f  235//363 20//363 208//363
f  20//364 19//364 208//364
f  208//365 19//365 17//365
f  208//366 17//366 209//366
f  17//367 16//367 209//367
f  209//368 16//368 14//368
f  209//369 14//369 237//369
f  14//370 13//370 237//370
f  237//371 13//371 11//371
f  237//372 11//372 239//372
f  11//373 10//373 239//373
f  239//374 10//374 8//374
f  239//375 8//375 241//375
f  8//376 7//376 241//376
f  241//377 7//377 5//377
f  241//378 5//378 243//378
f  5//379 4//379 243//379
f  243//380 4//380 1//380
f  243//381 1//381 245//381
f  245//382 1//382 60//382
f  245//383 60//383 275//383
f  275//384 60//384 59//384
f  275//385 59//385 58//385
f  264//386 266//386 118//386
f  118//387 116//387 264//387
f  264//388 116//388 115//388
f  264//389 115//389 262//389
f  115//390 113//390 262//390
f  262//391 113//391 112//391
f  262//392 112//392 260//392
f  112//393 110//393 260//393
f  260//394 110//394 109//394
f  260//395 109//395 248//395
f  109//396 107//396 248//396
f  248//397 107//397 106//397
f  248//398 106//398 249//398
f  106//399 104//399 249//399
f  249//400 104//400 103//400
f  249//401 103//401 230//401
f  103//402 101//402 230//402
f  230//403 101//403 100//403
f  230//404 100//404 228//404
f  100//405 98//405 228//405
f  228//406 98//406 97//406
f  228//407 97//407 212//407
f  97//408 95//408 212//408
f  212//409 95//409 94//409
f  212//410 94//410 259//410
f  259//411 94//411 92//411
f  259//412 92//412 258//412
f  258//413 92//413 91//413
f  258//414 91//414 256//414
f  256//415 91//415 89//415
f  256//416 89//416 254//416
f  89//417 88//417 254//417
f  254//418 88//418 86//418
f  254//419 86//419 252//419
f  86//420 85//420 252//420
f  252//421 85//421 83//421
f  252//422 83//422 227//422
f  83//423 82//423 227//423
f  227//424 82//424 80//424
f  227//425 80//425 225//425
f  80//426 79//426 225//426
f  225//427 79//427 77//427
f  225//428 77//428 223//428
f  77//429 76//429 223//429
f  223//430 76//430 74//430
f  223//431 74//431 221//431
f  74//432 73//432 221//432
f  221//433 73//433 71//433
f  221//434 71//434 219//434
f  71//435 70//435 219//435
f  219//436 70//436 68//436
f  219//437 68//437 217//437
f  68//438 67//438 217//438
f  217//439 67//439 65//439
f  217//440 65//440 215//440
f  65//441 64//441 215//441
f  215//442 64//442 61//442
f  215//443 61//443 213//443
f  213//444 61//444 120//444
f  213//445 120//445 266//445
f  266//446 120//446 119//446
f  266//447 119//447 118//447
f  397//448 398//448 399//448
f  399//449 398//449 400//449
f  399//449 400//449 401//449
f  401//450 400//450 402//450
f  401//450 402//450 403//450
f  403//451 402//451 404//451
f  403//451 404//451 405//451
f  405//452 404//452 406//452
f  405//452 406//452 407//452
f  407//453 406//453 408//453
f  407//453 408//453 409//453
f  409//454 408//454 410//454
f  409//454 410//454 411//454
f  411//455 410//455 412//455
f  411//455 412//455 413//455
f  413//456 412//456 414//456
f  413//456 414//456 415//456
f  415//457 414//457 416//457
f  415//457 416//457 417//457
f  417//458 416//458 418//458
f  417//458 418//458 419//458
f  419//459 418//459 420//459
f  419//459 420//459 421//459
f  421//460 420//460 422//460
f  421//460 422//460 423//460
f  423//461 422//461 424//461
f  423//461 424//461 425//461
f  425//462 424//462 426//462
f  425//462 426//462 427//462
f  427//463 426//463 428//463
f  427//463 428//463 429//463
f  429//464 428//464 430//464
f  429//464 430//464 431//464
f  431//465 430//465 432//465
f  431//465 432//465 433//465
f  433//466 432//466 434//466
f  433//466 434//466 435//466
f  435//467 434//467 436//467
f  435//467 436//467 437//467
f  437//468 436//468 438//468
f  437//468 438//468 439//468
f  439//469 438//469 440//469
f  439//469 440//469 441//469
f  441//470 440//470 442//470
f  441//470 442//470 443//470
f  443//471 442//471 444//471
f  443//471 444//471 445//471
f  445//472 444//472 446//472
f  445//472 446//472 447//472
f  447//473 446//473 448//473
f  447//473 448//473 449//473
f  449//474 448//474 450//474
f  449//474 450//474 451//474
f  451//475 450//475 452//475
f  451//475 452//475 453//475
f  453//476 452//476 454//476
f  453//476 454//476 455//476
f  455//477 454//477 456//477
f  455//477 456//477 457//477
f  457//478 456//478 458//478
f  457//478 458//478 459//478
f  459//479 458//479 460//479
f  459//479 460//479 461//479
f  461//480 460//480 462//480
f  461//480 462//480 463//480
f  463//481 462//481 464//481
f  463//481 464//481 465//481
f  465//482 464//482 466//482
f  465//482 466//482 467//482
f  467//483 466//483 468//483
f  467//483 468//483 469//483
f  469//484 468//484 470//484
f  469//484 470//484 471//484
f  471//485 470//485 472//485
f  471//485 472//485 397//485
f  397//448 472//448 398//448
f  436//119 434//119 473//119
f  474//119 475//119 448//119
f  456//119 454//119 476//119
f  477//119 478//119 410//119
f  440//119 438//119 479//119
f  452//119 480//119 454//119
f  454//119 480//119 481//119
f  454//119 481//119 476//119
f  402//119 400//119 482//119
f  473//119 483//119 436//119
f  436//119 483//119 484//119
f  436//119 484//119 438//119
f  438//119 484//119 485//119
f  438//119 485//119 479//119
f  448//119 446//119 474//119
f  474//119 446//119 444//119
f  474//119 444//119 486//119
f  486//119 444//119 442//119
f  486//119 442//119 487//119
f  487//119 442//119 440//119
f  487//119 440//119 488//119
f  488//119 440//119 479//119
f  450//119 489//119 452//119
f  452//119 489//119 490//119
f  452//119 490//119 480//119
f  476//119 491//119 456//119
f  456//119 491//119 492//119
f  456//119 492//119 458//119
f  458//119 492//119 493//119
f  493//119 494//119 458//119
f  458//119 494//119 495//119
f  458//119 495//119 460//119
f  460//119 495//119 496//119
f  460//119 496//119 462//119
f  462//119 496//119 497//119
f  462//119 497//119 464//119
f  464//119 497//119 498//119
f  464//119 498//119 466//119
f  466//119 498//119 499//119
f  466//119 499//119 468//119
f  499//119 500//119 468//119
f  468//119 500//119 501//119
f  468//119 501//119 470//119
f  410//119 408//119 477//119
f  477//119 408//119 406//119
f  477//119 406//119 502//119
f  502//119 406//119 404//119
f  502//119 404//119 503//119
f  503//119 404//119 402//119
f  503//119 402//119 504//119
f  504//119 402//119 482//119
f  416//119 414//119 505//119
f  506//119 507//119 422//119
f  501//119 508//119 470//119
f  470//119 508//119 509//119
f  470//119 509//119 472//119
f  472//119 509//119 510//119
f  472//119 510//119 398//119
f  398//119 510//119 511//119
f  398//119 511//119 400//119
f  400//119 511//119 512//119
f  400//119 512//119 482//119
f  422//119 507//119 424//119
f  507//119 513//119 424//119
f  424//119 513//119 514//119
f  424//119 514//119 426//119
f  514//119 515//119 426//119
f  426//119 515//119 516//119
f  426//119 516//119 428//119
f  428//119 516//119 517//119
f  428//119 517//119 430//119
f  430//119 517//119 518//119
f  430//119 518//119 432//119
f  432//119 518//119 519//119
f  432//119 519//119 434//119
f  434//119 519//119 520//119
f  434//119 520//119 473//119
f  475//119 521//119 448//119
f  448//119 521//119 522//119
f  448//119 522//119 450//119
f  450//119 522//119 523//119
f  450//119 523//119 489//119
f  412//119 524//119 414//119
f  414//119 524//119 525//119
f  414//119 525//119 505//119
f  505//119 526//119 416//119
f  416//119 526//119 527//119
f  416//119 527//119 418//119
f  418//119 527//119 528//119
f  418//119 528//119 420//119
f  420//119 528//119 529//119
f  420//119 529//119 422//119
f  422//119 529//119 530//119
f  422//119 530//119 506//119
f  478//119 531//119 410//119
f  410//119 531//119 532//119
f  410//119 532//119 412//119
f  412//119 532//119 533//119
f  412//119 533//119 524//119
f  469//120 534//120 467//120
f  467//120 534//120 535//120
f  467//120 535//120 465//120
f  535//120 536//120 465//120
f  465//120 536//120 537//120
f  465//120 537//120 463//120
f  463//120 537//120 538//120
f  539//120 459//120 538//120
f  538//120 459//120 461//120
f  538//120 461//120 463//120
f  399//120 540//120 397//120
f  397//120 540//120 541//120
f  397//120 541//120 471//120
f  471//120 541//120 542//120
f  471//120 542//120 469//120
f  469//120 542//120 543//120
f  469//120 543//120 534//120
f  544//120 545//120 403//120
f  403//120 545//120 546//120
f  403//120 546//120 401//120
f  455//120 457//120 547//120
f  435//120 437//120 548//120
f  546//120 549//120 401//120
f  401//120 549//120 550//120
f  401//120 550//120 399//120
f  399//120 550//120 551//120
f  399//120 551//120 540//120
f  547//120 552//120 455//120
f  455//120 552//120 553//120
f  455//120 553//120 453//120
f  553//120 554//120 453//120
f  453//120 554//120 555//120
f  453//120 555//120 451//120
f  539//120 556//120 459//120
f  459//120 556//120 557//120
f  459//120 557//120 457//120
f  457//120 557//120 558//120
f  457//120 558//120 547//120
f  559//120 560//120 441//120
f  441//120 560//120 561//120
f  441//120 561//120 439//120
f  561//120 562//120 439//120
f  439//120 562//120 563//120
f  439//120 563//120 437//120
f  437//120 563//120 564//120
f  437//120 564//120 548//120
f  548//120 565//120 435//120
f  435//120 565//120 566//120
f  435//120 566//120 433//120
f  433//120 566//120 567//120
f  433//120 567//120 431//120
f  431//120 567//120 568//120
f  431//120 568//120 429//120
f  429//120 568//120 569//120
f  429//120 569//120 427//120
f  415//120 417//120 570//120
f  555//120 571//120 451//120
f  451//120 571//120 572//120
f  451//120 572//120 449//120
f  449//120 572//120 573//120
f  441//120 443//120 559//120
f  559//120 443//120 445//120
f  559//120 445//120 574//120
f  574//120 445//120 447//120
f  574//120 447//120 575//120
f  575//120 447//120 449//120
f  575//120 449//120 576//120
f  576//120 449//120 573//120
f  569//120 577//120 427//120
f  427//120 577//120 578//120
f  427//120 578//120 425//120
f  578//120 579//120 425//120
f  425//120 579//120 580//120
f  425//120 580//120 423//120
f  423//120 580//120 581//120
f  581//120 582//120 423//120
f  423//120 582//120 583//120
f  423//120 583//120 421//120
f  421//120 583//120 584//120
f  421//120 584//120 419//120
f  419//120 584//120 585//120
f  419//120 585//120 417//120
f  417//120 585//120 586//120
f  417//120 586//120 570//120
f  570//120 587//120 415//120
f  415//120 587//120 588//120
f  415//120 588//120 413//120
f  588//120 589//120 413//120
f  413//120 589//120 590//120
f  413//120 590//120 411//120
f  411//120 590//120 591//120
f  403//120 405//120 544//120
f  544//120 405//120 407//120
f  544//120 407//120 592//120
f  592//120 407//120 409//120
f  592//120 409//120 593//120
f  593//120 409//120 411//120
f  593//120 411//120 594//120
f  594//120 411//120 591//120
f  595//486 596//486 597//486
f  595//487 597//487 598//487
f  599//488 598//488 597//488
f  600//489 599//489 597//489
f  601//490 600//490 597//490
f  602//491 601//491 597//491
f  603//492 602//492 597//492
f  604//493 603//493 597//493
f  605//494 604//494 597//494
f  606//495 605//495 597//495
f  607//496 606//496 597//496
f  608//497 607//497 597//497
f  609//498 608//498 597//498
f  610//499 609//499 597//499
f  611//500 610//500 597//500
f  612//501 611//501 597//501
f  613//502 612//502 597//502
f  614//503 613//503 597//503
f  615//504 614//504 597//504
f  616//505 615//505 597//505
f  617//506 616//506 597//506
f  618//507 617//507 597//507
f  619//508 618//508 597//508
f  620//509 619//509 597//509
f  621//510 620//510 597//510
f  622//511 621//511 597//511
f  623//512 622//512 597//512
f  624//513 623//513 597//513
f  625//514 624//514 597//514
f  626//515 625//515 597//515
f  627//516 626//516 597//516
f  628//517 627//517 597//517
f  629//518 628//518 597//518
f  630//519 629//519 597//519
f  631//520 630//520 597//520
f  632//521 631//521 597//521
f  633//522 632//522 597//522
f  634//523 633//523 597//523
f  635//524 634//524 597//524
f  636//525 635//525 597//525
f  637//526 636//526 597//526
f  638//527 637//527 597//527
f  639//528 638//528 597//528
f  640//529 639//529 597//529
f  641//530 640//530 597//530
f  596//531 641//531 597//531
f  642//532 643//532 644//532
f  645//533 646//533 647//533
f  648//534 649//534 650//534
f  651//535 652//535 653//535
f  643//536 642//536 654//536
f  654//537 655//537 656//537
f  654//538 657//538 658//538
f  659//539 657//539 654//539
f  656//540 659//540 654//540
f  654//541 660//541 661//541
f  662//542 660//542 654//542
f  658//543 662//543 654//543
f  646//544 645//544 654//544
f  654//545 663//545 664//545
f  649//546 648//546 654//546
f  652//547 651//547 654//547
f  477//548 665//548 478//548
f  666//549 510//549 667//549
f  667//550 510//550 509//550
f  496//551 668//551 669//551
f  521//552 670//552 522//552
f  486//553 671//553 474//553
f  559//554 672//554 673//554
f  574//555 674//555 675//555
f  550//556 549//556 676//556
f  591//557 590//557 677//557
f  584//558 678//558 679//558
f  678//559 584//559 583//559
f  680//560 681//560 577//560
f  682//561 683//561 593//561
f  684//562 685//562 592//562
f  686//563 687//563 544//563
f  544//564 687//564 688//564
f  544//565 688//565 545//565
f  676//566 549//566 688//566
f  688//567 549//567 546//567
f  688//568 546//568 545//568
f  550//569 676//569 551//569
f  551//570 676//570 689//570
f  551//571 689//571 540//571
f  540//572 689//572 690//572
f  540//573 690//573 541//573
f  690//573 691//573 541//573
f  541//574 691//574 692//574
f  541//575 692//575 542//575
f  542//576 692//576 543//576
f  543//577 692//577 693//577
f  543//578 693//578 534//578
f  534//579 693//579 694//579
f  534//580 694//580 535//580
f  535//581 694//581 695//581
f  535//582 695//582 536//582
f  538//583 696//583 539//583
f  539//584 696//584 697//584
f  539//585 697//585 556//585
f  556//586 697//586 698//586
f  556//587 698//587 557//587
f  699//588 700//588 558//588
f  558//589 700//589 701//589
f  558//590 701//590 547//590
f  547//591 701//591 702//591
f  547//592 702//592 552//592
f  552//593 702//593 703//593
f  552//594 703//594 553//594
f  703//595 704//595 553//595
f  553//596 704//596 705//596
f  553//596 705//596 554//596
f  554//597 705//597 706//597
f  554//598 706//598 555//598
f  707//599 571//599 708//599
f  708//600 571//600 555//600
f  708//601 555//601 709//601
f  709//602 555//602 706//602
f  710//603 573//603 707//603
f  707//604 573//604 572//604
f  707//605 572//605 571//605
f  576//606 711//606 575//606
f  575//607 711//607 712//607
f  673//608 713//608 559//608
f  559//609 713//609 714//609
f  559//610 714//610 560//610
f  715//611 562//611 714//611
f  714//612 562//612 561//612
f  714//613 561//613 560//613
f  577//614 569//614 680//614
f  680//615 569//615 568//615
f  680//616 568//616 716//616
f  716//617 568//617 567//617
f  716//618 567//618 717//618
f  717//619 567//619 566//619
f  717//620 566//620 718//620
f  718//621 566//621 565//621
f  718//622 565//622 719//622
f  719//623 565//623 548//623
f  719//624 548//624 720//624
f  720//625 548//625 564//625
f  720//626 564//626 715//626
f  715//627 564//627 563//627
f  715//628 563//628 562//628
f  721//629 722//629 473//629
f  473//630 722//630 483//630
f  483//631 722//631 723//631
f  483//632 723//632 484//632
f  484//633 723//633 485//633
f  485//634 723//634 724//634
f  485//635 724//635 479//635
f  479//636 724//636 488//636
f  488//637 724//637 725//637
f  488//638 725//638 487//638
f  487//639 725//639 726//639
f  487//640 726//640 486//640
f  486//641 726//641 727//641
f  486//642 727//642 671//642
f  670//643 521//643 728//643
f  729//644 730//644 523//644
f  523//645 730//645 731//645
f  523//646 731//646 489//646
f  489//647 731//647 732//647
f  489//648 732//648 490//648
f  490//649 732//649 733//649
f  490//650 733//650 480//650
f  480//651 733//651 734//651
f  480//652 734//652 481//652
f  734//652 735//652 481//652
f  481//653 735//653 736//653
f  481//654 736//654 476//654
f  737//655 491//655 738//655
f  738//656 491//656 476//656
f  738//657 476//657 739//657
f  739//658 476//658 736//658
f  740//659 493//659 737//659
f  737//660 493//660 492//660
f  737//661 492//661 491//661
f  494//662 741//662 495//662
f  495//663 741//663 742//663
f  501//664 500//664 743//664
f  743//665 500//665 499//665
f  743//666 499//666 744//666
f  744//667 499//667 498//667
f  744//668 498//668 745//668
f  745//669 498//669 497//669
f  745//670 497//670 746//670
f  746//671 497//671 747//671
f  501//672 743//672 508//672
f  508//673 743//673 748//673
f  508//674 748//674 509//674
f  509//675 748//675 749//675
f  509//550 749//550 667//550
f  750//676 512//676 666//676
f  666//677 512//677 511//677
f  666//678 511//678 510//678
f  531//679 478//679 751//679
f  752//680 524//680 533//680
f  505//681 753//681 754//681
f  505//681 754//681 526//681
f  526//682 754//682 755//682
f  526//683 755//683 527//683
f  755//684 756//684 527//684
f  527//685 756//685 757//685
f  527//686 757//686 528//686
f  514//687 513//687 758//687
f  758//688 513//688 507//688
f  517//689 516//689 759//689
f  473//690 520//690 721//690
f  721//691 520//691 519//691
f  721//692 519//692 760//692
f  760//693 519//693 518//693
f  760//694 518//694 761//694
f  761//695 518//695 517//695
f  761//696 517//696 762//696
f  762//697 517//697 759//697
f  763//698 653//698 764//698
f  764//699 653//699 652//699
f  764//700 652//700 765//700
f  765//701 652//701 654//701
f  766//702 650//702 767//702
f  767//703 650//703 649//703
f  767//704 649//704 768//704
f  768//705 649//705 654//705
f  769//706 770//706 771//706
f  771//706 770//706 664//706
f  771//707 664//707 772//707
f  772//708 664//708 663//708
f  772//709 663//709 773//709
f  774//710 647//710 775//710
f  775//711 647//711 646//711
f  775//711 646//711 776//711
f  776//712 646//712 654//712
f  655//713 777//713 656//713
f  656//713 777//713 778//713
f  656//714 778//714 659//714
f  659//715 778//715 779//715
f  659//716 779//716 657//716
f  657//717 779//717 780//717
f  657//718 780//718 658//718
f  658//719 780//719 781//719
f  658//720 781//720 662//720
f  662//721 781//721 782//721
f  662//722 782//722 660//722
f  660//722 782//722 783//722
f  660//723 783//723 661//723
f  784//724 644//724 785//724
f  785//725 644//725 643//725
f  785//725 643//725 786//725
f  786//726 643//726 654//726
f  751//727 763//727 787//727
f  787//728 763//728 764//728
f  787//729 764//729 788//729
f  788//730 764//730 765//730
f  788//731 765//731 789//731
f  789//732 765//732 654//732
f  790//733 791//733 792//733
f  792//734 791//734 793//734
f  792//735 793//735 794//735
f  531//736 795//736 532//736
f  532//737 795//737 794//737
f  532//738 794//738 533//738
f  533//739 794//739 793//739
f  533//740 793//740 752//740
f  752//741 793//741 791//741
f  525//742 524//742 796//742
f  796//743 524//743 752//743
f  796//744 752//744 797//744
f  797//745 752//745 791//745
f  797//746 791//746 798//746
f  798//733 791//733 790//733
f  798//747 790//747 654//747
f  753//748 769//748 754//748
f  754//748 769//748 771//748
f  754//749 771//749 755//749
f  755//750 771//750 772//750
f  755//751 772//751 756//751
f  756//752 772//752 773//752
f  756//753 773//753 757//753
f  770//754 654//754 664//754
f  505//755 766//755 753//755
f  753//756 766//756 767//756
f  753//757 767//757 769//757
f  769//758 767//758 768//758
f  769//759 768//759 770//759
f  770//760 768//760 654//760
f  529//761 528//761 799//761
f  799//762 528//762 757//762
f  799//763 757//763 800//763
f  800//764 757//764 773//764
f  800//765 773//765 801//765
f  801//766 773//766 663//766
f  801//767 663//767 654//767
f  777//768 802//768 778//768
f  778//768 802//768 803//768
f  778//769 803//769 779//769
f  779//770 803//770 804//770
f  779//771 804//771 780//771
f  780//772 804//772 805//772
f  780//773 805//773 781//773
f  781//774 805//774 806//774
f  781//775 806//775 782//775
f  782//776 806//776 807//776
f  782//777 807//777 783//777
f  808//778 809//778 810//778
f  810//779 809//779 588//779
f  810//780 588//780 587//780
f  589//781 588//781 811//781
f  811//782 588//782 809//782
f  811//783 809//783 812//783
f  812//784 809//784 808//784
f  812//785 808//785 813//785
f  590//786 589//786 677//786
f  677//787 589//787 811//787
f  677//788 811//788 814//788
f  814//789 811//789 812//789
f  814//790 812//790 815//790
f  815//791 812//791 813//791
f  815//792 813//792 654//792
f  531//793 751//793 795//793
f  795//794 751//794 787//794
f  795//794 787//794 794//794
f  794//795 787//795 788//795
f  794//796 788//796 792//796
f  792//797 788//797 789//797
f  792//798 789//798 790//798
f  790//799 789//799 654//799
f  505//800 525//800 766//800
f  766//801 525//801 796//801
f  766//802 796//802 650//802
f  650//803 796//803 797//803
f  650//804 797//804 648//804
f  648//805 797//805 798//805
f  648//806 798//806 654//806
f  654//807 816//807 776//807
f  776//808 816//808 817//808
f  776//809 817//809 775//809
f  775//810 817//810 818//810
f  775//811 818//811 774//811
f  774//812 818//812 819//812
f  774//813 819//813 820//813
f  821//814 679//814 822//814
f  822//815 679//815 678//815
f  822//816 678//816 823//816
f  823//817 678//817 583//817
f  823//818 583//818 824//818
f  824//819 583//819 582//819
f  824//820 582//820 581//820
f  593//821 825//821 682//821
f  682//822 825//822 784//822
f  682//823 784//823 826//823
f  826//824 784//824 785//824
f  826//825 785//825 827//825
f  827//826 785//826 786//826
f  827//827 786//827 828//827
f  828//828 786//828 654//828
f  502//829 829//829 477//829
f  477//830 829//830 830//830
f  477//831 830//831 665//831
f  665//832 830//832 831//832
f  654//833 832//833 816//833
f  816//834 832//834 833//834
f  816//835 833//835 817//835
f  817//836 833//836 834//836
f  817//837 834//837 818//837
f  818//838 834//838 835//838
f  818//839 835//839 819//839
f  819//840 835//840 836//840
f  819//841 836//841 837//841
f  838//842 836//842 839//842
f  839//843 836//843 835//843
f  839//844 835//844 840//844
f  840//845 835//845 834//845
f  840//846 834//846 841//846
f  841//847 834//847 833//847
f  841//847 833//847 842//847
f  842//848 833//848 832//848
f  842//849 832//849 843//849
f  843//850 832//850 654//850
f  844//851 821//851 845//851
f  845//852 821//852 822//852
f  845//853 822//853 846//853
f  846//854 822//854 823//854
f  846//855 823//855 847//855
f  847//856 823//856 824//856
f  847//857 824//857 848//857
f  848//858 824//858 581//858
f  848//859 581//859 849//859
f  849//860 581//860 580//860
f  849//861 580//861 579//861
f  654//862 850//862 828//862
f  828//863 850//863 851//863
f  828//864 851//864 827//864
f  827//865 851//865 852//865
f  827//866 852//866 826//866
f  826//867 852//867 853//867
f  826//868 853//868 682//868
f  682//869 853//869 684//869
f  682//870 684//870 683//870
f  683//871 684//871 592//871
f  683//872 592//872 593//872
f  854//873 831//873 855//873
f  855//874 831//874 830//874
f  855//875 830//875 856//875
f  856//876 830//876 829//876
f  856//877 829//877 857//877
f  857//878 829//878 502//878
f  857//879 502//879 858//879
f  858//880 502//880 503//880
f  858//881 503//881 859//881
f  859//882 503//882 504//882
f  859//883 504//883 750//883
f  750//884 504//884 482//884
f  750//885 482//885 512//885
f  516//886 515//886 759//886
f  759//887 515//887 514//887
f  759//888 514//888 838//888
f  838//889 514//889 758//889
f  838//890 758//890 836//890
f  836//891 758//891 507//891
f  836//892 507//892 837//892
f  837//893 507//893 506//893
f  837//894 506//894 819//894
f  819//895 506//895 530//895
f  819//896 530//896 820//896
f  820//897 530//897 529//897
f  820//898 529//898 774//898
f  774//899 529//899 799//899
f  774//900 799//900 647//900
f  647//901 799//901 800//901
f  647//902 800//902 645//902
f  645//903 800//903 801//903
f  645//904 801//904 654//904
f  654//905 844//905 860//905
f  860//906 844//906 845//906
f  860//907 845//907 861//907
f  861//908 845//908 846//908
f  861//908 846//908 862//908
f  862//909 846//909 847//909
f  862//910 847//910 863//910
f  863//911 847//911 848//911
f  863//912 848//912 864//912
f  864//913 848//913 849//913
f  864//914 849//914 865//914
f  865//915 849//915 579//915
f  865//916 579//916 681//916
f  681//917 579//917 578//917
f  681//918 578//918 577//918
f  654//919 866//919 850//919
f  850//920 866//920 867//920
f  850//921 867//921 851//921
f  851//922 867//922 868//922
f  851//923 868//923 852//923
f  852//924 868//924 869//924
f  852//925 869//925 853//925
f  853//926 869//926 870//926
f  853//927 870//927 684//927
f  684//928 870//928 686//928
f  684//929 686//929 685//929
f  685//930 686//930 544//930
f  685//931 544//931 592//931
f  654//932 871//932 872//932
f  872//933 871//933 873//933
f  872//934 873//934 874//934
f  874//935 873//935 875//935
f  874//936 875//936 876//936
f  876//937 875//937 877//937
f  876//938 877//938 878//938
f  878//939 877//939 879//939
f  878//940 879//940 880//940
f  880//941 879//941 881//941
f  880//942 881//942 882//942
f  882//943 881//943 883//943
f  882//944 883//944 884//944
f  884//945 883//945 885//945
f  884//946 885//946 886//946
f  886//947 885//947 887//947
f  886//948 887//948 888//948
f  888//949 887//949 889//949
f  888//950 889//950 890//950
f  890//951 889//951 891//951
f  890//952 891//952 892//952
f  892//953 891//953 893//953
f  892//953 893//953 894//953
f  894//954 893//954 895//954
f  894//955 895//955 896//955
f  896//956 895//956 897//956
f  896//957 897//957 898//957
f  898//958 897//958 899//958
f  898//959 899//959 900//959
f  900//960 899//960 901//960
f  900//961 901//961 902//961
f  902//962 901//962 903//962
f  902//963 903//963 904//963
f  871//964 905//964 873//964
f  873//965 905//965 906//965
f  873//966 906//966 875//966
f  875//967 906//967 907//967
f  875//968 907//968 877//968
f  877//969 907//969 908//969
f  877//970 908//970 879//970
f  879//971 908//971 909//971
f  879//972 909//972 881//972
f  881//973 909//973 910//973
f  881//973 910//973 883//973
f  883//974 910//974 911//974
f  883//975 911//975 885//975
f  885//976 911//976 912//976
f  885//977 912//977 887//977
f  887//978 912//978 913//978
f  887//979 913//979 889//979
f  889//980 913//980 914//980
f  889//981 914//981 891//981
f  891//982 914//982 915//982
f  891//982 915//982 893//982
f  893//983 915//983 916//983
f  893//984 916//984 895//984
f  895//985 916//985 917//985
f  895//986 917//986 897//986
f  897//987 917//987 918//987
f  897//988 918//988 899//988
f  899//989 918//989 919//989
f  899//990 919//990 901//990
f  901//991 919//991 920//991
f  901//992 920//992 903//992
f  905//993 854//993 906//993
f  906//994 854//994 855//994
f  906//995 855//995 907//995
f  907//996 855//996 856//996
f  907//997 856//997 908//997
f  908//998 856//998 857//998
f  908//999 857//999 909//999
f  909//1000 857//1000 858//1000
f  909//1001 858//1001 910//1001
f  910//1002 858//1002 859//1002
f  910//1003 859//1003 911//1003
f  911//1004 859//1004 750//1004
f  911//1005 750//1005 912//1005
f  912//1006 750//1006 666//1006
f  912//1007 666//1007 913//1007
f  913//1008 666//1008 667//1008
f  913//1009 667//1009 914//1009
f  914//1010 667//1010 749//1010
f  914//1010 749//1010 915//1010
f  915//1011 749//1011 748//1011
f  915//1012 748//1012 916//1012
f  916//1013 748//1013 743//1013
f  916//1014 743//1014 917//1014
f  917//1015 743//1015 744//1015
f  917//1016 744//1016 918//1016
f  918//1017 744//1017 745//1017
f  918//1018 745//1018 919//1018
f  919//1019 745//1019 746//1019
f  919//1020 746//1020 920//1020
f  654//1021 921//1021 843//1021
f  843//1022 921//1022 922//1022
f  843//1023 922//1023 842//1023
f  842//1024 922//1024 923//1024
f  842//1025 923//1025 841//1025
f  841//1026 923//1026 924//1026
f  841//1027 924//1027 840//1027
f  840//1028 924//1028 925//1028
f  840//1029 925//1029 839//1029
f  839//1030 925//1030 926//1030
f  839//1031 926//1031 838//1031
f  838//1032 926//1032 927//1032
f  838//1033 927//1033 759//1033
f  759//1034 927//1034 928//1034
f  759//1035 928//1035 762//1035
f  762//1036 928//1036 929//1036
f  762//1037 929//1037 761//1037
f  761//1038 929//1038 930//1038
f  761//1039 930//1039 760//1039
f  760//1040 930//1040 931//1040
f  760//1041 931//1041 721//1041
f  721//1042 931//1042 932//1042
f  721//1042 932//1042 722//1042
f  722//1043 932//1043 933//1043
f  722//1044 933//1044 723//1044
f  723//1045 933//1045 934//1045
f  723//1046 934//1046 724//1046
f  724//1047 934//1047 935//1047
f  724//1048 935//1048 725//1048
f  725//1049 935//1049 936//1049
f  725//1050 936//1050 726//1050
f  726//1051 936//1051 937//1051
f  726//1052 937//1052 727//1052
f  654//1053 938//1053 921//1053
f  921//1054 938//1054 939//1054
f  921//1055 939//1055 922//1055
f  922//1056 939//1056 940//1056
f  922//1057 940//1057 923//1057
f  923//1058 940//1058 941//1058
f  923//1059 941//1059 924//1059
f  924//1060 941//1060 942//1060
f  924//1061 942//1061 925//1061
f  925//1062 942//1062 943//1062
f  925//1063 943//1063 926//1063
f  926//1064 943//1064 944//1064
f  926//1065 944//1065 927//1065
f  927//1066 944//1066 945//1066
f  927//1067 945//1067 928//1067
f  928//1068 945//1068 946//1068
f  928//1069 946//1069 929//1069
f  929//1070 946//1070 947//1070
f  929//1071 947//1071 930//1071
f  930//1072 947//1072 948//1072
f  930//1073 948//1073 931//1073
f  931//1074 948//1074 949//1074
f  931//1074 949//1074 932//1074
f  932//1075 949//1075 950//1075
f  932//1076 950//1076 933//1076
f  933//1077 950//1077 951//1077
f  933//1078 951//1078 934//1078
f  934//1079 951//1079 952//1079
f  934//1080 952//1080 935//1080
f  935//1081 952//1081 953//1081
f  935//1082 953//1082 936//1082
f  936//1083 953//1083 954//1083
f  936//1084 954//1084 937//1084
f  654//1085 955//1085 938//1085
f  938//1086 955//1086 956//1086
f  938//1087 956//1087 939//1087
f  939//1088 956//1088 957//1088
f  939//1089 957//1089 940//1089
f  940//1090 957//1090 958//1090
f  940//1091 958//1091 941//1091
f  941//1092 958//1092 959//1092
f  941//1093 959//1093 942//1093
f  942//1094 959//1094 960//1094
f  942//1095 960//1095 943//1095
f  943//1096 960//1096 961//1096
f  943//1097 961//1097 944//1097
f  944//1098 961//1098 962//1098
f  944//1099 962//1099 945//1099
f  945//1100 962//1100 963//1100
f  945//1101 963//1101 946//1101
f  946//1102 963//1102 964//1102
f  946//1103 964//1103 947//1103
f  947//1104 964//1104 965//1104
f  947//1105 965//1105 948//1105
f  948//1106 965//1106 966//1106
f  948//1106 966//1106 949//1106
f  949//1107 966//1107 967//1107
f  949//1108 967//1108 950//1108
f  950//1109 967//1109 968//1109
f  950//1110 968//1110 951//1110
f  951//1111 968//1111 969//1111
f  951//1112 969//1112 952//1112
f  952//1113 969//1113 970//1113
f  952//1114 970//1114 953//1114
f  953//1115 970//1115 971//1115
f  953//1116 971//1116 954//1116
f  654//1117 972//1117 955//1117
f  955//1118 972//1118 973//1118
f  955//1119 973//1119 956//1119
f  956//1120 973//1120 974//1120
f  956//1121 974//1121 957//1121
f  957//1122 974//1122 975//1122
f  957//1123 975//1123 958//1123
f  958//1124 975//1124 976//1124
f  958//1125 976//1125 959//1125
f  959//1126 976//1126 977//1126
f  959//1127 977//1127 960//1127
f  960//1128 977//1128 978//1128
f  960//1129 978//1129 961//1129
f  961//1130 978//1130 979//1130
f  961//1131 979//1131 962//1131
f  962//1132 979//1132 980//1132
f  962//1133 980//1133 963//1133
f  963//1134 980//1134 981//1134
f  963//1135 981//1135 964//1135
f  964//1136 981//1136 982//1136
f  964//1137 982//1137 965//1137
f  965//1138 982//1138 983//1138
f  965//1138 983//1138 966//1138
f  966//1139 983//1139 984//1139
f  966//1140 984//1140 967//1140
f  967//1141 984//1141 985//1141
f  967//1142 985//1142 968//1142
f  968//1143 985//1143 986//1143
f  968//1144 986//1144 969//1144
f  969//1145 986//1145 987//1145
f  969//1146 987//1146 970//1146
f  970//1147 987//1147 988//1147
f  970//1148 988//1148 971//1148
f  654//1149 989//1149 972//1149
f  972//1150 989//1150 990//1150
f  972//1151 990//1151 973//1151
f  973//1152 990//1152 991//1152
f  973//1153 991//1153 974//1153
f  974//1154 991//1154 992//1154
f  974//1155 992//1155 975//1155
f  975//1156 992//1156 993//1156
f  975//1157 993//1157 976//1157
f  976//1158 993//1158 994//1158
f  976//1159 994//1159 977//1159
f  977//1160 994//1160 995//1160
f  977//1161 995//1161 978//1161
f  978//1162 995//1162 996//1162
f  978//1163 996//1163 979//1163
f  979//1164 996//1164 997//1164
f  979//1165 997//1165 980//1165
f  980//1166 997//1166 998//1166
f  980//1167 998//1167 981//1167
f  981//1168 998//1168 999//1168
f  981//1169 999//1169 982//1169
f  982//1170 999//1170 1000//1170
f  982//1170 1000//1170 983//1170
f  983//1171 1000//1171 1001//1171
f  983//1172 1001//1172 984//1172
f  984//1173 1001//1173 1002//1173
f  984//1174 1002//1174 985//1174
f  985//1175 1002//1175 1003//1175
f  985//1176 1003//1176 986//1176
f  986//1177 1003//1177 1004//1177
f  986//1178 1004//1178 987//1178
f  987//1179 1004//1179 1005//1179
f  987//1179 1005//1179 988//1179
f  654//1180 860//1180 989//1180
f  989//1181 860//1181 861//1181
f  989//1182 861//1182 990//1182
f  990//1183 861//1183 862//1183
f  990//1184 862//1184 991//1184
f  991//1185 862//1185 863//1185
f  991//1186 863//1186 992//1186
f  992//1187 863//1187 864//1187
f  992//1188 864//1188 993//1188
f  993//1189 864//1189 865//1189
f  993//1190 865//1190 994//1190
f  994//1191 865//1191 681//1191
f  994//1192 681//1192 995//1192
f  995//1193 681//1193 680//1193
f  995//1194 680//1194 996//1194
f  996//1195 680//1195 716//1195
f  996//1196 716//1196 997//1196
f  997//1197 716//1197 717//1197
f  997//1198 717//1198 998//1198
f  998//1199 717//1199 718//1199
f  998//1200 718//1200 999//1200
f  999//1201 718//1201 719//1201
f  999//1201 719//1201 1000//1201
f  1000//1202 719//1202 720//1202
f  1000//1203 720//1203 1001//1203
f  1001//1204 720//1204 715//1204
f  1001//1205 715//1205 1002//1205
f  1002//1206 715//1206 714//1206
f  1002//1207 714//1207 1003//1207
f  1003//1208 714//1208 713//1208
f  1003//1209 713//1209 1004//1209
f  1004//1210 713//1210 673//1210
f  1004//1211 673//1211 1005//1211
f  654//1212 813//1212 655//1212
f  655//1213 813//1213 808//1213
f  655//1214 808//1214 777//1214
f  777//1215 808//1215 810//1215
f  777//1216 810//1216 802//1216
f  802//1217 810//1217 587//1217
f  802//1218 587//1218 803//1218
f  803//1218 587//1218 570//1218
f  803//1219 570//1219 804//1219
f  804//1220 570//1220 586//1220
f  804//1221 586//1221 805//1221
f  805//1222 586//1222 585//1222
f  805//1223 585//1223 806//1223
f  806//1224 585//1224 584//1224
f  806//1225 584//1225 807//1225
f  807//1226 584//1226 679//1226
f  807//1227 679//1227 783//1227
f  783//1228 679//1228 821//1228
f  783//1229 821//1229 661//1229
f  661//1230 821//1230 844//1230
f  661//1231 844//1231 654//1231
f  593//1232 594//1232 825//1232
f  825//1233 594//1233 591//1233
f  825//1234 591//1234 784//1234
f  784//1235 591//1235 677//1235
f  784//1236 677//1236 644//1236
f  644//1237 677//1237 814//1237
f  644//1238 814//1238 642//1238
f  642//1239 814//1239 815//1239
f  642//1240 815//1240 654//1240
f  497//1241 496//1241 747//1241
f  747//1242 496//1242 669//1242
f  747//1243 669//1243 746//1243
f  746//1244 669//1244 1006//1244
f  746//1245 1006//1245 920//1245
f  920//1246 1006//1246 1007//1246
f  920//1247 1007//1247 903//1247
f  903//1248 1007//1248 1008//1248
f  903//1249 1008//1249 904//1249
f  904//1250 1008//1250 1009//1250
f  559//1251 574//1251 672//1251
f  672//1252 574//1252 675//1252
f  672//1253 675//1253 673//1253
f  673//1254 675//1254 1010//1254
f  673//1255 1010//1255 1005//1255
f  1005//1256 1010//1256 1011//1256
f  1005//1257 1011//1257 988//1257
f  988//1258 1011//1258 1012//1258
f  988//1259 1012//1259 971//1259
f  971//1260 1012//1260 1013//1260
f  971//1261 1013//1261 954//1261
f  954//1262 1013//1262 1014//1262
f  954//1263 1014//1263 937//1263
f  937//1264 1014//1264 1015//1264
f  937//1265 1015//1265 727//1265
f  727//1266 1015//1266 1016//1266
f  727//1267 1016//1267 671//1267
f  671//1268 1016//1268 1017//1268
f  671//1269 1017//1269 474//1269
f  474//1270 1017//1270 1018//1270
f  474//1271 1018//1271 475//1271
f  496//1272 495//1272 668//1272
f  668//1273 495//1273 742//1273
f  668//1274 742//1274 669//1274
f  669//1275 742//1275 1019//1275
f  669//1276 1019//1276 1006//1276
f  1006//1277 1019//1277 1020//1277
f  1006//1278 1020//1278 1007//1278
f  1007//1279 1020//1279 1021//1279
f  1007//1280 1021//1280 1008//1280
f  1008//1281 1021//1281 1022//1281
f  1008//1282 1022//1282 1009//1282
f  1009//1283 1022//1283 1023//1283
f  574//1284 575//1284 674//1284
f  674//1285 575//1285 712//1285
f  674//1286 712//1286 675//1286
f  675//1287 712//1287 1024//1287
f  675//1288 1024//1288 1010//1288
f  1010//1289 1024//1289 1025//1289
f  1010//1290 1025//1290 1011//1290
f  1011//1291 1025//1291 1026//1291
f  1011//1292 1026//1292 1012//1292
f  1012//1293 1026//1293 1027//1293
f  1012//1294 1027//1294 1013//1294
f  1013//1295 1027//1295 1028//1295
f  1013//1296 1028//1296 1014//1296
f  1014//1297 1028//1297 1029//1297
f  1014//1298 1029//1298 1015//1298
f  1015//1299 1029//1299 1030//1299
f  1015//1300 1030//1300 1016//1300
f  1016//1301 1030//1301 1031//1301
f  1016//1302 1031//1302 1017//1302
f  1017//1303 1031//1303 1032//1303
f  1017//1304 1032//1304 1018//1304
f  1018//1305 1032//1305 728//1305
f  1018//1306 728//1306 475//1306
f  475//1307 728//1307 521//1307
f  494//1308 493//1308 741//1308
f  741//1309 493//1309 740//1309
f  741//1310 740//1310 742//1310
f  742//1311 740//1311 1033//1311
f  742//1312 1033//1312 1019//1312
f  1019//1313 1033//1313 1034//1313
f  1019//1314 1034//1314 1020//1314
f  1020//1315 1034//1315 1035//1315
f  1020//1316 1035//1316 1021//1316
f  1021//1317 1035//1317 1036//1317
f  1021//1318 1036//1318 1022//1318
f  1022//1319 1036//1319 1037//1319
f  1022//1320 1037//1320 1023//1320
f  1023//1321 1037//1321 1038//1321
f  576//1322 573//1322 711//1322
f  711//1323 573//1323 710//1323
f  711//1324 710//1324 712//1324
f  712//1324 710//1324 1039//1324
f  712//1325 1039//1325 1024//1325
f  1024//1326 1039//1326 1040//1326
f  1024//1327 1040//1327 1025//1327
f  1025//1328 1040//1328 1041//1328
f  1025//1329 1041//1329 1026//1329
f  1026//1330 1041//1330 1042//1330
f  1026//1331 1042//1331 1027//1331
f  1027//1332 1042//1332 1043//1332
f  1027//1333 1043//1333 1028//1333
f  1028//1334 1043//1334 1044//1334
f  1028//1335 1044//1335 1029//1335
f  1029//1336 1044//1336 1045//1336
f  1029//1337 1045//1337 1030//1337
f  1030//1338 1045//1338 1046//1338
f  1030//1339 1046//1339 1031//1339
f  1031//1340 1046//1340 1047//1340
f  1031//1341 1047//1341 1032//1341
f  1032//1342 1047//1342 1048//1342
f  1032//1343 1048//1343 728//1343
f  728//1344 1048//1344 1049//1344
f  728//1345 1049//1345 670//1345
f  670//1346 1049//1346 729//1346
f  670//1347 729//1347 522//1347
f  522//1348 729//1348 523//1348
f  697//1349 1050//1349 698//1349
f  698//1350 1050//1350 699//1350
f  698//1351 699//1351 557//1351
f  557//1352 699//1352 558//1352
f  537//1353 1051//1353 538//1353
f  538//1354 1051//1354 1052//1354
f  538//1355 1052//1355 696//1355
f  696//1356 1052//1356 1053//1356
f  696//1357 1053//1357 697//1357
f  697//1358 1053//1358 1054//1358
f  697//1359 1054//1359 1050//1359
f  536//1360 695//1360 537//1360
f  537//1361 695//1361 1055//1361
f  537//1362 1055//1362 1051//1362
f  1051//1363 1055//1363 1056//1363
f  1051//1364 1056//1364 1052//1364
f  1052//1365 1056//1365 1057//1365
f  1052//1366 1057//1366 1053//1366
f  1053//1367 1057//1367 1058//1367
f  1053//1368 1058//1368 1054//1368
f  654//1369 1059//1369 866//1369
f  866//1370 1059//1370 1060//1370
f  866//1371 1060//1371 867//1371
f  867//1372 1060//1372 1061//1372
f  867//1373 1061//1373 868//1373
f  868//1374 1061//1374 1062//1374
f  868//1375 1062//1375 869//1375
f  869//1376 1062//1376 1063//1376
f  869//1377 1063//1377 870//1377
f  870//1378 1063//1378 1064//1378
f  870//1379 1064//1379 686//1379
f  686//1380 1064//1380 1065//1380
f  686//1381 1065//1381 687//1381
f  687//1382 1065//1382 1066//1382
f  687//1383 1066//1383 688//1383
f  688//1384 1066//1384 1067//1384
f  688//1385 1067//1385 676//1385
f  676//1386 1067//1386 1068//1386
f  676//1387 1068//1387 689//1387
f  689//1388 1068//1388 1069//1388
f  689//1389 1069//1389 690//1389
f  690//1390 1069//1390 1070//1390
f  690//1390 1070//1390 691//1390
f  691//1391 1070//1391 1071//1391
f  691//1392 1071//1392 692//1392
f  692//1393 1071//1393 1072//1393
f  692//1394 1072//1394 693//1394
f  693//1395 1072//1395 1073//1395
f  693//1396 1073//1396 694//1396
f  694//1397 1073//1397 1074//1397
f  694//1398 1074//1398 695//1398
f  695//1399 1074//1399 1075//1399
f  695//1400 1075//1400 1055//1400
f  1055//1401 1075//1401 1076//1401
f  1055//1402 1076//1402 1056//1402
f  1056//1403 1076//1403 1077//1403
f  1056//1404 1077//1404 1057//1404
f  1057//1405 1077//1405 1078//1405
f  1057//1406 1078//1406 1058//1406
f  654//1407 1079//1407 1059//1407
f  1059//1408 1079//1408 1080//1408
f  1059//1409 1080//1409 1060//1409
f  1060//1410 1080//1410 1081//1410
f  1060//1411 1081//1411 1061//1411
f  1061//1412 1081//1412 1082//1412
f  1061//1413 1082//1413 1062//1413
f  1062//1414 1082//1414 1083//1414
f  1062//1415 1083//1415 1063//1415
f  1063//1416 1083//1416 1084//1416
f  1063//1417 1084//1417 1064//1417
f  1064//1418 1084//1418 1085//1418
f  1064//1419 1085//1419 1065//1419
f  1065//1420 1085//1420 1086//1420
f  1065//1421 1086//1421 1066//1421
f  1066//1422 1086//1422 1087//1422
f  1066//1423 1087//1423 1067//1423
f  1067//1424 1087//1424 1088//1424
f  1067//1425 1088//1425 1068//1425
f  1068//1426 1088//1426 1089//1426
f  1068//1427 1089//1427 1069//1427
f  1069//1428 1089//1428 1090//1428
f  1069//1428 1090//1428 1070//1428
f  1070//1429 1090//1429 1091//1429
f  1070//1430 1091//1430 1071//1430
f  1071//1431 1091//1431 1092//1431
f  1071//1432 1092//1432 1072//1432
f  1072//1433 1092//1433 1093//1433
f  1072//1434 1093//1434 1073//1434
f  1073//1435 1093//1435 1094//1435
f  1073//1436 1094//1436 1074//1436
f  1074//1437 1094//1437 1095//1437
f  1074//1438 1095//1438 1075//1438
f  1075//1439 1095//1439 1096//1439
f  1075//1440 1096//1440 1076//1440
f  1076//1441 1096//1441 1097//1441
f  1076//1442 1097//1442 1077//1442
f  1077//1443 1097//1443 1098//1443
f  1077//1444 1098//1444 1078//1444
f  654//1445 872//1445 1079//1445
f  1079//1446 872//1446 874//1446
f  1079//1447 874//1447 1080//1447
f  1080//1448 874//1448 876//1448
f  1080//1449 876//1449 1081//1449
f  1081//1450 876//1450 878//1450
f  1081//1451 878//1451 1082//1451
f  1082//1452 878//1452 880//1452
f  1082//1453 880//1453 1083//1453
f  1083//1454 880//1454 882//1454
f  1083//1455 882//1455 1084//1455
f  1084//1456 882//1456 884//1456
f  1084//1457 884//1457 1085//1457
f  1085//1458 884//1458 886//1458
f  1085//1459 886//1459 1086//1459
f  1086//1460 886//1460 888//1460
f  1086//1461 888//1461 1087//1461
f  1087//1462 888//1462 890//1462
f  1087//1463 890//1463 1088//1463
f  1088//1464 890//1464 892//1464
f  1088//1465 892//1465 1089//1465
f  1089//1466 892//1466 894//1466
f  1089//1466 894//1466 1090//1466
f  1090//1467 894//1467 896//1467
f  1090//1468 896//1468 1091//1468
f  1091//1469 896//1469 898//1469
f  1091//1470 898//1470 1092//1470
f  1092//1471 898//1471 900//1471
f  1092//1472 900//1472 1093//1472
f  1093//1473 900//1473 902//1473
f  1093//1474 902//1474 1094//1474
f  1094//1475 902//1475 904//1475
f  1094//1476 904//1476 1095//1476
f  1095//1477 904//1477 1009//1477
f  1095//1478 1009//1478 1096//1478
f  1096//1479 1009//1479 1023//1479
f  1096//1480 1023//1480 1097//1480
f  1097//1481 1023//1481 1038//1481
f  1097//1482 1038//1482 1098//1482
f  478//1483 665//1483 751//1483
f  751//1484 665//1484 831//1484
f  751//1485 831//1485 763//1485
f  763//1486 831//1486 854//1486
f  763//698 854//698 653//698
f  653//1487 854//1487 905//1487
f  653//1488 905//1488 651//1488
f  651//1489 905//1489 871//1489
f  651//1490 871//1490 654//1490
f  1098//1491 1099//1491 1078//1491
f  1078//1492 1099//1492 1100//1492
f  1078//1493 1100//1493 1058//1493
f  1058//1494 1100//1494 1101//1494
f  1058//1495 1101//1495 1054//1495
f  1054//1495 1101//1495 1102//1495
f  1054//1496 1102//1496 1050//1496
f  1050//1497 1102//1497 1103//1497
f  1050//1498 1103//1498 699//1498
f  699//1499 1103//1499 1104//1499
f  699//1500 1104//1500 700//1500
f  700//1500 1104//1500 1105//1500
f  700//1501 1105//1501 701//1501
f  701//1502 1105//1502 1106//1502
f  701//1503 1106//1503 702//1503
f  702//1504 1106//1504 1107//1504
f  702//1505 1107//1505 703//1505
f  703//1506 1107//1506 1108//1506
f  703//1507 1108//1507 704//1507
f  704//1508 1108//1508 1109//1508
f  704//1509 1109//1509 705//1509
f  705//1509 1109//1509 1110//1509
f  705//1510 1110//1510 706//1510
f  706//1511 1110//1511 1111//1511
f  706//1512 1111//1512 709//1512
f  709//1513 1111//1513 1112//1513
f  709//1514 1112//1514 708//1514
f  708//1515 1112//1515 1113//1515
f  708//1516 1113//1516 707//1516
f  707//1517 1113//1517 1114//1517
f  707//1518 1114//1518 710//1518
f  710//1519 1114//1519 1115//1519
f  710//1520 1115//1520 1039//1520
f  1039//1521 1115//1521 1116//1521
f  1039//1522 1116//1522 1040//1522
f  1040//1523 1116//1523 1117//1523
f  1040//1524 1117//1524 1041//1524
f  1041//1524 1117//1524 1118//1524
f  1041//1525 1118//1525 1042//1525
f  1042//1526 1118//1526 1119//1526
f  1042//1527 1119//1527 1043//1527
f  1043//1528 1119//1528 1120//1528
f  1043//1529 1120//1529 1044//1529
f  1044//1530 1120//1530 1121//1530
f  1044//1531 1121//1531 1045//1531
f  1045//1532 1121//1532 1122//1532
f  1045//1533 1122//1533 1046//1533
f  1046//1534 1122//1534 1123//1534
f  1046//1535 1123//1535 1047//1535
f  1047//1536 1123//1536 1124//1536
f  1047//1537 1124//1537 1048//1537
f  1048//1538 1124//1538 1125//1538
f  1048//1539 1125//1539 1049//1539
f  1049//1540 1125//1540 1126//1540
f  1049//1541 1126//1541 729//1541
f  729//1542 1126//1542 1127//1542
f  729//1543 1127//1543 730//1543
f  730//1544 1127//1544 1128//1544
f  730//1545 1128//1545 731//1545
f  731//1546 1128//1546 1129//1546
f  731//1547 1129//1547 732//1547
f  732//1548 1129//1548 1130//1548
f  732//1549 1130//1549 733//1549
f  733//1550 1130//1550 1131//1550
f  733//1551 1131//1551 734//1551
f  734//1552 1131//1552 1132//1552
f  734//1553 1132//1553 735//1553
f  735//1553 1132//1553 1133//1553
f  735//1554 1133//1554 736//1554
f  736//1555 1133//1555 1134//1555
f  736//1556 1134//1556 739//1556
f  739//1557 1134//1557 1135//1557
f  739//1558 1135//1558 738//1558
f  738//1559 1135//1559 1136//1559
f  738//1560 1136//1560 737//1560
f  737//1561 1136//1561 1137//1561
f  737//1562 1137//1562 740//1562
f  740//1563 1137//1563 1138//1563
f  740//1564 1138//1564 1033//1564
f  1033//1565 1138//1565 1139//1565
f  1033//1566 1139//1566 1034//1566
f  1034//1567 1139//1567 1140//1567
f  1034//1568 1140//1568 1035//1568
f  1035//1568 1140//1568 1141//1568
f  1035//1569 1141//1569 1036//1569
f  1036//1570 1141//1570 1142//1570
f  1036//1571 1142//1571 1037//1571
f  1037//1572 1142//1572 1143//1572
f  1037//1573 1143//1573 1038//1573
f  1038//1574 1143//1574 1144//1574
f  1038//1575 1144//1575 1098//1575
f  1098//1576 1144//1576 1099//1576
f  1099//1577 596//1577 1100//1577
f  1100//1578 596//1578 595//1578
f  1100//1579 595//1579 1101//1579
f  1101//1580 595//1580 598//1580
f  1101//1581 598//1581 1102//1581
f  1102//1582 598//1582 599//1582
f  1102//1583 599//1583 1103//1583
f  1103//1584 599//1584 600//1584
f  1103//1585 600//1585 1104//1585
f  1104//1586 600//1586 601//1586
f  1104//1587 601//1587 1105//1587
f  1105//1587 601//1587 602//1587
f  1105//1588 602//1588 1106//1588
f  1106//1589 602//1589 603//1589
f  1106//1590 603//1590 1107//1590
f  1107//1591 603//1591 604//1591
f  1107//1592 604//1592 1108//1592
f  1108//1593 604//1593 605//1593
f  1108//1594 605//1594 1109//1594
f  1109//1595 605//1595 606//1595
f  1109//1596 606//1596 1110//1596
f  1110//1596 606//1596 607//1596
f  1110//1597 607//1597 1111//1597
f  1111//1598 607//1598 608//1598
f  1111//1599 608//1599 1112//1599
f  1112//1600 608//1600 609//1600
f  1112//1601 609//1601 1113//1601
f  1113//1602 609//1602 610//1602
f  1113//1603 610//1603 1114//1603
f  1114//1604 610//1604 611//1604
f  1114//1605 611//1605 1115//1605
f  1115//1605 611//1605 612//1605
f  1115//1606 612//1606 1116//1606
f  1116//1607 612//1607 613//1607
f  1116//1608 613//1608 1117//1608
f  1117//1609 613//1609 614//1609
f  1117//1610 614//1610 1118//1610
f  1118//1611 614//1611 615//1611
f  1118//1612 615//1612 1119//1612
f  1119//1613 615//1613 616//1613
f  1119//1614 616//1614 1120//1614
f  1120//1615 616//1615 617//1615
f  1120//1616 617//1616 1121//1616
f  1121//1617 617//1617 618//1617
f  1121//1618 618//1618 1122//1618
f  1122//1619 618//1619 619//1619
f  1122//1620 619//1620 1123//1620
f  1123//1621 619//1621 620//1621
f  1123//1622 620//1622 1124//1622
f  1124//1623 620//1623 621//1623
f  1124//1624 621//1624 1125//1624
f  1125//1625 621//1625 622//1625
f  1125//1626 622//1626 1126//1626
f  1126//1627 622//1627 623//1627
f  1126//1628 623//1628 1127//1628
f  1127//1629 623//1629 624//1629
f  1127//1630 624//1630 1128//1630
f  1128//1630 624//1630 625//1630
f  1128//1631 625//1631 1129//1631
f  1129//1632 625//1632 626//1632
f  1129//1633 626//1633 1130//1633
f  1130//1634 626//1634 627//1634
f  1130//1635 627//1635 1131//1635
f  1131//1636 627//1636 628//1636
f  1131//1637 628//1637 1132//1637
f  1132//1638 628//1638 629//1638
f  1132//1639 629//1639 1133//1639
f  1133//1639 629//1639 630//1639
f  1133//1640 630//1640 1134//1640
f  1134//1641 630//1641 631//1641
f  1134//1642 631//1642 1135//1642
f  1135//1643 631//1643 632//1643
f  1135//1644 632//1644 1136//1644
f  1136//1645 632//1645 633//1645
f  1136//1646 633//1646 1137//1646
f  1137//1647 633//1647 634//1647
f  1137//1648 634//1648 1138//1648
f  1138//1648 634//1648 635//1648
f  1138//1649 635//1649 1139//1649
f  1139//1649 635//1649 636//1649
f  1139//1650 636//1650 1140//1650
f  1140//1651 636//1651 637//1651
f  1140//1652 637//1652 1141//1652
f  1141//1653 637//1653 638//1653
f  1141//1654 638//1654 1142//1654
f  1142//1655 638//1655 639//1655
f  1142//1656 639//1656 1143//1656
f  1143//1657 639//1657 640//1657
f  1143//1658 640//1658 1144//1658
f  1144//1659 640//1659 641//1659
f  1144//1660 641//1660 1099//1660
f  1099//1661 641//1661 596//1661

