# File produced by Open Asset Import Library (http://www.assimp.sf.net)
# (assimp v5.2.0)

mtllib waist_support_link.mtl

# 1504 vertex positions
v  0.0354337841 -0.0263812859 0.0125838732
v  0.0354770124 -0.0266248304 0.0125945965
v  0.0356578268 -0.026070388 0.0125701083
v  -0.00210505142 -0.0630785227 0.0431744605
v  0.0320810862 -0.0630783737 0.0431730375
v  0.0320846513 -0.0613682009 0.037551403
v  0.0328635499 -0.0354012884 0.0132309655
v  0.034360528 -0.02998841 0.0127650527
v  0.0327210575 -0.029757591 0.0127514219
v  0.0352684744 -0.0272399504 0.012620599
v  0.034545999 -0.0275610406 0.012637143
v  0.0336223133 -0.0287082512 0.0126937004
v  0.0320851021 -0.0424653031 0.0145972399
v  0.032195989 -0.0393056311 0.0138381021
v  0.0209287181 -0.0392336883 0.0138240075
v  0.0316681638 -0.0309054274 0.0128230834
v  0.0273324605 -0.0349088646 0.0131737636
v  0.0245994441 -0.0369523801 0.013436907
v  0.0320829228 -0.0483779646 0.0170914289
v  0.0320849568 -0.046252016 0.0159839261
v  0.00656046718 -0.044283811 0.0151850125
v  0.0320850573 -0.0455372073 0.0156716406
v  0.0138995759 -0.0423921384 0.0145761678
v  0.0149955545 -0.0419926383 0.0144643588
v  -0.00638770731 -0.044588659 0.0152967209
v  -0.00964973867 -0.0440703668 0.0151091991
v  -0.0362940617 -0.0485481061 0.0171968304
v  0.00446343469 -0.0445887484 0.0152967488
v  0.000930529612 -0.0448771752 0.0154062649
v  -0.00330191432 -0.044856105 0.0153981326
v  -0.0362916067 -0.0561262704 0.025042668
v  0.0320838802 -0.0565554239 0.0257783085
v  -0.036291115 -0.0539279021 0.0218966566
v  0.0320827998 -0.0543792285 0.0224691778
v  -0.0362910628 -0.0531389453 0.0209818408
v  0.0320820957 -0.0531387366 0.0209820569
v  -0.0362921096 -0.0515399314 0.0194010846
v  0.0320814289 -0.052027259 0.0198456869
v  0.032081902 -0.0491806306 0.0175917782
v  -0.0362926014 -0.0568529107 0.0263140798
v  -0.0362943783 -0.0581394173 0.0289014801
v  0.0320846625 -0.0587796606 0.0303607844
v  -0.0362951159 -0.0601341762 0.0338687636
v  -0.0362941958 -0.060832683 0.035898082
v  -0.0362939686 -0.0609926023 0.0363829471
v  -0.0362932272 -0.0629412532 0.042713508
v  -0.0362912752 -0.0630785823 0.0431728736
v  -0.016919231 -0.0419926383 0.0144643588
v  -0.0362949334 -0.0423930921 0.0145731932
v  -0.0158232525 -0.0423921384 0.0145761678
v  -0.0362950042 -0.0453368761 0.0155874817
v  -0.0362946764 -0.0469237305 0.0163042359
v  -0.0228620321 -0.0392283238 0.0138229607
v  -0.0265231244 -0.0369523801 0.013436907
v  -0.0362944789 -0.0413407721 0.0142905349
v  -0.0363117233 -0.0370298363 0.0134490477
v  -0.0292561371 -0.0349088646 0.0131737636
v  -0.0335731395 -0.0309250969 0.0128244022
v  -0.03681463 -0.0320611633 0.012907193
v  -0.0346447267 -0.029757591 0.0127514219
v  -0.0372478813 -0.0294576008 0.0127336336
v  -0.0355332457 -0.0287235398 0.0126944957
v  -0.0378543325 -0.0256840903 0.0125537952
v  -0.0346444957 0.0299238991 0.0127513772
v  -0.0363909788 0.0358082168 0.0132601941
v  -0.037248116 0.0295079928 0.0127271926
v  -0.0369884595 0.0270474833 0.0126059679
v  -0.0251855887 0.038006749 0.0135744279
v  -0.0197437536 0.0409760438 0.0141630741
v  -0.0362948775 0.0442224108 0.0151011581
v  -0.0265242867 0.0371176116 0.0134366369
v  -0.0330599509 0.0316220634 0.012861154
v  -0.0285857804 0.0356064998 0.0132355513
v  -0.0362883508 0.040101286 0.0139666004
v  -0.0362938717 0.0415851437 0.0143101877
v  -0.00751335686 0.0446035527 0.0152404411
v  -0.0362945125 0.0470784716 0.016298091
v  -0.0139540434 0.0431666933 0.0147568369
v  -0.0169197209 0.0421584956 0.0144640217
v  -0.00638656784 0.0447548442 0.0152963838
v  -0.0362938084 0.0494385771 0.0176558066
v  -0.0362941958 0.0478181504 0.0166819561
v  0.032085117 0.0431675129 0.0147539908
v  0.0320852026 0.0446780883 0.0152661176
v  0.0120303668 0.0431666933 0.0147568369
v  0.0047881729 0.0447141491 0.015281233
v  -0.00257285358 0.0450541638 0.0154100982
v  0.00446247682 0.0447549038 0.0152964024
v  0.0320839509 0.049438443 0.0176559035
v  0.0320846327 0.0479840152 0.0167735331
v  0.0320808366 0.0537349693 0.0214664713
v  -0.0362912342 0.0541401021 0.0219521187
v  -0.0362911522 0.0533112995 0.020987682
v  0.0320820957 0.051045429 0.0188380815
v  -0.0362931564 0.0506742559 0.0185434036
v  -0.0362920463 0.051821541 0.0195035115
v  -0.0362913646 0.0555443875 0.0238607302
v  0.0320813358 0.055952426 0.0244904459
v  -0.0362933651 0.0575089566 0.0272445865
v  0.0320812091 0.0632338226 0.0431358591
v  0.0320810862 0.0632453412 0.0431730375
v  -0.0320180729 0.0632453561 0.0431735963
v  0.0320799351 0.0610395335 0.0360191017
v  0.0320843309 0.0577055328 0.0276376866
v  0.0320846401 0.0582684688 0.0288186632
v  -0.0362948366 0.0594343953 0.0315602422
v  0.0320780762 0.0603623353 0.0340399519
v  -0.0362940691 0.0611223541 0.0362688862
v  0.0320778117 0.0604558252 0.0343048982
v  -0.0362940282 0.0611574315 0.0363758095
v  -0.0362921618 0.0618456863 0.0385368541
v  -0.0362912379 0.0632454604 0.0431728549
v  0.0149956588 0.0421586446 0.0144640626
v  0.0159535222 0.0417827778 0.0143636866
v  0.032095857 0.0408726297 0.0141361887
v  0.0215252787 0.0390616022 0.0137592284
v  0.0246000383 0.0371180139 0.0134366946
v  0.0324865803 0.0374218635 0.0134833949
v  0.0266621038 0.0356064998 0.0132355513
v  0.0334241837 0.0333215259 0.0129983136
v  0.031165028 0.0315927677 0.0128590586
v  0.0327208303 0.0299238991 0.0127513753
v  0.0352685079 0.0274068099 0.0126205841
v  0.0356583185 0.0262357276 0.0125700505
v  0.035542585 0.0265927892 0.0125858216
v  0.0353782475 0.0266187768 0.0125869988
v  0.0350647867 0.0270474833 0.0126059679
v  -0.0378242284 0.0258931797 0.0125555219
v  -0.0375796817 0.026238976 0.0125704082
v  -0.0377778932 0.0262218099 0.0125696668
v  -0.0372921117 0.0266369563 0.0125877624
v  -0.0377207957 0.0266020875 0.0125862295
v  -0.0376466699 0.0271059852 0.0126085924
v  -0.0391720161 -0.0292232055 0.012785227
v  -0.0421668664 -0.0287120957 0.013186737
v  -0.0404504277 -0.0214959402 0.0124594932
v  -0.040807426 -0.0208293814 0.0124597372
v  -0.0434252433 -0.0284364242 0.0135274129
v  -0.04256377 -0.017071547 0.0125286924
v  -0.0441680066 -0.028254332 0.0137902284
v  -0.0442321561 -0.0146958856 0.0128358351
v  -0.0448734723 -0.0280666966 0.0140885031
v  -0.0470725521 -0.0146872727 0.014297328
v  -0.0499644317 -0.0261433441 0.0183292534
v  -0.0495525226 -0.0263505597 0.017796969
v  -0.0495028347 -0.0146999685 0.0167411789
v  -0.0489671901 -0.0266238768 0.0171137694
v  -0.0471450128 -0.0273516197 0.0154443597
v  -0.0507114381 -0.025728764 0.0194244497
v  -0.051423233 -0.0147204129 0.019929383
v  -0.0522538647 -0.0246162135 0.0224881507
v  -0.0527844578 -0.0147450594 0.0235382244
v  -0.0533463433 -0.0233671684 0.0260201991
v  -0.0541573055 -0.0198626835 0.0312113427
v  -0.0541731268 -0.0215290803 0.0312668756
v  -0.054170616 0.0214357059 0.0312576443
v  -0.0541508794 0.0192996245 0.0311895981
v  -0.0534709506 0.0230792742 0.0266322419
v  -0.052753415 0.0148908468 0.0234816782
v  -0.0524446592 0.0243448 0.0230871029
v  -0.0513883196 0.0148676308 0.0199208483
v  -0.0513811409 0.0252064746 0.0207155012
v  -0.0510402769 0.0254339855 0.0201014094
v  -0.0494810753 0.0148475738 0.0167750306
v  -0.0499290451 0.0260761958 0.0184136648
v  -0.0490869693 0.0264893752 0.0173766762
v  -0.0470829941 0.0148289176 0.014347584
v  -0.0469249226 0.0273636859 0.0153880669
v  -0.0449077412 0.028011946 0.0141738383
v  -0.0442886241 0.01482102 0.012870877
v  -0.0441208743 0.0282305162 0.0138283456
v  -0.0413549282 0.0199172776 0.0124767656
v  -0.0408073254 0.0209956151 0.0124666197
v  -0.0423635133 0.0286585372 0.0132625652
v  -0.0389647894 0.0241823178 0.0124981618
v  -0.0395213664 0.0291960072 0.0128079606
v  -0.0457771793 -0.00398943061 0.0131139765
v  -0.0459618382 8.28778502e-05 0.0131811341
v  -0.0469922051 5.33139428e-05 0.01381741
v  -0.0459570512 0.00073936343 0.0131798266
v  -0.0432931073 0.0284420233 0.0135292625
v  -0.0432796292 0.0153867574 0.0126086557
v  -0.0447099209 0.0106236609 0.0128367888
v  -0.0456080586 0.00571462279 0.0130661232
v  -0.0450721681 -0.00882083457 0.012908238
v  -0.0446542464 -0.0106860725 0.0128126526
v  -0.0438252911 -0.0136182336 0.0126666641
v  -0.0540467612 8.30268618e-05 0.0309018046
v  -0.0527440496 7.20894095e-05 0.0231915787
v  -0.0513501801 6.55627009e-05 0.01943193
v  -0.0493911766 5.97512444e-05 0.0161853861
v  0.0426020846 0.0206994396 0.0130774854
v  0.0427989289 0.0138441296 0.0126152663
v  0.0455623381 0.0138856145 0.0138699757
v  0.0443840511 -0.0270718057 0.0149240857
v  0.0452060997 -0.0270679612 0.0155460583
v  0.0454411432 -0.0205925126 0.0145808877
v  0.0479063317 -0.0206370074 0.0170269385
v  0.0483477265 -0.0270875413 0.0190673918
v  0.0501426905 -0.0271193106 0.0222241022
v  0.048384767 0.0272549074 0.0191220902
v  0.0476541929 0.0272458475 0.018107146
v  0.0480201431 0.0139201554 0.0161701124
v  0.0389332734 0.0273385029 0.0128552252
v  0.0383361019 0.0220072549 0.0124354688
v  0.0405124426 0.0175439697 0.0123937009
v  0.0388836525 0.0209956151 0.0124175372
v  0.040691372 0.0272988062 0.0132171242
v  0.0418648571 0.0272738915 0.0135964537
v  0.0442538969 0.027239589 0.0148350084
v  0.0454778112 0.0207467955 0.0146003244
v  0.0452167802 0.0272347312 0.0155548146
v  0.0464372896 0.0272364598 0.0166885667
v  0.0517733432 0.0138984593 0.0230438001
v  0.0515311696 0.0273154955 0.025679227
v  0.0500467084 0.0272842329 0.022024449
v  0.0534679033 -0.0223742146 0.0314544253
v  0.0540515818 -0.0106364517 0.031141106
v  0.0517578833 -0.0137635199 0.0230279304
v  0.0542229898 0.00110107416 0.0310527682
v  0.0519262739 7.67087622e-05 0.022475414
v  0.0539435595 0.0137542458 0.031196747
v  0.0538447313 0.0159794968 0.0312482901
v  0.0535150208 0.0218287986 0.0314255022
v  0.052955877 0.0273421984 0.0309253596
v  0.0531532168 0.0273438673 0.0318553224
v  0.0464680307 -0.0270698089 0.0167206656
v  0.0423036702 -0.0270987172 0.013773025
v  0.0425595045 -0.0205439646 0.013066669
v  0.0406914018 -0.0271318275 0.013217126
v  0.0392562933 -0.0204907376 0.0124274315
v  0.0396737196 -0.0271547753 0.0129815442
v  0.0361744203 -0.0272258241 0.0126314247
v  0.04558938 9.85538645e-05 0.0133293839
v  0.0440381654 8.30566569e-05 0.0125881853
v  0.04401071 -0.00148862845 0.0125865368
v  0.0454957858 -0.0137305586 0.0138474135
v  0.0435539037 -0.00650096172 0.012533742
v  0.0427305475 -0.0106861619 0.0124624027
v  0.0427160151 -0.0136854677 0.0126020713
v  0.0425516404 -0.0113876788 0.0124511542
v  0.0409655347 -0.0162600297 0.0123986313
v  0.0420350768 0.0133595141 0.0124197202
v  0.0427305587 0.0108521851 0.012453516
v  0.0432474464 0.00848176796 0.0124921007
v  0.0439047627 0.00354546076 0.0125660086
v  0.0501196869 0.0139253112 0.0193388164
v  0.0480121262 9.18185397e-05 0.0154717742
v  0.0501784012 8.40997382e-05 0.018643789
v  0.0479719415 -0.0137714474 0.0161450561
v  0.0500896461 -0.0137836067 0.0193173848
v  0.0531527661 -0.0271770675 0.031855192
v  0.0516544282 -0.0271515269 0.0260499716
v  0.0388986208 -0.0208010394 0.012417526
v  0.0363545902 -0.0250662286 0.0125307282
v  -0.0431257263 -0.0156397838 0.0110460455
v  -0.0411490574 -0.0201651175 0.0109548895
v  -0.0435253941 -0.0286525507 0.0119958716
v  -0.0372526497 0.0295919906 0.0112291565
v  -0.0378401056 0.0258704703 0.0110532464
v  -0.0399751775 0.0292542856 0.011346302
v  -0.0404470824 0.0216681045 0.0109593691
v  -0.04106424 0.0290882718 0.01148012
v  -0.0425703935 0.0172215085 0.0110152205
v  -0.0438815691 0.0136069329 0.0111344075
v  -0.0447588973 0.0149073573 0.0114489952
v  -0.0408074073 0.020995466 0.0109588178
v  -0.0430484004 0.0287335347 0.0118973413
v  -0.0506729409 0.0149213048 0.0158679932
v  -0.0482827798 0.0273618083 0.0145481145
v  -0.047979448 0.0149210365 0.0131480629
v  -0.045822598 0.0281000715 0.0129625769
v  -0.0446982384 0.0283788424 0.0124526965
v  -0.052436132 0.0254594665 0.0195236281
v  -0.0513764396 0.026063947 0.0178604759
v  -0.0503930822 0.0265367907 0.016601624
v  -0.0527183823 0.0252754968 0.0200385451
v  -0.0527416058 0.0149198147 0.0192756355
v  -0.0538788922 0.0243589859 0.0226426348
v  -0.0541944243 0.0149241062 0.023065988
v  -0.0549416728 0.0230787974 0.0263344906
v  -0.0556444116 0.019475637 0.0310414955
v  -0.0556630455 0.0214266162 0.0311050825
v  -0.0556656122 -0.0215200204 0.0311144739
v  -0.0556465834 -0.0195335168 0.0310478769
v  -0.0549483001 -0.0231591482 0.0263150483
v  -0.0542279519 -0.0147753684 0.0231310204
v  -0.053907793 -0.0244239289 0.0226194188
v  -0.052779682 -0.0147675602 0.0192904435
v  -0.0505011044 -0.0265661199 0.0165957678
v  -0.0514087826 -0.0261304099 0.0177716836
v  -0.0506953932 -0.0147670535 0.0158347096
v  -0.0524932817 -0.0255115349 0.0194967799
v  -0.0528135933 -0.0253003258 0.0200959779
v  -0.0486677326 -0.0272914488 0.0147517798
v  -0.0479601324 -0.0147734908 0.0130907251
v  -0.0480153859 -0.0275112111 0.0142317424
v  -0.0462350734 -0.0280323047 0.0130974399
v  -0.0446847491 -0.0147786764 0.0114080152
v  -0.0447290577 -0.0283992905 0.0124058211
v  -0.0406540446 -0.0291389842 0.0114161791
v  -0.0408073105 -0.0208296198 0.0109527344
v  -0.0387063734 -0.0244190115 0.0110062929
v  -0.0378667787 -0.0256662685 0.0110516967
v  -0.0378367715 -0.0258761663 0.0110607212
v  -0.0372526534 -0.0295424182 0.0112356627
v  -0.0459498279 -0.000956537726 0.0115169091
v  -0.0455553979 -0.0059514069 0.01141378
v  -0.0446542129 -0.0106861917 0.0112337833
v  -0.0446127467 -0.0108530847 0.0112269437
v  -0.0451137051 0.00877856929 0.0113265561
v  -0.0457994565 0.00390240317 0.011479347
v  -0.0478596836 5.42676171e-05 0.0125929797
v  -0.0459618382 8.31162688e-05 0.0115208672
v  -0.0555390455 8.30268618e-05 0.0307498313
v  -0.0541911311 7.2596049e-05 0.0227964781
v  -0.0527083464 6.66355845e-05 0.0187950693
v  -0.0505790636 6.09731396e-05 0.0152713666
v  -0.0446542241 0.0108522149 0.0112440838
v  -0.0375240296 -0.0261506755 0.0110724131
v  -0.0363596193 -0.0277018268 0.0111421635
v  -0.0365397222 -0.0343200602 0.0116020748
v  -0.0346444733 -0.029757889 0.0112489061
v  -0.0324922055 -0.0320236124 0.0113989962
v  -0.0362952389 -0.0386469103 0.0121900486
v  -0.0292431731 -0.0349193551 0.0116657065
v  -0.0362947993 -0.0415456034 0.0127977533
v  -0.0265236739 -0.0369519927 0.0119214179
v  -0.0139288465 -0.0430082418 0.0131923417
v  -0.00643476797 -0.0445829369 0.0136985229
v  -0.0362947546 -0.0479353704 0.0151340654
v  -0.0169193763 -0.0419925787 0.0129113188
v  -0.0238853954 -0.0386405028 0.0121889235
v  -0.018051507 -0.0415456034 0.0127977533
v  -0.0362947918 -0.0428490676 0.013146094
v  -0.0362947695 -0.0466109253 0.0145003917
v  0.00446319999 -0.0445887782 0.0137005756
v  0.0320850164 -0.0479352213 0.0151343318
v  0.0036249673 -0.0446825959 0.0137337418
v  -0.000685798877 -0.0449161269 0.0138178477
v  0.0320885554 -0.0415440239 0.0127964159
v  0.0320836566 -0.042374853 0.013011436
v  0.0149959978 -0.0419924892 0.012911289
v  0.00999548659 -0.043562565 0.0133601921
v  0.0320848599 -0.0462999977 0.0143636139
v  -0.0362947285 -0.0499162711 0.0162826031
v  0.0320854932 -0.0496180095 0.0160943009
v  -0.0362946726 -0.0528264381 0.0185414031
v  0.0320846066 -0.0526995398 0.0184272192
v  0.0320850201 -0.0551921166 0.021074824
v  -0.0362946093 -0.0552463569 0.0211436786
v  -0.0362945311 -0.0574473478 0.0243293531
v  0.0320849866 -0.0553277172 0.0212443694
v  0.0320844017 -0.0575675704 0.0245303251
v  -0.0362944677 -0.0588596798 0.0269213356
v  0.032084927 -0.058859352 0.0269214995
v  -0.0362944417 -0.0594318546 0.0281176306
v  0.0320843644 -0.0597275235 0.0287731625
v  -0.0362942889 -0.0617663898 0.0339919142
v  0.0320844464 -0.0617875196 0.0340514556
v  -0.0362942368 -0.0623606481 0.0357462727
v  -0.0362942293 -0.0624149181 0.0359112918
v  -0.036293909 -0.0643703043 0.0422556102
v  0.032083232 -0.0645166039 0.0427472293
v  -0.0362938046 -0.0645166039 0.0427475497
v  0.0161278304 -0.0415456034 0.0127977533
v  0.0200644005 -0.0397026278 0.0123875709
v  0.0322479121 -0.039112661 0.0122754583
v  0.0332085118 -0.0291981716 0.0112176193
v  0.0344360322 -0.0277017076 0.0111421598
v  0.0343588777 -0.0300961751 0.0112690823
v  0.0352750234 -0.0273097474 0.0111205848
v  0.0355371833 -0.0262384731 0.0110762184
v  0.0357039049 -0.0260057468 0.0110660298
v  0.0246004611 -0.0369516946 0.0119213732
v  0.0255915597 -0.0362476446 0.011825311
v  0.0329629406 -0.0351354815 0.0116905821
v  0.0305685308 -0.0320236124 0.0113989962
v  0.0327210389 -0.0297576208 0.0112488912
v  -0.0356264897 0.0287772994 0.0111866975
v  0.0357031673 0.0261728149 0.011066054
v  0.033582259 0.0289223175 0.0111941556
v  0.0352750421 0.0274765473 0.0111205848
v  0.0333792269 0.0336424671 0.0115203215
v  0.0327210277 0.0299236756 0.0112488335
v  0.0312652476 0.0314902626 0.0113480473
v  0.0323674269 0.0384101234 0.0121209072
v  0.0263373367 0.0358566754 0.0117549831
v  0.024600137 0.0371179394 0.0119212652
v  0.0321161561 0.0408113562 0.012586032
v  0.0208302513 0.0394543819 0.0123068774
v  0.0320940278 0.0430557542 0.0131575307
v  0.0157060362 0.0418823175 0.0128401676
v  0.0320852473 0.0461195521 0.0142194154
v  0.0320845097 0.0466335975 0.0144369556
v  0.0149956811 0.0421586297 0.0129110599
v  0.0109963473 0.0434650593 0.0132787516
v  0.00674916618 0.0444174372 0.0135838827
v  0.00446369918 0.0447547548 0.0137001975
v  -0.000851635239 0.0450828783 0.0138177359
v  -0.00656601228 0.0447326861 0.0136924526
v  -0.0362947583 0.0462939106 0.0142917717
v  -0.0107903322 0.0439965837 0.0134449238
v  -0.0169190709 0.042158749 0.0129110878
v  -0.0169368125 0.0421520136 0.0129093332
v  -0.0362948179 0.0406205319 0.0125440089
v  -0.0362947732 0.0417437069 0.0128054535
v  -0.0362947658 0.0448817126 0.0137451505
v  -0.0362947471 0.0475941263 0.014879412
v  0.0320827439 0.049943205 0.0161923449
v  -0.0362947397 0.0484624319 0.0153236659
v  -0.036294695 0.0513618402 0.0171787813
v  0.0320836902 0.051938545 0.0176299494
v  -0.0362946801 0.051938545 0.0176299475
v  0.0320845917 0.0528673939 0.0184261519
v  -0.0362946317 0.0537464432 0.0192680396
v  0.0320873335 0.0555860512 0.0213617273
v  -0.036294546 0.0562230013 0.0222099423
v  0.0320879593 0.0563602708 0.0224021599
v  0.0320888869 0.0578258447 0.0246869922
v  -0.0362944603 0.0582113676 0.0253657363
v  -0.0362944342 0.0587719642 0.0264170207
v  0.0320893377 0.0601807348 0.0294288546
v  -0.0362943597 0.0600962453 0.0292323194
v  -0.0362943411 0.0604258142 0.0300109275
v  0.032088019 0.0622628443 0.0349520817
v  -0.0362938046 0.0646835268 0.0427475348
v  0.0320832282 0.0646835864 0.0427472219
v  -0.0362938643 0.0645996779 0.0424651317
v  -0.036294166 0.0626573861 0.0361417979
v  -0.0227539279 0.0394543819 0.0123068774
v  -0.0265238136 0.0371179394 0.0119212652
v  -0.0364265442 0.0355788134 0.0117217666
v  -0.0282591823 0.0358580761 0.0117551526
v  -0.0331889205 0.0314902626 0.0113480473
v  -0.0346446857 0.0299236905 0.0112488354
v  0.0439037792 -0.00339213246 0.0110070957
v  0.0440381654 8.30268546e-05 0.0110166082
v  0.0463756695 9.57524462e-05 0.012050732
v  0.0549607314 -0.022063883 0.0311357304
v  0.0546165258 -0.0273099858 0.0315556005
v  0.0531912073 -0.0273105521 0.0259576403
v  0.0383756645 -0.0217701513 0.0109310159
v  0.0388836525 -0.02082959 0.0109137176
v  0.0393544175 -0.0205848236 0.0109334374
v  0.0366635211 -0.0273097474 0.0111526409
v  0.0390748978 -0.0273132641 0.0113634681
v  0.0419012643 -0.0273122508 0.0120320851
v  0.0430272184 -0.0207009632 0.0116499392
v  0.0463249013 -0.0207850952 0.0133838141
v  0.0430237167 -0.0273095686 0.0124704326
v  0.045551613 -0.0273100752 0.0139371539
v  0.0478447601 -0.0273101646 0.0160243213
v  0.0490739308 -0.0208235104 0.016104484
v  0.0488163084 -0.027309807 0.0171910319
v  0.0498839356 -0.0273100752 0.0187036246
v  0.051407367 -0.013885471 0.0186077021
v  0.0516739339 -0.0273106415 0.0219837278
v  0.0531668514 -0.0138545362 0.0225210972
v  0.0555312932 -0.0103288023 0.0308329985
v  0.054616794 0.0274768155 0.0315555781
v  0.0548550971 0.0238399189 0.0312136821
v  0.0540267602 0.0274790209 0.0289381966
v  0.0526488274 0.0274835508 0.0243651643
v  0.0491043851 0.0209752005 0.0161313564
v  0.0509330854 0.0274810772 0.0204888731
v  0.0514395945 0.0140287252 0.0186334364
v  0.0531834476 0.0139901312 0.0225402527
v  0.055293031 0.0164521318 0.0309568942
v  0.046364978 0.0209418219 0.0134061771
v  0.046750281 0.0274773818 0.0149217611
v  0.0488676578 0.0274766069 0.017257899
v  0.0422764495 0.0274772923 0.0121659162
v  0.0444976091 0.0274766963 0.0132354116
v  0.0452630669 0.0274770241 0.0137308957
v  0.0430740714 0.0208582859 0.011662378
v  0.0394029096 0.0207375269 0.0109359445
v  0.0394463427 0.0274797659 0.0114211896
v  0.0388836823 0.0209955554 0.0109133152
v  0.0363513082 0.0252371412 0.0110294567
v  0.036663603 0.0274764877 0.0111526167
v  0.0427305475 0.0108522149 0.0109187616
v  0.0425544009 0.0115432711 0.0109114936
v  0.0431741364 0.0139397355 0.0111659961
v  0.0409672782 0.0164216142 0.0108820377
v  0.0435558259 0.00665399199 0.0109685762
v  0.0463963784 0.0140074762 0.0126283905
v  0.0440111943 0.00164076441 0.0110122273
v  0.0432438105 -0.0083348779 0.0109556848
v  0.0405453928 -0.0172994453 0.0108845113
v  0.0491752364 0.0140360864 0.0152219916
v  0.0388979614 0.0209683459 0.0109128756
v  0.0556815937 0.00294255977 0.0307560414
v  0.0533353575 7.53676577e-05 0.0219609886
v  0.0514930449 8.16559477e-05 0.0179212783
v  0.049150195 8.86296912e-05 0.0144977299
v  0.0491234772 -0.0138850836 0.0151923755
v  0.0463238657 -0.0138498871 0.0126015795
v  0.0430842116 -0.0137791662 0.0111508807
v  0.0420283303 -0.0132153062 0.0109003326
v  0.0427305512 -0.0106861619 0.0109264469
v  0.0522346944 0.0462402217 0.0470908768
v  0.0524827875 0.0452115946 0.0475296751
v  0.0520206131 0.0474508218 0.0471792668
v  0.052799765 0.0461235158 0.0500850715
v  0.0510328077 0.0512656979 0.0474796556
v  0.0521228276 0.0497348569 0.0503585003
v  0.0510594398 0.0530551337 0.0506383367
v  0.0501905456 0.0533754788 0.0476606898
v  0.0505889207 0.054126557 0.05073433
v  0.0490651391 0.0567671321 0.050983239
v  0.0486039892 0.0561305247 0.0479140505
v  0.0469050817 0.0581692718 0.0481145531
v  0.0473751202 0.0588147454 0.0511888526
v  0.0460052341 0.0590169691 0.0482013263
v  0.0463282615 0.0597960465 0.051291462
v  0.0446034409 0.0601095073 0.0483162142
v  0.0450697057 0.0607722215 0.0513962545
v  0.0423719995 0.0614173524 0.0484584272
v  0.0427389182 0.0621433817 0.0515481196
v  0.039697405 0.0633078218 0.0516814478
v  0.0356013477 0.0632004738 0.0486633815
v  0.0388421677 0.0626854599 0.0486018918
v  0.0395007655 0.0625117719 0.04858182
v  0.0320725515 0.0642409325 0.0517910235
v  0.0320845619 0.0633170158 0.0486811027
v  0.0335014425 0.0642128587 0.0517877676
v  0.0374214686 0.0638302267 0.0517425276
v  -0.00745753618 0.0633255243 0.0487106219
v  -0.0362930149 0.0642416477 0.0517938696
v  -0.0362937599 0.0633170903 0.0486813672
v  -0.0372161455 0.0633109212 0.0486792549
v  -0.0409115292 0.0630310774 0.0486425497
v  -0.0397021174 0.0641086549 0.051775407
v  -0.0428508446 0.0635785311 0.051713001
v  -0.0429040492 0.0626013428 0.0485919006
v  -0.0437261946 0.0633313358 0.0516841747
v  -0.0456300788 0.0615498833 0.0484725498
v  -0.0463618189 0.0622411929 0.0515591688
v  -0.0467283987 0.0609370582 0.0484048463
v  -0.0497091673 0.058511164 0.0481481329
v  -0.0515311137 0.057588812 0.0510643907
v  -0.0510939807 0.05681495 0.0479787625
v  -0.0521403514 0.0566060804 0.0509675406
v  -0.0517786071 0.0557453595 0.04787606
v  -0.0475530326 0.0603899471 0.0483454056
v  -0.0481257997 0.0611385517 0.0514362864
v  -0.0495616682 0.0586648993 0.0481638871
v  -0.0499508642 0.0595449917 0.0512649529
v  -0.0502197705 0.0592582338 0.0512348898
v  -0.0525259376 0.0542907082 0.047741279
v  -0.0529469214 0.0549777858 0.0508126281
v  -0.0528458059 0.0535285138 0.0476728529
v  -0.053575892 0.0532583408 0.0506563298
v  -0.0532634817 0.0523311906 0.0475683101
v  -0.053721983 0.0505503528 0.0474193096
v  -0.0543137975 0.0497733168 0.0503615923
v  -0.0541689917 0.0473343991 0.0471691415
v  -0.0545592085 0.0456045382 0.0500470065
v  -0.0543914326 0.0449509583 0.0482220575
v  -0.0544955023 0.0294860732 0.0491514355
v  -0.0542748086 0.0444939993 0.0469676144
v  -0.0542312898 0.0325722359 0.0462976918
v  -0.0544676185 0.0261701327 0.0490249172
v  -0.0541200824 0.0192660671 0.0458372906
v  -0.0543121248 8.29970595e-05 0.0485879071
v  -0.0540233962 8.29672572e-05 0.0456117839
v  -0.0543620288 0.0131306322 0.0486911274
v  -0.054449264 0.0240353327 0.0489528812
v  -0.0540733412 -0.0129606752 0.0457137264
v  -0.0543948896 -0.0447951593 0.0482590534
v  -0.054566253 -0.0422867574 0.0498316251
v  -0.0544479713 -0.045001898 0.0488355085
v  -0.0545591675 -0.0454368927 0.0500468202
v  -0.0543455482 -0.0103644757 0.0486532822
v  -0.0544110611 -0.0193745513 0.048824098
v  -0.0541812442 -0.0262697656 0.0460509211
v  -0.0545199774 -0.0324099995 0.0492859632
v  -0.0542747676 -0.0443305708 0.0469677709
v  -0.0543914363 -0.0447817184 0.0482213683
v  -0.0543855205 -0.0489854552 0.0503119044
v  -0.0539772399 -0.0489255227 0.0473028533
v  -0.0541688763 -0.0471694507 0.0471692011
v  -0.053808324 -0.0522702672 0.0505840443
v  -0.0532326326 -0.0522630848 0.0475767218
v  -0.0524959043 -0.0541902222 0.0477472432
v  -0.0535496175 -0.0531759299 0.050663624
v  -0.0517784506 -0.055578772 0.0478760228
v  -0.0524289198 -0.0559082069 0.0509161018
v  -0.051028017 -0.0567414202 0.0479878113
v  -0.0512468889 -0.0578286089 0.0511051156
v  -0.0496800728 -0.0583749749 0.0481512025
v  -0.0474643968 -0.0614275075 0.0514865778
v  -0.0475050583 -0.0602571703 0.0483489931
v  -0.0493827946 -0.0599351861 0.0513239615
v  -0.0499516726 -0.0593773164 0.0512648039
v  -0.0362936594 -0.0640746951 0.0517936759
v  -0.0362937748 -0.0631501973 0.0486811958
v  -0.0396453552 -0.0639469922 0.0517758392
v  -0.0396313891 -0.0630230904 0.0486619882
v  -0.0401100665 -0.0639001727 0.0517702959
v  -0.0397767201 -0.0630089641 0.0486602001
v  -0.0430815965 -0.0633513033 0.0517057814
v  -0.0430090986 -0.0624046661 0.0485883169
v  -0.0449064299 -0.0627463758 0.0516356938
v  -0.0456785597 -0.061358545 0.0484697148
v  -0.0467280298 -0.0607704259 0.0484047756
v  0.00324724382 -0.0631583035 0.0487093665
v  0.0320702307 -0.0640744269 0.0517910235
v  0.0320835449 -0.0631501377 0.0486811288
v  0.0333513729 -0.0631409883 0.0486783832
v  0.0372199193 -0.062841028 0.0486398414
v  0.0356818214 -0.0639018416 0.0517704897
v  0.039057415 -0.0633144379 0.0517014824
v  0.0395636819 -0.0623268522 0.0485797748
v  0.0403493568 -0.0629405081 0.0516580679
v  0.0424782336 -0.0611981787 0.0484526753
v  0.0432113372 -0.0617371537 0.0515211262
v  0.0447770692 -0.0598201789 0.0483031943
v  0.045477923 -0.0603098013 0.0513641797
v  0.0460720174 -0.0587914623 0.0481952839
v  0.0463954136 -0.0595712103 0.0512852632
v  0.0470551923 -0.0578475334 0.0480989367
v  0.0477111936 -0.058292333 0.0511522405
v  0.048706796 -0.0558159985 0.0478999652
v  0.0494125038 -0.056082163 0.0509328209
v  0.0509584509 -0.0531323589 0.0506597497
v  0.0502125807 -0.053160999 0.0476564616
v  0.0520683043 -0.0497862734 0.0503759198
v  0.0514766835 -0.0496449508 0.0473611578
v  0.0522348434 -0.0460723676 0.0470908247
v  0.0527987406 -0.045954708 0.0500827394
v  0.0524827018 -0.0450455882 0.0475307107
v  0.0539180674 -0.0321523286 0.0462858155
v  0.0543354563 -0.0333215632 0.0493288301
v  0.0553980321 -0.0205762703 0.0488555655
v  0.0532932356 -0.0422926284 0.0498320051
v  0.0524173528 -0.044848118 0.0470047295
v  0.05589059 -0.0103665618 0.048653312
v  0.0554783233 -0.00539273256 0.0456269756
v  0.0549314842 -0.0194679517 0.0458448827
v  0.0559790954 -0.00715038413 0.0486187637
v  0.0560109764 0.00573584205 0.0486066043
v  0.0554393493 0.00750940805 0.0456420071
v  0.0554781705 0.0194576066 0.048822023
v  0.054935813 0.0195710342 0.0458432175
v  0.0551712029 0.0240397733 0.0489530228
v  0.0539160147 0.0323479734 0.0462869927
v  0.0544748195 0.0321113281 0.0492647178
v  0.0524179079 0.0450151674 0.0470047034
v  0.0530023947 0.0446570478 0.0499792509
v  0.0320835784 -0.0647681653 0.0488606542
v  0.0355879553 -0.0646573603 0.048845157
v  0.0467851013 -0.0602729358 0.0483461134
v  0.0441846661 -0.0620972551 0.048546616
v  0.0426335968 -0.0628984869 0.0486376882
v  0.0415656343 -0.0633485615 0.0486896671
v  0.0383515805 -0.064278245 0.0487990938
v  0.0488539562 -0.0582083203 0.0481305756
v  0.0506727248 -0.0556406714 0.0478788316
v  0.0521259122 -0.0526193418 0.0476045497
v  0.0531479754 -0.0493219234 0.0473306552
v  0.053830564 -0.0457472838 0.0470619127
v  0.0539123788 -0.0451728143 0.0470213406
v  0.0554519519 -0.0321229436 0.0462736227
v  0.0564596243 -0.0194170792 0.0458289385
v  0.0565475821 -0.0178932566 0.0457923189
v  0.0570067614 -0.00499949092 0.0456083976
v  0.056951724 0.00792678911 0.0456298701
v  0.0564431734 0.0198641401 0.0458360501
v  0.0554164872 0.0326562785 0.0462903939
v  0.0539129525 0.0453399085 0.0470214784
v  0.0538305081 0.0459147505 0.0470620841
v  0.0535735376 0.047475379 0.0471759401
v  0.0525827147 0.0514978878 0.0474946313
v  0.0516381077 0.0539466999 0.0477073379
v  0.0500081964 0.0568572544 0.0479797423
v  0.0481093973 0.0591994487 0.0482152812
v  0.0469930209 0.0602616481 0.0483271144
v  0.0457348153 0.061260324 0.0484351814
v  0.0432121605 0.0627880991 0.0486060269
v  0.0402331576 0.063973546 0.0487432741
v  0.0390351005 0.064296037 0.0487813987
v  0.0356851183 0.0648163557 0.0488442443
v  0.0320835784 0.0649350882 0.048860725
v  -0.0074574668 0.0649389178 0.0488741919
v  -0.0362932347 0.0649352074 0.0488608927
v  -0.0386742502 0.0648827106 0.0488528945
v  -0.0422633402 0.0644276291 0.0487972535
v  -0.044617191 0.0637489408 0.0487170182
v  -0.0473421626 0.0624500923 0.0485674888
v  -0.0495742112 0.0608407669 0.0483890139
v  -0.0516573936 0.0586840622 0.0481615663
v  -0.0531495139 0.0564867072 0.0479432568
v  -0.0544267893 0.0536926799 0.0476841331
v  -0.0552680306 0.0505782031 0.047417976
v  -0.0557000823 0.0471007638 0.0471472442
v  -0.0557810664 0.0445604734 0.0469663255
v  -0.0557697006 0.0374312066 0.0465287268
v  -0.0556250922 0.0192178767 0.0458180346
v  -0.0555285551 8.29672572e-05 0.0455912948
v  -0.0556154959 -0.0178771336 0.0457900651
v  -0.0557629503 -0.0360864736 0.04646568
v  -0.0554188155 -0.049541954 0.0473475866
v  -0.0556999631 -0.0469360091 0.0471472479
v  -0.0557810143 -0.0443972982 0.0469664373
v  -0.055153437 -0.0509706475 0.0474639423
v  -0.0553900562 -0.0497228242 0.0473620556
v  -0.0397685878 -0.0646368563 0.0488427132
v  -0.0433026478 -0.0640049875 0.0487666689
v  -0.045627553 -0.0631724298 0.0486691929
v  -0.0461123362 -0.0629471838 0.0486431792
v  -0.0482490472 -0.0616988875 0.0485017039
v  -0.049680803 -0.0605813898 0.0483788811
v  -0.0505492501 -0.059762422 0.0482911654
v  -0.0521425493 -0.0578822233 0.0480970219
v  -0.0537201017 -0.0552266277 0.0478393696
v  -0.0546040647 -0.0530069806 0.0476380512
v  -0.0547359586 -0.0525864102 0.0476012789
v  -0.0362932459 -0.0647683442 0.0488607325
v  0.00324692391 -0.0647718906 0.0488735251
v  0.0530943274 0.0485513769 0.0459718108
v  0.0479918048 0.0571496449 0.0429449603
v  0.0497301444 0.0551506542 0.0435488299
v  0.0501173809 0.0559219979 0.0462689064
v  0.0501354821 0.0545951985 0.0437306315
v  0.0524929315 0.0515446924 0.0471779965
v  0.0518878773 0.051590573 0.0447928868
v  0.045857925 0.0589997433 0.0424893945
v  0.0466832295 0.059557151 0.0456802063
v  0.0430337973 0.0607571416 0.0422213748
v  0.04229239 0.0622106604 0.0454685427
v  0.0418970622 0.0612938814 0.042195674
v  0.0375635251 0.0636248291 0.0456306376
v  0.0365573242 0.0628208071 0.0425365083
v  0.0398499034 0.062055435 0.042245619
v  -0.0553992949 0.0489567481 0.0463664196
v  -0.046625305 0.0608109795 0.0425176136
v  -0.0474111438 0.0614008866 0.0456426702
v  -0.0493771657 0.0600399785 0.0457842797
v  -0.04058237 0.0637901872 0.0457884148
v  -0.0406502485 0.0628203899 0.0426543467
v  -0.0452772975 0.0624811463 0.0455967188
v  -0.0437153764 0.0620651357 0.042463284
v  -0.0490216948 0.0592637919 0.0427994728
v  -0.0511313938 0.0584276728 0.0460157581
v  -0.0513975099 0.057067018 0.0433847532
v  -0.0526299216 0.0565992557 0.0463305265
v  -0.0532235987 0.0546092503 0.0441884696
v  -0.0546851531 0.0526324771 0.0471339934
v  -0.0544350073 0.0521916263 0.0450766608
v  -0.0548533127 0.0392856859 0.0373742059
v  -0.0550125428 0.0405628197 0.038980823
v  -0.0553180426 0.0424566232 0.0420962796
v  -0.0557495542 0.0444341861 0.0466306396
v  -0.0541835241 0.0227993708 0.0313106291
v  -0.0542671494 0.0283887964 0.0318447165
v  -0.05436657 0.0319633 0.0326795205
v  -0.0544857755 0.0346914195 0.0337753594
v  -0.0546471849 0.0371325426 0.0353312567
v  -0.0548691601 8.29970595e-05 0.0389836617
v  -0.0542412363 -0.026904704 0.0316527188
v  -0.0544531606 -0.0338999666 0.0334737338
v  -0.0543331876 -0.0308440644 0.032404352
v  -0.0557605848 -0.0443133451 0.0467436165
v  -0.0553184152 -0.0422937907 0.042111937
v  -0.0550125465 -0.0403944589 0.0389808603
v  -0.0548120178 -0.0387276746 0.0369464308
v  -0.0546197593 -0.036576096 0.0350345708
v  -0.0551947318 0.0439901166 0.0413625799
v  -0.050640922 0.0323156826 0.0203903578
v  -0.0374880694 0.0558961742 0.0244600177
v  -0.0402549058 0.0615798496 0.038498316
v  -0.0440202281 0.0615299605 0.0411274619
v  -0.055005528 0.0493295304 0.0441706963
v  -0.0543716885 0.0503709428 0.0420258604
v  -0.0496909469 0.0574726574 0.0397968628
v  -0.0481670089 0.0581034683 0.0380407199
v  -0.0384406 0.0542162172 0.0222200714
v  -0.0392053165 0.0522538535 0.0201950744
v  -0.0397758 0.0499972664 0.0184175633
v  -0.0401533954 0.0474524312 0.0169088729
v  -0.0403467081 0.0446490608 0.0156774484
v  -0.0400269888 0.0354264639 0.0134759555
v  -0.0439469405 0.034795519 0.0145898508
v  -0.0475704558 0.0337536447 0.0168834683
v  -0.0542545877 0.0346129946 0.0318474583
v  -0.0543987416 0.0405115001 0.0341566578
v  -0.053567186 0.0513842963 0.0399143435
v  -0.0542328805 0.046184402 0.0368001387
v  -0.0514031723 0.0532780252 0.0358223915
v  -0.0500444174 0.0541249774 0.0338692702
v  -0.0499686338 0.0502280556 0.0281907767
v  -0.0493178256 0.0526661687 0.0300198421
v  -0.0513536446 0.0493056737 0.0302302428
v  -0.0525287203 0.048306372 0.0323639885
v  -0.0485186838 0.054875534 0.0320067368
v  -0.0475798212 0.0568552874 0.0341332778
v  -0.0465102419 0.0586135201 0.0363775119
v  -0.0453198478 0.0601652078 0.0387162305
v  -0.0430639759 0.0523417555 0.0219045468
v  -0.0423192866 0.0544413589 0.0239532627
v  -0.0414016768 0.0562547557 0.0262002274
v  -0.0403212495 0.0578023605 0.0286061354
v  -0.0390932187 0.0591114722 0.0311275348
v  -0.0467147417 0.0516644381 0.0245968066
v  -0.0459888652 0.0539353602 0.0265683867
v  -0.0451077633 0.055937212 0.0287198611
v  -0.044082053 0.0576803796 0.0310216136
v  -0.0429227613 0.0591838174 0.0334404074
v  -0.0416421518 0.0604732744 0.0359427668
v  -0.0509941019 0.0386074446 0.0225273333
v  -0.0479246341 0.0401826613 0.0187782682
v  -0.0442781113 0.0412096046 0.0161364824
v  -0.0403710715 0.0416465513 0.0147171905
v  -0.0476651825 0.0463369898 0.0212727413
v  -0.0442326032 0.0443313532 0.0172033943
v  -0.0440191068 0.0472654812 0.0185162276
v  -0.0530809499 0.0426896624 0.0294593647
v  -0.0534854494 0.0472595505 0.0345607921
v  -0.0525791459 0.0523582213 0.0378428809
v  -0.0510626733 0.0567400716 0.041629348
v  -0.052270785 0.0559247695 0.0435256623
v  -0.0507984981 0.0447237454 0.025043346
v  -0.0531284809 0.0366787426 0.0270156823
v  -0.0528090186 0.0305905174 0.0247701295
v  -0.0436307341 0.0499468409 0.0200854205
v  -0.0472758152 0.0491258763 0.0228276439
v  -0.0504636988 0.0475727431 0.0265311971
v  -0.0405806415 -0.0636202395 0.0457774773
v  -0.0544873402 -0.0518932082 0.0451271906
v  -0.0553302057 -0.0491128899 0.0462333933
v  -0.0526284315 -0.0564298965 0.0463194661
v  -0.0531055294 -0.0546336509 0.0441229679
v  -0.051129818 -0.0582582988 0.0460047051
v  -0.0512056053 -0.0571107008 0.0433221608
v  -0.049375508 -0.0598705448 0.0457732268
v  -0.0489669107 -0.0591397621 0.0427898765
v  -0.0474094078 -0.0612313785 0.0456316322
v  -0.0464947559 -0.0607157685 0.0425081179
v  -0.0452754907 -0.0623115338 0.0455857106
v  -0.0435016416 -0.0619674362 0.0424697213
v  -0.0430728011 -0.0620988049 0.0424860455
v  -0.0402221121 -0.0627234876 0.0426952094
v  -0.0546838418 -0.052463118 0.0471228398
v  -0.0549864434 -0.0493008234 0.0442180187
v  -0.0485111475 -0.0591930188 0.0419405922
v  -0.0401046798 -0.0614141859 0.0384369232
v  -0.040520601 -0.0415418483 0.0147251366
v  -0.0551901758 -0.0439632572 0.0413861796
v  -0.054235898 -0.0346289314 0.0317117088
v  -0.0543817617 -0.0405006148 0.0340846963
v  -0.0527917184 -0.030643018 0.0246062428
v  -0.0506670438 -0.0323506631 0.0202617943
v  -0.0476703942 -0.0337570347 0.0168184415
v  -0.0441086963 -0.0347598828 0.0145785501
v  -0.0401783288 -0.0353542306 0.0134866657
v  -0.0404722691 -0.0445264317 0.015680505
v  -0.0398232564 -0.0498434938 0.0184067823
v  -0.0392054841 -0.052088622 0.0201767012
v  -0.0383923538 -0.0540418066 0.0221937485
v  -0.037393108 -0.0557138063 0.0244250782
v  -0.038985949 -0.0589390136 0.0310776159
v  -0.0413768291 -0.0561001934 0.0261630639
v  -0.0409409404 -0.0590656437 0.0321591981
v  -0.0438761264 -0.0614 0.0410855152
v  -0.0420265347 -0.0614746548 0.0397023223
v  -0.045202665 -0.0600466467 0.0386870354
v  -0.0520046353 -0.0508338548 0.0340077877
v  -0.051336918 -0.0492564477 0.0301812962
v  -0.0525034517 -0.0482671894 0.0323253088
v  -0.0520588793 -0.04371861 0.0270957798
v  -0.0530631654 -0.0426768698 0.0293595567
v  -0.040243797 -0.0473129489 0.0169053618
v  -0.0443801731 -0.0442452468 0.0171795189
v  -0.0441430956 -0.047161106 0.0184888765
v  -0.0480233766 -0.0401550271 0.0187022351
v  -0.0444409773 -0.041141931 0.0161166694
v  -0.047744032 -0.0462738909 0.0212058164
v  -0.0508162454 -0.0446932055 0.0249459371
v  -0.0510167778 -0.0386106707 0.0223946162
v  -0.0531086326 -0.0366960801 0.026858747
v  -0.0460008085 -0.0538258292 0.0265261941
v  -0.0468325242 -0.0553893186 0.0302425325
v  -0.0450888276 -0.05581576 0.0286825113
v  -0.0446660034 -0.0588539578 0.0348031446
v  -0.042835895 -0.0590410568 0.0334007181
v  -0.0432676263 -0.0560512282 0.0273210853
v  -0.0423365906 -0.0542962588 0.0239191055
v  -0.0473372154 -0.0490455665 0.0227692053
v  -0.0504742153 -0.047525797 0.0264560729
v  -0.0467537157 -0.0515685715 0.0245471336
v  -0.0499674901 -0.050165955 0.0281363949
v  -0.0493003689 -0.0525904931 0.0299823359
v  -0.0484805219 -0.0547879077 0.0319807231
v  -0.0475172997 -0.056756977 0.0341125466
v  -0.0464208648 -0.0585051812 0.0363556258
v  -0.0437241606 -0.0498262383 0.0200554207
v  -0.0431213044 -0.0522076823 0.0218724869
v  -0.0542109162 -0.0461564101 0.0367911793
v  -0.0539438613 -0.0488233007 0.0383071639
v  -0.0513546951 -0.05321813 0.0358204804
v  -0.0535281934 -0.0513448156 0.0399392135
v  -0.0505534597 -0.055407498 0.0377547443
v  -0.0529490672 -0.0537003018 0.0416875631
v  -0.049603451 -0.0573978759 0.0397990532
v  -0.0521982312 -0.0558778681 0.0435493253
v  0.0427510701 -0.0607306696 0.0422108695
v  0.041896753 -0.0611256398 0.0421953015
v  0.0422946513 -0.0620486178 0.0454865657
v  0.0375654027 -0.0634631217 0.0456486978
v  0.0365022048 -0.0626626313 0.0425435081
v  0.0397921391 -0.0619060732 0.0422487706
v  0.0410065465 -0.0614875592 0.0422028378
v  0.0501199253 -0.0557597317 0.0462868027
v  0.0479153208 -0.0570586659 0.0429231785
v  0.0466854535 -0.0593951084 0.0456981547
v  0.04558146 -0.0590346791 0.0424491875
v  0.0530962572 -0.0483793952 0.0459755287
v  0.0517985635 -0.0516089238 0.0447244383
v  0.0524955131 -0.0513824262 0.0471959747
v  0.0500412174 -0.054560665 0.0436846167
v  0.0497302376 -0.0549830534 0.0435466692
v  0.0529344343 -0.0397496857 0.0377638489
v  0.0531585254 -0.0418788232 0.0404122435
v  0.0537513196 -0.0353601612 0.0391405337
v  0.0534880124 -0.0436585881 0.043492347
v  0.0528251752 -0.0372801162 0.0356078036
v  0.0547724143 -0.0249692518 0.0390236378
v  0.0529222079 -0.031427566 0.0327617116
v  0.0528246053 -0.0345525481 0.0339766704
v  0.0557415411 0.00565325981 0.0389121771
v  0.0557550155 -0.0046784305 0.0389108956
v  0.0553817078 0.0159788113 0.0389530212
v  0.0536590628 0.0363246016 0.0391492806
v  0.053147316 0.0419723205 0.0403050035
v  0.0529299676 0.0398476385 0.0376918539
v  0.05282446 0.0373476557 0.0355358124
v  0.0528257936 0.0346108042 0.0339241661
v  0.0529269353 0.0314820968 0.0327306017
v  0.0534736663 0.0437623821 0.0433654413
v  0.050461404 -0.0363200344 0.0264355615
v  0.0522831604 -0.0343518294 0.0314041041
v  0.0524252765 -0.0282724816 0.0291315541
v  0.0519474968 -0.0404330231 0.0337532759
v  0.0445271544 -0.0325826444 0.0162487123
v  0.0407316014 -0.0332698859 0.014152809
v  0.0366351344 -0.0335639752 0.0132105416
v  0.0438107774 -0.0583385266 0.037574321
v  0.0471502729 -0.0571584739 0.0413341336
v  0.0522998311 -0.0496586896 0.0440107286
v  0.0529481061 -0.0440938808 0.0411009006
v  0.0513632633 -0.0506916381 0.0418071821
v  0.0502675958 -0.0516904332 0.0396156944
v  0.0490056165 -0.0526392497 0.0374522172
v  0.0353013389 -0.0613568164 0.0379484855
v  0.0343358852 -0.0586857535 0.0303341337
v  0.035445407 -0.0488781966 0.0176710337
v  0.0347756036 -0.0512791015 0.0193684176
v  0.0339231603 -0.0533613302 0.0213325694
v  0.0328897014 -0.0551362671 0.0235300511
v  0.0359401777 -0.0461694337 0.016259592
v  0.0362765566 -0.0431932546 0.0151369246
v  0.0364800431 -0.0400268175 0.0142874336
v  0.0479062758 -0.0314773954 0.0196719132
v  0.0502803586 -0.0473626293 0.0341178961
v  0.0513279736 -0.0462973453 0.0364392437
v  0.0490520559 -0.0483811237 0.0318312906
v  0.0476402417 -0.0493270494 0.0296106748
v  0.0460020006 -0.0542976595 0.0332973562
v  0.0475795567 -0.0535167791 0.0353376679
v  0.0455397181 -0.0578087009 0.0394116715
v  0.0432084687 -0.0569647588 0.0335356854
v  0.0419920571 -0.0587275065 0.0358423144
v  0.0406567268 -0.060258273 0.0382523201
v  0.0392140076 -0.0615783371 0.0407368653
v  0.0406581014 -0.0557566918 0.0279610381
v  0.0442969203 -0.0549541451 0.0313604139
v  0.0416702293 -0.053704951 0.0257813931
v  0.045249477 -0.0526875891 0.0293411165
v  0.0425316356 -0.0513529517 0.0238042511
v  0.0460585319 -0.0501669087 0.02749639
v  0.043236021 -0.0487016775 0.02205275
v  0.0395037383 -0.057521347 0.0303090177
v  0.0382172018 -0.0590216853 0.0327845365
v  0.0368109755 -0.0602879263 0.0353446044
v  0.0505757295 -0.0300030131 0.0241231434
v  0.0478040613 -0.0380387045 0.0218537822
v  0.0444048643 -0.0392942466 0.0181259662
v  0.0425231121 -0.0396972634 0.0167028476
v  0.0418988951 -0.0461575128 0.0190240033
v  0.0405643582 -0.0399474241 0.015596739
v  0.0403300077 -0.0432381965 0.0165811479
v  0.039956212 -0.0463430025 0.0178118497
v  0.0356708467 -0.0573591925 0.0277871415
v  0.0368582308 -0.0557733811 0.0253628939
v  0.0378838778 -0.0538952388 0.0231142119
v  0.0387410596 -0.0517001785 0.0210864991
v  0.0394299179 -0.0491783954 0.019313138
v  0.0499883667 -0.0425567664 0.0289081186
v  0.0472253114 -0.044432316 0.0243569277
v  0.0437805988 -0.0457718708 0.0205346122
v  0.0467179865 -0.0474059321 0.0258358493
v  0.0445271395 0.0327495001 0.0162486788
v  0.0479062647 0.0316442512 0.0196718685
v  0.0478040576 0.0382055752 0.0218537375
v  0.0519474931 0.0405999087 0.0337532349
v  0.0529481061 0.0442607813 0.0411008634
v  0.0522998311 0.049825605 0.0440106951
v  0.0513279736 0.0464642458 0.0364392027
v  0.0522831604 0.0345187001 0.0314040594
v  0.0366351232 0.0337308161 0.0132105285
v  0.0364800356 0.0401936881 0.0142874131
v  0.0362765491 0.0433601253 0.0151368985
v  0.035940174 0.0463363193 0.0162595622
v  0.035445407 0.0490450822 0.0176710002
v  0.0328897014 0.0553031676 0.0235300176
v  0.0339231603 0.0535282455 0.0213325322
v  0.0347756036 0.051446002 0.0193683803
v  0.0343358815 0.0588526689 0.0303341076
v  0.0368582308 0.0559403114 0.0253628567
v  0.0372730754 0.0616973303 0.0392894335
v  0.0392140001 0.0617452674 0.0407368429
v  0.0466311537 0.0559395961 0.0373085849
v  0.0455397144 0.0579756163 0.0394116417
v  0.0443082005 0.0597926639 0.0416319817
v  0.0407315865 0.0334367268 0.0141527867
v  0.0444048569 0.0394611023 0.0181259289
v  0.0441674441 0.0427769236 0.0192377269
v  0.0472253077 0.0445992015 0.024356883
v  0.0437805988 0.0459387563 0.0205345713
v  0.043236021 0.048868563 0.022052709
v  0.0467179865 0.0475728028 0.0258358046
v  0.0425316356 0.051519867 0.0238042101
v  0.0405643508 0.0401142947 0.0155967092
v  0.0403300002 0.0434050672 0.0165811144
v  0.0399562083 0.0465098731 0.0178118143
v  0.0394299142 0.049345281 0.019313097
v  0.0387410596 0.0518670641 0.0210864581
v  0.0378838815 0.0540621392 0.0231141709
v  0.0401196592 0.0591251068 0.0342388339
v  0.0425032079 0.0556189679 0.0295671448
v  0.0442969203 0.0551210754 0.0313603766
v  0.045249477 0.0528545044 0.0293410718
v  0.0353013314 0.0615237467 0.0379484668
v  0.0362899676 0.0590918623 0.0314845927
v  0.0382171981 0.0591886155 0.0327845067
v  0.0387762226 0.0560266785 0.0265595354
v  0.0406581014 0.0559236072 0.0279609971
v  0.041670233 0.0538718514 0.0257813521
v  0.0432084687 0.0571316741 0.0335356481
v  0.0419920571 0.0588944368 0.0358422808
v  0.0406567231 0.0604252182 0.0382522941
v  0.0460585319 0.0503338091 0.0274963491
v  0.0508629531 0.049234312 0.0379615091
v  0.0502675958 0.0518573485 0.0396156609
v  0.0495245792 0.0543103777 0.0414034501
v  0.0475795567 0.0536836945 0.0353376307
v  0.0483855829 0.0512147211 0.033509858
v  0.0490520559 0.0485480241 0.0318312459
v  0.0499883667 0.0427236371 0.0289080776
v  0.0504614003 0.0364869051 0.026435513
v  0.050575722 0.0301698726 0.0241230913
v  -0.0546632968 -0.0425474681 0.0293384716
v  -0.0559649207 -0.0401534773 0.0343700498
v  -0.0557979532 -0.0341874994 0.0320356153
v  -0.0430144295 -0.0553606488 0.0230885483
v  -0.0419343449 -0.0573056974 0.0254421905
v  -0.0460700542 -0.0568597056 0.0281578414
v  -0.0521282814 -0.0321005918 0.019725278
v  -0.040885251 -0.0416967608 0.0132620586
v  -0.0406337716 -0.0478585996 0.0155487536
v  -0.0563317426 -0.0510965623 0.0453322344
v  -0.05660519 -0.0491882302 0.0445559509
v  -0.0559620708 -0.0503661968 0.0422945805
v  -0.0557340793 -0.0269215424 0.031504672
v  -0.0558282956 -0.030866297 0.0322599895
v  -0.0559468083 -0.0339159109 0.0333300382
v  -0.0561089888 -0.036576096 0.0348814391
v  -0.0563025959 -0.0387316383 0.0367929488
v  -0.0540980734 -0.0526428856 0.037867967
v  -0.0534430034 -0.0567038395 0.0433445089
v  -0.0551311448 -0.0515233018 0.0400619432
v  -0.0546921007 -0.0548315682 0.0439600796
v  -0.0550134107 -0.0542537011 0.0441610925
v  -0.0524101406 -0.0573793985 0.0416326709
v  -0.050931517 -0.0582387485 0.0396978669
v  -0.0514416136 -0.058931414 0.0427013002
v  -0.0492645018 -0.0607081391 0.0422899984
v  -0.0490588844 -0.0608502068 0.0422625691
v  -0.0492812097 -0.0589871146 0.0378456451
v  -0.046565935 -0.062290702 0.0420526043
v  -0.0393057466 -0.0603157915 0.030546993
v  -0.040184211 -0.0505985655 0.0171509851
v  -0.044855915 -0.0346735753 0.013243082
v  -0.042686034 -0.0350293554 0.0124619147
v  -0.0404486917 -0.035280291 0.011988706
v  -0.0488560311 -0.0336135961 0.015831491
v  -0.0469256379 -0.0342031457 0.0143633829
v  -0.0405280665 -0.0628421307 0.038118124
v  -0.0446426608 -0.0627228022 0.0408639126
v  -0.0420720093 -0.0616940893 0.0355368964
v  -0.0461154245 -0.0612706579 0.038446229
v  -0.0435285047 -0.0603355803 0.0329944156
v  -0.0474782549 -0.0596029796 0.0360944383
v  -0.0448700637 -0.0587325133 0.0305225924
v  -0.0487085581 -0.0577046014 0.0338305384
v  -0.0436310023 -0.0634308159 0.0420417301
v  -0.0404471196 -0.0641383529 0.0422494337
v  -0.0514161475 -0.0546892025 0.0336547531
v  -0.0506973006 -0.0531939007 0.0296595208
v  -0.0497868322 -0.0555679835 0.031678088
v  -0.0471042097 -0.0547028221 0.0259371139
v  -0.0406886712 -0.0589472391 0.0279448926
v  -0.0395132564 -0.0530349053 0.0190471448
v  -0.0386311822 -0.0551479794 0.0212031081
v  -0.041739352 -0.0531705059 0.0198569521
v  -0.04390404 -0.0530960299 0.0209319256
v  -0.0450431928 -0.047641132 0.0173601974
v  -0.0471083894 -0.0472195782 0.0187459216
v  -0.0507896952 -0.0457738377 0.0223862566
v  -0.0497772098 -0.0515150465 0.0257456861
v  -0.0514285676 -0.0505923964 0.0277935117
v  -0.0375567265 -0.0569420494 0.0235718191
v  -0.0459842533 -0.0527930893 0.0222806223
v  -0.0525228605 -0.0384842195 0.021947626
v  -0.0428750627 -0.0478507616 0.0162952039
v  -0.0492932647 -0.0401766039 0.0178235788
v  -0.0473742783 -0.0408005156 0.0161822289
v  -0.0453081578 -0.0412594117 0.0148686627
v  -0.0431340076 -0.0415545143 0.0138979452
v  -0.0528751612 -0.049542848 0.0299830772
v  -0.0540909916 -0.0484098531 0.0322674885
v  -0.0544541441 -0.0455334522 0.0307398923
v  -0.0550700761 -0.0472264029 0.0346124284
v  -0.0573765747 -0.0448161997 0.0479355305
v  -0.0573488139 -0.0447037257 0.0476258509
v  -0.0570979454 -0.0477012135 0.0466998853
v  -0.0568749495 -0.0426316299 0.042614501
v  -0.0567686968 -0.0435875989 0.0418086946
v  -0.0565775335 -0.0409025885 0.0395578519
v  -0.0563795716 -0.0448005833 0.0393956043
v  -0.0558245219 -0.0460174121 0.0369937383
v  -0.0519742481 -0.0477835871 0.0260923095
v  -0.0523336343 -0.0447985567 0.0245590582
v  -0.0546934195 -0.0364009477 0.0268371701
v  -0.0543584861 -0.030274393 0.0245256759
v  -0.0528581068 -0.0537056364 0.0357261412
v  -0.0479521342 -0.052260492 0.0238939151
v  -0.049036067 -0.0465910174 0.0204330944
v  -0.0429753587 0.0416361652 0.0139042465
v  -0.0451549552 0.0413208567 0.0148941977
v  -0.0451430194 0.0446044765 0.0160119329
v  -0.0467987284 0.0342180245 0.0144044263
v  -0.0487625189 0.0336096399 0.0159015842
v  -0.049198471 0.0401982628 0.0179019514
v  -0.0565620884 0.0409824364 0.0394224711
v  -0.0568591915 0.042723503 0.0424542278
v  -0.0567719936 0.0436063968 0.0417917669
v  -0.0573265962 0.0447851233 0.0473963432
v  -0.0573766455 0.0449826978 0.0479355715
v  -0.0572779588 0.0463486575 0.0473425202
v  -0.0515984073 0.0589462332 0.0427414663
v  -0.0498485304 0.0602580421 0.041857373
v  -0.051029142 0.0582998358 0.0396962501
v  -0.0447054617 0.0347076915 0.0132599967
v  -0.0543779097 0.0302179288 0.02469109
v  -0.0558159091 0.034166079 0.0321786143
v  -0.0521057099 0.0320643596 0.0198554173
v  -0.0407484993 0.0449804924 0.0142545095
v  -0.0407451615 0.0417969786 0.0132561298
v  -0.0401496664 0.0507475846 0.0171627235
v  -0.0405562446 0.0479922555 0.0155536374
v  -0.0376581252 0.0571240745 0.0236078314
v  -0.0386884362 0.0553208701 0.0212303475
v  -0.0395245329 0.0531969927 0.0190663375
v  -0.0380540751 0.0645765662 0.0425133035
v  -0.0406898521 0.0630046427 0.0381794758
v  -0.044802282 0.0628446043 0.0409067981
v  -0.0442839302 0.0633882433 0.0420262776
v  -0.0427762717 0.0630066246 0.0394796692
v  -0.0411014929 0.0641976893 0.042193532
v  -0.0499317646 0.0603845678 0.0423918143
v  -0.0473496094 0.062057402 0.0420949049
v  -0.0462466739 0.0613793693 0.0384748653
v  -0.0520539843 0.0561296158 0.0376474485
v  -0.0538335964 0.0563378744 0.0435145199
v  -0.0521639585 0.058374431 0.0428978465
v  -0.0551733039 0.0515492372 0.0400408767
v  -0.0556027852 0.0532055162 0.0445971489
v  -0.054574579 0.0540925674 0.0417610854
v  -0.0541945025 0.0558062457 0.0436881818
v  -0.0566245951 0.0492049418 0.0445153974
v  -0.0567024685 0.0499229543 0.0458577909
v  -0.0564805008 0.0507668667 0.0455232933
v  -0.0558472201 0.0460354798 0.037006557
v  -0.0559816808 0.0401574038 0.03444748
v  -0.0562927388 0.0387966596 0.0366853811
v  -0.0557315312 0.0269409399 0.0314861946
v  -0.0558358207 0.0313304923 0.0323414952
v  -0.0559576675 0.0342934839 0.0334276929
v  -0.0561031736 0.0366314165 0.0348002017
v  -0.0525028855 0.0384761505 0.0220796466
v  -0.0425281003 0.0350820087 0.0124616502
v  -0.0403046459 0.0353498422 0.0119791301
v  -0.0523182563 0.044819992 0.0246521384
v  -0.0489608385 0.0466419868 0.0204983465
v  -0.0491761491 0.0434799008 0.0191032179
v  -0.0485424958 0.0496127121 0.0221095383
v  -0.0519667044 0.0478196703 0.0261617079
v  -0.047920417 0.0523418002 0.0239393972
v  -0.0472446568 0.0408414565 0.0162325557
v  -0.0449304469 0.0477330051 0.0173908472
v  -0.0445033535 0.0506218933 0.0190447867
v  -0.0438604988 0.0532181822 0.0209643692
v  -0.0430110097 0.0554962717 0.0231223106
v  -0.0498329811 0.055642616 0.0316984393
v  -0.0487812497 0.0577904843 0.033847034
v  -0.0456498377 0.0601782314 0.0344974957
v  -0.0475798771 0.0596999787 0.0361138992
v  -0.0471018218 0.0547983907 0.0259748586
v  -0.0461004376 0.0569688939 0.0281911455
v  -0.044070784 0.0573220514 0.026727017
v  -0.0436282381 0.0604710542 0.0330321193
v  -0.0415450186 0.060569685 0.0317317471
v  -0.0364249721 0.0625957102 0.0359521881
v  -0.0514338948 0.0506423227 0.0278414264
v  -0.0419721343 0.0574536286 0.0254787728
v  -0.0394221954 0.0604860894 0.0305971093
v  -0.0555911399 0.0488539897 0.0384575501
v  -0.0529124737 0.0537522249 0.0357261524
v  -0.0536003783 0.0511813127 0.0339432582
v  -0.0480320975 0.0563991182 0.0298585929
v  -0.0507206805 0.053256657 0.0296905786
v  -0.0528955571 0.0495807342 0.0300269723
v  -0.0541193374 0.0484382324 0.0323038734
v  -0.053640604 0.043718975 0.0269962512
v  -0.054715544 0.0363789164 0.0269963667
v  -0.0546832643 0.0425528698 0.0294380337
v  0.0367103443 0.0402970873 0.0127922101
v  0.054109022 0.0500813387 0.0452049933
v  0.0543745682 0.0493399166 0.045494739
v  0.0537366681 0.0501442216 0.0436966568
v  0.0412572175 0.0334096812 0.0127207236
v  0.0434090681 0.0331406705 0.0137024736
v  0.0390382521 0.0335715823 0.0120682931
v  0.036777582 0.0336400233 0.011695723
v  0.045462288 0.0327542387 0.0150414491
v  0.0491290875 0.0316226594 0.0187584683
v  0.0537572578 0.034467008 0.0310405679
v  0.051964514 0.0300952028 0.0234952718
v  0.0543906204 0.0316286348 0.0324291252
v  0.0542887114 0.0347679667 0.0336237177
v  0.0542845018 0.0375218354 0.035240449
v  0.0534144267 0.0406579189 0.0333893634
v  0.0543887913 0.0400216095 0.0373852104
v  0.0554034263 0.0456514023 0.0470055975
v  0.0549323149 0.0439664833 0.043075949
v  0.054427702 0.0443527214 0.0408196002
v  0.0546072163 0.0421677344 0.040010754
v  0.0462756008 0.0604646765 0.0419781394
v  0.0489127003 0.0582547896 0.0424699336
v  0.048228316 0.0582717918 0.0408911929
v  0.0498860367 0.0572259836 0.0427501611
v  0.0329426676 0.0564816557 0.0225986578
v  0.0356738903 0.0497176908 0.0163389128
v  0.0349569581 0.0523185097 0.0181554966
v  0.0340429954 0.0545726083 0.0202585198
v  0.0361937135 0.0467977934 0.0148403486
v  0.0527627245 0.0467130356 0.036046911
v  0.0516147874 0.0523807369 0.0391995311
v  0.0527618192 0.0512761734 0.0414426401
v  0.0511568002 0.0556420647 0.0432274565
v  0.0530061051 0.0526068322 0.0442592092
v  0.049669303 0.0517979823 0.0329823084
v  0.0471090116 0.0553091876 0.0327312462
v  0.0487814955 0.0544237457 0.0348202735
v  0.0446547195 0.0596401356 0.0370717347
v  0.0502874441 0.0534381531 0.0369848385
v  0.0465075336 0.0590200387 0.0389366969
v  0.043313276 0.0622173361 0.0417611413
v  0.0400765166 0.0500188433 0.0181263089
v  0.0393119305 0.0527425222 0.0200035051
v  0.0414251909 0.0526356511 0.0213251002
v  0.0383503921 0.0551157258 0.022149507
v  0.04346947 0.0522938631 0.0229156092
v  0.0354396515 0.0629456639 0.0374909304
v  0.0370689854 0.0618423931 0.034835685
v  0.0344564915 0.0602105223 0.0297047049
v  0.0386177376 0.0605166517 0.0322115012
v  0.0358991213 0.0588208102 0.0270582475
v  0.0400575474 0.058925163 0.0296616852
v  0.0372057445 0.0571351312 0.0245197527
v  0.0413613245 0.0570348315 0.0272332095
v  0.0425050259 0.0548256598 0.0249715634
v  0.0366020985 0.0642658621 0.0421177335
v  0.0396065786 0.0631251782 0.0402952358
v  0.0412037894 0.0617371462 0.0377698578
v  0.0426991358 0.0601090454 0.0353164412
v  0.04406894 0.0582213663 0.0329654217
v  0.045292981 0.0560637973 0.0307463855
v  0.04635524 0.0536362343 0.0286851227
v  0.0490675569 0.0382997803 0.0210142024
v  0.0518690869 0.0365082882 0.0258637518
v  0.0503935516 0.0489826016 0.0312983841
v  0.0472446568 0.050949987 0.0268007144
v  0.0479558595 0.0480287038 0.0251026005
v  0.0442421027 0.0494548492 0.021092426
v  0.0448188037 0.0463462733 0.0195121653
v  0.0427766331 0.0467683785 0.0178726502
v  0.0400190279 0.063503325 0.04181692
v  0.0415137559 0.0629953295 0.0417585149
v  0.0419012718 0.0628438741 0.0417519622
v  0.0406401008 0.0469773225 0.0165439136
v  0.0384379625 0.0469801538 0.0155372331
v  0.0389832109 0.0403423719 0.0133528197
v  0.0412117802 0.0402526371 0.0142317628
v  0.0433686264 0.040009018 0.0154503761
v  0.045420859 0.0396004133 0.0170055162
v  0.0484899133 0.0449095033 0.0235876404
v  0.0513876118 0.0429088585 0.0283653699
v  0.0516754948 0.0478697531 0.0336584337
v  0.0463552251 -0.0534693338 0.0286851563
v  0.0452929623 -0.055896882 0.0307464153
v  0.0413613059 -0.056867931 0.027233243
v  0.0400575325 -0.0587582625 0.029661715
v  0.042505011 -0.0546587743 0.0249716006
v  0.0434694514 -0.0521269776 0.0229156464
v  0.0472446419 -0.0507831015 0.026800748
v  0.0389832072 -0.0401755311 0.0133528421
v  0.0412117764 -0.0400857963 0.0142317889
v  0.0410108715 -0.043518845 0.0152566237
v  0.0434090719 -0.0329738595 0.0137024997
v  0.0454622917 -0.0325874127 0.0150414789
v  0.0454208553 -0.0394335724 0.0170055479
v  0.0549295433 -0.0437909104 0.0430589058
v  0.0544276983 -0.0441858508 0.0408196263
v  0.0546043217 -0.0419943966 0.0400019512
v  0.0541089922 -0.0499142744 0.0452042073
v  0.0530713946 -0.052309636 0.0443062223
v  0.0537366606 -0.0499773063 0.0436966792
v  0.0491290875 -0.0314558186 0.0187585056
v  0.053757254 -0.0343001522 0.0310406014
v  0.036777582 -0.0334731974 0.0116957361
v  0.0349569432 -0.0521516241 0.0181555357
v  0.0356738754 -0.0495508052 0.0163389482
v  0.0361937061 -0.0466309227 0.0148403803
v  0.0365295522 -0.0434554555 0.0136665581
v  0.0367103405 -0.0401302613 0.0127922306
v  0.0372057259 -0.0569682159 0.02451979
v  0.032942649 -0.0563147403 0.022598695
v  0.0340429768 -0.054405693 0.0202585571
v  0.0358991064 -0.0586538948 0.0270582773
v  0.0344564766 -0.0600436069 0.029704731
v  0.0477267727 -0.0566695668 0.0368086025
v  0.0490468219 -0.0579544343 0.0425053574
v  0.0465075225 -0.0588531233 0.0389367156
v  0.0464918017 -0.0601425804 0.0420065001
v  0.0451326743 -0.0607994534 0.0411886126
v  0.0543584228 -0.0492197014 0.0454754196
v  0.0554034263 -0.0454845764 0.0470055863
v  0.052762717 -0.0465461351 0.0360469408
v  0.0534144193 -0.0404910482 0.0333893932
v  0.0543881729 -0.0398596264 0.0373903699
v  0.0543896593 -0.0314520337 0.0324272774
v  0.0542876236 -0.0345935859 0.0336203128
v  0.054284364 -0.0373447575 0.0352329724
v  0.0490675531 -0.0381329395 0.0210142359
v  0.0390382521 -0.0334047414 0.0120683098
v  0.0412572175 -0.0332428552 0.012720746
v  0.0433686227 -0.0398421921 0.0154504059
v  0.0452056751 -0.0428642072 0.0181629434
v  0.0484899022 -0.0447426476 0.0235876776
v  0.0479558446 -0.0478618182 0.025102634
v  0.0442420878 -0.0492879786 0.0210924633
v  0.0448187925 -0.0461794175 0.0195122026
v  0.0406400897 -0.0468104817 0.0165439472
v  0.0400765017 -0.0498519577 0.0181263462
v  0.0393119119 -0.0525756218 0.0200035423
v  0.0383503772 -0.0549488403 0.0221495442
v  0.0440689251 -0.0580544509 0.0329654515
v  0.0426991209 -0.05994213 0.0353164636
v  0.040676523 -0.0602393486 0.0336908363
v  0.0375279672 -0.0629389286 0.0388385952
v  0.0412037782 -0.0615702309 0.0377698727
v  0.0396065712 -0.0629582405 0.040295247
v  0.0435434021 -0.061936859 0.0417678282
v  0.0419014506 -0.062677294 0.0417519733
v  0.0386177227 -0.0603497364 0.0322115272
v  0.035439644 -0.0627787113 0.0374909416
v  0.0404706188 -0.0631950498 0.0417940021
v  0.0371348038 -0.0640124083 0.0420586877
v  0.0522631481 -0.0494443215 0.0375544988
v  0.0516147763 -0.0522138216 0.0391995572
v  0.0507969037 -0.0548252799 0.0409870706
v  0.0512907803 -0.0552891232 0.0432875417
v  0.0487814806 -0.0542568602 0.0348202996
v  0.0496692918 -0.0516310968 0.0329823382
v  0.0503935404 -0.048815731 0.0312984176
v  0.0513876043 -0.0427419879 0.0283654034
v  0.0518690832 -0.0363414325 0.025863789
v  0.0519645177 -0.0299283583 0.0234953091
v  0.0320832282 -0.0647074878 0.0433902703
v  -0.0362936817 -0.0673232675 0.0521916039
v  0.0307793897 -0.0673329234 0.052193325
v  0.0320832059 -0.0673191547 0.0521916859
v  -0.0575236231 -0.047550682 0.0502009951
v  -0.0568665341 -0.0515308119 0.0491512753
v  -0.0570699684 -0.0516549982 0.0505309738
v  -0.0451671034 -0.0645036101 0.0470245108
v  -0.0402368084 -0.0656897128 0.0472638495
v  -0.0521276854 -0.0600319542 0.0474316925
v  -0.0496124625 -0.0621629693 0.0471481383
v  -0.0551660061 -0.0559383966 0.0481821857
v  -0.0575721338 -0.0455759801 0.0500555672
v  -0.0561900437 -0.05499411 0.0508296899
v  -0.0555058345 -0.0567073561 0.0509936027
v  -0.0547155961 -0.0582616664 0.0511492528
v  -0.052795101 -0.0610098876 0.0514404587
v  -0.0505492724 -0.0631902218 0.0516870506
v  -0.0477219298 -0.0650219917 0.0519050173
v  -0.0411565192 -0.0670314431 0.0521544255
v  -0.0445496626 -0.0662965775 0.0520617701
v  -0.0457535274 -0.0658910275 0.052011501
v  -0.0575799495 -0.0422866978 0.0498321019
v  -0.0575062335 -0.0289496202 0.0491368026
v  -0.0573254004 8.30864665e-05 0.0485879071
v  -0.0573594011 -0.0103643863 0.0486535765
v  -0.0573669598 -0.0116048483 0.0486704968
v  -0.0574315526 0.0203424674 0.0488448516
v  -0.0574630499 0.0240353029 0.0489528701
v  -0.0575721189 0.0457424335 0.0500555821
v  -0.0575759895 0.0398202352 0.0496689565
v  -0.0574019626 0.0494398288 0.0503348894
v  -0.0568113588 0.0530383103 0.050636854
v  -0.0568665341 0.051697623 0.0491512753
v  -0.0402368084 0.0658565313 0.0472638495
v  -0.0451671034 0.0646704435 0.0470245108
v  -0.0441459492 0.0665804148 0.0520766266
v  -0.0541800782 0.0593135022 0.0512406714
v  -0.0522178896 0.0618192218 0.0515117161
v  -0.0521276854 0.0601987801 0.0474316925
v  -0.0499107987 0.0638443679 0.0517441966
v  -0.0496124625 0.0623298101 0.0471481383
v  -0.0469571911 0.0655597746 0.0519502349
v  -0.0457530469 0.0660579354 0.0520115755
v  -0.0551660061 0.0561052226 0.0481821857
v  -0.0555053987 0.0568764322 0.0509939305
v  -0.0557080545 0.0564139001 0.0509488992
v  -0.0362936817 0.0674901009 0.0521916039
v  -0.0406340025 0.0672658086 0.0521630682
v  0.0320831798 0.0674843937 0.0521916933
v  0.0307793599 0.0674982071 0.0521933399
v  0.0557888746 0.0467627607 0.0501295291
v  0.054627981 0.0511293225 0.0489691421
v  0.0547993742 0.0516053848 0.0505129211
v  0.0424970947 0.0642602742 0.046840433
v  0.037513867 0.0656421483 0.0470219664
v  0.0342452303 0.0673871487 0.0521784984
v  0.0473122671 0.0615432523 0.0470198952
v  0.0492767505 0.0598576181 0.0472434536
v  0.0524755903 0.0558128916 0.0479562506
v  0.0535365231 0.0551108234 0.0508250259
v  0.0528054126 0.056604322 0.0509673692
v  0.0517556928 0.0583556853 0.051141765
v  0.0499223024 0.0606924258 0.0513875894
v  0.0473909378 0.062988326 0.0516444705
v  0.0448778197 0.0645931661 0.0518331341
v  0.038099438 0.0669145733 0.0521186106
v  0.0415815264 0.0660137683 0.0520061143
v  0.0430050604 0.0654795468 0.0519404151
v  0.0584177002 -0.0211005528 0.0488699712
v  0.0580350421 -0.0263551492 0.0490375124
v  0.0564484298 -0.0263537783 0.0403841063
v  0.0574229956 0.0332670473 0.0493193381
v  0.0557947122 0.0333035551 0.0404557511
v  0.0572150163 0.0150807174 0.0402974039
v  0.0575436056 0.00472870236 0.0402609147
v  0.057525672 -0.00562843913 0.0402631722
v  0.056368079 -0.0422923304 0.0498322882
v  0.0557886809 -0.0465958454 0.0501294918
v  0.0572144873 -0.0350967683 0.0494168885
v  0.0589388981 -0.0103659658 0.0486536138
v  0.0590014793 -0.00819576066 0.0486288071
v  0.059051238 0.00611230498 0.0486093946
v  0.0585264266 0.0195280295 0.0488237999
v  0.0582267269 0.0240403395 0.0489529707
v  0.0340611078 -0.0672289133 0.052181948
v  0.0382793471 -0.0667086542 0.0521143489
v  0.037513867 -0.0654751956 0.0470219664
v  0.0415889211 -0.0658403635 0.052007664
v  0.0424970947 -0.0640933216 0.046840433
v  0.0430035032 -0.0653090179 0.0519412644
v  0.0448254831 -0.0644497573 0.0518362634
v  0.0473122671 -0.0613763072 0.0470198952
v  0.0473697037 -0.0628341734 0.05164719
v  0.0492767505 -0.059690658 0.0472434536
v  0.0498431623 -0.0606085397 0.0513963364
v  0.0518415086 -0.0580563284 0.0511266179
v  0.0524755903 -0.0556459464 0.0479562506
v  0.052804552 -0.0564367808 0.0509669669
v  0.0536180548 -0.054757718 0.0508078597
v  0.054627981 -0.0509623922 0.0489691421
v  0.0548317321 -0.0513195731 0.0504985638

# 0 UV coordinates

# 3008 vertex normals
vn 0.000272423058 0.0440355614 0.999029934
vn 7.94513835e-06 0.956709683 0.291043907
vn 0.00364843407 0.084755592 0.996395111
vn -0.00339963497 0.0433847867 0.999052644
vn 0.00425064983 0.0419145003 0.999112189
vn -0.000537644431 0.0526627339 0.998612225
vn -0.00465192599 0.0529756658 0.998584986
vn -0.000507499266 0.0553589761 0.998466372
vn 0.00027524578 0.233601391 0.972332418
vn -0.0238206722 0.0840435475 0.996177316
vn -0.00231041876 0.0897433087 0.995962262
vn 0.00340909837 0.153086171 0.988206983
vn -0.00904724561 0.139603496 0.990166128
vn -0.000163440447 0.167547882 0.985863924
vn 0.00786618702 0.461992234 0.886849105
vn 0.00218839105 0.400340557 0.916363835
vn -0.00259860209 0.315497547 0.948922813
vn 0.000234472493 0.330140531 0.943931758
vn -3.11804615e-05 0.269595176 0.962973773
vn -0.00124609878 0.228631601 0.973512232
vn 0.00787495635 0.383669496 0.92343688
vn -0.00698098121 0.386020541 0.922463775
vn -0.00440255227 0.40165022 0.915782571
vn 0.000302623695 0.435916603 0.899986982
vn 0.000434465124 0.434834838 0.900510132
vn 0.00482818019 0.402771592 0.915287793
vn -0.00101776433 0.819701314 0.572790325
vn 0.000914255274 0.835517049 0.549463749
vn -0.000469915831 0.757277846 0.653092682
vn -4.3672012e-06 0.767910242 0.640557468
vn -4.39235555e-06 0.703035116 0.711155117
vn 0.000548554817 0.714893401 0.699233234
vn -0.00100745133 0.593154967 0.805087686
vn 0.00121394859 0.620757878 0.78400141
vn -8.16352986e-06 0.528997362 0.848623455
vn 0.000110702975 0.868208051 0.496200353
vn -0.000407149084 0.89542079 0.445220649
vn -0.000895590987 0.899626315 0.436659724
vn 0.000735771493 0.927970171 0.372653812
vn -0.00203324575 0.945551276 0.325466871
vn -0.000820901711 0.940890551 0.338709801
vn -0.00013588593 0.949678898 0.31322518
vn 0.000255883089 0.956288874 0.292423457
vn -0.000129141801 0.955745459 0.294194788
vn -1.49668522e-05 0.95810169 0.286428273
vn -0.000152481502 0.269127905 0.963104427
vn -0.0001525548 0.325758338 0.945453048
vn 0.00230844459 0.3104164 0.950597882
vn -0.00320739183 0.411636233 0.911342621
vn -0.0122635653 0.481542528 0.876336932
vn 0.000765946985 0.227585644 0.973757744
vn 0.0113216471 0.184899792 0.982692182
vn -0.0321228318 0.259288877 0.965265453
vn -0.000298646948 0.191581354 0.981476665
vn 0.000217228357 0.128001183 0.991773963
vn 0.00949892215 0.0975674018 0.995183587
vn -0.0121740429 0.10718561 0.994164467
vn 0.00274287467 0.0648951009 0.997888327
vn 0.000863558264 0.0666577369 0.997775555
vn -0.000542099529 0.0545039475 0.998513401
vn 0.0022640652 0.0479669981 0.998846352
vn 0.00430360623 -0.0848797858 0.996381879
vn -0.00139344437 -0.0493550748 0.99878031
vn 0.0127761317 -0.216922283 0.976105273
vn 0.0270041525 -0.192668274 0.980892301
vn 0.0176849328 -0.0809238628 0.996563375
vn 0.00070509268 -0.0943375975 0.995540023
vn -0.00108008401 -0.162337199 0.986734748
vn 0.00950657949 -0.144635051 0.989439428
vn -0.016070649 -0.225609258 0.974085331
vn -0.0456830673 -0.28699407 0.956842422
vn 0.00529802218 -0.340233982 0.940325856
vn -0.00405032979 -0.386511356 0.922275782
vn 0.00142125681 -0.28276217 0.959188998
vn 0.00444775866 -0.256609142 0.966505051
vn 0.00885868911 -0.404180586 0.914636314
vn -0.0146028781 -0.515058279 0.857030749
vn -0.00699209562 -0.460613668 0.887573183
vn 0.000147524741 -0.321077168 0.947053015
vn 0.000101092417 -0.320524156 0.947240353
vn -0.00379879819 -0.431954354 0.901887476
vn -0.00864512287 -0.408768296 0.912597239
vn 0.0153905582 -0.518621445 0.854865432
vn -4.42455566e-05 -0.414879382 0.909876406
vn 0.00013550045 -0.758423448 0.651762128
vn -0.000677323667 -0.698929608 0.715190172
vn 0.00587668316 -0.41969943 0.907644153
vn -2.15489172e-06 -0.455894202 0.89003396
vn -2.29470174e-06 -0.583398879 0.812185764
vn -0.000254754937 -0.592576325 0.805514276
vn 0.000178771646 -0.641775668 0.766892433
vn -0.00111662259 -0.705776095 0.708434045
vn -0.000563252019 -0.805470705 0.592635334
vn -0.000633683114 -0.806420624 0.591341972
vn 0.000536850421 -0.864816487 0.502087772
vn 2.35782977e-06 -0.955206037 0.295941591
vn 1.51882523e-06 -0.955608487 0.294639498
vn -0.000286091265 -0.873609841 0.486626953
vn 0.000121416553 -0.902692437 0.430286318
vn 0.000764398661 -0.913231492 0.407440364
vn -0.00090248161 -0.928148329 0.3722094
vn 0.000537104381 -0.941342175 0.337453097
vn 0.000365379499 -0.943013191 0.332755238
vn -0.000308813323 -0.950175464 0.311715394
vn 4.93642801e-05 -0.946624696 0.322337806
vn -5.98236002e-05 -0.952842951 0.303463817
vn -0.000624645501 -0.957174063 0.289512306
vn -7.35135909e-05 -0.957314968 0.289046794
vn 0.000147684084 -0.278510571 0.960433125
vn -0.00100710429 -0.260405123 0.965498924
vn -0.00104841043 -0.25995788 0.965619385
vn 0.00173277 -0.213463098 0.976949573
vn -0.00560302101 -0.172326341 0.985023975
vn 0.00133727712 -0.185730502 0.982599795
vn -0.000748114893 -0.132913932 0.991127312
vn -0.0052642636 -0.118668914 0.992919922
vn 0.00543431425 -0.0873446316 0.996163309
vn -0.00713987928 -0.0710161999 0.997449636
vn -0.0169509165 -0.0689869225 0.997473538
vn 0.000188043312 -0.0440650396 0.999028623
vn 0.000432783883 -0.0425204076 0.9990955
vn 0.00274834177 -0.0421983711 0.999105453
vn 0.00713895401 -0.0446823649 0.998975754
vn -1.25860524e-05 -0.0430004932 0.999075055
vn 3.87732907e-05 -0.043592412 0.999049425
vn -3.3696404e-05 -0.0435077734 0.999053061
vn 3.31116717e-05 -0.0443275422 0.99901706
vn 4.21847144e-05 -0.0443424322 0.999016404
vn -0.000394918636 -0.0492499992 0.99878639
vn 0.0332058705 0.0529016666 0.998047471
vn 0.135280699 0.0144168464 0.99070245
vn 0.0905873254 0.0785061046 0.992789388
vn 0.129361004 0.0689215809 0.98919946
vn 0.269692212 0.0422136858 0.962020874
vn 0.191437572 0.0715120211 0.978896141
vn 0.345249772 0.0561560988 0.936829269
vn 0.274550319 0.0688115656 0.959107459
vn 0.403449237 0.0661482736 0.912607849
vn 0.456813991 0.0612319522 0.887452304
vn 0.79931581 0.05085098 0.598755717
vn 0.768934786 0.0544467084 0.637004614
vn 0.707905352 0.0538065434 0.704254806
vn 0.687503397 0.0616007745 0.723563671
vn 0.528120995 0.073599577 0.845973551
vn 0.832864344 0.0429821387 0.551805675
vn 0.85608536 0.0316924267 0.515861869
vn 0.898015618 0.0379601866 0.438322961
vn 0.935548604 0.0127394535 0.352968127
vn 0.957186222 0.0207361337 0.288729101
vn 0.986101091 -0.0166766103 0.165307239
vn 0.987577856 -0.00414180849 0.157075837
vn 0.988514543 0.00432126829 0.151063979
vn 0.985896528 0.0225898493 0.165824473
vn 0.962259054 -0.0200993735 0.271391869
vn 0.933589697 -0.0155480718 0.358006418
vn 0.916207671 -0.0313402601 0.3994762
vn 0.879501879 -0.0370772369 0.47444883
vn 0.854424775 -0.0369998179 0.518256009
vn 0.842128873 -0.0448291674 0.537409842
vn 0.786225021 -0.0584078468 0.615173757
vn 0.709870398 -0.0602971017 0.701746583
vn 0.690243244 -0.0684972182 0.720327973
vn 0.532177866 -0.0766991973 0.843151212
vn 0.466088116 -0.0652778 0.882326841
vn 0.417262554 -0.0699169338 0.906092465
vn 0.156968683 -0.0704435855 0.98508811
vn 0.119049393 -0.0786305368 0.989769936
vn 0.0953545719 -0.0967851132 0.990727067
vn 0.118244275 -0.0593355782 0.991210163
vn 0.117462404 -0.0608080253 0.991213858
vn 0.117270149 -0.061240796 0.991209984
vn 0.150321096 0.0406071879 0.987802923
vn 0.0431825854 -0.0564157665 0.997473061
vn 0.525188506 0.00978174526 0.850929677
vn 0.525460005 -0.00213693851 0.850815594
vn 0.286750704 -0.0529030226 0.956543386
vn 0.347839683 -0.0365812331 0.936840117
vn 0.244607553 -0.0757758319 0.966656685
vn 0.288390517 -0.0717839003 0.954818308
vn 0.26965034 -0.0348807126 0.962326348
vn 0.46642822 -0.0539867058 0.882910073
vn 0.476872742 -0.0462407991 0.877755225
vn 0.45343563 0.0560115129 0.889527321
vn 0.457004458 0.0532394312 0.887869656
vn 0.298648745 0.0369505137 0.953647494
vn 0.255866438 0.054908786 0.965151489
vn 0.986020207 -0.00287929154 0.166601017
vn 0.98419863 0.00145831541 0.177062035
vn 0.937623024 0.00557526248 0.347609013
vn 0.935612321 0.0072520813 0.352954656
vn 0.856137812 0.013149689 0.516580284
vn 0.85649693 0.0129506839 0.515989602
vn 0.702361226 0.0214787517 0.711496592
vn 0.708893478 0.0190909691 0.705057144
vn 0.559330583 0.0239284318 0.828599274
vn 0.497345716 0.0356617384 0.866819143
vn 0.984223843 0.00268323999 0.17690739
vn 0.986020923 -0.00263830158 0.166600794
vn 0.933703184 -0.00641810615 0.357990414
vn 0.937590778 -0.00906628091 0.347622454
vn 0.854977548 -0.0149216596 0.518450379
vn 0.856087744 -0.0153944148 0.516601145
vn 0.711105764 -0.0236956645 0.702685654
vn 0.702307105 -0.0212165732 0.711557865
vn 0.557930648 -0.0263345744 0.829469681
vn 0.532997012 -0.0180548653 0.845924437
vn -0.411409706 -0.073070012 0.908516824
vn -0.597896457 0.13935788 0.789366305
vn -0.864802778 0.0966810435 0.492715895
vn -0.806521833 -0.106676094 0.581500411
vn -0.0649581179 -0.0643968284 0.995807946
vn -0.0648244321 -0.0649938062 0.995777905
vn -0.0626544878 -0.0713611469 0.995480776
vn -0.210626081 -0.0717824325 0.974927664
vn -0.0927734226 -0.0678215921 0.993374705
vn -0.128088325 -0.0672764555 0.98947829
vn -0.202698439 -0.0786742792 0.976075649
vn -0.200621665 -0.0787480772 0.976498663
vn -0.307840019 -0.109127842 0.945159078
vn -0.458248377 -0.120894961 0.880563915
vn -0.593261778 -0.140482754 0.792656958
vn -0.744337857 -0.12641646 0.655728638
vn -0.676466286 -0.108768009 0.728397489
vn -0.753606439 -0.114777081 0.647227585
vn -0.922429621 -0.0903942958 0.375436425
vn -0.966166377 0.054771807 0.25203684
vn -0.963764012 0.0160782393 0.266271353
vn -0.966389656 0.0219831988 0.256140023
vn -0.964957058 -0.0242830236 0.261281848
vn -0.966225147 -0.021251956 0.256821573
vn -0.965412557 -0.0488085039 0.256117851
vn -0.963029981 -0.0685557872 0.260525137
vn -0.960280418 -0.0623685122 0.271977305
vn -0.962315559 -0.0738524348 0.261714727
vn -0.975045562 -0.0801022947 0.207050189
vn -0.697146714 0.130381554 0.704973102
vn -0.67658323 0.11665985 0.727066457
vn -0.771931946 0.143105403 0.619388342
vn -0.481594265 0.124522023 0.867502868
vn -0.460699052 0.112850204 0.880352914
vn -0.325930834 0.113857567 0.938512385
vn -0.188272446 0.0757511854 0.979191124
vn -0.226449311 0.0666156039 0.971742272
vn -0.0126610193 0.0465154797 0.998837352
vn -0.0983458832 -0.0532284714 0.993727744
vn -0.0827042013 0.0708759278 0.994050622
vn -0.431174666 0.0065857796 0.902244449
vn -0.455221593 0.0364059955 0.889633596
vn -0.471046686 0.0336450525 0.881466389
vn -0.392048895 0.0614819936 0.917887568
vn -0.407843113 0.0444437638 0.911969721
vn -0.242478266 0.0463006534 0.969051361
vn -0.188840374 0.0509019606 0.980687678
vn -0.206140608 -0.0689407736 0.976090789
vn -0.219227836 -0.0476741083 0.974508226
vn -0.412602395 -0.0397700854 0.910042644
vn -0.386007637 -0.0691982359 0.919896603
vn -0.447921991 -0.0359069295 0.893351316
vn -0.501465917 -0.0538463667 0.863500178
vn -0.431017101 -0.0108275348 0.902278781
vn -0.829445481 -0.099018611 0.549741328
vn -0.833282828 -0.0274016205 0.552167416
vn -0.825416684 -0.031803593 0.563627422
vn -0.825398564 0.0297722481 0.56376487
vn -0.831218541 0.0322782956 0.555007994
vn -0.964747906 0.0841101035 0.249373212
vn -0.962276936 0.0669609904 0.263703167
vn -0.907778203 0.0990202203 0.407595128
vn -0.911772013 0.027452074 0.409778148
vn -0.909482956 0.0259751417 0.414929003
vn -0.909493923 -0.0271220338 0.414831579
vn -0.912965775 -0.0243256185 0.407310426
vn -0.909981072 -0.0864970535 0.405527651
vn -0.862617493 -0.104226127 0.495002985
vn -0.701275289 0.0812882036 0.708240926
vn -0.405427754 0.100348972 0.908602476
vn -0.463076383 0.0704171956 0.883516669
vn -0.217427433 0.0709068477 0.97349757
vn -0.188061416 0.0826406404 0.978674293
vn -0.051643759 0.0276602414 0.998282433
vn -0.0939872265 0.0766486898 0.992618442
vn -0.086030677 0.077676259 0.993259847
vn -0.0768074468 0.0922283679 0.992771149
vn -0.463122994 -0.119045377 0.878262639
vn -0.464386255 -0.0993979424 0.880037189
vn -0.680131614 -0.0858765468 0.728042722
vn -0.682768226 -0.0299633369 0.730020404
vn -0.662028134 -0.0374180265 0.748544335
vn -0.662032306 0.0325289778 0.748769045
vn -0.679376125 0.0375596881 0.732828319
vn -0.675872862 0.100249141 0.730168462
vn -0.828966916 0.0790427253 0.553684175
vn -0.858615041 0.105907589 0.501561344
vn -0.927097619 0.0762993991 0.36697188
vn -0.19495599 -0.0654439703 -0.978626192
vn -0.0497305952 0.0549884029 -0.997247756
vn -0.0512157083 0.0540492833 -0.997223973
vn -0.130542964 0.0586006194 -0.989709318
vn -0.255661547 0.0609256476 -0.964844644
vn -0.111177467 0.0603696294 -0.991965234
vn -0.156832814 0.0585293323 -0.985889316
vn -0.216558039 0.0656463504 -0.974060178
vn -0.25788635 0.0631677136 -0.964108109
vn -0.709192693 0.0617440566 -0.702305734
vn -0.556750655 0.0794788972 -0.826868713
vn -0.465454251 0.063750729 -0.882772982
vn -0.426179111 0.0691226125 -0.901994169
vn -0.331991762 0.0715721101 -0.940563083
vn -0.84927249 0.0405090302 -0.52639842
vn -0.797077179 0.0571738482 -0.601164818
vn -0.708319724 0.0614804626 -0.703209341
vn -0.879438043 0.0178671926 -0.475677907
vn -0.854136288 0.0401136838 -0.518499851
vn -0.917009771 0.0313501805 -0.397630751
vn -0.933645308 0.0151656894 -0.357877612
vn -0.962609529 0.0200708564 -0.270148218
vn -0.985908926 -0.0239867568 -0.165554225
vn -0.988517165 -0.00451859925 -0.151040971
vn -0.988780916 0.00446610618 -0.149306417
vn -0.986358166 0.0228364263 -0.163021728
vn -0.964004099 -0.0179213714 -0.265282691
vn -0.935603023 -0.012336459 -0.352838159
vn -0.799728036 -0.0517488718 -0.598128021
vn -0.851774216 -0.0356235318 -0.522696555
vn -0.855843842 -0.0327275805 -0.516197801
vn -0.886152565 -0.0324995033 -0.462252498
vn -0.920500696 -0.0268491581 -0.389817357
vn -0.719038665 -0.0565181859 -0.69266808
vn -0.707277954 -0.0535561778 -0.70490396
vn -0.635514915 -0.0661509708 -0.769249558
vn -0.550864577 -0.0720921978 -0.831475139
vn -0.456224114 -0.0598074049 -0.887852788
vn -0.429417789 -0.0645925179 -0.900793076
vn -0.207541436 -0.0616328306 -0.976282716
vn -0.117993407 -0.0574677363 -0.991350114
vn -0.0717635602 -0.056863185 -0.995799482
vn -0.0462966599 -0.067445673 -0.996648252
vn -0.0652979091 -0.0521794222 -0.996500611
vn -0.0596578494 -0.0570587106 -0.9965868
vn -0.514007568 -0.0228852555 -0.857480288
vn -0.441451013 -0.0499645136 -0.895893157
vn -0.423236579 -0.0681318119 -0.903453827
vn -0.456764787 -0.0326275304 -0.888988972
vn -0.246957794 -0.0401292183 -0.968194962
vn -0.261961848 -0.0696621761 -0.962560713
vn -0.332849979 -0.0584743954 -0.94116503
vn -0.546480596 0.0506599024 -0.835938096
vn -0.491954327 0.0114521692 -0.870545685
vn -0.984602928 0.00274199736 -0.174784258
vn -0.985940278 -0.0013198154 -0.167092949
vn -0.935663939 -0.00562976347 -0.352847487
vn -0.937668979 -0.00709389662 -0.347457349
vn -0.85623008 -0.0131281391 -0.516427875
vn -0.855812371 -0.0129323881 -0.517124712
vn -0.708096445 -0.0212591887 -0.705795646
vn -0.701611638 -0.0191579182 -0.71230197
vn -0.500983536 -0.0256454665 -0.86507678
vn -0.491825968 -0.0023668427 -0.870690286
vn -0.985937476 -0.00284387171 -0.167090476
vn -0.983558953 0.00305854902 -0.180561438
vn -0.937668681 0.00609773397 -0.347476929
vn -0.93371284 0.00948877633 -0.357897073
vn -0.85577023 0.0148156462 -0.517143846
vn -0.854717731 0.0154322777 -0.518863618
vn -0.701481283 0.0241656937 -0.712278068
vn -0.710400522 0.0205437429 -0.703497767
vn -0.491942525 0.0285263117 -0.870160222
vn -0.466001987 0.0446312316 -0.883657277
vn -0.34263292 0.0385883078 -0.938676536
vn -0.282670349 0.041129455 -0.958334923
vn -0.000404195685 -0.043012809 -0.999074459
vn -0.00522359228 -0.0484921634 -0.998809874
vn -0.00471300771 -0.0484515317 -0.998814404
vn 0.0406817906 -0.0703687146 -0.996691167
vn -0.0203508567 -0.0687588677 -0.997425735
vn -0.00815743301 -0.0738098919 -0.997238994
vn 0.0258487109 -0.133172795 -0.990755677
vn -0.0160138775 -0.10950613 -0.993857086
vn 0.0356605835 -0.205051422 -0.978101313
vn -0.0185371302 -0.149174392 -0.988637149
vn -0.00735343108 -0.337565154 -0.941273451
vn -0.0149267018 -0.307225406 -0.951519728
vn -0.0086393347 -0.169624105 -0.985470951
vn -2.32251267e-11 -0.205116674 -0.978737533
vn -2.47356996e-11 -0.258181781 -0.966096342
vn -0.000771685853 -0.248087063 -0.968737423
vn 0.00357246259 -0.33872366 -0.940879107
vn 0.0288791601 -0.431410193 -0.901693523
vn 0.0040575387 -0.365331769 -0.930868566
vn 0.00239754398 -0.377723604 -0.925915301
vn 6.74425828e-05 -0.250547469 -0.968104303
vn 0.0066501312 -0.346930772 -0.937867165
vn 0.0138042681 -0.315267354 -0.948902488
vn -0.0305763725 -0.426143855 -0.904138565
vn -0.00174701842 -0.325706422 -0.94546932
vn -0.00248344964 -0.37486279 -0.927076995
vn 4.44156285e-06 -0.399664432 -0.916661501
vn 4.46284912e-06 -0.50159204 -0.865104258
vn -0.00023061542 -0.495506525 -0.868604183
vn 0.000499082264 -0.613151491 -0.789965153
vn -0.00021120139 -0.603598833 -0.797288179
vn 0.000206574608 -0.728102028 -0.685468733
vn -0.000104836494 -0.732299328 -0.680982828
vn 8.02336144e-05 -0.822732806 -0.568428278
vn -0.00397108076 -0.780942619 -0.624590158
vn 0.000202635245 -0.826294184 -0.56323874
vn -0.000137612151 -0.87810576 -0.478466541
vn 5.35737263e-06 -0.879821181 -0.475304872
vn 5.35923664e-06 -0.902124345 -0.431476176
vn 0.000154711553 -0.905420542 -0.424515784
vn -0.000477704772 -0.929302275 -0.369319707
vn 2.87152761e-05 -0.931567192 -0.3635692
vn -1.33148551e-05 -0.947138011 -0.320826471
vn 0.000218836591 -0.949947298 -0.312410146
vn 0.000757147674 -0.955639243 -0.294538766
vn 0.000111497066 -0.954115093 -0.299440175
vn -1.33563753e-06 -0.958511174 -0.285054982
vn -5.6859808e-05 -0.246101812 -0.969244003
vn -6.03053777e-05 -0.217126831 -0.97614342
vn 0.00115106406 -0.209582359 -0.977790296
vn 0.00327098719 -0.0530370735 -0.998587191
vn -0.000965000421 -0.0529012233 -0.998599291
vn -0.00718346843 -0.039623037 -0.9991889
vn -0.00501015084 -0.0401545577 -0.999180913
vn -0.00106724049 -0.165375575 -0.986230075
vn 0.00548486272 -0.142763704 -0.989741623
vn 0.00397601957 -0.146191716 -0.989248276
vn -0.0036922174 -0.0961077809 -0.99536407
vn 0.00957619399 -0.0859815627 -0.996250689
vn -0.00113854406 -0.0650208294 -0.99788326
vn 0.000654287927 -0.0563789345 -0.998409212
vn -0.00224840641 0.0475696251 -0.998865366
vn -0.0107458755 0.0382648557 -0.999209881
vn 0.0161080565 0.0696169659 -0.997443736
vn 0.0176971238 0.0696831346 -0.997412205
vn 0.00872150436 0.0712722391 -0.997418761
vn -0.038156759 0.116916843 -0.992408454
vn 0.0142707014 0.108740471 -0.993967712
vn 0.00303926342 0.134819478 -0.990865529
vn -0.00629396504 0.189529166 -0.981854916
vn 0.00403699838 0.169175923 -0.985577583
vn -0.00569271483 0.246702597 -0.969074547
vn 0.00308248145 0.220734343 -0.975329101
vn -0.00514981477 0.327461839 -0.944850385
vn -0.0232581459 0.389596611 -0.920691907
vn 0.0126862871 0.278972834 -0.960215211
vn 0.00827005692 0.29429096 -0.955680072
vn 0.0038470584 0.320627511 -0.947197556
vn 0.00207288796 0.338509262 -0.940960765
vn 0.00102749467 0.351940781 -0.936021686
vn -0.000692875357 0.346852571 -0.937919378
vn -0.00181484246 0.32807219 -0.944650888
vn -0.00517288782 0.294806927 -0.955542862
vn 0.000444619509 0.226711795 -0.973961771
vn -0.000131669207 0.252419829 -0.96761781
vn -0.000922228035 0.286870301 -0.95796901
vn 0.0105843302 0.360953093 -0.932523906
vn 0.000145063124 0.368180364 -0.929754376
vn -0.000111138004 0.411846399 -0.911253273
vn 0.000865617592 0.468563974 -0.88342917
vn 0.00144602521 0.455479026 -0.890245318
vn -0.000970212917 0.538949013 -0.842337847
vn 0.000423167163 0.584561527 -0.811349273
vn 2.14615774e-08 0.616165996 -0.787616313
vn 2.06901483e-08 0.650813162 -0.759237885
vn -0.000492046413 0.67144829 -0.741051257
vn 0.0010662172 0.73369348 -0.679479778
vn -0.000862504647 0.765017748 -0.644008636
vn 6.76436539e-05 0.802253783 -0.596983135
vn -0.00017200943 0.841722131 -0.539910913
vn -0.000521278824 0.846065283 -0.533079028
vn 0.000304303365 0.882383704 -0.47053045
vn 0.00113890518 0.895635188 -0.44478789
vn 0.000105305393 0.90488869 -0.425648272
vn -1.75099522e-05 0.920900226 -0.389798373
vn 0.000351026712 0.935720682 -0.352741688
vn -2.13822295e-06 0.958637238 -0.284630805
vn 5.15810716e-05 0.955010116 -0.296573162
vn 0.000406815147 0.955921113 -0.293623269
vn -0.000529127661 0.939686894 -0.342035472
vn 0.00141738285 0.215046033 -0.976602912
vn -0.0028553959 0.167322293 -0.985898137
vn -0.00515491609 0.161090225 -0.986926198
vn -0.000437495386 0.131310612 -0.991341174
vn 0.000933006057 0.0917594507 -0.995780766
vn -0.00977752171 0.0833413303 -0.996473074
vn -0.00057623157 0.0637372062 -0.997966528
vn 0.000730363594 0.0534998626 -0.998567581
vn 0.404605418 -0.0131433187 -0.914396882
vn 0.965736091 -0.0830426067 -0.245881423
vn 0.0712431595 -0.0567927994 -0.995840847
vn 0.0230526309 -0.0493564606 -0.998515129
vn 0.0252384692 -0.047749579 -0.998540461
vn 0.0868082196 -0.0665973797 -0.993996561
vn 0.0836228728 -0.0670182854 -0.994241297
vn 0.22964409 -0.0715759844 -0.970639229
vn 0.460382402 -0.109615698 -0.880927026
vn 0.497467667 -0.13166891 -0.857431769
vn 0.6663782 -0.141062394 -0.732148528
vn 0.697184503 -0.123383842 -0.706194162
vn 0.761287332 -0.136424243 -0.633900642
vn 0.873169661 -0.102492623 -0.476518601
vn 0.909039259 -0.0845602751 -0.408040702
vn 0.930510581 -0.0890496671 -0.355274826
vn 0.966593862 -0.0617803745 -0.248755813
vn 0.960310161 -0.053751301 -0.273706436
vn 0.972063959 0.0842866227 -0.219060436
vn 0.956813812 0.0375412591 -0.288267165
vn 0.853229463 0.102652356 -0.511333525
vn 0.910704494 0.0898960754 -0.403157622
vn 0.909718812 0.0908403322 -0.405166239
vn 0.960071743 0.0745074525 -0.269649506
vn 0.963135302 0.0661563054 -0.260756165
vn 0.699236155 0.122121669 -0.704382777
vn 0.733473778 0.141891524 -0.664742827
vn 0.836071193 0.123082764 -0.534635901
vn 0.431681752 0.0999288261 -0.896473706
vn 0.538590193 0.132159546 -0.832138479
vn 0.618627787 0.142697334 -0.772617102
vn 0.462256491 0.122515999 -0.878241897
vn 0.1901135 0.0972295627 -0.976935625
vn 0.253950804 0.0678043067 -0.964837611
vn 0.0786495656 0.0710588172 -0.994366586
vn 0.0741032287 0.0714783147 -0.99468565
vn 0.0959371999 0.0413180888 -0.994529486
vn 0.0190592669 0.0522550605 -0.998451889
vn 0.0230363254 0.049329415 -0.998516858
vn 0.221406505 0.0461906008 -0.974087059
vn 0.188460603 0.0553934313 -0.980517268
vn 0.260654002 0.0397931188 -0.964611828
vn 0.412024885 0.0462433733 -0.909998357
vn 0.440751433 0.0322241522 -0.897050619
vn 0.448160321 -0.0505562052 -0.892522514
vn 0.0610032529 -0.0369682983 -0.997452736
vn 0.188291922 -0.0828308836 -0.978613913
vn 0.188022867 -0.0885616168 -0.978163719
vn 0.361593515 -0.115061149 -0.925208628
vn 0.830531538 0.0807004198 -0.551094174
vn 0.678175867 0.102294765 -0.727745354
vn 0.70235461 0.0824842602 -0.707032084
vn 0.409246713 0.103533641 -0.906530678
vn 0.465675741 0.0700285807 -0.882180333
vn 0.207603127 0.0729903728 -0.975486219
vn 0.190889969 0.0814093202 -0.978229821
vn 0.0614480898 0.0347318947 -0.997505784
vn 0.0695530996 0.0525941327 -0.996190846
vn 0.967295706 0.0315632224 -0.251679927
vn 0.964216769 0.0215266738 -0.264239639
vn 0.912928641 0.0269193817 -0.407230437
vn 0.909587562 0.0246651489 -0.414779603
vn 0.832788825 0.0314131863 -0.552698791
vn 0.82496649 0.0278319139 -0.564495921
vn 0.681656003 0.0367224701 -0.73075068
vn 0.661195457 0.0301418211 -0.749607921
vn 0.422018856 0.0369847864 -0.90583235
vn 0.404556364 0.00443267869 -0.914502323
vn 0.813178003 -0.0963811204 -0.573979259
vn 0.866103888 -0.115854219 -0.486252844
vn 0.828675687 -0.0787657872 -0.554159284
vn 0.699347496 -0.0980686992 -0.708022296
vn 0.676333487 -0.0824587047 -0.731965542
vn 0.461087227 -0.0993877053 -0.881771326
vn 0.406459302 -0.0690335482 -0.911057174
vn 0.202415958 -0.0720821992 -0.976643205
vn 0.196124285 -0.0674224496 -0.978258371
vn 0.967137456 -0.012425595 -0.253950298
vn 0.964051902 -0.0223082565 -0.264775962
vn 0.909484923 -0.0276810788 -0.414814293
vn 0.911830127 -0.0257313587 -0.409760535
vn 0.824784517 -0.0328019261 -0.564494908
vn 0.830906212 -0.0292103104 -0.555645227
vn 0.660905957 -0.0385209396 -0.749479473
vn 0.678654611 -0.031505093 -0.733781517
vn 0.418049157 -0.0374049209 -0.907653987
vn 0.407470375 -0.0446477346 -0.912126362
vn 0.247355491 -0.0419578068 -0.968015909
vn 0.206644475 -0.0472844876 -0.977272868
vn -0.975307345 -0.18164441 0.125621989
vn -0.968356311 -0.171494246 0.181316838
vn -0.956072807 -0.258451045 0.138303295
vn -0.946998 -0.196739748 0.25394541
vn -0.931139052 -0.313864231 0.185659155
vn -0.898926675 -0.377887309 0.2216575
vn -0.886986196 -0.40877226 0.2148505
vn -0.833173931 -0.502550006 0.230791509
vn -0.834207475 -0.501489997 0.229359314
vn -0.733570814 -0.635086298 0.241948903
vn -0.735492945 -0.631656051 0.245072842
vn -0.651041389 -0.716685712 0.250013441
vn -0.649237752 -0.7186535 0.249053225
vn -0.581204772 -0.772593081 0.25554052
vn -0.579420745 -0.774332881 0.254322946
vn -0.477093875 -0.841559291 0.25329715
vn -0.478013694 -0.840727031 0.254324555
vn -0.336203814 -0.907144964 0.253090978
vn -0.148183912 -0.960565329 0.235277981
vn -0.239230663 -0.936679184 0.255735695
vn -0.334904224 -0.907298803 0.254259706
vn -0.0181822926 -0.958452106 0.284673333
vn -0.0302427355 -0.956653178 0.289655089
vn -0.0911685824 -0.963687837 0.250986159
vn -0.204702467 -0.928159952 0.310831189
vn 6.33218906e-06 -0.958591402 0.284784973
vn 1.82921474e-06 -0.958575666 0.28483808
vn -8.50842753e-06 -0.958602071 0.28474924
vn 0.0057591442 -0.958586514 0.284743249
vn 0.0701496378 -0.961288154 0.266466051
vn 0.0353332758 -0.949151695 0.312830061
vn 0.154825419 -0.951076269 0.267363161
vn 0.194712654 -0.936995506 0.290045619
vn 0.251764596 -0.924794734 0.285253108
vn 0.331918538 -0.894527078 0.29941842
vn 0.354992986 -0.890793025 0.283668429
vn 0.451517045 -0.841876328 0.295595378
vn 0.73482269 -0.625990689 0.261096179
vn 0.812367082 -0.528013945 0.247509539
vn 0.80586195 -0.539289951 0.244444072
vn 0.517731011 -0.810207248 0.274806917
vn 0.49266392 -0.820472717 0.290011615
vn 0.607924342 -0.738539398 0.291526288
vn 0.614926696 -0.734984696 0.285766751
vn 0.678733528 -0.679698408 0.278084308
vn 0.686416447 -0.672656178 0.27634424
vn 0.74333781 -0.611572325 0.270976245
vn 0.857107997 -0.461540133 0.228793666
vn 0.86582005 -0.44974339 0.219286337
vn 0.894472182 -0.394306719 0.210812151
vn 0.915864408 -0.352493018 0.192200512
vn 0.920722008 -0.338184565 0.194684938
vn 0.950047016 -0.259154707 0.173923701
vn 0.966627061 -0.216282532 0.137309924
vn 0.976401269 -0.147955045 0.157320738
vn 0.993288934 -0.0656588972 0.0952154398
vn 0.993177354 -0.0452030264 0.107496165
vn 0.995761514 -0.0011741427 0.0919654071
vn 0.995668173 -0.00111305702 0.0929714292
vn 0.995883822 -0.00145730621 0.0906274244
vn 0.995255351 0.004661032 0.0971858799
vn 0.995192051 0.00493282173 0.0978184193
vn 0.995322406 0.00304296357 0.0965611786
vn 0.995671928 0.00392680941 0.0928546265
vn 0.995315075 0.00564546883 0.0965192989
vn 0.995263457 0.00528151076 0.0970709771
vn 0.995322347 -0.00305648078 0.0965612382
vn 0.995463789 0.00860436447 0.0947510451
vn 0.995486259 0.00869512465 0.0945063233
vn 0.995523632 -0.00259366143 0.094477579
vn 0.995276332 -0.00539905671 0.0969323888
vn 0.995319963 -0.00562538253 0.096470423
vn 0.99548167 -0.00495788269 0.0948241577
vn 0.994533122 0.000150981185 0.104421653
vn 0.994924188 0.000897639955 0.100623555
vn 0.995392263 0.00807940308 0.095545873
vn 0.995497227 0.00884078816 0.0943775699
vn 0.992135108 0.0568789952 0.111502029
vn 0.990403354 0.0729746521 0.117370695
vn 0.993975639 0.10650035 -0.0258852318
vn 0.993204355 0.0453439318 0.107186772
vn 0.988604069 0.0656979904 0.135446474
vn 0.973813176 0.182362989 0.135763243
vn 0.956110597 0.22837086 0.183573574
vn 0.914219081 0.365060896 0.175880745
vn 0.928688288 0.286026657 0.236065373
vn 0.872024417 0.464797258 0.153417364
vn 0.892024636 0.387397528 0.232841581
vn 0.807058275 0.543180227 0.231543019
vn 0.815825403 0.525838375 0.240671694
vn 0.729114234 0.628687203 0.270453006
vn 0.574665785 0.769193053 0.279466063
vn 0.607449174 0.733895481 0.303978533
vn 0.656526864 0.699431539 0.282432348
vn 0.725398719 0.634243488 0.267454505
vn 0.0349871814 0.958019972 0.284558713
vn 0.0348493643 0.958065808 0.284421265
vn 0.0927766711 0.954442322 0.283605963
vn 0.0893317163 0.954890788 0.283201993
vn 0.167880043 0.942756295 0.288143784
vn 0.169639796 0.941885412 0.289955467
vn 0.291842461 0.913294256 0.284115404
vn 0.335158706 0.890223503 0.308497608
vn 0.428209573 0.86140269 0.273170203
vn 0.454472929 0.842817903 0.288292021
vn 0.51192683 0.807011783 0.294385731
vn -6.33416812e-06 0.958606482 0.284734249
vn 7.2926473e-06 0.958558798 0.284894764
vn 7.53480754e-06 0.958559394 0.284892678
vn -0.00630050199 0.958547771 0.28486222
vn -0.0720982701 0.963140309 0.259157509
vn -0.0438058227 0.952540219 0.301244348
vn -0.161370173 0.956080198 0.244684085
vn -0.200066298 0.94301486 0.265887976
vn -0.261184454 0.931706846 0.25239861
vn -0.33797276 0.902719259 0.266218662
vn -0.365784049 0.89784658 0.245099068
vn -0.483547986 0.835119009 0.262216687
vn -0.50392586 0.827456951 0.247737139
vn -0.58784771 0.766970396 0.257277012
vn -0.592979789 0.763835907 0.254813015
vn -0.658113658 0.710815191 0.248250246
vn -0.662782729 0.707438946 0.245457038
vn -0.739181161 0.625419676 0.249922812
vn -0.759962916 0.607843935 0.230178535
vn -0.850780547 0.468009502 0.239038751
vn -0.843251467 0.497023106 0.204682782
vn -0.918919742 0.32389003 0.225126132
vn -0.917365968 0.346298069 0.196258456
vn -0.955748796 0.217790127 0.197766706
vn -0.96477592 0.197241485 0.174078181
vn -0.971358359 0.158722281 0.1768336
vn -0.981753707 0.088106215 0.16851382
vn -0.974648595 0.143368796 0.171771631
vn -0.975644171 0.123514041 0.181280762
vn -0.974067807 0.125789821 0.188066095
vn -0.97452271 0.141348839 0.174143687
vn -0.974787235 0.0513294674 0.217152432
vn -0.984993815 0.0408641733 0.167682007
vn -0.979477406 0.0846143365 0.182932854
vn -0.982951105 0.0290000569 0.181565836
vn -0.986026406 0.00259664166 0.166568801
vn -0.982261002 -0.0031855891 0.187491655
vn -0.985354662 -0.0408595651 0.165549755
vn -0.983166933 -0.0440024622 0.177331805
vn -0.981828153 -0.0708080456 0.176067337
vn -0.976977527 -0.0847777054 0.195774347
vn -0.980023026 -0.0913743228 0.176651031
vn -0.976849556 -0.125350893 0.173355311
vn -0.976314783 -0.124656357 0.176834047
vn -0.974192679 -0.143617064 0.174134299
vn -0.973831236 -0.147063211 0.173277482
vn -0.000897078367 -0.11063011 -0.993861258
vn -0.00127979158 -0.111187711 -0.993798614
vn -0.00162140629 -0.106963538 -0.994261622
vn -0.00238009146 -0.108387239 -0.994105875
vn -0.00141234766 -0.108300045 -0.99411726
vn -0.00181986997 -0.110464402 -0.993878424
vn -0.00141268666 -0.109676026 -0.993966401
vn -0.00161480426 -0.111387916 -0.993775666
vn -0.00131600257 -0.111155577 -0.99380213
vn -0.00222948729 -0.104167067 -0.994557321
vn -0.00176510483 -0.102127612 -0.994769752
vn -0.00173393637 -0.10211277 -0.994771302
vn -0.00237346487 -0.0990955383 -0.995075107
vn -0.00180932076 -0.0963070169 -0.995350003
vn -0.00216277223 -0.0957330838 -0.99540472
vn -0.00276163127 -0.0890922397 -0.996019542
vn -0.00138505863 -0.0905527025 -0.995890677
vn -0.00395141821 -0.0815611556 -0.996660531
vn -0.00216108514 -0.0829210058 -0.996553779
vn -0.00377018307 -0.0746570155 -0.997202158
vn -0.0029078892 -0.07441625 -0.99722302
vn -0.003900968 -0.0695723742 -0.997569263
vn -0.00409093732 -0.0698695779 -0.997547746
vn -0.0012976923 -0.0570504963 -0.998370469
vn -0.00686893938 -0.0557249002 -0.998422503
vn -0.00728511112 -0.0343989395 -0.999381602
vn -0.00929547567 -0.0339976288 -0.999378681
vn -0.00964917894 -0.0234667044 -0.999678075
vn -0.0181214027 -0.0147733446 -0.999726653
vn -0.00856223889 -0.0139575237 -0.999865949
vn -0.0125675173 0.00160751317 -0.999919713
vn -0.00833940227 0.00113981043 -0.999964595
vn -0.0126403375 0.0167295374 -0.999780118
vn -0.00793303829 0.016347928 -0.999834895
vn -0.011325608 0.0338064656 -0.999364197
vn -0.0049463571 0.0350981131 -0.999371648
vn -0.00933363754 0.0564391911 -0.998362422
vn -0.0010577006 0.0564435646 -0.998405218
vn -0.00398861896 0.0698925853 -0.997546554
vn -0.00380312372 0.0696026459 -0.997567534
vn -0.00326459133 0.0722267851 -0.997382879
vn -0.00327899843 0.0722423196 -0.997381747
vn -0.00337152206 0.0781536996 -0.996935606
vn -0.00204792619 0.0779712573 -0.996953487
vn -0.00315568014 0.0853266567 -0.996348023
vn -0.00140736997 0.0849351138 -0.996385515
vn -0.00383901224 0.0910526142 -0.995838702
vn -0.000622864056 0.0912203044 -0.995830536
vn -0.00369006512 0.0970960036 -0.995268166
vn -0.000282546913 0.0976406038 -0.995221674
vn -0.00336411479 0.101207666 -0.994859636
vn -0.000698621327 0.101097338 -0.994876266
vn -0.00346302544 0.103268072 -0.994647503
vn -0.000781521725 0.103588425 -0.994619966
vn -0.00318975002 0.105929971 -0.994368494
vn -0.000454319001 0.107335016 -0.99422282
vn -0.00257529784 0.108619645 -0.994080067
vn -0.000730625819 0.110144779 -0.99391526
vn -0.00183126354 0.110689387 -0.99385339
vn -0.00104367652 0.110892534 -0.993831873
vn -0.00141357805 0.110936247 -0.993826509
vn -0.00116943184 0.111293457 -0.993786871
vn -0.000879050756 0.111278623 -0.993788838
vn -0.00135201809 0.110331409 -0.993893921
vn -0.000327815767 0.110332116 -0.993894696
vn -0.000721014512 0.100865573 -0.994899809
vn 0.000445877085 0.100865543 -0.994899988
vn 0.000976072974 0.110270172 -0.993901193
vn 0.00153850182 0.110269919 -0.993900478
vn 0.000899384846 0.110628687 -0.993861377
vn 0.00132969907 0.111022972 -0.993816972
vn 0.00142952148 0.111468852 -0.993766904
vn 0.00125639769 0.111303352 -0.993785679
vn 0.00184206548 0.111100338 -0.993807495
vn 0.00168811588 0.110873312 -0.993833125
vn 0.00177984429 0.108228698 -0.994124413
vn 0.00134950958 0.107419588 -0.994212866
vn 0.00188911823 0.107635871 -0.994188607
vn 0.00197772821 0.105062306 -0.994463682
vn 0.0014960093 0.102924302 -0.994688094
vn 0.00204268657 0.10292732 -0.994686782
vn 0.00201649987 0.100027628 -0.9949826
vn 0.00182466558 0.0978826284 -0.995196283
vn 0.00157183467 0.0978071839 -0.995204151
vn 0.00215125037 0.0942161009 -0.99554944
vn 0.00090694247 0.0919346213 -0.995764613
vn 0.00108446041 0.0917075425 -0.995785415
vn 0.00208759005 0.0885462463 -0.996069908
vn 0.0018570869 0.0863397568 -0.99626404
vn 0.000343096006 0.0850556791 -0.996376157
vn 0.00235077529 0.0827761218 -0.996565402
vn 0.00225323439 0.0773404241 -0.997002184
vn 0.00247675553 0.0772129893 -0.997011542
vn 0.00344211049 0.0709301606 -0.997475326
vn 0.00397038739 0.0706245974 -0.997495055
vn 0.00355810579 0.0612705611 -0.998114824
vn 0.0275693424 0.0561837405 -0.998039722
vn -0.0275957212 0.0387571529 -0.998867512
vn 0.0116757592 0.0346749909 -0.999330461
vn 0.01241438 0.011816334 -0.999853134
vn 0.0136103537 0.0119162621 -0.999836385
vn 0.0136108985 -0.00786664989 -0.99987644
vn -0.0144386338 -0.0109956097 -0.999835312
vn 0.0320726149 -0.0255743656 -0.999158323
vn -0.0335972607 -0.0367845297 -0.998758316
vn 0.0544460267 -0.0509053431 -0.997218251
vn 0.00144228293 -0.0757325888 -0.997127116
vn 0.00265289797 -0.0763665736 -0.997076273
vn 0.0035313128 -0.0706446618 -0.997495294
vn 0.00402466068 -0.0709130913 -0.997474372
vn 0.0035485602 -0.0601518452 -0.998182952
vn 0.00410701707 -0.0808707029 -0.996716142
vn 0.00375914224 -0.0806720033 -0.996733606
vn 0.00296491082 -0.0792731643 -0.996848524
vn 0.00153137231 -0.111038938 -0.993814886
vn 0.00188105938 -0.111102231 -0.993807197
vn 0.00133939239 -0.109276302 -0.994010508
vn 0.00258202315 -0.109241508 -0.994011879
vn 0.000593415753 -0.10870529 -0.994073868
vn 0.00265239016 -0.108129419 -0.994133294
vn 0.00135234965 -0.106023625 -0.994362712
vn 0.00220516673 -0.106458634 -0.994314671
vn 0.00163131393 -0.102644734 -0.994716763
vn 0.00367202144 -0.102644846 -0.99471128
vn -0.000586799928 -0.100004666 -0.994986773
vn 0.00410458585 -0.099267751 -0.995052278
vn 0.000256805128 -0.0955442786 -0.995425165
vn 0.0014290812 -0.0957277864 -0.995406508
vn 0.00226018042 -0.091189459 -0.995831013
vn 0.00114011252 -0.0898772106 -0.995952189
vn 0.00270353304 -0.0871140659 -0.996194661
vn 0.00230493164 -0.0863845348 -0.996259212
vn 0.00183663366 -0.0842212886 -0.996445358
vn 0.00127128907 -0.111411795 -0.99377352
vn 0.00139803567 -0.111411147 -0.993773401
vn 0.000938891084 -0.111372657 -0.993778288
vn 0.00152017409 -0.110274695 -0.993900001
vn 0.000311671291 -0.110275209 -0.993901014
vn 0.000688032829 -0.101212896 -0.994864523
vn -0.000430970133 -0.101212695 -0.994864702
vn -0.000942040584 -0.110276528 -0.993900478
vn -0.00135652244 -0.11027649 -0.993900001
vn -0.971094489 -0.157828599 0.179068893
vn -0.971040249 0.157401353 0.179737657
vn 0.993086219 0.0447428711 0.10852579
vn 0.993078947 -0.044702217 0.108609036
vn -0.958478272 -0.1742879 0.225705922
vn -0.765154004 -0.582572818 0.274131775
vn -0.818424046 -0.511615813 0.261593848
vn -0.875979543 -0.430007547 0.21852538
vn -0.874863386 -0.434742361 0.213572353
vn -0.931721568 -0.280265659 0.230967686
vn -0.526508987 -0.803909719 0.276617944
vn -0.50939399 -0.822807431 0.252003491
vn -0.413804233 -0.862415075 0.291558415
vn -0.261175036 -0.910195947 0.321451366
vn -0.204862431 -0.957848907 0.20138739
vn -0.327286124 -0.898895204 0.291326582
vn -0.0503498614 -0.957369149 0.284445494
vn -0.0692136288 -0.959826767 0.271922886
vn -0.0295584779 -0.942723989 0.332261533
vn -0.142856404 -0.952318668 0.269594461
vn -0.65047127 -0.711604416 0.26553005
vn -0.583830297 -0.764978886 0.271936536
vn -0.500725031 -0.802728951 0.323883682
vn -0.480689675 -0.826482475 0.293025851
vn -0.269521505 -0.929934382 0.250160456
vn -0.327268541 -0.866150856 0.377727419
vn -0.23819539 -0.921251237 0.307504624
vn -0.728270292 -0.619802654 0.292347491
vn -0.714996517 -0.62459296 0.314107716
vn -0.726256251 -0.649750352 0.224446729
vn -0.661376417 -0.690977335 0.291773111
vn -0.955046475 -0.253690094 0.153387144
vn -0.940614104 -0.249896169 0.22977604
vn -0.879382551 -0.438926786 0.184471294
vn -0.843900263 -0.36007309 0.397718072
vn -0.843300939 -0.492404938 0.215362281
vn 0.988842905 -0.128697872 0.0750107393
vn 0.559055567 -0.777729273 0.287391782
vn 0.0197570063 -0.945574105 0.324806541
vn 0.0594957098 -0.956891954 0.284285069
vn 0.0439236239 -0.954655528 0.294454664
vn 0.24702552 -0.927201211 0.281560451
vn 0.218736261 -0.947118759 0.234777585
vn 0.544386327 -0.793767929 0.271248877
vn 0.671759009 -0.693512261 0.260347068
vn 0.688224554 -0.670479774 0.277135134
vn 0.771861911 -0.593224585 0.228722125
vn 0.814006865 -0.520457327 0.25790894
vn 0.889772236 -0.430030525 0.152902395
vn 0.903854251 -0.382418245 0.191842958
vn 0.958090901 -0.206394106 0.198653743
vn 0.954074323 -0.247344777 0.16900517
vn 0.962468028 -0.264981508 0.0586527884
vn 0.864119291 -0.381134748 0.328685552
vn 0.87126863 -0.42160064 0.251284391
vn 0.797288775 -0.563018084 0.217580274
vn 0.768505633 -0.585377395 0.258326143
vn 0.683237553 -0.686255991 0.249477834
vn 0.671374261 -0.692609191 0.263721615
vn 0.545788765 -0.788440526 0.283683181
vn 0.561349154 -0.783094227 0.267676204
vn 0.39668712 -0.866975546 0.301650047
vn 0.117096454 -0.956273019 0.268011749
vn 0.250775158 -0.909079075 0.332696676
vn 0.242204607 -0.915656447 0.320796132
vn 0.440979779 -0.860172987 0.256201625
vn 0.432419568 -0.840247989 0.327103436
vn 0.385915697 -0.883979976 0.263909996
vn -7.28029481e-05 -0.958595753 0.28477028
vn -8.01516944e-06 -0.958582461 0.284815043
vn 2.25968984e-06 -0.958594561 0.284774363
vn 4.15208342e-06 -0.958590984 0.284786433
vn 0.995046496 -0.000990865403 0.0994056389
vn 0.995093822 -0.00219322322 0.0989115313
vn 0.995315969 -0.00426887209 0.0965808406
vn 0.995463789 -0.00424696226 0.0950460583
vn 0.994949043 0.00552356662 0.100229457
vn 0.994955301 0.00531351939 0.100178234
vn 0.995018244 0.00441544037 0.0995949283
vn 0.995086074 0.00373671716 0.0989430025
vn 0.995048404 0.00402525486 0.0993101746
vn 0.995016217 0.00225362764 0.099687539
vn 0.99501425 0.000629495655 0.099730663
vn 0.995050192 0.00384346233 0.0992989838
vn 0.994939089 0.0059977239 0.100300692
vn 0.994952321 0.00348635344 0.100287996
vn 0.994854987 0.00387413218 0.101235107
vn 0.995050669 -0.00371784298 0.0992989987
vn 0.994858027 -0.00297599635 0.101235397
vn 0.994955003 -0.00541588338 0.100175716
vn 0.994933844 -0.00610217219 0.100346185
vn 0.99497366 -0.00396158732 0.10005863
vn 0.995020092 -0.00436275732 0.0995792225
vn 0.995033383 -0.0042627845 0.0994504169
vn 0.995034397 -0.00425245659 0.099440515
vn 0.995699584 0.00341394916 0.0925777555
vn 0.995320141 0.00354860909 0.0965669006
vn 0.995132327 0.00216233381 0.0985241905
vn 0.995079756 0.00120510755 0.0990698636
vn 0.995034397 -0.000471847423 0.0995306224
vn 0.995013118 -0.00381033449 0.0996714905
vn 0.993253291 -0.0257733688 0.113064796
vn 0.84533757 -0.0712868795 0.529454947
vn -0.00278860633 -0.864814103 0.502084434
vn 0.0612943731 -0.955518365 0.288492113
vn 0.207441196 -0.92350781 0.322647542
vn 0.385729134 -0.883460224 0.265915543
vn 0.993835926 -0.0286804903 0.107086591
vn 0.993364692 -0.0393643528 0.108060405
vn 0.982741177 -0.0916694328 0.160675168
vn 0.963083386 -0.234069213 0.132973716
vn 0.956021667 -0.242698371 0.164681703
vn 0.900722623 -0.364536375 0.236245543
vn 0.689761639 -0.679021835 0.251313031
vn 0.542963386 -0.788201809 0.289704531
vn 0.0598965771 -0.80402267 0.591574132
vn 0.044582732 -0.808213055 0.587200105
vn 0.0543147251 -0.757301629 0.650802732
vn 0.0808758959 -0.730863035 0.67771554
vn 0.0633029416 -0.704380453 0.706994295
vn 0.0837704539 -0.581377447 0.809310079
vn 0.0954060256 -0.458558291 0.883528173
vn 0.0987292975 -0.512616396 0.852922618
vn 0.105399318 -0.285640985 0.952523053
vn 0.0755508393 -0.163656592 0.983620167
vn 0.047784511 -0.0906559899 0.994735181
vn 0.0694740638 -0.100770205 0.992481112
vn 0.174045011 -0.0910019353 0.980523825
vn 0.290338874 -0.130126268 0.948035061
vn 0.300728083 -0.126840681 0.945237577
vn 0.694687843 -0.0966303721 0.712791264
vn 0.543109238 -0.138925761 0.828089356
vn 0.556608915 -0.129164964 0.820672214
vn 0.426036626 -0.115371682 0.897319436
vn 0.363755822 -0.116832465 0.924138427
vn 0.883036256 -0.0707239658 0.463945091
vn 0.964075387 -0.0522598885 0.260437191
vn 0.989809453 0.00287545077 0.142369315
vn 0.986883581 -0.0101778945 0.161112592
vn 0.98859489 0.000400529854 0.15059863
vn 0.988561332 0.00349901896 0.15077889
vn 0.990963101 -0.0272029135 0.131347537
vn 0.992781162 -0.0105084041 0.119478643
vn 0.992854774 -0.00451521156 0.119243674
vn 0.974786758 -0.192439184 0.112951241
vn 0.982337058 -0.0687284023 0.174041137
vn 0.988045037 -0.0879041702 0.126648724
vn 0.99132812 -0.0355507769 0.126509517
vn 0.991198957 -0.0278944261 0.129408181
vn 0.630950093 -0.720032752 0.288885593
vn 0.684838414 -0.628673017 0.368465215
vn 0.746195614 -0.616232038 0.251893163
vn 0.813819826 -0.471775979 0.339300364
vn 0.815505922 -0.47317639 0.3332479
vn 0.858810961 -0.43618381 0.268677175
vn 0.814187288 -0.444312572 0.373745084
vn 0.726565778 -0.585771143 0.359129936
vn 0.692496419 -0.654453874 0.303543776
vn 0.689965844 -0.653014362 0.312280893
vn 0.56221813 -0.759544373 0.327113301
vn 0.53758657 -0.790651381 0.293037593
vn 0.477395236 -0.824426711 0.303997368
vn 0.392736822 -0.874865532 0.283492714
vn 0.267380089 -0.719861805 0.640552044
vn 0.237700567 -0.74086535 0.628185511
vn 0.20493561 -0.800885499 0.562657833
vn 0.167107627 -0.821548879 0.545098603
vn 0.139377266 -0.860118926 0.490682602
vn 0.0943223163 -0.878496945 0.46834439
vn 0.0793338791 -0.899987817 0.428635061
vn 0.0423415788 -0.912407517 0.407086909
vn 0.0563597195 -0.939848959 0.336908698
vn 0.52664572 -0.647024095 0.551365674
vn 0.478742212 -0.694226921 0.537452221
vn 0.456822783 -0.736783743 0.498460263
vn 0.391100824 -0.787700653 0.475991428
vn 0.374214172 -0.811890423 0.44810456
vn 0.296800822 -0.858221054 0.418767184
vn 0.286875993 -0.869186878 0.402760863
vn 0.206274748 -0.905893385 0.36987552
vn 0.202947825 -0.908835411 0.364458978
vn 0.0951727554 -0.943561196 0.317229301
vn 0.0914330482 -0.930962265 0.353481591
vn 0.0655499697 -0.948139429 0.311022222
vn 0.0608577728 -0.951092005 0.302853584
vn 0.0585589856 -0.955038667 0.290640593
vn 0.220510498 -0.928688943 0.298181087
vn 0.213620111 -0.933431268 0.288223058
vn 0.322280318 -0.887727618 0.32874769
vn 0.307021141 -0.900806129 0.307060838
vn 0.416694075 -0.8407408 0.345717967
vn 0.407785386 -0.850188613 0.33300212
vn 0.509809077 -0.77821207 0.366716057
vn 0.508268952 -0.780288696 0.364434183
vn 0.595195115 -0.702112854 0.390871316
vn 0.600289643 -0.693107486 0.399066865
vn 0.667620897 -0.616645694 0.417169511
vn 0.677078247 -0.593810737 0.43468824
vn 0.724068224 -0.527047515 0.444911331
vn 0.791590691 -0.100626223 0.602709353
vn 0.770630538 -0.118363962 0.626193702
vn 0.774536133 -0.16401121 0.610896111
vn 0.793395579 -0.13145943 0.594341516
vn 0.564842284 -0.204503477 0.799457014
vn 0.607964456 -0.156311646 0.778425276
vn 0.298296779 -0.20915696 0.931274593
vn 0.352974981 -0.164281562 0.921097279
vn 0.107984856 -0.18880187 0.976059973
vn 0.0934553742 -0.224264339 0.970036924
vn 0.619419098 -0.357744455 0.698812485
vn 0.36293003 -0.402445406 0.840428174
vn 0.368931085 -0.395012766 0.841341078
vn 0.0866986215 -0.405666411 0.909900069
vn 0.107886441 -0.384270698 0.916895032
vn 0.968436301 -0.0699895099 0.23923327
vn 0.96817857 -0.143321499 0.20515649
vn 0.957358837 -0.144551039 0.250138104
vn 0.942405045 -0.282641798 0.178847224
vn 0.909107029 -0.293450803 0.295653522
vn 0.863654971 -0.465671897 0.193001941
vn 0.817747772 -0.482762545 0.313414961
vn 0.0900928006 -0.304042935 0.948388755
vn 0.370429963 -0.285673648 0.883839488
vn 0.355091482 -0.306956798 0.882999182
vn 0.677402914 -0.246721089 0.693003595
vn 0.613313735 -0.318763971 0.722658873
vn 0.794480622 -0.256589711 0.550420105
vn 0.798008263 -0.250916958 0.547926545
vn 0.916157305 -0.177194118 0.359524697
vn 0.913414836 -0.0839971825 0.398268491
vn 0.906973958 -0.103037395 0.408388972
vn 0.905118406 -0.0751028359 0.418473691
vn 0.102525905 -0.518487573 0.848916411
vn 0.345828354 -0.515935421 0.783717692
vn 0.351106405 -0.510292411 0.78506434
vn 0.59615463 -0.468088001 0.65229851
vn 0.608727336 -0.449485898 0.653768659
vn 0.772696197 -0.387985885 0.502401829
vn 0.788013756 -0.355210751 0.502851486
vn 0.899235189 -0.280840516 0.335417092
vn 0.90514195 -0.166222364 0.391264826
vn 0.977794051 -0.085514091 0.19132717
vn 0.976112485 -0.0282369554 0.215423167
vn 0.980187058 0.00381675106 0.198037326
vn 0.918159842 -0.0522700176 0.392747223
vn 0.980660856 -0.054604575 0.187943012
vn 0.989238381 -0.094014965 0.112109736
vn 0.965714931 -0.146820039 0.214099407
vn 0.945685506 -0.151859432 0.28743276
vn 0.920435786 -0.344027907 0.185587451
vn 0.83885169 -0.464833796 0.28329742
vn 0.786695659 -0.611709714 -0.0831936821
vn 0.783084035 -0.56722647 0.255016774
vn 0.699886858 -0.666191518 0.257579625
vn 0.755860925 -0.557815731 0.342805773
vn 0.809472203 -0.542724967 0.224063203
vn 0.866230965 -0.370068699 0.335697889
vn 0.905876577 -0.360141218 0.222903341
vn 0.926637888 -0.240529746 0.288942367
vn 0.890808821 -0.274740428 0.36190787
vn 0.897715807 -0.274525791 0.344589561
vn 0.832798541 -0.396630257 0.386174828
vn 0.76384294 -0.438431412 0.473626256
vn 0.734729409 -0.489609987 0.469526142
vn 0.577994943 -0.548703134 0.604025424
vn 0.54917711 -0.584016621 0.597770095
vn 0.318362027 -0.620025039 0.717087507
vn 0.30044803 -0.635912657 0.710877001
vn 0.0947650149 -0.630674362 0.77023983
vn 0.086469762 -0.639420986 0.763978899
vn 0.0344027877 0.951284468 0.306389093
vn 0.959978878 0.170420885 0.222254872
vn 0.960297346 0.226092041 0.163436338
vn 0.985631526 0.115790904 0.12297532
vn 0.903754234 0.405974746 0.135693744
vn 0.762022793 0.572476983 0.302640676
vn 0.807315528 0.550462186 0.212680563
vn 0.669878125 0.689284921 0.275952131
vn 0.681630671 0.683634102 0.260814309
vn 0.56120795 0.782869041 0.268629283
vn 0.537884057 0.792197168 0.288278311
vn 0.370449126 0.87641722 0.307669193
vn 0.273961902 0.926415205 0.258262873
vn 0.251261234 0.936957479 0.242854789
vn 0.183928147 0.937861621 0.294255018
vn 0.051729653 0.957271993 0.284524918
vn 0.0519167557 0.957295001 0.284413338
vn 0.163749382 0.948492885 0.271196246
vn 0.240157276 0.910759985 0.335917801
vn 0.312077582 0.905234635 0.288371027
vn 0.43945694 0.856692612 0.27010262
vn 0.436435878 0.849619329 0.296092361
vn 0.390651256 0.874111593 0.288652867
vn 0.95041132 0.260061979 0.170546338
vn 0.933737397 0.308674932 0.181257427
vn 0.960472465 0.198099151 0.195574537
vn 0.950675547 0.260712981 0.168061689
vn 0.885236681 0.416924238 0.20622845
vn 0.873927236 0.395651281 0.282331824
vn 0.867671847 0.375133544 0.326221377
vn 0.835377753 0.514918268 0.192362159
vn 0.767406642 0.583087564 0.266638309
vn 0.728882253 0.642172396 0.237371609
vn 0.669063032 0.68747741 0.2823641
vn 0.645914078 0.713903427 0.270438403
vn 0.5600878 0.780226171 0.278475881
vn 0.572701931 0.765881002 0.292299122
vn 0.471458375 0.838097632 0.274443746
vn 0.961560786 0.234962896 0.142103106
vn 0.676724494 0.662267029 0.321630746
vn 0.0503792576 0.95423317 0.294789672
vn 0.086649552 0.258399218 0.962144315
vn 0.035541296 0.0723596811 0.996745169
vn 0.987477601 0.0864479318 0.131964847
vn 0.997443616 0.0592583753 0.0399330333
vn 0.993182957 0.0269944891 0.113397114
vn 0.988091528 0.0902699903 0.124605328
vn 0.978421926 0.0455900617 0.201524451
vn 0.982287884 0.100442991 0.158182502
vn 0.993290067 0.0212664623 0.113677353
vn 0.988800406 0.0243252441 0.147248149
vn 0.986809969 0.00781751145 0.161693901
vn 0.987738967 -0.00130975875 0.15610905
vn 0.975758612 0.0323163271 0.216450363
vn 0.98862958 -0.00210309913 0.150356486
vn 0.992646635 0.00337231904 0.121000975
vn 0.905731499 0.0591442548 0.419705153
vn 0.900983572 0.0700670779 0.428157926
vn 0.956852436 0.0165620167 0.290101945
vn 0.776194751 0.11079593 0.620681882
vn 0.804478884 0.0916514099 0.58686775
vn 0.836705625 0.0742216706 0.542600095
vn 0.538707495 0.134236053 0.831730068
vn 0.552972496 0.123513088 0.823993921
vn 0.412333697 0.113298245 0.903960407
vn 0.356399387 0.115598939 0.927154958
vn 0.0591078401 0.114132293 0.991705656
vn 0.0712482408 0.101826832 0.992247462
vn 0.276142061 0.0643880591 0.958957613
vn 0.15973407 0.172402069 0.971988976
vn 0.285049826 0.127115756 0.95004642
vn 0.0996623859 0.409606576 0.906801999
vn 0.0581856631 0.592175364 0.803705633
vn 0.0862829909 0.631319761 0.770707905
vn 0.0568215065 0.701918066 0.709987581
vn 0.0764532536 0.731510997 0.677529752
vn 0.0512223653 0.75628233 0.652237117
vn 0.0393158123 0.808008552 0.587857485
vn -0.0142071908 0.819619954 0.572731435
vn 0.0468235761 0.867240012 0.49568367
vn 0.106654197 0.944276989 0.31139347
vn 0.082138896 0.942369819 0.324333638
vn 0.0256092753 0.927664757 0.372534901
vn 0.107659899 0.882674098 0.457488537
vn 0.178102255 0.88712132 0.425787896
vn 0.110154048 0.944438636 0.309680164
vn 0.0795717463 0.937066257 0.339963436
vn 0.0527590737 0.954416156 0.293779403
vn 0.0626647547 0.956291735 0.285620809
vn 0.268664896 0.914588153 0.302237868
vn 0.375101984 0.888916373 0.262918472
vn 0.264756829 0.914927781 0.304648966
vn 0.292070508 0.893021822 0.342354864
vn 0.383720815 0.878808141 0.283645242
vn 0.876823604 0.370937943 0.305917412
vn 0.888360858 0.306361437 0.34199065
vn 0.922601879 0.248776704 0.294815063
vn 0.0980902985 0.407194078 0.908059061
vn 0.353133947 0.400593966 0.845470786
vn 0.357297719 0.406622916 0.840830624
vn 0.611270785 0.267123312 0.744978607
vn 0.359936476 0.308600008 0.880461097
vn 0.3462511 0.291085929 0.891840339
vn 0.080316864 0.305057406 0.948941052
vn 0.0991275534 0.324151754 0.94079721
vn 0.616498888 0.363703102 0.698318839
vn 0.644462645 0.314575672 0.696928978
vn 0.797172129 0.259450763 0.54516232
vn 0.800552249 0.254048824 0.542747915
vn 0.884789586 0.204751283 0.418597996
vn 0.918429434 0.149650112 0.366186023
vn 0.927490532 0.15019995 0.342346698
vn 0.0914084837 0.191132665 0.977298737
vn 0.0920742676 0.190527365 0.977354407
vn 0.344851285 0.165843844 0.923890352
vn 0.291038513 0.209808394 0.933422208
vn 0.606001198 0.156417981 0.779933333
vn 0.561766326 0.204995394 0.80149579
vn 0.796114862 0.130088165 0.590997636
vn 0.555116296 0.714978516 0.425031334
vn 0.508850574 0.784567058 0.354295939
vn 0.18572323 0.941588938 0.280921876
vn 0.163979456 0.941620231 0.294044346
vn 0.189793274 0.923844457 0.332400262
vn 0.219101861 0.923065841 0.316138864
vn 0.278490961 0.869542897 0.407845497
vn 0.273815423 0.869873106 0.410299748
vn 0.328448832 0.799779475 0.50246805
vn 0.754359126 0.485684991 0.441647351
vn 0.744568884 0.454235822 0.489169657
vn 0.703806639 0.586365938 0.401037723
vn 0.694451094 0.546996474 0.467474699
vn 0.664400637 0.624062061 0.411239982
vn 0.663565755 0.623526275 0.413395017
vn 0.586262941 0.754596829 0.294753164
vn 0.431773394 0.751409352 0.498954684
vn 0.488497257 0.787780404 0.375196546
vn 0.301498979 0.640070021 0.706688583
vn 0.293889254 0.62572217 0.722565472
vn 0.246360451 0.743988693 0.62111783
vn 0.236751854 0.723921001 0.647986829
vn 0.181454673 0.824245393 0.536370873
vn 0.17156975 0.802363455 0.571643889
vn 0.116414189 0.879063785 0.462271094
vn 0.118494719 0.889079809 0.442149431
vn 0.56362325 0.586502373 0.581673205
vn 0.552347064 0.56176126 0.615903437
vn 0.502004027 0.694146812 0.51589936
vn 0.489298195 0.661497831 0.568337798
vn 0.452724993 0.735876381 0.503513753
vn 0.461029649 0.740751922 0.488608479
vn 0.394228369 0.835462272 0.382866561
vn 0.383824766 0.837397814 0.389157385
vn 0.324647158 0.895592093 0.304169327
vn 0.400513202 0.880091965 0.255004495
vn 0.246754482 0.862688422 0.441453189
vn 0.693036079 0.0964140072 0.714426577
vn 0.772064507 0.114477523 0.625149071
vn 0.776321709 0.163992509 0.608630538
vn 0.908101857 0.0886992142 0.409247428
vn 0.916547298 0.0964441597 0.388123184
vn 0.976292193 0.0287222322 0.214542657
vn 0.977904081 0.0869320184 0.190122247
vn 0.968785167 0.0718237162 0.237269148
vn 0.964565992 0.19237031 0.18057166
vn 0.944774687 0.164246559 0.283591062
vn 0.926645339 0.314797193 0.205502272
vn 0.920065522 0.259146363 0.293807089
vn 0.889754295 0.404015094 0.212389052
vn 0.885475755 0.346428633 0.30970937
vn 0.839528918 0.498381019 0.216350585
vn 0.838278711 0.44252643 0.318526566
vn 0.776339889 0.592214763 0.215819448
vn 0.778098404 0.541077912 0.319057286
vn 0.990917385 0.0282734409 0.131466135
vn 0.99126941 0.0356739387 0.126934201
vn 0.98803848 0.0898269638 0.125343844
vn 0.981921077 0.0697336644 0.17597802
vn 0.977201164 0.170088693 0.127073586
vn 0.973997772 0.134070709 0.182629153
vn 0.942079365 0.277355343 0.188574851
vn 0.946238577 0.252904505 0.201672569
vn 0.90344578 0.375565797 0.206726938
vn 0.902171195 0.380259216 0.20369111
vn 0.83368063 0.495657504 0.2435164
vn 0.74379921 0.636482477 -0.204090133
vn 0.768678486 0.562952578 0.303673804
vn 0.668644726 0.701395392 0.246898115
vn 0.541156828 0.805985868 0.239866897
vn 0.514418066 0.798098981 0.313706994
vn 0.546277404 0.757876337 0.356657326
vn 0.544690788 0.801877379 0.245569959
vn 0.634267211 0.680186749 0.367493063
vn 0.633896947 0.729004622 0.258315533
vn 0.713126183 0.592297256 0.375013292
vn 0.714995027 0.644102275 0.271871895
vn 0.778849244 0.500101984 0.378539205
vn 0.78349036 0.551943779 0.285483748
vn 0.812038302 0.475858659 0.33786431
vn 0.813501298 0.477066368 0.332600892
vn 0.844212949 0.34064123 0.41384545
vn 0.907524467 0.335222572 0.253031909
vn 0.878102005 0.303313851 0.370050788
vn 0.777778804 0.366242617 0.51080966
vn 0.785980165 0.38722232 0.481968969
vn 0.594765663 0.45940572 0.659697056
vn 0.601990104 0.472842425 0.643450022
vn 0.335394681 0.516012371 0.788188875
vn 0.338474423 0.521115601 0.78350085
vn 0.0999951661 0.51994586 0.848326147
vn 0.0856196731 0.479838789 0.873168945
vn -0.405742019 0.86610961 0.291937679
vn -0.0283060521 0.941995263 0.334430486
vn -0.0495245233 0.957405746 0.284467071
vn -0.0695787221 0.959977448 0.271297008
vn -0.18741709 0.933765888 0.304887027
vn -0.269646049 0.930113316 0.249359533
vn -0.303934187 0.912119031 0.275068849
vn -0.358085394 0.886856318 0.291994303
vn -0.726184607 0.649603903 0.225101545
vn -0.651281774 0.697578311 0.298691392
vn -0.511969805 0.817226768 0.264626801
vn -0.929826617 0.282063097 0.236353278
vn -0.871061683 0.446478903 0.204714671
vn -0.875333011 0.428535074 0.223941624
vn -0.816019714 0.515195072 0.262079835
vn -0.76324451 0.584969282 0.274351567
vn -0.964765966 0.197310612 0.174055174
vn -0.931941628 0.280045033 0.230346546
vn -0.953270197 0.299045056 0.0429882109
vn -0.843139291 0.378189713 0.38221544
vn -0.859167278 0.437352479 0.265620798
vn -0.783628106 0.577518523 0.228909016
vn -0.711788416 0.618571758 0.332755536
vn -0.669257939 0.697397292 0.25638032
vn -0.508637667 0.820963144 0.259436458
vn -0.500964701 0.803263187 0.322184056
vn -0.535943747 0.795136273 0.283765018
vn -0.126009285 0.952324927 0.277846962
vn -0.255456269 0.918629825 0.301432163
vn -0.262547761 0.9134413 0.310956091
vn -0.361395299 0.889742255 0.278840661
vn -0.427929878 0.860002935 0.277976513
vn -1.48912331e-05 0.958592653 0.28478086
vn -6.17448086e-06 0.958578348 0.284828991
vn 7.67777328e-06 0.958581865 0.28481704
vn 3.27933253e-06 0.958587945 0.284796596
vn -0.975328863 0.1242873 0.182445347
vn -0.97726208 0.125102609 0.171196371
vn -0.976568878 0.123822965 0.176014394
vn -0.974343479 0.122008622 0.189126164
vn -0.977339983 0.0981511697 0.187544495
vn -0.975857198 0.104948543 0.191542402
vn -0.974442422 0.115143768 0.192883
vn -0.976590514 -0.00130032946 0.215102941
vn -0.983201265 0.053548988 0.174492791
vn -0.981390059 0.0485569648 0.185784355
vn -0.977291048 0.0804813802 0.196022913
vn -0.976930082 0.0938990787 0.19180882
vn -0.980796754 -0.0349386036 0.191877484
vn -0.978887558 -0.0239274129 0.202994019
vn -0.983376503 0.0157221071 0.180896267
vn -0.980149508 -0.0784896016 0.182061225
vn -0.978847086 -0.0610908046 0.195259646
vn -0.979546726 -0.0480298437 0.195400387
vn -0.974938393 -0.125878438 0.183438748
vn -0.974026918 -0.122903414 0.190174311
vn -0.974587262 -0.114019901 0.19281885
vn -0.979281068 -0.0846885145 0.183946922
vn -0.983090818 -0.0921484903 0.15824388
vn -0.982098103 -0.0888352767 0.166107208
vn -0.977103233 -0.125721008 0.171649292
vn -0.984079778 -0.00130546023 0.177722409
vn -0.980384171 -0.0450799353 0.191871628
vn -0.984548211 -0.034989059 0.171582609
vn -0.976314783 -0.0854183137 0.198779166
vn -0.976762176 -0.0846004114 0.196922243
vn -0.976428688 -0.124345675 0.176423386
vn -0.976273894 -0.124689296 0.177036375
vn -0.976483941 0.123300806 0.176850244
vn -0.977228165 0.0843165666 0.19471994
vn -0.981686115 0.0983041972 0.163182914
vn -0.979311109 0.0611631908 0.192895949
vn -0.977421284 0.0484752357 0.205664337
vn -0.981956542 0.0376135185 0.18532826
vn -0.983008265 -0.00449027959 0.183506474
vn -0.946417928 0.132257685 0.294620126
vn -0.964520514 0.159846053 0.210117742
vn -0.594760954 0.17324695 0.785012662
vn -0.325308055 0.140419438 0.935124099
vn -0.100884922 0.083251819 0.991408765
vn -0.398795396 0.848920166 0.346838206
vn -0.653509974 0.707038581 0.270224214
vn -0.944717109 0.231482074 0.232218862
vn -0.962638378 0.188193411 0.19470644
vn -0.866939068 0.423643857 0.26256904
vn -0.798159003 0.46095556 0.387894511
vn -0.870957255 0.42873013 0.240049735
vn -0.753452897 0.551097631 0.358608544
vn -0.819481254 0.514559805 0.252346337
vn -0.745706499 0.58307904 0.322398245
vn -0.0494413897 0.957264245 0.284957439
vn -0.0392806232 0.955978274 0.290796489
vn -0.0447747074 0.940891564 0.33573553
vn -0.0352165401 0.94030726 0.338499784
vn -0.0719337612 0.589086592 0.804861784
vn -0.03347902 0.620413899 0.78355968
vn -0.0680903122 0.699197292 0.711678922
vn -0.0466435924 0.714101613 0.698486447
vn -0.0236275159 0.783118248 0.621423781
vn -0.120893739 0.762249827 0.635892987
vn 0.0613893718 0.833950579 0.548413873
vn -0.0894584581 0.328818023 0.940146744
vn -0.073897332 0.399255902 0.913856626
vn -0.0729444996 0.471311361 0.878945231
vn -0.0838297755 0.460449278 0.883718848
vn -0.067412883 0.527855754 0.846654475
vn -0.0569178462 0.262107402 0.96335876
vn -0.0752476975 0.165652826 0.98330915
vn -0.0754445642 0.165800661 0.983269155
vn -0.0133037521 0.0900238678 0.995850742
vn -0.0741059929 0.0767388567 0.994293451
vn -0.0419642515 0.0971967354 0.994380116
vn -0.670744896 0.174430966 0.720884919
vn -0.72881645 0.200543538 0.654682219
vn -0.76952827 0.162435248 0.617609084
vn -0.96850121 0.127653211 0.213799119
vn -0.970460236 0.113153614 0.213080138
vn -0.968358338 0.106930584 0.225495026
vn -0.97058779 0.099410601 0.219264358
vn -0.968023419 0.0214285105 0.249942869
vn -0.899336338 0.367239416 0.237337977
vn -0.863756359 0.37080285 0.34121865
vn -0.937321484 0.294244647 0.186677679
vn -0.906450093 0.253865778 0.337491304
vn -0.927470326 0.252323836 0.275919437
vn -0.916087151 0.322609097 0.238133892
vn -0.934902787 0.306055427 0.179685444
vn -0.813158393 0.495045632 0.306109786
vn -0.768364608 0.496251345 0.404166341
vn -0.690099359 0.668266714 0.277817398
vn -0.62588954 0.672458112 0.395047307
vn -0.543394327 0.790166795 0.283476621
vn -0.505625904 0.797611654 0.328874052
vn -0.63647604 0.696294606 0.331771016
vn -0.498534679 0.795311749 0.344880193
vn -0.468521178 0.828825295 0.305837482
vn -0.409053713 0.855722189 0.31688264
vn -0.356299907 0.88276124 0.306240082
vn -0.297324926 0.903873801 0.307587475
vn -0.299259901 0.902394354 0.310045093
vn -0.552081466 0.719658792 0.42106688
vn -0.620371401 0.650752723 0.437790155
vn -0.634785891 0.620060146 0.461055607
vn -0.680711329 0.562192917 0.46965006
vn -0.69636178 0.515134156 0.499716967
vn -0.453696668 0.805112898 0.382037342
vn -0.45154646 0.80769515 0.379123151
vn -0.34862265 0.870822251 0.346598983
vn -0.354019314 0.86575526 0.353748709
vn -0.246926472 0.915631592 0.317247748
vn -0.258118153 0.907227099 0.332135588
vn -0.85221529 0.192420274 0.48652193
vn -0.869035542 0.152218238 0.470751315
vn -0.868962586 0.168293446 0.465382993
vn -0.728752971 0.22627449 0.64631182
vn -0.756466746 0.188920036 0.626152813
vn -0.617946029 0.222202212 0.754167676
vn -0.614219666 0.318727702 0.721905053
vn -0.226239517 0.145343155 0.963167191
vn -0.231643289 0.144195229 0.96205461
vn -0.233482465 0.21109347 0.949170947
vn -0.304034263 0.163675845 0.938495278
vn -0.297028959 0.293012887 0.908799887
vn -0.321061492 0.264591753 0.909346342
vn -0.476877868 0.193698362 0.857361317
vn -0.500255823 0.179566368 0.847053766
vn -0.500935555 0.19492884 0.843247473
vn -0.501041353 0.194878995 0.843196154
vn -0.495321602 0.335733801 0.801211178
vn -0.638947785 0.261872798 0.723303795
vn -0.517186344 0.368471295 0.772494137
vn -0.306350529 0.382421643 0.871724188
vn -0.0323404819 0.899153948 0.436435819
vn -0.0468178205 0.895784318 0.442016482
vn -0.0923365057 0.856617093 0.507623017
vn -0.0986235961 0.854216933 0.510477066
vn -0.139909282 0.80141449 0.581515491
vn -0.158347443 0.792164803 0.589407325
vn -0.20453915 0.714681566 0.668875158
vn -0.216734529 0.706745088 0.67345196
vn -0.261672258 0.604775012 0.75218004
vn -0.265043974 0.602051795 0.753183484
vn -0.302197903 0.48332122 0.821630716
vn -0.932152808 0.23858881 0.272335291
vn -0.92158848 0.237858266 0.306754261
vn -0.955315828 0.200429097 0.217255175
vn -0.953044653 0.168717846 0.25147599
vn -0.969744503 0.151607826 0.19133918
vn -0.968257844 0.163826078 0.188779578
vn -0.971652925 0.151215389 0.181726381
vn -0.966375768 0.143515527 0.213356778
vn -0.965344727 0.138686836 0.221078128
vn -0.937253177 0.169441923 0.304706275
vn -0.944410443 0.180556118 0.274751455
vn -0.870706737 0.236903995 0.430982947
vn -0.868630528 0.354427218 0.346211463
vn -0.943453729 0.0714958161 0.323702723
vn -0.943911076 0.128437668 0.304196805
vn -0.878734052 0.178021416 0.442871064
vn -0.875926614 0.242560565 0.417033523
vn -0.753207266 0.297802746 0.586508572
vn -0.759261906 0.289836407 0.582680166
vn -0.631845772 0.322903186 0.704630733
vn -0.591266215 0.540529788 0.598524749
vn -0.497766197 0.476206005 0.724883914
vn -0.295937896 0.489301026 0.820369005
vn -0.321740001 0.365793705 0.873314559
vn -0.0578037724 0.358064324 0.931905925
vn -0.0837569684 0.235567704 0.968242049
vn -0.54262495 0.734547138 0.407429367
vn -0.638287127 0.697625458 0.325435489
vn -0.677733302 0.627018392 0.384090483
vn -0.77374959 0.521629512 0.359463841
vn -0.770616353 0.518512487 0.370533764
vn -0.793776572 0.441308439 0.418527931
vn -0.722584486 0.474778444 0.502451062
vn -0.639226258 0.710035503 0.295363218
vn -0.696699798 0.610123277 0.377304941
vn -0.754309714 0.603607655 0.258214504
vn -0.820124567 0.43385765 0.373045862
vn -0.860766947 0.431321859 0.27026239
vn -0.887881458 0.312293887 0.337844729
vn -0.852888167 0.33717066 0.398619741
vn -0.859830081 0.337931126 0.382746309
vn -0.86080724 0.33667621 0.381654322
vn -0.747202218 0.393755645 0.535392702
vn -0.735959113 0.414269149 0.535486042
vn -0.55558902 0.461609185 0.691547394
vn -0.528685689 0.561176836 0.63684535
vn -0.507624745 0.584071934 0.633385479
vn -0.476068377 0.661482692 0.579482138
vn -0.436263204 0.696562588 0.569627047
vn -0.404319853 0.752198279 0.5203107
vn -0.347248495 0.791601777 0.502777398
vn -0.320461959 0.826186419 0.463379055
vn -0.252925277 0.861735463 0.439819098
vn -0.233911261 0.880586326 0.412132621
vn -0.165203884 0.907546282 0.386092514
vn -0.153624758 0.916645527 0.368999213
vn -0.0792189166 0.937479198 0.338905811
vn -0.157311186 0.942271233 0.295597851
vn -0.167802602 0.935873568 0.309811205
vn -0.191651151 0.941455722 0.277364343
vn -0.7287516 -0.226273715 0.646313608
vn -0.453187793 -0.200381532 0.868601203
vn -0.966319621 -0.143468395 0.213642746
vn -0.969731152 -0.15111576 0.191795632
vn -0.967981398 -0.166277334 0.188052729
vn -0.970675349 -0.152350545 0.185953364
vn -0.955227613 -0.216646299 0.201505899
vn -0.946223676 -0.144510001 0.289443702
vn -0.935958028 -0.300089896 0.184197336
vn -0.959883034 -0.194091946 0.202368155
vn -0.973572791 -0.0969692767 0.206767932
vn -0.96421051 -0.134886503 0.228262514
vn -0.967505753 -0.135797143 0.21328789
vn -0.970514834 -0.112665236 0.21309039
vn -0.96405822 -0.0961916521 0.247666866
vn -0.95787102 -0.120396547 0.260744631
vn -0.745267868 -0.185159534 0.640540242
vn -0.728812933 -0.200273678 0.654768825
vn -0.670003533 -0.174569741 0.721540511
vn -0.59027493 -0.173016891 0.788441896
vn -0.056170132 -0.0755302608 0.995560169
vn -0.0652266666 -0.0838402659 0.994342148
vn -0.0635799244 -0.192446426 0.979245603
vn -0.0734123588 -0.259572357 0.962929308
vn -0.0757869184 -0.262910575 0.96183908
vn -0.0715793669 -0.320249945 0.94462502
vn -0.0845661089 -0.360027909 0.929100871
vn -0.0275248569 -0.465869427 0.884425282
vn -0.12242008 -0.866989493 0.483055443
vn 0.0547907166 -0.805213809 0.590447903
vn -0.0435910299 -0.787118375 0.615259707
vn -0.0264223721 -0.698691905 0.714934587
vn -0.0383583754 -0.693937957 0.71901238
vn -0.070273608 -0.591163754 0.803484321
vn -0.0725597143 -0.589172244 0.804742932
vn -0.0644056723 -0.517633319 0.853175044
vn -0.111286305 -0.4123182 0.904217362
vn -0.0842135698 -0.939689875 0.331498116
vn -0.00969273876 -0.928108931 0.372182548
vn -0.0882988721 -0.878358662 0.469775885
vn -0.193453252 -0.93957454 0.282445669
vn -0.177525789 -0.94652319 0.269403875
vn -0.323535442 -0.890657842 0.319457978
vn -0.669897914 -0.676072299 0.30685994
vn -0.660878658 -0.688972056 0.29758513
vn -0.564021349 -0.76429069 0.312633395
vn -0.307205319 -0.141444057 0.94107306
vn -0.499692112 -0.16858609 0.849639058
vn -0.502228379 -0.241402864 0.830356121
vn -0.756465435 -0.188919336 0.626154602
vn -0.75566709 -0.256212503 0.602762282
vn -0.772169054 -0.291037768 0.564846873
vn -0.756312907 -0.325331211 0.567582905
vn -0.744128585 -0.411145866 0.526527941
vn -0.739078462 -0.396817416 0.544333458
vn -0.713355839 -0.508261085 0.48248741
vn -0.202737704 -0.126857728 0.97098124
vn -0.231673837 -0.145115152 0.961908937
vn -0.233480588 -0.211091369 0.949171901
vn -0.562304199 -0.188201174 0.805229366
vn -0.561042905 -0.273656458 0.781244516
vn -0.575926661 -0.296660215 0.761775017
vn -0.570022821 -0.361157119 0.737996995
vn -0.574887991 -0.369724512 0.729936719
vn -0.558108032 -0.466815382 0.686002076
vn -0.555588663 -0.461609244 0.691547632
vn -0.522011638 -0.581435323 0.62404871
vn -0.514814138 -0.563559234 0.646039784
vn -0.46116513 -0.692526817 0.55473721
vn -0.533822358 -0.784244299 0.316219211
vn -0.619328022 -0.65112865 0.438707501
vn -0.0328128152 -0.955092251 0.294486195
vn -0.0644088537 -0.937214494 0.342754275
vn -0.171686083 -0.930421174 0.32379058
vn -0.24093163 -0.873877406 0.422244281
vn -0.344642937 -0.849087775 0.400338888
vn -0.421100497 -0.749842107 0.510304987
vn -0.376305401 -0.76661396 0.520285785
vn -0.434656858 -0.811367273 0.390840858
vn -0.340108961 -0.901549041 0.267460704
vn -0.190623656 -0.873014331 0.448897064
vn -0.23546797 -0.908269107 0.345835358
vn -0.340724021 -0.897769332 0.279136896
vn -0.386652827 -0.796624839 0.464637935
vn -0.705916345 -0.481193781 0.519744813
vn -0.661901116 -0.609371722 0.436523765
vn -0.452068985 -0.665157437 0.594305634
vn -0.410363108 -0.742385805 0.529589832
vn -0.294740438 -0.795264304 0.529795051
vn -0.228187099 -0.874098361 0.428815484
vn -0.151538774 -0.884483337 0.441276848
vn -0.079345867 -0.940531254 0.330310732
vn -0.104437873 -0.941408515 0.320691049
vn -0.127675235 -0.895291865 0.426792145
vn -0.0871287137 -0.867276609 0.490142763
vn -0.147162646 -0.791142285 0.59366405
vn -0.15138489 -0.802563071 0.577039957
vn -0.209004 -0.70635289 0.676300943
vn -0.212564811 -0.715136528 0.665879786
vn -0.262761861 -0.602012217 0.754014254
vn -0.264061391 -0.604820251 0.751308203
vn -0.300544262 -0.489273101 0.818709314
vn -0.297359347 -0.483346909 0.823379159
vn -0.318736017 -0.382187992 0.867375195
vn -0.308728427 -0.366046876 0.87789315
vn -0.318076283 -0.292428374 0.90183872
vn -0.2990098 -0.265139341 0.916675687
vn -0.304032385 -0.163673937 0.938496232
vn -0.0828173012 -0.165728986 0.982687771
vn -0.0490961261 -0.128406107 0.990505636
vn -0.954601526 -0.187267497 0.231661037
vn -0.952974081 -0.170165569 0.250766963
vn -0.942192018 -0.26840198 0.200585529
vn -0.939407468 -0.238295346 0.246432528
vn -0.898815989 -0.360889614 0.248774037
vn -0.905761659 -0.329512388 0.266490787
vn -0.862568319 -0.441435486 0.247205615
vn -0.869267404 -0.408629805 0.278201044
vn -0.817146361 -0.505832314 0.276415348
vn -0.531324446 -0.823522329 0.198759228
vn -0.460242778 -0.818404496 0.344079375
vn -0.48527503 -0.789096296 0.37661013
vn -0.48182705 -0.835616827 0.263793826
vn -0.579178691 -0.714979231 0.39160791
vn -0.577211857 -0.76656723 0.281427056
vn -0.663453043 -0.630668938 0.40259999
vn -0.6639902 -0.684663117 0.300588489
vn -0.733544469 -0.542525232 0.409363955
vn -0.7370134 -0.595138371 0.320346028
vn -0.787856519 -0.456866354 0.412983418
vn -0.763075531 -0.573620081 0.297784716
vn -0.758030117 -0.57567215 0.30658105
vn -0.788499355 -0.499927968 0.358246803
vn -0.789247751 -0.557237148 0.258020848
vn -0.840240359 -0.412577033 0.351818591
vn -0.843861282 -0.468761921 0.261075377
vn -0.878821015 -0.334518105 0.340251803
vn -0.884404778 -0.38609454 0.262219697
vn -0.908274531 -0.249702483 0.335687459
vn -0.926971197 -0.276341319 0.253692448
vn -0.937253237 -0.169442162 0.304706007
vn -0.944410324 -0.180556059 0.274751931
vn -0.946380138 -0.134604394 0.293677151
vn -0.93582654 -0.135970995 0.325177759
vn -0.921169698 -0.103881195 0.375040084
vn -0.849483252 -0.19949913 0.488444746
vn -0.800522447 -0.159621477 0.5776546
vn -0.869038522 -0.153642133 0.470283002
vn -0.86896199 -0.168292552 0.465384424
vn -0.878733933 -0.178020909 0.442871541
vn -0.875926495 -0.242560163 0.41703397
vn -0.870706916 -0.236903891 0.430982649
vn -0.859943032 -0.337246537 0.383096278
vn -0.859059036 -0.333145827 0.388627678
vn -0.816470444 -0.428054869 0.387485564
vn -0.793757796 -0.503975332 0.34052521
vn -0.654424131 -0.571972132 0.494547218
vn -0.619944334 -0.651610911 0.437118024
vn -0.512608886 -0.731131077 0.450199366
vn -0.457562894 -0.807391047 0.372499466
vn -0.337587386 -0.84995234 0.404494524
vn -0.269148409 -0.911059201 0.312298447
vn -0.147465229 -0.929814517 0.337192744
vn -0.121159829 -0.94601965 0.300611258
vn -0.0502557866 -0.957383513 0.284413636
vn -0.0484780036 -0.954128265 0.295447379
vn -0.972940683 -0.0600714274 -0.223109409
vn -0.394399792 -0.789021075 -0.471056819
vn -0.85517478 -0.0652047619 -0.514222145
vn -0.0918466449 -0.204333156 -0.974583089
vn -0.128847182 -0.335903078 -0.933042109
vn -0.964206755 -0.206047863 -0.166882157
vn -0.988922536 0.00181334931 -0.1484216
vn -0.988075793 -0.0058603948 -0.153856725
vn -0.993566155 -0.00539975893 -0.11312449
vn -0.991700113 -0.0218248907 -0.126706704
vn -0.991873384 -0.0220320262 -0.125306532
vn -0.885450482 -0.417666256 -0.203794912
vn -0.836570919 -0.46058467 -0.296666205
vn -0.927971005 -0.329114288 -0.174795732
vn -0.869540691 -0.369511485 -0.327658713
vn -0.929079115 -0.317681283 -0.189448103
vn -0.722622573 -0.636530519 -0.26952824
vn -0.638592958 -0.719006717 -0.274277866
vn -0.563617349 -0.748115838 -0.350225896
vn -0.634424746 -0.723136663 -0.273090869
vn -0.49442625 -0.809520245 -0.316574901
vn -0.0888741836 -0.943390846 -0.319554538
vn -0.0251523368 -0.929008603 -0.369202346
vn -0.10458035 -0.498842567 -0.860359848
vn -0.0686490238 -0.611705899 -0.788101017
vn -0.13541387 -0.140920505 -0.980716348
vn -0.353044957 -0.114335768 -0.928593874
vn -0.213022545 -0.0990781039 -0.972010791
vn -0.216422081 -0.0977950916 -0.971389532
vn -0.724376142 -0.0950391963 -0.682822645
vn -0.642020345 -0.110448919 -0.758690238
vn -0.623551309 -0.116748638 -0.773015857
vn -0.556313157 -0.10680376 -0.824080467
vn -0.493700266 -0.121408358 -0.861115575
vn -0.436858177 -0.110297829 -0.892742574
vn -0.34222725 -0.117482297 -0.932243764
vn -0.965918064 -0.0566019751 -0.252583623
vn -0.992956102 0.0155743156 -0.117454991
vn -0.984058738 -0.0236075986 -0.176269963
vn -0.217374876 -0.933502197 -0.28516981
vn -0.330110937 -0.884349227 -0.330080628
vn -0.311980724 -0.900641203 -0.30251193
vn -0.42635411 -0.83589983 -0.345678598
vn -0.413866371 -0.849776328 -0.326488614
vn -0.515418112 -0.77956444 -0.355841935
vn -0.520759642 -0.772033989 -0.364380181
vn -0.571141422 -0.754817843 -0.322564006
vn -0.530977309 -0.805401087 -0.26342392
vn -0.522500038 -0.801129103 -0.291866124
vn -0.379550815 -0.876745224 -0.295396417
vn -0.352196217 -0.90433681 -0.241107479
vn -0.248679549 -0.909498394 -0.333123386
vn -0.189471439 -0.937909484 -0.290562093
vn -0.0527863875 -0.953102946 -0.29800728
vn -0.0530331433 -0.95716536 -0.284643501
vn -0.736350596 -0.579430878 -0.349353254
vn -0.679673493 -0.608685255 -0.40932399
vn -0.381040365 -0.809090614 -0.447415531
vn -0.299645394 -0.859310448 -0.414485425
vn -0.293064415 -0.866927147 -0.403175652
vn -0.208095834 -0.906897128 -0.366379201
vn -0.207732052 -0.907232761 -0.365754247
vn -0.0975104421 -0.944122553 -0.314840078
vn -0.0942804143 -0.929352582 -0.35695228
vn -0.0668337718 -0.94782424 -0.311708927
vn -0.0570011884 -0.954086542 -0.29405728
vn -0.190143302 -0.738911033 -0.646417856
vn -0.28623566 -0.804345608 -0.520669997
vn -0.383698165 -0.560613275 -0.733817697
vn -0.542999625 -0.536423028 -0.646066368
vn -0.792035401 -0.406292439 -0.455638468
vn -0.0829944462 -0.899012744 -0.429986119
vn -0.0820979923 -0.899380267 -0.429389179
vn -0.0916267186 -0.878685176 -0.468526363
vn -0.13957575 -0.85842818 -0.493578434
vn -0.165389076 -0.820841014 -0.546686828
vn -0.204717979 -0.798581302 -0.56600219
vn -0.245633826 -0.717363119 -0.651961803
vn -0.457056403 -0.700948536 -0.547513068
vn -0.51408875 -0.530926406 -0.673668981
vn -0.804721713 -0.0947846547 -0.586036563
vn -0.782153666 -0.116189569 -0.61215657
vn -0.785422027 -0.159642011 -0.598018944
vn -0.0934381038 -0.429703176 -0.898122787
vn -0.0906259418 -0.513753057 -0.853138149
vn -0.271795213 -0.518631339 -0.81064719
vn -0.406770349 -0.566614985 -0.716578901
vn -0.34751913 -0.571771741 -0.743173957
vn -0.229180664 -0.6363644 -0.736557245
vn -0.0813199654 -0.626005173 -0.775567234
vn -0.060802944 -0.725176156 -0.685873568
vn -0.0480969697 -0.731452405 -0.68019408
vn -0.0489443652 -0.806763351 -0.588844061
vn 0.01178692 -0.822675526 -0.568388999
vn -0.0642405525 -0.876292646 -0.477477044
vn -0.809806645 -0.225138023 -0.541780412
vn -0.805162251 -0.122489452 -0.580267191
vn -0.672118485 -0.17370002 -0.71978122
vn -0.628625154 -0.166677922 -0.759637296
vn -0.556214929 -0.185505792 -0.810069501
vn -0.499158353 -0.1751872 -0.848616779
vn -0.421648711 -0.189897865 -0.886651635
vn -0.358941793 -0.177038565 -0.91641593
vn -0.278245717 -0.188185856 -0.941894591
vn -0.222495586 -0.175188959 -0.959064424
vn -0.050006751 -0.191136628 -0.980288804
vn -0.074835144 -0.095043309 -0.992656291
vn -0.0629294738 -0.0856492147 -0.994336009
vn -0.896971345 -0.290311396 -0.33340919
vn -0.931221426 -0.255562246 -0.25983578
vn -0.992982388 -0.0499981269 -0.107173763
vn -0.99236232 -0.0479427278 -0.113659412
vn -0.995103002 -0.0316804573 -0.0936290324
vn -0.99397862 -0.0196056832 -0.107805699
vn -0.989544213 -0.0445447415 -0.137178674
vn -0.990031183 -0.0447200723 -0.133560508
vn -0.979116142 -0.069512248 -0.191048771
vn -0.99281615 -0.0678618401 -0.0985434353
vn -0.962309062 -0.129935443 -0.238910213
vn -0.973173857 -0.129636377 -0.19007118
vn -0.95778811 -0.174359798 -0.228562087
vn -0.759398043 -0.438596934 -0.48056981
vn -0.833265424 -0.32867378 -0.444569737
vn -0.839087188 -0.229186282 -0.493362308
vn -0.925556242 -0.168049783 -0.339271128
vn -0.922837019 -0.0745222121 -0.377912998
vn -0.916200936 -0.0966375917 -0.388891995
vn -0.843439996 -0.388555408 -0.370990127
vn -0.895683169 -0.288929939 -0.338040173
vn -0.896334469 -0.283161491 -0.341180503
vn -0.913479507 -0.223545656 -0.339974314
vn -0.914846182 -0.156043813 -0.372433633
vn -0.98142159 -0.0764260739 -0.175984934
vn -0.979761124 -0.0215219315 -0.199009791
vn -0.983600795 0.017275881 -0.179529905
vn -0.913835049 -0.0604433157 -0.401562095
vn -0.924000084 -0.0726526827 -0.375427067
vn -0.889377654 -0.0649602041 -0.452534586
vn -0.756586492 -0.618420839 -0.212444335
vn -0.808716893 -0.514616191 -0.284863412
vn -0.765173852 -0.545051277 -0.342677772
vn -0.819783866 -0.532663405 -0.210295409
vn -0.694198489 -0.618139267 -0.368771374
vn -0.75709939 -0.608333051 -0.238183632
vn -0.6994192 -0.645864964 -0.306057572
vn -0.70326674 -0.648464739 -0.291392148
vn -0.606875777 -0.694897652 -0.385770708
vn -0.608514726 -0.691875815 -0.388609916
vn -0.463863432 -0.733663023 -0.496557415
vn -0.501606405 -0.650881708 -0.569863141
vn -0.532720804 -0.743428171 -0.404379934
vn -0.628281951 -0.489327133 -0.604831159
vn -0.658397853 -0.493313402 -0.568466485
vn -0.0888621211 -0.257160872 -0.962274313
vn -0.111293621 -0.349748433 -0.930209517
vn -0.275568664 -0.344314814 -0.897501647
vn -0.297049582 -0.350409627 -0.888242424
vn -0.421577543 -0.337751001 -0.841544211
vn -0.440710008 -0.342278481 -0.829831362
vn -0.557843924 -0.321832776 -0.765005767
vn -0.571807742 -0.324599504 -0.753439486
vn -0.6745736 -0.297730237 -0.675505102
vn -0.681823373 -0.29894954 -0.667642117
vn -0.769944608 -0.266706526 -0.579700708
vn -0.751397848 -0.442470461 -0.489511132
vn -0.721797168 -0.439930409 -0.534294009
vn -0.67905879 -0.595203161 -0.429665476
vn -0.721704543 -0.623246372 -0.301175147
vn -0.706439435 -0.532778323 -0.465929836
vn -0.825119197 -0.463567317 -0.32292974
vn -0.825337112 -0.463772863 -0.322076738
vn -0.869185209 -0.425796807 -0.251424193
vn -0.823353171 -0.432032138 -0.368018746
vn -0.914602458 -0.347715557 -0.206388682
vn -0.874560058 -0.35529542 -0.330015033
vn -0.949063241 -0.26896134 -0.164130256
vn -0.916068494 -0.276973128 -0.290007502
vn -0.972904921 -0.193251505 -0.126924857
vn -0.947579205 -0.200617433 -0.248689204
vn -0.9875049 -0.124439739 -0.0966891274
vn -0.969448388 -0.130259156 -0.207851812
vn -0.982627809 -0.10406433 -0.15366593
vn -0.978485525 -0.180706352 -0.0995555595
vn -0.430207729 0.29229632 -0.854098439
vn -0.63154757 0.186686158 -0.752526402
vn -0.994052529 0.0175300129 -0.107481249
vn -0.99437207 0.0274094306 -0.102336995
vn -0.661409914 0.698962271 -0.272008657
vn -0.22980541 0.155397579 -0.960750282
vn -0.96210444 0.0132797901 -0.272357672
vn -0.978517652 0.0303300228 -0.203919902
vn -0.919282973 0.0578227378 -0.389326781
vn -0.912983656 0.0715587437 -0.401671708
vn -0.884862959 0.0674220249 -0.46094659
vn -0.720719814 0.172002658 -0.671548963
vn -0.801840067 0.0984918401 -0.589365661
vn -0.852491021 0.0686791465 -0.51821059
vn -0.101960897 0.297582328 -0.949235857
vn -0.0931695253 0.285622805 -0.953802407
vn -0.0954778641 0.225679725 -0.969511569
vn -0.102581181 0.512877941 -0.852310538
vn -0.0978241488 0.453295559 -0.885976076
vn -0.106722057 0.39954868 -0.910478592
vn -0.113100283 0.409204632 -0.905405939
vn -0.0981730446 0.359230071 -0.928071022
vn -0.0965402052 0.878263235 -0.468330801
vn 0.0125988526 0.845998108 -0.533037066
vn -0.06533847 0.808483958 -0.584879994
vn -0.0247552525 0.764783919 -0.643811107
vn -0.0810508281 0.726821601 -0.682027221
vn -0.067789048 0.669904828 -0.739345789
vn -0.0997951031 0.626333833 -0.773140907
vn -0.0944755748 0.613411486 -0.784092247
vn -0.0820901915 0.537131131 -0.839494705
vn -0.0203721542 0.958439469 -0.284567773
vn -0.0214079805 0.943960309 -0.329363972
vn -0.28863281 0.906957328 -0.30678907
vn -0.223677233 0.935751677 -0.272648603
vn -0.541656077 0.780841291 -0.311280459
vn -0.761227369 0.597474635 -0.252105117
vn -0.781304955 0.55278343 -0.289815664
vn -0.720459163 0.638673306 -0.270249844
vn -0.90750277 0.360006988 -0.216410995
vn -0.889491916 0.414228499 -0.192922056
vn -0.994475305 0.0210564099 -0.102837093
vn -0.994187713 0.0273419525 -0.104130581
vn -0.986548781 0.0917808861 -0.135269299
vn -0.987028837 0.110568553 -0.116398774
vn -0.968504608 0.191805109 -0.158775553
vn -0.993009269 0.0654730797 -0.0982131809
vn -0.988660455 -0.00190101902 -0.150156096
vn -0.987617135 0.00707314443 -0.156723902
vn -0.989380062 -0.00140137237 -0.145345047
vn -0.993615687 0.000496862631 -0.11281655
vn -0.99331516 0.0158179235 -0.114345178
vn -0.990040958 0.0201757737 -0.139326334
vn -0.991959631 0.0217071362 -0.12467894
vn -0.802503109 0.124087393 -0.583601832
vn -0.427623361 0.166384012 -0.888512611
vn -0.230321378 0.194162443 -0.953547597
vn -0.221448198 0.0888498351 -0.971116066
vn -0.0717191324 0.0991610959 -0.992483497
vn -0.0538664423 0.0892668068 -0.994550049
vn -0.802706838 0.285637081 -0.523519993
vn -0.79490757 0.3719275 -0.479366094
vn -0.786240697 0.348822832 -0.510047317
vn -0.7658813 0.469289005 -0.439538002
vn -0.13996911 0.126630813 -0.982025087
vn -0.353536695 0.0664519444 -0.933057308
vn -0.367378294 0.199512303 -0.908420622
vn -0.558361709 0.163054332 -0.813415945
vn -0.562445343 0.268270224 -0.782103777
vn -0.631278217 0.310910791 -0.710508466
vn -0.629457355 0.348806232 -0.694346905
vn -0.629624188 0.349091381 -0.694052279
vn -0.617286921 0.457637429 -0.639941275
vn -0.609595895 0.442543417 -0.657683969
vn -0.581778407 0.571751237 -0.578475952
vn -0.569346428 0.543405771 -0.616891265
vn -0.522834122 0.680841804 -0.512931705
vn -0.451953501 0.731710494 -0.510233104
vn -0.509614587 0.771884024 -0.380115807
vn -0.424488187 0.870432198 -0.249314174
vn -0.267216533 0.850097775 -0.453794062
vn -0.314362764 0.884034097 -0.345918775
vn -0.401989937 0.870019197 -0.28543067
vn -0.390295446 0.886200368 -0.249636367
vn -0.481435806 0.725017488 -0.49251318
vn -0.418906748 0.823760927 -0.382014424
vn -0.296723813 0.862499774 -0.409937888
vn -0.240060896 0.918252289 -0.314934164
vn -0.088675119 0.935657978 -0.341585755
vn -0.0612013116 0.954333603 -0.292406917
vn -0.025095487 0.955620468 -0.293529719
vn -0.755201757 0.434577554 -0.49072665
vn -0.718510985 0.569840848 -0.398777336
vn -0.50865525 0.643466115 -0.572032511
vn -0.474944949 0.720869362 -0.5047521
vn -0.348786473 0.790748477 -0.503055513
vn -0.297604173 0.862429261 -0.409447819
vn -0.193433017 0.883330405 -0.426979035
vn -0.124512367 0.944957972 -0.302574098
vn -0.0463159718 0.937976837 -0.3435902
vn 0.0526578054 0.938382804 -0.341562331
vn -0.0552201793 0.919495583 -0.389202505
vn -0.0727493018 0.902491748 -0.424518824
vn -0.128774002 0.879986167 -0.45721063
vn -0.129621074 0.881449938 -0.454141378
vn -0.189375505 0.794740319 -0.576649606
vn -0.200960398 0.820473075 -0.535199821
vn -0.256489873 0.713390172 -0.652140617
vn -0.267865926 0.737326801 -0.620158851
vn -0.314160526 0.613476574 -0.724534094
vn -0.323181659 0.630758941 -0.705476224
vn -0.355049908 0.503461063 -0.787697017
vn -0.358677953 0.509641349 -0.782058716
vn -0.375547409 0.395043463 -0.838394165
vn -0.370685607 0.387707502 -0.843963921
vn -0.374165088 0.339524418 -0.86297375
vn -0.286359757 0.286434323 -0.914304912
vn -0.286236525 0.167311281 -0.943438172
vn -0.107077144 0.186135456 -0.976671934
vn -0.0748826116 0.162414744 -0.983877063
vn -0.986253142 0.0673937351 -0.150873601
vn -0.985369861 0.0638542101 -0.158015385
vn -0.982291102 0.148237273 -0.114585608
vn -0.978689015 0.110095099 -0.173340335
vn -0.951568902 0.251440316 -0.176902324
vn -0.956363618 0.215527177 -0.19727312
vn -0.944812655 0.269084424 -0.186876059
vn -0.661005557 0.700582623 -0.268804044
vn -0.509968817 0.815864742 -0.272573858
vn -0.568349481 0.739885569 -0.359928042
vn -0.568124592 0.78739053 -0.239271045
vn -0.65355891 0.659398675 -0.371556401
vn -0.654941022 0.712148309 -0.25277859
vn -0.729253888 0.569662452 -0.379042864
vn -0.732997954 0.625751019 -0.266738892
vn -0.791888654 0.476629436 -0.381754875
vn -0.607361972 0.739418566 -0.290467948
vn -0.679527342 0.603671551 -0.416921139
vn -0.798282862 0.533005714 -0.280445039
vn -0.824025571 0.456879288 -0.335027069
vn -0.887326956 0.348414242 -0.302090079
vn -0.896267295 0.288211823 -0.337103635
vn -0.923849225 0.135290623 -0.358049005
vn -0.932932436 0.136621237 -0.33312422
vn -0.929916918 0.22916767 -0.287639827
vn -0.437454194 0.139564037 -0.888344347
vn -0.560669184 0.104143001 -0.821464717
vn -0.6250422 0.119124986 -0.771447659
vn -0.775863349 0.0760996714 -0.626294553
vn -0.783704102 0.15968135 -0.600258052
vn -0.91367346 0.0815328062 -0.398187399
vn -0.922037303 0.0903159156 -0.376417637
vn -0.979749262 0.0208216831 -0.199142724
vn -0.981462061 0.0748997629 -0.176414877
vn -0.972772002 0.0580539033 -0.224375486
vn -0.970193207 0.174727619 -0.167914912
vn -0.950419664 0.142151654 -0.27657795
vn -0.936138213 0.29315564 -0.194177777
vn -0.928426027 0.233229548 -0.289186954
vn -0.902315497 0.381121755 -0.201427296
vn -0.896630228 0.319243163 -0.306819141
vn -0.855526328 0.475154221 -0.205677316
vn -0.852765381 0.415126234 -0.316956431
vn -0.831908882 0.485044807 -0.269553542
vn -0.835961759 0.481498718 -0.263300002
vn -0.339584857 0.118632875 -0.933063984
vn -0.496394336 0.109285831 -0.861190617
vn -0.505447447 0.19778581 -0.839883089
vn -0.67075181 0.155030087 -0.725298345
vn -0.675296187 0.257577896 -0.691106856
vn -0.807059169 0.207807451 -0.552694798
vn -0.820291936 0.235271648 -0.521314144
vn -0.890620112 0.192910433 -0.41180259
vn -0.885694504 0.287322819 -0.364679039
vn -0.890763581 0.292887986 -0.347500861
vn -0.842865288 0.383652866 -0.377344161
vn -0.825493395 0.458254457 -0.329489738
vn -0.707888365 0.52630496 -0.47105965
vn -0.681190848 0.604856551 -0.412465334
vn -0.573889613 0.699539363 -0.425787985
vn -0.532091975 0.769355834 -0.353510648
vn -0.403782487 0.826686084 -0.391854286
vn -0.348067939 0.887185991 -0.302902192
vn -0.207370654 0.919417441 -0.33416903
vn -0.184404612 0.936793864 -0.297341913
vn -0.0877586082 0.952365458 -0.292059034
vn 0.0658888742 0.196395591 -0.978308439
vn 0.942241848 0.250653446 -0.222155765
vn 0.421253562 0.0695283264 -0.904273868
vn 0.288101733 0.120216221 -0.950023949
vn 0.095338732 0.111462899 -0.989184797
vn 0.164505258 0.0835609883 -0.982830405
vn 0.0229779184 0.0873310789 -0.99591428
vn 0.0514360256 0.0803491548 -0.995438755
vn 0.616153061 0.167846993 -0.769534111
vn 0.533987641 0.184738934 -0.825062871
vn 0.560696602 0.174505055 -0.809424102
vn 0.428570807 0.155755162 -0.889981687
vn 0.249145404 0.206868023 -0.946114242
vn 0.727099955 0.192644164 -0.658949077
vn 0.940699816 0.144208133 -0.307063341
vn 0.909426451 0.104191951 -0.402601033
vn 0.809603572 0.276210964 -0.517928123
vn 0.970754504 0.0989083946 -0.218752921
vn 0.945697725 0.156668365 -0.284799695
vn 0.951738417 0.135654867 -0.275302976
vn 0.97766012 0.0417419448 -0.206005707
vn 0.968505621 0.127158254 -0.214074001
vn 0.96552515 0.137358785 -0.2211193
vn 0.96660924 0.142440453 -0.213019565
vn 0.950848997 0.155552492 -0.267749161
vn 0.957341969 0.205677584 -0.202960834
vn 0.962172925 0.204326227 -0.180205449
vn 0.96995753 0.15045695 -0.191167668
vn 0.64729917 0.711693525 -0.272939682
vn 0.731295347 0.607298553 -0.310476303
vn 0.00458561257 0.841712415 -0.539906621
vn 0.0233080965 0.802029133 -0.596829951
vn 0.0706320703 0.584200859 -0.808529854
vn 0.052742254 0.649877846 -0.758206487
vn 0.209863693 0.717257798 -0.664453566
vn -0.0567322709 0.760387301 -0.646987319
vn 0.0652656779 0.694744706 -0.716289163
vn 0.0883435458 0.326424956 -0.941085637
vn 0.0746170357 0.388734668 -0.918323278
vn 0.0680618435 0.465106577 -0.882634401
vn 0.0653417036 0.467589647 -0.881527305
vn 0.0696527064 0.583120227 -0.809394419
vn 0.894235134 0.341841131 -0.288943112
vn 0.875024736 0.420046061 -0.240609646
vn 0.859474599 0.429367065 -0.277393728
vn 0.964741588 0.158694044 -0.209975883
vn 0.955738246 0.198270291 -0.217378229
vn 0.95356071 0.170307323 -0.248429835
vn 0.946498394 0.246485412 -0.208292529
vn 0.928299904 0.248271912 -0.276803762
vn 0.91648972 0.32513541 -0.233095586
vn 0.922035813 0.322458357 -0.214174062
vn 0.758729458 0.525748134 -0.384601712
vn 0.693707883 0.666572511 -0.272856206
vn 0.740774155 0.583936632 -0.332071751
vn 0.697607398 0.606040418 -0.382176608
vn 0.638953269 0.712591469 -0.289744854
vn 0.497049272 0.797877967 -0.341075867
vn 0.449697942 0.58900851 -0.671446741
vn 0.404697597 0.698090017 -0.590669274
vn 0.480838954 0.748140633 -0.457252115
vn 0.0300648734 0.954583645 -0.296422273
vn 0.0709234178 0.935804665 -0.345310688
vn 0.0714674443 0.939442694 -0.335171342
vn 0.155881539 0.915627301 -0.370577365
vn 0.165839761 0.90742451 -0.386106133
vn 0.237367168 0.878614187 -0.414359689
vn 0.254327416 0.860852778 -0.440738082
vn 0.324411213 0.822934628 -0.466407508
vn 0.348560214 0.789854884 -0.504613757
vn 0.408080757 0.747641027 -0.523930311
vn 0.45331049 0.659564078 -0.599570513
vn 0.0487301685 0.957180202 -0.285362005
vn 0.167796463 0.93606019 -0.309250146
vn 0.15777941 0.942450762 -0.29477486
vn 0.259865344 0.90615499 -0.333696187
vn 0.247807011 0.915700376 -0.316361308
vn 0.356867373 0.8637833 -0.355702311
vn 0.349989593 0.870605052 -0.345766008
vn 0.455046803 0.804810226 -0.381068081
vn 0.455411285 0.804347575 -0.381609201
vn 0.546225131 0.730835736 -0.409288704
vn 0.553869665 0.718111038 -0.42136085
vn 0.623719811 0.646263361 -0.439678609
vn 0.636436999 0.61763525 -0.462033153
vn 0.727251768 0.192453533 -0.658837199
vn 0.727006078 0.225766644 -0.648453236
vn 0.879193425 0.159749359 -0.448886454
vn 0.815407515 0.436906338 -0.379767627
vn 0.818432808 0.424414724 -0.387349784
vn 0.724772394 0.469545037 -0.504214704
vn 0.737305343 0.409805059 -0.537066698
vn 0.6147542 0.445063919 -0.651149273
vn 0.266529441 0.596564889 -0.757015467
vn 0.262247413 0.600120544 -0.755699396
vn 0.219298422 0.701770723 -0.677809715
vn 0.2056344 0.710880041 -0.672580123
vn 0.161265165 0.788319945 -0.593755186
vn 0.1412386 0.798590899 -0.585067689
vn 0.100936092 0.851959586 -0.513786733
vn 0.0949663743 0.854288399 -0.511050642
vn 0.0438467041 0.894141972 -0.445631713
vn 0.0405289494 0.894898415 -0.444425732
vn 0.0293177441 0.935320795 -0.352584004
vn 0.184963986 0.940833926 -0.283936411
vn 0.295729488 0.905234993 -0.30511263
vn 0.297938138 0.903481245 -0.308146924
vn 0.341966808 0.888233006 -0.306758583
vn 0.419315726 0.853077769 -0.310536087
vn 0.466004699 0.833629131 -0.296482831
vn 0.500555933 0.793710589 -0.345640391
vn 0.639340162 0.694034278 -0.330999345
vn 0.641699255 0.695819855 -0.322578341
vn 0.726380467 0.495612383 -0.47617203
vn 0.74009043 0.593073189 -0.317065269
vn 0.770487785 0.516849697 -0.373115152
vn 0.683580101 0.557114005 -0.471531749
vn 0.697866499 0.511731625 -0.501111865
vn 0.568663359 0.548451006 -0.613044441
vn 0.528896809 0.517589211 -0.672584236
vn 0.556021988 0.512918711 -0.654029012
vn 0.498624831 0.470988572 -0.727697074
vn 0.300696939 0.483435094 -0.822114289
vn 0.343319982 0.566115737 -0.749429345
vn 0.225221619 0.476308197 -0.849944532
vn 0.0511668473 0.135501206 -0.989455104
vn 0.0812667459 0.162782028 -0.983309567
vn 0.16523625 0.16191113 -0.972872972
vn 0.23198548 0.18312639 -0.955325842
vn 0.289552569 0.180678204 -0.939954638
vn 0.366319299 0.202952966 -0.908086061
vn 0.427233249 0.197657198 -0.882271707
vn 0.498667181 0.216530055 -0.839312673
vn 0.561452925 0.207188234 -0.801151454
vn 0.616603613 0.220545143 -0.755751193
vn 0.756079078 0.184703827 -0.62787652
vn 0.752495706 0.295016855 -0.588825285
vn 0.876413763 0.239296198 -0.417894989
vn 0.871651232 0.233908758 -0.43070963
vn 0.868383288 0.119437799 -0.481295198
vn 0.868417919 0.183099881 -0.460787058
vn 0.946953356 0.12364345 -0.29663384
vn 0.944954038 0.178310335 -0.274348795
vn 0.938043237 0.16711393 -0.303558648
vn 0.933358431 0.235170737 -0.271176636
vn 0.922618926 0.233906403 -0.306695431
vn 0.901407182 0.364390314 -0.233847737
vn 0.864822268 0.366213053 -0.343468189
vn 0.830825269 0.489915818 -0.264030069
vn 0.781391919 0.525468707 -0.336614519
vn 0.0709988326 0.246793896 -0.966463625
vn 0.108358338 0.306556463 -0.945664644
vn 0.221947715 0.309009582 -0.924798489
vn 0.256957471 0.321079642 -0.91152662
vn 0.358880788 0.31823954 -0.877455533
vn 0.393005341 0.328686476 -0.858785212
vn 0.493183047 0.320054263 -0.808910191
vn 0.521829247 0.327912271 -0.787507296
vn 0.612362146 0.313685566 -0.725681722
vn 0.632575035 0.318745106 -0.705868542
vn 0.759998739 0.284891307 -0.584156573
vn 0.748480916 0.389003664 -0.537077725
vn 0.86151582 0.333462447 -0.382874995
vn 0.860497892 0.328765899 -0.389174014
vn 0.88929683 0.308553994 -0.33755824
vn 0.872217119 0.396048874 -0.287023783
vn 0.870405376 0.393625975 -0.29572475
vn 0.800571918 0.500907302 -0.328901947
vn 0.757627606 0.601579249 -0.253185362
vn 0.626699984 0.668575346 -0.40031752
vn 0.545095801 0.790717602 -0.27863282
vn 0.380426437 0.852090955 -0.359467357
vn 0.585504591 -0.658128202 -0.473340899
vn 0.504163623 -0.791509688 -0.345443785
vn 0.664548337 -0.607020915 -0.435776412
vn 0.361508876 -0.286062837 -0.887400329
vn 0.561603665 -0.231306359 -0.794417202
vn 0.970131814 -0.149475053 -0.191053465
vn 0.923009992 -0.319364488 -0.214613318
vn 0.755799472 -0.1809064 -0.629317105
vn 0.964183509 -0.100437038 -0.245484352
vn 0.358516335 -0.17506215 -0.916961968
vn 0.495986551 -0.152207285 -0.854886115
vn 0.560829699 -0.17866163 -0.808424413
vn 0.664005697 -0.163901329 -0.729542851
vn 0.0427546501 -0.0950305536 -0.994555771
vn 0.0661105737 -0.583550453 -0.809381425
vn 0.0683394819 -0.494333446 -0.866581857
vn 0.0852491334 -0.466912866 -0.88018465
vn 0.0704480782 -0.425276011 -0.902317762
vn 0.0797353908 -0.353027314 -0.932209194
vn 0.0600505769 -0.32510221 -0.943770349
vn 0.0793104693 -0.257526428 -0.963010907
vn 0.0756741837 -0.250246853 -0.965220153
vn 0.0643039271 -0.213104591 -0.974910975
vn 0.098937735 -0.854363978 -0.510170043
vn -0.0613856502 -0.824730814 -0.562184036
vn 0.0620793216 -0.787471294 -0.613216996
vn 0.0532097854 -0.77984798 -0.623703361
vn -0.0371723734 -0.673612654 -0.738149226
vn 0.0738500878 -0.726108134 -0.683603108
vn 0.0396982431 -0.603130281 -0.796654165
vn 0.063864477 -0.903579652 -0.423633307
vn 0.0538470298 -0.895851552 -0.441078722
vn 0.0186455008 -0.931405127 -0.363506258
vn 0.671077967 -0.674545169 -0.307641298
vn 0.654559433 -0.698207259 -0.289928555
vn 0.560871482 -0.764320195 -0.318178922
vn 0.96232444 -0.204081774 -0.179672793
vn 0.942007124 -0.251547396 -0.222140789
vn 0.947584629 -0.207742199 -0.242748022
vn 0.962175071 -0.188692868 -0.196504667
vn 0.960008085 -0.192534655 -0.203260571
vn 0.967360735 -0.101817511 -0.232048228
vn 0.970738292 -0.112165309 -0.212335035
vn 0.967428505 -0.134853184 -0.214235246
vn 0.964730322 -0.133969545 -0.226599932
vn 0.966642499 -0.142611325 -0.212753996
vn 0.727258086 -0.206416652 -0.654589772
vn 0.727007449 -0.225766227 -0.648451805
vn 0.756079197 -0.184705064 -0.627875984
vn 0.367285013 -0.176246166 -0.91325736
vn 0.165257454 -0.185125917 -0.968719959
vn 0.164507329 -0.0835581794 -0.982830286
vn 0.0544977114 -0.0866441205 -0.994747579
vn 0.0230381247 -0.0607552081 -0.997886777
vn 0.228095263 -0.136709303 -0.963993311
vn 0.425834805 -0.149858743 -0.892304361
vn 0.427577227 -0.225309461 -0.875450373
vn 0.616742194 -0.197545245 -0.761974335
vn 0.614223361 -0.286579877 -0.735256135
vn 0.755160332 -0.251589715 -0.60533911
vn 0.771675766 -0.288188756 -0.566977799
vn 0.707299292 -0.476000696 -0.5226385
vn 0.715419769 -0.504873395 -0.48298806
vn 0.740293026 -0.392016351 -0.546158791
vn 0.745441079 -0.406750351 -0.528083086
vn 0.757269382 -0.320070773 -0.569295824
vn 0.086353384 -0.115025863 -0.989602029
vn 0.287816256 -0.111787304 -0.951139033
vn 0.289854974 -0.208201706 -0.934149981
vn 0.499132067 -0.190002367 -0.84543854
vn 0.496311516 -0.274870425 -0.823481083
vn 0.572121501 -0.327250242 -0.75205338
vn 0.569294453 -0.354271024 -0.741886675
vn 0.575146198 -0.365066558 -0.732074618
vn 0.558934927 -0.461868763 -0.688671887
vn 0.556303322 -0.456266791 -0.694512188
vn 0.52374357 -0.578200758 -0.625600934
vn 0.515662372 -0.557919919 -0.650244355
vn 0.463622689 -0.690217197 -0.555566609
vn 0.453310639 -0.65956372 -0.599570811
vn 0.383896649 -0.786135674 -0.484369755
vn 0.436262339 -0.808498442 -0.394975275
vn 0.343609035 -0.9016307 -0.262668759
vn 0.189134136 -0.867372572 -0.460318506
vn 0.236184478 -0.90685153 -0.349051833
vn 0.337903112 -0.898522496 -0.280140668
vn 0.374325007 -0.820842922 -0.431390405
vn 0.498534173 -0.742671728 -0.447104454
vn 0.446448565 -0.815475404 -0.368352443
vn 0.312534839 -0.875023842 -0.36966911
vn 0.272277802 -0.910577059 -0.310989141
vn 0.147359565 -0.929238856 -0.338821888
vn 0.313761503 -0.893228233 -0.322020292
vn 0.209017396 -0.940171778 -0.269051522
vn 0.193742633 -0.937551677 -0.288895488
vn 0.0524859093 -0.949270606 -0.310049206
vn 0.0930453911 -0.961521268 -0.258494616
vn 0.0250856597 -0.953815818 -0.299342752
vn 0.100854836 -0.925492048 -0.365092754
vn 0.119221017 -0.942249715 -0.312972546
vn 0.198101893 -0.87784791 -0.436048955
vn 0.205592841 -0.908106029 -0.364794433
vn 0.28524521 -0.824521542 -0.488671035
vn 0.149086922 -0.787077069 -0.598567307
vn 0.153839469 -0.799840689 -0.580162346
vn 0.210594609 -0.701232135 -0.681119204
vn 0.214704052 -0.711400867 -0.669186831
vn 0.263617575 -0.596492529 -0.758091271
vn 0.265295446 -0.600183368 -0.754584849
vn 0.300695509 -0.483441591 -0.822110951
vn 0.29751277 -0.477320433 -0.826832116
vn 0.318211406 -0.376168013 -0.870194852
vn 0.307678819 -0.358362675 -0.881424963
vn 0.3128407 -0.319580287 -0.894426703
vn 0.226423725 -0.259188026 -0.938911021
vn 0.233367503 -0.160328612 -0.959079921
vn 0.0767899528 -0.16279681 -0.983666837
vn 0.0699343681 -0.157432556 -0.985050321
vn 0.95507431 -0.185780346 -0.230908573
vn 0.953588963 -0.169671729 -0.248756021
vn 0.943576396 -0.265559465 -0.197842747
vn 0.940505266 -0.234412521 -0.245968774
vn 0.90059334 -0.357604861 -0.247083828
vn 0.90684557 -0.327874869 -0.264819205
vn 0.859950781 -0.442911953 -0.253601402
vn 0.864244938 -0.423839808 -0.270999134
vn 0.521143556 -0.829809308 -0.199564382
vn 0.460169613 -0.818336785 -0.344338268
vn 0.486558646 -0.78569597 -0.382024288
vn 0.484910667 -0.83538866 -0.258819193
vn 0.580553472 -0.710955024 -0.39686352
vn 0.580558598 -0.765792072 -0.276611984
vn 0.664887488 -0.626205266 -0.407175124
vn 0.667282283 -0.683323145 -0.296317101
vn 0.735084295 -0.537647009 -0.413021594
vn 0.740088046 -0.593076289 -0.31706506
vn 0.789456367 -0.451679349 -0.415625274
vn 0.773233891 -0.568631887 -0.280654818
vn 0.760203123 -0.573388457 -0.305478066
vn 0.789904773 -0.495079815 -0.361865133
vn 0.792150915 -0.55519104 -0.253495246
vn 0.841620564 -0.407535434 -0.354386389
vn 0.846444249 -0.46623534 -0.25720945
vn 0.880147517 -0.329476833 -0.34173876
vn 0.886579037 -0.38311851 -0.259225458
vn 0.909201205 -0.245459944 -0.336307347
vn 0.928273976 -0.273577929 -0.25191775
vn 0.938043118 -0.16711466 -0.303558499
vn 0.944953978 -0.17831108 -0.274348676
vn 0.946799517 -0.135578617 -0.291871756
vn 0.936437726 -0.133724123 -0.324348986
vn 0.929375112 -0.101733565 -0.354841024
vn 0.864025712 -0.176375538 -0.471541375
vn 0.807165682 -0.154509321 -0.569745898
vn 0.868811965 -0.164374426 -0.467061937
vn 0.868795872 -0.165651605 -0.466640443
vn 0.879142284 -0.176560894 -0.442645609
vn 0.876414061 -0.23929745 -0.417893618
vn 0.871651113 -0.233909503 -0.430709511
vn 0.861515403 -0.333465368 -0.382873446
vn 0.860496998 -0.328766823 -0.389175117
vn 0.818431973 -0.424415261 -0.387351036
vn 0.796464026 -0.501115084 -0.338420868
vn 0.655898154 -0.566851854 -0.49847424
vn 0.592931628 -0.705112934 -0.388905942
vn 0.373673826 -0.750910819 -0.544518888
vn 0.294285417 -0.85900116 -0.418942869
vn 0.0986091495 -0.851637244 -0.514772058
vn 0.0643043518 -0.877994299 -0.474332094
vn -1.3333763e-06 -0.958654583 -0.284572363
vn -0.000130686822 -0.958564878 -0.28487438
vn 1.12247089e-05 -0.958289325 -0.285799921
vn 0.00976589415 -0.95863837 -0.284459233
vn -0.980423331 -0.120864421 -0.155440852
vn -0.0530581586 -0.957214832 -0.284472466
vn -0.346575528 -0.889322221 -0.298314303
vn -0.192914739 -0.94531256 -0.262998194
vn -0.211588278 -0.936165631 -0.280756623
vn -0.0278691519 -0.955283046 -0.294376582
vn -0.640873134 -0.721558809 -0.261981815
vn -0.571255922 -0.774131835 -0.272739142
vn -0.498099685 -0.821615458 -0.277208865
vn -0.80413866 -0.56060189 -0.197703212
vn -0.754993081 -0.606003881 -0.250488967
vn -0.639471769 -0.723159432 -0.260990947
vn -0.931345582 -0.321906418 -0.170210734
vn -0.883754611 -0.418704629 -0.208959743
vn -0.843180239 -0.48924771 -0.222898453
vn -0.994147241 -0.0320209973 -0.103179105
vn -0.991915107 -0.044972498 -0.118667066
vn -0.984606147 -0.132480368 -0.114015982
vn -0.975298584 -0.1578466 -0.154522106
vn -0.930301547 -0.326376468 -0.167383969
vn -0.950188637 -0.265062273 -0.163962007
vn -0.920720518 -0.300494492 -0.248951271
vn -0.900246501 -0.379877806 -0.212718353
vn -0.858173966 -0.459277838 -0.229349822
vn -0.79195106 -0.533286691 -0.297352999
vn -0.776019275 -0.570736289 -0.268429071
vn -0.63861686 -0.716354966 -0.28107658
vn -0.649278462 -0.701903164 -0.292864203
vn -0.456393659 -0.853501916 -0.251474261
vn -0.447939634 -0.833666384 -0.323033124
vn -0.504885435 -0.813602746 -0.288342237
vn -0.0555267408 -0.960164368 -0.273863494
vn -0.194692075 -0.935956955 -0.293393314
vn -0.208717644 -0.929153562 -0.305140376
vn -0.29487896 -0.911056101 -0.288137525
vn -0.373498678 -0.881418467 -0.289137095
vn -0.995439827 -0.00881815236 -0.0949828848
vn -0.995612741 -0.0103198178 -0.0929986164
vn -0.995075643 0.00288512185 -0.0990762115
vn -0.995126724 0.00195686799 -0.0985846147
vn -0.995185256 0.0012170542 -0.0980040506
vn -0.995279789 0.000441791053 -0.097045809
vn -0.99526602 -0.000610936026 -0.0971862823
vn -0.995271921 -0.00673120096 -0.0968943685
vn -0.995061517 0.00621058512 -0.0990654007
vn -0.995034397 0.00543329259 -0.0993830636
vn -0.995029926 0.00472036656 -0.0994646177
vn -0.995044053 0.00380477915 -0.0993620381
vn -0.995019734 0.00261190673 -0.0996440724
vn -0.99509263 0.00395292696 -0.0988689587
vn -0.99505049 0.00470930757 -0.0992587879
vn -0.995020568 0.005313979 -0.0995279178
vn -0.995015502 -0.0039075939 -0.0996436328
vn -0.995010793 -0.00394918118 -0.0996891409
vn -0.995015383 -0.00557440706 -0.0995658785
vn -0.995019495 -0.00547892414 -0.0995299816
vn -0.995010197 -0.00625795638 -0.0995766744
vn -0.995079756 -0.00380951026 -0.0990039706
vn -0.995034099 -0.00446728989 -0.0994341671
vn -0.99504298 -0.0042818361 -0.0993535891
vn -0.995527267 0.00680232467 -0.0942292958
vn -0.995472908 0.00660331035 -0.0948157609
vn -0.995311022 0.00580041809 -0.0965520442
vn -0.995154381 0.00138065836 -0.0983150303
vn -0.995107174 -0.00263933977 -0.0987663195
vn -0.995307446 -0.00149549975 -0.0967512578
vn -0.995226324 -0.00218188227 -0.0975694358
vn -0.994436324 0.0277228206 -0.10162586
vn -0.978342831 0.170428798 -0.117470309
vn -0.208275437 0.928057015 -0.308757961
vn -0.746442556 0.612631798 -0.259818673
vn -0.611030281 0.730979025 -0.303828239
vn -0.639020562 0.717257142 -0.27783975
vn -0.462416142 0.832759738 -0.304438055
vn -0.449125618 0.836389184 -0.314228147
vn -0.353354484 0.889713526 -0.289050996
vn -0.285532534 0.914112508 -0.287870646
vn -0.843907773 0.482647657 -0.234245479
vn -0.922357738 0.303226262 -0.239395082
vn -0.92189467 0.321329772 -0.216465771
vn -0.885644019 0.409379572 -0.2191872
vn -0.950675726 0.0666356012 -0.302944541
vn -0.989396036 0.101441301 -0.103947803
vn -0.988830328 0.126407266 -0.0789673477
vn -0.83923322 0.499607891 -0.214661419
vn -0.888023138 0.404363424 -0.218872294
vn -0.932991922 0.326833636 -0.150684714
vn -0.945942223 0.275403738 -0.171307042
vn -0.968959272 0.194240198 -0.152933702
vn -0.791043282 0.531637132 -0.302675575
vn -0.802454054 0.555774391 -0.217214927
vn -0.78660816 0.585736632 -0.19534637
vn -0.0871563852 0.951107502 -0.296307743
vn -0.224195614 0.936888158 -0.268285155
vn -0.21192202 0.936969638 -0.277807474
vn -0.386277467 0.874726653 -0.292648315
vn -0.456493616 0.853751659 -0.250442982
vn -0.543943584 0.788840771 -0.286104172
vn -0.641847968 0.72390306 -0.252973378
vn -0.661425471 0.702653527 -0.262286812
vn -0.721527874 0.64431411 -0.253489375
vn -0.0203361306 0.958369315 -0.28480646
vn -0.0472451411 0.958822608 -0.28004843
vn -0.0477136858 0.958901227 -0.279699564
vn -0.176816508 0.941986918 -0.285300851
vn 0.00979779568 0.958684444 -0.284302831
vn -2.1422311e-06 0.958361089 -0.285559177
vn -0.000108476452 0.958567441 -0.284865618
vn 0.962453425 0.21025224 -0.171689808
vn 0.389844477 0.874348164 -0.289026916
vn 0.0411001369 0.954053342 -0.296804547
vn 0.0489603654 0.957580745 -0.283975333
vn 0.0586862788 0.958254814 -0.279827893
vn 0.182994708 0.937171698 -0.297022045
vn 0.248881787 0.932080328 -0.26321882
vn 0.298498273 0.911014318 -0.28452006
vn 0.344249576 0.893303871 -0.28896448
vn 0.504082084 0.817507863 -0.278535724
vn 0.642743289 0.71135968 -0.284338593
vn 0.646170259 0.707269967 -0.2867634
vn 0.735415697 0.623466372 -0.26543054
vn 0.782393754 0.577826023 -0.232329696
vn 0.791166186 0.562137425 -0.240951538
vn 0.861729324 0.437963903 -0.256144822
vn 0.906552076 0.374512732 -0.19468829
vn 0.921820402 0.321460009 -0.216588646
vn 0.94439733 0.259162754 -0.202356994
vn 0.96176964 0.208515882 -0.177539662
vn 0.963369191 0.192044094 -0.187186837
vn 0.914011061 0.347862571 -0.208747178
vn 0.900033176 0.360729069 -0.244570702
vn 0.869508803 0.445896864 -0.212439239
vn 0.825363815 0.517240524 -0.226355523
vn 0.776946425 0.565810084 -0.276067376
vn 0.751126647 0.614663661 -0.240826368
vn 0.647135198 0.721541941 -0.24615702
vn 0.638853371 0.731153011 -0.23933576
vn 0.481940538 0.836987436 -0.259201378
vn 0.479211986 0.830521524 -0.283883572
vn 0.504696965 0.821523607 -0.265292227
vn 0.113870732 0.960756183 -0.252944797
vn 0.233886749 0.936655581 -0.260716915
vn 0.247964814 0.92988795 -0.271701694
vn 0.329999566 0.910148084 -0.250461102
vn 0.402390182 0.880505264 -0.250584483
vn 0.980669677 -0.0771492794 -0.179819182
vn 0.977684379 0.128365844 -0.166299194
vn 0.975285947 0.119022742 -0.186147541
vn 0.975990415 0.121679969 -0.180656329
vn 0.97692579 0.122076571 -0.175252259
vn 0.977258861 0.0933015421 -0.190420449
vn 0.975654781 0.104949474 -0.192570433
vn 0.975088716 0.113406606 -0.19063291
vn 0.979745924 0.0813958049 -0.182955191
vn 0.980649948 0.0779930353 -0.179562747
vn 0.979258776 0.0647221506 -0.191998109
vn 0.979895115 0.0317976736 -0.196963146
vn 0.979751885 0.0311201662 -0.197782189
vn 0.981406868 -0.00174115575 -0.191931143
vn 0.97950542 -0.012258878 -0.20104441
vn 0.981983721 -0.0524276197 -0.181546897
vn 0.981896162 -0.052098725 -0.182114512
vn 0.977710903 -0.0796953589 -0.194242075
vn 0.977525949 -0.107469402 -0.181365252
vn 0.976980746 -0.102732345 -0.186961859
vn 0.976783514 -0.094010666 -0.192499161
vn 0.977535605 -0.110876709 -0.179249883
vn 0.978814721 -0.111206733 -0.171915174
vn 0.978255987 -0.110295355 -0.175642207
vn 0.97481066 -0.143059254 -0.171108767
vn 0.975270808 -0.100097932 -0.197046444
vn 0.975881875 -0.125119224 -0.178884625
vn 0.975528061 -0.127823025 -0.178903073
vn 0.974556208 -0.138319761 -0.176374316
vn 0.979370594 -0.0514898784 -0.195402309
vn 0.979545355 -0.0520480834 -0.194375739
vn 0.982698143 -0.030425936 -0.182698175
vn 0.984700084 -0.00174300384 -0.174248874
vn 0.984181702 -0.00366297062 -0.177124009
vn 0.982647598 0.0318348706 -0.182730049
vn 0.984078765 0.0412591733 -0.172877654
vn 0.979748845 0.0704386458 -0.187431499
vn 0.977721632 0.0778982118 -0.194916159
vn 0.979397714 0.0924435705 -0.179539293
vn 0.976176202 0.122893155 -0.17882207
vn 0.976903319 0.127234682 -0.171671942
vn 0.0423013419 -0.957826018 -0.284218103
vn 0.112185299 -0.948207557 -0.297181487
vn 0.0222508181 -0.970885336 -0.238509059
vn 0.236973301 -0.935463309 -0.262206078
vn 0.248055488 -0.930105925 -0.270871699
vn 0.330196351 -0.910277367 -0.24973087
vn 0.40120542 -0.881250739 -0.249862626
vn 0.479351938 -0.830848455 -0.282688051
vn 0.502692282 -0.822704196 -0.265439898
vn 0.648114264 -0.724003971 -0.236148581
vn 0.633891046 -0.732465327 -0.248347938
vn 0.752280056 -0.614214778 -0.238358945
vn 0.777099729 -0.56612283 -0.274992615
vn 0.827456176 -0.514265001 -0.225494489
vn 0.871584952 -0.442315042 -0.211416826
vn 0.8994385 -0.359644681 -0.248326465
vn 0.917654157 -0.342120528 -0.202149525
vn 0.944139063 -0.259973794 -0.202521652
vn 0.961857617 -0.208675802 -0.176873714
vn 0.961709678 -0.208308876 -0.178106517
vn 0.963200748 -0.192731485 -0.18734692
vn 0.922887683 -0.318803072 -0.215969637
vn 0.906581104 -0.374587804 -0.194408417
vn 0.866128206 -0.431201428 -0.252759367
vn 0.781306326 -0.575221539 -0.242240831
vn 0.775592327 -0.579605579 -0.250027806
vn 0.641855419 -0.709420979 -0.291107327
vn 0.655414224 -0.701494157 -0.279889524
vn 0.51518929 -0.808877826 -0.28336668
vn 0.482205629 -0.837627053 -0.256629348
vn 0.395871609 -0.87167424 -0.288911253
vn 0.318285435 -0.903013349 -0.288550317
vn 0.248622268 -0.931462526 -0.265639931
vn 0.205829874 -0.934295475 -0.291077375
vn 0.0561730601 -0.956522405 -0.286198318
vn 0.05680326 -0.957106769 -0.284112602
vn -0.00359551352 0.101531275 0.99482584
vn 0.00358394813 0.10806708 0.994137168
vn -0.00517034344 0.108716808 0.994059324
vn -0.00262695923 0.109468199 0.993986845
vn 0.00210329401 0.112969287 0.993596256
vn -0.0028301531 0.113736592 0.993506908
vn 0.00220335019 0.116692148 0.993165672
vn -0.00163714529 0.116912693 0.993140876
vn -0.000292272307 0.121584445 0.992581069
vn -7.96594668e-06 0.121584445 0.992581069
vn 3.80253987e-05 0.122517146 0.99246639
vn -4.64635486e-05 0.122550108 0.992462337
vn -0.000213535532 0.122549452 0.992462397
vn -0.000729813182 0.123084918 0.992395878
vn -0.00116819516 0.123295188 0.992369354
vn 0.00104520167 0.120512053 0.992711306
vn -0.00170314591 0.121132769 0.992634833
vn 0.000541299931 0.119917817 0.992783666
vn 0.00141647889 0.120286435 0.992738187
vn -0.000628600712 0.122129411 0.992514014
vn 0.000414006005 0.121626198 0.992575884
vn -0.000683433318 0.121987499 0.992531419
vn 0.000558658794 0.119719982 0.992807567
vn -0.000883373839 0.120428376 0.992721617
vn 0.00110164843 0.118369795 0.992968976
vn -0.00118471833 0.118977003 0.992896318
vn -0.000228717414 0.117810734 0.993036032
vn 9.8043929e-05 0.0136384293 0.999907017
vn 0.000179392635 0.112690955 0.993630052
vn 0.00155870325 0.110307343 0.993896306
vn -0.00111034594 0.111252151 0.99379158
vn 0.00055887067 0.106014282 0.99436444
vn 0.000665122934 0.105831318 0.994383872
vn -0.000133887821 0.102456093 0.994737506
vn 0.000207816993 0.099747166 0.99501282
vn -0.000321971485 0.0977544859 0.995210528
vn 0.000305804831 0.0953599289 0.995442808
vn -0.000571709301 0.0917811096 0.995779037
vn 0.00108938105 0.0893886536 0.995996237
vn 0.00032040762 0.0876225233 0.996153712
vn -0.00112490589 0.0800158083 0.996792972
vn 0.0027481541 0.0830443576 0.996542037
vn -0.00168574182 0.0734052882 0.997300744
vn -0.000542605645 0.0744678751 0.997223258
vn -0.000232516482 0.067780599 0.997700214
vn 0.00015920341 0.0681544915 0.997674763
vn 0.000159038464 0.0520612411 0.998643875
vn 0.0139708901 0.0550923012 0.998383522
vn -0.0186128281 0.0270194933 0.999461591
vn 0.0402267464 0.0350449122 0.998575807
vn -0.00209124223 0.0189700536 0.999817848
vn -3.41752002e-06 -0.0292383563 0.999572456
vn 9.78329481e-05 0.00628523249 0.999980271
vn 1.85680065e-07 0.00625738269 0.99998045
vn -3.76263159e-07 -0.0126817217 0.999919593
vn 0.0317623913 -0.00778532354 0.999465108
vn -0.00643496634 -0.0240477994 0.999690115
vn -3.37263441e-06 -0.0337244831 0.999431193
vn 0.00311926403 -0.0381004587 0.999269068
vn 0.0161825567 -0.0451970957 0.998847008
vn -0.0186095424 -0.0555399507 0.998283029
vn -0.000141338183 -0.065145351 0.99787575
vn -0.000608095666 -0.0752991959 0.997160792
vn -0.000499501359 -0.0752191618 0.997166872
vn 0.000421002973 -0.0836891606 0.996491849
vn -0.000270998949 -0.0842147768 0.996447563
vn 0.000272004865 -0.0921373665 0.995746255
vn 0.00173556351 -0.0911566988 0.995835066
vn -0.00104116357 -0.0964481309 0.995337486
vn 0.000190414008 -0.0948036835 0.995495975
vn -0.000278126332 -0.100580215 0.994928896
vn 0.00168849237 -0.0991133079 0.995074749
vn -0.00255584344 -0.105564192 0.994409204
vn 0.00378753198 -0.104545355 0.994512916
vn 0.0018844069 -0.106013983 0.994362831
vn -0.00292795943 -0.110754743 0.993843436
vn 0.00345761888 -0.110813335 0.993835211
vn -0.00263401726 -0.114780962 0.993387341
vn 0.00357142603 -0.116398945 0.99319613
vn -0.00202425499 -0.117389619 0.993083894
vn 0.00169855612 -0.11797525 0.99301511
vn -0.0011509558 -0.120063506 0.992765546
vn 0.00112937822 -0.119773149 0.992800653
vn -0.00089116086 -0.120632298 0.992696881
vn 0.000806882745 -0.121638209 0.992574155
vn -0.000224180301 -0.121938065 0.992537677
vn -0.000634471478 -0.12153063 0.992587507
vn -1.10023657e-05 -0.121530525 0.992587686
vn 4.00347417e-05 -0.122566074 0.99246037
vn 0.000495291839 -0.11599002 0.993250251
vn 0.00155982876 -0.116906837 0.993141651
vn -0.00113961927 -0.116694488 0.993167222
vn 0.000885770598 -0.11973612 0.992805362
vn -0.000601711392 -0.118715137 0.992928147
vn 0.000717118382 -0.121191628 0.992628872
vn -0.00035090404 -0.120960325 0.992657304
vn 0.000429884298 -0.122269489 0.992496848
vn -0.000138121337 -0.122138396 0.992513061
vn 0.000542569149 -0.122601412 0.99245584
vn -4.55251757e-05 -0.122599527 0.992456198
vn -0.000451852888 -0.110842302 0.993837893
vn -0.00198050775 -0.109260537 0.994011164
vn 0.00090357248 -0.110209212 0.993907988
vn -0.000524066563 -0.104550645 0.994519413
vn -0.000298149535 -0.104853749 0.994487584
vn 0.000246305251 -0.0997125208 0.995016277
vn -9.35403659e-05 -0.099142611 0.995073259
vn 0.000142729623 -0.0937655121 0.995594323
vn 0.000903727137 -0.0944402292 0.995530128
vn -0.000740061456 -0.0895591155 0.995981216
vn -0.00113356381 -0.0890887454 0.996023059
vn 0.000982397818 -0.0836708248 0.996492982
vn -0.00206310139 -0.079342097 0.996845305
vn 0.00126440474 -0.0752621293 0.997162998
vn 0.00054138928 -0.0718986094 0.997411788
vn -0.00783196278 -0.0608683825 0.998115063
vn 0.00362702203 -0.0564374886 0.998399556
vn -0.0028610013 -0.0399246626 0.999198616
vn 2.42066999e-05 -0.0385856256 0.9992553
vn 2.2364331e-05 -0.0286130887 0.999590576
vn 7.73882057e-05 -0.0285722017 0.999591708
vn -0.000213505118 -0.015987955 0.999872148
vn 0.00102114782 -0.0156574659 0.999876916
vn -0.00108623097 0.00136052689 0.99999851
vn -0.00299405563 0.000950995367 0.999995053
vn 0.000624318433 0.0114118326 0.999934673
vn -0.00010108397 0.0107442131 0.999942303
vn -0.000102909908 0.0201560687 0.999796867
vn -0.0013198558 0.019869661 0.999801695
vn 0.00371232326 0.102219313 0.99475497
vn 0.000224108575 0.0979700685 0.995189309
vn -0.000366823486 0.0923691466 0.995724738
vn 0.00170642999 0.0935173258 0.995616198
vn -0.00318949716 0.0855708048 0.996326983
vn 0.00460931892 0.087983191 0.996111274
vn -0.00173597841 0.0766229928 0.99705863
vn 0.00106754049 0.0776791126 0.996977866
vn -0.000925872358 0.0684322491 0.997655332
vn -9.85369552e-05 0.0689097792 0.997622907
vn -9.7361175e-05 0.0560119078 0.998430073
vn 0.00466359546 0.0570866354 0.998358309
vn -0.00730889756 0.0377144404 0.999261856
vn 0.0216309894 0.0413211696 0.998911738
vn 0.000755341025 0.0318135396 0.999493539
vn 0.957618117 -0.287934482 -0.00783089083
vn 0.772627652 -0.632418513 0.0556181334
vn 0.803714335 -0.594928801 0.0101491334
vn 0.810474575 -0.585765362 0.00315784384
vn 0.816459239 -0.577403069 9.94384172e-05
vn 0.832059622 -0.554686069 -0.000408843509
vn 0.848487675 -0.527357042 0.0443079285
vn 0.865662932 -0.50036031 -0.0163463019
vn 0.881489277 -0.472204059 -1.24672033e-06
vn 0.891620278 -0.452783853 -3.71663396e-06
vn 0.905851483 -0.422768891 0.0264488757
vn 0.919138849 -0.391697943 -0.0419105999
vn 0.94000715 -0.340101302 0.0267884675
vn 0.960214972 -0.271866918 -0.0638401955
vn 0.999973416 -0.0072916639 -1.04711853e-06
vn 0.997286677 -0.0693937093 0.0245728828
vn 0.996547639 -0.0431405902 -0.0709343627
vn 0.981011629 -0.17563884 0.0822627172
vn 0.985776305 -0.141475558 -0.0907181576
vn 0.97634083 -0.216214925 0.0031156335
vn 0.977628052 0.189541742 -0.0911992639
vn 0.995885432 0.0438505933 0.0793055817
vn 0.995927513 0.0795225203 -0.0424795449
vn 0.999933302 0.0115514658 1.65880317e-06
vn 0.986036181 0.140047953 0.0901066661
vn 0.975806236 0.218637094 4.2136835e-06
vn 0.970493197 0.241128474 2.40269469e-06
vn 0.954893708 0.296881378 -0.00627793744
vn 0.960177243 0.267425627 0.0808898658
vn 0.938717961 0.343868583 -0.0237279031
vn 0.915998876 0.39933449 0.0384454913
vn 0.905646861 0.423624396 -0.0186058953
vn 0.88928622 0.457351059 -4.20880633e-06
vn 0.881527722 0.472132266 -7.14184534e-06
vn 0.862750769 0.505268812 0.01909394
vn 0.849723339 0.525860548 -0.0379605629
vn 0.829562664 0.558413565 -0.000248299679
vn 0.816318691 0.57760179 8.90987867e-05
vn 0.799925029 0.600005925 -0.0106227389
vn 0.795068979 0.606029093 -0.0243738443
vn 0.767491043 0.640922248 0.0132730501
vn 0.758462548 0.65171659 -1.39310316e-06
vn 0.725026667 0.688720763 -1.43700499e-05
vn 0.735136747 0.67697525 0.0357566476
vn 0.666916728 0.74218303 -0.0662303865
vn 0.678141832 0.734930694 0.000717285788
vn 0.598707736 0.800967455 -0.000424937229
vn 0.598829091 0.800876856 -1.23794625e-05
vn 0.53905499 0.842270613 1.98753969e-05
vn 0.529806733 0.847692907 -0.0268617515
vn 0.441447526 0.896112621 0.0458940715
vn 0.425431401 0.90378958 -0.0466098785
vn 0.367224395 0.930132389 1.34415018e-06
vn 0.321585149 0.946880639 6.25647226e-06
vn 0.338135868 0.94005084 0.0443683602
vn 0.212638617 0.967123806 -0.13948603
vn -0.0534876361 0.998119235 0.0299513359
vn -0.0818495154 0.99651742 -0.0159260537
vn -0.111228816 0.993794799 -2.20072252e-06
vn 0.240477532 0.949151397 0.203180194
vn 0.156978831 0.98760134 -0.00108649081
vn 0.0578205585 0.998325229 0.00187172624
vn 0.0826835632 0.991624653 0.0992166549
vn 0.00503295567 0.999548197 -0.0296326093
vn -0.182383537 0.983227491 8.4588155e-06
vn -0.135706291 0.981834173 0.132610381
vn -0.310119718 0.925360024 -0.218024284
vn -0.24334836 0.967268109 0.0719304085
vn -0.342472374 0.939527929 -7.61118099e-06
vn -0.367245942 0.930123866 -1.55848556e-05
vn -0.427637666 0.90265286 -0.0484137088
vn -0.4248299 0.904405415 -0.0396282636
vn -0.51597017 0.856045425 0.0309993271
vn -0.527849317 0.849338055 2.9927849e-05
vn -0.579125583 0.815238357 -1.99040333e-05
vn -0.59992069 0.799820244 -0.0195638016
vn -0.641929686 0.763493657 0.0707372949
vn -0.679723203 0.731780887 -0.0497302487
vn -0.724310875 0.689235806 0.0181048997
vn -0.736927092 0.675972223 -4.27225041e-06
vn -0.753941059 0.65694207 -3.68387327e-06
vn -0.758696556 0.65143466 -0.00352372322
vn -0.772994876 0.634382546 0.00614432711
vn -0.778945148 0.627089739 -0.00170748576
vn -0.798973262 0.601362586 0.00218645739
vn -0.798984885 0.601347208 0.00216606492
vn -0.812937617 0.582350433 -0.000590328651
vn -0.811285675 0.584649861 0.000272575737
vn -0.821600378 0.570063531 -0.00067030132
vn -0.844863355 0.533974946 0.0328128561
vn -0.858774662 0.51139766 -0.0312813297
vn -0.87987417 0.475206643 -0.000264195725
vn -0.90476644 0.425907105 0.000919549493
vn -0.909744918 0.413953096 -0.0317328013
vn -0.939656913 0.341083258 0.0265910588
vn -0.949804723 0.309670746 -0.0444411449
vn -0.963527858 0.267421991 0.00997930299
vn -0.968985081 0.247119233 -2.35014932e-06
vn -0.976993978 0.213267013 -2.36957385e-06
vn -0.980582058 0.19345814 -0.0321370699
vn -0.99040848 0.131811038 0.0414361209
vn -0.994934142 0.091121994 -0.0424593538
vn -0.999031901 0.0385751724 0.0211462248
vn -0.999847472 0.0174660962 -3.31198294e-07
vn -0.999850154 -0.0173116829 3.2830394e-07
vn -0.999031305 -0.038626615 -0.021081781
vn -0.995046437 -0.0900160819 0.0421867408
vn -0.99031496 -0.132491231 -0.0415014811
vn -0.980780959 -0.192416474 0.0323208012
vn -0.977041006 -0.213051289 2.97760107e-06
vn -0.969016194 -0.246997148 2.25999452e-06
vn -0.963536918 -0.267397106 -0.00976631232
vn -0.950065255 -0.308824509 0.0447602272
vn -0.939275205 -0.341960877 -0.0287194531
vn -0.909560621 -0.414190471 0.0338490643
vn -0.904367268 -0.426754087 -0.000866132381
vn -0.885477722 -0.464681834 8.69503594e-07
vn -0.879445195 -0.47600022 1.43751208e-06
vn -0.857772827 -0.513007224 0.0323945619
vn -0.844842792 -0.533937097 -0.033938203
vn -0.82205385 -0.569409311 -0.000694833405
vn -0.807226837 -0.590240955 0.000618700113
vn -0.807220519 -0.590249658 0.000622610329
vn -0.791223705 -0.61122632 0.0191689059
vn -0.775573254 -0.630827606 -0.0232951902
vn -0.758161545 -0.652066767 -2.62449657e-06
vn -0.732539058 -0.680725038 5.00560418e-06
vn -0.731522322 -0.681813776 -0.0022648056
vn -0.662847936 -0.748722911 0.00682905084
vn -0.664359808 -0.747159004 0.0194798615
vn -0.587980151 -0.808838725 -0.00769643718
vn -0.591193855 -0.806529462 1.140515e-06
vn -0.526794672 -0.849992573 7.47254808e-06
vn -0.532198727 -0.846225381 0.0258288253
vn -0.431068838 -0.901538372 -0.0375262648
vn -0.43772912 -0.899021804 0.0123683317
vn -0.362688154 -0.931908488 -0.00197025808
vn -0.365284443 -0.930895925 3.67462121e-06
vn -0.310514063 -0.950568795 4.65167022e-06
vn -0.318874985 -0.947261155 0.0318604596
vn -0.221467361 -0.974274278 -0.0417355448
vn -0.213641599 -0.9739061 -0.0765782893
vn -0.145784497 -0.989306092 0.00451084599
vn -0.12416283 -0.992261827 -2.45159458e-06
vn -0.0616132021 -0.998100102 4.59934308e-05
vn -0.0434562974 -0.996941805 -0.0649503618
vn 0.0600747764 -0.99708885 0.0469559394
vn 0.795538306 -0.603191555 -0.057260666
vn 0.759524107 -0.650479138 -5.72452382e-06
vn 0.731143296 -0.682223916 2.27162241e-06
vn 0.732635558 -0.680613756 -0.00316055748
vn 0.664635956 -0.747119844 0.00842846557
vn 0.662174165 -0.749114573 0.0187823158
vn 0.591597497 -0.806207359 -0.00649018399
vn 0.587492943 -0.809229255 8.35692845e-06
vn 0.553266287 -0.833004475 -7.47230251e-06
vn 0.524035096 -0.851043344 0.0333534703
vn 0.483572513 -0.872590125 -0.0688776001
vn 0.41324693 -0.907616854 0.0738826469
vn 0.38625738 -0.922390938 -0.000400611432
vn 0.354917884 -0.934897482 -3.93380969e-06
vn 0.321866512 -0.946785033 -1.97083718e-05
vn 0.280767113 -0.957098901 0.071634993
vn 0.222641259 -0.971788764 -0.0778294727
vn 0.170368865 -0.985132873 0.022083113
vn 0.133132204 -0.991097569 -0.00120271253
vn 0.0780942291 -0.996933281 0.00503543904

# Mesh '' with 3008 faces
usemtl DefaultMaterial
f  1//1 2//1 3//1
f  4//2 5//2 6//2
f  7//3 8//3 9//3
f  2//4 1//4 10//4
f  10//5 1//5 11//5
f  10//6 11//6 8//6
f  8//7 11//7 12//7
f  8//8 12//8 9//8
f  13//9 14//9 15//9
f  9//10 16//10 7//10
f  7//11 16//11 17//11
f  7//12 17//12 14//12
f  14//13 17//13 18//13
f  14//14 18//14 15//14
f  19//15 20//15 21//15
f  21//16 20//16 22//16
f  21//17 22//17 23//17
f  23//18 22//18 13//18
f  23//19 13//19 24//19
f  24//20 13//20 15//20
f  25//21 26//21 27//21
f  21//22 28//22 19//22
f  19//23 28//23 29//23
f  19//24 29//24 27//24
f  27//25 29//25 30//25
f  27//26 30//26 25//26
f  31//27 32//27 33//27
f  33//28 32//28 34//28
f  33//29 34//29 35//29
f  35//30 34//30 36//30
f  35//31 36//31 37//31
f  37//32 36//32 38//32
f  37//33 38//33 27//33
f  27//34 38//34 39//34
f  27//35 39//35 19//35
f  31//36 40//36 32//36
f  32//37 40//37 41//37
f  32//38 41//38 42//38
f  41//39 43//39 42//39
f  42//40 43//40 44//40
f  42//41 44//41 6//41
f  6//42 44//42 45//42
f  6//43 45//43 4//43
f  4//44 45//44 46//44
f  4//45 46//45 47//45
f  48//46 49//46 50//46
f  50//47 49//47 51//47
f  50//48 51//48 26//48
f  26//49 51//49 52//49
f  26//50 52//50 27//50
f  48//51 53//51 49//51
f  49//52 53//52 54//52
f  49//53 54//53 55//53
f  55//54 54//54 56//54
f  54//55 57//55 56//55
f  56//56 57//56 58//56
f  56//57 58//57 59//57
f  59//58 58//58 60//58
f  59//59 60//59 61//59
f  61//60 60//60 62//60
f  61//61 62//61 63//61
f  64//62 65//62 66//62
f  64//63 66//63 67//63
f  68//64 69//64 70//64
f  68//65 70//65 71//65
f  64//66 72//66 65//66
f  65//67 72//67 73//67
f  65//68 73//68 74//68
f  74//69 73//69 71//69
f  74//70 71//70 75//70
f  75//71 71//71 70//71
f  76//72 77//72 78//72
f  78//73 77//73 70//73
f  78//74 70//74 79//74
f  79//75 70//75 69//75
f  80//76 81//76 76//76
f  76//77 81//77 82//77
f  76//78 82//78 77//78
f  83//79 84//79 85//79
f  85//80 84//80 86//80
f  87//81 88//81 89//81
f  89//82 88//82 86//82
f  89//83 86//83 90//83
f  90//84 86//84 84//84
f  91//85 92//85 93//85
f  91//86 93//86 94//86
f  80//87 87//87 81//87
f  81//88 87//88 89//88
f  81//89 89//89 95//89
f  95//90 89//90 94//90
f  95//91 94//91 96//91
f  96//92 94//92 93//92
f  92//93 91//93 97//93
f  97//94 91//94 98//94
f  97//95 98//95 99//95
f  100//96 101//96 102//96
f  100//97 102//97 103//97
f  98//98 104//98 99//98
f  99//99 104//99 105//99
f  99//100 105//100 106//100
f  106//101 105//101 107//101
f  106//102 107//102 108//102
f  108//103 107//103 109//103
f  108//104 109//104 110//104
f  110//105 109//105 103//105
f  110//106 103//106 111//106
f  111//107 103//107 102//107
f  111//108 102//108 112//108
f  85//109 113//109 83//109
f  83//110 113//110 114//110
f  83//111 114//111 115//111
f  114//112 116//112 115//112
f  115//113 116//113 117//113
f  115//114 117//114 118//114
f  118//115 117//115 119//115
f  118//116 119//116 120//116
f  119//117 121//117 120//117
f  120//118 121//118 122//118
f  120//119 122//119 123//119
f  124//120 125//120 126//120
f  126//121 125//121 123//121
f  126//122 123//122 127//122
f  127//123 123//123 122//123
f  128//124 129//124 130//124
f  130//125 129//125 131//125
f  130//126 131//126 132//126
f  132//127 131//127 67//127
f  132//128 67//128 133//128
f  133//129 67//129 66//129
f  134//130 61//130 63//130
f  134//131 63//131 135//131
f  63//132 136//132 135//132
f  135//133 136//133 137//133
f  135//134 137//134 138//134
f  138//135 137//135 139//135
f  138//136 139//136 140//136
f  140//137 139//137 141//137
f  140//138 141//138 142//138
f  142//139 141//139 143//139
f  144//140 145//140 146//140
f  146//141 145//141 147//141
f  146//142 147//142 143//142
f  143//143 147//143 148//143
f  143//144 148//144 142//144
f  144//145 146//145 149//145
f  149//146 146//146 150//146
f  149//147 150//147 151//147
f  151//148 150//148 152//148
f  151//149 152//149 153//149
f  153//150 152//150 154//150
f  153//151 154//151 155//151
f  156//152 157//152 158//152
f  158//153 157//153 159//153
f  158//154 159//154 160//154
f  160//155 159//155 161//155
f  160//156 161//156 162//156
f  162//157 161//157 163//157
f  163//158 161//158 164//158
f  163//159 164//159 165//159
f  165//160 164//160 166//160
f  166//161 164//161 167//161
f  166//162 167//162 168//162
f  168//163 167//163 169//163
f  169//164 167//164 170//164
f  169//165 170//165 171//165
f  172//166 173//166 174//166
f  173//167 175//167 174//167
f  174//168 175//168 128//168
f  174//169 128//169 130//169
f  130//170 132//170 174//170
f  174//171 132//171 133//171
f  174//172 133//172 176//172
f  176//173 133//173 66//173
f  177//174 178//174 179//174
f  179//175 178//175 180//175
f  174//176 181//176 172//176
f  172//177 181//177 171//177
f  172//178 171//178 182//178
f  182//179 171//179 170//179
f  182//180 170//180 183//180
f  183//181 170//181 167//181
f  183//182 167//182 184//182
f  185//183 143//183 186//183
f  186//184 143//184 141//184
f  186//185 141//185 187//185
f  187//186 141//186 139//186
f  188//187 154//187 189//187
f  189//188 154//188 152//188
f  189//189 152//189 190//189
f  190//190 152//190 150//190
f  190//191 150//191 191//191
f  191//192 150//192 146//192
f  191//193 146//193 179//193
f  179//194 146//194 143//194
f  179//195 143//195 177//195
f  177//196 143//196 185//196
f  157//197 188//197 159//197
f  159//198 188//198 189//198
f  159//199 189//199 161//199
f  161//200 189//200 190//200
f  161//201 190//201 164//201
f  164//202 190//202 191//202
f  164//203 191//203 167//203
f  167//204 191//204 179//204
f  167//205 179//205 184//205
f  184//206 179//206 180//206
f  192//207 193//207 194//207
f  195//208 196//208 197//208
f  198//209 199//209 200//209
f  201//210 202//210 203//210
f  123//211 125//211 204//211
f  204//212 125//212 124//212
f  204//213 124//213 205//213
f  193//214 192//214 206//214
f  205//215 207//215 204//215
f  204//216 207//216 206//216
f  204//217 206//217 208//217
f  208//218 206//218 192//218
f  208//219 192//219 209//219
f  209//220 192//220 210//220
f  210//221 211//221 212//221
f  212//222 211//222 203//222
f  212//223 203//223 213//223
f  213//224 203//224 202//224
f  214//225 215//225 216//225
f  217//226 218//226 219//226
f  219//227 218//227 220//227
f  219//228 220//228 221//228
f  221//229 220//229 222//229
f  221//230 222//230 214//230
f  214//231 222//231 223//231
f  214//232 223//232 215//232
f  215//233 223//233 224//233
f  215//234 224//234 225//234
f  225//235 224//235 226//235
f  197//236 196//236 198//236
f  198//237 196//237 227//237
f  198//238 227//238 199//238
f  195//239 197//239 228//239
f  228//240 197//240 229//240
f  228//241 229//241 230//241
f  230//242 229//242 231//242
f  230//243 231//243 232//243
f  10//244 233//244 2//244
f  2//245 233//245 232//245
f  2//246 232//246 3//246
f  234//247 235//247 236//247
f  234//248 236//248 237//248
f  236//249 238//249 237//249
f  237//250 238//250 239//250
f  237//251 239//251 240//251
f  240//252 239//252 241//252
f  240//253 241//253 242//253
f  206//254 243//254 193//254
f  193//255 243//255 244//255
f  193//256 244//256 194//256
f  194//257 244//257 245//257
f  194//258 245//258 234//258
f  234//259 245//259 246//259
f  234//260 246//260 235//260
f  201//261 203//261 247//261
f  247//262 203//262 248//262
f  247//263 248//263 249//263
f  249//264 248//264 250//264
f  249//265 250//265 251//265
f  252//266 217//266 253//266
f  253//267 217//267 219//267
f  253//268 219//268 251//268
f  251//269 219//269 221//269
f  251//270 221//270 249//270
f  249//271 221//271 214//271
f  249//272 214//272 247//272
f  247//273 214//273 216//273
f  247//274 216//274 201//274
f  198//275 237//275 197//275
f  197//276 237//276 240//276
f  197//277 240//277 229//277
f  229//278 240//278 242//278
f  229//279 242//279 231//279
f  231//280 242//280 254//280
f  231//281 254//281 232//281
f  232//282 254//282 255//282
f  232//283 255//283 3//283
f  210//284 192//284 211//284
f  211//285 192//285 194//285
f  211//286 194//286 203//286
f  203//287 194//287 234//287
f  203//288 234//288 248//288
f  248//289 234//289 237//289
f  248//290 237//290 250//290
f  250//291 237//291 198//291
f  250//292 198//292 251//292
f  251//293 198//293 200//293
f  251//294 200//294 253//294
f  256//295 257//295 258//295
f  259//296 260//296 261//296
f  261//297 260//297 262//297
f  261//298 262//298 263//298
f  264//299 265//299 266//299
f  262//300 267//300 263//300
f  263//301 267//301 264//301
f  263//302 264//302 268//302
f  268//303 264//303 266//303
f  269//304 270//304 271//304
f  271//305 270//305 272//305
f  271//306 272//306 266//306
f  266//307 272//307 273//307
f  266//308 273//308 268//308
f  274//309 275//309 269//309
f  269//310 275//310 276//310
f  269//311 276//311 270//311
f  274//312 269//312 277//312
f  277//313 269//313 278//313
f  277//314 278//314 279//314
f  279//315 278//315 280//315
f  279//316 280//316 281//316
f  281//317 280//317 282//317
f  281//318 282//318 283//318
f  284//319 285//319 286//319
f  286//320 285//320 287//320
f  286//321 287//321 288//321
f  288//322 287//322 289//322
f  290//323 291//323 292//323
f  292//324 291//324 293//324
f  292//325 293//325 289//325
f  289//326 293//326 294//326
f  289//327 294//327 288//327
f  290//328 292//328 295//328
f  295//329 292//329 296//329
f  295//330 296//330 297//330
f  297//331 296//331 298//331
f  298//332 296//332 299//332
f  298//333 299//333 300//333
f  258//334 257//334 301//334
f  301//335 257//335 302//335
f  301//336 302//336 303//336
f  303//337 304//337 301//337
f  301//338 304//338 305//338
f  301//339 305//339 306//339
f  307//340 308//340 296//340
f  308//341 309//341 296//341
f  296//342 309//342 310//342
f  296//343 310//343 299//343
f  299//344 310//344 256//344
f  299//345 256//345 300//345
f  300//346 256//346 258//346
f  311//347 312//347 313//347
f  313//348 312//348 314//348
f  285//349 315//349 287//349
f  287//350 315//350 316//350
f  287//351 316//351 289//351
f  289//352 316//352 317//352
f  289//353 317//353 292//353
f  292//354 317//354 318//354
f  292//355 318//355 296//355
f  296//356 318//356 313//356
f  296//357 313//357 307//357
f  307//358 313//358 314//358
f  315//359 282//359 316//359
f  316//360 282//360 280//360
f  316//361 280//361 317//361
f  317//362 280//362 278//362
f  317//363 278//363 318//363
f  318//364 278//364 269//364
f  318//365 269//365 313//365
f  313//366 269//366 271//366
f  313//367 271//367 311//367
f  311//368 271//368 266//368
f  311//369 266//369 319//369
f  319//370 266//370 265//370
f  320//371 305//371 304//371
f  305//372 320//372 306//372
f  306//373 320//373 321//373
f  306//374 321//374 322//374
f  321//375 323//375 322//375
f  322//376 323//376 324//376
f  322//377 324//377 325//377
f  325//378 324//378 326//378
f  325//379 326//379 327//379
f  327//380 326//380 328//380
f  329//381 330//381 331//381
f  329//382 331//382 332//382
f  328//383 333//383 327//383
f  327//384 333//384 334//384
f  327//385 334//385 335//385
f  335//386 334//386 332//386
f  335//387 332//387 336//387
f  336//388 332//388 331//388
f  337//389 338//389 339//389
f  339//390 338//390 340//390
f  341//391 342//391 343//391
f  337//392 344//392 338//392
f  338//393 344//393 343//393
f  338//394 343//394 345//394
f  345//395 343//395 342//395
f  330//396 340//396 331//396
f  331//397 340//397 338//397
f  331//398 338//398 346//398
f  346//399 338//399 347//399
f  346//400 347//400 348//400
f  347//401 349//401 348//401
f  348//402 349//402 350//402
f  348//403 350//403 351//403
f  351//404 350//404 352//404
f  350//405 353//405 352//405
f  352//406 353//406 354//406
f  352//407 354//407 355//407
f  355//408 354//408 356//408
f  355//409 356//409 357//409
f  357//410 356//410 358//410
f  357//411 358//411 359//411
f  359//412 358//412 360//412
f  359//413 360//413 361//413
f  361//414 360//414 362//414
f  362//415 360//415 363//415
f  363//416 360//416 364//416
f  363//417 364//417 365//417
f  343//418 366//418 341//418
f  341//419 366//419 367//419
f  341//420 367//420 368//420
f  369//421 370//421 371//421
f  371//422 370//422 372//422
f  372//423 370//423 373//423
f  372//424 373//424 374//424
f  367//425 375//425 368//425
f  368//426 375//426 376//426
f  368//427 376//427 377//427
f  377//428 376//428 378//428
f  377//429 378//429 371//429
f  371//430 378//430 379//430
f  371//431 379//431 369//431
f  380//432 260//432 259//432
f  381//433 382//433 383//433
f  383//434 382//434 384//434
f  382//435 385//435 384//435
f  384//436 385//436 386//436
f  384//437 386//437 387//437
f  386//438 388//438 387//438
f  387//439 388//439 389//439
f  387//440 389//440 390//440
f  390//441 389//441 391//441
f  390//442 391//442 392//442
f  392//443 391//443 393//443
f  392//444 393//444 394//444
f  394//445 393//445 395//445
f  395//446 393//446 396//446
f  395//447 396//447 397//447
f  397//448 398//448 395//448
f  395//449 398//449 399//449
f  395//450 399//450 400//450
f  400//451 401//451 402//451
f  402//452 401//452 403//452
f  402//453 403//453 404//453
f  405//454 406//454 407//454
f  405//455 407//455 404//455
f  404//456 407//456 408//456
f  404//457 408//457 402//457
f  400//458 402//458 395//458
f  395//459 402//459 409//459
f  395//460 409//460 410//460
f  409//461 411//461 410//461
f  410//462 411//462 412//462
f  410//463 412//463 413//463
f  413//464 412//464 414//464
f  413//465 414//465 415//465
f  415//466 414//466 416//466
f  415//467 416//467 417//467
f  417//468 416//468 418//468
f  417//469 418//469 419//469
f  419//470 418//470 420//470
f  418//471 421//471 420//471
f  420//472 421//472 422//472
f  420//473 422//473 423//473
f  422//474 424//474 423//474
f  423//475 424//475 425//475
f  423//476 425//476 426//476
f  427//477 428//477 429//477
f  429//478 428//478 426//478
f  429//479 426//479 430//479
f  430//480 426//480 425//480
f  405//481 431//481 406//481
f  406//482 431//482 432//482
f  406//483 432//483 433//483
f  432//484 434//484 433//484
f  433//485 434//485 435//485
f  433//486 435//486 259//486
f  259//487 435//487 436//487
f  259//488 436//488 380//488
f  437//489 438//489 439//489
f  440//490 441//490 442//490
f  443//491 444//491 445//491
f  372//492 374//492 446//492
f  446//493 374//493 443//493
f  446//494 443//494 447//494
f  447//495 443//495 445//495
f  447//496 445//496 448//496
f  449//497 450//497 451//497
f  451//498 450//498 452//498
f  452//499 450//499 453//499
f  453//500 450//500 454//500
f  453//501 454//501 455//501
f  456//502 457//502 458//502
f  458//503 457//503 459//503
f  458//504 459//504 442//504
f  442//505 459//505 460//505
f  442//506 460//506 440//506
f  461//507 462//507 463//507
f  463//508 462//508 464//508
f  465//509 466//509 467//509
f  467//510 466//510 464//510
f  467//511 464//511 468//511
f  468//512 464//512 462//512
f  468//513 462//513 469//513
f  470//514 471//514 465//514
f  465//515 471//515 472//515
f  465//516 472//516 466//516
f  473//517 474//517 470//517
f  470//518 474//518 475//518
f  470//519 475//519 471//519
f  470//520 476//520 473//520
f  473//521 476//521 477//521
f  473//522 477//522 478//522
f  477//523 479//523 478//523
f  478//524 479//524 480//524
f  478//525 480//525 481//525
f  481//526 480//526 381//526
f  481//527 381//527 383//527
f  482//528 483//528 484//528
f  484//529 483//529 485//529
f  482//530 484//530 486//530
f  486//531 484//531 487//531
f  486//532 487//532 488//532
f  437//533 439//533 489//533
f  444//534 490//534 445//534
f  445//535 490//535 449//535
f  445//536 449//536 448//536
f  448//537 449//537 451//537
f  467//538 491//538 465//538
f  465//539 491//539 487//539
f  465//540 487//540 470//540
f  470//541 487//541 484//541
f  470//542 484//542 476//542
f  476//543 484//543 485//543
f  476//544 485//544 477//544
f  477//545 485//545 492//545
f  477//546 492//546 479//546
f  469//547 493//547 468//547
f  468//548 493//548 494//548
f  468//549 494//549 467//549
f  467//550 494//550 495//550
f  467//551 495//551 491//551
f  491//552 495//552 496//552
f  491//553 496//553 487//553
f  487//554 496//554 439//554
f  487//555 439//555 488//555
f  488//556 439//556 438//556
f  456//557 455//557 457//557
f  457//558 455//558 454//558
f  457//559 454//559 497//559
f  497//560 454//560 450//560
f  497//561 450//561 498//561
f  498//562 450//562 449//562
f  498//563 449//563 499//563
f  499//564 449//564 490//564
f  499//565 490//565 500//565
f  493//566 460//566 494//566
f  494//567 460//567 459//567
f  494//568 459//568 495//568
f  495//569 459//569 457//569
f  495//570 457//570 496//570
f  496//571 457//571 497//571
f  496//572 497//572 439//572
f  439//573 497//573 498//573
f  439//574 498//574 489//574
f  489//575 498//575 499//575
f  489//576 499//576 501//576
f  501//577 499//577 500//577
f  502//578 503//578 504//578
f  504//579 503//579 505//579
f  504//580 505//580 506//580
f  505//581 507//581 506//581
f  506//582 507//582 508//582
f  506//583 508//583 509//583
f  508//584 510//584 509//584
f  509//585 510//585 511//585
f  509//586 511//586 512//586
f  512//587 511//587 513//587
f  513//588 511//588 514//588
f  513//589 514//589 515//589
f  515//590 514//590 516//590
f  515//591 516//591 517//591
f  517//592 516//592 518//592
f  517//593 518//593 519//593
f  519//594 518//594 520//594
f  519//595 520//595 521//595
f  522//596 523//596 521//596
f  521//597 523//597 524//597
f  521//598 524//598 519//598
f  525//599 526//599 527//599
f  527//600 526//600 522//600
f  527//601 522//601 528//601
f  528//602 522//602 521//602
f  526//603 525//603 529//603
f  529//604 525//604 530//604
f  529//605 530//605 531//605
f  532//606 531//606 530//606
f  532//607 530//607 533//607
f  530//608 534//608 533//608
f  533//609 534//609 535//609
f  533//610 535//610 536//610
f  536//611 535//611 537//611
f  536//612 537//612 538//612
f  538//613 537//613 539//613
f  538//614 539//614 540//614
f  541//615 542//615 543//615
f  543//616 542//616 544//616
f  543//617 544//617 545//617
f  540//618 539//618 546//618
f  546//619 539//619 547//619
f  546//620 547//620 548//620
f  548//621 547//621 549//621
f  548//622 549//622 541//622
f  541//623 549//623 550//623
f  541//624 550//624 542//624
f  545//625 544//625 551//625
f  551//626 544//626 552//626
f  551//627 552//627 553//627
f  553//628 552//628 554//628
f  553//629 554//629 555//629
f  555//630 554//630 556//630
f  556//631 554//631 557//631
f  556//632 557//632 558//632
f  558//633 557//633 559//633
f  558//634 559//634 560//634
f  560//635 559//635 561//635
f  560//636 561//636 562//636
f  562//637 561//637 563//637
f  563//638 561//638 564//638
f  563//639 564//639 565//639
f  566//640 567//640 568//640
f  568//641 567//641 565//641
f  568//642 565//642 569//642
f  569//643 565//643 564//643
f  570//644 567//644 566//644
f  571//645 572//645 573//645
f  573//646 572//646 574//646
f  566//647 575//647 570//647
f  570//648 575//648 576//648
f  570//649 576//649 577//649
f  577//650 576//650 578//650
f  577//651 578//651 579//651
f  579//652 578//652 572//652
f  579//653 572//653 580//653
f  580//654 572//654 571//654
f  573//655 574//655 581//655
f  573//656 582//656 571//656
f  571//657 582//657 583//657
f  571//658 583//658 580//658
f  573//659 581//659 582//659
f  582//660 581//660 584//660
f  582//661 584//661 585//661
f  585//662 584//662 586//662
f  586//663 584//663 587//663
f  586//664 587//664 588//664
f  588//665 587//665 589//665
f  588//666 589//666 590//666
f  590//667 589//667 591//667
f  590//668 591//668 592//668
f  593//669 594//669 595//669
f  595//670 594//670 592//670
f  595//671 592//671 596//671
f  596//672 592//672 591//672
f  597//673 598//673 599//673
f  599//674 598//674 600//674
f  599//675 600//675 601//675
f  601//676 600//676 602//676
f  601//677 602//677 603//677
f  603//678 602//678 604//678
f  603//679 604//679 605//679
f  605//680 604//680 606//680
f  605//681 606//681 593//681
f  593//682 606//682 607//682
f  593//683 607//683 594//683
f  598//684 597//684 608//684
f  608//685 597//685 609//685
f  608//686 609//686 610//686
f  611//687 610//687 609//687
f  611//688 609//688 612//688
f  609//689 613//689 612//689
f  612//690 613//690 614//690
f  612//691 614//691 615//691
f  615//692 614//692 616//692
f  615//693 616//693 617//693
f  617//694 616//694 618//694
f  617//695 618//695 619//695
f  619//696 618//696 620//696
f  619//697 620//697 621//697
f  621//698 620//698 622//698
f  621//699 622//699 623//699
f  623//700 622//700 624//700
f  623//701 624//701 625//701
f  624//702 626//702 625//702
f  625//703 626//703 627//703
f  625//704 627//704 628//704
f  628//705 627//705 629//705
f  628//706 629//706 630//706
f  630//707 629//707 631//707
f  631//708 629//708 632//708
f  631//709 632//709 633//709
f  634//710 635//710 636//710
f  633//711 632//711 637//711
f  635//712 634//712 637//712
f  637//713 634//713 638//713
f  637//714 638//714 633//714
f  639//715 640//715 636//715
f  636//716 640//716 641//716
f  636//717 641//717 634//717
f  639//718 642//718 640//718
f  640//719 642//719 643//719
f  640//720 643//720 644//720
f  644//721 643//721 645//721
f  644//722 645//722 646//722
f  646//723 645//723 647//723
f  646//724 647//724 648//724
f  648//725 647//725 649//725
f  648//726 649//726 650//726
f  650//727 649//727 651//727
f  650//728 651//728 503//728
f  503//729 651//729 505//729
f  652//730 611//730 653//730
f  653//731 611//731 612//731
f  654//732 655//732 617//732
f  617//733 655//733 656//733
f  617//734 656//734 615//734
f  615//735 656//735 657//735
f  615//736 657//736 612//736
f  612//737 657//737 658//737
f  612//738 658//738 653//738
f  617//739 619//739 654//739
f  654//740 619//740 621//740
f  654//741 621//741 659//741
f  659//742 621//742 623//742
f  659//743 623//743 660//743
f  660//744 623//744 625//744
f  660//745 625//745 661//745
f  661//746 625//746 628//746
f  661//747 628//747 662//747
f  628//748 630//748 662//748
f  662//749 630//749 631//749
f  662//750 631//750 663//750
f  663//751 631//751 638//751
f  663//752 638//752 664//752
f  664//753 638//753 665//753
f  665//754 638//754 634//754
f  665//755 634//755 666//755
f  666//756 634//756 641//756
f  666//757 641//757 667//757
f  667//758 641//758 640//758
f  667//759 640//759 668//759
f  668//760 640//760 669//760
f  669//761 640//761 644//761
f  669//762 644//762 670//762
f  644//763 646//763 670//763
f  670//764 646//764 648//764
f  670//765 648//765 671//765
f  671//766 648//766 672//766
f  672//767 648//767 650//767
f  672//768 650//768 673//768
f  673//769 650//769 502//769
f  673//770 502//770 674//770
f  674//771 502//771 504//771
f  674//772 504//772 675//772
f  675//773 504//773 506//773
f  675//774 506//774 676//774
f  676//775 506//775 509//775
f  676//776 509//776 677//776
f  677//777 509//777 512//777
f  677//778 512//778 678//778
f  678//779 512//779 513//779
f  678//780 513//780 679//780
f  679//781 513//781 515//781
f  679//782 515//782 680//782
f  680//783 515//783 517//783
f  680//784 517//784 681//784
f  681//785 517//785 519//785
f  681//786 519//786 682//786
f  682//787 519//787 524//787
f  682//788 524//788 683//788
f  683//789 524//789 523//789
f  683//790 523//790 684//790
f  684//791 523//791 522//791
f  684//792 522//792 685//792
f  685//793 522//793 526//793
f  685//794 526//794 686//794
f  686//795 526//795 529//795
f  686//796 529//796 687//796
f  529//797 531//797 687//797
f  687//798 531//798 532//798
f  687//799 532//799 688//799
f  688//800 532//800 689//800
f  532//801 533//801 689//801
f  689//802 533//802 536//802
f  689//803 536//803 690//803
f  690//804 536//804 691//804
f  536//805 538//805 691//805
f  691//806 538//806 540//806
f  691//807 540//807 692//807
f  540//808 546//808 692//808
f  692//809 546//809 548//809
f  692//810 548//810 693//810
f  548//811 541//811 693//811
f  693//812 541//812 543//812
f  693//813 543//813 694//813
f  694//814 543//814 545//814
f  694//815 545//815 695//815
f  695//816 545//816 551//816
f  551//817 553//817 695//817
f  695//818 553//818 555//818
f  695//819 555//819 696//819
f  696//820 555//820 556//820
f  696//821 556//821 697//821
f  697//822 556//822 558//822
f  697//823 558//823 698//823
f  698//824 558//824 562//824
f  698//825 562//825 699//825
f  699//826 562//826 563//826
f  699//827 563//827 700//827
f  563//828 565//828 700//828
f  700//829 565//829 567//829
f  700//830 567//830 701//830
f  701//831 567//831 570//831
f  701//832 570//832 702//832
f  702//833 570//833 577//833
f  702//834 577//834 703//834
f  703//835 577//835 579//835
f  582//836 704//836 583//836
f  583//837 704//837 705//837
f  583//838 705//838 579//838
f  579//839 705//839 706//839
f  579//840 706//840 703//840
f  585//841 707//841 582//841
f  582//842 707//842 708//842
f  582//843 708//843 704//843
f  709//844 710//844 604//844
f  604//845 710//845 711//845
f  604//846 711//846 606//846
f  606//847 711//847 712//847
f  606//848 712//848 607//848
f  607//849 712//849 713//849
f  607//850 713//850 594//850
f  594//851 713//851 714//851
f  594//852 714//852 592//852
f  592//853 714//853 715//853
f  592//854 715//854 590//854
f  590//855 715//855 716//855
f  590//856 716//856 588//856
f  588//857 716//857 717//857
f  588//858 717//858 586//858
f  586//859 717//859 718//859
f  586//860 718//860 585//860
f  585//861 718//861 719//861
f  585//862 719//862 707//862
f  604//863 602//863 709//863
f  709//864 602//864 600//864
f  709//865 600//865 720//865
f  720//866 600//866 598//866
f  720//867 598//867 721//867
f  721//868 598//868 608//868
f  721//869 608//869 652//869
f  652//870 608//870 610//870
f  652//871 610//871 611//871
f  503//872 502//872 650//872
f  633//873 638//873 631//873
f  580//874 583//874 579//874
f  560//875 562//875 558//875
f  722//876 673//876 674//876
f  723//877 724//877 725//877
f  725//878 724//878 726//878
f  725//879 726//879 727//879
f  727//880 726//880 728//880
f  727//881 728//881 722//881
f  729//882 730//882 731//882
f  731//883 730//883 732//883
f  731//884 732//884 733//884
f  734//885 735//885 732//885
f  732//886 735//886 736//886
f  732//887 736//887 733//887
f  101//888 735//888 685//888
f  685//889 735//889 734//889
f  685//890 734//890 684//890
f  684//891 734//891 683//891
f  678//892 679//892 730//892
f  730//893 679//893 680//893
f  730//894 680//894 732//894
f  732//895 680//895 681//895
f  732//896 681//896 734//896
f  734//897 681//897 682//897
f  734//898 682//898 683//898
f  677//899 678//899 725//899
f  725//900 678//900 730//900
f  725//901 730//901 723//901
f  723//902 730//902 729//902
f  722//903 674//903 727//903
f  727//904 674//904 675//904
f  727//905 675//905 725//905
f  725//906 675//906 676//906
f  725//907 676//907 677//907
f  737//908 696//908 697//908
f  738//909 739//909 740//909
f  741//910 687//910 688//910
f  742//911 112//911 687//911
f  687//912 741//912 742//912
f  742//913 741//913 743//913
f  742//914 743//914 744//914
f  738//915 740//915 745//915
f  745//916 740//916 746//916
f  745//917 746//917 747//917
f  747//918 746//918 748//918
f  747//919 748//919 749//919
f  749//920 748//920 750//920
f  749//921 750//921 751//921
f  737//922 751//922 696//922
f  696//923 751//923 750//923
f  696//924 750//924 695//924
f  695//925 750//925 748//925
f  695//926 748//926 694//926
f  694//927 748//927 693//927
f  693//928 748//928 746//928
f  693//929 746//929 692//929
f  692//930 746//930 740//930
f  692//931 740//931 691//931
f  691//932 740//932 739//932
f  691//933 739//933 690//933
f  688//934 689//934 741//934
f  741//935 689//935 690//935
f  741//936 690//936 743//936
f  743//937 690//937 739//937
f  743//938 739//938 744//938
f  744//939 739//939 738//939
f  687//940 112//940 102//940
f  687//941 102//941 686//941
f  686//942 102//942 101//942
f  686//943 101//943 685//943
f  752//944 753//944 699//944
f  753//945 754//945 699//945
f  699//946 754//946 755//946
f  699//947 755//947 698//947
f  156//948 756//948 700//948
f  700//949 756//949 757//949
f  757//950 758//950 700//950
f  700//951 758//951 759//951
f  700//952 759//952 699//952
f  699//953 759//953 760//953
f  699//954 760//954 752//954
f  700//955 701//955 761//955
f  156//956 700//956 157//956
f  157//957 700//957 761//957
f  157//958 761//958 188//958
f  761//959 701//959 702//959
f  761//960 702//960 188//960
f  762//961 155//961 702//961
f  702//962 155//962 154//962
f  702//963 154//963 188//963
f  703//964 763//964 702//964
f  702//965 763//965 764//965
f  702//966 764//966 762//966
f  706//967 765//967 703//967
f  703//968 765//968 766//968
f  703//969 766//969 767//969
f  767//970 768//970 703//970
f  703//971 768//971 769//971
f  703//972 769//972 763//972
f  753//973 770//973 754//973
f  163//974 165//974 771//974
f  99//975 772//975 97//975
f  111//976 112//976 773//976
f  742//977 744//977 774//977
f  774//978 744//978 738//978
f  754//979 770//979 755//979
f  697//980 698//980 755//980
f  775//981 737//981 697//981
f  737//982 775//982 751//982
f  751//983 775//983 776//983
f  751//984 776//984 749//984
f  777//985 745//985 747//985
f  778//986 738//986 745//986
f  97//987 772//987 92//987
f  92//988 772//988 779//988
f  92//989 779//989 93//989
f  93//990 779//990 780//990
f  93//991 780//991 96//991
f  81//992 95//992 781//992
f  77//993 82//993 782//993
f  782//994 82//994 81//994
f  75//995 70//995 783//995
f  784//996 65//996 74//996
f  66//997 65//997 176//997
f  176//998 65//998 784//998
f  176//999 784//999 174//999
f  174//1000 784//1000 785//1000
f  174//1001 785//1001 181//1001
f  166//1002 168//1002 786//1002
f  786//1003 168//1003 169//1003
f  786//1004 169//1004 785//1004
f  785//1005 169//1005 171//1005
f  785//1006 171//1006 181//1006
f  163//1007 771//1007 162//1007
f  160//1008 787//1008 158//1008
f  158//1009 787//1009 758//1009
f  758//1010 757//1010 158//1010
f  158//1011 757//1011 756//1011
f  158//1012 756//1012 156//1012
f  788//1013 760//1013 787//1013
f  787//1014 760//1014 759//1014
f  787//1015 759//1015 758//1015
f  789//1016 770//1016 790//1016
f  790//1017 770//1017 753//1017
f  790//1018 753//1018 788//1018
f  788//1019 753//1019 752//1019
f  788//1020 752//1020 760//1020
f  745//1021 777//1021 778//1021
f  778//1022 777//1022 791//1022
f  778//1023 791//1023 792//1023
f  793//1024 794//1024 795//1024
f  795//1025 794//1025 792//1025
f  795//1026 792//1026 796//1026
f  796//1027 792//1027 791//1027
f  794//1028 797//1028 792//1028
f  792//1029 797//1029 798//1029
f  792//1030 798//1030 778//1030
f  778//1031 798//1031 799//1031
f  778//1032 799//1032 738//1032
f  738//1033 799//1033 800//1033
f  738//1034 800//1034 774//1034
f  801//1035 780//1035 802//1035
f  802//1036 780//1036 779//1036
f  802//1037 779//1037 803//1037
f  803//1038 779//1038 772//1038
f  803//1039 772//1039 804//1039
f  804//1040 772//1040 99//1040
f  804//1041 99//1041 805//1041
f  805//1042 99//1042 106//1042
f  805//1043 106//1043 108//1043
f  806//1044 801//1044 807//1044
f  807//1045 801//1045 802//1045
f  807//1046 802//1046 808//1046
f  808//1047 802//1047 803//1047
f  808//1048 803//1048 809//1048
f  809//1049 803//1049 804//1049
f  809//1050 804//1050 810//1050
f  810//1051 804//1051 805//1051
f  810//1052 805//1052 811//1052
f  811//1053 805//1053 108//1053
f  811//1054 108//1054 773//1054
f  773//1055 108//1055 110//1055
f  773//1056 110//1056 111//1056
f  112//1057 742//1057 773//1057
f  773//1058 742//1058 774//1058
f  773//1059 774//1059 811//1059
f  811//1060 774//1060 800//1060
f  811//1061 800//1061 810//1061
f  810//1062 800//1062 799//1062
f  810//1063 799//1063 809//1063
f  809//1064 799//1064 798//1064
f  809//1065 798//1065 808//1065
f  808//1066 798//1066 797//1066
f  808//1067 797//1067 807//1067
f  807//1068 797//1068 794//1068
f  807//1069 794//1069 806//1069
f  806//1070 794//1070 793//1070
f  165//1071 166//1071 771//1071
f  771//1072 166//1072 786//1072
f  771//1073 786//1073 812//1073
f  812//1074 786//1074 813//1074
f  813//1075 786//1075 785//1075
f  813//1076 785//1076 814//1076
f  814//1077 785//1077 784//1077
f  814//1078 784//1078 815//1078
f  815//1079 784//1079 74//1079
f  815//1080 74//1080 75//1080
f  816//1081 817//1081 818//1081
f  818//1082 817//1082 783//1082
f  818//1083 783//1083 782//1083
f  782//1084 783//1084 70//1084
f  782//1085 70//1085 77//1085
f  787//1086 819//1086 788//1086
f  788//1087 819//1087 820//1087
f  788//1088 820//1088 790//1088
f  790//1089 820//1089 821//1089
f  790//1090 821//1090 789//1090
f  789//1091 821//1091 822//1091
f  789//1092 822//1092 823//1092
f  75//1093 783//1093 815//1093
f  815//1094 783//1094 817//1094
f  815//1095 817//1095 814//1095
f  814//1096 817//1096 816//1096
f  814//1097 816//1097 813//1097
f  813//1098 816//1098 824//1098
f  813//1099 824//1099 812//1099
f  812//1100 824//1100 825//1100
f  812//1101 825//1101 771//1101
f  771//1102 825//1102 826//1102
f  771//1103 826//1103 162//1103
f  81//1104 781//1104 782//1104
f  782//1105 781//1105 827//1105
f  782//1106 827//1106 818//1106
f  818//1107 827//1107 828//1107
f  818//1108 828//1108 816//1108
f  816//1109 828//1109 829//1109
f  816//1110 829//1110 824//1110
f  824//1111 829//1111 819//1111
f  824//1112 819//1112 825//1112
f  825//1113 819//1113 787//1113
f  825//1114 787//1114 826//1114
f  826//1115 787//1115 160//1115
f  826//1116 160//1116 162//1116
f  697//1117 755//1117 775//1117
f  775//1118 755//1118 770//1118
f  775//1119 770//1119 776//1119
f  776//1120 770//1120 789//1120
f  776//1121 789//1121 749//1121
f  749//1122 789//1122 823//1122
f  749//1123 823//1123 747//1123
f  747//1124 823//1124 822//1124
f  747//1125 822//1125 777//1125
f  777//1126 822//1126 821//1126
f  777//1127 821//1127 791//1127
f  791//1128 821//1128 820//1128
f  791//1129 820//1129 796//1129
f  796//1130 820//1130 819//1130
f  796//1131 819//1131 795//1131
f  795//1132 819//1132 829//1132
f  795//1133 829//1133 793//1133
f  793//1134 829//1134 828//1134
f  793//1135 828//1135 806//1135
f  806//1136 828//1136 827//1136
f  806//1137 827//1137 801//1137
f  801//1138 827//1138 781//1138
f  801//1139 781//1139 780//1139
f  780//1140 781//1140 95//1140
f  780//1141 95//1141 96//1141
f  720//1142 830//1142 709//1142
f  708//1143 831//1143 704//1143
f  704//1144 831//1144 832//1144
f  704//1145 832//1145 705//1145
f  831//1146 833//1146 834//1146
f  834//1147 833//1147 835//1147
f  834//1148 835//1148 836//1148
f  836//1149 835//1149 837//1149
f  836//1150 837//1150 838//1150
f  838//1151 837//1151 839//1151
f  838//1152 839//1152 840//1152
f  841//1153 842//1153 840//1153
f  842//1154 841//1154 843//1154
f  843//1155 841//1155 830//1155
f  843//1156 830//1156 844//1156
f  844//1157 830//1157 720//1157
f  844//1158 720//1158 47//1158
f  709//1159 830//1159 710//1159
f  710//1160 830//1160 841//1160
f  710//1161 841//1161 711//1161
f  840//1162 839//1162 841//1162
f  841//1163 839//1163 712//1163
f  841//1164 712//1164 711//1164
f  707//1165 719//1165 845//1165
f  845//1166 719//1166 718//1166
f  708//1167 707//1167 831//1167
f  831//1168 707//1168 845//1168
f  831//1169 845//1169 833//1169
f  833//1170 845//1170 718//1170
f  718//1171 717//1171 833//1171
f  833//1172 717//1172 716//1172
f  833//1173 716//1173 835//1173
f  835//1174 716//1174 715//1174
f  835//1175 715//1175 837//1175
f  837//1176 715//1176 714//1176
f  837//1177 714//1177 839//1177
f  839//1178 714//1178 713//1178
f  839//1179 713//1179 712//1179
f  831//1180 846//1180 832//1180
f  838//1181 847//1181 836//1181
f  844//1182 47//1182 848//1182
f  49//1183 55//1183 849//1183
f  59//1184 61//1184 134//1184
f  765//1185 846//1185 766//1185
f  766//1186 846//1186 850//1186
f  766//1187 850//1187 767//1187
f  765//1188 706//1188 846//1188
f  846//1189 706//1189 705//1189
f  846//1190 705//1190 832//1190
f  851//1191 763//1191 852//1191
f  852//1192 763//1192 769//1192
f  764//1193 153//1193 762//1193
f  762//1194 153//1194 155//1194
f  853//1195 153//1195 851//1195
f  851//1196 153//1196 764//1196
f  851//1197 764//1197 763//1197
f  854//1198 149//1198 853//1198
f  853//1199 149//1199 151//1199
f  853//1200 151//1200 153//1200
f  147//1201 145//1201 854//1201
f  854//1202 145//1202 144//1202
f  854//1203 144//1203 149//1203
f  148//1204 855//1204 142//1204
f  142//1205 855//1205 856//1205
f  142//1206 856//1206 140//1206
f  140//1207 856//1207 138//1207
f  56//1208 59//1208 857//1208
f  857//1209 59//1209 134//1209
f  857//1210 134//1210 856//1210
f  856//1211 134//1211 135//1211
f  856//1212 135//1212 138//1212
f  52//1213 51//1213 858//1213
f  27//1214 859//1214 37//1214
f  37//1215 859//1215 860//1215
f  37//1216 860//1216 35//1216
f  35//1217 860//1217 861//1217
f  35//1218 861//1218 33//1218
f  33//1219 861//1219 862//1219
f  33//1220 862//1220 31//1220
f  31//1221 862//1221 40//1221
f  45//1222 44//1222 863//1222
f  863//1223 44//1223 43//1223
f  863//1224 43//1224 41//1224
f  41//1225 864//1225 863//1225
f  863//1226 864//1226 865//1226
f  863//1227 865//1227 45//1227
f  45//1228 865//1228 848//1228
f  45//1229 848//1229 46//1229
f  46//1230 848//1230 47//1230
f  843//1231 866//1231 842//1231
f  842//1232 866//1232 840//1232
f  843//1233 867//1233 866//1233
f  866//1234 867//1234 868//1234
f  866//1235 868//1235 840//1235
f  869//1236 870//1236 871//1236
f  871//1237 870//1237 872//1237
f  871//1238 872//1238 873//1238
f  52//1239 858//1239 874//1239
f  874//1240 858//1240 875//1240
f  874//1241 875//1241 876//1241
f  877//1242 875//1242 878//1242
f  878//1243 875//1243 858//1243
f  878//1244 858//1244 849//1244
f  849//1245 858//1245 51//1245
f  849//1246 51//1246 49//1246
f  876//1247 875//1247 879//1247
f  879//1248 875//1248 877//1248
f  879//1249 877//1249 880//1249
f  880//1250 877//1250 881//1250
f  880//1251 881//1251 872//1251
f  872//1252 881//1252 882//1252
f  872//1253 882//1253 873//1253
f  55//1254 56//1254 849//1254
f  849//1255 56//1255 857//1255
f  849//1256 857//1256 878//1256
f  878//1257 857//1257 856//1257
f  878//1258 856//1258 877//1258
f  877//1259 856//1259 855//1259
f  877//1260 855//1260 881//1260
f  883//1261 884//1261 885//1261
f  885//1262 884//1262 886//1262
f  843//1263 844//1263 867//1263
f  867//1264 844//1264 848//1264
f  867//1265 848//1265 887//1265
f  887//1266 848//1266 865//1266
f  887//1267 865//1267 888//1267
f  888//1268 865//1268 864//1268
f  888//1269 864//1269 889//1269
f  890//1270 891//1270 892//1270
f  892//1271 891//1271 893//1271
f  892//1272 893//1272 883//1272
f  883//1273 893//1273 894//1273
f  883//1274 894//1274 884//1274
f  884//1275 894//1275 895//1275
f  884//1276 895//1276 886//1276
f  886//1277 895//1277 896//1277
f  886//1278 896//1278 897//1278
f  859//1279 898//1279 860//1279
f  860//1280 898//1280 899//1280
f  860//1281 899//1281 861//1281
f  861//1282 899//1282 889//1282
f  861//1283 889//1283 862//1283
f  862//1284 889//1284 864//1284
f  862//1285 864//1285 40//1285
f  40//1286 864//1286 41//1286
f  898//1287 890//1287 899//1287
f  899//1288 890//1288 892//1288
f  899//1289 892//1289 889//1289
f  889//1290 892//1290 883//1290
f  889//1291 883//1291 888//1291
f  888//1292 883//1292 885//1292
f  888//1293 885//1293 887//1293
f  887//1294 885//1294 886//1294
f  887//1295 886//1295 867//1295
f  867//1296 886//1296 897//1296
f  867//1297 897//1297 868//1297
f  148//1298 147//1298 855//1298
f  855//1299 147//1299 854//1299
f  855//1300 854//1300 881//1300
f  881//1301 854//1301 853//1301
f  881//1302 853//1302 882//1302
f  882//1303 853//1303 851//1303
f  882//1304 851//1304 873//1304
f  873//1305 851//1305 852//1305
f  873//1306 852//1306 871//1306
f  871//1307 852//1307 900//1307
f  871//1308 900//1308 869//1308
f  869//1309 900//1309 901//1309
f  869//1310 901//1310 902//1310
f  902//1311 901//1311 903//1311
f  902//1312 903//1312 904//1312
f  904//1313 903//1313 905//1313
f  904//1314 905//1314 906//1314
f  906//1315 905//1315 907//1315
f  769//1316 768//1316 852//1316
f  852//1317 768//1317 767//1317
f  852//1318 767//1318 900//1318
f  900//1319 767//1319 850//1319
f  900//1320 850//1320 901//1320
f  901//1321 850//1321 846//1321
f  901//1322 846//1322 903//1322
f  903//1323 846//1323 831//1323
f  903//1324 831//1324 905//1324
f  905//1325 831//1325 834//1325
f  905//1326 834//1326 907//1326
f  907//1327 834//1327 836//1327
f  907//1328 836//1328 906//1328
f  906//1329 836//1329 847//1329
f  838//1330 840//1330 847//1330
f  847//1331 840//1331 868//1331
f  847//1332 868//1332 906//1332
f  906//1333 868//1333 897//1333
f  906//1334 897//1334 904//1334
f  904//1335 897//1335 896//1335
f  904//1336 896//1336 902//1336
f  902//1337 896//1337 895//1337
f  902//1338 895//1338 869//1338
f  869//1339 895//1339 894//1339
f  869//1340 894//1340 870//1340
f  870//1341 894//1341 893//1341
f  870//1342 893//1342 872//1342
f  872//1343 893//1343 891//1343
f  872//1344 891//1344 880//1344
f  880//1345 891//1345 890//1345
f  880//1346 890//1346 879//1346
f  879//1347 890//1347 898//1347
f  879//1348 898//1348 876//1348
f  876//1349 898//1349 859//1349
f  876//1350 859//1350 874//1350
f  874//1351 859//1351 27//1351
f  874//1352 27//1352 52//1352
f  908//1353 909//1353 910//1353
f  911//1354 652//1354 653//1354
f  5//1355 652//1355 912//1355
f  912//1356 652//1356 911//1356
f  912//1357 911//1357 913//1357
f  913//1358 911//1358 910//1358
f  913//1359 910//1359 914//1359
f  914//1360 910//1360 909//1360
f  915//1361 916//1361 917//1361
f  917//1362 916//1362 918//1362
f  917//1363 918//1363 908//1363
f  919//1364 920//1364 921//1364
f  921//1365 920//1365 922//1365
f  921//1366 922//1366 915//1366
f  915//1367 922//1367 923//1367
f  915//1368 923//1368 916//1368
f  663//1369 919//1369 662//1369
f  662//1370 919//1370 921//1370
f  662//1371 921//1371 661//1371
f  661//1372 921//1372 915//1372
f  661//1373 915//1373 660//1373
f  660//1374 915//1374 659//1374
f  659//1375 915//1375 917//1375
f  659//1376 917//1376 654//1376
f  908//1377 910//1377 917//1377
f  917//1378 910//1378 655//1378
f  917//1379 655//1379 654//1379
f  653//1380 658//1380 911//1380
f  911//1381 658//1381 657//1381
f  911//1382 657//1382 910//1382
f  910//1383 657//1383 656//1383
f  910//1384 656//1384 655//1384
f  47//1385 720//1385 4//1385
f  4//1386 720//1386 721//1386
f  4//1387 721//1387 5//1387
f  5//1388 721//1388 652//1388
f  924//1389 925//1389 926//1389
f  927//1390 664//1390 665//1390
f  927//1391 665//1391 925//1391
f  924//1392 926//1392 928//1392
f  929//1393 930//1393 926//1393
f  926//1394 930//1394 931//1394
f  926//1395 931//1395 928//1395
f  932//1396 218//1396 933//1396
f  933//1397 218//1397 217//1397
f  933//1398 217//1398 929//1398
f  929//1399 217//1399 252//1399
f  929//1400 252//1400 930//1400
f  934//1401 222//1401 932//1401
f  932//1402 222//1402 220//1402
f  932//1403 220//1403 218//1403
f  226//1404 224//1404 934//1404
f  934//1405 224//1405 223//1405
f  934//1406 223//1406 222//1406
f  935//1407 936//1407 937//1407
f  937//1408 938//1408 935//1408
f  935//1409 938//1409 939//1409
f  935//1410 939//1410 934//1410
f  934//1411 939//1411 940//1411
f  934//1412 940//1412 226//1412
f  671//1413 672//1413 941//1413
f  933//1414 669//1414 932//1414
f  932//1415 669//1415 670//1415
f  932//1416 670//1416 934//1416
f  934//1417 670//1417 671//1417
f  934//1418 671//1418 935//1418
f  935//1419 671//1419 941//1419
f  935//1420 941//1420 936//1420
f  925//1421 665//1421 926//1421
f  926//1422 665//1422 666//1422
f  926//1423 666//1423 929//1423
f  929//1424 666//1424 667//1424
f  929//1425 667//1425 933//1425
f  933//1426 667//1426 668//1426
f  933//1427 668//1427 669//1427
f  942//1428 943//1428 944//1428
f  925//1429 924//1429 945//1429
f  196//1430 195//1430 946//1430
f  228//1431 230//1431 947//1431
f  232//1432 233//1432 948//1432
f  909//1433 908//1433 949//1433
f  916//1434 950//1434 918//1434
f  951//1435 919//1435 952//1435
f  952//1436 919//1436 663//1436
f  953//1437 922//1437 920//1437
f  922//1438 953//1438 923//1438
f  923//1439 953//1439 954//1439
f  923//1440 954//1440 916//1440
f  916//1441 954//1441 955//1441
f  916//1442 955//1442 950//1442
f  956//1443 5//1443 912//1443
f  5//1444 956//1444 6//1444
f  6//1445 956//1445 957//1445
f  6//1446 957//1446 42//1446
f  958//1447 39//1447 959//1447
f  959//1448 39//1448 38//1448
f  959//1449 38//1449 960//1449
f  960//1450 38//1450 36//1450
f  960//1451 36//1451 961//1451
f  961//1452 36//1452 34//1452
f  961//1453 34//1453 32//1453
f  13//1454 22//1454 962//1454
f  962//1455 22//1455 20//1455
f  962//1456 20//1456 958//1456
f  958//1457 20//1457 19//1457
f  958//1458 19//1458 39//1458
f  963//1459 964//1459 14//1459
f  14//1460 964//1460 948//1460
f  14//1461 948//1461 7//1461
f  233//1462 10//1462 948//1462
f  948//1463 10//1463 8//1463
f  948//1464 8//1464 7//1464
f  196//1465 946//1465 227//1465
f  227//1466 946//1466 965//1466
f  227//1467 965//1467 199//1467
f  928//1468 931//1468 943//1468
f  943//1469 931//1469 930//1469
f  943//1470 930//1470 944//1470
f  944//1471 930//1471 252//1471
f  944//1472 252//1472 253//1472
f  966//1473 955//1473 967//1473
f  967//1474 955//1474 954//1474
f  967//1475 954//1475 952//1475
f  952//1476 954//1476 953//1476
f  952//1477 953//1477 951//1477
f  951//1478 953//1478 920//1478
f  951//1479 920//1479 919//1479
f  968//1480 969//1480 970//1480
f  968//1481 970//1481 971//1481
f  971//1482 970//1482 949//1482
f  971//1483 949//1483 972//1483
f  972//1484 949//1484 908//1484
f  972//1485 908//1485 918//1485
f  970//1486 973//1486 949//1486
f  949//1487 973//1487 974//1487
f  949//1488 974//1488 909//1488
f  909//1489 974//1489 975//1489
f  909//1490 975//1490 914//1490
f  914//1491 975//1491 976//1491
f  914//1492 976//1492 913//1492
f  977//1493 978//1493 979//1493
f  979//1494 978//1494 980//1494
f  979//1495 980//1495 981//1495
f  981//1496 980//1496 982//1496
f  981//1497 982//1497 983//1497
f  977//1498 984//1498 973//1498
f  973//1499 984//1499 974//1499
f  974//1500 984//1500 985//1500
f  974//1501 985//1501 975//1501
f  975//1502 985//1502 986//1502
f  975//1503 986//1503 976//1503
f  200//1504 199//1504 987//1504
f  987//1505 199//1505 965//1505
f  987//1506 965//1506 988//1506
f  988//1507 965//1507 946//1507
f  988//1508 946//1508 989//1508
f  989//1509 946//1509 990//1509
f  989//1510 990//1510 991//1510
f  230//1511 232//1511 947//1511
f  947//1512 232//1512 948//1512
f  947//1513 948//1513 992//1513
f  992//1514 948//1514 964//1514
f  992//1515 964//1515 993//1515
f  993//1516 964//1516 963//1516
f  195//1517 228//1517 946//1517
f  946//1518 228//1518 947//1518
f  946//1519 947//1519 990//1519
f  990//1520 947//1520 992//1520
f  990//1521 992//1521 991//1521
f  991//1522 992//1522 993//1522
f  991//1523 993//1523 994//1523
f  994//1524 993//1524 963//1524
f  42//1525 957//1525 32//1525
f  32//1526 957//1526 995//1526
f  32//1527 995//1527 961//1527
f  961//1528 995//1528 996//1528
f  961//1529 996//1529 960//1529
f  960//1530 996//1530 997//1530
f  960//1531 997//1531 959//1531
f  959//1532 997//1532 998//1532
f  959//1533 998//1533 958//1533
f  958//1534 998//1534 999//1534
f  958//1535 999//1535 962//1535
f  1000//1536 966//1536 945//1536
f  945//1537 966//1537 967//1537
f  945//1538 967//1538 925//1538
f  925//1539 967//1539 952//1539
f  925//1540 952//1540 927//1540
f  927//1541 952//1541 663//1541
f  927//1542 663//1542 664//1542
f  924//1543 928//1543 945//1543
f  945//1544 928//1544 943//1544
f  945//1545 943//1545 1000//1545
f  1000//1546 943//1546 942//1546
f  1000//1547 942//1547 1001//1547
f  253//1548 200//1548 944//1548
f  944//1549 200//1549 987//1549
f  944//1550 987//1550 942//1550
f  942//1551 987//1551 988//1551
f  942//1552 988//1552 1001//1552
f  1001//1553 988//1553 989//1553
f  1001//1554 989//1554 1002//1554
f  1002//1555 989//1555 991//1555
f  1002//1556 991//1556 999//1556
f  999//1557 991//1557 994//1557
f  999//1558 994//1558 962//1558
f  962//1559 994//1559 963//1559
f  962//1560 963//1560 13//1560
f  13//1561 963//1561 14//1561
f  977//1562 973//1562 978//1562
f  978//1563 973//1563 970//1563
f  978//1564 970//1564 980//1564
f  980//1565 970//1565 969//1565
f  980//1566 969//1566 982//1566
f  982//1567 969//1567 1003//1567
f  982//1568 1003//1568 983//1568
f  918//1569 950//1569 972//1569
f  972//1570 950//1570 955//1570
f  972//1571 955//1571 971//1571
f  971//1572 955//1572 966//1572
f  971//1573 966//1573 968//1573
f  968//1574 966//1574 1000//1574
f  968//1575 1000//1575 969//1575
f  969//1576 1000//1576 1001//1576
f  969//1577 1001//1577 1003//1577
f  1003//1578 1001//1578 1002//1578
f  1003//1579 1002//1579 983//1579
f  983//1580 1002//1580 999//1580
f  983//1581 999//1581 981//1581
f  981//1582 999//1582 998//1582
f  981//1583 998//1583 979//1583
f  979//1584 998//1584 997//1584
f  979//1585 997//1585 977//1585
f  977//1586 997//1586 996//1586
f  977//1587 996//1587 984//1587
f  984//1588 996//1588 995//1588
f  984//1589 995//1589 985//1589
f  985//1590 995//1590 957//1590
f  985//1591 957//1591 986//1591
f  986//1592 957//1592 956//1592
f  986//1593 956//1593 976//1593
f  976//1594 956//1594 912//1594
f  976//1595 912//1595 913//1595
f  1004//1596 1005//1596 1006//1596
f  209//1597 210//1597 1004//1597
f  938//1598 937//1598 1007//1598
f  941//1599 1008//1599 936//1599
f  941//1600 672//1600 1008//1600
f  1008//1601 672//1601 673//1601
f  1008//1602 673//1602 1009//1602
f  1009//1603 673//1603 722//1603
f  1009//1604 722//1604 728//1604
f  1007//1605 937//1605 1010//1605
f  225//1606 226//1606 940//1606
f  938//1607 1007//1607 939//1607
f  939//1608 1007//1608 1011//1608
f  939//1609 1011//1609 940//1609
f  940//1610 1011//1610 215//1610
f  940//1611 215//1611 225//1611
f  202//1612 1005//1612 213//1612
f  213//1613 1005//1613 1004//1613
f  213//1614 1004//1614 212//1614
f  212//1615 1004//1615 210//1615
f  1012//1616 120//1616 204//1616
f  204//1617 120//1617 123//1617
f  1013//1618 115//1618 118//1618
f  115//1619 1013//1619 83//1619
f  83//1620 1013//1620 1014//1620
f  83//1621 1014//1621 84//1621
f  84//1622 1014//1622 1015//1622
f  84//1623 1015//1623 1016//1623
f  104//1624 98//1624 1017//1624
f  1017//1625 98//1625 91//1625
f  1017//1626 91//1626 1018//1626
f  1018//1627 91//1627 94//1627
f  1018//1628 94//1628 1019//1628
f  1019//1629 94//1629 89//1629
f  1019//1630 89//1630 1016//1630
f  1016//1631 89//1631 90//1631
f  1016//1632 90//1632 84//1632
f  109//1633 107//1633 1020//1633
f  1020//1634 107//1634 105//1634
f  1020//1635 105//1635 1021//1635
f  735//1636 1022//1636 736//1636
f  736//1637 1022//1637 1023//1637
f  736//1638 1023//1638 733//1638
f  1024//1639 723//1639 1025//1639
f  1025//1640 723//1640 729//1640
f  1025//1641 729//1641 1026//1641
f  208//1642 209//1642 1027//1642
f  1027//1643 209//1643 1004//1643
f  1027//1644 1004//1644 1028//1644
f  1028//1645 1004//1645 1006//1645
f  1028//1646 1006//1646 1029//1646
f  1029//1647 1006//1647 1030//1647
f  1029//1648 1030//1648 1031//1648
f  1031//1649 1030//1649 1032//1649
f  1032//1650 1030//1650 1033//1650
f  1032//1651 1033//1651 1034//1651
f  204//1652 208//1652 1012//1652
f  1012//1653 208//1653 1027//1653
f  1012//1654 1027//1654 1035//1654
f  1035//1655 1027//1655 1028//1655
f  1035//1656 1028//1656 1036//1656
f  1036//1657 1028//1657 1029//1657
f  1036//1658 1029//1658 1037//1658
f  1037//1659 1029//1659 1031//1659
f  1037//1660 1031//1660 1038//1660
f  1038//1661 1031//1661 1032//1661
f  1038//1662 1032//1662 1039//1662
f  1039//1663 1032//1663 1034//1663
f  1039//1664 1034//1664 1040//1664
f  1041//1665 1042//1665 1043//1665
f  1043//1666 1042//1666 1044//1666
f  100//1667 103//1667 1045//1667
f  1045//1668 103//1668 1046//1668
f  1045//1669 1046//1669 1047//1669
f  1047//1670 1046//1670 1048//1670
f  1047//1671 1048//1671 1049//1671
f  1049//1672 1048//1672 1050//1672
f  1043//1673 1051//1673 1041//1673
f  1041//1674 1051//1674 1052//1674
f  1041//1675 1052//1675 1022//1675
f  1022//1676 1052//1676 1053//1676
f  1022//1677 1053//1677 1023//1677
f  1023//1678 1053//1678 731//1678
f  1023//1679 731//1679 733//1679
f  1033//1680 1054//1680 1034//1680
f  1034//1681 1054//1681 1050//1681
f  1034//1682 1050//1682 1040//1682
f  1040//1683 1050//1683 1048//1683
f  1040//1684 1048//1684 1021//1684
f  1021//1685 1048//1685 1046//1685
f  1021//1686 1046//1686 1020//1686
f  1020//1687 1046//1687 103//1687
f  1020//1688 103//1688 109//1688
f  105//1689 104//1689 1021//1689
f  1021//1690 104//1690 1017//1690
f  1021//1691 1017//1691 1040//1691
f  1040//1692 1017//1692 1018//1692
f  1040//1693 1018//1693 1039//1693
f  1039//1694 1018//1694 1019//1694
f  1039//1695 1019//1695 1038//1695
f  1038//1696 1019//1696 1016//1696
f  1038//1697 1016//1697 1037//1697
f  1037//1698 1016//1698 1015//1698
f  1037//1699 1015//1699 1036//1699
f  1036//1700 1015//1700 1014//1700
f  1036//1701 1014//1701 1035//1701
f  1035//1702 1014//1702 1013//1702
f  1035//1703 1013//1703 1012//1703
f  1012//1704 1013//1704 118//1704
f  1012//1705 118//1705 120//1705
f  937//1706 936//1706 1010//1706
f  1010//1707 936//1707 1008//1707
f  1010//1708 1008//1708 1055//1708
f  1055//1709 1008//1709 1009//1709
f  1055//1710 1009//1710 1056//1710
f  1056//1711 1009//1711 728//1711
f  1056//1712 728//1712 1057//1712
f  1057//1713 728//1713 726//1713
f  1057//1714 726//1714 724//1714
f  729//1715 731//1715 1026//1715
f  1026//1716 731//1716 1053//1716
f  1026//1717 1053//1717 1025//1717
f  1025//1718 1053//1718 1052//1718
f  1025//1719 1052//1719 1024//1719
f  1024//1720 1052//1720 1051//1720
f  1024//1721 1051//1721 1058//1721
f  1058//1722 1051//1722 1043//1722
f  1058//1723 1043//1723 1059//1723
f  1059//1724 1043//1724 1044//1724
f  1059//1725 1044//1725 1060//1725
f  724//1726 723//1726 1057//1726
f  1057//1727 723//1727 1024//1727
f  1057//1728 1024//1728 1056//1728
f  1056//1729 1024//1729 1058//1729
f  1056//1730 1058//1730 1055//1730
f  1055//1731 1058//1731 1059//1731
f  1055//1732 1059//1732 1010//1732
f  1010//1733 1059//1733 1060//1733
f  1010//1734 1060//1734 1007//1734
f  1007//1735 1060//1735 1061//1735
f  1007//1736 1061//1736 1011//1736
f  1011//1737 1061//1737 1062//1737
f  1011//1738 1062//1738 215//1738
f  215//1739 1062//1739 1063//1739
f  215//1740 1063//1740 216//1740
f  216//1741 1063//1741 201//1741
f  202//1742 201//1742 1005//1742
f  1005//1743 201//1743 1063//1743
f  1005//1744 1063//1744 1006//1744
f  1006//1745 1063//1745 1062//1745
f  1006//1746 1062//1746 1030//1746
f  1030//1747 1062//1747 1061//1747
f  1030//1748 1061//1748 1033//1748
f  1033//1749 1061//1749 1060//1749
f  1033//1750 1060//1750 1054//1750
f  1054//1751 1060//1751 1044//1751
f  1054//1752 1044//1752 1050//1752
f  1050//1753 1044//1753 1042//1753
f  1050//1754 1042//1754 1049//1754
f  1049//1755 1042//1755 1041//1755
f  1049//1756 1041//1756 1047//1756
f  1047//1757 1041//1757 1022//1757
f  1047//1758 1022//1758 1045//1758
f  1045//1759 1022//1759 735//1759
f  1045//1760 735//1760 100//1760
f  100//1761 735//1761 101//1761
f  1064//1762 1065//1762 1066//1762
f  1067//1763 1068//1763 1069//1763
f  293//1764 291//1764 1070//1764
f  325//1765 327//1765 1071//1765
f  335//1766 336//1766 1072//1766
f  1073//1767 1074//1767 1075//1767
f  284//1768 286//1768 1076//1768
f  1076//1769 286//1769 1077//1769
f  1078//1770 1066//1770 1079//1770
f  1079//1771 1066//1771 1065//1771
f  1079//1772 1065//1772 1080//1772
f  1081//1773 1082//1773 1083//1773
f  1083//1774 1082//1774 1084//1774
f  1083//1775 1084//1775 1075//1775
f  1075//1776 1084//1776 1085//1776
f  1075//1777 1085//1777 1073//1777
f  1086//1778 1087//1778 1088//1778
f  1088//1779 1087//1779 1089//1779
f  1089//1780 1087//1780 1090//1780
f  1090//1781 1087//1781 1091//1781
f  1090//1782 1091//1782 1092//1782
f  361//1783 1093//1783 359//1783
f  359//1784 1093//1784 357//1784
f  331//1785 346//1785 1094//1785
f  1094//1786 346//1786 348//1786
f  325//1787 1071//1787 322//1787
f  1095//1788 258//1788 1096//1788
f  1096//1789 258//1789 301//1789
f  1096//1790 301//1790 1097//1790
f  290//1791 295//1791 1098//1791
f  1098//1792 295//1792 297//1792
f  1098//1793 297//1793 1099//1793
f  1099//1794 297//1794 298//1794
f  1099//1795 298//1795 1095//1795
f  1095//1796 298//1796 300//1796
f  1095//1797 300//1797 258//1797
f  288//1798 1066//1798 286//1798
f  286//1799 1066//1799 1078//1799
f  286//1800 1078//1800 1077//1800
f  1100//1801 1101//1801 1102//1801
f  1102//1802 1101//1802 1103//1802
f  1102//1803 1103//1803 1104//1803
f  1104//1804 1103//1804 1105//1804
f  1104//1805 1105//1805 1106//1805
f  1069//1806 1106//1806 1107//1806
f  1107//1807 1106//1807 1105//1807
f  1107//1808 1105//1808 1091//1808
f  1091//1809 1105//1809 1103//1809
f  1091//1810 1103//1810 1092//1810
f  1092//1811 1103//1811 1101//1811
f  1092//1812 1101//1812 1108//1812
f  1108//1813 1101//1813 1100//1813
f  1108//1814 1100//1814 1109//1814
f  1109//1815 1100//1815 363//1815
f  1109//1816 363//1816 365//1816
f  1110//1817 1111//1817 1112//1817
f  1112//1818 1111//1818 1113//1818
f  1069//1819 1068//1819 1106//1819
f  1106//1820 1068//1820 1114//1820
f  1106//1821 1114//1821 1104//1821
f  1104//1822 1114//1822 1093//1822
f  1104//1823 1093//1823 1102//1823
f  1102//1824 1093//1824 361//1824
f  1102//1825 361//1825 1100//1825
f  1100//1826 361//1826 362//1826
f  1100//1827 362//1827 363//1827
f  1115//1828 1116//1828 1117//1828
f  1117//1829 1116//1829 1118//1829
f  1117//1830 1118//1830 1119//1830
f  1119//1831 1118//1831 1120//1831
f  1121//1832 1122//1832 1123//1832
f  357//1833 1093//1833 355//1833
f  355//1834 1093//1834 1114//1834
f  355//1835 1114//1835 1124//1835
f  1124//1836 1114//1836 1068//1836
f  1124//1837 1068//1837 1116//1837
f  1116//1838 1068//1838 1067//1838
f  1116//1839 1067//1839 1118//1839
f  1118//1840 1067//1840 1125//1840
f  1118//1841 1125//1841 1120//1841
f  291//1842 290//1842 1070//1842
f  1070//1843 290//1843 1098//1843
f  1070//1844 1098//1844 1126//1844
f  336//1845 331//1845 1072//1845
f  1072//1846 331//1846 1094//1846
f  1072//1847 1094//1847 1127//1847
f  1119//1848 1127//1848 1117//1848
f  1117//1849 1127//1849 1094//1849
f  1117//1850 1094//1850 1115//1850
f  1115//1851 1094//1851 348//1851
f  1115//1852 348//1852 1116//1852
f  1116//1853 348//1853 351//1853
f  1116//1854 351//1854 1124//1854
f  1124//1855 351//1855 352//1855
f  1124//1856 352//1856 355//1856
f  1121//1857 1126//1857 1128//1857
f  1128//1858 1126//1858 1098//1858
f  1128//1859 1098//1859 1129//1859
f  1129//1860 1098//1860 1099//1860
f  1129//1861 1099//1861 1130//1861
f  1130//1862 1099//1862 1095//1862
f  1130//1863 1095//1863 1131//1863
f  1131//1864 1095//1864 1096//1864
f  1131//1865 1096//1865 1071//1865
f  1071//1866 1096//1866 1097//1866
f  1071//1867 1097//1867 322//1867
f  322//1868 1097//1868 301//1868
f  322//1869 301//1869 306//1869
f  1132//1870 1133//1870 1134//1870
f  1134//1871 1133//1871 1135//1871
f  1136//1872 1137//1872 1138//1872
f  1138//1873 1137//1873 1139//1873
f  1138//1874 1139//1874 1140//1874
f  1140//1875 1139//1875 1141//1875
f  1140//1876 1141//1876 1142//1876
f  1142//1877 1141//1877 1080//1877
f  1142//1878 1080//1878 1143//1878
f  1143//1879 1080//1879 1065//1879
f  1143//1880 1065//1880 1135//1880
f  1135//1881 1065//1881 1064//1881
f  1135//1882 1064//1882 1134//1882
f  1123//1883 1144//1883 1121//1883
f  1121//1884 1144//1884 1145//1884
f  1121//1885 1145//1885 1126//1885
f  1126//1886 1145//1886 1146//1886
f  1126//1887 1146//1887 1070//1887
f  1070//1888 1146//1888 1147//1888
f  1123//1889 1132//1889 1144//1889
f  1144//1890 1132//1890 1134//1890
f  1144//1891 1134//1891 1145//1891
f  1145//1892 1134//1892 1064//1892
f  1145//1893 1064//1893 1146//1893
f  1146//1894 1064//1894 1066//1894
f  1146//1895 1066//1895 1147//1895
f  1147//1896 1066//1896 288//1896
f  1147//1897 288//1897 1070//1897
f  1070//1898 288//1898 294//1898
f  1070//1899 294//1899 293//1899
f  1088//1900 1082//1900 1086//1900
f  1086//1901 1082//1901 1081//1901
f  1086//1902 1081//1902 1087//1902
f  1087//1903 1081//1903 1148//1903
f  1087//1904 1148//1904 1091//1904
f  1091//1905 1148//1905 1110//1905
f  1091//1906 1110//1906 1107//1906
f  1107//1907 1110//1907 1112//1907
f  1107//1908 1112//1908 1069//1908
f  1069//1909 1112//1909 1113//1909
f  1069//1910 1113//1910 1067//1910
f  1067//1911 1113//1911 1149//1911
f  1067//1912 1149//1912 1125//1912
f  1125//1913 1149//1913 1150//1913
f  1125//1914 1150//1914 1120//1914
f  327//1915 335//1915 1071//1915
f  1071//1916 335//1916 1072//1916
f  1071//1917 1072//1917 1131//1917
f  1131//1918 1072//1918 1127//1918
f  1131//1919 1127//1919 1130//1919
f  1130//1920 1127//1920 1119//1920
f  1130//1921 1119//1921 1129//1921
f  1129//1922 1119//1922 1120//1922
f  1129//1923 1120//1923 1128//1923
f  1128//1924 1120//1924 1150//1924
f  1128//1925 1150//1925 1121//1925
f  1121//1926 1150//1926 1149//1926
f  1121//1927 1149//1927 1122//1927
f  1122//1928 1149//1928 1113//1928
f  1122//1929 1113//1929 1123//1929
f  1123//1930 1113//1930 1111//1930
f  1123//1931 1111//1931 1132//1931
f  1132//1932 1111//1932 1110//1932
f  1132//1933 1110//1933 1133//1933
f  1133//1934 1110//1934 1148//1934
f  1133//1935 1148//1935 1135//1935
f  1135//1936 1148//1936 1081//1936
f  1135//1937 1081//1937 1143//1937
f  1143//1938 1081//1938 1083//1938
f  1143//1939 1083//1939 1142//1939
f  1142//1940 1083//1940 1075//1940
f  1142//1941 1075//1941 1140//1941
f  1140//1942 1075//1942 1074//1942
f  1140//1943 1074//1943 1138//1943
f  1138//1944 1074//1944 1073//1944
f  1151//1945 1152//1945 1153//1945
f  1154//1946 1155//1946 1156//1946
f  1157//1947 1158//1947 1159//1947
f  1160//1948 1161//1948 1162//1948
f  1163//1949 1164//1949 1165//1949
f  263//1950 268//1950 1166//1950
f  279//1951 281//1951 1167//1951
f  1167//1952 281//1952 1168//1952
f  279//1953 1167//1953 277//1953
f  277//1954 1167//1954 1169//1954
f  277//1955 1169//1955 274//1955
f  270//1956 276//1956 1169//1956
f  1169//1957 276//1957 275//1957
f  1169//1958 275//1958 274//1958
f  1170//1959 408//1959 1171//1959
f  1171//1960 408//1960 407//1960
f  1171//1961 407//1961 406//1961
f  1172//1962 411//1962 1173//1962
f  1173//1963 411//1963 409//1963
f  1173//1964 409//1964 1170//1964
f  1170//1965 409//1965 402//1965
f  1170//1966 402//1966 408//1966
f  422//1967 421//1967 1174//1967
f  1174//1968 421//1968 418//1968
f  1174//1969 418//1969 1175//1969
f  1175//1970 418//1970 416//1970
f  1175//1971 416//1971 1176//1971
f  1176//1972 416//1972 414//1972
f  1176//1973 414//1973 1172//1973
f  1172//1974 414//1974 412//1974
f  1172//1975 412//1975 411//1975
f  1177//1976 427//1976 429//1976
f  1177//1977 429//1977 1178//1977
f  1179//1978 1180//1978 1181//1978
f  1181//1979 1180//1979 1182//1979
f  1183//1980 1184//1980 1185//1980
f  1186//1981 1187//1981 1165//1981
f  1165//1982 1187//1982 1188//1982
f  1165//1983 1188//1983 1163//1983
f  1189//1984 1190//1984 1191//1984
f  1191//1985 1190//1985 1192//1985
f  1158//1986 1160//1986 1159//1986
f  1159//1987 1160//1987 1162//1987
f  1159//1988 1162//1988 1193//1988
f  1193//1989 1162//1989 1194//1989
f  1193//1990 1194//1990 1195//1990
f  1196//1991 1197//1991 1198//1991
f  283//1992 1199//1992 281//1992
f  281//1993 1199//1993 1200//1993
f  281//1994 1200//1994 1168//1994
f  1168//1995 1200//1995 1201//1995
f  1168//1996 1201//1996 1197//1996
f  1197//1997 1201//1997 1202//1997
f  1197//1998 1202//1998 1198//1998
f  1156//1999 1155//1999 1203//1999
f  1152//2000 1151//2000 1204//2000
f  1204//2001 1151//2001 1205//2001
f  1204//2002 1205//2002 261//2002
f  261//2003 1205//2003 433//2003
f  261//2004 433//2004 259//2004
f  1206//2005 1207//2005 1208//2005
f  1207//2006 1206//2006 1209//2006
f  1209//2007 1206//2007 1210//2007
f  1209//2008 1210//2008 1211//2008
f  261//2009 263//2009 1204//2009
f  1204//2010 263//2010 1166//2010
f  1204//2011 1166//2011 1152//2011
f  1152//2012 1166//2012 1212//2012
f  1152//2013 1212//2013 1153//2013
f  1153//2014 1212//2014 1208//2014
f  1153//2015 1208//2015 1213//2015
f  1213//2016 1208//2016 1207//2016
f  1213//2017 1207//2017 1214//2017
f  1214//2018 1207//2018 1209//2018
f  1214//2019 1209//2019 1215//2019
f  1215//2020 1209//2020 1211//2020
f  1215//2021 1211//2021 1216//2021
f  1217//2022 1218//2022 1219//2022
f  1219//2023 1218//2023 1220//2023
f  1219//2024 1220//2024 1181//2024
f  1181//2025 1220//2025 1185//2025
f  1181//2026 1185//2026 1179//2026
f  1179//2027 1185//2027 1184//2027
f  1179//2028 1184//2028 1180//2028
f  1221//2029 1222//2029 1223//2029
f  1223//2030 1222//2030 1224//2030
f  1223//2031 1224//2031 1225//2031
f  1225//2032 1224//2032 1178//2032
f  1225//2033 1178//2033 1226//2033
f  1226//2034 1178//2034 429//2034
f  1226//2035 429//2035 430//2035
f  1210//2036 1227//2036 1211//2036
f  1211//2037 1227//2037 1221//2037
f  1211//2038 1221//2038 1216//2038
f  1216//2039 1221//2039 1223//2039
f  1216//2040 1223//2040 1228//2040
f  1228//2041 1223//2041 1225//2041
f  1228//2042 1225//2042 1229//2042
f  1229//2043 1225//2043 1226//2043
f  1229//2044 1226//2044 425//2044
f  425//2045 1226//2045 430//2045
f  425//2046 424//2046 1229//2046
f  1229//2047 424//2047 422//2047
f  1229//2048 422//2048 1228//2048
f  1228//2049 422//2049 1174//2049
f  1228//2050 1174//2050 1216//2050
f  1216//2051 1174//2051 1175//2051
f  1216//2052 1175//2052 1215//2052
f  1215//2053 1175//2053 1176//2053
f  1215//2054 1176//2054 1214//2054
f  1214//2055 1176//2055 1172//2055
f  1214//2056 1172//2056 1213//2056
f  1213//2057 1172//2057 1173//2057
f  1213//2058 1173//2058 1153//2058
f  1153//2059 1173//2059 1170//2059
f  1153//2060 1170//2060 1151//2060
f  1151//2061 1170//2061 1171//2061
f  1151//2062 1171//2062 1205//2062
f  1205//2063 1171//2063 406//2063
f  1205//2064 406//2064 433//2064
f  1198//2065 1157//2065 1196//2065
f  1196//2066 1157//2066 1159//2066
f  1196//2067 1159//2067 1230//2067
f  1230//2068 1159//2068 1193//2068
f  1230//2069 1193//2069 1189//2069
f  1189//2070 1193//2070 1195//2070
f  1189//2071 1195//2071 1190//2071
f  1163//2072 1183//2072 1164//2072
f  1164//2073 1183//2073 1185//2073
f  1164//2074 1185//2074 1165//2074
f  1165//2075 1185//2075 1220//2075
f  1165//2076 1220//2076 1186//2076
f  1186//2077 1220//2077 1218//2077
f  1186//2078 1218//2078 1231//2078
f  1231//2079 1218//2079 1217//2079
f  1231//2080 1217//2080 1232//2080
f  1219//2081 1233//2081 1217//2081
f  1217//2082 1233//2082 1234//2082
f  1217//2083 1234//2083 1232//2083
f  1232//2084 1234//2084 1235//2084
f  1232//2085 1235//2085 1236//2085
f  1236//2086 1235//2086 1237//2086
f  1203//2087 1238//2087 1237//2087
f  1237//2088 1238//2088 1239//2088
f  1237//2089 1239//2089 1236//2089
f  273//2090 272//2090 1154//2090
f  1154//2091 272//2091 270//2091
f  1154//2092 270//2092 1155//2092
f  1155//2093 270//2093 1169//2093
f  1155//2094 1169//2094 1203//2094
f  1203//2095 1169//2095 1167//2095
f  1203//2096 1167//2096 1238//2096
f  1238//2097 1167//2097 1168//2097
f  1238//2098 1168//2098 1239//2098
f  1239//2099 1168//2099 1197//2099
f  1239//2100 1197//2100 1236//2100
f  1236//2101 1197//2101 1196//2101
f  1236//2102 1196//2102 1232//2102
f  1232//2103 1196//2103 1230//2103
f  1232//2104 1230//2104 1231//2104
f  1231//2105 1230//2105 1189//2105
f  1231//2106 1189//2106 1186//2106
f  1186//2107 1189//2107 1191//2107
f  1186//2108 1191//2108 1187//2108
f  1187//2109 1191//2109 1192//2109
f  268//2110 273//2110 1166//2110
f  1166//2111 273//2111 1154//2111
f  1166//2112 1154//2112 1212//2112
f  1212//2113 1154//2113 1156//2113
f  1212//2114 1156//2114 1208//2114
f  1208//2115 1156//2115 1203//2115
f  1208//2116 1203//2116 1206//2116
f  1206//2117 1203//2117 1237//2117
f  1206//2118 1237//2118 1210//2118
f  1210//2119 1237//2119 1235//2119
f  1210//2120 1235//2120 1227//2120
f  1227//2121 1235//2121 1234//2121
f  1227//2122 1234//2122 1221//2122
f  1221//2123 1234//2123 1233//2123
f  1221//2124 1233//2124 1222//2124
f  1222//2125 1233//2125 1219//2125
f  1222//2126 1219//2126 1224//2126
f  1224//2127 1219//2127 1181//2127
f  1224//2128 1181//2128 1178//2128
f  1178//2129 1181//2129 1182//2129
f  1178//2130 1182//2130 1177//2130
f  387//2131 390//2131 1240//2131
f  1241//2132 1242//2132 1243//2132
f  478//2133 1244//2133 1245//2133
f  1244//2134 478//2134 1246//2134
f  1246//2135 478//2135 481//2135
f  1246//2136 481//2136 1247//2136
f  1247//2137 481//2137 383//2137
f  1247//2138 383//2138 384//2138
f  471//2139 475//2139 1248//2139
f  1248//2140 475//2140 474//2140
f  1248//2141 474//2141 1245//2141
f  1245//2142 474//2142 473//2142
f  1245//2143 473//2143 478//2143
f  1249//2144 472//2144 471//2144
f  1250//2145 464//2145 1251//2145
f  1251//2146 464//2146 466//2146
f  1251//2147 466//2147 472//2147
f  461//2148 463//2148 1252//2148
f  1252//2149 463//2149 464//2149
f  1252//2150 464//2150 1253//2150
f  1253//2151 464//2151 1250//2151
f  1253//2152 1250//2152 1254//2152
f  1254//2153 1250//2153 1255//2153
f  1254//2154 1255//2154 1256//2154
f  1242//2155 1257//2155 1243//2155
f  1243//2156 1257//2156 1258//2156
f  1243//2157 1258//2157 1259//2157
f  1259//2158 1258//2158 1260//2158
f  1261//2159 1262//2159 1263//2159
f  1263//2160 1262//2160 1264//2160
f  420//2161 1265//2161 419//2161
f  419//2162 1265//2162 417//2162
f  1266//2163 413//2163 1267//2163
f  1267//2164 413//2164 415//2164
f  417//2165 1265//2165 415//2165
f  415//2166 1265//2166 1268//2166
f  415//2167 1268//2167 1267//2167
f  392//2168 394//2168 1269//2168
f  1269//2169 394//2169 395//2169
f  1269//2170 395//2170 1266//2170
f  1266//2171 395//2171 410//2171
f  1266//2172 410//2172 413//2172
f  1270//2173 1271//2173 1272//2173
f  1272//2174 1271//2174 1273//2174
f  1272//2175 1273//2175 1274//2175
f  1256//2176 1255//2176 1260//2176
f  1260//2177 1255//2177 1270//2177
f  1260//2178 1270//2178 1259//2178
f  1259//2179 1270//2179 1272//2179
f  1259//2180 1272//2180 1243//2180
f  1243//2181 1272//2181 1274//2181
f  1243//2182 1274//2182 1241//2182
f  1275//2183 1276//2183 1277//2183
f  1277//2184 1276//2184 1278//2184
f  1264//2185 1279//2185 1263//2185
f  1263//2186 1279//2186 1280//2186
f  1263//2187 1280//2187 1261//2187
f  1261//2188 1280//2188 1281//2188
f  1282//2189 1283//2189 1284//2189
f  1284//2190 1283//2190 1285//2190
f  1284//2191 1285//2191 1286//2191
f  428//2192 1287//2192 426//2192
f  426//2193 1287//2193 1288//2193
f  426//2194 1288//2194 1289//2194
f  1289//2195 1288//2195 1290//2195
f  1289//2196 1290//2196 1291//2196
f  1291//2197 1290//2197 1292//2197
f  1291//2198 1292//2198 1293//2198
f  1293//2199 1292//2199 1294//2199
f  1293//2200 1294//2200 1285//2200
f  1285//2201 1294//2201 1295//2201
f  1285//2202 1295//2202 1286//2202
f  428//2203 1296//2203 1287//2203
f  1287//2204 1296//2204 1297//2204
f  1287//2205 1297//2205 1288//2205
f  1288//2206 1297//2206 1298//2206
f  1288//2207 1298//2207 1290//2207
f  1290//2208 1298//2208 1299//2208
f  1290//2209 1299//2209 1292//2209
f  1292//2210 1299//2210 1300//2210
f  1292//2211 1300//2211 1294//2211
f  1294//2212 1300//2212 1301//2212
f  1294//2213 1301//2213 1295//2213
f  1295//2214 1301//2214 1302//2214
f  1295//2215 1302//2215 1286//2215
f  471//2216 1248//2216 1249//2216
f  1249//2217 1248//2217 1303//2217
f  1249//2218 1303//2218 1304//2218
f  1275//2219 1305//2219 1306//2219
f  1306//2220 1305//2220 1307//2220
f  1306//2221 1307//2221 1308//2221
f  1308//2222 1307//2222 1309//2222
f  1308//2223 1309//2223 1310//2223
f  1282//2224 1266//2224 1283//2224
f  1283//2225 1266//2225 1267//2225
f  1283//2226 1267//2226 1285//2226
f  1285//2227 1267//2227 1268//2227
f  1285//2228 1268//2228 1293//2228
f  1293//2229 1268//2229 1265//2229
f  1293//2230 1265//2230 1291//2230
f  1291//2231 1265//2231 420//2231
f  1291//2232 420//2232 1289//2232
f  1289//2233 420//2233 423//2233
f  1289//2234 423//2234 426//2234
f  1296//2235 1311//2235 1297//2235
f  1297//2236 1311//2236 1312//2236
f  1297//2237 1312//2237 1298//2237
f  1298//2238 1312//2238 1313//2238
f  1298//2239 1313//2239 1299//2239
f  1299//2240 1313//2240 1278//2240
f  1299//2241 1278//2241 1300//2241
f  1300//2242 1278//2242 1276//2242
f  1300//2243 1276//2243 1301//2243
f  1301//2244 1276//2244 1275//2244
f  1301//2245 1275//2245 1302//2245
f  1302//2246 1275//2246 1306//2246
f  1302//2247 1306//2247 1286//2247
f  1286//2248 1306//2248 1308//2248
f  1286//2249 1308//2249 1284//2249
f  1284//2250 1308//2250 1310//2250
f  1284//2251 1310//2251 1282//2251
f  1282//2252 1310//2252 1314//2252
f  1282//2253 1314//2253 1266//2253
f  1266//2254 1314//2254 1315//2254
f  1266//2255 1315//2255 1269//2255
f  384//2256 387//2256 1247//2256
f  1247//2257 387//2257 1240//2257
f  1247//2258 1240//2258 1246//2258
f  1246//2259 1240//2259 1316//2259
f  1246//2260 1316//2260 1244//2260
f  1244//2261 1316//2261 1317//2261
f  1244//2262 1317//2262 1245//2262
f  1245//2263 1317//2263 1318//2263
f  1245//2264 1318//2264 1248//2264
f  1248//2265 1318//2265 1319//2265
f  1248//2266 1319//2266 1303//2266
f  1303//2267 1319//2267 1320//2267
f  1303//2268 1320//2268 1304//2268
f  1304//2269 1320//2269 1321//2269
f  472//2270 1249//2270 1251//2270
f  1251//2271 1249//2271 1304//2271
f  1251//2272 1304//2272 1250//2272
f  1250//2273 1304//2273 1321//2273
f  1250//2274 1321//2274 1255//2274
f  1255//2275 1321//2275 1322//2275
f  1255//2276 1322//2276 1270//2276
f  1270//2277 1322//2277 1279//2277
f  1270//2278 1279//2278 1271//2278
f  1271//2279 1279//2279 1264//2279
f  1271//2280 1264//2280 1273//2280
f  390//2281 392//2281 1240//2281
f  1240//2282 392//2282 1269//2282
f  1240//2283 1269//2283 1316//2283
f  1316//2284 1269//2284 1315//2284
f  1316//2285 1315//2285 1317//2285
f  1317//2286 1315//2286 1314//2286
f  1317//2287 1314//2287 1318//2287
f  1318//2288 1314//2288 1310//2288
f  1318//2289 1310//2289 1319//2289
f  1319//2290 1310//2290 1309//2290
f  1319//2291 1309//2291 1320//2291
f  1320//2292 1309//2292 1307//2292
f  1320//2293 1307//2293 1321//2293
f  1321//2294 1307//2294 1305//2294
f  1321//2295 1305//2295 1322//2295
f  1322//2296 1305//2296 1275//2296
f  1322//2297 1275//2297 1279//2297
f  1279//2298 1275//2298 1277//2298
f  1279//2299 1277//2299 1280//2299
f  1280//2300 1277//2300 1278//2300
f  1280//2301 1278//2301 1281//2301
f  1281//2302 1278//2302 1313//2302
f  1323//2303 1324//2303 1325//2303
f  1325//2304 1324//2304 1326//2304
f  1327//2305 1328//2305 1329//2305
f  1330//2306 1331//2306 1332//2306
f  1333//2307 1334//2307 1335//2307
f  1336//2308 1337//2308 1338//2308
f  1339//2309 1340//2309 1341//2309
f  453//2310 455//2310 1342//2310
f  1343//2311 442//2311 441//2311
f  448//2312 451//2312 1333//2312
f  1333//2313 451//2313 452//2313
f  1333//2314 452//2314 1334//2314
f  1334//2315 452//2315 453//2315
f  1344//2316 377//2316 371//2316
f  1345//2317 347//2317 1346//2317
f  1346//2318 347//2318 338//2318
f  1346//2319 338//2319 1347//2319
f  1347//2320 338//2320 345//2320
f  1347//2321 345//2321 1348//2321
f  1348//2322 345//2322 342//2322
f  1348//2323 342//2323 1349//2323
f  1349//2324 342//2324 341//2324
f  1349//2325 341//2325 368//2325
f  1350//2326 354//2326 1351//2326
f  1351//2327 354//2327 353//2327
f  1351//2328 353//2328 1352//2328
f  1352//2329 353//2329 350//2329
f  1352//2330 350//2330 1345//2330
f  1345//2331 350//2331 349//2331
f  1345//2332 349//2332 347//2332
f  356//2333 1353//2333 358//2333
f  358//2334 1353//2334 1354//2334
f  358//2335 1354//2335 360//2335
f  1355//2336 1356//2336 1357//2336
f  1357//2337 1356//2337 1358//2337
f  1357//2338 1358//2338 1359//2338
f  1337//2339 1336//2339 1341//2339
f  1339//2340 1341//2340 1360//2340
f  1360//2341 1341//2341 1336//2341
f  1360//2342 1336//2342 1361//2342
f  1362//2343 1363//2343 1364//2343
f  441//2344 1365//2344 1343//2344
f  1343//2345 1365//2345 1366//2345
f  1343//2346 1366//2346 1363//2346
f  1363//2347 1366//2347 1367//2347
f  1363//2348 1367//2348 1364//2348
f  453//2349 1342//2349 1334//2349
f  1334//2350 1342//2350 1368//2350
f  1334//2351 1368//2351 1335//2351
f  1331//2352 1330//2352 1369//2352
f  1369//2353 1330//2353 1344//2353
f  1369//2354 1344//2354 446//2354
f  446//2355 1344//2355 371//2355
f  446//2356 371//2356 372//2356
f  447//2357 448//2357 1370//2357
f  1370//2358 448//2358 1333//2358
f  1370//2359 1333//2359 1371//2359
f  1371//2360 1333//2360 1335//2360
f  1371//2361 1335//2361 1372//2361
f  1372//2362 1335//2362 1368//2362
f  1372//2363 1368//2363 1373//2363
f  1329//2364 1328//2364 1374//2364
f  1374//2365 1328//2365 1375//2365
f  1374//2366 1375//2366 1373//2366
f  1373//2367 1375//2367 1376//2367
f  1373//2368 1376//2368 1372//2368
f  446//2369 447//2369 1369//2369
f  1369//2370 447//2370 1370//2370
f  1369//2371 1370//2371 1331//2371
f  1331//2372 1370//2372 1371//2372
f  1331//2373 1371//2373 1332//2373
f  1332//2374 1371//2374 1372//2374
f  1332//2375 1372//2375 1377//2375
f  1377//2376 1372//2376 1376//2376
f  1377//2377 1376//2377 1378//2377
f  1378//2378 1376//2378 1375//2378
f  1378//2379 1375//2379 1379//2379
f  1379//2380 1375//2380 1328//2380
f  1379//2381 1328//2381 1380//2381
f  1380//2382 1328//2382 1327//2382
f  1380//2383 1327//2383 1350//2383
f  1381//2384 1382//2384 1383//2384
f  1383//2385 1382//2385 1384//2385
f  1384//2386 1382//2386 1385//2386
f  1384//2387 1385//2387 1386//2387
f  1386//2388 1385//2388 1387//2388
f  1386//2389 1387//2389 1388//2389
f  1324//2390 1381//2390 1326//2390
f  1326//2391 1381//2391 1383//2391
f  1326//2392 1383//2392 1389//2392
f  1389//2393 1383//2393 1384//2393
f  1389//2394 1384//2394 1390//2394
f  1388//2395 1391//2395 1386//2395
f  1386//2396 1391//2396 1392//2396
f  1386//2397 1392//2397 1384//2397
f  1384//2398 1392//2398 364//2398
f  1384//2399 364//2399 1390//2399
f  1390//2400 364//2400 360//2400
f  1390//2401 360//2401 1389//2401
f  1389//2402 360//2402 1354//2402
f  1389//2403 1354//2403 1326//2403
f  1326//2404 1354//2404 1353//2404
f  1326//2405 1353//2405 1325//2405
f  1350//2406 1351//2406 1380//2406
f  1380//2407 1351//2407 1352//2407
f  1380//2408 1352//2408 1379//2408
f  1379//2409 1352//2409 1345//2409
f  1379//2410 1345//2410 1378//2410
f  1378//2411 1345//2411 1346//2411
f  1378//2412 1346//2412 1377//2412
f  1377//2413 1346//2413 1347//2413
f  1377//2414 1347//2414 1332//2414
f  1332//2415 1347//2415 1348//2415
f  1332//2416 1348//2416 1330//2416
f  1330//2417 1348//2417 1349//2417
f  1330//2418 1349//2418 1344//2418
f  1344//2419 1349//2419 368//2419
f  1344//2420 368//2420 377//2420
f  1364//2421 1338//2421 1362//2421
f  1362//2422 1338//2422 1337//2422
f  1362//2423 1337//2423 1393//2423
f  1393//2424 1337//2424 1341//2424
f  1393//2425 1341//2425 1394//2425
f  1394//2426 1341//2426 1340//2426
f  1394//2427 1340//2427 1395//2427
f  1395//2428 1340//2428 1396//2428
f  1358//2429 1387//2429 1359//2429
f  1359//2430 1387//2430 1385//2430
f  1359//2431 1385//2431 1357//2431
f  1357//2432 1385//2432 1382//2432
f  1357//2433 1382//2433 1355//2433
f  1355//2434 1382//2434 1381//2434
f  1355//2435 1381//2435 1397//2435
f  1397//2436 1381//2436 1324//2436
f  1397//2437 1324//2437 1398//2437
f  1398//2438 1324//2438 1323//2438
f  1398//2439 1323//2439 1399//2439
f  1396//2440 1356//2440 1395//2440
f  1395//2441 1356//2441 1355//2441
f  1395//2442 1355//2442 1394//2442
f  1394//2443 1355//2443 1397//2443
f  1394//2444 1397//2444 1393//2444
f  1393//2445 1397//2445 1398//2445
f  1393//2446 1398//2446 1362//2446
f  1362//2447 1398//2447 1399//2447
f  1362//2448 1399//2448 1363//2448
f  1363//2449 1399//2449 1400//2449
f  1363//2450 1400//2450 1343//2450
f  1343//2451 1400//2451 1401//2451
f  1343//2452 1401//2452 442//2452
f  442//2453 1401//2453 1402//2453
f  442//2454 1402//2454 458//2454
f  458//2455 1402//2455 456//2455
f  455//2456 456//2456 1342//2456
f  1342//2457 456//2457 1402//2457
f  1342//2458 1402//2458 1368//2458
f  1368//2459 1402//2459 1401//2459
f  1368//2460 1401//2460 1373//2460
f  1373//2461 1401//2461 1400//2461
f  1373//2462 1400//2462 1374//2462
f  1374//2463 1400//2463 1399//2463
f  1374//2464 1399//2464 1329//2464
f  1329//2465 1399//2465 1323//2465
f  1329//2466 1323//2466 1327//2466
f  1327//2467 1323//2467 1325//2467
f  1327//2468 1325//2468 1350//2468
f  1350//2469 1325//2469 1353//2469
f  1350//2470 1353//2470 354//2470
f  354//2471 1353//2471 356//2471
f  365//2472 364//2472 1403//2472
f  1404//2473 365//2473 1405//2473
f  1405//2474 365//2474 1403//2474
f  1405//2475 1403//2475 1406//2475
f  1407//2476 1408//2476 1409//2476
f  1109//2477 365//2477 1404//2477
f  1092//2478 1108//2478 1410//2478
f  1410//2479 1108//2479 1109//2479
f  1410//2480 1109//2480 1411//2480
f  1411//2481 1109//2481 1404//2481
f  1412//2482 1089//2482 1413//2482
f  1413//2483 1089//2483 1090//2483
f  1413//2484 1090//2484 1092//2484
f  1414//2485 1082//2485 1412//2485
f  1412//2486 1082//2486 1088//2486
f  1412//2487 1088//2487 1089//2487
f  1408//2488 1085//2488 1414//2488
f  1414//2489 1085//2489 1084//2489
f  1414//2490 1084//2490 1082//2490
f  1415//2491 1136//2491 1407//2491
f  1407//2492 1136//2492 1138//2492
f  1407//2493 1138//2493 1408//2493
f  1408//2494 1138//2494 1073//2494
f  1408//2495 1073//2495 1085//2495
f  1409//2496 1408//2496 1416//2496
f  1416//2497 1408//2497 1414//2497
f  1416//2498 1414//2498 1417//2498
f  1417//2499 1414//2499 1418//2499
f  1418//2500 1414//2500 1412//2500
f  1418//2501 1412//2501 1419//2501
f  1419//2502 1412//2502 1413//2502
f  1419//2503 1413//2503 1420//2503
f  1092//2504 1410//2504 1413//2504
f  1413//2505 1410//2505 1421//2505
f  1413//2506 1421//2506 1420//2506
f  1404//2507 1422//2507 1411//2507
f  1411//2508 1422//2508 1423//2508
f  1411//2509 1423//2509 1410//2509
f  1410//2510 1423//2510 1424//2510
f  1410//2511 1424//2511 1421//2511
f  1136//2512 1415//2512 1425//2512
f  1136//2513 1425//2513 1137//2513
f  1426//2514 1078//2514 1079//2514
f  1079//2515 1080//2515 1426//2515
f  1426//2516 1080//2516 1141//2516
f  1426//2517 1141//2517 1425//2517
f  1425//2518 1141//2518 1139//2518
f  1425//2519 1139//2519 1137//2519
f  285//2520 284//2520 1426//2520
f  284//2521 1076//2521 1426//2521
f  1426//2522 1076//2522 1077//2522
f  1426//2523 1077//2523 1078//2523
f  1427//2524 315//2524 1428//2524
f  1428//2525 315//2525 285//2525
f  1428//2526 285//2526 1429//2526
f  1429//2527 285//2527 1426//2527
f  315//2528 1427//2528 282//2528
f  282//2529 1427//2529 1430//2529
f  1431//2530 1199//2530 1430//2530
f  1430//2531 1199//2531 283//2531
f  1430//2532 283//2532 282//2532
f  1202//2533 1201//2533 1431//2533
f  1431//2534 1201//2534 1200//2534
f  1431//2535 1200//2535 1199//2535
f  1432//2536 1161//2536 1433//2536
f  1433//2537 1161//2537 1160//2537
f  1160//2538 1158//2538 1433//2538
f  1433//2539 1158//2539 1157//2539
f  1433//2540 1157//2540 1431//2540
f  1431//2541 1157//2541 1198//2541
f  1431//2542 1198//2542 1202//2542
f  1162//2543 1161//2543 1432//2543
f  1434//2544 1435//2544 1436//2544
f  1437//2545 1438//2545 1439//2545
f  1440//2546 1441//2546 1442//2546
f  1442//2547 1441//2547 1443//2547
f  1442//2548 1443//2548 1444//2548
f  1444//2549 1443//2549 1445//2549
f  1444//2550 1445//2550 1438//2550
f  1438//2551 1445//2551 1446//2551
f  1438//2552 1446//2552 1439//2552
f  1447//2553 1448//2553 1440//2553
f  1436//2554 1435//2554 1447//2554
f  1447//2555 1435//2555 1449//2555
f  1447//2556 1449//2556 1448//2556
f  1434//2557 1436//2557 1432//2557
f  1432//2558 1436//2558 1194//2558
f  1432//2559 1194//2559 1162//2559
f  1187//2560 1192//2560 1447//2560
f  1447//2561 1192//2561 1190//2561
f  1447//2562 1190//2562 1436//2562
f  1436//2563 1190//2563 1195//2563
f  1436//2564 1195//2564 1194//2564
f  1440//2565 1442//2565 1447//2565
f  1447//2566 1442//2566 1188//2566
f  1447//2567 1188//2567 1187//2567
f  1177//2568 1182//2568 1437//2568
f  1437//2569 1182//2569 1180//2569
f  1437//2570 1180//2570 1438//2570
f  1438//2571 1180//2571 1184//2571
f  1438//2572 1184//2572 1444//2572
f  1444//2573 1184//2573 1183//2573
f  1444//2574 1183//2574 1442//2574
f  1442//2575 1183//2575 1163//2575
f  1442//2576 1163//2576 1188//2576
f  427//2577 1177//2577 1450//2577
f  1450//2578 1177//2578 1437//2578
f  1450//2579 1437//2579 1451//2579
f  1451//2580 1437//2580 1439//2580
f  1452//2581 428//2581 1453//2581
f  1453//2582 428//2582 427//2582
f  1453//2583 427//2583 1450//2583
f  1454//2584 1455//2584 1456//2584
f  1281//2585 1313//2585 1457//2585
f  1458//2586 1452//2586 1459//2586
f  428//2587 1452//2587 1296//2587
f  1296//2588 1452//2588 1458//2588
f  1296//2589 1458//2589 1311//2589
f  1311//2590 1458//2590 1457//2590
f  1311//2591 1457//2591 1312//2591
f  1312//2592 1457//2592 1313//2592
f  1281//2593 1460//2593 1261//2593
f  1261//2594 1460//2594 1461//2594
f  1261//2595 1461//2595 1262//2595
f  1262//2596 1461//2596 1264//2596
f  1264//2597 1461//2597 1462//2597
f  1264//2598 1462//2598 1273//2598
f  1273//2599 1462//2599 1274//2599
f  1274//2600 1462//2600 1455//2600
f  1274//2601 1455//2601 1241//2601
f  1241//2602 1455//2602 1242//2602
f  1242//2603 1455//2603 1454//2603
f  1242//2604 1454//2604 1257//2604
f  1456//2605 1455//2605 1463//2605
f  1463//2606 1455//2606 1462//2606
f  1463//2607 1462//2607 1464//2607
f  1464//2608 1462//2608 1465//2608
f  1465//2609 1462//2609 1461//2609
f  1465//2610 1461//2610 1466//2610
f  1466//2611 1461//2611 1460//2611
f  1466//2612 1460//2612 1467//2612
f  1281//2613 1457//2613 1460//2613
f  1460//2614 1457//2614 1468//2614
f  1460//2615 1468//2615 1467//2615
f  1459//2616 1469//2616 1458//2616
f  1458//2617 1469//2617 1470//2617
f  1458//2618 1470//2618 1457//2618
f  1457//2619 1470//2619 1471//2619
f  1457//2620 1471//2620 1468//2620
f  1472//2621 1473//2621 1474//2621
f  1257//2622 1454//2622 1475//2622
f  1254//2623 1256//2623 1476//2623
f  1476//2624 1256//2624 1260//2624
f  1476//2625 1260//2625 1258//2625
f  461//2626 1252//2626 1476//2626
f  1476//2627 1252//2627 1253//2627
f  1476//2628 1253//2628 1254//2628
f  461//2629 1476//2629 462//2629
f  462//2630 1476//2630 1477//2630
f  462//2631 1477//2631 469//2631
f  469//2632 1477//2632 1478//2632
f  469//2633 1478//2633 493//2633
f  493//2634 1478//2634 1479//2634
f  493//2635 1479//2635 460//2635
f  460//2636 1479//2636 440//2636
f  440//2637 1479//2637 1474//2637
f  440//2638 1474//2638 441//2638
f  1367//2639 1366//2639 1474//2639
f  1474//2640 1366//2640 1365//2640
f  1474//2641 1365//2641 441//2641
f  1473//2642 1338//2642 1474//2642
f  1474//2643 1338//2643 1364//2643
f  1474//2644 1364//2644 1367//2644
f  1480//2645 1481//2645 1361//2645
f  1473//2646 1482//2646 1338//2646
f  1338//2647 1482//2647 1480//2647
f  1338//2648 1480//2648 1336//2648
f  1336//2649 1480//2649 1361//2649
f  1472//2650 1474//2650 1483//2650
f  1483//2651 1474//2651 1479//2651
f  1483//2652 1479//2652 1484//2652
f  1484//2653 1479//2653 1478//2653
f  1484//2654 1478//2654 1485//2654
f  1485//2655 1478//2655 1477//2655
f  1485//2656 1477//2656 1486//2656
f  1486//2657 1477//2657 1487//2657
f  1487//2658 1477//2658 1476//2658
f  1487//2659 1476//2659 1475//2659
f  1475//2660 1476//2660 1258//2660
f  1475//2661 1258//2661 1257//2661
f  1488//2662 1406//2662 1403//2662
f  1488//2663 1403//2663 1489//2663
f  1489//2664 1403//2664 1490//2664
f  1489//2665 1490//2665 1491//2665
f  1491//2666 1490//2666 1492//2666
f  1491//2667 1492//2667 1493//2667
f  1493//2668 1492//2668 1494//2668
f  1494//2669 1492//2669 1495//2669
f  1494//2670 1495//2670 1496//2670
f  1496//2671 1495//2671 1497//2671
f  1496//2672 1497//2672 1498//2672
f  1498//2673 1497//2673 1499//2673
f  1499//2674 1497//2674 1500//2674
f  1499//2675 1500//2675 1501//2675
f  1501//2676 1500//2676 1502//2676
f  1502//2677 1500//2677 1503//2677
f  1502//2678 1503//2678 1504//2678
f  1503//2679 1339//2679 1360//2679
f  1504//2680 1503//2680 1481//2680
f  1481//2681 1503//2681 1360//2681
f  1481//2682 1360//2682 1361//2682
f  1339//2683 1503//2683 1340//2683
f  1340//2684 1503//2684 1500//2684
f  1340//2685 1500//2685 1396//2685
f  1396//2686 1500//2686 1497//2686
f  1396//2687 1497//2687 1356//2687
f  1356//2688 1497//2688 1495//2688
f  1356//2689 1495//2689 1358//2689
f  1358//2690 1495//2690 1387//2690
f  1387//2691 1495//2691 1492//2691
f  1387//2692 1492//2692 1388//2692
f  1388//2693 1492//2693 1391//2693
f  1391//2694 1492//2694 1490//2694
f  1391//2695 1490//2695 1392//2695
f  1392//2696 1490//2696 1403//2696
f  1392//2697 1403//2697 364//2697
f  626//2698 624//2698 1498//2698
f  1498//2699 624//2699 1496//2699
f  624//2700 622//2700 1496//2700
f  1496//2701 622//2701 620//2701
f  1496//2702 620//2702 1494//2702
f  1494//2703 620//2703 618//2703
f  1494//2704 618//2704 1493//2704
f  1493//2705 618//2705 616//2705
f  1422//2706 1404//2706 597//2706
f  597//2707 1404//2707 1405//2707
f  597//2708 1405//2708 609//2708
f  609//2709 1405//2709 1406//2709
f  609//2710 1406//2710 613//2710
f  613//2711 1406//2711 1488//2711
f  613//2712 1488//2712 614//2712
f  614//2713 1488//2713 1489//2713
f  614//2714 1489//2714 616//2714
f  616//2715 1489//2715 1491//2715
f  616//2716 1491//2716 1493//2716
f  597//2717 599//2717 1422//2717
f  1422//2718 599//2718 601//2718
f  1422//2719 601//2719 1423//2719
f  1423//2720 601//2720 603//2720
f  1423//2721 603//2721 1424//2721
f  1424//2722 603//2722 605//2722
f  1424//2723 605//2723 1421//2723
f  1421//2724 605//2724 1420//2724
f  575//2725 1428//2725 1429//2725
f  605//2726 593//2726 1420//2726
f  1420//2727 593//2727 595//2727
f  1420//2728 595//2728 1419//2728
f  1419//2729 595//2729 596//2729
f  1419//2730 596//2730 1418//2730
f  1418//2731 596//2731 591//2731
f  1418//2732 591//2732 1417//2732
f  1417//2733 591//2733 589//2733
f  1417//2734 589//2734 1416//2734
f  1416//2735 589//2735 587//2735
f  1416//2736 587//2736 1409//2736
f  1409//2737 587//2737 584//2737
f  1409//2738 584//2738 1407//2738
f  1407//2739 584//2739 581//2739
f  1407//2740 581//2740 1415//2740
f  1415//2741 581//2741 574//2741
f  1415//2742 574//2742 1425//2742
f  1425//2743 574//2743 572//2743
f  1425//2744 572//2744 1426//2744
f  1426//2745 572//2745 578//2745
f  1426//2746 578//2746 1429//2746
f  1429//2747 578//2747 576//2747
f  1429//2748 576//2748 575//2748
f  569//2749 1431//2749 1430//2749
f  1428//2750 575//2750 1427//2750
f  1427//2751 575//2751 566//2751
f  1427//2752 566//2752 1430//2752
f  1430//2753 566//2753 568//2753
f  1430//2754 568//2754 569//2754
f  569//2755 564//2755 1431//2755
f  1431//2756 564//2756 561//2756
f  1431//2757 561//2757 1433//2757
f  1433//2758 561//2758 559//2758
f  1433//2759 559//2759 1432//2759
f  1432//2760 559//2760 1434//2760
f  1434//2761 559//2761 557//2761
f  1434//2762 557//2762 1435//2762
f  1435//2763 557//2763 554//2763
f  1435//2764 554//2764 1449//2764
f  1449//2765 554//2765 552//2765
f  1449//2766 552//2766 1448//2766
f  1448//2767 552//2767 544//2767
f  1448//2768 544//2768 1440//2768
f  1440//2769 544//2769 542//2769
f  1440//2770 542//2770 1441//2770
f  542//2771 550//2771 1441//2771
f  1441//2772 550//2772 549//2772
f  1441//2773 549//2773 1443//2773
f  1443//2774 549//2774 547//2774
f  1443//2775 547//2775 1445//2775
f  1445//2776 547//2776 539//2776
f  1445//2777 539//2777 1446//2777
f  1446//2778 539//2778 537//2778
f  1446//2779 537//2779 1439//2779
f  1439//2780 537//2780 535//2780
f  1439//2781 535//2781 1451//2781
f  1451//2782 535//2782 534//2782
f  1451//2783 534//2783 1450//2783
f  1450//2784 534//2784 530//2784
f  1450//2785 530//2785 1453//2785
f  1453//2786 530//2786 525//2786
f  1467//2787 1468//2787 520//2787
f  520//2788 1468//2788 1471//2788
f  520//2789 1471//2789 521//2789
f  521//2790 1471//2790 1470//2790
f  521//2791 1470//2791 528//2791
f  528//2792 1470//2792 1469//2792
f  528//2793 1469//2793 527//2793
f  527//2794 1469//2794 1459//2794
f  527//2795 1459//2795 525//2795
f  525//2796 1459//2796 1452//2796
f  525//2797 1452//2797 1453//2797
f  520//2798 518//2798 1467//2798
f  1467//2799 518//2799 516//2799
f  1467//2800 516//2800 1466//2800
f  1466//2801 516//2801 514//2801
f  1466//2802 514//2802 1465//2802
f  1465//2803 514//2803 511//2803
f  1465//2804 511//2804 1464//2804
f  1464//2805 511//2805 510//2805
f  1464//2806 510//2806 1463//2806
f  1463//2807 510//2807 508//2807
f  1463//2808 508//2808 1456//2808
f  1456//2809 508//2809 507//2809
f  1456//2810 507//2810 1454//2810
f  507//2811 505//2811 1454//2811
f  1454//2812 505//2812 651//2812
f  1454//2813 651//2813 1475//2813
f  1475//2814 651//2814 649//2814
f  1475//2815 649//2815 1487//2815
f  1487//2816 649//2816 647//2816
f  1487//2817 647//2817 1486//2817
f  1486//2818 647//2818 645//2818
f  1486//2819 645//2819 1485//2819
f  1485//2820 645//2820 643//2820
f  1485//2821 643//2821 1484//2821
f  1484//2822 643//2822 642//2822
f  1484//2823 642//2823 1483//2823
f  1483//2824 642//2824 639//2824
f  1483//2825 639//2825 1472//2825
f  1472//2826 639//2826 636//2826
f  1498//2827 1499//2827 626//2827
f  626//2828 1499//2828 1501//2828
f  626//2829 1501//2829 627//2829
f  627//2830 1501//2830 1502//2830
f  627//2831 1502//2831 629//2831
f  629//2832 1502//2832 1504//2832
f  629//2833 1504//2833 632//2833
f  632//2834 1504//2834 1481//2834
f  632//2835 1481//2835 637//2835
f  637//2836 1481//2836 1480//2836
f  637//2837 1480//2837 635//2837
f  635//2838 1480//2838 1482//2838
f  635//2839 1482//2839 636//2839
f  636//2840 1482//2840 1473//2840
f  636//2841 1473//2841 1472//2841
f  182//2842 183//2842 319//2842
f  64//2843 67//2843 260//2843
f  260//2844 67//2844 131//2844
f  260//2845 131//2845 129//2845
f  129//2846 128//2846 260//2846
f  260//2847 128//2847 175//2847
f  260//2848 175//2848 262//2848
f  262//2849 175//2849 173//2849
f  262//2850 173//2850 267//2850
f  267//2851 173//2851 172//2851
f  267//2852 172//2852 264//2852
f  264//2853 172//2853 182//2853
f  264//2854 182//2854 265//2854
f  265//2855 182//2855 319//2855
f  180//2856 178//2856 314//2856
f  180//2857 314//2857 184//2857
f  184//2858 314//2858 312//2858
f  184//2859 312//2859 183//2859
f  183//2860 312//2860 311//2860
f  183//2861 311//2861 319//2861
f  309//2862 308//2862 177//2862
f  177//2863 308//2863 178//2863
f  178//2864 308//2864 307//2864
f  178//2865 307//2865 314//2865
f  177//2866 185//2866 309//2866
f  309//2867 185//2867 186//2867
f  309//2868 186//2868 310//2868
f  310//2869 186//2869 256//2869
f  186//2870 187//2870 256//2870
f  256//2871 187//2871 139//2871
f  256//2872 139//2872 257//2872
f  257//2873 139//2873 137//2873
f  257//2874 137//2874 302//2874
f  302//2875 137//2875 136//2875
f  302//2876 136//2876 303//2876
f  303//2877 136//2877 63//2877
f  303//2878 63//2878 304//2878
f  304//2879 63//2879 320//2879
f  320//2880 63//2880 321//2880
f  321//2881 63//2881 62//2881
f  321//2882 62//2882 323//2882
f  323//2883 62//2883 60//2883
f  323//2884 60//2884 324//2884
f  324//2885 60//2885 58//2885
f  324//2886 58//2886 326//2886
f  326//2887 58//2887 57//2887
f  326//2888 57//2888 328//2888
f  328//2889 57//2889 54//2889
f  328//2890 54//2890 333//2890
f  333//2891 54//2891 53//2891
f  333//2892 53//2892 334//2892
f  334//2893 53//2893 48//2893
f  334//2894 48//2894 332//2894
f  332//2895 48//2895 329//2895
f  329//2896 48//2896 50//2896
f  329//2897 50//2897 330//2897
f  340//2898 29//2898 339//2898
f  339//2899 29//2899 28//2899
f  339//2900 28//2900 337//2900
f  50//2901 26//2901 330//2901
f  330//2902 26//2902 25//2902
f  330//2903 25//2903 340//2903
f  340//2904 25//2904 30//2904
f  340//2905 30//2905 29//2905
f  337//2906 28//2906 344//2906
f  344//2907 28//2907 21//2907
f  344//2908 21//2908 343//2908
f  21//2909 23//2909 343//2909
f  343//2910 23//2910 24//2910
f  343//2911 24//2911 366//2911
f  366//2912 24//2912 367//2912
f  367//2913 24//2913 15//2913
f  367//2914 15//2914 375//2914
f  375//2915 15//2915 18//2915
f  375//2916 18//2916 376//2916
f  376//2917 18//2917 17//2917
f  376//2918 17//2918 378//2918
f  378//2919 17//2919 16//2919
f  378//2920 16//2920 379//2920
f  379//2921 16//2921 9//2921
f  379//2922 9//2922 369//2922
f  369//2923 9//2923 12//2923
f  369//2924 12//2924 370//2924
f  370//2925 12//2925 11//2925
f  370//2926 11//2926 373//2926
f  373//2927 11//2927 1//2927
f  373//2928 1//2928 374//2928
f  1//2929 3//2929 374//2929
f  374//2930 3//2930 255//2930
f  374//2931 255//2931 443//2931
f  443//2932 255//2932 254//2932
f  443//2933 254//2933 444//2933
f  444//2934 254//2934 490//2934
f  490//2935 254//2935 242//2935
f  490//2936 242//2936 500//2936
f  500//2937 242//2937 241//2937
f  500//2938 241//2938 501//2938
f  501//2939 241//2939 239//2939
f  501//2940 239//2940 489//2940
f  489//2941 239//2941 238//2941
f  489//2942 238//2942 437//2942
f  437//2943 238//2943 236//2943
f  437//2944 236//2944 438//2944
f  438//2945 236//2945 235//2945
f  438//2946 235//2946 488//2946
f  488//2947 235//2947 246//2947
f  488//2948 246//2948 486//2948
f  486//2949 246//2949 245//2949
f  486//2950 245//2950 482//2950
f  482//2951 245//2951 244//2951
f  482//2952 244//2952 483//2952
f  483//2953 244//2953 243//2953
f  483//2954 243//2954 485//2954
f  485//2955 243//2955 206//2955
f  485//2956 206//2956 492//2956
f  492//2957 206//2957 207//2957
f  492//2958 207//2958 479//2958
f  479//2959 207//2959 205//2959
f  479//2960 205//2960 480//2960
f  480//2961 205//2961 124//2961
f  480//2962 124//2962 381//2962
f  124//2963 126//2963 381//2963
f  381//2964 126//2964 127//2964
f  381//2965 127//2965 382//2965
f  382//2966 127//2966 122//2966
f  382//2967 122//2967 385//2967
f  385//2968 122//2968 386//2968
f  386//2969 122//2969 121//2969
f  386//2970 121//2970 388//2970
f  388//2971 121//2971 119//2971
f  388//2972 119//2972 389//2972
f  389//2973 119//2973 117//2973
f  389//2974 117//2974 391//2974
f  391//2975 117//2975 116//2975
f  391//2976 116//2976 393//2976
f  393//2977 116//2977 114//2977
f  393//2978 114//2978 396//2978
f  396//2979 114//2979 113//2979
f  396//2980 113//2980 397//2980
f  397//2981 113//2981 85//2981
f  397//2982 85//2982 398//2982
f  398//2983 85//2983 86//2983
f  398//2984 86//2984 399//2984
f  399//2985 86//2985 88//2985
f  399//2986 88//2986 400//2986
f  400//2987 88//2987 87//2987
f  400//2988 87//2988 401//2988
f  260//2989 380//2989 64//2989
f  64//2990 380//2990 436//2990
f  64//2991 436//2991 72//2991
f  72//2992 436//2992 435//2992
f  72//2993 435//2993 73//2993
f  73//2994 435//2994 434//2994
f  73//2995 434//2995 71//2995
f  71//2996 434//2996 432//2996
f  71//2997 432//2997 68//2997
f  68//2998 432//2998 431//2998
f  68//2999 431//2999 69//2999
f  69//3000 431//3000 405//3000
f  69//3001 405//3001 79//3001
f  79//3002 405//3002 404//3002
f  79//3003 404//3003 78//3003
f  78//3004 404//3004 403//3004
f  78//3005 403//3005 76//3005
f  76//3006 403//3006 401//3006
f  76//3007 401//3007 80//3007
f  80//3008 401//3008 87//3008

